id	name	class	digits	verdict	K	RPN	REL_ERR	candidates	overflow	ms	agree	formula
1	conic constant	elementary	64	exact	4	TWO, EXP, NEG, DIVIDE	0.000e+00	6	0	1.3	64.0	-E^2
2	log π/648000	elementary	64	not found	7	NINE, LOG, SIN, ARCSINH, ARCSINH, SIX, SUBTRACT	4.337e-08	308	0	69.7	7.4	Log10[Pi/648000]
3	log π/10800	elementary	64	not found	7	FIVE, EXP, ARCTAN, LOG, ARCSIN, FOUR, SUBTRACT	6.951e-08	358	0	70.4	7.2	Log10[Pi/10800]
4	log e^(-2π)	elementary	64	exact	6	PI, THREE, ARCTAN, COS, LOG, DIVIDE	0.000e+00	10	0	2.6	64.0	Log10[E^(-2*Pi)]
5	(1 + 1/e)/(1/e - 1) = -coth(1/2)	elementary	64	exact	5	NEG, TWO, DIVIDE, TANH, INV	0.000e+00	2	0	0.3	63.9	(1 + 1/E)/(1/E - 1)
6	Madelung 6D square lattice constant	special	64	not found	7	FIVE, COS, ONE, TAN, POWER, ARCSINH, LOG	3.107e-08	468	0	71.2	7.5	(3*(4*DirichletBeta[5/2]*(-1 + Sqrt[2])*Zeta[1/2] - DirichletBeta[1/2]*(-1 + 4*Sqrt[2])*Zeta[5/2]))/Pi^2
7	Madelung 4D square lattice constant	special	64	not found	7	SIX, TAN, SIN, FOUR, EXP, ARCTAN, SUBTRACT	4.978e-08	3984	0	70.6	7.3	-8*(5 - 3*Sqrt[2])*Zeta[-1/2]*Zeta[1/2]
8	log π/180	elementary	64	not found	7	NEG, SIX, COSH, COS, DIVIDE, ARCSINH, TAN	1.900e-09	1303	0	71.0	8.7	Log10[Pi/180]
9	Madelung 2D square lattice constant	special	64	not found	7	NEG, GOLDENRATIO, SINH, GAMMA, ARCCOSH, ARCTAN, SUBTRACT	1.160e-08	836	0	70.5	7.9	4*DirichletBeta[1/2]*(-1 + Sqrt[2])*Zeta[1/2]
10	Bateman-Grosswald constant	special	64	not found	7	SEVEN, TANH, FOUR, COS, SUBTRACT, TAN, ARCTAN	2.167e-08	578	0	70.5	7.7	Zeta[2/3]/Zeta[2]
11	log e^(-π)	elementary	64	exact	7	ONE, ARCSIN, THREE, ARCTAN, COS, LOG, DIVIDE	0.000e+00	566	0	70.6	64.0	Log10[E^(-Pi)]
12	log 1/4π	elementary	64	not found	7	PI, GAMMA, COS, THREE, ARCSINH, LOG, DIVIDE	3.565e-08	940	0	70.5	7.4	Log10[1/(4*Pi)]
13	generalized Stirling constant	special	64	not found	7	THREE, LOG, COSH, LOG, INV, TAN, GAMMA	3.701e-08	1226	0	71.3	7.4	EulerGamma^2/4 - Pi^2/48 + StieltjesGamma[1]/2 - Log[2*Pi]^2/4
14	Neg	rational	64	exact	1	NEG	0.000e+00	1	0	0.1	64.0	-1
15	log 1/π^2	elementary	64	exact	7	PI, LOG, THREE, ARCTAN, COS, LOG, DIVIDE	2.220e-16	2442	0	71.2	64.0	Log10[1/Pi^2]
16	log 1/3π	elementary	64	not found	7	THREE, ARCTAN, SEVEN, SQRT, DIVIDE, LOG, ARCTANH	1.936e-08	1855	0	70.6	7.7	Log10[1/(3*Pi)]
17	zeta'(2)	special	64	not found	7	PI, COSH, SQR, ARCSINH, TAN, TAN, ARCSINH	2.450e-08	1721	0	70.9	7.6	Derivative[1][Zeta][2]
18	log 1/e^2	elementary	64	exact	5	THREE, ARCTAN, COS, LOG, INV	2.220e-16	1	0	0.3	64.0	Log10[1/E^2]
19	log 1/2π	elementary	64	not found	7	GOLDENRATIO, SQRT, PI, LOG, PLUS, TAN, ARCSINH	5.037e-08	1088	0	70.5	7.3	Log10[1/(2*Pi)]
20	infinite tetration of reciprocal root 2	special	64	not found	7	EULER, PI, DIVIDE, COSH, EULER, POWER, TAN	4.886e-08	818	0	70.7	7.3	(-2*ProductLog[Log[2]/2])/Log[2]
21	log e^(-π/2)	elementary	64	exact	7	ONE, ARCTAN, THREE, ARCTAN, COS, LOG, DIVIDE	0.000e+00	673	0	71.1	64.0	Log10[E^(-Pi/2)]
22	Granville-Soundararajan constant	special	64	not found	7	EIGHT, ARCSINH, GAMMA, INV, TANH, LOG, ARCSIN	5.118e-09	970	0	70.7	8.3	1 + Pi^2/3 + 4*PolyLog[2, -Sqrt[E]]
23	ln(gamma)	special	64	not found	7	EULER, SEVEN, ARCSINH, EXP, ARCCOSH, SUBTRACT, TANH	1.733e-08	661	0	71.0	7.8	Log[EulerGamma]
24	log 1/π	elementary	64	not found	7	EIGHT, SIX, TAN, SUBTRACT, LOG, COS, ARCSINH	4.350e-09	448	0	70.5	8.4	Log10[1/Pi]
25	log 1/e	elementary	64	exact	6	NEG, ONE, NINE, PLUS, LOG, DIVIDE	1.110e-16	125	0	2.7	64.0	Log10[1/E]
26	log Sqrt[1/2π]	elementary	64	not found	7	SEVEN, COS, PI, ARCTAN, SQRT, DIVIDE, LOG	1.048e-07	1104	0	70.6	7.0	Log10[Sqrt[1/(2*Pi)]]
27	ln ln two	elementary	64	exact	3	TWO, LOG, LOG	0.000e+00	1	0	0.2	64.0	Log[Log[2]]
28	log M = log e	elementary	64	not found	7	ONE, PI, TANH, ARCSINH, ARCTANH, SUBTRACT, ARCSINH	5.490e-08	377	0	70.5	7.3	Log10[Log10[E]]
29	log π/6	elementary	64	not found	7	EIGHT, COS, GOLDENRATIO, SIN, COS, ARCSINH, DIVIDE	9.124e-09	304	0	70.6	8.0	Log10[Pi/6]
31	Airy function constant	special	64	not found	7	NINE, FOUR, DIVIDE, LOG, ARCSINH, NEG, PLUS	4.172e-08	827	0	71.1	7.4	-(1/(3^(1/3)*Gamma[1/3]))
32	log Sqrt[1/π]	elementary	64	not found	7	NEG, THREE, DIVIDE, SIN, GAMMA, INV, ARCTANH	9.962e-08	363	0	70.6	7.0	Log10[Sqrt[1/Pi]]
33	log γ	special	64	not found	7	SEVEN, LOG, COSH, LOG, ARCCOSH, SINH, LOG	1.055e-08	291	0	71.1	8.0	Log10[EulerGamma]
34	log Sqrt[1/e]	elementary	64	exact	7	NEG, FIVE, TWO, TIMES, SQR, LOG, DIVIDE	1.110e-16	366	0	70.5	64.0	Log10[Sqrt[1/E]]
35	log Cbrt[3/4π]	elementary	64	not found	7	SEVEN, SQRT, GOLDENRATIO, SUBTRACT, SQR, ARCTAN, LOG	1.010e-07	209	0	70.9	7.0	Log10[CubeRoot[3/(4*Pi)]]
36	log 2/π	elementary	64	not found	7	FOUR, SEVEN, SINH, SUBTRACT, ARCTAN, EIGHT, DIVIDE	9.237e-08	289	0	70.4	7.0	Log10[2/Pi]
37	log Cbrt[1/π]	elementary	64	not found	7	SIX, LOG, SIN, ONE, TANH, PLUS, COS	6.187e-09	154	0	70.4	8.2	Log10[CubeRoot[1/Pi]]
38	log Cbrt[1/e]	elementary	64	exact	7	THREE, ARCTAN, COS, SIX, POWER, LOG, INV	0.000e+00	241	0	71.0	63.8	Log10[CubeRoot[1/E]]
39	ln(Gamma(4/3))	special	64	exact	5	THREE, LOG, SINH, GAMMA, LOG	6.661e-16	4	0	0.4	63.4	LogGamma[4/3]
40	log π/4	elementary	64	not found	7	GOLDENRATIO, SQRT, EXP, EXP, COS, SIX, DIVIDE	5.492e-08	114	0	70.9	7.3	Log10[Pi/4]
41	ln(Gamma(5/3))	special	64	exact	5	THREE, LOG, COSH, GAMMA, LOG	2.220e-16	2	0	0.5	63.9	LogGamma[5/3]
42	ln(Gamma(5/4))	special	64	exact	5	TWO, LOG, COSH, GAMMA, LOG	4.441e-16	2	0	0.4	64.0	LogGamma[5/4]
43	log Sqrt[2/π]	elementary	64	not found	7	TWO, EXP, SIX, DIVIDE, ARCSINH, ARCSINH, LOG	3.457e-08	124	0	70.5	7.5	Log10[Sqrt[2/Pi]]
44	ln(Gamma(7/4))	special	64	exact	5	SEVEN, FOUR, DIVIDE, GAMMA, LOG	0.000e+00	1	0	0.4	64.0	LogGamma[7/4]
45	Stieltjes constant	special	64	not found	7	NEG, ARCTAN, EULER, COS, ARCTAN, SUBTRACT, ARCSIN	5.708e-08	67	0	70.5	7.2	1 + EulerGamma^2 - Pi^2/8 + 2*StieltjesGamma[1]
46	Gauchman constant	special	64	not found	7	FIVE, FIVE, COS, SUBTRACT, ARCTAN, SIN, LOG	3.158e-07	45	0	70.5	6.5	ConditionalExpression[Extension`GauchmanConstant == \[FormalX], E^(\[FormalU]/2) + 2*E^\[FormalU] + E^((3*\[FormalU])/2) + E^(\[FormalU] + \[FormalV]) == E^\[FormalV] + 2*E^(\[FormalU]/2 + \[FormalV]) && 2*(1 + \[FormalX] + E^(\[FormalU]/2 - \[FormalV])) == 4/E^(\[FormalU]/2) + (-2 + \[FormalU])/E^\[FormalV] && 1 + \[FormalU] + 6*E^(\[FormalU]/2) + 4*E^\[FormalU] + 4*E^(\[FormalU]/2 + \[FormalV]) == \[FormalV] + 9*E^\[FormalV] && -1/40 < \[FormalX] < 0]
47	log 3/π	elementary	64	not found	7	GOLDENRATIO, INV, GAMMA, THREE, SUBTRACT, TAN, INV	5.706e-07	87	0	70.5	6.2	Log10[3/Pi]
48	Zero	rational	64	exact	2	ONE, LOG	0.000e+00	5	0	0.2	64.0	0
49	e^(-10pi)	elementary	64	exact	6	PI, EXP, INV, SQR, FIVE, POWER	2.220e-16	20	0	2.8	64.0	E^(-10*Pi)
50	e^(-9pi)	elementary	64	exact	5	PI, EXP, INV, NINE, POWER	4.441e-16	6	0	0.5	64.0	E^(-9*Pi)
51	'chi', a constant appearing in the asymptotic variance of the number of comparisons required for updating a digital sear	none	64	not found	7	GOLDENRATIO, FOUR, EXP, POWER, INV, PI, DIVIDE	6.759e-06	5	0	70.5	5.2	
52	e^(-8pi)	elementary	64	exact	5	PI, EXP, INV, EIGHT, POWER	2.220e-16	6	0	0.4	63.9	E^(-8*Pi)
53	e^(-7pi)	elementary	64	exact	5	PI, EXP, INV, SEVEN, POWER	2.220e-16	6	0	0.4	64.0	E^(-7*Pi)
54	e^(-6pi)	elementary	64	exact	5	PI, EXP, INV, SIX, POWER	2.220e-16	6	0	0.4	64.0	E^(-6*Pi)
55	e^(-5pi)	elementary	64	exact	5	PI, EXP, INV, FIVE, POWER	2.220e-16	6	0	0.4	63.6	E^(-5*Pi)
56	e^(-4pi)	elementary	64	exact	5	PI, EXP, INV, SQR, SQR	0.000e+00	13	0	0.4	64.0	E^(-4*Pi)
57	1 arcsecond in radians	elementary	64	not found	7	NEG, ARCTAN, GAMMA, EXP, TWO, DIVIDE, SQR	9.466e-07	24	0	71.9	6.0	Pi/648000
58	pi^-10	elementary	64	exact	5	PI, FIVE, POWER, SQR, INV	2.220e-16	7	0	0.4	63.5	Pi^(-10)
59	pi^-9	elementary	64	exact	4	PI, NINE, POWER, INV	4.441e-16	2	0	0.2	63.8	Pi^(-9)
60	e^-10	elementary	64	exact	4	FIVE, EXP, SQR, INV	0.000e+00	3	0	0.3	64.0	E^(-10)
61	e^(-3pi)	elementary	64	exact	5	PI, EXP, INV, THREE, POWER	0.000e+00	10	0	0.4	64.0	E^(-3*Pi)
62	pi^-8	elementary	64	exact	4	PI, EIGHT, POWER, INV	4.441e-16	2	0	0.3	63.5	Pi^(-8)
63	sum_{r in Z}(1/r^3) where Z is the set of all nontrivial zeros r of the Riemann zeta function	special	64	not found	7	GOLDENRATIO, FOUR, SIN, POWER, FIVE, SQR, POWER	1.886e-06	8	0	70.5	5.7	-(-7*Zeta[3]/8 + EulerGamma^3 + 3*EulerGamma*StieltjesGamma[1] + 3/2*StieltjesGamma[2] + 1)
64	e^-9	elementary	64	exact	3	NINE, EXP, INV	2.220e-16	1	0	0.1	63.4	E^(-9)
65	6th du Bois-Reymond constant	none	64	not found	7	TWO, ARCTAN, FIVE, SINH, SQRT, SUBTRACT, GAMMA	2.198e-06	11	0	70.8	5.7	
66	1 arcminute in radians	elementary	64	not found	7	PI, TANH, GAMMA, SINH, NINE, SINH, DIVIDE	8.962e-08	8	0	71.2	7.0	Pi/10800
67	pi^-7	elementary	64	exact	4	PI, SEVEN, POWER, INV	2.220e-16	2	0	0.3	64.0	Pi^(-7)
68	e^-8	elementary	64	exact	3	EIGHT, EXP, INV	0.000e+00	1	0	0.2	64.0	E^(-8)
69	zeta'(-5) (the derivative of Riemann's zeta function at -5) (negated)	special	64	not found	7	NEG, ARCTAN, THREE, SUBTRACT, GAMMA, SIX, POWER	1.617e-07	12	0	70.8	6.8	-(Zeta'[-5])
70	zeta'(-7) (the derivative of Riemann's zeta function at -7) (negated)	special	64	not found	7	EIGHT, THREE, ARCSINH, TAN, POWER, EULER, TIMES	4.614e-07	19	0	70.5	6.3	-(Zeta'[-7])
71	5th Stieltjes constant gamma_5	special	64	not found	7	FOUR, EIGHT, GAMMA, EIGHT, LOG, PLUS, DIVIDE	4.274e-07	18	0	71.1	6.4	-(-StieltjesGamma[5])
72	e^-7	elementary	64	exact	3	SEVEN, EXP, INV	0.000e+00	1	0	0.2	64.0	E^(-7)
73	pi^-6	elementary	64	exact	4	PI, SIX, POWER, INV	2.220e-16	2	0	0.2	63.5	Pi^(-6)
74	5th du Bois-Reymond constant	none	64	not found	7	FOUR, ARCTAN, COS, EULER, EXP, SQR, DIVIDE	7.687e-08	60	0	70.4	7.1	
75	Heath-Brown–Moroz constant	special	64	not found	7	GOLDENRATIO, SQR, INV, GOLDENRATIO, SQR, COSH, POWER	8.518e-07	14	0	70.9	6.1	Product[(1 - Prime[n]^(-1))^7*(1 + (1 + 7*Prime[n])/Prime[n]^2), {n, 1, Infinity}]
76	e^(-2pi)	elementary	64	exact	4	PI, EXP, INV, SQR	0.000e+00	2	0	0.3	63.8	E^(-2*Pi)
77	'mu', a Sobolev isoperimetric constant related to the "rod inequality", arising from the elasticity study of a rod that 	none	64	not found	7	FIVE, COS, EXP, ARCSINH, SEVEN, COSH, DIVIDE	3.016e-08	14	0	70.5	7.5	
78	3rd Stieltjes constant gamma_3	special	64	not found	7	FOUR, LOG, SIN, SEVEN, TIMES, SINH, INV	8.363e-07	15	0	70.4	6.1	-(-StieltjesGamma[3])
79	4th Stieltjes constant gamma_4	special	64	not found	7	GOLDENRATIO, SQR, COSH, PI, POWER, INV, ARCTANH	4.899e-06	46	0	70.3	5.3	-(-StieltjesGamma[4])
80	e^-6	elementary	64	exact	3	SIX, EXP, INV	0.000e+00	1	0	0.2	64.0	E^(-6)
82	pi^-5	elementary	64	exact	4	PI, FIVE, POWER, INV	2.220e-16	2	0	0.3	64.0	Pi^(-5)
83	16/(9*sqrt(184607))	algebraic	64	not found	7	FIVE, ARCTAN, LOG, TANH, FIVE, COSH, DIVIDE	2.845e-07	40	0	70.5	6.5	16/(9Sqrt[184607])
84	4th du Bois-Reymond constant	elementary	64	not found	7	EULER, ONE, PLUS, SQR, INV, ARCSIN, SQR	2.344e-07	78	0	71.1	6.6	(E^4 - 4E^2 - 25)/8
85	zeta'(-3) (the derivative of Riemann's zeta function at -3)	special	64	not found	7	SEVEN, TAN, SIX, DIVIDE, TAN, EULER, POWER	5.347e-08	34	0	71.7	7.3	Zeta'[-3]
86	zeta'(-6) (the derivative of Riemann's zeta function at -6) (negated)	special	64	not found	7	PI, THREE, SUBTRACT, FIVE, GAMMA, DIVIDE, TAN	5.434e-07	44	0	70.4	6.3	-(Zeta'[-6])
87	zeta''(0)+2, the coefficient of z^2 in the Laurent expansion of zeta(z) at the origin	special	64	not found	7	TWO, COSH, ARCTAN, SIX, GAMMA, TIMES, INV	1.474e-06	28	0	71.2	5.8	-(Zeta''[0]+2)
88	e^-5	elementary	64	exact	3	FIVE, EXP, INV	0.000e+00	1	0	0.2	64.0	E^(-5)
89	Wyler constant	special	64	not found	7	FOUR, TWO, COS, SUBTRACT, LOG, COS, SQR	2.829e-07	48	0	70.7	6.5	(9*(5!^(-1))^(1/4))/(16*Pi^(11/4))
90	zeta'(-4) (the derivative of Riemann's zeta function at -4)	special	64	not found	7	FIVE, COS, SIN, TAN, SIX, SQR, DIVIDE	1.048e-08	50	0	70.8	8.0	Zeta'[-4]
91	zeta'(-8) (the derivative of Riemann's zeta function at -8)	special	64	not found	7	GOLDENRATIO, LOG, SEVEN, INV, GAMMA, POWER, SINH	2.414e-07	44	0	70.4	6.6	Zeta'[-8]
92	sum of the alternating series tau(3), with tau(n) = Sum_{k>0} (-1)^k*log(k)^n/k	none	64	not found	7	THREE, NEG, TAN, POWER, ARCSINH, EULER, POWER	6.142e-08	164	0	71.3	7.2	
93	'mu', an isoperimetric constant associated with the study of a vibrating, homogeneous plate clamped at the boundary of t	none	64	not found	7	PI, SQR, SIN, INV, EXP, SQR, ARCTANH	8.853e-08	87	0	70.7	7.1	
94	2nd Stieltjes constant gamma_2 (negated)	special	64	not found	7	TWO, NEG, SINH, TANH, DIVIDE, SINH, GAMMA	2.421e-09	78	0	70.8	8.6	-StieltjesGamma[2]
95	pi^-4	elementary	64	exact	4	PI, SQR, INV, SQR	0.000e+00	5	0	0.2	63.7	Pi^(-4)
96	p_3 (so named by S. Finch), a probability related to Vallée's constant	none	64	not found	7	ONE, SIN, FOUR, SINH, DIVIDE, THREE, DIVIDE	2.229e-07	70	0	70.5	6.7	
97	16/(207*sqrt(53))	algebraic	64	not found	7	SIX, SQRT, ARCCOSH, COS, SIX, ARCCOSH, DIVIDE	1.831e-07	58	0	70.6	6.7	16/(207Sqrt[53])
98	cube tetrahedron-picking constant	elementary	64	not found	7	ONE, ARCSIN, ARCSINH, LOG, EULER, EXP, DIVIDE	2.738e-07	74	0	70.5	6.6	3977/216000 - Pi^2/2160
99	2*zeta(3)/Pi^2 - 11/18 + log(Pi)/3	special	64	not found	7	TWO, FIVE, DIVIDE, PI, POWER, FOUR, DIVIDE	4.103e-07	121	0	70.5	6.4	2Zeta[3]/Pi^2-11/18+Log[Pi]/3
100	b_3, a constant associated with the 3rd Du Bois Reymond constant	none	64	not found	7	FIVE, COS, EULER, SINH, COSH, DIVIDE, SQRT	4.696e-07	266	0	71.4	6.3	
101	tetrahedron tetrahedron-picking constant	elementary	64	not found	7	ONE, EULER, COS, COSH, ARCTAN, SQRT, SUBTRACT	2.226e-07	70	0	71.7	6.7	13/720 - Pi^2/15015
102	number of radians in one degree	elementary	64	exact	6	ONE, ARCTAN, NINE, DIVIDE, FIVE, DIVIDE	0.000e+00	17	0	2.6	64.0	Pi/180
103	sum of the alternating series tau(4), with tau(n) = Sum_{k>0} (-1)^k*log(k)^n/k	none	64	not found	7	TWO, COS, SIX, SUBTRACT, TAN, ARCSIN, SQR	3.794e-08	109	0	70.4	7.4	
104	e^-4	elementary	64	exact	3	FOUR, EXP, INV	2.220e-16	1	0	0.1	64.0	E^(-4)
105	log π/3	elementary	64	not found	7	THREE, COS, TAN, COSH, SIX, GAMMA, DIVIDE	2.106e-07	141	0	70.8	6.7	Log10[Pi/3]
106	a Shapiro-Drinfeld constant, known as Gauchman's constant, related to the difference of cyclic sums (negated)	none	64	not found	7	GOLDENRATIO, LOG, COS, SIX, DIVIDE, ARCSIN, SQR	1.050e-07	98	0	71.2	7.0	
107	lambda(1) in Li's criterion	special	64	not found	7	SEVEN, GAMMA, LOG, SQR, INV, ARCSINH, ARCTAN	2.028e-07	147	0	70.8	6.7	EulerGamma/2 + 1 - Log[4 Pi]/2
108	triple integral of ({x/y}{y/z}{z/x})^2 over the unit cube	special	64	not found	7	NEG, COS, TWO, SINH, GAMMA, SINH, DIVIDE	6.047e-07	105	0	70.4	6.2	1 - Zeta[2]/2 - Zeta[3]/2 + 7*Zeta[6]/48 + Zeta[2]*Zeta[3]/18 + Zeta[3]^2/18 + Zeta[3]*Zeta[4]/12
109	sum of the alternating series tau(5), with tau(n) = Sum_{k>0} (-1)^k*log(k)^n/k	none	64	not found	7	EIGHT, ARCTAN, SIX, SIN, TIMES, GAMMA, EXP	5.289e-07	161	0	71.0	6.3	
110	Matthews' constant C_4, an analog of Artin's constant for primitive roots	none	64	not found	7	PI, TANH, NINE, EULER, ARCCOSH, POWER, DIVIDE	1.536e-07	103	0	70.8	6.8	
111	3rd du Bois-Reymond constant	none	64	not found	7	NEG, TANH, COS, GOLDENRATIO, EXP, GAMMA, DIVIDE	3.450e-08	250	0	70.5	7.5	
112	sum of reciprocals of squares of perfect numbers	none	64	not found	7	SEVEN, INV, ARCTAN, ARCTANH, THREE, ARCSINH, POWER	6.652e-08	167	0	70.4	7.2	
113	pi^-3	elementary	64	exact	4	PI, THREE, POWER, INV	2.220e-16	2	0	0.2	63.9	Pi^(-3)
114	1/2 - log(2)/4 - G/Pi, where G = A006752	special	64	not found	7	NEG, SIN, COS, SIX, SUBTRACT, SQR, INV	1.290e-07	133	0	70.3	6.9	1/2-Log[2]/4-Catalan/Pi
115	percolation cluster density constant	algebraic	64	not found	7	TWO, TANH, ARCSIN, FOUR, PLUS, SQR, INV	2.763e-07	240	0	70.4	6.6	-41/16 + (3*Sqrt[3])/2
116	1/4 - 7*zeta(3)/(4*Pi^2)	special	64	not found	7	FOUR, ARCCOSH, TANH, GOLDENRATIO, EXP, DIVIDE, SQR	1.086e-07	146	0	70.4	7.0	1/4-7Zeta[3]/(4Pi^2)
117	a constant 'v' such that the asymptotic variance of the distribution of the longest cycle given a random n-permutation e	none	64	not found	7	TWO, SQRT, SIN, GAMMA, FOUR, SINH, DIVIDE	2.192e-07	143	0	71.2	6.7	
118	H(1/2,1), a constant appearing in the asymptotic variance of the largest component of random mappings on n symbols, expr	none	64	not found	7	SIX, ARCCOSH, THREE, DIVIDE, LOG, SINH, SQR	5.596e-08	136	0	71.5	7.3	
119	'v', a parking constant associated with the asymptotic variance of the number of cars that can be parked in a given inte	none	30	not found	7	EULER, FIVE, DIVIDE, EULER, POWER, FIVE, DIVIDE	1.177e-07	161	0	70.4	6.9	
120	Integral_{0..1/2} log(gamma(x+1)) dx (negated)	special	64	not found	7	NINE, TANH, SINH, LOG, COS, COSH, COS	9.114e-09	423	0	70.9	8.0	-(-1/2 - (7/24)*Log[2] + (1/4)*Log[Pi] + (3/2) * Log[Glaisher])
121	e^(-1pi)	elementary	64	exact	3	PI, EXP, INV	0.000e+00	1	0	0.2	64.0	E^(-1*Pi)
122	16/(9*sqrt(1609))	algebraic	64	not found	7	EULER, SIN, SIN, ARCTAN, SIN, PI, POWER	1.648e-08	165	0	71.0	7.8	16/(9Sqrt[1609])
123	pi^-e	elementary	64	exact	4	PI, EULER, POWER, INV	2.220e-16	2	0	0.2	64.0	Pi^(-E)
124	sum_{r in Z}(1/r^2) where Z is the set of all nontrivial zeros r of the Riemann zeta function	special	64	not found	7	THREE, COSH, SIN, ARCSINH, SQR, SEVEN, DIVIDE	5.494e-08	229	0	70.5	7.3	-(-Pi^2/8 + EulerGamma^2 + 2*StieltjesGamma[1] + 1)
125	Mertens constant M(4,3) arising in the formula for the sum of reciprocals of primes p == 1 (mod 4)	none	64	not found	7	NINE, TAN, TANH, GOLDENRATIO, TAN, SUBTRACT, INV	5.579e-08	160	0	71.3	7.3	
126	p_2, a probability associated with continuant polynomials	none	64	not found	7	EULER, SIN, GAMMA, ARCCOSH, LOG, SEVEN, DIVIDE	2.036e-07	433	0	70.5	6.7	
127	a constant related to the variance of the number of vertices of the largest tree associated with a random mapping on n s	none	64	not found	7	ONE, ARCSINH, TAN, SQRT, SQRT, NEG, PLUS	1.512e-07	247	0	71.0	6.8	
128	e^-3	elementary	64	exact	3	THREE, EXP, INV	0.000e+00	1	0	0.1	64.0	E^(-3)
129	Integral_{x=0..Infinity} x*cos(x)/(1+x^2)	none	64	not found	7	PI, ARCCOSH, EIGHT, DIVIDE, TANH, ARCSIN, SQR	2.409e-08	252	0	70.5	7.6	
130	ball tetrahedron-picking constant	elementary	64	not found	7	TWO, ARCCOSH, ARCSINH, FOUR, TIMES, INV, SQR	2.989e-08	225	0	70.4	7.5	(12*Pi)/715
131	(9*sqrt(65) - 55)/320	algebraic	64	not found	7	ONE, TANH, SEVEN, POWER, ARCSIN, EULER, DIVIDE	2.102e-07	184	0	70.4	6.7	(9Sqrt[65]-55)/320
132	log ln π	elementary	64	not found	7	EIGHT, COS, GOLDENRATIO, TIMES, ARCSIN, ARCTANH, SQR	2.473e-08	126	0	70.4	7.6	Log10[Log[Pi]]
133	constant A*B in the asymptotic expression of the summatory function Sum_{n=1..N} (1/phi(n)) as A(log(N)+B) + O(log(N)/N)	none	64	not found	7	NEG, ARCTAN, NINE, GAMMA, TIMES, ARCSINH, COS	2.241e-07	180	0	71.2	6.6	
134	Matthews' constant C_3, an analog of Artin's constant for primitive roots	none	64	not found	7	SEVEN, COS, EXP, ARCTAN, COS, SEVEN, DIVIDE	5.531e-08	183	0	70.8	7.3	
135	Norton constant	special	64	not found	6	EIGHT, COS, TANH, NINE, TAN, TIMES	2.294e-08	407	0	71.4	7.6	(-Pi^2 + 6*Log[2]*(-3 + 2*EulerGamma + Log[2] + 24*Log[Glaisher] - 2*Log[Pi]))/Pi^2
136	Sum_{k > 0} (-1)^k*log(k)^2/k	none	64	not found	7	EULER, SEVEN, SUBTRACT, ARCTAN, EXP, FOUR, DIVIDE	5.709e-08	405	0	70.7	7.2	
137	analog of the Gibbs-Wilbraham constant for L_1 trigonometric polynomial approximation	none	64	not found	7	GOLDENRATIO, ARCSINH, SEVEN, DIVIDE, SIN, EULER, DIVIDE	8.400e-08	175	0	70.8	7.1	
138	e^-e	elementary	64	exact	3	EULER, EXP, INV	0.000e+00	1	0	0.2	64.0	E^(-E)
139	Pythagorean triple constant for perimeters	elementary	64	exact	5	TWO, LOG, PI, SQR, DIVIDE	0.000e+00	1	0	0.3	64.0	Log[2]/Pi^2
140	(sqrt(13) - 1)/36	algebraic	64	not found	7	NINE, TANH, TANH, SQR, EIGHT, DIVIDE, TANH	5.831e-08	258	0	71.0	7.2	(Sqrt[13]-1)/36
141	1st Stieltjes constant gamma_1 (negated)	none	64	not found	7	THREE, PI, INV, LOG, DIVIDE, EXP, ARCSIN	4.339e-08	445	0	70.5	7.4	
142	probability that a random walk on an 8-d lattice returns to the origin	none	64	not found	7	SEVEN, ARCCOSH, SQR, ARCCOSH, SIX, SQR, DIVIDE	9.943e-08	287	0	71.1	7.0	
143	disk triangle-picking constant	elementary	64	not found	7	THREE, SINH, SQR, LOG, GAMMA, INV, ARCSIN	9.549e-08	187	0	70.8	7.0	35/(48*Pi^2)
144	1/4π	elementary	64	exact	4	FOUR, PI, TIMES, INV	0.000e+00	4	0	0.2	64.0	1/(4*Pi)
145	-Integral {x=1..2} log Gamma(x) dx	special	64	exact	7	ONE, PI, TWO, TIMES, SQRT, LOG, SUBTRACT	8.882e-16	441	0	70.4	64.0	-Integrate[ Log[ Gamma[ x]], {x, 1, 2}]
146	-Zeta'(-1)/2	special	64	not found	7	NINE, ARCTAN, COSH, GAMMA, COS, COSH, LOG	4.115e-09	257	0	70.4	8.4	-(1/24 - Log[Glaisher]/2)
147	solution to the Heilbronn triangle problem for seven points in a unit square	none	64	not found	7	TWO, PI, SIX, TIMES, FIVE, PLUS, DIVIDE	6.242e-08	416	0	70.5	7.2	
148	1-Catalan	special	64	not found	7	EULER, ARCSINH, TWO, PLUS, LOG, ARCSINH, LOG	6.654e-08	498	0	70.5	7.2	1 - Catalan
149	probability that a random walk on a 7-d lattice returns to the origin	none	64	not found	7	TWO, ARCCOSH, GOLDENRATIO, SIN, DIVIDE, ARCSINH, LOG	5.683e-08	285	0	70.4	7.2	
150	Erdős–Tenenbaum–Ford constant	elementary	64	not found	7	PI, TANH, SIN, SEVEN, POWER, SQR, TANH	2.555e-08	246	0	71.2	7.6	1 - (1 + Log[Log[2]])/Log[2]
151	1/2-G/Pi, the lowest limiting trough of a square wave Fourier series, where G is the Gibbs-Wilbraham constant. [negated]	none	64	not found	7	GOLDENRATIO, SQRT, LOG, SINH, EULER, DIVIDE, ARCSIN	2.653e-09	291	0	71.8	8.6	
152	integral_{0..infinity} x*log(x)*(1-eta(x)^2) dx, where the function 'eta' is a solution of the Painlevé III differential	special	64	not found	7	SIX, ARCCOSH, COS, SINH, COS, SEVEN, DIVIDE	5.074e-08	601	0	71.3	7.3	-(1/4 + (7/12)*Log[2] - 3*Log[Glaisher])
153	lambda(2) in Li's criterion	none	64	not found	7	FIVE, TAN, INV, TAN, SQR, ARCTAN, TANH	9.046e-09	248	0	71.0	8.0	
154	e^(-Pi^2/(6*log(2)))	elementary	64	not found	7	EULER, SQRT, ARCSINH, EXP, THREE, TIMES, INV	1.933e-07	538	0	70.9	6.7	E^(-Pi^2/(6Log[2]))
155	second non-alternating series of reciprocal primes constant	special	64	not found	7	NEG, COS, FIVE, EXP, ARCSINH, DIVIDE, TANH	7.521e-08	285	0	70.4	7.1	Sum[(-2 + Mod[Prime[\[FormalK]], 4])/Prime[\[FormalK]]^2, {\[FormalK], 2, Infinity}]
156	area of the convex hull of a circle of circumference 1 and a line segment of length 1/2 with midpoint at the circle cent	elementary	64	not found	7	EULER, NINE, DIVIDE, TANH, SIN, THREE, DIVIDE	3.717e-08	368	0	71.8	7.4	(Sqrt[Pi^2-4]+Pi-2ArcCos[2/Pi])/(4Pi^2)
157	log Sqrt[π/2]	elementary	64	not found	7	FOUR, ARCTAN, COS, ARCTAN, NINE, SIN, TIMES	2.624e-08	344	0	70.5	7.6	Log10[Sqrt[Pi/2]]
158	Sum_{n>=0} 1/10^(3^n), a transcendental number	none	64	not found	7	TWO, ARCCOSH, COS, SIX, ARCCOSH, DIVIDE, ARCTAN	4.555e-08	503	0	70.9	7.3	
159	pi^-2	elementary	64	exact	3	PI, SQR, INV	0.000e+00	2	0	0.2	64.0	Pi^(-2)
160	value of the Dickman function at phi + 1 = phi^2 = (3 + sqrt(5))/2 (A104457)	elementary	64	not found	7	EULER, TAN, SINH, COSH, LOG, TANH, ARCSIN	1.201e-08	324	0	70.4	7.9	1 - 2*Log[GoldenRatio] + Log[GoldenRatio]^2 - Pi^2/60
161	Quinn-Rand-Strogatz constant c2 (negated)	none	64	not found	7	NINE, SIN, INV, TAN, FOUR, SQR, POWER	1.484e-08	395	0	70.7	7.8	
162	probability that a random walk on a 6-d lattice returns to the origin	none	64	not found	7	THREE, SINH, INV, SINH, GAMMA, INV, ARCTAN	2.370e-08	317	0	70.4	7.6	
163	log 4/π	elementary	64	not found	7	SEVEN, TAN, ARCSIN, THREE, COSH, DIVIDE, SIN	2.945e-08	358	0	70.4	7.5	Log10[4/Pi]
164	1/3π	elementary	64	exact	4	THREE, PI, TIMES, INV	0.000e+00	4	0	0.2	63.4	1/(3*Pi)
165	one-ninth constant	special	64	not found	7	FIVE, INV, ARCTANH, EULER, PLUS, TANH, ARCCOS	1.276e-08	443	0	71.2	7.9	With[{\[FormalX] = Root[{-2*EllipticE[#1^2] + EllipticK[#1^2] & , 0.908908557548541478236118908745`29.9585201924082}]}, Exp[-((Pi*EllipticK[1 - \[FormalX]^2])/EllipticK[\[FormalX]^2])]]
166	Michael Trott's constant: continued fraction expansion (allowing 0's) begins in same way as decimal expansion	none	53	not found	7	TWO, TANH, COS, ARCSINH, FIVE, DIVIDE, SIN	6.993e-08	459	0	70.4	7.2	
167	Liouville's constant	special	64	not found	7	EIGHT, SQRT, TAN, SQR, GAMMA, INV, TANH	5.142e-08	463	0	70.8	7.3	Sum[10^(-n!), {n, 1, Infinity}]
168	1/sqrt(80) = sqrt(5)/20	algebraic	64	exact	4	NINE, ARCCOSH, SINH, INV	0.000e+00	5	0	0.2	63.6	1/Sqrt[80]
169	mean cluster density for bond percolation on the triangular lattice	algebraic	64	not found	7	EIGHT, NINE, DIVIDE, ARCSINH, SQRT, EIGHT, DIVIDE	1.143e-07	394	0	70.9	6.9	35/4 - 3/(2*Sin[Pi/18])
170	Kepler–Bouwkamp constant	special	64	not found	7	EULER, ARCTAN, GAMMA, EIGHT, DIVIDE, ARCSIN, TAN	2.459e-08	574	0	71.3	7.6	Product[Cos[Pi/n], {n, 3, Infinity}]
171	Given the two curves y = (1 - exp(x/2))/(exp(x) + exp(x/2)) and y = (exp(-x) - 1)/2, draw a line tangent to both. This s	none	64	not found	7	ONE, ARCSINH, TAN, TAN, INV, EXP, COS	1.161e-07	323	0	70.8	6.9	
172	C_2 (so named by S. Finch), a constant which is an analog of Niven's constant when mean of exponents is considered inste	none	64	not found	7	SEVEN, EIGHT, SQR, GOLDENRATIO, EXP, SUBTRACT, DIVIDE	9.330e-09	855	0	70.5	8.0	
173	4*Pi/105	elementary	64	exact	7	PI, SIX, LOG, SINH, DIVIDE, NINE, DIVIDE	0.000e+00	420	0	71.1	63.9	4*Pi/105
174	2/(5*sqrt(11))	algebraic	64	not found	7	EULER, SQRT, SEVEN, COSH, SQRT, ARCTAN, SUBTRACT	3.560e-08	443	0	70.8	7.4	2/(5Sqrt[11])
175	3*zeta(3)/2 + 12*log(2) - 10	special	64	not found	7	NINE, SIN, ARCTANH, FOUR, INV, GAMMA, DIVIDE	4.763e-08	444	0	71.3	7.3	3Zeta[3]/2+12Log[2]-10
176	50*Pi/1296	elementary	64	not found	7	ONE, ARCTAN, ARCSIN, SINH, PI, SUBTRACT, EXP	2.349e-08	428	0	73.8	7.6	50Pi/1296
177	sqrt(Pi^2 - 4)/(2*Pi^2)	elementary	64	exact	7	ONE, ARCSIN, ARCCOSH, SINH, PI, SQR, DIVIDE	0.000e+00	406	0	73.6	64.0	Sqrt[Pi^2-4]/(2Pi^2)
178	Champernowne constant	special	64	not found	7	NINE, TANH, NINE, PLUS, NINE, SQR, DIVIDE	5.235e-09	995	0	74.1	8.3	ChampernowneNumber[]
179	first (of 10) decimal selvage numbers	none	64	not found	7	THREE, COSH, ARCTAN, TANH, INV, NINE, DIVIDE	1.314e-07	419	0	73.3	6.9	
180	Product_{k >= 1} (k*(k+1))^(-1/(k*(k+1))), a constant related to the alternating Lüroth representations of real numbers	none	64	not found	7	PI, ARCSINH, LOG, ARCSINH, SQR, TAN, SQR	1.780e-08	422	0	73.3	7.7	
181	3*sqrt(3)/(4*Pi^2)	elementary	64	not found	7	EIGHT, ARCSINH, INV, ARCCOS, ARCSINH, LOG, SQRT	2.206e-08	428	0	70.8	7.7	3Sqrt[3]/(4Pi^2)
182	harmonic oscillator tunneling constant	special	64	not found	7	THREE, SINH, SIX, DIVIDE, GAMMA, COSH, COS	1.128e-07	1160	0	70.5	6.9	2/(3^(2/3)*Gamma[1/3]^2)
183	probability that a random walk on the 5-d simple cubic (hypercubic) lattice returns to the origin	none	64	not found	7	TWO, COSH, SEVEN, DIVIDE, FOUR, DIVIDE, TAN	3.685e-08	587	0	71.1	7.4	
184	e^-2	elementary	64	exact	3	NEG, EXP, SQR	0.000e+00	4	0	0.2	63.5	E^(-2)
185	probability that an integer 4-tuple is pairwise unitary coprime	none	64	not found	7	EIGHT, SQR, COS, TAN, THREE, DIVIDE, ARCSINH	6.513e-09	358	0	71.2	8.2	
186	Given the two curves y = (1 - exp(x/2))/(exp(x) + exp(x/2)) and y = (exp(-x) - 1)/2, draw a line tangent to both. This s	none	64	not found	7	TWO, ARCSINH, ARCTAN, INV, GAMMA, SQRT, ARCCOS	1.034e-07	645	0	70.9	7.0	
187	pi minus three	elementary	64	exact	3	THREE, SIN, ARCSIN	0.000e+00	2	0	0.2	64.0	Pi - 3
188	Pi^4/15 + Pi^2*log(2)^2/4 - log(2)^4/4 - 21*log(2)*zeta(3)/4 - 6*Li_4(1/2)	special	64	not found	7	NINE, LOG, SQRT, COS, GOLDENRATIO, TIMES, ARCSINH	3.773e-08	425	0	71.0	7.4	Pi^4/15+Pi^2Log[2]^2/4-Log[2]^4/4-21Log[2]Zeta[3]/4-6PolyLog[4,1/2]
189	log Cbrt[e]	elementary	64	exact	7	FIVE, THREE, POWER, EIGHT, TIMES, LOG, INV	0.000e+00	482	0	71.0	63.8	Log10[CubeRoot[E]]
190	Matthews' constant C_2, an analog of Artin's constant for primitive roots	none	64	not found	7	FIVE, ARCTAN, COS, FIVE, ARCSINH, GAMMA, POWER	2.070e-08	1238	0	71.8	7.7	
191	arctan(1/2)/Pi	elementary	64	exact	5	TWO, INV, ARCTAN, PI, DIVIDE	0.000e+00	2	0	0.3	63.6	ArcTan[1/2]/Pi
192	(1-C_2)/e, a constant connected with two-sided generalized Fibonacci sequences, where C_2 is the Euler-Gompertz constant	none	64	not found	7	SEVEN, COS, SQR, TAN, TAN, FIVE, DIVIDE	2.979e-10	477	0	71.5	9.5	
193	Given the two curves y = exp(-x) and y = 2/(exp(x) + exp(x/2)), draw a line tangent to both. This sequence is the decima	none	64	not found	7	PI, EULER, TIMES, LOG, ARCCOSH, NINE, DIVIDE	1.210e-09	496	0	70.4	8.9	
194	9*zeta(3)/Pi^2 - 93*zeta(5)/(2*Pi^4) - log(2) + 1/4	special	64	not found	7	FOUR, ARCSINH, ARCCOSH, ARCCOSH, TAN, SEVEN, DIVIDE	4.330e-08	413	0	70.5	7.4	9Zeta[3]/Pi^2-93Zeta[5]/(2Pi^4)-Log[2]+1/4
195	Sum_{k >= 0} 1/(4*k+3)^2	special	64	not found	7	FOUR, ARCTAN, GOLDENRATIO, POWER, COSH, COSH, INV	6.131e-09	565	0	70.4	8.2	Pi^2/16 - Catalan/2
196	Pythagorean triple constant for hypotenuses	elementary	64	exact	4	TWO, PI, TIMES, INV	0.000e+00	5	0	0.2	63.6	1/(2*Pi)
197	Sum_{k>=1} (-1)^k*log(k)/k	special	64	not found	7	SEVEN, COS, ARCSINH, COSH, SQRT, SEVEN, DIVIDE	3.686e-09	676	0	71.3	8.4	EulerGamma*Log[2] - Log[2]^2/2
198	Euler-Kronecker constant (as named by P. Moree) for hypotenuse numbers	none	64	not found	7	THREE, COS, EULER, SIN, TIMES, SQR, ARCTAN	2.957e-08	527	0	70.9	7.5	
199	log Cbrt[π]	elementary	64	not found	7	PI, SQR, PI, EXP, ARCSINH, SUBTRACT, INV	7.127e-08	472	0	70.4	7.1	Log10[CubeRoot[Pi]]
200	sixth	rational	64	exact	2	SIX, INV	0.000e+00	1	0	0.1	63.7	1/6
201	Hall-Montgomery constant	special	64	not found	7	NINE, SIN, GAMMA, NEG, ARCSIN, SINH, POWER	2.671e-08	477	0	70.4	7.6	1 + Pi^2/6 + 2*PolyLog[2, -Sqrt[E]]
202	(-2*Catalan + Pi*log(2))/2	special	64	not found	7	EIGHT, TANH, COS, PI, DIVIDE, TAN, SIN	1.577e-08	539	0	70.9	7.8	Pi*Log[2]/2 - Catalan
203	'mu', a Sobolev isoperimetric constant related to the "membrane inequality", arising from the study of a vibrating membr	none	64	not found	7	GOLDENRATIO, EULER, PLUS, TANH, TAN, NINE, DIVIDE	1.481e-08	499	0	71.2	7.8	
204	log(2)/4	elementary	64	exact	4	TWO, LOG, FOUR, DIVIDE	0.000e+00	3	0	0.2	63.8	Log[2]/4
205	probability that three positive integers are pairwise not coprime	none	64	not found	7	FIVE, SIN, COS, COS, ARCTANH, SEVEN, DIVIDE	2.544e-08	660	0	70.9	7.6	
206	H, an auxiliary constant used to evaluate some Ising-related constants on triangular and hexagonal lattices (negated)	none	64	not found	7	GOLDENRATIO, SIN, SQRT, ARCTAN, ARCTANH, SIX, DIVIDE	5.734e-08	474	0	71.0	7.2	
207	Gibbs-Wilbraham constant	special	64	not found	7	THREE, ARCTAN, GAMMA, TANH, INV, COS, SIN	5.195e-09	924	0	71.1	8.3	-1 + (2*SinIntegral[Pi])/Pi
208	pi^(-3/2)	elementary	64	exact	5	PI, THREE, POWER, SQRT, INV	0.000e+00	12	0	0.3	63.8	Pi^(-3/2)
209	Markoff number asymptotic density constant	none	64	not found	7	EULER, SINH, COS, ARCSIN, NINE, ARCTAN, POWER	1.049e-07	517	0	70.4	7.0	
210	a1, the first of two constants associated with Djokovic's conjecture on an integral inequality	none	64	not found	7	ONE, SEVEN, COS, GAMMA, INV, SUBTRACT, TAN	2.872e-08	663	0	70.9	7.5	
211	G/2 - Pi*log(2)/8, where G = A006752	special	64	not found	7	FIVE, SQRT, LOG, ARCSINH, ARCCOS, FOUR, DIVIDE	2.376e-08	519	0	70.5	7.6	Catalan/2-Pi Log[2]/8
212	Hardy-Littlewood constant C_6 = Product_{p prime > 6} 1/(1-1/p)^6 (1-6/p)	none	64	not found	7	SIX, COS, EXP, ARCTAN, LOG, TAN, TANH	7.482e-08	479	0	70.6	7.1	
213	MRB constant	special	64	not found	7	EULER, SIX, DIVIDE, TANH, INV, COSH, INV	3.166e-08	921	0	71.4	7.5	Sum[(-1)^n*(-1 + n^n^(-1)), {n, 1, Infinity}]
214	9*zeta(3)/(2*Pi^2) - log(2) + 1/3	special	64	not found	7	SEVEN, SIN, ARCSIN, TWO, COSH, DIVIDE, TANH	1.559e-08	683	0	70.7	7.8	9Zeta[3]/(2Pi^2)-Log[2]+1/3
215	entropy of folding of the triangular lattice constant	special	64	not found	7	SEVEN, SQRT, SQRT, SQRT, FOUR, PLUS, INV	1.898e-08	574	0	71.0	7.7	Log[(Gamma[1/3]^(3/2)*Sqrt[3])/(2*Pi)]
216	gamma^3	special	64	not found	7	GOLDENRATIO, COSH, COS, EIGHT, LOG, PLUS, LOG	6.793e-08	878	0	70.7	7.2	EulerGamma^3
217	1/sqrt(27)	algebraic	64	exact	4	THREE, SQRT, NINE, DIVIDE	1.110e-16	1	0	0.2	63.7	1/Sqrt[27]
218	q of the maximum of the Dedekind eta function	none	64	not found	7	FIVE, TANH, ARCSINH, THREE, PLUS, GAMMA, INV	1.793e-08	650	0	70.5	7.7	
219	probability that a random walk on a 4-d lattice returns to the origin	none	64	not found	7	NINE, TAN, ARCSINH, SQR, ARCSIN, ARCTAN, ARCTANH	1.559e-08	577	0	70.6	7.8	
220	Second du Bois-Reymond constant	elementary	64	exact	6	TWO, EXP, SEVEN, SUBTRACT, TWO, DIVIDE	4.441e-16	35	0	2.6	63.7	(-7 + E^2)/2
221	log π/2	elementary	64	not found	7	EIGHT, NINE, DIVIDE, ARCCOS, NINE, SIN, TIMES	2.624e-08	917	0	72.2	7.6	Log10[Pi/2]
222	Pi/16	none	64	exact	4	ONE, ARCSIN, EIGHT, DIVIDE	0.000e+00	3	0	0.2	64.0	
223	Vallée constant	none	24	not found	7	SEVEN, SQR, ARCSINH, PI, EXP, DIVIDE, ARCSIN	5.440e-09	1322	0	71.3	8.3	
224	Erdős-Lebensold constant	special	24	not found	7	TWO, ARCSINH, COS, SEVEN, NINE, DIVIDE, POWER	1.125e-08	972	0	70.7	7.9	Sum[1/(Prime[\[FormalK]]^\[FormalS]*Log[Prime[\[FormalK]]^\[FormalS]]), {\[FormalS], 1, Infinity}, {\[FormalK], 1, Infinity}]
225	(6/Pi^2) Sum_{p prime} 1/(p(p+1)), a Meissel-Mertens constant related to the asymptotic density of certain sequences of 	none	64	not found	7	EIGHT, COS, GOLDENRATIO, SEVEN, POWER, COS, DIVIDE	6.215e-08	558	0	71.3	7.2	
226	Given the two curves y = exp(-x) and y = 2/(exp(x) + exp(x/2)), draw a line tangent to both. This sequence is the decima	none	64	not found	7	EULER, ARCTAN, SEVEN, TIMES, SQR, ARCCOSH, INV	4.344e-08	835	0	70.7	7.4	
227	White House switchboard constant	elementary	64	not found	7	SIX, COS, EXP, COS, EXP, ARCTANH, SQR	3.061e-09	511	0	71.2	8.5	Exp[-(1 + 8^(-1 + E)^(-1))^Pi^(-1)]
228	Rumor's constant	special	64	not found	7	GOLDENRATIO, FIVE, TAN, POWER, TAN, SINH, TAN	2.985e-08	1243	0	70.7	7.5	-ProductLog[ -2/E^2]/2
229	ln(Gamma(3/4))	special	64	exact	5	TWO, LOG, SINH, GAMMA, LOG	0.000e+00	4	0	0.3	64.0	LogGamma[3/4]
230	sum of the reciprocals of the perfect numbers	none	64	not found	7	SEVEN, ARCCOSH, EXP, COS, TAN, TANH, ARCTAN	9.853e-08	739	0	70.9	7.0	
231	log Cbrt[4π/3]	elementary	64	not found	7	NINE, SIN, ARCSINH, ARCTAN, GOLDENRATIO, POWER, ARCTAN	4.522e-08	688	0	71.4	7.3	Log10[CubeRoot[4*Pi/3]]
232	lambda(3) in Li's criterion	none	64	not found	7	TWO, SIN, COSH, THREE, SUBTRACT, EXP, TANH	2.651e-08	672	0	71.0	7.6	
233	e^(-pi/2)	elementary	64	exact	3	NEG, ARCSIN, EXP	2.220e-16	1	0	0.2	63.7	E^(-Pi/2)
234	-zeta(-1/2)	special	64	not found	7	NINE, COSH, ARCTAN, ARCCOSH, ARCCOSH, TANH, TANH	2.264e-09	1390	0	70.8	8.6	-Zeta[-1/2]
235	a constant related to A000621	none	64	not found	7	FOUR, ARCSINH, SQRT, SIX, SUBTRACT, ARCTAN, COS	1.578e-08	714	0	70.6	7.8	
236	log Sqrt[e]	elementary	64	exact	6	ONE, NINE, PLUS, SQR, LOG, INV	1.110e-16	34	0	2.6	64.0	Log10[Sqrt[E]]
237	Lochs-Porter constant	special	64	not found	7	EULER, COS, ARCTANH, SINH, EXP, TWO, TIMES	2.752e-08	667	0	70.6	7.6	3/4 - (3*Log[2]*(-2 + 4*EulerGamma + 3*Log[2] - (24*Derivative[1][Zeta][2])/Pi^2))/Pi^2 - (6*Log[2]*(-1/2 + (6*Derivative[1][Zeta][2])/Pi^2))/Pi^2
238	B (negated), a constant related to Glaisher's constant A and the Gaussian unitary ensemble hypothesis	none	64	not found	7	GOLDENRATIO, LOG, ARCCOS, SQRT, ARCCOSH, LOG, COS	2.477e-08	513	0	70.6	7.6	
239	2*log(2) - 4*Catalan/Pi	special	64	not found	7	THREE, SIN, ARCTAN, INV, COS, THREE, DIVIDE	6.578e-08	767	0	72.3	7.2	2*Log[2] - 4*Catalan/Pi
240	gamma^e	special	64	not found	7	NINE, SQR, INV, ARCCOS, SEVEN, DIVIDE, ARCSIN	2.645e-08	875	0	70.9	7.6	EulerGamma^E
241	7*zeta(3)/(2*Pi^2) - log(2) + 1/2	special	64	not found	7	TWO, ARCCOSH, EXP, TAN, COSH, NEG, PLUS	1.326e-08	843	0	71.0	7.9	7Zeta[3]/(2Pi^2)-Log[2]+1/2
242	Conway-Guy constant	special	64	not found	7	EIGHT, LOG, COSH, LOG, COSH, SINH, INV	2.408e-08	628	0	71.4	7.6	ConditionalExpression[Extension`ConwayGuyConstant == Limit[\[FormalV][\[FormalN]]/2^\[FormalN], \[FormalN] -> Infinity], \[FormalV][0] == 0 && \[FormalV][1] == 1 && \[FormalV][\[FormalN]] == 2*\[FormalV][-1 + \[FormalN]] - \[FormalV][-1 + \[FormalN] - Floor[1/2 + Sqrt[2*(-1 + \[FormalN])]]]]
243	Copeland–Erdős constant	special	64	not found	7	EULER, ARCTAN, SINH, PI, ARCSINH, TAN, POWER	1.967e-08	575	0	70.6	7.7	Sum[10^(-\[FormalK] - Sum[Floor[Log[10, Prime[\[FormalJ]]]], {\[FormalJ], 1, \[FormalK]}])*Prime[\[FormalK]], {\[FormalK], 1, Infinity}]
244	Pi*(3 - gamma)/32, where gamma is Euler's constant A001620	special	64	not found	7	GOLDENRATIO, SQR, SIN, SQR, TANH, TANH, ARCSINH	4.541e-08	941	0	71.9	7.3	Pi*(3 - EulerGamma)/32
245	quadtree constant	special	64	not found	7	SEVEN, ARCCOSH, ARCSINH, SQRT, SINH, SQR, SIN	2.287e-08	724	0	73.5	7.6	228 - 26*Pi^2 + 24*Zeta[3]
246	1/sqrt(2*Pi*e), one of the Traveling Salesman constants	elementary	64	exact	7	TWO, PI, TIMES, EULER, TIMES, SQRT, INV	2.220e-16	727	0	74.2	64.0	1/Sqrt[2*Pi*E]
247	a(F_5), the maximum inradius of all triangles that lie in a regular pentagon of width 1	none	64	not found	7	FOUR, NINE, ARCSINH, COS, INV, POWER, ARCTANH	6.544e-09	638	0	74.3	8.2	
248	rayleigh kurtosis excess	elementary	64	not found	7	FIVE, EULER, POWER, SQRT, SIN, TWO, DIVIDE	3.657e-08	666	0	74.6	7.4	-(6*Pi^2 - 24*Pi + 16)/(4 - Pi)^2
250	second (of 10) decimal selvage numbers	none	64	not found	7	EIGHT, FIVE, ARCCOSH, COS, POWER, ARCSINH, SIN	5.817e-10	768	0	75.2	9.2	
251	log Sqrt[π]	elementary	64	not found	7	PI, LOG, ARCTAN, SQR, EXP, COSH, INV	1.372e-08	1007	0	75.3	7.9	Log10[Sqrt[Pi]]
252	logarithm of Glaisher's constant	special	64	not found	7	SEVEN, TANH, PI, PLUS, INV, SINH, TAN	3.208e-08	779	0	74.2	7.5	Log[Glaisher]
253	a multiplicative constant related to A006196	none	64	not found	7	FOUR, INV, GAMMA, NEG, TIMES, GAMMA, ARCTANH	3.172e-08	816	0	75.0	7.5	
254	self number density constant	special	64	not found	7	ONE, SEVEN, COS, COS, ARCTANH, ARCTAN, SUBTRACT	3.399e-08	808	0	74.6	7.5	Sum[Piecewise[{{1, SatisfiableQ[\[FormalK] == Sum[(1 + 2^\[FormalN])*\[FormalA][\[FormalK], \[FormalN]], {\[FormalN], 1, Infinity}] && ForAll[\[FormalN], Element[\[FormalN], Integers] && \[FormalN] > 0, Element[\[FormalA][\[FormalK], \[FormalN]], Integers]], {\[FormalA]}]}}, 0]/2^\[FormalK], {\[FormalK], 1, Infinity}]^2/8
255	(1/384)*Pi^4	elementary	64	exact	7	PI, SQR, EIGHT, DIVIDE, SQR, SIX, DIVIDE	2.220e-16	706	0	75.9	64.0	Pi^4/ 384
256	Flajolet-Prodinger constant 'K', a constant related to asymptotically enumerating level number sequences for binary tree	none	64	not found	7	GOLDENRATIO, COSH, TAN, COS, ARCSINH, THREE, DIVIDE	1.763e-08	686	0	73.9	7.8	
257	third (of 10) decimal selvage numbers	none	64	not found	7	ONE, SIN, EIGHT, EULER, PLUS, SQRT, DIVIDE	6.087e-09	830	0	73.7	8.2	
258	Meissel-Mertens constant	special	64	not found	7	NINE, GAMMA, COS, GAMMA, COS, ARCTAN, ARCSIN	1.975e-09	1150	0	71.4	8.7	EulerGamma + Sum[Log[1 - Prime[n]^(-1)] + Prime[n]^(-1), {n, 1, Infinity}]
259	Pi/12	none	64	exact	4	ONE, ARCSIN, SIX, DIVIDE	2.220e-16	2	0	0.2	64.0	
260	Mrs. Miniver constant	special	64	not found	7	SIX, SQRT, COS, SINH, EIGHT, POWER, ARCSINH	1.249e-07	736	0	71.8	6.9	Root[{#1 - Sin[Pi/6 - #1*Sqrt[1 - #1^2]] & , 0.264932084602776862`17.423134556719873}]
261	Ti_2(2-sqrt(3)), where Ti_2 is the inverse tangent integral function	none	64	not found	7	PI, ARCCOSH, SQRT, EULER, DIVIDE, SINH, SQR	2.310e-08	1002	0	71.5	7.6	
262	unforgeable word constant	special	64	not found	6	SIX, SEVEN, SQRT, DIVIDE, TWO, SUBTRACT	8.076e-09	714	0	70.7	8.1	Sum[(2*(-1)^(-1 + \[FormalK])*Product[2^(-1 + 2^\[FormalJ])/(-1 + 2^(-1 + 2^\[FormalJ])), {\[FormalJ], 2, \[FormalK]}])/(-1 + 2^(-1 + 2^(1 + \[FormalK]))), {\[FormalK], 1, Infinity}]
263	volume of a regular ideal hyperbolic 4-simplex	elementary	64	not found	6	EIGHT, TANH, COSH, SINH, SQR, COS	1.526e-08	1272	0	71.2	7.8	10*Pi/3*ArcSin[1/3] - Pi^2/3
265	one of the Pell-Stevenhagen constants	none	64	not found	7	PI, ARCCOSH, ARCSINH, INV, ARCSIN, SEVEN, POWER	6.089e-08	670	0	70.6	7.2	
266	1/(8*log(2)*A005597), where A005597 is the twin prime constant C_2	none	64	not found	7	ONE, TANH, THREE, EULER, TIMES, ARCCOSH, DIVIDE	2.736e-08	1022	0	72.9	7.6	
267	constant appearing in the expected number of comparisons for an unsuccessful digital tree search (negated)	none	64	not found	7	FOUR, NINE, PI, SQRT, DIVIDE, SIN, POWER	2.782e-08	917	0	76.1	7.6	
269	(6/Pi^2)*Sum_{n>=1} 1/prime(n)^2	special	64	not found	7	NEG, COS, SQRT, SINH, SIX, POWER, ARCTANH	1.171e-09	845	0	74.4	8.9	6*PrimeZetaP[2]/Pi^2
270	1/Gamma(1/4)	special	64	exact	4	FOUR, INV, GAMMA, INV	0.000e+00	1	0	0.2	64.0	1/Gamma[1/4]
271	rho_c = (5-sqrt(5))/10, the asymptotic critical density for the hard hexagon model	algebraic	64	exact	4	GOLDENRATIO, ARCTAN, COS, SQR	0.000e+00	3	0	0.2	63.8	(5 - Sqrt[5])/10
272	Bernstein's constant	none	50	not found	7	THREE, GOLDENRATIO, SUBTRACT, FIVE, INV, ARCTANH, TIMES	1.884e-10	1035	0	73.3	9.7	
273	Series-parallel networks constant	none	22	not found	7	SEVEN, COS, FOUR, SUBTRACT, EXP, EXP, ARCCOSH	4.712e-08	958	0	73.3	7.3	
274	log 6/π	elementary	64	not found	7	ONE, TANH, INV, SQRT, ARCTAN, EIGHT, POWER	3.044e-08	720	0	72.9	7.5	Log10[6/Pi]
275	((5 - 2*sqrt(2))*Pi)/24	elementary	64	not found	7	EIGHT, EIGHT, POWER, TAN, EXP, ARCTAN, ARCSIN	1.325e-08	789	0	70.7	7.9	((5-2*Sqrt[2])*Pi)/24
276	Mertens constant M(3,2) arising in the formula for the sum of reciprocals of primes p == 2 (mod 3)	none	64	not found	7	PI, COSH, LOG, SIN, TANH, SIN, SQR	3.691e-08	1262	0	71.5	7.4	
277	Mertens constant M(4,1) arising in the formula for the sum of reciprocals of primes p == 1 (mod 4) (negated)	none	64	not found	7	TWO, COSH, SQRT, NINE, COS, SUBTRACT, SIN	3.584e-08	676	0	72.0	7.4	
278	strongly carefree constant	special	64	not found	7	ONE, TANH, ARCSINH, GAMMA, TANH, THREE, DIVIDE	7.505e-09	892	0	72.2	8.1	Product[1 - (-2 + 3*Prime[\[FormalK]])/Prime[\[FormalK]]^3, {\[FormalK], 1, Infinity}]
279	digital search tree Q constant	special	64	not found	7	FIVE, ARCCOSH, THREE, TIMES, LOG, TANH, ARCCOS	2.201e-08	797	0	71.0	7.7	QPochhammer[1/2, 1/2]
280	Sum_{k>=0} (k!/(k+2)!)^2	elementary	64	exact	6	PI, SQR, THREE, DIVIDE, THREE, SUBTRACT	2.220e-16	20	0	2.6	63.9	Pi^2/3 - 3
281	domino tiling constant	special	64	not found	7	NINE, SIN, SQRT, SQRT, ARCTAN, PI, POWER	8.939e-08	714	0	71.0	7.0	Catalan/Pi
282	d_0, the constant term in the asymptotic expansion of the average number of registers needed to evaluate a binary tree	none	64	not found	7	EULER, SIN, SIX, PI, DIVIDE, SQRT, POWER	3.118e-08	853	0	70.7	7.5	
283	(1/105)*Pi^3	elementary	64	not found	7	TWO, ARCSINH, SIX, LOG, PLUS, ARCTAN, COS	8.860e-09	865	0	70.6	8.1	Pi^3/105
284	Pythagorean triple second-order constant for areas	special	64	not found	7	EIGHT, INV, ARCTANH, EULER, SIN, SINH, DIVIDE	8.342e-09	2154	0	70.8	8.1	-(((1 + 2^(-1/3))*Zeta[1/3])/((1 + 2^(-2/3))*Zeta[4/3]))
285	a constant that appears in flux/diffusion problems with trapping surfaces	special	64	not found	7	FIVE, LOG, GAMMA, ARCTAN, SIX, SQRT, DIVIDE	8.845e-08	1507	0	71.6	7.1	-1/Pi * Integrate[Log[(6/x^2) * (1 - Sin[x]/x)]/x^2, {x, 0, Infinity}]
286	Wadsworth constant	rational	64	exact	5	THREE, INV, THREE, PLUS, INV	0.000e+00	30	0	0.3	64.0	3/10
287	Sum_{m,n >= 1} (-1)^(m + n)/(m*n*(m + n))	none	64	not found	7	GOLDENRATIO, ARCSINH, FOUR, ARCSINH, COSH, DIVIDE, SIN	7.182e-09	5766	0	72.5	8.1	
288	log10(2)	elementary	64	exact	7	TWO, LOG, SEVEN, THREE, PLUS, LOG, DIVIDE	2.220e-16	960	0	71.8	64.0	Log[10, 2]
289	ln(Gamma(2/3))	special	64	exact	5	TWO, THREE, DIVIDE, GAMMA, LOG	2.220e-16	7	0	0.3	63.9	LogGamma[2/3]
290	coefficient c appearing in the asymptotic evaluation of the number of prime additive compositions of n as c*(1/xi)^n, wh	none	64	not found	7	SEVEN, TANH, SQR, SINH, ARCCOSH, SIN, SQR	5.113e-08	1015	0	70.7	7.3	
291	Gauss-Kuzmin-Wirsing constant	special	64	not found	7	FIVE, ARCSINH, SQRT, PI, SQRT, PLUS, INV	1.345e-08	1178	0	71.1	7.9	Inactive[Limit][Inactive[Part][SortBy[N][Abs[Eigenvalues[Inactive[Table][((-1)^\[FormalJ]*Inactive[Sum][(-2)^\[FormalI]*Binomial[\[FormalK], \[FormalI]]*Pochhammer[2 + \[FormalI], \[FormalJ]]*(-2^(2 + \[FormalI] + \[FormalJ]) + (-1 + 2^(2 + \[FormalI] + \[FormalJ]))*Zeta[2 + \[FormalI] + \[FormalJ]]), {\[FormalI], 0, \[FormalK]}])/((-2)^\[FormalK]*\[FormalJ]!), {\[FormalJ], 0, -1 + \[FormalN]}, {\[FormalK], 0, -1 + \[FormalN]}]]]], -2], \[FormalN] -> Infinity]
292	3/pi^2	elementary	64	exact	4	THREE, PI, SQR, DIVIDE	0.000e+00	1	0	0.2	64.0	3/Pi^2
293	radius of convergence of the generating function of A000625 (alcohol stereoisomers enumeration)	none	64	not found	7	EIGHT, SIN, PI, LOG, TANH, COS, SUBTRACT	1.427e-08	2380	0	70.7	7.8	
294	1 - log(2)	elementary	64	exact	4	ONE, TWO, LOG, SUBTRACT	0.000e+00	2	0	0.2	64.0	1-Log[2]
295	Hardy-Littlewood constant Product_{p prime >= 5} (1-(6*p^2-4*p+1)/(p-1)^4)	none	64	not found	7	GOLDENRATIO, COSH, SQR, TAN, SIN, TWO, DIVIDE	2.144e-08	1341	0	71.3	7.7	
296	coefficient c_v in c_v*log(N), the asymptotic variance of the number of factors in a random factorization of n <= N	none	64	not found	7	TWO, COS, COSH, COS, GAMMA, COSH, TAN	2.648e-08	1037	0	71.0	7.6	
297	Littlewood-Salem-Izumi constant	special	64	not found	7	SEVEN, SQRT, TANH, EXP, NINE, DIVIDE, ARCTANH	6.239e-09	772	0	72.2	8.2	Root[{HypergeometricPFQ[{1/2 - #1/2}, {1/2, 3/2 - #1/2}, (-(1/16))*(9*Pi^2)] & , 0.3084437795619860030341969509860000000000000000000000000001`29.489176016177844}]
298	sin(Pi/10) (angle of 18 degrees)	algebraic	64	exact	4	TWO, GOLDENRATIO, TIMES, INV	2.220e-16	5	0	0.2	63.8	Sin[18 Degree]
299	-(8*(EulerGamma - log(2)))/3	special	64	not found	7	PI, ARCSINH, SIN, SIN, SEVEN, SQRT, DIVIDE	3.237e-08	1143	0	70.9	7.5	-(8*(EulerGamma - Log[2]))/3
300	Zolotarev-Schur constant	special	64	not found	7	THREE, ARCTAN, COS, ARCTAN, ARCTANH, SINH, TANH	6.839e-10	1870	0	71.1	9.2	With[{\[FormalX] = Root[{EllipticE[#1^2]^3 - 3*EllipticE[#1^2]^2*EllipticK[#1^2] + EllipticK[#1^2]*(-1 - EllipticK[#1^2]^2 + #1^2) + EllipticE[#1^2]*(1 + 3*EllipticK[#1^2]^2 + #1^2) & , 0.9155020553896763963055240364016622896543129422884607667501`30.102999566398122}]}, (1 - EllipticE[\[FormalX]^2]/EllipticK[\[FormalX]^2])^2/\[FormalX]^2]
301	k_3 = 3/(2*Pi*m_3), a constant associated with the asymptotic expansion of the probability that a three-dimensional rand	none	64	not found	7	GOLDENRATIO, EIGHT, THREE, DIVIDE, ARCCOSH, EXP, DIVIDE	3.722e-09	912	0	70.7	8.4	
302	(negated) constant in the expansion of the prime zeta function about s = 1	none	64	not found	7	NINE, SIN, SQR, COSH, GAMMA, PI, DIVIDE	3.852e-09	1145	0	70.7	8.4	
303	Atkinson-Negro-Santoro constant	special	64	not found	7	THREE, COSH, ARCSINH, NINE, DIVIDE, TANH, ARCSINH	5.733e-08	875	0	70.7	7.2	ConditionalExpression[Extension`AtkinsonNegroSantoroConstant == Limit[\[FormalU][\[FormalN]]/2^\[FormalN], \[FormalN] -> Infinity], \[FormalU][0] == 0 && \[FormalU][1] == 1 && \[FormalU][\[FormalN]] == 2*\[FormalU][-1 + \[FormalN]] - \[FormalU][-1 + \[FormalN] - Floor[1 + (-1 + \[FormalN])/2]]]
304	real part of the solution of z = log z	special	64	not found	7	TWO, SIN, ARCTANH, SIN, SQRT, PI, DIVIDE	1.283e-08	1379	0	70.7	7.9	Re[-ProductLog[-1]]
305	Kalmar composition constant	special	64	not found	7	PI, LOG, EIGHT, GOLDENRATIO, TIMES, SQRT, DIVIDE	1.263e-08	1287	0	71.5	7.9	ConditionalExpression[Extension`KalmarCompositionConstant == -(1/(\[FormalRho]*Derivative[1][Zeta][\[FormalRho]])), \[FormalRho] == Root[{-2 + Zeta[#1] & , 1.7286472389981836181351030103`29.237706376855613}]]
306	reciprocal of π	elementary	64	exact	2	PI, INV	0.000e+00	1	0	0.1	64.0	Pi^(-1)
307	a constant related to a certain Sobolev isoperimetric inequality	none	64	not found	7	EIGHT, THREE, COSH, COS, ARCTANH, POWER, SQRT	6.909e-09	1136	0	72.5	8.2	
308	eta/xi = A086318/A086317, a coefficient associated with the asymptotics of the number of weakly binary trees	none	64	not found	7	PI, GAMMA, GOLDENRATIO, EXP, TIMES, ARCCOSH, INV	8.936e-09	885	0	70.7	8.0	
309	Feller-Tornier product constant	special	64	not found	7	PI, ARCTAN, ARCSINH, SQRT, SQRT, PI, DIVIDE	1.224e-08	2225	0	71.2	7.9	Product[1 - 2/Prime[\[FormalK]]^2, {\[FormalK], 1, Infinity}]
310	second Kneser-Mahler polynomial constant	special	64	not found	7	TWO, ARCCOSH, GOLDENRATIO, ARCCOSH, TIMES, LOG, ARCTAN	1.189e-08	915	0	70.7	7.9	(9 - PolyGamma[1, 2/3] + PolyGamma[1, 4/3])/(4*Pi*Sqrt[3])
311	1/(4*K), a constant related to the asymptotic evaluation of the number of positive integers all of whose prime factors a	none	64	not found	7	GOLDENRATIO, LOG, SQRT, ARCSIN, COSH, FOUR, DIVIDE	1.304e-08	957	0	71.2	7.9	
312	infinite product of (j/Pi)*sin(Pi/j), for j >= 2, a constant similar to the Kepler-Bouwkamp constant	none	64	not found	7	THREE, EXP, TAN, INV, TANH, ARCTAN, ARCSIN	1.583e-08	989	0	71.2	7.8	
313	constant that appears in the asymptotic formula for average order of an infinitary analog of Euler's phi function (A0917	none	64	not found	7	PI, ARCTAN, SINH, TWO, SQRT, PLUS, INV	1.472e-08	1154	0	70.9	7.8	
314	Given the two curves y = (1 + exp(x))/2 and y = (1 + exp(x))/(1 + exp(x/2)), draw a line tangent to both. This sequence 	none	64	not found	7	TWO, SINH, TAN, LOG, TANH, SQR, ARCTANH	1.814e-08	915	0	71.2	7.7	
315	9099999999923/27500000000000	rational	64	not found	7	SIX, SIN, ARCCOS, ARCSINH, LOG, SINH, ARCSIN	2.648e-08	1745	0	71.7	7.6	9099999999923/27500000000000
316	euler sqr	special	64	not found	7	SEVEN, TAN, ARCSIN, ARCCOSH, SIN, ARCSINH, ARCSIN	5.591e-08	1291	0	70.7	7.3	EulerGamma^2
317	log(A085851)	none	64	not found	7	GOLDENRATIO, TWO, SIN, TAN, SUBTRACT, TAN, TANH	2.016e-09	1233	0	70.7	8.7	
318	third	rational	64	exact	2	THREE, INV	0.000e+00	1	0	0.1	64.0	1/3
319	Sum_{k>=2} c(k)/prime(k), where c(k) = -1 if p == 1 (mod 4) and c(k) = +1 if p == 3 (mod 4)	none	64	not found	7	SEVEN, ARCCOSH, ARCCOSH, SINH, SEVEN, DIVIDE, ARCTAN	4.089e-08	1032	0	70.7	7.4	
320	radius of convergence of g.f. for unlabeled trees (A000055)	none	64	not found	7	EIGHT, TANH, SINH, GAMMA, SINH, PI, DIVIDE	4.601e-09	1389	0	71.5	8.3	
321	probability that a random walk on a 3-D lattice returns to the origin	special	64	not found	7	TWO, ARCTAN, SQR, TANH, SIX, POWER, TANH	1.781e-08	836	0	70.7	7.7	1 - (16*Sqrt[2/3]*Pi^3) / (Gamma[1/24]*Gamma[5/24]*Gamma[7/24]*Gamma[11/24])
322	2*sin(Pi/18)	algebraic	64	exact	7	ONE, ARCSIN, NINE, DIVIDE, SIN, TWO, TIMES	1.110e-16	741	0	71.6	64.0	2Sin[Pi/18]
323	sqrt(5^(1/3)-4^(1/3))	algebraic	64	not found	7	FIVE, SINH, ARCCOSH, SIN, EXP, TANH, TANH	1.473e-09	1297	0	71.9	8.8	Sqrt[Surd[5, 3] - Surd[4, 3]]
324	meander connective constant	special	64	not found	7	SEVEN, GOLDENRATIO, LOG, ARCTAN, SUBTRACT, ARCTAN, LOG	2.670e-08	1035	0	71.1	7.6	Product[1 - 2^(-2^\[FormalK]), {\[FormalK], 0, Infinity}]
325	lim_{N->infinity} (1/N^2 Sum_{n=1..N} K(n)), where K(n) is the squarefree kernel of n	none	64	not found	7	GOLDENRATIO, TANH, SQR, TANH, ARCTAN, SQR, ARCTAN	3.326e-08	1023	0	70.7	7.5	
326	a coefficient associated with the asymptotics of the variance of the distance between a vertex and the root of a random 	none	64	not found	7	EIGHT, COS, TWO, COS, ARCSIN, DIVIDE, ARCTANH	4.679e-11	1384	0	71.2	10.3	
327	Hafner–Sarnak–McCurley constant	none	64	not found	7	EIGHT, INV, COS, TWO, LOG, SIN, SUBTRACT	5.396e-08	1138	0	71.5	7.3	
328	radius of convergence of the generating function of A000598, the number of rooted ternary trees of n vertices	none	64	not found	7	FIVE, SQRT, COS, COS, TWO, PLUS, INV	1.787e-08	1209	0	71.1	7.7	
330	imaginary part of the infinite power tower of i	special	64	not found	7	NEG, TAN, EULER, PLUS, ARCSINH, ARCSIN, LOG	1.244e-08	1050	0	70.7	7.9	Im[-ProductLog[-Log[I]]/Log[I]]
331	log 1/M = ln 10	elementary	64	not found	7	SEVEN, SIN, THREE, SQRT, TIMES, PI, DIVIDE	1.954e-08	1115	0	70.7	7.7	Log10[Log[10]]
332	equilateral triangle line-picking constant	elementary	64	not found	7	NINE, SIN, FIVE, ARCTAN, SUBTRACT, EXP, TANH	1.271e-09	1185	0	71.7	8.9	(4 + 3*Log[3])/20
333	(3*sqrt(6) - 7)*Pi/3	elementary	64	not found	7	NINE, LOG, ARCSINH, ARCSINH, SQR, LOG, ARCTAN	2.009e-08	1380	0	70.8	7.7	(3Sqrt[6]-7)Pi/3
334	standard Gumbel distribution median	elementary	64	exact	4	TWO, LOG, INV, LOG	1.110e-16	2	0	0.2	64.0	-Log[Log[2]]
335	constant that appears in the asymptotic formula for average order of the number of  infinitary divisors function (A03744	none	64	not found	7	ONE, ARCTAN, GAMMA, ARCTAN, PI, TIMES, INV	5.917e-09	1115	0	70.8	8.2	
336	reciprocal of e	elementary	64	exact	2	NEG, EXP	0.000e+00	2	0	0.3	64.0	E^(-1)
337	Hardy-Littlewood constant C_7 = Product_{p prime > 7} 1/(1-1/p)^7 (1-7/p)	none	64	not found	7	PI, SQR, COS, GAMMA, ARCTAN, SIN, EXP	1.666e-08	2048	0	72.0	7.8	
338	fourth (of 10) decimal selvage number	none	64	not found	7	FIVE, INV, TANH, NINE, SIN, PLUS, SQR	1.399e-08	1229	0	71.7	7.9	
339	constant c appearing in the expected number of pair of twin vacancies in a digital tree	none	64	not found	7	EULER, TAN, ARCTAN, GAMMA, COS, SINH, EXP	3.334e-08	1531	0	72.2	7.5	
340	variance of the maximum of a size 8 sample from a normal (0,1) distribution	none	64	not found	7	GOLDENRATIO, ARCTAN, INV, TANH, SEVEN, POWER, SQRT	3.377e-08	1483	0	71.6	7.5	
341	(1/144)*3^(1/2)*Pi^3	elementary	64	not found	7	FIVE, THREE, SINH, SQR, LOG, SUBTRACT, ARCTAN	1.703e-09	1569	0	72.5	8.8	Sqrt[3]*Pi^3/144
342	1/Gamma(1/3)	special	64	exact	4	THREE, INV, GAMMA, INV	0.000e+00	1	0	0.4	64.0	1/Gamma[1/3]
343	first positive solution to exp(1-1/x)/x = 1/2, a binary search tree constant	special	64	not found	7	GOLDENRATIO, TANH, FIVE, COS, SQRT, SUBTRACT, ARCTAN	2.821e-08	1601	0	71.3	7.5	-1/ProductLog[-1, -1/(2*E)]
344	Artin's constant	special	64	not found	7	THREE, PI, TIMES, ARCTAN, ARCCOSH, SINH, ARCCOSH	1.773e-09	996	0	71.7	8.8	Product[1 - 1/((-1 + Prime[n])*Prime[n]), {n, 1, Infinity}]
345	64/169, the upper bound (as given by S. Finch) of the 2-dimensional simultaneous Diophantine approximation constant	none	64	exact	6	EIGHT, NINE, FOUR, PLUS, DIVIDE, SQR	2.220e-16	51	0	3.2	64.0	
346	upper bound of the 6-dimensional simultaneous Diophantine approximation constant	none	64	not found	7	SIX, SIN, COS, SIN, FIVE, POWER, SINH	1.532e-08	1694	0	71.3	7.8	
347	expected distance from a randomly selected point in the unit square to its center: (sqrt(2) + log(1 + sqrt(2)))/6	elementary	64	exact	7	ONE, ARCSINH, TWO, SQRT, PLUS, SIX, DIVIDE	0.000e+00	1849	0	71.5	64.0	(Sqrt[2] + Log[1 + Sqrt[2]])/6
348	Given the two curves y = (1 + exp(x))/2 and y = (1 + exp(x))/(1 + exp(x/2)), draw a line tangent to both. This sequence 	none	64	not found	7	SEVEN, TAN, COSH, COS, ARCTANH, SQRT, TANH	1.363e-08	1442	0	71.2	7.9	
349	upper bound of the 5-dimensional simultaneous Diophantine approximation constant	elementary	64	not found	7	NEG, COSH, COS, EXP, ARCSINH, ARCTANH, LOG	1.513e-08	1188	0	71.1	7.8	3/(208 + 72*Pi - 96*Sqrt[2]*Pi)
350	variance of the maximum of a size 7 sample from a normal (0,1) distribution	none	64	not found	7	FOUR, THREE, EIGHT, TANH, POWER, POWER, COS	1.062e-08	1994	0	71.3	8.0	
351	1 - 6/pi^2	elementary	64	exact	6	ONE, SIX, PI, SQR, DIVIDE, SUBTRACT	0.000e+00	48	0	3.0	64.0	1 - 6/Pi^2
352	Pi/8	none	64	exact	3	PI, EIGHT, DIVIDE	0.000e+00	1	0	0.4	64.0	
353	A(rectangles), an analog of Moser's worm constant, which is associated with the class of rectangular regions of the plan	none	64	not found	7	EULER, ARCTAN, THREE, DIVIDE, TANH, TAN, SIN	1.288e-08	1493	0	72.1	7.9	
354	radius of convergence of the generating function for the enumeration of rooted identity trees (A004111)	none	50	not found	7	TWO, EXP, SIX, PLUS, NINE, DIVIDE, LOG	2.514e-08	1578	0	71.8	7.6	
355	Pi*G - 33*zeta(3)/16, where G = A006752	special	64	not found	7	FOUR, THREE, SINH, DIVIDE, TANH, SINH, SINH	2.928e-08	1941	0	71.2	7.5	Pi Catalan-33Zeta[3]/16
356	one div root two pi	elementary	64	exact	5	PI, TWO, TIMES, SQRT, INV	0.000e+00	13	0	0.7	64.0	1/Sqrt[2*Pi]
357	log Sqrt[2π]	elementary	64	not found	7	SEVEN, GOLDENRATIO, COS, POWER, ARCCOS, ARCSINH, SIN	3.192e-08	2290	0	72.3	7.5	Log10[Sqrt[2*Pi]]
358	'lambda', a Somos quadratic recurrence constant mentioned by Steven Finch	none	64	not found	7	GOLDENRATIO, NINE, ARCSINH, GAMMA, POWER, SIX, DIVIDE	1.735e-08	992	0	72.5	7.8	
359	Feigenbaum's constant 0.399535	none	64	not found	7	SEVEN, TAN, SQR, ARCTAN, SQR, ARCSINH, ARCSINH	4.658e-09	1139	0	71.2	8.3	
360	Li_3(2 - phi)	special	64	not found	7	EIGHT, ARCTAN, GOLDENRATIO, PLUS, EULER, COSH, DIVIDE	9.267e-09	1286	0	71.6	8.0	PolyLog[3,2-GoldenRatio]
361	radius of convergence of Wedderburn-Etherington numbers g.f	none	64	not found	7	FIVE, THREE, INV, LOG, TAN, GAMMA, DIVIDE	1.260e-08	1285	0	72.1	7.9	
362	'mu', a percolation constant associated with the asymptotic threshold for 3-dimensional bootstrap percolation	none	64	not found	7	TWO, SIX, SQR, COS, POWER, ARCCOS, ARCSINH	5.991e-09	1434	0	72.6	8.2	
363	log(A085850)	none	41	not found	7	TWO, SIX, GAMMA, ARCTAN, TANH, SUBTRACT, ARCCOSH	2.189e-08	1344	0	71.2	7.7	
364	m_2 = (2-1/e)/4, one of Renyi's parking constants, the mean car density in case "monomer with nearest neighbor exclusion	elementary	64	exact	6	TWO, NEG, EXP, SUBTRACT, FOUR, DIVIDE	0.000e+00	44	0	3.1	64.0	(2 - 1/E)/4
365	upper bound of the 4-dimensional simultaneous Diophantine approximation constant	elementary	64	not found	7	FOUR, ARCCOSH, ARCCOSH, ARCTAN, PI, GAMMA, DIVIDE	3.728e-08	1613	0	71.5	7.4	27/(4*(8*Sqrt[3]*Pi - 27))
366	Euler-Kronecker constant (as named by P. Moree) for non-hypotenuse numbers	none	64	not found	7	TWO, PI, POWER, TANH, SIN, SQRT, ARCCOS	5.913e-09	5651	0	71.9	8.2	
367	lower bound of the Berry-Esseen constant	elementary	64	not found	7	EIGHT, LOG, SEVEN, TAN, ARCCOS, EXP, SUBTRACT	9.859e-09	1061	0	71.2	8.0	(3 + Sqrt[10])/(6*Sqrt[2*Pi])
368	Hardy-Littlewood constant C_5 = Product_{p prime > 5} 1/(1-1/p)^5 (1-5/p)	none	64	not found	7	FIVE, ARCTAN, SQRT, SIN, ARCCOS, ARCSINH, TAN	1.302e-09	1377	0	71.2	8.9	
369	sqrt(2)*(sqrt(6) - 1)/5	algebraic	64	exact	6	SIX, SQRT, TWO, SUBTRACT, ARCSINH, TANH	2.220e-16	123	0	3.1	64.0	Sqrt[2](Sqrt[6]-1)/5
370	Prouhet–Thue–Morse constant	special	64	not found	6	THREE, TANH, SIX, ARCCOSH, DIVIDE, SINH	3.135e-09	1545	0	72.0	8.5	(2 - Product[(-1 + 2^2^\[FormalK])/2^2^\[FormalK], {\[FormalK], 0, Infinity}])/4
371	1/(eta*P'(eta)), a constant related to the asymptotic evaluation of the number of prime multiplicative compositions, whe	none	30	not found	6	FOUR, SIN, ARCCOS, ARCTAN, SQRT, ARCCOSH	5.930e-09	1252	0	71.2	8.2	
372	sqrt(2) - 1	algebraic	64	exact	3	NEG, ARCSINH, EXP	0.000e+00	1	0	0.3	64.0	Sqrt[2] - 1
373	isosceles triangle line-picking constant	elementary	64	not found	7	NINE, LOG, LOG, TAN, GOLDENRATIO, SINH, DIVIDE	1.421e-08	1270	0	71.6	7.8	(2 + 4*Sqrt[2] + ArcSinh[1]*(4 + Sqrt[2]))/30
374	Prime constant	special	64	not found	7	THREE, NEG, SIN, DIVIDE, TANH, ARCSINH, EXP	1.671e-08	1197	0	71.2	7.8	Sum[2^(-Prime[n]), {n, 1, Infinity}]
375	variance of the maximum of a size 6 sample from a normal (0,1) distribution	none	64	not found	7	SEVEN, FIVE, SIN, POWER, SINH, SQRT, TAN	9.779e-09	1581	0	72.5	8.0	
376	volume of the Meissner Body	elementary	64	not found	7	FIVE, EXP, THREE, SUBTRACT, ARCCOSH, INV, SQRT	2.139e-08	1164	0	71.5	7.7	(2/3 - Sqrt[3]/4 * ArcCos[1/3])* Pi
377	Minkowski-Bower constant	special	64	not found	7	PI, TANH, SQRT, TANH, GOLDENRATIO, PLUS, INV	3.162e-10	3965	0	71.5	9.5	Inactive[Root][{#1 - MinkowskiQuestionMark[#1] & , 0.420372339423223075640993`23.623634131640042}]
378	Schlüter ten disk constant	algebraic	64	not found	7	NEG, SINH, TAN, EIGHT, SQRT, PLUS, ARCSINH	3.461e-09	1236	0	72.0	8.5	Root[819200 - 14172160*\[FormalX] + 114038784*\[FormalX]^2 - 563649536*\[FormalX]^3 + 1899131648*\[FormalX]^4 - 4564076288*\[FormalX]^5 + 7918461504*\[FormalX]^6 - 9722063488*\[FormalX]^7 + 7803109440*\[FormalX]^8 - 2960321792*\[FormalX]^9 - 1038261808*\[FormalX]^10 + 1526909568*\[FormalX]^11 + 227573920*\[FormalX]^12 - 1398966480*\[FormalX]^13 + 1145811528*\[FormalX]^14 - 462103584*\[FormalX]^15 + 98015844*\[FormalX]^16 - 11436428*\[FormalX]^17 + 1180129*\[FormalX]^18, \[FormalX], 1]
379	logarithmic capacity of the unit equilateral triangle	none	64	not found	7	FIVE, LOG, GOLDENRATIO, SQRT, DIVIDE, THREE, DIVIDE	2.239e-08	1325	0	71.7	7.6	
380	c_1, a constant associated with the computation of the maximal modulus of an algebraic integer	none	64	not found	7	ONE, SINH, TANH, NINE, POWER, ARCSINH, SQRT	4.740e-09	1493	0	71.2	8.3	
381	Reuleaux tetrahedron volume	elementary	64	not found	7	TWO, SINH, SEVEN, SUBTRACT, COS, ARCSINH, EXP	1.683e-09	1341	0	71.5	8.8	(8*Pi)/3 - (27*ArcCos[1/3])/4 + Sqrt[2]/4
382	1 - gamma, where gamma is Euler's constant (or the Euler-Mascheroni constant)	special	64	not found	7	NINE, SIN, GAMMA, ARCCOSH, SIN, COSH, LOG	1.303e-08	1131	0	71.1	7.9	1 - EulerGamma
383	pi^(-3/4)	elementary	64	exact	5	PI, SQRT, SQRT, PI, DIVIDE	2.220e-16	1	0	0.6	64.0	Pi^(-3/4)
384	Dawson's integral at the inflection point	none	64	not found	7	GOLDENRATIO, SQR, FIVE, COS, SIN, SUBTRACT, INV	1.096e-08	1804	0	71.3	8.0	
385	(2/3)*x where x is the real solution of the equation x^2 + 2*sqrt(1 - x^2) = 2*x*(x + arccos(x))	none	64	not found	7	GOLDENRATIO, COS, SINH, TWO, TIMES, EXP, ARCCOS	1.202e-08	1566	0	71.2	7.9	
386	gamma', the analog of Euler's constant when 1/x is replaced by 1/(x*log(x))	none	64	not found	7	SEVEN, TAN, COS, SINH, FIVE, LOG, DIVIDE	8.431e-09	1479	0	72.1	8.1	
387	carefree constant	special	64	not found	7	ONE, ARCTAN, ARCSINH, EIGHT, ARCCOSH, POWER, TAN	3.013e-08	1924	0	71.7	7.5	Product[1 - (-1 + 2*Prime[\[FormalK]])/Prime[\[FormalK]]^3, {\[FormalK], 1, Infinity}]
388	'lambda', a Young-Fejér-Jackson constant linked to the positivity of certain sine sums	none	64	not found	7	EIGHT, ARCTAN, INV, ARCSIN, THREE, POWER, SIN	1.571e-11	1574	0	71.3	10.8	
389	2*arccsch(2)/sqrt(5)	none	64	exact	6	TWO, ARCSINH, TANH, GOLDENRATIO, LOG, TIMES	0.000e+00	28	0	3.0	64.0	
390	m = (1-1/e^2)/2, one of Renyi's parking constants	elementary	64	exact	4	ONE, SINH, EULER, DIVIDE	0.000e+00	1	0	0.5	64.0	(1 - 1/E^2)/2
391	Bloch constant lower limit	algebraic	64	not found	6	FIVE, LOG, COS, COS, COSH, LOG	8.242e-09	1279	0	71.3	8.1	1/5000 + Sqrt[3]/4
392	common logarithm of e	elementary	64	exact	5	FIVE, FIVE, PLUS, LOG, INV	1.110e-16	15	0	0.6	64.0	Log10[E]
393	asymptotic probability of success in the full-information secretary problem with uniform distribution when the number of	none	64	not found	7	SEVEN, LOG, ARCCOSH, TANH, GAMMA, COS, ARCSINH	1.735e-09	1352	0	72.5	8.8	
394	a constant related to the [dimensionless] electrical capacitance of the ring torus without hole (with unit circle radius	none	64	not found	7	SIX, SQRT, SIN, SINH, GOLDENRATIO, DIVIDE, ARCSIN	1.102e-08	1735	0	71.8	8.0	
395	1/(2*(Pi-2)), the upper bound of the 3-dimensional simultaneous Diophantine approximation constant	elementary	64	exact	4	FOUR, COS, ARCCOS, INV	1.110e-16	1	0	0.5	64.0	1/(2*(Pi - 2))
397	real part of the infinite power tower of i	special	64	not found	7	THREE, COS, SINH, THREE, COS, ARCTANH, DIVIDE	2.922e-09	1390	0	71.5	8.5	Re[-ProductLog[-Log[I]]/Log[I]]
398	breadth of the "caliper", the broadest worm of unit length	none	64	not found	7	SEVEN, TAN, COS, SQR, TANH, TAN, TAN	6.908e-09	1545	0	71.5	8.2	
399	Otter's asymptotic constant beta for the number of rooted trees	none	64	not found	7	GOLDENRATIO, GAMMA, THREE, TWO, TANH, SUBTRACT, DIVIDE	5.305e-09	1514	0	72.1	8.3	
400	Ising constant	elementary	64	exact	4	SEVEN, ARCSINH, SIX, DIVIDE	0.000e+00	4	0	0.5	64.0	Log[1 + Sqrt[2]]/2
401	1/log(2)-1, the mean value of a random variable following the Gauss-Kuzmin distribution	elementary	64	exact	5	TWO, LOG, INV, NEG, PLUS	0.000e+00	7	0	0.6	64.0	1/Log[2] - 1
403	1D Diophantine approximation constant	algebraic	64	exact	3	FIVE, SQRT, INV	0.000e+00	4	0	0.3	64.0	Sqrt[5]^(-1)
404	variance of the maximum of a size 5 sample from a normal (0,1) distribution	special	64	not found	7	TWO, EULER, GAMMA, SQRT, POWER, INV, ARCTANH	2.360e-09	1393	0	71.3	8.6	1 - 25/Pi + 150*ArcCsc[Sqrt[3]]/Pi^2 + 5*Sqrt[3]*ArcSec[2*Sqrt[2/3]]/Pi^2 - 225*ArcCsc[Sqrt[3]]^2/Pi^3
405	7*sqrt(3)/27	algebraic	64	exact	6	SEVEN, THREE, FIVE, POWER, SQRT, DIVIDE	0.000e+00	45	0	3.0	64.0	7Sqrt[3]/27
406	asymptotic probability of success in the full information version of the secretary problem	none	64	not found	7	FOUR, ARCTAN, SQR, ARCSINH, GAMMA, ARCSIN, COS	2.850e-09	1380	0	71.6	8.5	
407	2^(1/2)/pi	elementary	64	exact	4	TWO, SQRT, PI, DIVIDE	2.220e-16	1	0	0.5	64.0	2^(1/2)/Pi
408	log(Pi/2)	elementary	64	exact	3	ONE, ARCSIN, LOG	1.110e-16	1	0	0.3	64.0	Log[Pi/2]
409	prime zeta function at 2: Sum_{p prime} 1/p^2	special	64	not found	7	GOLDENRATIO, COS, PI, LOG, PLUS, ARCCOSH, SINH	2.279e-08	2235	0	71.3	7.6	PrimeZetaP[2]
410	Product_{n>1} (1-1/n)^(1/n)	none	64	not found	7	EIGHT, ARCCOSH, GAMMA, LOG, SINH, TANH, ARCSINH	6.199e-10	1348	0	71.2	9.2	
411	e^(-pi/4)	elementary	64	exact	3	NEG, ARCTAN, EXP	0.000e+00	1	0	0.4	64.0	E^(-Pi/4)
412	c^c^c^...  where c is the constant defined in A037077	none	64	not found	7	FIVE, SEVEN, LOG, SQRT, SUBTRACT, TAN, TANH	2.150e-08	1279	0	71.7	7.7	
413	Machin Gregory series constant	elementary	64	exact	3	TWO, INV, ARCTAN	0.000e+00	1	0	0.3	64.0	ArcTan[1/2]
414	6*K/Pi^2, a constant related to the asymptotic evaluation of the number of positive squarefree integers of the form a^2 	none	64	not found	7	NEG, ARCSINH, TAN, SEVEN, ARCTAN, PLUS, SQRT	2.435e-10	1406	0	71.6	9.6	
415	(1/30)*2^(1/2)*Pi^2	elementary	64	not found	7	EIGHT, SIN, GAMMA, ARCTAN, COSH, GAMMA, ARCCOS	1.042e-08	1400	0	71.2	8.0	(Sqrt[2] Pi^2)/30
416	'etaHat', a constant used in the asymptotic evaluation of e.g.f. coefficients for the number of labeled mobiles	none	64	not found	6	SIX, SQRT, GAMMA, ARCCOSH, ARCSINH, SQR	5.317e-09	1312	0	71.2	8.3	
417	pi^(-2/3)	elementary	64	exact	6	PI, THREE, INV, POWER, PI, DIVIDE	0.000e+00	71	0	3.1	64.0	Pi^(-2/3)
418	Bloch constant upper limit	special	64	not found	7	TWO, ARCSINH, SEVEN, LOG, ARCCOSH, POWER, LOG	3.724e-09	1389	0	71.3	8.4	(Sqrt[(-1 + Sqrt[3])/2]*Gamma[1/3]*Gamma[11/12])/Gamma[1/4]
419	Weierstrass constant	special	64	not found	7	NEG, NINE, DIVIDE, ARCSINH, ARCTANH, INV, TAN	3.360e-09	1394	0	72.6	8.5	(2*2^(1/4)*E^(Pi/8)*Sqrt[Pi])/Gamma[1/4]^2
420	Plouffe's b-constant	none	64	not found	7	FIVE, EXP, ARCSINH, SQR, COS, TANH, SIN	4.459e-10	1270	0	71.6	9.4	
421	common logarithm of 3	elementary	64	exact	7	THREE, LOG, SEVEN, THREE, PLUS, LOG, DIVIDE	0.000e+00	1611	0	71.8	64.0	Log10[3]
422	quadtree leaf proportion constant	elementary	64	not found	7	GOLDENRATIO, SQR, TAN, SIN, ARCCOS, GAMMA, COS	2.951e-08	1398	0	71.6	7.5	-39 + 4*Pi^2
423	(6*sqrt(3) + 12*log(2+sqrt(3)) - Pi)/48	elementary	64	not found	7	GOLDENRATIO, SINH, NEG, ARCSIN, SINH, COSH, DIVIDE	3.167e-08	1235	0	71.4	7.5	(6Sqrt[3]+12Log[2+Sqrt[3]]-Pi)/48
424	(ln 2)^2	elementary	64	exact	3	TWO, LOG, SQR	1.110e-16	1	0	0.3	64.0	Log[2]^2
425	2*zeta(3)/5	special	64	not found	7	ONE, ARCSINH, ARCSINH, SQRT, EULER, SIN, SUBTRACT	1.908e-08	1481	0	71.4	7.7	2*Zeta[3]/5
426	logarithm of golden ratio	elementary	64	exact	2	GOLDENRATIO, LOG	0.000e+00	1	0	0.2	64.0	Log[GoldenRatio]
427	Trott's third constant	none	64	not found	7	FIVE, COSH, COS, SQRT, ARCTAN, ARCTAN, ARCSINH	2.339e-09	1305	0	71.6	8.6	
428	a constant related to the expected number of vertices of the largest tree associated with a random mapping on n symbols	none	64	not found	7	TWO, SIN, SIX, TIMES, SQRT, COSH, COS	1.073e-08	1317	0	71.2	8.0	
429	2*K/Pi, a constant related to the asymptotic evaluation of the number of positive integers all of whose prime factors ar	none	64	not found	7	TWO, INV, ARCSIN, SQR, COSH, COS, SIN	2.955e-09	1844	0	71.7	8.5	
430	Gaussian twin prime constant	special	64	not found	7	THREE, COS, SQR, SINH, ARCCOSH, ARCSINH, SIN	9.535e-09	1533	0	70.7	8.0	(Pi^2*Product[Piecewise[{{((1 - 4/Prime[\[FormalK]])*(1 + Prime[\[FormalK]])^2)/(-1 + Prime[\[FormalK]])^2, Mod[Prime[\[FormalK]], 4] == 1}}, 1], {\[FormalK], 1, Infinity}])/8
431	3/(8*K), a constant related to the asymptotic evaluation of the number of positive integers that can be expressed as the	none	64	not found	7	PI, SIX, COS, DIVIDE, GAMMA, SQR, SIN	6.210e-09	2472	0	71.2	8.2	
432	variance of the maximum of a size 4 sample from a normal (0,1) distribution	special	64	not found	7	TWO, ARCTAN, SIN, ARCTAN, FOUR, SUBTRACT, GAMMA	6.301e-09	1331	0	70.7	8.2	1 + Sqrt[3]/Pi - 36*ArcSec[Sqrt[3]]^2/Pi^3
433	Shapiro-Drinfeld cyclic sum constant	special	64	not found	7	SIX, GAMMA, EIGHT, COS, TAN, ARCSIN, POWER	2.955e-09	1605	0	70.7	8.5	ConditionalExpression[Extension`ShapiroDrinfeldCyclicSumConstant == \[FormalY]/2, \[FormalY] + \[FormalY]*E^(\[FormalX]/2) == (2 + \[FormalX])/E^(\[FormalX]/2) + \[FormalX]/(1 + E^(\[FormalX]/2)) && \[FormalX] + (1 + 2*E^(\[FormalX]/2))^(-1) == Log[(4*E^\[FormalX]*Cosh[\[FormalX]/4]^2)/(1 + 2*E^(\[FormalX]/2))] && -3/2 < \[FormalX] < -1/2 && 1/2 < \[FormalY] < 1]
434	fifth (of 10) decimal selvage number	none	64	false positive	6	SEVEN, ARCTAN, SIN, ARCTAN, SIN, SQR	0.000e+00	294	0	2.7	19.6	
435	1-gamma-gamma(1), a constant related to the asymptotic expansion of j(n), the counting function of "jagged" numbers, whe	special	64	not found	7	EIGHT, GAMMA, TAN, TAN, GAMMA, SQR, SIN	8.291e-10	1707	0	71.1	9.0	1 - EulerGamma - StieltjesGamma[1]
436	common logarithm of π	elementary	64	exact	7	PI, LOG, NINE, ONE, PLUS, LOG, DIVIDE	1.110e-16	1532	0	71.6	64.0	Log10[Pi]
437	Half	rational	64	exact	2	TWO, INV	0.000e+00	1	0	0.1	64.0	1/2
438	birthday problem constant	rational	64	not found	6	PI, SQRT, ARCCOSH, SQR, EULER, DIVIDE	1.873e-08	2032	0	71.3	7.7	38093904702297390785243708291056390518886454060947061/75091883268515350125426207425223147563269805908203125
439	A245781*Pi/2	none	64	not found	7	TWO, LOG, ARCSIN, FIVE, POWER, ARCSIN, SQRT	3.762e-09	1585	0	71.1	8.4	
440	sqrt(2 - sqrt(3)), edge length of a regular dodecagon with circumradius 1	none	64	exact	5	NEG, ARCTAN, SIN, ARCSINH, EXP	0.000e+00	10	0	0.3	64.0	
441	a constant related to the asymptotic expansion of the smallest Lebesgue constant corresponding to an optimal interpolati	special	64	not found	7	GOLDENRATIO, INV, ARCSINH, ARCCOS, TANH, SQR, ARCSINH	1.569e-08	1758	0	70.8	7.8	2/Pi*(2*Log[2] - Log[Pi] + EulerGamma)
442	square line-picking constant	elementary	64	not found	7	SIX, TAN, COSH, TANH, SQR, ARCTAN, ARCSINH	5.490e-09	2105	0	71.6	8.3	(2 + 5*Log[1 + Sqrt[2]] + Sqrt[2])/15
443	sixth pi	elementary	64	exact	3	TWO, INV, ARCSIN	0.000e+00	2	0	0.2	64.0	Pi/6
444	Upper limit of backward value of 5^n	none	64	not found	7	FOUR, SIN, PI, DIVIDE, ARCCOS, INV, ARCSINH	1.541e-09	1553	0	70.7	8.8	
445	Mrs. Miniver's constant	none	64	not found	7	EULER, SQRT, TANH, TANH, ARCTAN, TANH, SIN	3.383e-09	2696	0	71.2	8.5	
446	Pythagorean triple constant for areas	special	64	not found	7	GOLDENRATIO, COSH, FIVE, SIN, TANH, POWER, TAN	2.819e-08	1810	0	71.0	7.5	Gamma[1/4]^2/Sqrt[2*Pi^5]
447	Otter's asymptotic constant beta for the number of unrooted trees	none	64	not found	7	SEVEN, TAN, INV, LOG, ARCTAN, EXP, ARCCOSH	9.503e-09	1617	0	71.3	8.0	
448	Product_{p odd prime} 1-2/(p*(p-1)), a constant related to Artin's conjecture in the context of quadratic fields	none	64	not found	7	EULER, ARCTAN, ARCCOSH, ONE, ARCTAN, TIMES, ARCSIN	5.953e-09	1860	0	71.1	8.2	
449	2*(2 - sqrt(3))	algebraic	64	exact	5	THREE, SQRT, NEG, PLUS, SQR	2.220e-16	5	0	0.3	64.0	2(2-Sqrt[3])
450	Li_3(1/2)	special	64	not found	7	THREE, TAN, SQR, COSH, COS, SIN, SINH	7.802e-09	1717	0	70.8	8.1	PolyLog[3, 1/2]
451	'c', one of Polya's Random Walk constants, related to the asymptotics of the number of 3-D random walks starting from an	none	64	not found	7	SEVEN, SIN, EXP, SQR, ARCTAN, SINH, LOG	7.942e-10	2003	0	70.8	9.1	
452	Ioachimescu constant	special	64	not found	7	ONE, SINH, GOLDENRATIO, SUBTRACT, ARCCOS, INV, ARCTANH	5.072e-09	3561	0	70.9	8.3	2 + Zeta[1/2]
453	cos one	elementary	64	exact	2	NEG, COS	0.000e+00	2	0	0.1	64.0	Cos[1]
454	value of the maximum of Dawson's integral D_+(x)	none	64	not found	7	FIVE, COS, ARCCOS, INV, ARCTANH, TAN, LOG	2.651e-13	2455	0	70.8	12.6	
455	Landau constant upper limit	special	64	not found	7	ONE, TANH, NEG, COS, ARCSIN, POWER, ARCCOS	2.321e-08	2217	0	72.7	7.6	(Gamma[1/3]*Gamma[5/6])/Gamma[1/6]
456	Pi^2/18	elementary	64	exact	6	ONE, ARCSIN, NINE, DIVIDE, PI, TIMES	0.000e+00	110	0	2.7	64.0	Pi^2/18
457	-ln gamma	special	64	not found	7	GOLDENRATIO, SIN, TANH, SQRT, TANH, ARCTAN, ARCTAN	4.022e-09	2488	0	70.8	8.4	-Log[EulerGamma]
458	coefficient c_m in c_m*log(N), the asymptotic mean number of factors in a random factorization of n <= N	none	64	not found	7	PI, GAMMA, SIX, DIVIDE, SIN, LOG, COS	7.788e-10	1690	0	71.1	9.1	
459	probability that an integer triple is pairwise unitary coprime	none	64	not found	7	NEG, COSH, INV, LOG, NEG, ARCTAN, DIVIDE	5.361e-09	1931	0	70.8	8.3	
460	Kuijlaars-Saff constant	special	64	not found	7	SIX, SEVEN, DIVIDE, COS, ARCTAN, ARCTAN, ARCSIN	1.034e-08	1688	0	71.1	8.0	-1/2*(3^(3/4)*Zeta[1/2]*(Zeta[1/2, 1/3] - Zeta[1/2, 2/3]))/Sqrt[2*Pi]
461	smallest disk radius for which six equal disks can cover the unit disk	none	64	not found	7	ONE, EULER, SUBTRACT, INV, ARCTANH, ARCTAN, EXP	7.613e-09	2235	0	71.0	8.1	
462	1-9/(4*Pi)+sqrt(3)/(2*Pi), an extreme value constant	elementary	64	not found	7	SIX, INV, SQR, GAMMA, COS, EXP, SINH	4.115e-09	2751	0	71.2	8.4	1 - 9/(4*Pi) + Sqrt[3]/(2*Pi)
463	value of the Buchstab function at phi + 2 = (5 + sqrt(5))/2 (A296184)	elementary	64	not found	7	SEVEN, FIVE, DIVIDE, EXP, COS, ARCSINH, EXP	2.984e-09	2083	0	71.6	8.5	(1 + 2*Log[GoldenRatio] + Log[GoldenRatio]^2 - Pi^2/60)/(GoldenRatio + 2)
464	reciprocal exponential of Euler γ	special	64	not found	7	EULER, SEVEN, TIMES, GOLDENRATIO, PLUS, SIN, COS	5.516e-09	1846	0	70.8	8.3	E^(-EulerGamma)
465	one div root pi	elementary	64	exact	3	PI, SQRT, INV	0.000e+00	2	0	0.2	64.0	1/Sqrt[Pi]
466	Omega constant	special	64	not found	7	FIVE, GOLDENRATIO, LOG, SIN, SUBTRACT, EIGHT, DIVIDE	9.293e-09	2276	0	71.2	8.0	ProductLog[1]
467	infinite tetration of i absolute value	special	64	not found	7	SIX, FOUR, TANH, DIVIDE, SQRT, SIN, ARCTAN	7.526e-09	2729	0	70.9	8.1	Limit[Abs[Nest[I^#1 & , I, \[FormalN]]], \[FormalN] -> Infinity]
468	B, a constant appearing in an asymptotic formula related to the exponential divisor function sigma^(e)	none	64	not found	7	NINE, INV, EXP, GAMMA, ARCCOS, ARCTAN, SQRT	5.585e-09	1866	0	70.8	8.3	
469	(PolyGamma(1,(1+sqrt(5))/4)-PolyGamma(1,(3+sqrt(5))/4))/2	special	64	not found	7	EIGHT, FIVE, EXP, DIVIDE, EXP, TAN, LOG	1.238e-08	1757	0	70.7	7.9	(PolyGamma[1,(1+Sqrt[5])/4]-PolyGamma[1,(3+Sqrt[5])/4])/2
470	weakly carefree constant	special	64	not found	7	SIX, TWO, TAN, NEG, PLUS, INV, POWER	3.072e-08	1904	0	70.8	7.5	2*Product[1 - (-1 + 2*Prime[\[FormalK]])/Prime[\[FormalK]]^3, {\[FormalK], 1, Infinity}] - Product[1 - (-2 + 3*Prime[\[FormalK]])/Prime[\[FormalK]]^3, {\[FormalK], 1, Infinity}]
471	Product_{p prime > 2} 1-1/(p^2-3p+3), a constant related to I. M. Vinogradov's proof of the "ternary" Goldbach conjectur	none	64	not found	7	THREE, ARCTAN, NEG, ARCTAN, EXP, SQRT, SUBTRACT	5.455e-09	2148	0	72.8	8.3	
472	eta_A, a constant associated with the asymptotics of the enumeration of labeled acyclic digraphs	none	64	not found	7	SEVEN, ARCCOSH, SEVEN, TIMES, COS, SQR, ARCCOS	4.093e-09	2489	0	70.9	8.4	
473	Stephens' constant	special	64	not found	7	TWO, ARCTAN, THREE, TANH, DIVIDE, ARCTAN, ARCCOS	2.940e-08	2935	0	71.3	7.5	Product[1 - Prime[n]/(-1 + Prime[n]^3), {n, 1, Infinity}]
474	a constant related to the asymptotics of A005169	none	64	not found	7	EULER, FOUR, DIVIDE, PI, ARCTAN, POWER, SIN	1.303e-09	2533	0	70.9	8.9	
475	Euler gamma	special	64	not found	7	SIX, COS, TWO, TANH, SINH, POWER, COS	9.214e-09	1848	0	70.7	8.0	EulerGamma
476	3^(-1/2)	algebraic	64	exact	3	THREE, INV, SQRT	0.000e+00	2	0	0.2	64.0	3^(-1/2)
477	Pi/(2e)	none	64	exact	4	ONE, ARCSIN, EULER, DIVIDE	0.000e+00	1	0	0.2	64.0	
478	k3, a Diophantine approximation constant such that the conjectured volume of the "critical parallelepiped" is 2^3*k3 (th	algebraic	64	not found	7	GOLDENRATIO, EXP, COSH, SIN, SIN, ARCTAN, ARCTAN	8.561e-09	1914	0	71.5	8.1	8/7*Cos[2*Pi/7]*Cos[Pi/7]^2
479	asymptotic probability of success in one of the Secretary problems	none	64	not found	7	SIX, LOG, ARCTAN, TANH, ONE, PLUS, LOG	6.243e-09	1833	0	71.1	8.2	
480	Pell constant	special	64	not found	7	FOUR, COSH, ARCSINH, GOLDENRATIO, SQR, COSH, DIVIDE	7.329e-09	2969	0	71.5	8.1	1 - QPochhammer[1/2, 1/4]
481	gamma_3, a lattice sum constant, analog of Euler's constant for 3-dimensional lattices	none	64	not found	7	PI, ARCCOSH, SIX, TAN, PLUS, INV, ARCTAN	8.221e-09	1995	0	71.2	8.1	
482	-zeta(1/2)/sqrt(2*Pi)	special	64	not found	7	NEG, ARCTAN, SQR, TANH, LOG, ARCTAN, EXP	3.267e-09	2760	0	70.9	8.5	-Zeta[1/2]/Sqrt[2*Pi]
483	first Kneser-Mahler polynomial constant	special	64	not found	7	FIVE, ARCCOSH, ARCTAN, COS, ARCTAN, SQRT, ARCSINH	3.984e-09	2021	0	70.8	8.4	(2*Catalan)/Pi
484	Logarithmic capacity of the unit disk	special	64	not found	7	NINE, ARCCOSH, COS, TANH, COS, TANH, ARCSINH	5.817e-09	1615	0	70.7	8.2	Gamma[1/4]^2/(4*Pi^(3/2))
485	Lehmer constant	special	64	not found	7	SEVEN, LOG, LOG, GAMMA, INV, ARCSIN, ARCCOS	1.389e-08	3755	0	70.9	7.9	ConditionalExpression[Extension`LehmerConstant == Cot[Sum[(-1)^\[FormalK]*ArcCot[Subscript[\[FormalC], \[FormalK]]], {\[FormalK], 0, Infinity}]], Subscript[\[FormalC], 0] == 0 && Subscript[\[FormalC], \[FormalK]] == 1 + Subscript[\[FormalC], -1 + \[FormalK]] + Subscript[\[FormalC], -1 + \[FormalK]]^2]
487	Gompertz constant	special	64	not found	7	NINE, TANH, SIX, SQRT, SQRT, DIVIDE, SIN	2.630e-09	2764	0	71.6	8.6	-(E*ExpIntegralEi[-1])
489	Champernowne base-3 constant	special	64	not found	7	THREE, ARCTAN, TANH, ARCSINH, TAN, GOLDENRATIO, DIVIDE	6.534e-09	2218	0	71.4	8.2	ChampernowneNumber[3]
490	second lemniscate constant	special	64	not found	7	SEVEN, TANH, SIN, EXP, SIN, SQR, ARCTANH	2.239e-09	2023	0	71.2	8.6	Gamma[3/4]^2/Sqrt[2*Pi]
491	sqrt(13)/6	algebraic	64	exact	5	SIX, SEVEN, DIVIDE, ARCCOS, TAN	2.220e-16	4	0	0.3	64.0	Sqrt[13] / 6
492	log10(4)	elementary	64	exact	7	TWO, LOG, THREE, ARCSINH, COSH, LOG, DIVIDE	2.220e-16	2270	0	70.8	64.0	Log[10, 4]
493	G(1/2) where G is the Barnes G-function	special	64	not found	7	ONE, SIN, THREE, ARCSINH, ARCCOSH, DIVIDE, TANH	8.882e-10	3469	0	70.9	9.1	BarnesG[1/2]
494	sum_{n>=1} 1/(n binomial(2n, n))	elementary	64	exact	6	THREE, SQRT, NINE, DIVIDE, PI, TIMES	0.000e+00	313	0	2.7	64.0	Pi/(3*Sqrt[3])
495	QRS constant	special	64	not found	7	SIX, GOLDENRATIO, SIN, TANH, LOG, ARCTANH, POWER	8.109e-09	2430	0	70.8	8.1	Root[{Zeta[1/2, #1/2] & , 0.605443657196732749478922842447`29.782073733759695}]
496	exp minus half	elementary	64	exact	3	EULER, SQRT, INV	0.000e+00	3	0	0.2	64.0	Exp[-1/2]
497	6/Pi^2	elementary	64	exact	4	SIX, PI, SQR, DIVIDE	0.000e+00	1	0	0.2	64.0	6/Pi^2
498	Sum{p prime>=2} log(p)/(p^2-p+1)	none	64	not found	6	TWO, PI, FOUR, SUBTRACT, COSH, SUBTRACT	1.225e-09	2252	0	71.6	8.9	
499	Neville five disk constant	algebraic	64	not found	7	FOUR, ARCCOSH, SIN, FIVE, SQR, ARCSINH, POWER	8.220e-09	3693	0	71.5	8.1	Root[625 - 800*\[FormalX] + 22*\[FormalX]^2 - 1776*\[FormalX]^3 + 1665*\[FormalX]^4 + 1360*\[FormalX]^5 - 3480*\[FormalX]^6 + 2112*\[FormalX]^7 + 1296*\[FormalX]^8, \[FormalX], 3]
500	strongly triple-free set constant	none	28	not found	7	GOLDENRATIO, COSH, SIN, TANH, TAN, SQRT, ARCTAN	4.695e-09	2410	0	70.8	8.3	
501	best lower bound for the Steiner ratio rho_3, the least upper bound on the ratio of the length of the Steiner minimal tr	none	64	not found	7	FOUR, COS, INV, TANH, GOLDENRATIO, PLUS, ARCTAN	5.128e-09	2237	0	71.2	8.3	
502	(1/16)*Pi^2	special	64	exact	3	NEG, ARCTAN, SQR	0.000e+00	2	0	0.1	64.0	Gamma[3/2]^4
503	-1/(e^2 Ei(-1)), an increasing rooted tree enumeration constant associated with the Euler-Gompertz constant, where Ei is	special	64	not found	7	GOLDENRATIO, COSH, LOG, GAMMA, EULER, ARCCOSH, DIVIDE	6.543e-09	2511	0	70.8	8.2	-1/(E^2*ExpIntegralEi[-1])
504	Lenz-Ising constant	elementary	64	not found	7	FIVE, COS, SQR, ARCTANH, COSH, ARCTAN, SQR	5.069e-09	3023	0	70.9	8.3	1 + Pi/4 + Log[(Log[1 + Sqrt[2]]*Sqrt[2])/4]
505	Cbrt[3/4π]	elementary	64	not found	7	EULER, ARCCOSH, THREE, INV, COS, POWER, INV	6.024e-09	2753	0	70.9	8.2	CubeRoot[3/(4*Pi)]
506	1/(theta*P'(theta)), a constant appearing in the asymptotic evaluation of the coefficients q_n in 1/(1+P(x)), where P(x)	none	64	not found	7	GOLDENRATIO, LOG, GAMMA, LOG, COS, SQR, SIN	5.087e-09	2652	0	71.7	8.3	
507	'kappa', an asymptotic enumeration constant related to unit interval graphs	none	64	not found	7	EULER, TAN, ARCSIN, EXP, GAMMA, ARCCOSH, COS	1.139e-08	2240	0	71.4	7.9	
508	Golomb–Dickman constant	special	64	not found	7	GOLDENRATIO, GAMMA, EULER, THREE, SINH, DIVIDE, SUBTRACT	6.796e-09	2432	0	72.0	8.2	Integrate[E^LogIntegral[\[FormalX]], {\[FormalX], 0, 1}]
509	constant in Kac's formula	none	64	not found	7	THREE, PI, COSH, DIVIDE, GAMMA, SQRT, LOG	5.984e-09	2388	0	70.8	8.2	
510	'lambda', a constant such that exp(lambda*Pi) is the best-known upper bound (as given by Julian Gevirtz) of the John con	none	64	not found	7	PI, INV, TANH, SIX, SIN, SUBTRACT, ARCSIN	8.905e-09	2932	0	71.3	8.1	
511	Davison-Shallit constant	special	64	not found	7	THREE, EXP, ARCTAN, TANH, SIX, SIN, PLUS	8.528e-09	2118	0	70.8	8.1	ConditionalExpression[Extension`DavisonShallitConstant == Sum[(-1)^\[FormalK]/(Subscript[\[FormalQ], \[FormalK]]*Subscript[\[FormalQ], 1 + \[FormalK]]), {\[FormalK], 0, Infinity}], Subscript[\[FormalQ], 0] == 1 && Subscript[\[FormalQ], 1] == 1 && Subscript[\[FormalQ], \[FormalK]] == Subscript[\[FormalQ], -2 + \[FormalK]]*(1 + Subscript[\[FormalQ], -1 + \[FormalK]])]
512	rayleigh skewness	elementary	64	not found	7	FOUR, TANH, ARCCOS, ARCSINH, ARCCOS, GAMMA, COS	3.382e-10	3004	0	70.9	9.5	2*Sqrt[Pi]*(Pi - 3)/(4 - Pi)^(3/2)
513	1 - 1/e	elementary	64	exact	4	ONE, NEG, EXP, SUBTRACT	0.000e+00	2	0	0.2	64.0	1 - 1/E
514	Hardy-Littlewood constant Product_{p prime >= 5} (1-(3*p-1)/(p-1)^3)	none	64	not found	7	EULER, GAMMA, SQRT, SIN, SQRT, COS, ARCTANH	2.903e-09	2501	0	71.5	8.5	
515	Buffon constant	elementary	64	exact	3	ONE, ARCSIN, INV	0.000e+00	2	0	0.2	64.0	2/Pi
516	(2^(1/3)-1)^(1/3)	algebraic	64	not found	7	PI, TANH, SQRT, PI, DIVIDE, SQRT, ARCTANH	7.954e-10	2829	0	71.7	9.1	Power[Power[2, (3)^-1] - 1, (3)^-1]
517	an analog of the Landau-Ramanujan constant for Loeschian numbers	none	64	not found	7	EIGHT, TANH, SQR, SIN, GOLDENRATIO, POWER, TANH	7.567e-10	3146	0	71.5	9.1	
518	first non-alternating series of reciprocal primes constant	special	64	not found	7	FIVE, SQR, PI, ARCSINH, TWO, SUBTRACT, POWER	2.567e-09	2512	0	70.9	8.6	Sum[Piecewise[{{-1, Mod[Prime[\[FormalK]], 3] == 1}, {1, Mod[Prime[\[FormalK]], 3] == 2}}, 0]/Prime[\[FormalK]], {\[FormalK], 1, Infinity}]
519	Cahen's constant	special	64	not found	7	NEG, COS, COS, EXP, SQRT, ARCSINH, ARCCOSH	1.549e-08	1900	0	70.8	7.8	ConditionalExpression[Extension`CahenConstant == Sum[(-1)^\[FormalK]/(-1 + \[FormalS][\[FormalK]]), {\[FormalK], 0, Infinity}], \[FormalS][0] == 2 && \[FormalS][\[FormalN]] == 1 - \[FormalS][-1 + \[FormalN]] + \[FormalS][-1 + \[FormalN]]^2 && \[FormalS][\[FormalN]] == 1 + Product[\[FormalS][\[FormalK]], {\[FormalK], 0, -1 + \[FormalN]}]]
520	a constant related to a conjectured value of the Masser-Gramain constant	special	64	not found	7	TWO, LOG, ARCSIN, SINH, TANH, ARCTAN, ARCSIN	1.253e-09	2432	0	70.8	8.9	Pi/4*(2*EulerGamma + 2*Log[2] + 3*Log[Pi] - 4*Log[Gamma[1/4]])
521	Integral_{x=0..Infinity} sin(x)/(x^2+1) dx	none	64	not found	7	SEVEN, FIVE, COS, DIVIDE, LOG, GAMMA, SIN	1.062e-08	2435	0	70.8	8.0	
522	unit-diameter hexagon area	algebraic	64	exact	5	TWO, ARCCOSH, TANH, THREE, POWER	2.220e-16	5	0	0.3	64.0	(3*Sqrt[3])/8
523	Maximal unitary square-free divisor sum constant	none	64	not found	7	THREE, COSH, SIN, COSH, TAN, TAN, SQR	6.093e-09	2868	0	71.8	8.2	
524	delta = (1+alpha)/4, a constant appearing in Koecher's formula for Euler's gamma constant, where alpha is A065442, the E	none	64	not found	7	FOUR, EULER, PLUS, LOG, LOG, ARCSINH, ARCSIN	2.401e-08	2372	0	73.5	7.6	
525	negative of Granville-Soundararajan constant	special	64	not found	7	EIGHT, LOG, SINH, THREE, DIVIDE, ARCCOSH, ARCTAN	1.529e-08	3684	0	75.0	7.8	-(4*PolyLog[2, -Sqrt[E]] + Pi^2/3 + 1)
526	harmonic power tower even term limit	special	64	not found	7	PI, THREE, SINH, DIVIDE, GOLDENRATIO, PLUS, LOG	5.925e-09	2525	0	73.7	8.2	Limit[Fold[(1/#2)^#1 & , 1, Table[\[FormalI], {\[FormalI], 2*\[FormalN], 2, -1}]], \[FormalN] -> Infinity]
527	escape probability for a random walk on the 3-D cubic lattice (a Polya random walk constant)	none	64	not found	7	FIVE, GOLDENRATIO, TAN, SUBTRACT, ARCCOSH, SIX, DIVIDE	7.591e-10	3061	0	74.4	9.1	
528	Twin primes constant	special	64	not found	7	THREE, INV, SIN, COS, SIX, POWER, SIN	3.148e-10	4728	0	73.8	9.5	Product[1 - (-1 + Prime[\[FormalK]])^(-2), {\[FormalK], 2, Infinity}]
529	Feller–Tornier constant	special	64	not found	6	FOUR, INV, COSH, TANH, GOLDENRATIO, POWER	5.978e-09	2636	0	71.5	8.2	1/2 + Product[1 - 2/Prime[n]^2, {n, 1, Infinity}]/2
530	Robbins constant	elementary	64	not found	7	NINE, TANH, COSH, EIGHT, TANH, ARCSINH, SUBTRACT	1.680e-08	3694	0	71.5	7.8	(4 + 17*Sqrt[2] - 6*Sqrt[3] - 7*Pi)/105 + Log[1 + Sqrt[2]]/5 + (2*Log[2 + Sqrt[3]])/5
531	Laplace limit	special	64	not found	7	THREE, COSH, SEVEN, SUBTRACT, ARCCOSH, LOG, ARCTANH	8.780e-09	2084	0	70.8	8.1	Root[{-1 + E^Sqrt[1 + #1^2]*#1 - Sqrt[1 + #1^2] & , 0.6627434193491815809747420971092529070562335491150224175204`30.}]
532	twothirds	rational	64	exact	3	FOUR, SIX, DIVIDE	0.000e+00	3	0	0.1	64.0	2/3
533	3/2 - gamma / log(2), a coin tossing constant related to the asymptotic evaluation of the expected length of the longest	special	64	not found	7	FOUR, TANH, ARCTAN, ARCCOS, GOLDENRATIO, SIN, TIMES	1.670e-08	2114	0	71.2	7.8	3/2 - EulerGamma/Log[2]
534	Shanks constant	special	64	not found	7	FIVE, EXP, ARCCOSH, EIGHT, DIVIDE, ARCSIN, ARCTAN	3.344e-10	2628	0	70.9	9.5	(Pi^2*Product[Piecewise[{{((1 - 4/Prime[\[FormalK]])*(1 + Prime[\[FormalK]])^2)/(-1 + Prime[\[FormalK]])^2, Mod[Prime[\[FormalK]], 8] == 1}}, 1], {\[FormalK], 1, Infinity}])/(16*Log[1 + Sqrt[2]])
535	sqrt(3)/(4 - sqrt(2))	algebraic	64	exact	7	THREE, SQRT, FOUR, TWO, SQRT, SUBTRACT, DIVIDE	1.110e-16	2820	0	70.9	64.0	Sqrt[3]/(4-Sqrt[2])
536	gamma_2, a lattice sum constant, analog of Euler's constant for two-dimensional lattices	none	64	not found	7	PI, TANH, SQR, INV, GAMMA, ARCTAN, ARCCOS	2.495e-09	2465	0	70.9	8.6	
537	probable error constant	special	64	not found	7	PI, SEVEN, COS, LOG, SIN, POWER, ARCSINH	5.194e-09	2700	0	71.2	8.3	InverseErf[1/2]*Sqrt[2]
538	Graham biggest little hexagon area	algebraic	64	not found	7	NINE, SIN, SINH, TANH, TWO, TIMES, ARCTAN	6.751e-09	2644	0	71.1	8.2	Root[11993 - 78488*#1 + 144464*#1^2 + 1232*#1^3 - 221360*#1^4 + 146496*#1^5 + 21056*#1^6 - 30848*#1^7 - 3008*#1^8 + 8192*#1^9 + 4096*#1^10 & , 5]
539	generalized Euler constant gamma(1,3)	special	64	not found	7	TWO, GOLDENRATIO, POWER, ARCCOSH, THREE, DIVIDE, TAN	3.220e-08	2704	0	71.2	7.5	EulerGamma/3 + Pi*Sqrt[3]/18 + Log[3]/6
540	Taniguchi constant	special	64	not found	7	NEG, ARCSINH, SQR, ARCCOS, SINH, ARCSIN, TANH	1.206e-08	3259	0	72.2	7.9	Product[1 - Prime[n]^(-6) + Prime[n]^(-5) + 2/Prime[n]^4 - 3/Prime[n]^3, {n, 1, Infinity}]
541	1 - 1/Pi	elementary	64	exact	4	ONE, PI, INV, SUBTRACT	1.110e-16	1	0	0.2	64.0	1 - 1/Pi
542	positive solution to the equation x/(1-x) = 1+log(1/(1-x)), an auxiliary constant associated with the problem of enumera	none	64	not found	7	GOLDENRATIO, SIX, SQRT, LOG, ARCSINH, SUBTRACT, ARCTAN	7.948e-09	2857	0	71.2	8.1	
543	log e^(π/2)	elementary	64	exact	7	NEG, ARCTAN, THREE, ARCTAN, COS, LOG, DIVIDE	0.000e+00	2443	0	70.9	64.0	Log10[E^(Pi/2)]
544	one div cbrt pi	elementary	64	exact	5	PI, THREE, INV, POWER, INV	0.000e+00	8	0	0.3	64.0	Pi^(-1/3)
545	least x>0 having sin(4x) = (sin x)^2	none	64	not found	7	FIVE, FIVE, ARCSINH, DIVIDE, ARCTAN, TANH, ARCTAN	5.094e-09	2605	0	70.9	8.3	
546	Integral_{x=0..1} log(floor(1/x))/(1+x) dx	special	64	not found	7	FOUR, SINH, SIN, SQRT, SQRT, SIN, ARCTAN	6.715e-10	2589	0	71.4	9.2	Log[2]*Log[Khinchin]
547	-x, the real root of the equation 0 = 1 + Sum_{k>=1} prime(k) x^k. The inverse of Backhouse's constant (A072508)	none	64	not found	7	GOLDENRATIO, FIVE, POWER, GOLDENRATIO, SINH, SUBTRACT, SIN	5.162e-09	3464	0	71.5	8.3	
548	harmonic power tower odd term limit	special	64	not found	7	GOLDENRATIO, ARCSINH, ARCCOSH, GOLDENRATIO, GAMMA, SINH, DIVIDE	4.329e-09	3256	0	70.9	8.4	Limit[Fold[(1/#2)^#1 & , 1, Table[\[FormalI], {\[FormalI], 1 + 2*\[FormalN], 2, -1}]], \[FormalN] -> Infinity]
549	reciprocal of Steiner number	elementary	64	exact	4	NEG, EXP, EXP, INV	0.000e+00	3	0	0.2	64.0	E^(-E^(-1))
550	Sum_{k=1..50000} (-1)^(k+1) / k	special	64	not found	7	SEVEN, TAN, EXP, COS, ARCSINH, TAN, COS	8.331e-10	5988	0	71.4	9.1	Sum[(-1)^(k + 1)/k, {k, 1, 50000}]
551	Natural logarithm of 2	elementary	64	exact	2	TWO, LOG	0.000e+00	1	0	0.1	64.0	Log[2]
552	rank-2 Artin constant	special	64	not found	7	THREE, INV, COSH, EXP, TANH, SIN, ARCTAN	6.171e-09	2484	0	70.8	8.2	Product[1 - 1/((-1 + Prime[\[FormalK]])*Prime[\[FormalK]]^2), {\[FormalK], 1, Infinity}]
553	First continued fraction constant	special	64	not found	7	TWO, SIN, FOUR, LOG, SQRT, DIVIDE, SIN	6.506e-09	2406	0	70.8	8.2	BesselI[1, 2]/BesselI[0, 2]
554	log10(5)	elementary	64	exact	7	FIVE, LOG, NINE, ONE, PLUS, LOG, DIVIDE	1.110e-16	2642	0	70.8	64.0	Log[10, 5]
555	probability that a point of an infinite (rooted) tree is fixed by every automorphism of the tree	none	64	not found	7	FOUR, SQR, ARCTAN, FIVE, ARCSINH, DIVIDE, SINH	3.583e-09	2949	0	71.4	8.4	
558	Integral_{x = 1..infinity} 1/x^x dx	none	64	not found	7	EULER, ARCSINH, INV, GOLDENRATIO, GAMMA, POWER, TAN	1.402e-08	3152	0	70.9	7.9	
559	carefree product constant	special	64	not found	6	NINE, ARCSINH, GAMMA, ARCTAN, SIN, TANH	1.872e-09	3621	0	71.3	8.7	Product[1 - 1/(Prime[\[FormalK]]*(1 + Prime[\[FormalK]])), {\[FormalK], 1, Infinity}]
560	rectilinear crossing constant	elementary	64	not found	7	SIX, ARCSINH, COSH, TWO, ARCTAN, DIVIDE, COS	3.590e-09	2655	0	72.0	8.4	1 - 35/(12*Pi^2)
561	'C' (as designated by D. Shanks), a constant appearing in the second order term of the asymptotic expansion of the numbe	none	64	not found	7	EULER, EXP, FOUR, DIVIDE, ARCTAN, INV, ARCCOS	7.953e-10	3241	0	70.9	9.1	
562	K, a constant arising in the analysis of the binary Euclidean algorithm	none	40	not found	7	FIVE, EULER, COS, SUBTRACT, SIN, ARCTAN, EXP	2.458e-09	2783	0	71.2	8.6	
563	sqrt(1/2)	algebraic	64	exact	3	ONE, ARCTAN, SIN	0.000e+00	6	0	0.1	64.0	1/Sqrt[2]
564	rabbit constant	special	64	not found	7	EULER, TAN, ARCTANH, TWO, PLUS, GAMMA, TANH	9.282e-09	3501	0	70.9	8.0	Sum[2^(-Floor[\[FormalK]*GoldenRatio]), {\[FormalK], 1, Infinity}]
565	generalized Euler constant gamma(1,4)	special	64	not found	7	SIX, ARCCOSH, TAN, INV, GAMMA, FIVE, DIVIDE	5.366e-09	3424	0	71.6	8.3	EulerGamma/4 + Pi/8 + Log[2]/4
566	Hopf constant	special	64	not found	7	SEVEN, COS, ARCCOS, ARCTAN, TANH, ARCTAN, SQRT	1.122e-08	3150	0	71.8	7.9	6/Pi^2 + Integrate[3/\[FormalTheta]^2 - (1 - \[FormalTheta]*Cot[\[FormalTheta]])^(-1), {\[FormalTheta], 0, Pi/2}]/Pi
567	1/(phi*log(4 - phi))	elementary	64	exact	7	FOUR, GOLDENRATIO, SUBTRACT, GOLDENRATIO, POWER, LOG, INV	0.000e+00	2934	0	70.9	64.0	(GoldenRatio Log[4-GoldenRatio])^(-1)
568	Traveling Salesman constant	algebraic	64	not found	7	NEG, SINH, COSH, COSH, ARCTAN, ARCTAN, TANH	5.827e-09	4061	0	71.4	8.2	4/153*(1 + 2*Sqrt[2])*Sqrt[51]
569	e^(-1/3)	elementary	64	exact	4	THREE, INV, EXP, INV	0.000e+00	2	0	0.2	64.0	E^(-1/3)
570	constant appearing in the expected number of comparisons for a successful digital tree search (negated)	none	64	not found	7	NINE, ARCCOSH, SIN, COSH, COS, COS, ARCTAN	2.786e-08	3628	0	70.9	7.6	
571	1/(2 log 2)	elementary	64	exact	3	FOUR, LOG, INV	0.000e+00	1	0	0.2	64.0	1/(2Log[2])
572	k2, a Diophantine approximation constant such that the area of the "critical parallelogram" (in this case a square) is 4	algebraic	64	exact	4	GOLDENRATIO, FIVE, SQRT, DIVIDE	0.000e+00	5	0	0.2	64.0	(1+1/Sqrt[5])/2
573	Sarnak constant	special	64	not found	7	EULER, ARCTAN, SIN, COSH, TANH, ARCSINH, SIN	5.834e-09	8769	0	71.4	8.2	Product[1 - (2 + Prime[\[FormalK]])/Prime[\[FormalK]]^3, {\[FormalK], 2, Infinity}]
574	Langford constant	elementary	64	not found	6	SEVEN, LOG, LOG, ARCSINH, COS, SIN	1.084e-09	3338	0	71.0	9.0	97/150 + Pi/40
575	constant that appears in the asymptotic formula for average order of the infinitary divisors sum function (A049417)	none	64	not found	7	SEVEN, LOG, TANH, TAN, SQRT, SIN, TANH	3.543e-08	3107	0	71.5	7.5	
576	a constant related to the asymptotic evaluation of Product_{p prime congruent to 1 modulo 4} (1 + 1/p)	none	64	not found	7	FIVE, ARCTAN, GOLDENRATIO, POWER, ARCSINH, GAMMA, ARCTAN	1.088e-09	2944	0	71.9	9.0	
577	sum_{n>=1} 1/binomial(2n, n)	elementary	64	not found	7	SEVEN, TAN, TANH, FOUR, LOG, PLUS, LOG	7.180e-09	3824	0	71.0	8.1	1/3 + 2*Sqrt[3]*Pi/27
579	1/Gamma(2/3)	special	64	exact	5	TWO, THREE, DIVIDE, GAMMA, INV	0.000e+00	22	0	0.4	64.0	1/Gamma[2/3]
580	Dottie number	special	64	not found	7	NINE, EULER, COSH, SUBTRACT, EULER, TIMES, TAN	1.497e-08	3023	0	72.2	7.8	Root[{Cos[#1] - #1 & , 0.7390851332151606416553120876738734040134117589007574649656`30.}]
581	densest spatial packing of spheres constant	elementary	64	exact	6	TWO, SQRT, PI, TIMES, SIX, DIVIDE	0.000e+00	116	0	2.6	64.0	Pi/(3*Sqrt[2])
582	Rosser constant	special	64	not found	6	TWO, SINH, TAN, INV, TANH, TANH	3.070e-09	2782	0	70.9	8.5	(8*Catalan)/Pi^2
583	Sarnak product constant	special	64	not found	7	TWO, THREE, ARCCOSH, SQRT, SUBTRACT, GAMMA, INV	1.530e-09	3349	0	71.3	8.8	(5*Pi^2*Product[1 - (2 + Prime[\[FormalK]])/Prime[\[FormalK]]^3, {\[FormalK], 2, Infinity}])/48
584	s_4, a 4-dimensional Steiner ratio analog	none	64	not found	7	ONE, ARCSINH, ARCCOS, ARCSINH, SQR, ARCCOS, INV	6.112e-09	4695	0	71.5	8.2	
585	B, the coefficient of n*log(n)^2 in the asymptotic formula of Ramanujan for Sum_{k=1..n} (d(k)^2), where d(k) is the num	none	64	not found	7	GOLDENRATIO, LOG, EULER, SUBTRACT, COS, COS, ARCSINH	1.938e-09	3004	0	70.9	8.7	
586	Rényi parking constant	special	64	not found	7	SEVEN, SIN, PI, LOG, SINH, ARCCOSH, DIVIDE	2.503e-09	4198	0	71.7	8.6	Integrate[Exp[-2*(EulerGamma + Gamma[0, \[FormalT]] + Log[\[FormalT]])], {\[FormalT], 0, Infinity}]
587	exp(-gamma/2)	special	64	not found	7	EULER, ARCTAN, SQR, LOG, TANH, COS, ARCTAN	2.388e-09	3811	0	71.0	8.6	Exp[-EulerGamma/2]
588	three quarters	rational	64	exact	3	TWO, LOG, SINH	0.000e+00	3	0	0.1	64.0	3/4
589	pi^(-1/4)	elementary	64	exact	4	PI, INV, SQRT, SQRT	0.000e+00	3	0	0.2	64.0	Pi^(-1/4)
590	Sum_{n>=1} (-1)^(n-1)*H(n)/n^2, where H(n) is the n-th harmonic number	special	64	not found	7	EULER, SINH, SINH, ARCCOSH, SIN, SQRT, TANH	2.209e-09	4224	0	71.6	8.7	5*Zeta[3]/8
591	linear asymptotic constant B in Sum_{k=1..n} 1/A000688(k) = ~B*n + 	none	64	not found	7	EULER, SQR, TWO, PLUS, LOG, TANH, TANH	8.103e-09	3451	0	70.9	8.1	
592	Flajolet-Odlyzko constant	special	64	not found	7	TWO, ARCCOSH, LOG, GAMMA, TAN, COS, TANH	1.226e-08	4477	0	71.1	7.9	2*Integrate[1 - E^(ExpIntegralEi[-\[FormalT]]/2), {\[FormalT], 0, Infinity}]
593	constant appearing in the variance for inserting in a digital tree	special	64	false positive	7	FIVE, GAMMA, INV, FOUR, LOG, INV, PLUS	0.000e+00	4793	0	71.8	22.7	1/Log[4] + 1/24 + (4*Pi^2/Log[2]^2)*Sum[DivisorSigma[1, n]*Exp[-4*Pi^2*n/Log[2]], {n, 1, 6}]
594	Landau-Ramanujan constant	special	64	not found	7	NEG, SIN, TANH, COS, GAMMA, ARCTAN, SQR	6.567e-09	3493	0	71.3	8.2	Product[((4^2^\[FormalK]*(1 - 2^(-2^\[FormalK]))*Zeta[2^\[FormalK]])/(Zeta[2^\[FormalK], 1/4] - Zeta[2^\[FormalK], 3/4]))^2^(-1 - \[FormalK]), {\[FormalK], 1, Infinity}]/Sqrt[2]
595	analog of the Mertens constant B_2 in the asymptotic series for the variance of the number of prime factors Omega	none	64	not found	7	GOLDENRATIO, ARCTAN, SIX, PLUS, SIN, TANH, SQRT	9.530e-09	2756	0	70.9	8.0	
596	binary Liouville number	special	64	not found	7	NINE, TANH, TWO, SQRT, LOG, SUBTRACT, TAN	1.040e-09	7521	0	71.2	9.0	Sum[1/2^(n!), {n, Infinity}]
597	-x, where x is the negative solution to the equation 2^x = x^2	none	64	not found	7	EULER, SIN, TANH, SQRT, SEVEN, INV, PLUS	6.702e-10	2855	0	72.2	9.2	
598	Sum_{k>1} 1/(k*(k-1)*zeta(k)), a constant related to Niven's constant	none	64	not found	7	EULER, COS, FOUR, DIVIDE, ARCCOS, LOG, SQRT	7.761e-10	3183	0	70.9	9.1	
599	C = 2^(1/3)*e^(1/4)/A^3, a constant associated with the Gaudin-Mehta probability distribution and the Glaisher-Kinkelin 	special	64	not found	7	NINE, LOG, ARCSINH, TWO, DIVIDE, SQRT, SIN	1.028e-08	2921	0	71.2	8.0	2^(1/3)*E^(1/4)/Glaisher^3
600	trace of the Ruelle-Mayer linear operator G_2	none	64	not found	6	EIGHT, INV, COSH, SQR, SIN, ARCSINH	9.531e-10	3693	0	71.6	9.0	
601	Sum_{p prime} 1/(p*(p-1))	none	64	not found	7	NINE, SIN, EXP, SQRT, TANH, TANH, COS	1.186e-09	3446	0	71.3	8.9	
602	Flajolet-Martin constant	special	64	not found	7	EIGHT, ARCTAN, ARCTAN, ARCTANH, GOLDENRATIO, COSH, DIVIDE	9.887e-10	3445	0	71.2	9.0	(E^EulerGamma*Product[(1 + 1/(2*\[FormalK]))^(-1)^Mod[DigitCount[\[FormalK], 2, 1], 2], {\[FormalK], 1, Infinity}])/Sqrt[2]
603	Pi*G - 7*zeta(3)/4, where G = A006752	special	64	not found	7	NINE, COS, EULER, SUBTRACT, GAMMA, COSH, TANH	1.163e-08	3194	0	71.1	7.9	Pi Catalan-7Zeta[3]/4
604	lambda_3, an analog of the Stolarsky-Harborth constant for the number of elements not divisible by 3 in Pascal's triangl	none	64	not found	7	SIX, SINH, SIN, SIX, SIN, SUBTRACT, SIN	1.729e-09	3210	0	71.3	8.8	
605	strongly carefree product constant	special	64	not found	7	NINE, TANH, GOLDENRATIO, TAN, SIN, COSH, DIVIDE	3.314e-10	4126	0	71.0	9.5	Product[1 - (1 + Prime[\[FormalK]])^(-2), {\[FormalK], 1, Infinity}]
606	Bender r constant	none	51	not found	7	SIX, TANH, EXP, ARCCOSH, LOG, LOG, COS	3.502e-10	2954	0	70.9	9.5	
607	hypercube line-picking constant	special	64	not found	7	TWO, TANH, THREE, PLUS, ARCSINH, GAMMA, TANH	6.438e-09	3208	0	71.7	8.2	(-644 + 1344*Catalan + 3744*ArcCsch[Sqrt[2]] + 270*ArcSinh[1] - 3024*Im[PolyLog[2, I*(3 - 2*Sqrt[2])]] + 1773*Log[3] + 84*(PolyGamma[1, 1/12] + PolyGamma[1, 5/12]) + (6048*I)*(PolyLog[2, (1/2 - I/2)*(-2 + Sqrt[2])] - PolyLog[2, (1/2 + I/2)*(-2 + Sqrt[2])]) + (6048*I)*(PolyLog[2, I*(1 - Sqrt[2])] - PolyLog[2, I*(-1 + Sqrt[2])]) + 438*Sqrt[2] - 2448*ArcCot[2*Sqrt[2]]*Sqrt[2] - 189*(PolyGamma[1, 1/8] + PolyGamma[1, 3/8])*Sqrt[2] + 12*Pi*(-16 + 7*Pi*(-8 + 9*Sqrt[2])) + 288*Sqrt[3])/3780
608	6/(Pi^2 A086724)	none	64	not found	7	FIVE, EXP, ARCCOSH, TAN, EXP, SQRT, SINH	1.174e-10	3400	0	71.3	9.9	
609	log10(6)	elementary	64	exact	7	SIX, LOG, NINE, ONE, PLUS, LOG, DIVIDE	1.110e-16	3202	0	70.9	64.0	Log[10, 6]
610	Purdom-Williams constant, a constant related to the Golomb-Dickman constant and to the asymptotic evaluation of the expe	none	64	not found	7	PI, ARCCOSH, TWO, ARCTAN, PLUS, TANH, ARCTAN	1.193e-08	4229	0	71.0	7.9	
611	first Bernoulli sophomore dream constant	special	64	not found	7	SEVEN, LOG, SIN, GOLDENRATIO, ARCSINH, PLUS, LOG	9.880e-10	4300	0	72.6	9.0	-Sum[(-\[FormalK])^(-\[FormalK]), {\[FormalK], 1, Infinity}]
612	(sqrt(3) + sqrt(5) + 2*sqrt(6))/(8*sqrt(2))	algebraic	64	not found	7	EIGHT, ARCCOSH, GAMMA, SINH, SIN, SINH, COS	1.060e-08	3925	0	71.0	8.0	(Sqrt[3]+Sqrt[5]+2Sqrt[6])/(8Sqrt[2])
613	(3*sqrt(3)+sqrt(7))/10	algebraic	64	not found	7	FIVE, PI, EXP, SIN, DIVIDE, SIN, SINH	2.454e-10	4210	0	71.9	9.6	(3*Sqrt[3]+Sqrt[7])/10
614	Integral_{x = 0 to oo} Product_{m=1..oo} cos(x/m) dx	none	39	not found	7	FOUR, ARCCOSH, SINH, GAMMA, TANH, SQRT, ARCTAN	7.521e-10	27293	0	72.9	9.1	
615	pi/4	elementary	64	exact	2	ONE, ARCTAN	0.000e+00	1	0	0.1	64.0	Pi/4
616	Lüroth constant	special	64	not found	7	FIVE, FIVE, EXP, DIVIDE, ARCCOS, GAMMA, SQR	2.062e-09	3793	0	71.1	8.7	Sum[Log[\[FormalK]/(-1 + \[FormalK])]/\[FormalK], {\[FormalK], 2, Infinity}]
617	asymptotic constant eta for counts of weakly binary trees	none	64	not found	7	NEG, TANH, GOLDENRATIO, TIMES, SIN, SQR, SQR	6.816e-10	4538	0	71.6	9.2	
618	Lal's constant: the Hardy-Littlewood constant for A217795	none	64	not found	7	GOLDENRATIO, ARCSINH, GOLDENRATIO, LOG, SIN, EXP, DIVIDE	1.490e-09	3069	0	71.1	8.8	
619	Kolakoski constant	none	64	not found	7	TWO, ARCTAN, GOLDENRATIO, DIVIDE, SQR, ARCCOS, TANH	3.855e-09	3133	0	71.2	8.4	
620	root two div pi	elementary	64	exact	4	ONE, ARCSIN, SQRT, INV	0.000e+00	3	0	0.2	64.0	Sqrt[2/Pi]
621	log 2π	elementary	64	not found	7	ONE, ARCSINH, COS, TWO, TANH, POWER, COS	2.655e-09	4034	0	71.0	8.6	Log10[2*Pi]
622	Product_{n>1} (1 - 1/n^2)^(1/n)	none	64	not found	7	SIX, SQR, ARCSINH, TAN, SIN, ARCTAN, ARCCOS	1.093e-08	3634	0	71.5	8.0	
624	unique real solution of the equation Ei(x)-gamma-log(x) = 1, where Ei is the exponential integral function and gamma the	none	64	not found	7	FOUR, LOG, ARCTAN, ONE, TANH, TIMES, ARCSIN	2.279e-09	3248	0	70.9	8.6	
625	disk half-area offset constant	special	64	not found	7	ONE, EULER, ARCTAN, SUBTRACT, TANH, ARCSINH, EXP	7.671e-09	5312	0	71.2	8.1	Root[{Pi - 4*ArcCos[#1/2] + #1*Sqrt[4 - #1^2] & , 0.8079455065990344186379234801330000000000000000000000000001`29.907382069955993}]
626	Solomon parking constant	special	64	not found	7	ONE, ARCSINH, SQRT, ARCSINH, GAMMA, GAMMA, SIN	2.912e-09	3831	0	70.9	8.5	Integrate[(1 + 2*\[FormalX])*Exp[-2*(-1 + \[FormalX] + Exp[-\[FormalX]])]*Exp[-2*(EulerGamma - ExpIntegralEi[-\[FormalX]] + Log[\[FormalX]])], {\[FormalX], 0, Infinity}]
627	Alladi-Grinstead constant	special	64	not found	7	SIX, COSH, COS, FOUR, TAN, SIN, POWER	2.373e-08	3426	0	71.0	7.6	Exp[-1 - Sum[Log[1 - \[FormalK]^(-1)]/\[FormalK], {\[FormalK], 2, Infinity}]]
628	product_{n>=1} (n/(n+1))^((-1)^t(n-1)), a probabilistic counting constant, where t(n) = A010060(n) is the Thue-Morse seq	none	64	not found	7	GOLDENRATIO, TWO, ARCCOSH, ARCCOSH, ARCSINH, SUBTRACT, ARCSINH	2.108e-09	2903	0	72.3	8.7	
629	'mu', a Young-Fejér-Jackson constant linked to the positivity of certain sine sums	none	64	not found	7	FOUR, ARCCOSH, ARCTAN, EXP, ARCTAN, GAMMA, ARCSINH	1.933e-09	4127	0	71.6	8.7	
630	(1 + sqrt(6))/(3*sqrt(2))	algebraic	64	not found	7	NINE, SEVEN, TAN, ARCTANH, DIVIDE, COS, ARCSINH	1.535e-10	3647	0	71.0	9.8	(1+Sqrt[6])/(3Sqrt[2])
631	1/Gamma(3/4)	special	64	exact	5	TWO, LOG, SINH, GAMMA, INV	2.220e-16	6	0	0.3	64.0	1/Gamma[3/4]
632	sum_{n>=0} 1/2^(2^n)	special	64	not found	6	SEVEN, LOG, LOG, TANH, SINH, COS	1.458e-08	4147	0	71.4	7.8	Sum[1/2^(2^n), {n, 0, Infinity}]
633	a2, the second of two constants associated with Djokovic's conjecture on an integral inequality	none	64	not found	7	EULER, SIN, TWO, SIN, ARCCOS, DIVIDE, SIN	2.541e-09	3351	0	70.9	8.6	
634	First Nielsen-Ramanujan constant	elementary	64	exact	5	NEG, ARCSIN, SQR, THREE, DIVIDE	0.000e+00	8	0	0.3	64.0	Pi^2/12
635	Sierpiński constant	special	64	not found	7	EIGHT, TANH, TANH, SINH, GOLDENRATIO, POWER, SINH	8.073e-09	3077	0	70.8	8.1	2*EulerGamma + 2*Log[2] + 3*Log[Pi] - 4*Log[Gamma[1/4]]
636	sigma_3, a Turán's Power Sum Constant	none	64	not found	7	SEVEN, INV, SINH, GAMMA, TAN, COS, SIN	1.595e-08	3806	0	71.5	7.8	
637	Prouhet-Thue-Morse constant	special	64	not found	7	GOLDENRATIO, ARCTAN, ARCCOSH, SINH, SQRT, COS, SQR	4.732e-10	3999	0	71.3	9.3	1 - Product[(-1 + 2^2^\[FormalK])/2^2^\[FormalK], {\[FormalK], 0, Infinity}]/2
638	Pi/8 + sqrt(3)/4	elementary	64	exact	7	ONE, ARCSIN, THREE, SQRT, PLUS, FOUR, DIVIDE	0.000e+00	7823	0	71.6	64.0	Pi/8+Sqrt[3]/4
639	asymptotic efficiency constant	elementary	64	exact	7	THREE, PI, DIVIDE, TWO, ARCCOSH, TANH, TIMES	0.000e+00	3247	0	71.2	64.0	(3*Sqrt[3])/(2*Pi)
640	1/zeta(3)	special	64	not found	7	ONE, ARCSIN, LOG, ARCSIN, SQRT, SINH, ARCSIN	2.954e-09	4301	0	71.4	8.5	1/Zeta[3]
641	Rosser's constant	none	64	not found	7	EULER, ARCTAN, SIN, SIX, ARCTAN, GAMMA, TIMES	8.171e-09	3448	0	70.9	8.1	
642	Gauss's constant	special	64	not found	7	EIGHT, SEVEN, TIMES, INV, EXP, SINH, TANH	6.233e-09	5540	0	71.1	8.2	ArithmeticGeometricMean[1, Sqrt[2]]^(-1)
643	Baker constant	elementary	64	not found	6	TWO, ARCCOSH, NINE, DIVIDE, COS, SIN	1.395e-08	4137	0	71.0	7.9	(Log[2] + Pi/Sqrt[3])/3
645	Shepp's constant 'alpha', an optimal stopping constant associated with the case of a zero mean and unit variance distrib	none	64	not found	7	NINE, ARCCOSH, TANH, TAN, ARCCOSH, SQRT, SIN	1.513e-09	4166	0	72.4	8.8	
646	2*G/(Pi*log(2)), a constant appearing in the average root bifurcation ratio of binary trees, where G is Catalan's consta	special	64	not found	7	FOUR, PI, ARCSINH, COS, SUBTRACT, TANH, SIN	5.560e-09	15167	0	72.6	8.3	2 Catalan/(Pi*Log[2])
647	sin one	elementary	64	exact	2	ONE, SIN	0.000e+00	1	0	0.1	64.0	Sin[1]
648	reciprocal of the Khinchin-Lévy constant	elementary	64	exact	6	EIGHT, LOG, ONE, ARCSIN, SQR, DIVIDE	0.000e+00	118	0	2.7	64.0	(12*Log[2])/Pi^2
650	log10(7)	elementary	64	exact	7	SEVEN, LOG, SEVEN, THREE, PLUS, LOG, DIVIDE	1.110e-16	4769	0	71.5	64.0	Log[10, 7]
651	3/(2*sqrt(Pi))	elementary	64	exact	6	NINE, FOUR, DIVIDE, PI, DIVIDE, SQRT	0.000e+00	164	0	2.7	64.0	3/(2*Sqrt[Pi])
652	ubiquitous constant	special	64	not found	7	EIGHT, GAMMA, ARCCOSH, ARCSINH, GAMMA, TANH, ARCSINH	1.481e-08	4980	0	71.1	7.8	(2*Pi^(3/2))/Gamma[1/4]^2
653	Regular paperfolding sequence	special	64	not found	7	GOLDENRATIO, SQRT, TAN, SQRT, SIN, SIX, POWER	2.543e-09	3876	0	71.0	8.6	Sum[8^2^n/(-1 + 2^2^(2 + n)), {n, 0, Infinity}]
654	maximal quantum success probability of the CHSH game	algebraic	64	exact	5	PI, EIGHT, DIVIDE, COS, SQR	0.000e+00	10	0	0.4	64.0	Cos[Pi/8]^2
655	1/(2*K^2) = Product_(p prime congruent to 3 modulo 4) (1 - 1/p^2), where K is the Landau-Ramanujan constant	none	64	not found	7	FIVE, SQR, ARCTAN, LOG, GAMMA, LOG, SQRT	1.171e-09	3920	0	70.9	8.9	
656	rank-3 Artin constant	special	64	not found	7	GOLDENRATIO, ARCTAN, ARCTAN, THREE, DIVIDE, COS, ARCSINH	1.067e-09	3559	0	71.5	9.0	Product[1 - 1/((-1 + Prime[\[FormalK]])*Prime[\[FormalK]]^3), {\[FormalK], 1, Infinity}]
657	four minus pi	elementary	64	exact	3	FOUR, TAN, ARCTAN	0.000e+00	2	0	0.1	64.0	4 - Pi
658	Champernowne base-2 constant	special	64	not found	7	FOUR, SINH, COS, EXP, ARCCOS, TANH, SQRT	7.451e-10	4379	0	71.9	9.1	ChampernowneNumber[2]
659	Steiner ratio of the Euclidean plane	algebraic	64	exact	3	TWO, ARCCOSH, TANH	0.000e+00	1	0	0.2	64.0	Sqrt[3]/2
660	log(4 - phi), where phi = A001622	elementary	64	exact	4	FOUR, GOLDENRATIO, SUBTRACT, LOG	0.000e+00	4	0	0.2	64.0	Log[4-GoldenRatio]
661	log e^2	elementary	64	exact	5	THREE, ARCSINH, COSH, LOG, INV	1.110e-16	4	0	0.3	64.0	Log10[E^2]
662	sqrt(Pi)/(2K)*exp(-gamma/2) where K is the Landau-Ramanujan constant and gamma the Euler-Mascheroni constant	none	64	not found	7	SEVEN, ARCTAN, SQRT, LOG, COS, SINH, INV	6.133e-09	4672	0	71.6	8.2	
663	square edge line-picking constant	elementary	64	not found	7	FOUR, ARCTAN, TANH, GAMMA, SQR, SIN, SQR	7.509e-09	3960	0	71.3	8.1	(2 + 5*Log[1 + Sqrt[2]] + Sqrt[2])/9
664	integral_{0..infinity} exp(-x^2)*log(x) dx	special	64	not found	7	GOLDENRATIO, SQR, ARCCOSH, FIVE, PI, SUBTRACT, DIVIDE	2.252e-09	8843	0	71.3	8.6	-(-(1/4)*Sqrt[Pi]*( EulerGamma + 2*Log[2]))
666	product_{n>=1} (2n/(2n+1))^((-1)^t(n-1)), a probabilistic counting constant, where t(n) = A010060(n) is the Thue-Morse s	none	64	not found	7	SEVEN, EXP, SIN, ARCSIN, ARCCOS, SQRT, TANH	1.454e-10	3991	0	71.0	9.8	
667	total area of Ford circles	special	64	not found	7	THREE, SIN, GAMMA, THREE, SQRT, PLUS, SIN	1.148e-09	4214	0	71.0	8.9	(45*Zeta[3])/(2*Pi^3)
668	(5/18)*Pi	elementary	64	exact	6	ONE, ARCSIN, NINE, DIVIDE, FIVE, TIMES	0.000e+00	220	0	2.6	64.0	5Pi/18
669	a constant related to the asymptotic counting function of numbers of the form x^2 + 2*y^2 (A002479)	none	64	not found	7	SEVEN, ARCTAN, SQRT, FIVE, INV, ARCCOS, DIVIDE	1.727e-09	3999	0	70.9	8.8	
670	Integral_{x=0..Pi/2} sin(x)^(3/2) dx	special	64	not found	7	GOLDENRATIO, EIGHT, POWER, SIN, COSH, INV, ARCSINH	7.879e-09	5038	0	72.8	8.1	1/3*Sqrt[2]*EllipticK[1/2]
671	sqrt(2)/phi, where phi = (1+sqrt(5))/2	algebraic	64	exact	4	TWO, SQRT, GOLDENRATIO, DIVIDE	0.000e+00	2	0	0.2	64.0	Sqrt[2]/GoldenRatio
672	sum of reciprocal perfect powers (excluding 1)	none	64	not found	7	EIGHT, SIN, SIN, TANH, SQR, ARCTANH, COS	1.523e-09	4123	0	71.2	8.8	
673	average length of a line segment picked at random in a unit 5-cube	none	64	not found	7	GOLDENRATIO, COS, COSH, SQRT, COSH, ARCTAN, ARCSINH	1.662e-09	3831	0	72.3	8.8	
674	an Ising constant related to the triangular lattice	none	64	not found	7	EIGHT, TANH, ARCTAN, SIN, ARCSINH, TAN, SQRT	6.873e-09	5543	0	74.3	8.2	
675	quadratic class number constant	special	64	not found	7	THREE, SIN, SQR, SINH, SINH, COSH, ARCSINH	2.119e-09	6548	0	75.2	8.7	Product[1 - 1/(Prime[\[FormalK]]^2*(1 + Prime[\[FormalK]])), {\[FormalK], 1, Infinity}]
676	positive minimum of the gamma function	special	64	false positive	7	FIVE, SINH, SIX, SUBTRACT, COS, GAMMA, GAMMA	1.554e-15	77938	0	81.6	14.8	Gamma[Root[{PolyGamma[0, #1] & , 1.46163214496836234126265954233`29.164838085677864}]]
677	sqrt(Pi)/2	elementary	64	exact	3	ONE, ARCTAN, SQRT	1.110e-16	1	0	0.2	64.0	Sqrt[Pi]/2
678	exp(gamma)/2	special	64	not found	7	NEG, ARCSINH, SEVEN, SUBTRACT, GAMMA, ARCCOS, GAMMA	1.423e-12	18043	0	75.5	11.8	E^EulerGamma/2
679	reciprocal sum of integer powers constant	special	64	not found	7	EIGHT, SINH, LOG, ARCSINH, COSH, ARCTAN, TANH	2.298e-10	5877	0	74.8	9.6	Sum[-1 + Zeta[Prime[\[FormalK]]], {\[FormalK], 1, Infinity}]
680	Gamma(4/3)	special	64	exact	4	THREE, LOG, SINH, GAMMA	1.110e-16	4	0	0.2	64.0	Gamma[4/3]
681	Product_{p prime, p == 1 (mod 4)} (1 - 2/p^2)	none	64	not found	7	FIVE, SIX, DIVIDE, TANH, SIN, TAN, TAN	1.822e-08	10526	0	73.3	7.7	
682	'delta', a constant arising in the asymptotics of the regularized product of the Fibonacci numbers	none	64	not found	7	EULER, GAMMA, TANH, SEVEN, COS, GAMMA, POWER	5.062e-09	9203	0	71.6	8.3	
683	Gamma(5/3)	special	64	exact	4	THREE, LOG, COSH, GAMMA	0.000e+00	2	0	0.2	64.0	Gamma[5/3]
684	log10(8)	elementary	64	exact	7	EIGHT, LOG, NINE, ONE, PLUS, LOG, DIVIDE	1.110e-16	5710	0	71.1	64.0	Log[10, 8]
685	disk line-picking constant	elementary	64	not found	7	GOLDENRATIO, NEG, SINH, TANH, POWER, SQRT, SQRT	8.303e-10	4649	0	71.1	9.1	128/(45*Pi)
686	Gamma(5/4)	special	64	exact	4	TWO, LOG, COSH, GAMMA	0.000e+00	2	0	0.2	64.0	Gamma[5/4]
687	densest planar packing of circles constant	elementary	64	exact	5	ONE, ARCSIN, THREE, SQRT, DIVIDE	0.000e+00	5	0	0.3	64.0	Pi/(2*Sqrt[3])
688	value of x such that K(x) = 2E(x)	none	64	not found	7	FOUR, PI, TANH, LOG, SUBTRACT, SQRT, SIN	2.030e-09	4948	0	71.1	8.7	
689	(sqrt(Pi)/(2^(1/4)*Gamma(5/8)*Gamma(7/8)))^2	special	64	not found	7	FOUR, ARCTAN, NEG, ARCSINH, ARCTAN, POWER, SINH	4.435e-09	5726	0	72.0	8.4	(Pi/Sqrt[2])*(1/(Gamma[5/8]*Gamma[7/8]))^2
690	(1 + sqrt(3))/3	algebraic	64	exact	6	THREE, SQRT, ONE, PLUS, THREE, DIVIDE	0.000e+00	194	0	2.6	64.0	(1+Sqrt[3])/3
691	Catalan's constant	special	64	not found	7	SIX, EXP, ARCCOSH, SQRT, THREE, SUBTRACT, COS	4.108e-10	5482	0	71.7	9.4	Catalan
692	log root two pi	elementary	64	exact	5	TWO, PI, TIMES, SQRT, LOG	1.110e-16	30	0	0.4	64.0	Log[Sqrt[2*Pi]]
693	Gamma(7/4)	special	64	exact	4	SEVEN, FOUR, DIVIDE, GAMMA	0.000e+00	1	0	0.2	64.0	Gamma[7/4]
694	position of the positive real maximum of Dawson's integral D_+(x)	none	64	not found	7	EULER, TANH, ARCSIN, LOG, TANH, COSH, ARCSINH	1.891e-09	9617	0	71.9	8.7	
695	cube face line-picking constant	elementary	64	not found	7	FIVE, EIGHT, DIVIDE, ARCSINH, EXP, ARCTAN, ARCSINH	3.558e-09	4217	0	71.0	8.4	(4 - 7*Pi + 21*Log[1 + Sqrt[2]] + 42*Log[2 + Sqrt[3]] + 17*Sqrt[2] - 6*Sqrt[3])/75
696	Product_{n>=1} (1 - 1/(4n+1)^2)	special	64	not found	7	ONE, TANH, TWO, SEVEN, DIVIDE, TANH, POWER	9.857e-09	4581	0	71.1	8.0	Product[1 - 1/(4 n + 1)^2, {n, 1, Infinity}]
697	an Ising constant related to the random coloring problem	special	64	not found	7	SIX, LOG, COS, TAN, ARCSINH, ARCCOS, GAMMA	5.315e-10	5267	0	71.1	9.3	Log[2]/2 + 2*Catalan/Pi
698	rank-4 Artin constant	special	64	not found	7	PI, TAN, ARCCOS, SQRT, ARCSINH, SIN, SQRT	7.326e-09	6056	0	71.9	8.1	Product[1 - 1/((-1 + Prime[\[FormalK]])*Prime[\[FormalK]]^4), {\[FormalK], 1, Infinity}]
699	-zeta'(2) (the first derivative of the zeta function at 2)	none	64	not found	7	GOLDENRATIO, ARCCOSH, TWO, SIN, DIVIDE, SQR, ARCTAN	6.558e-09	5897	0	71.5	8.2	
700	(4K/Pi)^2 where K is the Landau-Ramanujan constant	none	64	not found	7	FOUR, SEVEN, ARCCOSH, DIVIDE, SQRT, TANH, SINH	1.235e-08	5908	0	71.4	7.9	
701	Pi*(1+sqrt(2))/8	elementary	64	exact	7	ONE, ARCSINH, EXP, EIGHT, DIVIDE, PI, TIMES	0.000e+00	6626	0	71.6	64.0	Pi*(1+Sqrt[2])/8
702	log10(9)	elementary	64	exact	7	THREE, LOG, THREE, ARCSINH, COSH, LOG, DIVIDE	0.000e+00	4546	0	71.0	64.0	Log[10, 9]
703	3/π	elementary	64	exact	3	THREE, PI, DIVIDE	0.000e+00	1	0	0.2	64.0	3/Pi
704	Magic angle	elementary	64	exact	3	TWO, SQRT, ARCTAN	0.000e+00	1	0	0.1	64.0	ArcCos[1/Sqrt[3]]
705	(log(2) + Pi)/4	elementary	64	exact	6	TWO, LOG, PI, PLUS, FOUR, DIVIDE	0.000e+00	239	0	2.7	64.0	(Log[2]+Pi)/4
706	a limit associated with the asymptotic number of ways of writing a number as a sum of powers of 2, with each power used 	elementary	64	not found	7	FIVE, SQRT, SIN, TAN, COS, INV, SIN	9.811e-09	6413	0	71.1	8.0	3^(Log[GoldenRatio]/Log[2]) / Sqrt[5]
707	a constant related to the asymptotic expansion of the Lebesgue constant corresponding to the n-th Chebyshev polynomial	special	64	not found	7	ONE, ARCSINH, SIN, FOUR, TIMES, ARCSINH, SIN	8.361e-10	7081	0	71.3	9.1	2/Pi*(3*Log[2] - Log[Pi] + EulerGamma)
708	L(3, chi4), where L(s, chi4) is the Dirichlet L-function for the non-principal character modulo 4	elementary	64	exact	6	ONE, ARCTAN, THREE, POWER, TWO, TIMES	1.110e-16	291	0	2.7	64.0	Pi^3/32
709	Lochs constant	elementary	64	not found	7	GOLDENRATIO, COS, COS, COSH, COSH, TANH, SQR	5.512e-09	6734	0	71.2	8.3	6*Log[2]*Log[10]/Pi^2
710	4*K/Pi, a constant appearing in the asymptotic evaluation of the number of non-hypotenuse numbers not exceeding a given 	none	64	not found	7	SIX, ARCTAN, ARCCOSH, ARCTANH, TAN, LOG, ARCTAN	5.963e-10	6476	0	72.6	9.2	
711	log 3π	elementary	64	not found	7	SIX, COS, PI, ARCSINH, DIVIDE, COSH, ARCSINH	1.913e-09	7896	0	72.1	8.7	Log10[3*Pi]
712	Elbert constant	special	64	not found	7	THREE, GOLDENRATIO, PLUS, ARCTAN, COS, ARCSINH, COS	3.861e-09	7304	0	72.7	8.4	ConditionalExpression[Extension`ElbertConstant == 1 + E^\[FormalU] - (\[FormalV]*E^\[FormalU])/2 + E^(\[FormalU] + \[FormalV]/2) - E^\[FormalV], E^\[FormalU] + 2*E^(\[FormalU] + \[FormalV]/2) + E^(\[FormalV]/2) + E^(\[FormalU] + \[FormalV]) == 2*E^\[FormalV] + E^((3*\[FormalV])/2) && 1 + (1 + \[FormalU] - \[FormalV])*E^\[FormalU] + 2*E^(\[FormalU] + \[FormalV]/2) == 2*E^\[FormalV] && -1/3 < \[FormalU] < 0 && 1/3 < \[FormalV] < 1]
713	4*sqrt(2) - 6*sqrt(6)/Pi	elementary	64	not found	7	TWO, TANH, GAMMA, ARCTAN, ARCCOS, ARCTANH, TAN	4.568e-09	7989	0	71.4	8.3	4Sqrt[2]-6Sqrt[6]/Pi
714	generalized Glaisher-Kinkelin constant A(3)	special	64	not found	7	SEVEN, SQR, COS, SINH, GAMMA, THREE, DIVIDE	2.687e-09	6768	0	74.1	8.6	Exp[-11/720 - Zeta'[-3]]
715	a parking constant related to the asymptotic expected number of cars, assuming random car lengths	none	64	not found	7	EIGHT, INV, EXP, ARCSINH, NINE, POWER, TAN	5.555e-09	8444	0	71.4	8.3	
716	a constant related to the asymptotic evaluation of Product_{p prime congruent to 3 modulo 4} (1 + 1/p)	none	64	not found	7	PI, SQRT, EULER, DIVIDE, ARCCOS, SINH, SQRT	6.986e-11	9465	0	72.0	10.2	
717	ln(Gamma(1/3))	special	64	exact	4	THREE, INV, GAMMA, LOG	2.220e-16	2	0	0.2	64.0	LogGamma[1/3]
718	Reuleaux triangle square cutting fraction	elementary	64	not found	7	NINE, TAN, SINH, GAMMA, SQR, LOG, TANH	1.244e-09	9556	0	73.4	8.9	-3 + Pi/6 + 2*Sqrt[3]
719	logarithm of Khinchin constant	special	64	not found	7	NEG, ARCSINH, ARCSIN, TAN, EXP, ARCTANH, COS	1.287e-09	9420	0	73.1	8.9	Log[Khinchin]
720	phi(0), an auxiliary constant associated with Shapiro's cyclic sum constant lambda	none	64	not found	7	NINE, ARCCOSH, GAMMA, THREE, SUBTRACT, SQR, SIN	4.073e-10	10751	0	71.8	9.4	
721	Asymptotic behavior of Lebesgue constants	special	64	not found	7	TWO, SINH, TANH, GAMMA, GOLDENRATIO, PLUS, TANH	4.436e-09	24366	0	72.4	8.4	(-4*PolyGamma[0, 1/2])/Pi^2 + (8*Sum[Log[k]/(-1 + 4*k^2), {k, 1, Infinity}])/Pi^2
722	generalized Glaisher-Kinkelin constant A(4)	special	64	not found	7	EULER, ARCSINH, THREE, SUBTRACT, SINH, COSH, LOG	8.103e-09	13562	0	73.6	8.1	Exp[-3*Zeta[5]/(4*Pi^4)]
723	log π^2	elementary	64	exact	7	PI, LOG, THREE, ARCSINH, COSH, LOG, DIVIDE	1.110e-16	12217	0	74.6	64.0	Log10[Pi^2]
724	Ramanujan's first continued fraction constant	elementary	64	not found	7	EULER, COS, EXP, INV, ONE, PLUS, TANH	2.818e-09	30150	0	76.5	8.6	Exp[(2*Pi)/5]*(-GoldenRatio + Sqrt[GoldenRatio*Sqrt[5]])
725	One	rational	64	exact	1	ONE	0.000e+00	1	0	0.1	64.0	1
726	'nu', a coefficient related to the variance for searching corresponding to patricia tries	none	64	false positive	6	GOLDENRATIO, FOUR, SQR, GAMMA, DIVIDE, EXP	2.220e-16	1268302	0	93.7	16.1	
727	zeta(9)	special	64	not found	7	EIGHT, COS, SIN, PI, GAMMA, DIVIDE, COSH	1.905e-09	13143	0	75.7	8.7	Zeta[9]
728	side of the equilateral triangle that can cover every triangle of perimeter 2	none	64	not found	7	TWO, SIN, EIGHT, SQR, TIMES, COS, COSH	6.956e-10	9974	0	74.4	9.2	
729	generalized Stirling constant	none	64	not found	7	SEVEN, ARCCOSH, GOLDENRATIO, DIVIDE, LOG, COS, SINH	6.783e-10	9288	0	75.5	9.2	
730	Pi^3/(36*sqrt(3)) + 91*zeta(3)/216	special	64	not found	7	THREE, COS, PI, SINH, DIVIDE, ARCSIN, COSH	2.663e-09	12368	0	74.4	8.6	Pi^3/(36*Sqrt[3])+91*Zeta[3]/216
731	DeVicci's tesseract constant	algebraic	64	not found	7	SEVEN, EXP, ARCCOSH, SIN, INV, GAMMA, INV	1.127e-10	7827	0	74.6	9.9	Root[16 + 16*#1^2 - 7*#1^4 - 28*#1^6 + 4*#1^8 & , 3, 0]
732	zeta(7)	special	64	not found	7	FIVE, SQRT, LOG, SIN, GAMMA, INV, TAN	1.037e-09	7211	0	72.6	9.0	Zeta[7]
733	generalized Glaisher-Kinkelin constant A(5)	special	64	not found	7	THREE, LOG, ARCTAN, ARCSIN, GOLDENRATIO, TIMES, ARCTAN	2.022e-09	5387	0	74.9	8.7	Exp[137/15120-Zeta'[-5]]
734	Pi^3/64 + 7*zeta(3)/16	special	64	not found	7	SEVEN, LOG, ARCTAN, TWO, TAN, EXP, POWER	5.637e-09	5511	0	71.8	8.2	Pi^3/64+7Zeta[3]/16
735	Gieseking constant	special	64	not found	7	EIGHT, TANH, SIN, INV, TAN, ARCCOSH, ARCCOSH	6.730e-10	5420	0	71.2	9.2	(3*Sqrt[3]*(1 - PolyGamma[1, 2/3]/9 + PolyGamma[1, 4/3]/9))/4
736	h_3, a constant related to certain evaluations of the gamma function from elliptic integrals	special	64	not found	7	EIGHT, NINE, COS, ARCTAN, SINH, POWER, COSH	4.156e-09	4885	0	73.0	8.4	4*EllipticK[4*Sqrt[3]-7]/(Sqrt[2+Sqrt[3]]*Pi)
737	2*Pi^3/(81*sqrt(3)) + 13*zeta(3)/27	special	64	not found	7	EIGHT, ARCTAN, COS, TANH, SIX, DIVIDE, EXP	7.050e-09	3987	0	75.4	8.2	2Pi^3/(81Sqrt[3])+13Zeta[3]/27
738	an Ising constant related to the hexagonal lattice	none	64	not found	7	ONE, TANH, ARCSINH, PI, PLUS, ARCSINH, GAMMA	1.249e-09	4414	0	74.8	8.9	
739	6*arcsec(sqrt(3))/Pi^(3/2), an extreme value constant	special	64	not found	7	EULER, ARCTAN, ARCSINH, NINE, ARCSINH, LOG, POWER	1.182e-09	3872	0	76.2	8.9	6*ArcSec[Sqrt[3]]/Pi^(3/2)
740	e^pi/pi^e	elementary	64	exact	6	PI, EXP, PI, EULER, POWER, DIVIDE	2.220e-16	191	0	2.7	64.0	E^Pi/Pi^E
741	continued fraction constant (base 10)	elementary	64	not found	7	SIX, ARCTAN, ARCTAN, SIN, SINH, GAMMA, SQRT	4.838e-09	4346	0	75.3	8.3	Pi^2/(6Log[2]Log[10])
742	generalized Glaisher-Kinkelin constant A(2)	special	64	not found	7	EULER, SIN, TAN, TWO, TANH, LOG, POWER	1.589e-09	4595	0	75.5	8.8	Exp[Zeta[3]/(4*Pi^2)]
743	generalized hypergeometric function 3F2(1/2,1/2,1/2; 3/2,3/2; x) at x=1/2	special	64	not found	6	SEVEN, TANH, SQRT, TAN, ARCSINH, ARCSINH	2.130e-09	11248	0	71.8	8.7	(Pi*Log[2]/4 + Catalan)/Sqrt[2]
744	Hadamard-de la Vallee-Poussin constant	special	64	not found	7	TWO, NINE, SIN, COSH, EXP, GAMMA, DIVIDE	1.462e-10	5234	0	71.0	9.8	EulerGamma + Sum[(-1 + Prime[\[FormalK]])^(-1) + Log[1 - Prime[\[FormalK]]^(-1)], {\[FormalK], 1, Infinity}]
745	secant of 15 degrees (cosecant of 75 degrees)	algebraic	64	exact	5	SIX, SQRT, TWO, SQRT, SUBTRACT	2.220e-16	12	0	0.4	63.6	Sec[15 Degree]
746	zeta(5)	special	64	not found	7	PI, INV, COSH, COS, NEG, COS, PLUS	4.248e-09	4781	0	71.8	8.4	Zeta[5]
747	Landau-Kolmogorov constant C(3,1) for derivatives in the case L_infinity(-infinity, infinity)	none	64	exact	6	NINE, THREE, INV, POWER, TWO, DIVIDE	0.000e+00	196	0	2.7	64.0	
748	log10(11)	elementary	64	not found	7	TWO, SIX, ARCTAN, GOLDENRATIO, SUBTRACT, POWER, ARCSIN	6.062e-10	3574	0	71.9	9.2	Log[10, 11]
749	sec(phi), a constant related to the "broadworm" (or "caliper") problem	none	64	not found	7	FOUR, SEVEN, SINH, INV, SUBTRACT, ARCSINH, GAMMA	8.940e-11	4099	0	74.9	10.0	
750	Landau-Kolmogorov constant C(5,1) for derivatives in the case L_infinity(infinity, infinity)	none	64	not found	7	GOLDENRATIO, TANH, COS, SIN, ARCTAN, GAMMA, ARCTAN	2.579e-10	3982	0	74.4	9.6	
751	li(2) = gamma + log(log(2)) + Sum_{k>=1} log(2)^k / ( k*k! )	special	64	not found	7	GOLDENRATIO, TANH, SEVEN, POWER, ARCSINH, ARCTAN, ARCCOS	3.163e-09	4082	0	74.1	8.5	LogIntegral[2]
752	third pi	elementary	64	exact	3	TWO, INV, ARCCOS	0.000e+00	3	0	0.2	64.0	Pi/3
753	asymptotic constant in Goebel's sequence A003504	none	64	not found	7	EIGHT, TANH, PI, ARCTAN, COS, COS, DIVIDE	1.005e-09	4643	0	71.1	9.0	
754	Sum_{i>=0} 1/(2*i+1)^3	special	64	not found	7	SEVEN, SQRT, INV, ARCSIN, ARCTANH, COS, SINH	1.904e-09	3490	0	71.0	8.7	7 Zeta[3]/8
755	192*K^2*G/Pi^4 = Product_{p prime congruent to 1 modulo 4} (1 + 1/p^2), where K is the Landau-Ramanujan constant and G C	none	64	not found	7	EULER, GAMMA, ARCCOSH, EIGHT, SIN, ARCTANH, POWER	1.243e-08	3971	0	71.9	7.9	
756	1/2+2/sqrt(13), a constant related to the asymptotic evaluation of the number of self-avoiding rook paths joining opposi	algebraic	64	not found	7	NEG, NINE, INV, ARCSINH, SUBTRACT, EXP, COSH	3.505e-09	4359	0	71.5	8.5	1/2 + 2/Sqrt[13]
757	an infinite product involving the ratio of n! to its Stirling approximation	special	64	not found	7	EIGHT, NINE, COSH, DIVIDE, LOG, SIN, EXP	2.041e-09	4057	0	72.1	8.7	Glaisher^3/(2^(7/12)*Pi^(1/4))
758	Twelfth root of 2	algebraic	64	exact	5	TWO, SIX, INV, POWER, SQRT	0.000e+00	26	0	0.4	63.4	2^(1/12)
759	(3/4)*sqrt(2)	algebraic	64	exact	4	THREE, ARCCOSH, TANH, INV	0.000e+00	5	0	0.2	63.3	3 Sqrt[2]/4
760	I, a constant appearing (as I^2) in the asymptotic variance of the area of the convex hull of random points in the unit 	special	64	not found	7	TWO, ARCTAN, ARCCOSH, ARCSINH, COS, SQR, TAN	7.496e-10	4556	0	73.2	9.1	Sqrt[2]*Pi^2/Gamma[1/4]^2
761	(8*G - Pi*log(2 + sqrt(3)))/3, where G = A006752	special	64	not found	7	NINE, ARCTAN, INV, SINH, INV, ARCCOSH, TAN	2.151e-09	4772	0	74.6	8.7	(8Catalan-Pi Log[2+Sqrt[3]])/3
762	(gamma + log(16))/Pi	special	64	not found	7	FIVE, COS, SQRT, TAN, SQR, TAN, COSH	1.943e-09	3371	0	74.6	8.7	(EulerGamma + Log[16])/Pi
763	m_3, the expected number of returns to the origin in a three-dimensional random walk restricted to the region x >= y >= 	none	64	not found	7	EULER, SIN, COSH, SINH, INV, EXP, GAMMA	4.568e-10	3643	0	75.1	9.3	
764	Sum_{k >= 0} 1/(4*k+1)^2	special	64	not found	7	GOLDENRATIO, LOG, COSH, SIN, NINE, POWER, COSH	3.656e-09	4222	0	73.4	8.4	Catalan/2 + Pi^2/16
765	expected number of returns to the origin of a random walk on an 8-d lattice	none	64	not found	7	SIX, LOG, ARCCOSH, ONE, ARCSIN, TIMES, ARCTAN	1.450e-09	5361	0	74.3	8.8	
766	beta = 1.07869..., the best constant in Friedrichs' inequality in one dimension	none	64	not found	7	NEG, COS, COSH, GAMMA, EIGHT, COS, SUBTRACT	1.937e-08	7980	0	71.7	7.7	
767	Landau-Kolmogorov constant C(4,1) for derivatives in the case L_infinity(infinity, infinity)	none	64	not found	7	ONE, ARCTAN, GAMMA, EIGHT, SIN, TIMES, SQRT	1.882e-08	4021	0	71.0	7.7	
768	c = twice the maximum of Dawson's integral, a constant used in the asymptotic evaluation of the ideal hyperbolic n-cube 	none	64	not found	7	EULER, FIVE, ARCTAN, TANH, COSH, SUBTRACT, ARCSINH	8.255e-09	4525	0	71.0	8.1	
769	zeta(4) = pi^4/90	elementary	64	not found	7	ONE, SINH, GAMMA, COSH, ARCTAN, SIN, TAN	2.188e-09	4345	0	71.1	8.7	Pi^4/90
770	6*exp(gamma)/Pi^2	special	64	not found	7	FIVE, TANH, SQRT, TANH, SINH, SINH, SINH	5.357e-10	4409	0	71.7	9.3	6*Exp[EulerGamma]/Pi^2
771	Feller α coin-tossing constant	algebraic	64	not found	7	GOLDENRATIO, ARCTAN, SQR, GAMMA, PI, POWER, SINH	6.207e-12	4340	0	71.3	11.2	(2*(-1 - 2/(17 + 3*Sqrt[33])^(1/3) + (17 + 3*Sqrt[33])^(1/3)))/3
772	1/Gamma(7/4)	special	64	exact	5	SEVEN, FOUR, DIVIDE, GAMMA, INV	0.000e+00	9	0	0.3	63.7	1/Gamma[7/4]
773	Pi*log(2)/2	elementary	64	exact	5	TWO, PI, POWER, SQRT, LOG	0.000e+00	23	0	0.3	63.4	Pi*Log[2]/2
775	1/2+G/Pi, the highest limiting crest of a square wave Fourier series, where G is the Gibbs-Wilbraham constant	none	64	not found	6	PI, ARCTAN, ARCCOSH, SQRT, INV, SQRT	1.189e-09	4504	0	73.1	8.9	
776	expected number of returns to the origin of a random walk on a 7-d lattice	none	64	not found	7	NINE, SIN, ARCTAN, SQRT, ARCCOS, SQRT, SINH	5.142e-09	5043	0	75.7	8.3	
777	Gamma(1/4)^4/(16*Pi^2)	special	64	not found	7	TWO, SINH, LOG, TAN, EIGHT, DIVIDE, COSH	4.890e-09	3352	0	74.5	8.3	Gamma[1/4]^4/(16Pi^2)
778	square root of 6/5	none	64	exact	4	SIX, FIVE, DIVIDE, SQRT	0.000e+00	1	0	0.2	63.4	
779	a 5-dimensional analog of DeVicci's tesseract constant	algebraic	64	exact	5	EIGHT, SQRT, THREE, SQRT, SUBTRACT	2.220e-16	4	0	0.3	63.4	Sqrt[11-4*Sqrt[6]]
781	ln(3)	elementary	64	exact	2	THREE, LOG	0.000e+00	1	0	0.1	63.5	Log[3]
782	Paris constant	special	64	not found	7	PI, ARCCOSH, EULER, INV, SUBTRACT, ARCCOSH, INV	8.848e-10	4626	0	73.9	9.1	ConditionalExpression[Extension`ParisConstant == Limit[(2*GoldenRatio)^\[FormalN]*(GoldenRatio - Subscript[\[FormalCapitalF], \[FormalN]]), \[FormalN] -> Infinity]/2, Subscript[\[FormalCapitalF], 1] == 1 && Subscript[\[FormalCapitalF], \[FormalN]] == Sqrt[1 + Subscript[\[FormalCapitalF], -1 + \[FormalN]]]]
783	Lengyel constant	special	64	not found	7	EULER, TAN, EXP, INV, ARCSINH, GAMMA, INV	8.625e-10	4966	0	74.2	9.1	ConditionalExpression[Extension`LengyelConstant == Limit[(2^\[FormalN]*\[FormalN]^(1 + Log[2]/3)*Subscript[\[FormalC], \[FormalN]]*Log[2]^\[FormalN])/\[FormalN]!^2, \[FormalN] -> Infinity], Subscript[\[FormalC], 1] == 1 && Subscript[\[FormalC], \[FormalN]] == Sum[StirlingS2[\[FormalN], \[FormalK]]*Subscript[\[FormalC], \[FormalK]], {\[FormalK], 1, -1 + \[FormalN]}]]
784	log 4π	elementary	64	not found	7	SIX, SQRT, FIVE, TIMES, LOG, GAMMA, ARCSINH	3.532e-09	3547	0	73.7	8.5	Log10[4*Pi]
785	9*Sum_{k>=1} 1/(10^k-1)	none	64	not found	7	FIVE, NINE, DIVIDE, EXP, SIN, SIN, TAN	1.293e-08	3676	0	71.4	7.9	
786	1/Gamma(5/4)	special	64	exact	5	TWO, LOG, COSH, GAMMA, INV	0.000e+00	8	0	0.3	63.4	1/Gamma[5/4]
788	sqrt(8/Pi)*log(2), a constant related to the asymptotic evaluation of the minimum number of one-dimensional random walks	elementary	64	exact	6	FOUR, LOG, ONE, ARCSIN, SQRT, DIVIDE	0.000e+00	139	0	2.6	64.0	Sqrt[8/Pi]*Log[2]
790	1/Gamma(5/3)	special	64	exact	5	THREE, LOG, COSH, GAMMA, INV	0.000e+00	6	0	0.3	64.0	1/Gamma[5/3]
791	Pi/(2*sqrt(2))	none	64	exact	4	PI, EIGHT, SQRT, DIVIDE	0.000e+00	1	0	0.2	63.6	
792	4*L/(3*Pi), a constant related to the asymptotic evaluation of the number of primes of the form a^2+b^4, where L is Gaus	none	64	not found	7	GOLDENRATIO, ARCSINH, GAMMA, LOG, COS, SIN, TAN	7.017e-09	4664	0	71.5	8.2	
793	log10(13)	elementary	64	not found	7	PI, GAMMA, GAMMA, EIGHT, TIMES, INV, EXP	2.381e-09	4161	0	71.3	8.6	Log[10, 13]
794	positive real root of 3*x^4 - x^3 - x^2 - 2, a constant related to quasi-isometric mappings	none	64	not found	7	TWO, TANH, SQRT, GAMMA, THREE, COSH, POWER	4.012e-09	4541	0	71.0	8.4	
795	Landau-Kolmogorov constant C(5,2) for derivatives in the case L_infinity(infinity, infinity)	none	64	not found	7	SIX, LOG, THREE, ARCTAN, INV, ARCTAN, SUBTRACT	8.947e-10	3618	0	71.3	9.0	
796	expected number of returns to the origin of a random walk on a 6-d lattice	none	64	not found	7	FOUR, COS, TAN, COS, SQR, ARCTAN, COSH	1.275e-09	3708	0	74.5	8.9	
797	Goh-Schmutz constant	special	64	not found	7	NINE, SQR, SIN, COS, COS, GOLDENRATIO, TIMES	1.551e-09	3305	0	74.5	8.8	-Sum[(E^\[FormalK]*ExpIntegralEi[-\[FormalK]])/\[FormalK], {\[FormalK], 1, Infinity}]
798	Steinitz constant of the Euclidean plane	algebraic	64	exact	3	GOLDENRATIO, LOG, COSH	0.000e+00	1	0	0.2	63.6	Sqrt[5]/2
799	Landau-Kolmogorov constant C(5,3) for derivatives in the case L_infinity(infinity, infinity)	none	64	not found	7	THREE, ARCCOSH, THREE, TANH, FIVE, DIVIDE, POWER	3.831e-09	3696	0	72.2	8.4	
800	1/Gamma(4/3)	special	64	exact	5	THREE, LOG, SINH, GAMMA, INV	0.000e+00	13	0	0.3	63.6	1/Gamma[4/3]
801	2*exp(-gamma)	special	64	not found	7	SIX, ARCCOSH, ARCTAN, COS, ONE, PLUS, ARCSINH	6.601e-09	4769	0	72.2	8.2	2*Exp[-EulerGamma]
802	zeta(7/2)	special	64	not found	7	THREE, GOLDENRATIO, SIN, SINH, SINH, COS, POWER	5.550e-09	3393	0	72.9	8.3	Zeta[7/2]
803	2/sqrt(pi)	elementary	64	exact	4	ONE, ARCTAN, INV, SQRT	0.000e+00	4	0	0.2	63.4	2/Sqrt[Pi]
805	a coefficient associated with the asymptotics of the average distance between a vertex and the root of a random rooted t	none	64	not found	7	THREE, EULER, DIVIDE, GAMMA, SIN, EXP, GAMMA	1.029e-08	3283	0	73.9	8.0	
806	digital search tree β constant	special	64	not found	7	NINE, COS, TWO, COS, DIVIDE, TANH, SINH	8.195e-10	3467	0	75.6	9.1	-1 + (Log[2]*QPolyGamma[0, 1, 1/2] + QPolyGamma[1, 1, 1/2])/Log[2]^2
807	extreme value skewness	special	64	not found	7	PI, ARCTAN, ONE, PLUS, SIN, SQRT, INV	9.347e-09	3329	0	74.5	8.0	12*Sqrt[6]*Zeta[3]/Pi^3
808	a function approximation constant which is the analog of Gibbs's constant 2*G/Pi (A036793) for de la Vallée-Poussin sums	none	64	not found	7	SEVEN, SIN, TAN, SIN, SQR, TAN, COSH	1.850e-09	3417	0	75.1	8.7	
809	ln(pi)	elementary	64	exact	2	PI, LOG	0.000e+00	1	0	0.1	63.4	Log[Pi]
810	1/sqrt(tanh(1))	elementary	64	exact	4	ONE, TANH, INV, SQRT	0.000e+00	2	0	0.2	63.5	1/Sqrt[Tanh[1]]
811	Goldbach-Vinogradov constant	special	64	not found	7	TWO, COS, SINH, SIN, EXP, SQRT, GAMMA	6.148e-09	4124	0	73.9	8.2	Product[1 + (-1 + Prime[\[FormalK]])^(-3), {\[FormalK], 1, Infinity}]/2
812	Pi^2/(16*K^2*G) = Product_{p prime congruent to 3 modulo 4} (1 + 1/p^2), where K is the Landau-Ramanujan constant and G 	none	64	not found	7	GOLDENRATIO, GAMMA, SIN, SQRT, TANH, TAN, TAN	1.233e-08	3634	0	75.8	7.9	
813	Second Hermite constant	algebraic	64	exact	4	SEVEN, INV, ARCTANH, EXP	0.000e+00	9	0	0.2	64.0	2/Sqrt[3]
814	expected number of returns to the origin of a random walk on a 5-d lattice	none	64	not found	7	GOLDENRATIO, COS, COS, ARCTAN, SQR, ARCTAN, COSH	1.056e-08	3581	0	74.6	8.0	
815	cubic recurrence constant	special	64	not found	7	THREE, TAN, PI, TIMES, ONE, PLUS, COSH	3.335e-09	3362	0	74.6	8.5	Product[\[FormalK]^3^(-\[FormalK]), {\[FormalK], 1, Infinity}]
816	'xiHat', a constant used in the asymptotic evaluation of e.g.f. coefficients for the number of labeled mobiles	none	64	not found	7	TWO, COSH, ARCTAN, TWO, SIN, SUBTRACT, ARCCOS	1.527e-10	3320	0	75.1	9.8	
817	grazing goat constant	special	64	not found	7	SIX, THREE, SIN, LOG, INV, POWER, ARCCOS	5.504e-09	4045	0	75.9	8.3	Root[{Pi - 2*ArcCos[1 - #1^2/2] - 2*ArcCos[#1/2]*#1^2 + #1*Sqrt[4 - #1^2] & , 1.158728473018121517828233509934`30.063981678858028}]
818	Given the two curves y = exp(-x) and y = 2/(exp(x) + exp(x/2)), draw a line tangent to both. This sequence is the decima	none	64	not found	7	EULER, ARCTAN, TWO, LOG, TAN, ARCSINH, POWER	2.588e-09	6114	0	74.8	8.6	
819	expectation of the maximum of a size 5 sample from a normal (0,1) distribution	special	64	not found	7	TWO, ARCCOSH, SQR, COS, FOUR, ARCTAN, PLUS	1.165e-08	3536	0	74.7	7.9	5/Sqrt[Pi] - 15*ArcCsc[Sqrt[3]]/Pi^(3/2)
820	'c', an optimal stopping constant associated with the two choice case	none	64	not found	7	EIGHT, LOG, GOLDENRATIO, SQRT, POWER, SIN, COSH	5.583e-10	3973	0	75.5	9.3	
821	spanning tree constant of the square lattice	special	64	not found	7	ONE, TANH, TAN, GOLDENRATIO, SINH, DIVIDE, ARCCOS	8.884e-09	4426	0	73.9	8.1	4*Catalan/Pi
822	(5 + 3*sqrt(5))/10	algebraic	64	exact	5	GOLDENRATIO, SQR, FIVE, SQRT, DIVIDE	0.000e+00	13	0	0.3	63.5	(5 + 3 Sqrt[5])/10
823	sinh one	elementary	64	exact	2	ONE, SINH	0.000e+00	1	0	0.1	64.0	Sinh[1]
824	Salem constant	algebraic	64	not found	7	EIGHT, ARCSINH, SQRT, SINH, SIN, SINH, COSH	1.160e-09	3894	0	74.2	8.9	Root[1 + #1 - #1^3 - #1^4 - #1^5 - #1^6 - #1^7 + #1^9 + #1^10 & , 2, 0]
825	root ln four	elementary	64	exact	3	FOUR, LOG, SQRT	0.000e+00	1	0	0.2	63.4	Sqrt[Log[4]]
826	Gibbs constant	special	64	not found	7	TWO, THREE, TAN, POWER, GAMMA, TANH, GAMMA	1.907e-09	3801	0	74.3	8.7	(2*SinIntegral[Pi])/Pi
827	Lévy's constant	elementary	64	exact	6	NEG, ARCSIN, SQR, EIGHT, LOG, DIVIDE	0.000e+00	119	0	2.6	63.5	Pi^2/(12*Log[2])
828	Foias constant	none	64	not found	7	EULER, THREE, SUBTRACT, ARCTANH, SQR, ARCCOS, ARCSINH	1.413e-09	3854	0	72.4	8.8	
829	2^(1/4)	algebraic	64	exact	3	TWO, SQRT, SQRT	0.000e+00	1	0	0.2	63.6	2^(1/4)
830	theta_2, one of the angles associated with the bow-and-arrow configuration used in the 2-arc smallest length problem	none	64	not found	7	EIGHT, TANH, EXP, SQR, ARCSINH, INV, ARCCOS	2.313e-09	3787	0	76.1	8.6	
831	arithmetic-geometric mean constant	special	64	not found	7	GOLDENRATIO, ARCSINH, SIN, SQR, EXP, SIN, COSH	6.065e-09	3353	0	75.2	8.2	(2*Pi^(3/2)*Sqrt[2])/Gamma[1/4]^2
832	real fixed point of coth(z)	special	64	not found	7	PI, INV, NINE, LOG, TAN, TANH, SUBTRACT	1.061e-09	4710	0	75.0	9.0	Root[{-Coth[#1] + #1 & , 1.199678640257733833916369848641`30.079064926502777}]
833	lim_{n->infinity} ((1/log(n)^2)*Product_{2 < p < n, p prime} p/(p-2))	none	64	not found	7	ONE, TANH, FIVE, ARCCOSH, POWER, LOG, COSH	2.140e-09	4156	0	74.7	8.7	
834	sqrt(e^(1/e)) = 1.20194336847031	elementary	64	exact	4	NEG, EXP, EXP, SQRT	0.000e+00	3	0	0.3	63.9	E^(E^-1/2)
835	Apéry's constant	special	64	not found	7	PI, EIGHT, SQRT, EXP, DIVIDE, COSH, SINH	5.461e-09	3486	0	75.9	8.3	Zeta[3]
836	growth constant in random Fibonacci sequence	algebraic	64	not found	7	FIVE, INV, TAN, ARCSIN, ARCSIN, ONE, PLUS	8.458e-09	3316	0	75.5	8.1	Root[#1^3 + #1^2 - #1 - 2 &, 1]
837	sqrt(A224273)	special	64	not found	7	ONE, ARCSIN, NEG, ARCSIN, SQR, GAMMA, DIVIDE	3.810e-09	3411	0	75.8	8.4	Sqrt[3] Gamma[1/3]^(3/2)/(2 Pi)
838	2/sqrt(e), a constant appearing in the expression of the asymptotic expected volume V(d) of the convex hull of randomly 	elementary	64	exact	4	FOUR, EULER, DIVIDE, SQRT	0.000e+00	13	0	0.6	63.4	2/Sqrt[E]
839	12/Pi^2	elementary	64	exact	5	THREE, NEG, ARCSIN, SQR, DIVIDE	0.000e+00	5	0	0.7	63.7	12/Pi^2
840	positive real root of x^4 - x - 1	algebraic	64	not found	7	ONE, SIN, GOLDENRATIO, COSH, SUBTRACT, THREE, PLUS	1.713e-09	3466	0	75.1	8.8	Root[#1^4 - #1 - 1 &, 2]
841	Mertens constant C(5,1)	none	64	not found	7	EULER, SEVEN, ARCCOSH, DIVIDE, SQRT, SQR, SINH	7.879e-09	3867	0	76.7	8.1	
842	Gamma(3/4)	special	64	exact	4	TWO, LOG, SINH, GAMMA	0.000e+00	3	0	0.6	63.6	Gamma[3/4]
843	Fibonacci factorial constant	special	64	not found	7	EULER, TANH, EIGHT, PLUS, SQR, ARCTAN, ARCSINH	3.887e-09	4011	0	74.7	8.4	QPochhammer[-GoldenRatio^(-2)]
844	log10(17)	elementary	64	not found	7	EULER, TANH, ARCSINH, ARCSINH, NEG, ARCSINH, POWER	2.703e-08	3535	0	75.0	7.6	Log[10, 17]
845	Second Favard constant	elementary	64	exact	4	PI, SQR, EIGHT, DIVIDE	0.000e+00	1	0	0.5	64.0	Pi^2/8
846	Feller β coin-tossing constant	algebraic	64	not found	7	NINE, SINH, TWO, PLUS, LOG, SQRT, ARCTAN	9.511e-10	3928	0	74.5	9.0	(2 + 4*(17 + 3*Sqrt[33])^(1/3) - (17 + 3*Sqrt[33])^(2/3))/(6 + 9*(17 + 3*Sqrt[33])^(1/3) - 3*(17 + 3*Sqrt[33])^(2/3))
847	expected number of returns to the origin of a random walk on a 4-d lattice	none	64	not found	7	ONE, SIN, TWO, PLUS, ARCCOSH, SQR, ARCTAN	1.091e-08	2767	0	73.8	8.0	
848	Bertrand's constant	none	46	not found	7	NINE, ARCSINH, LOG, LOG, INV, ARCCOSH, LOG	5.389e-09	3479	0	74.2	8.3	
849	root half pi	elementary	64	exact	3	ONE, ARCSIN, SQRT	2.220e-16	1	0	0.4	63.9	Sqrt[Pi/2]
850	Khinchin-Lévy sum constant	special	64	not found	7	NEG, ARCSINH, EXP, SIN, GOLDENRATIO, POWER, EXP	4.572e-09	2768	0	74.1	8.3	Sum[Log[1 + \[FormalK]]/(\[FormalK]*(1 + \[FormalK])), {\[FormalK], 1, Infinity}]
851	Cube root of 2	algebraic	64	exact	4	TWO, THREE, INV, POWER	0.000e+00	3	0	0.5	63.9	2^(1/3)
852	limiting length appearing in the asymptotic probability involved in the "stick breaking" problem	none	64	not found	7	SEVEN, TANH, COSH, GOLDENRATIO, COS, SUBTRACT, SQRT	1.223e-09	5180	0	74.4	8.9	
853	c*sqrt(e/2), a constant associated with Dawson's integral and the asymptotic evaluation of the ideal hyperbolic n-cube v	none	64	not found	7	THREE, EIGHT, TANH, DIVIDE, ARCCOSH, ARCTAN, SINH	9.891e-10	4471	0	74.6	9.0	
854	fractal dimension of Koch snowflake	elementary	64	exact	5	FOUR, LOG, THREE, LOG, DIVIDE	0.000e+00	4	0	0.6	63.6	Log[4]/Log[3]
855	Vardi constant	special	64	not found	7	NINE, ARCSINH, GAMMA, SQR, COSH, SIN, ARCTANH	1.085e-08	5197	0	75.2	8.0	ConditionalExpression[Extension`VardiConstant == (Exp[Sum[2^(-1 - \[FormalK])*Log[1 + (-1 + 2*Subscript[\[FormalA], \[FormalK]])^(-2)], {\[FormalK], 1, Infinity}]]*Sqrt[6])/2, Subscript[\[FormalA], 0] == 2 && Subscript[\[FormalA], \[FormalN]] == 1 - Subscript[\[FormalA], -1 + \[FormalN]] + Subscript[\[FormalA], -1 + \[FormalN]]^2]
856	expectation of the maximum of a size 6 sample from a normal (0,1) distribution	none	64	not found	7	FIVE, SINH, SIN, SINH, TAN, COSH, ARCTAN	3.088e-09	3035	0	75.6	8.5	
857	constant c_0 appearing in the asymptotic evaluation of the n-th Lebesgue constant (related to Fourier series) as L_n ~ (	none	64	not found	7	NEG, COSH, SQR, COSH, ARCTAN, INV, COSH	1.916e-10	2646	0	74.3	9.7	
858	Ramanujan-Forsyth series constant	elementary	64	exact	3	ONE, ARCTAN, INV	0.000e+00	2	0	0.4	63.4	4/Pi
859	log10(19)	elementary	64	not found	7	FIVE, INV, ARCTANH, FOUR, TAN, SQRT, PLUS	4.004e-09	4227	0	73.9	8.4	Log[10, 19]
860	Glaisher-Kinkelin constant	special	64	not found	7	ONE, TANH, ARCCOS, GAMMA, COS, ARCTANH, ARCCOS	2.363e-08	2518	0	71.9	7.6	Glaisher
861	theta_1, one of the angles associated with the bow-and-arrow configuration used in the 2-arc smallest length problem	none	64	not found	7	FOUR, INV, ARCCOS, ARCTAN, GAMMA, FIVE, POWER	5.579e-10	3648	0	73.6	9.3	
862	ln(Gamma(1/4))	special	64	exact	4	FOUR, INV, GAMMA, LOG	0.000e+00	1	0	0.6	63.4	LogGamma[1/4]
863	integral of the q-Pochhammer symbol over -1..1	elementary	64	not found	7	FIVE, SEVEN, SIN, ARCSINH, GAMMA, DIVIDE, ARCTAN	3.605e-09	3072	0	72.3	8.4	4*Sqrt[3/23]*Pi*(2*Sinh[Sqrt[23]*Pi/6] + Sqrt[2]*Sinh[Sqrt[23]*Pi/4])/(2*Cosh[Sqrt[23]*Pi/3] - 1)
864	second Bernoulli sophomore dream constant	special	64	not found	7	ONE, TAN, ARCCOSH, COS, SIN, SQR, EXP	5.365e-09	2860	0	71.9	8.3	Sum[\[FormalK]^(-\[FormalK]), {\[FormalK], 1, Infinity}]
865	(4/sqrt(Pi))*exp(-gamma/2)*K where K is the Landau-Ramanujan constant and gamma the Euler-Mascheroni constant	none	64	not found	7	ONE, ARCTAN, THREE, LOG, SQR, POWER, COSH	1.871e-09	3564	0	71.4	8.7	
866	Salem number of degree 38 (Mossinghoff)	algebraic	64	not found	7	TWO, SQRT, SINH, NEG, PLUS, ARCTAN, COSH	9.549e-09	3097	0	71.4	8.0	Root[#1^38 - #1^36 - #1^34 - #1^29 + #1^28 - #1^24 - #1^14 + #1^10 - #1^9 - #1^4 - #1^2 + 1 &, 4]
868	Mertens constant C(5,4)	none	64	not found	7	FOUR, TAN, COSH, INV, COS, ARCTAN, GAMMA	4.175e-10	3544	0	71.4	9.4	
871	Conway's constant	algebraic	64	not found	7	THREE, ARCTAN, ARCCOSH, SQRT, ARCCOS, SQRT, INV	5.611e-09	3268	0	72.2	8.3	Root[-6 + 3*#1 - 6*#1^2 + 12*#1^3 - 4*#1^4 + 7*#1^5 - 7*#1^6 + #1^7 + 5*#1^9 - 2*#1^10 - 4*#1^11 - 12*#1^12 + 2*#1^13 + 7*#1^14 + 12*#1^15 - 7*#1^16 - 10*#1^17 - 4*#1^18 + 3*#1^19 + 9*#1^20 - 7*#1^21 - 8*#1^23 + 14*#1^24 - 3*#1^25 + 9*#1^26 + 2*#1^27 - 3*#1^28 - 10*#1^29 - 2*#1^30 - 6*#1^31 + #1^32 + 10*#1^33 - 3*#1^34 + #1^35 + 7*#1^36 - 7*#1^37 + 7*#1^38 - 12*#1^39 - 5*#1^40 + 8*#1^41 + 6*#1^42 + 10*#1^43 - 8*#1^44 - 8*#1^45 - 7*#1^46 - 3*#1^47 + 9*#1^48 + #1^49 + 6*#1^50 + 6*#1^51 - 2*#1^52 - 3*#1^53 - 10*#1^54 - 2*#1^55 + 3*#1^56 + 5*#1^57 + 2*#1^58 - #1^59 - #1^60 - #1^61 - #1^62 - #1^63 + #1^64 + 2*#1^65 + 2*#1^66 - #1^67 - 2*#1^68 - #1^69 + #1^71 & , 3, 0]
872	Mills' constant	special	64	not found	7	GOLDENRATIO, NEG, SIN, DIVIDE, ARCSINH, ARCSINH, SQR	3.086e-09	4193	0	72.1	8.5	ConditionalExpression[Extension`MillsConstant == \[FormalX], ForAll[\[FormalN], Element[\[FormalN], Integers] && \[FormalN] > 0, Element[Floor[\[FormalX]^3^\[FormalN]], Primes]] && ForAll[Subscript[\[FormalX], 1], Subscript[\[FormalX], 1] < \[FormalX], Exists[\[FormalN], Element[\[FormalN], Integers] && \[FormalN] > 0, NotElement[Floor[Subscript[\[FormalX], 1]^3^\[FormalN]], Primes]]]]
873	first lemniscate constant	special	64	not found	7	FOUR, SINH, COS, EIGHT, TAN, TIMES, ARCTAN	1.122e-08	4066	0	74.8	8.0	Gamma[1/4]^2/(4*Sqrt[2*Pi])
874	Khinchin mean K_{-3}	none	64	not found	7	SIX, PI, DIVIDE, GAMMA, TANH, ARCSINH, GAMMA	3.574e-10	2535	0	75.1	9.4	
875	3^(1/4)	algebraic	64	exact	3	THREE, SQRT, SQRT	0.000e+00	1	0	0.4	63.5	3^(1/4)
876	extended twin prime conjecture constant	special	64	not found	7	NEG, ARCTAN, EXP, TAN, SIN, SQRT, GAMMA	1.114e-09	3105	0	74.1	9.0	2*Product[1 - (-1 + Prime[\[FormalK]])^(-2), {\[FormalK], 2, Infinity}]
877	Plastic ratio	algebraic	64	not found	6	EIGHT, GAMMA, ARCCOSH, ARCTAN, INV, GAMMA	3.844e-10	3016	0	71.7	9.4	(27/2 - (3*Sqrt[69])/2)^(1/3)/3 + ((9 + Sqrt[69])/2)^(1/3)/3^(2/3)
878	pi^(1/4)	elementary	64	exact	3	PI, SQRT, SQRT	0.000e+00	1	0	0.4	64.0	Pi^(1/4)
879	constant B3 (or B_3) related to the Mertens constant	none	64	not found	7	ONE, SINH, GAMMA, TAN, LOG, ARCSIN, EXP	4.693e-09	3481	0	71.5	8.3	
880	imaginary part of the solution of z = log z	special	64	not found	7	EULER, TWO, SUBTRACT, ARCSINH, ARCSINH, ARCSIN, GAMMA	1.402e-09	3030	0	72.5	8.9	Im[ProductLog[-1]]
881	monomer-dimer constant	special	64	not found	7	THREE, SQRT, GOLDENRATIO, ARCSINH, EXP, ARCTAN, DIVIDE	2.480e-08	3122	0	72.4	7.6	E^(Catalan/Pi)
882	totient product constant	special	64	not found	7	PI, ARCCOSH, SIN, SINH, TAN, COSH, ARCTAN	9.501e-09	4364	0	71.9	8.0	Product[1 + 1/((-1 + Prime[\[FormalK]])*Prime[\[FormalK]]^2), {\[FormalK], 1, Infinity}]
883	zeta(5/2)	special	64	not found	7	THREE, ARCTAN, FOUR, EXP, ARCTAN, DIVIDE, COSH	2.272e-09	3053	0	71.4	8.6	Zeta[5/2]
884	entropy constant related to A063443	none	18	not found	7	FIVE, ARCSINH, SIN, ARCSIN, THREE, PLUS, LOG	1.602e-08	4625	0	71.6	7.8	
885	'b', an auxiliary constant associated with the asymptotic probability of success in the full information version of the 	none	64	not found	7	GOLDENRATIO, SQRT, SIN, SQRT, COS, INV, ARCSINH	6.182e-10	3549	0	74.9	9.2	
886	Davis constant	special	64	not found	7	TWO, SINH, TAN, INV, TANH, TANH, INV	3.070e-09	2774	0	75.0	8.5	Pi^2/(8*Catalan)
887	'xi', a constant related to the second order quadratic recurrence q(0)=q(1)=1, q(n)=q(n-2)*(q(n-1)+1)	none	64	not found	7	EULER, SINH, ARCCOSH, EIGHT, ARCTAN, SINH, DIVIDE	2.737e-09	3144	0	75.1	8.6	
888	mean number of iterations in comparing two numbers via their continued fractions	none	64	not found	7	EULER, SQRT, COS, ARCSINH, SEVEN, ARCTAN, PLUS	3.614e-09	2871	0	72.9	8.4	
889	expectation of the maximum of a size 7 sample from a normal (0,1) distribution	none	64	not found	7	NINE, SIN, SINH, SIN, SQRT, ARCCOS, ARCTANH	1.510e-08	3704	0	71.9	7.8	
890	'c', an asymptotic constant related to a variation of the "Secretary problem" with a uniform distribution	none	64	not found	7	ONE, TAN, SQRT, SQRT, COSH, TANH, TAN	2.069e-08	3418	0	72.4	7.7	
891	Gamma(2/3)	special	64	exact	4	FOUR, SIX, DIVIDE, GAMMA	0.000e+00	3	0	0.5	64.0	Gamma[2/3]
892	golden spiral constant	elementary	64	exact	5	GOLDENRATIO, SQR, PI, INV, POWER	0.000e+00	9	0	0.7	63.7	GoldenRatio^(2/Pi)
893	Pippenger product constant	elementary	64	exact	3	EULER, TWO, DIVIDE	0.000e+00	1	0	0.4	64.0	E/2
894	log10(23)	elementary	64	not found	7	SEVEN, SQRT, ONE, COS, COS, ARCTANH, SUBTRACT	3.731e-09	4430	0	74.7	8.4	Log[10, 23]
895	log e^π	elementary	64	exact	6	PI, SEVEN, THREE, PLUS, LOG, DIVIDE	1.110e-16	116	0	3.2	64.0	Log10[E^Pi]
896	Shallit constant	special	64	not found	7	EIGHT, SQRT, LOG, LOG, SQRT, ARCTANH, ARCCOS	3.558e-09	4388	0	74.4	8.4	ConditionalExpression[Extension`ShallitConstant == Limit[3*\[FormalN] - Min[Sum[Subscript[\[FormalX], \[FormalK]], {\[FormalK], 1, \[FormalN]}] + Sum[Product[Subscript[\[FormalX], \[FormalJ]]^(-1), {\[FormalJ], \[FormalI], \[FormalK]}], {\[FormalK], 1, \[FormalN]}, {\[FormalI], 1, \[FormalK]}]], \[FormalN] -> Infinity], Element[Subscript[\[FormalX], \[FormalJ]], Reals] && Subscript[\[FormalX], \[FormalJ]] > 0]
897	Hardy-Littlewood conjecture constant	special	64	not found	7	TWO, ARCTAN, FIVE, COS, PLUS, SINH, SQRT	1.384e-09	4134	0	75.2	8.9	Inactive[Product][1 - (-1)^((-1 + Prime[\[FormalK]])/2)/(-1 + Prime[\[FormalK]]), {\[FormalK], 2, Infinity}]
898	sum of 1/(p-1)^2 over all primes p	none	64	not found	7	ONE, TANH, ARCSINH, GOLDENRATIO, COS, PLUS, GAMMA	1.871e-09	4617	0	75.6	8.7	
899	Kneser-Mahler β constant	special	64	not found	7	FIVE, INV, ARCSINH, SEVEN, INV, TAN, DIVIDE	2.657e-09	3753	0	74.4	8.6	Exp[(9 - PolyGamma[1, 2/3] + PolyGamma[1, 4/3])/(4*Pi*Sqrt[3])]
900	arccosh(8)/2 = ln((3 + sqrt 7)/sqrt 2)	elementary	64	exact	4	EIGHT, ARCCOSH, TWO, DIVIDE	0.000e+00	1	0	0.3	63.7	ArcCosh[8]/2
901	ln(4)	elementary	64	exact	2	FOUR, LOG	0.000e+00	1	0	0.1	64.0	Log[4]
903	Gamma(1/4)^4/(4*Pi^3)	special	64	not found	6	GOLDENRATIO, SIN, SINH, EXP, ARCSINH, ARCSINH	3.996e-09	2821	0	73.9	8.4	Gamma[1/4]^4/(4*Pi^3)
904	hard hexagon entropy constant	algebraic	64	not found	7	FOUR, THREE, ARCCOSH, ARCTAN, DIVIDE, SQRT, SQRT	1.248e-08	3317	0	74.4	7.9	Root[-32751691810479015985152 + 97143135277377575190528*#1^4 - 73347491183630103871488*#1^6 - 71220809441400405884928*#1^8 + 107155448150443388043264*#1^10 - 72405670285649161617408*#1^12 + 2958015038376958230528*#1^14 + 7449488310131083100160*#1^16 + 797726698866658379776*#1^18 + 2505062311720673792*#1^20 + 2013290651222784*#1^22 + 25937424601*#1^24 &, 2]
905	e^(1/3)	elementary	64	exact	3	THREE, INV, EXP	0.000e+00	1	0	0.2	64.0	E^(1/3)
906	unique solution of the equation sum_(p prime)(1/p^x) = 1, a constant related to the asymptotic evaluation of the number 	none	64	not found	7	GOLDENRATIO, SIN, ARCTAN, TANH, COSH, ARCTAN, ARCTANH	3.402e-09	2758	0	73.8	8.5	
907	Myrberg point	none	64	not found	7	SEVEN, EULER, COS, POWER, ARCTAN, ARCSIN, ARCCOS	1.784e-08	3220	0	75.1	7.7	
908	L = Integral_{t=0..1} 1/(1-2t^2/3) dt, an auxiliary constant associated with one of the integral inequalities studied by	elementary	64	exact	7	FIVE, ARCCOSH, EIGHT, THREE, DIVIDE, SQRT, DIVIDE	0.000e+00	2885	0	74.3	63.7	Sqrt[3/2]*ArcTanh[Sqrt[2/3]]
909	complex Grothendieck constant upper bound	special	64	not found	7	PI, EULER, ARCCOSH, LOG, SINH, DIVIDE, ARCTAN	3.339e-10	3865	0	76.9	9.5	(-EllipticE[-1] + 2*EllipticK[-1])^(-1)
910	1 + 1/(1*3) + 1/(1*3*5) + 1/(1*3*5*7) + 	special	64	not found	7	GOLDENRATIO, LOG, TAN, TAN, SQR, ARCTANH, EXP	5.011e-09	3119	0	74.6	8.3	Sqrt[E*Pi/2] * Erf[1/Sqrt[2]]
911	Pythagoras constant	algebraic	64	exact	2	TWO, SQRT	0.000e+00	1	0	0.1	64.0	Sqrt[2]
912	inverse of carefree constant	special	64	not found	7	NINE, ARCSINH, GAMMA, ARCTAN, SIN, TANH, INV	1.872e-09	3848	0	74.8	8.7	Product[1 + (-1 + Prime[\[FormalK]] + Prime[\[FormalK]]^2)^(-1), {\[FormalK], 1, Infinity}]
913	Sum_{m >= 0, m not a binary self number} 2^(-m)	none	64	not found	7	ONE, ARCTAN, TANH, SINH, ARCCOS, SQRT, COSH	7.080e-09	3487	0	71.6	8.1	
914	expectation of the maximum of a size 8 sample from a normal (0,1) distribution	none	64	not found	7	TWO, ARCTAN, TANH, NINE, POWER, GAMMA, ARCTAN	9.130e-10	3240	0	72.2	9.0	
915	'eta', a constant related to the second order quadratic recurrence q(0)=q(1)=1, q(n)=q(n-2)*(q(n-1)+1)	none	64	not found	7	GOLDENRATIO, COSH, SEVEN, SIN, TANH, SUBTRACT, SQRT	5.431e-09	3750	0	75.7	8.3	
916	exp(sqrt(Pi/24))	elementary	64	exact	6	TWO, INV, ARCSIN, SQRT, EXP, SQRT	0.000e+00	125	0	2.8	63.7	Exp[Sqrt[Pi/24]]
917	first Lebesgue constant	elementary	64	not found	7	EIGHT, EXP, ARCTAN, ONE, TANH, DIVIDE, SQRT	4.958e-09	3868	0	76.1	8.3	1/3 + (2*Sqrt[3])/Pi
918	Cube root of 3	algebraic	64	exact	4	THREE, THREE, INV, POWER	0.000e+00	2	0	0.2	63.5	3^(1/3)
919	log2(e)	elementary	64	exact	3	TWO, LOG, INV	0.000e+00	2	0	0.2	64.0	1/Log[2]
920	Steiner number	elementary	64	exact	3	NEG, EXP, EXP	0.000e+00	2	0	0.1	63.7	E^E^(-1)
921	Khinchin mean K_{-2}	none	64	not found	7	EIGHT, ARCCOSH, PI, GAMMA, SIN, SUBTRACT, ARCSINH	2.512e-09	4080	0	74.7	8.6	
922	Soldner constant	special	64	not found	7	FOUR, TAN, TAN, ARCCOSH, SINH, TANH, TAN	7.007e-09	5472	0	76.4	8.2	Root[{LogIntegral[#1] & , 1.4513692348833810502839684858920274494930322836480158630931`30.}]
923	Backhouse's constant	special	64	not found	7	THREE, PI, SQRT, GAMMA, SUBTRACT, TANH, TAN	1.602e-09	4577	0	75.3	8.8	ConditionalExpression[Extension`BackhouseConstant == Limit[Abs[Subscript[\[FormalQ], 1 + \[FormalN]]/Subscript[\[FormalQ], \[FormalN]]], \[FormalN] -> Infinity], Sum[\[FormalZ]^\[FormalK]*Subscript[\[FormalQ], \[FormalK]], {\[FormalK], 0, Infinity}] == (1 + Sum[\[FormalZ]^\[FormalK]*Prime[\[FormalK]], {\[FormalK], 1, Infinity}])^(-1)]
924	AGM(1, 2)	special	64	not found	7	FIVE, LOG, TANH, COSH, FOUR, TANH, POWER	7.067e-09	5683	0	75.6	8.2	ArithmeticGeometricMean[1, 2]
926	1 - ln(1 - 1/e) (random mappings)	elementary	64	exact	6	TWO, EULER, NEG, PLUS, LOG, SUBTRACT	0.000e+00	148	0	2.8	63.8	1 - Log[1 - 1/E]
927	zeta(1/2) (negated)	special	64	not found	7	GOLDENRATIO, NINE, TANH, ARCSINH, ARCTAN, SINH, POWER	2.177e-09	5845	0	74.5	8.7	-(Zeta[1/2])
928	Baxter's four-coloring constant	special	64	not found	7	SIX, ARCTAN, SIN, COS, TWO, SIN, PLUS	3.460e-10	3606	0	74.7	9.5	3 Gamma[1/3]^3/(4 Pi^2)
929	position of the positive minimum of the gamma function	special	64	not found	7	SEVEN, TAN, COSH, ARCSINH, EIGHT, TIMES, ARCTAN	3.485e-09	6387	0	75.2	8.5	Root[{PolyGamma[0, #1] & , 1.46163214496836234126265954233`29.164838085677864}]
930	log10(29)	elementary	64	not found	7	THREE, ONE, COS, SQR, COS, SUBTRACT, ARCSINH	9.754e-09	3191	0	74.2	8.0	Log[10, 29]
931	cbrt pi	elementary	64	exact	4	PI, THREE, INV, POWER	1.110e-16	2	0	0.2	64.0	Pi^(1/3)
932	Supergolden ratio	algebraic	64	not found	7	EULER, SEVEN, ARCSINH, ARCTAN, DIVIDE, EXP, ARCTAN	5.666e-09	3441	0	73.2	8.2	(1 + (29/2 - (3*Sqrt[93])/2)^(1/3) + ((29 + 3*Sqrt[93])/2)^(1/3))/3
933	Porter's constant	special	64	not found	7	PI, LOG, SEVEN, INV, COS, ARCTAN, DIVIDE	1.453e-08	3845	0	73.9	7.8	-1/2 + (6*Log[2]*(-2 + 4*EulerGamma + 3*Log[2] - (24*Derivative[1][Zeta][2])/Pi^2))/Pi^2
934	Product_{p prime} (1+1/p)^(1/p), an infinite product considered and computed by Marc Deléglise	none	64	not found	7	PI, GOLDENRATIO, PI, LOG, SQRT, POWER, SUBTRACT	1.511e-09	3317	0	72.1	8.8	
935	variance of the degree (valency) of the root of a random rooted tree with n vertices	none	64	not found	7	NEG, ARCSINH, SQR, COSH, NINE, PLUS, ARCTAN	3.813e-09	4453	0	72.3	8.4	
936	constant C such that Sum_{k>=1} 1/C^p(k) = 1 where p(k) is the k-th prime	none	64	not found	7	FOUR, INV, ARCSINH, GOLDENRATIO, COSH, DIVIDE, ARCCOS	2.006e-09	4704	0	72.3	8.7	
937	Landau-Kolmogorov constant C(4,3) for derivatives in the case L_infinity(infinity, infinity)	none	64	exact	6	FIVE, GAMMA, FIVE, DIVIDE, SQRT, SQRT	0.000e+00	200	0	2.7	63.9	
938	coefficient c_md in c_md*log(N)^(1/rho), the asymptotic mean number of distinct factors in a random factorization of n <	none	64	not found	7	SIX, SINH, THREE, DIVIDE, ARCCOSH, SQRT, SQRT	5.520e-09	4140	0	73.6	8.3	
939	Bateman-Grosswald constant zeta(2/3)/zeta(2), a constant (negated) arising in the asymptotic evaluation of the number of	special	64	not found	7	THREE, SINH, COSH, LOG, EULER, PLUS, ARCTAN	1.949e-09	3321	0	75.0	8.7	-(Zeta[2/3] / Zeta[2])
940	smallest positive root of the function lambda(x) = Sum_{n>=0} (-1)^n*x^n/(2^(n*(n-1)/2)*n!)	none	64	not found	7	EIGHT, ARCCOSH, GAMMA, FOUR, SUBTRACT, TAN, TAN	4.750e-10	4070	0	73.3	9.3	
941	log10(31)	elementary	64	not found	7	EULER, SINH, ARCCOSH, INV, COSH, SIX, POWER	3.920e-09	3297	0	71.0	8.4	Log[10, 31]
942	Landau-Kolmogorov constant C(5,4) for derivatives in the case L_infinity(-infinity, infinity)	none	64	exact	7	TWO, INV, SEVEN, PLUS, FIVE, INV, POWER	0.000e+00	3627	0	71.2	63.5	
943	lim_{n -> infinity} A001699(n)^(1/2^n)	none	64	not found	7	GOLDENRATIO, TANH, SIN, COS, COSH, GAMMA, ARCTANH	1.084e-09	4603	0	72.4	9.0	
944	hard square entropy constant	none	44	not found	7	GOLDENRATIO, COSH, SIN, SINH, GOLDENRATIO, PLUS, ARCSINH	4.779e-09	2679	0	75.2	8.3	
945	Greenfield-Nussbaum constant	none	64	not found	7	ONE, ARCSINH, GOLDENRATIO, POWER, GAMMA, COS, EXP	6.175e-10	3802	0	73.8	9.2	
946	Selberg-Delange constant Product_{prime p > 2} (1 + 1/(p(p-2)))	none	64	not found	7	FOUR, ARCTAN, ARCTAN, SQRT, ARCSIN, GOLDENRATIO, POWER	1.151e-10	2970	0	74.9	9.9	
947	value of Watson's integral	special	64	not found	7	SIX, FIVE, GOLDENRATIO, TAN, SUBTRACT, ARCCOSH, DIVIDE	7.591e-10	3513	0	73.0	9.1	Sqrt[6]/32/Pi^3*Gamma[1/24]*Gamma[5/24]*Gamma[7/24]*Gamma[11/24]
948	(Glaisher^12/(2^(4/3) * Pi * e^EulerGamma))^(Pi^2/8)	special	64	not found	7	FOUR, ARCTAN, EXP, ARCSINH, GOLDENRATIO, SUBTRACT, EXP	1.444e-09	4008	0	71.0	8.8	(Glaisher^12/(2^(4/3)Pi E^EulerGamma))^(Pi^2/8)
949	Bateman-Stemmler constant	special	64	not found	7	GOLDENRATIO, SQR, TANH, LOG, ARCSIN, EXP, TAN	2.367e-09	4970	0	71.2	8.6	Product[(1 - (2 + KroneckerSymbol[-3, Prime[\[FormalK]]])/Prime[\[FormalK]])/(1 - Prime[\[FormalK]]^(-1))^2, {\[FormalK], 1, Infinity}]
950	equianharmonic Weierstrass elliptic ω_2 constant	special	64	not found	7	FOUR, FOUR, ARCCOSH, POWER, SEVEN, PLUS, ARCTAN	5.870e-09	6060	0	72.0	8.2	Gamma[1/3]^3/(4*Pi)
951	exp(7*zeta(3)/(2*Pi^2))	special	64	not found	7	TWO, FOUR, ARCSINH, EIGHT, DIVIDE, ARCCOS, DIVIDE	1.246e-08	4392	0	71.7	7.9	Exp[7*Zeta[3]/(2*Pi^2)]
952	Sum_{n>=1} 1/Fibonacci(2*n)	none	64	not found	7	NEG, COS, INV, GAMMA, SINH, ARCCOSH, EXP	4.611e-09	5829	0	71.9	8.3	
953	Lieb's square ice constant	algebraic	64	exact	6	EIGHT, THREE, DIVIDE, THREE, SQRT, DIVIDE	0.000e+00	138	0	3.1	63.7	8/(3*Sqrt[3])
954	Madelung 2D hexagonal lattice constant	special	64	not found	7	NINE, TANH, COSH, GOLDENRATIO, SIN, SQRT, TIMES	5.848e-09	8886	0	72.3	8.2	(-3 + Sqrt[3])*Zeta[1/2]*(Zeta[1/2, 1/6] + (1 - Sqrt[2])*Zeta[1/2, 1/3])
955	cosh one	elementary	64	exact	2	NEG, COSH	0.000e+00	2	0	0.2	63.7	Cosh[1]
956	maximal width of a Reuleaux triangle avoiding all vertices of the integer square lattice	none	64	not found	7	PI, GAMMA, SQRT, ARCSINH, SQR, COSH, ARCSINH	2.161e-08	4203	0	71.4	7.7	
957	Integral_{x=0..Pi/2} (x^2/sin(x)) dx	special	64	not found	7	SEVEN, TWO, ARCTAN, TANH, POWER, ARCCOSH, ARCSINH	5.610e-10	4000	0	71.6	9.3	2*Pi*Catalan - 7*Zeta[3]/2
958	D(1/2), where D(x) is the infinite product function defined in the formula section (or in the Finch reference)	none	64	not found	7	EIGHT, SIN, ARCTAN, SIX, SQR, DIVIDE, ARCCOS	9.057e-09	4015	0	71.5	8.0	
959	Calabi ratio	algebraic	64	not found	7	ONE, ARCSIN, SEVEN, LOG, PLUS, TANH, TAN	2.430e-09	3789	0	72.1	8.6	1/3 + 11/(3*2^(1/3)*(-23 + (3*I)*Sqrt[237])^(1/3)) + (-23 + (3*I)*Sqrt[237])^(1/3)/(3*2^(2/3))
960	sqrt(sqrt(2) + 1)	algebraic	64	exact	4	ONE, ARCSINH, EXP, SQRT	0.000e+00	1	0	0.5	63.7	Sqrt[Sqrt[2] + 1]
961	c, a constant appearing in the asymptotic lower bound of the size of a restricted difference set	none	64	not found	7	SIX, TANH, TWO, TAN, COSH, POWER, ARCSIN	2.489e-09	4449	0	72.3	8.6	
962	triangular root of two	algebraic	64	exact	6	TWO, FOUR, INV, ARCSINH, EXP, DIVIDE	0.000e+00	142	0	3.4	63.5	(-1 + Sqrt[17])/2
963	log10(37)	elementary	64	not found	7	TWO, COS, THREE, POWER, COSH, LOG, ARCCOS	1.383e-08	6828	0	71.8	7.9	Log[10, 37]
964	2*Sum_{k=1..50000} (-1)^(k-1)/(2k-1)	special	64	false positive	6	THREE, SEVEN, PLUS, FIVE, POWER, ARCTAN	4.441e-16	233353	0	28.2	15.4	2*Sum[(-1)^(k - 1)/(2*k - 1), {k, 1, 50000}]
965	Favard constant	elementary	64	exact	2	ONE, ARCSIN	0.000e+00	1	0	0.1	64.0	Pi/2
966	10^(1/5)	algebraic	64	exact	6	FIVE, TWO, TIMES, FIVE, INV, POWER	2.220e-16	127	0	2.9	63.7	10^(1/5)
967	Sierpiński triangle fractal dimension	elementary	64	exact	5	THREE, LOG, TWO, LOG, DIVIDE	2.220e-16	3	0	0.6	63.5	Log[3]/Log[2]
968	Erdős–Borwein constant	special	64	not found	7	THREE, SIN, ARCSINH, SIN, GAMMA, COS, ARCTANH	4.240e-09	1900	0	71.4	8.4	(Log[2] - QPolyGamma[0, 1, 1/2])/Log[2]
969	ln(5)	elementary	64	exact	2	FIVE, LOG	0.000e+00	1	0	0.2	63.5	Log[5]
970	exponential primorial constant	none	64	not found	7	SEVEN, EIGHT, GAMMA, ARCCOSH, ARCCOSH, DIVIDE, ARCSINH	1.353e-09	2533	0	71.3	8.9	
971	Cbrt[4π/3]	elementary	64	not found	6	EULER, ARCCOSH, THREE, INV, COS, POWER	6.024e-09	4126	0	71.5	8.2	CubeRoot[4*Pi/3]
972	log10(41)	elementary	64	not found	7	THREE, TANH, TANH, SQR, ARCCOS, EXP, SQRT	9.264e-09	3096	0	71.9	8.0	Log[10, 41]
973	z_tri, a constant related to the enumeration of spanning trees on the triangular lattice (this is different from A242968	none	64	not found	7	FIVE, COS, INV, COS, ARCTAN, ARCCOS, ARCSINH	4.592e-10	2291	0	71.7	9.3	
974	Madelung's constant M2	none	64	not found	7	FOUR, SIN, EIGHT, SQRT, EXP, DIVIDE, ARCCOS	4.428e-09	7901	0	73.0	8.4	
975	Golden ratio	algebraic	64	exact	1	GOLDENRATIO	0.000e+00	1	0	0.1	63.7	GoldenRatio
976	Odlyzko-Wilf constant	special	64	not found	7	THREE, SIX, INV, ARCCOS, ARCTAN, ARCTANH, DIVIDE	8.537e-09	1957	0	71.6	8.1	ConditionalExpression[Extension`OdlyzkoWilfConstant == Limit[(2/3)^\[FormalN]*\[FormalS][\[FormalN]], \[FormalN] -> Infinity], \[FormalS][0] == 0 && \[FormalS][\[FormalN]] == 1 + Floor[(3*\[FormalS][-1 + \[FormalN]])/2]]
977	Product_{n>=1} (2n/(2n+1))^((-1)^t(n)), where t(n) = A010060(n) is the Thue-Morse sequence	none	64	not found	7	EULER, FIVE, FIVE, COSH, DIVIDE, SUBTRACT, SQRT	1.763e-09	2634	0	71.3	8.8	
978	log10(43)	elementary	64	not found	7	GOLDENRATIO, LOG, GOLDENRATIO, SUBTRACT, SINH, GAMMA, SQRT	3.511e-08	2928	0	71.3	7.5	Log[10, 43]
979	Erdős-Cohen constant	special	64	not found	7	TWO, LOG, ARCCOS, SINH, GAMMA, SEVEN, POWER	1.709e-10	6591	0	72.2	9.8	Sum[1/(Prime[\[FormalK]]*Log[Prime[\[FormalK]]]), {\[FormalK], 1, Infinity}]
980	2nd Lebesgue constant L2	elementary	64	not found	7	EIGHT, GAMMA, COS, ARCSINH, ARCCOS, LOG, ARCCOS	2.072e-09	2495	0	71.7	8.7	1/5 + Sqrt[25 - 2*Sqrt[5]]/Pi
981	Riemann ζ of 2	elementary	64	exact	4	PI, SQR, SIX, DIVIDE	0.000e+00	1	0	0.5	63.6	Pi^2/6
982	Product_{k>=0} (1+1/2^(2k))^(1/2)	special	64	not found	7	NEG, ARCTAN, ARCCOS, SEVEN, COS, SINH, SUBTRACT	5.919e-09	2511	0	71.7	8.2	Sqrt[Product[1 + 1/2^(2*k), {k, 0, Infinity}]]
983	square root of e	elementary	64	exact	2	EULER, SQRT	0.000e+00	1	0	0.2	63.7	Sqrt[E]
984	minimum value of the function s(t) = (Pi + 2*sqrt(1 + t^2))/(1 + Pi/2 + t) for t > 0	elementary	64	not found	7	EIGHT, COS, ARCSIN, EXP, TANH, TANH, INV	1.013e-09	5612	0	73.4	9.0	2(Pi+Pi^2+Sqrt[8+Pi^3+4Pi(3+Sqrt[2+Pi])+Pi^2(7+2Sqrt[2+Pi])])/(4+Pi^2+Pi(4+Sqrt[2+Pi]))
985	Somos' quadratic recurrence constant	special	64	not found	7	EIGHT, TAN, GOLDENRATIO, TIMES, INV, ARCSINH, ARCCOS	1.071e-09	2034	0	74.0	9.0	E^(-Derivative[1, 0][PolyLog][0, 1/2])
986	Hermite's constant gamma_6 = 2/3^(1/6)	algebraic	64	exact	6	TWO, THREE, SIX, INV, POWER, DIVIDE	0.000e+00	101	0	3.6	63.6	2/3^(1/6)
987	log10(47)	elementary	64	not found	7	SIX, FIVE, EULER, SQR, DIVIDE, SUBTRACT, LOG	9.477e-09	2151	0	73.9	8.0	Log[10, 47]
988	a constant related to A000621 and A000624	none	64	not found	7	THREE, TANH, SIN, COSH, FOUR, PLUS, LOG	1.439e-08	2484	0	74.2	7.8	
989	zeta(3/5) * zeta(4/5) * Product_{p prime} (1 - 1/p^(8/5) - 1/p^(9/5) - 1/p^2 + 1/p^(13/5) + 1/p^(14/5))	none	64	not found	7	TWO, PI, ARCSINH, SQR, DIVIDE, TANH, EXP	5.446e-08	2024	0	72.0	7.3	
990	1 + log(2*Pi) - 2*gamma, where gamma is Euler's constant (A001620)	special	64	not found	7	GOLDENRATIO, ARCTAN, NINE, POWER, TWO, ARCSINH, TIMES	2.076e-09	1990	0	71.6	8.7	1 + Log[2*Pi] - 2*EulerGamma
991	maximal circumradius of a planar convex set containing no lattice point except for the origin where it has its circumcen	none	64	not found	7	TWO, SQRT, TANH, GAMMA, FIVE, TIMES, LOG	5.454e-09	2339	0	71.7	8.3	
992	Sum_{k>=0} 1/A007018(k)	none	64	not found	7	FOUR, LOG, INV, LOG, ARCCOS, INV, EXP	1.787e-09	2417	0	72.0	8.7	
993	Niven's constant	special	64	not found	7	NINE, PI, DIVIDE, ARCCOSH, THREE, TANH, TIMES	1.879e-08	2781	0	71.9	7.7	1 + Sum[1 - Zeta[n]^(-1), {n, 2, Infinity}]
994	Pi^2/(12*log(phi))	elementary	64	exact	6	NEG, ARCSIN, SQR, TWO, ARCSINH, DIVIDE	1.110e-16	80	0	3.0	63.6	Pi^2/(12*Log[GoldenRatio])
995	log10(53)	elementary	64	not found	7	SEVEN, TANH, COS, ARCSINH, TAN, TANH, GAMMA	3.720e-09	3254	0	71.5	8.4	Log[10, 53]
996	Kalmar ρ composition constant	special	64	not found	7	THREE, ARCSINH, SIX, TAN, ARCTANH, SQR, SUBTRACT	5.595e-09	2434	0	71.3	8.3	Root[{-2 + Zeta[#1] & , 1.7286472389981836181351030103`29.237706376855613}]
997	Theodorus constant	algebraic	64	exact	2	THREE, SQRT	0.000e+00	1	0	0.3	63.6	Sqrt[3]
998	reciprocal of Euler γ	special	64	not found	7	FOUR, SIN, ARCSINH, GAMMA, SEVEN, PLUS, ARCSINH	5.983e-09	1891	0	72.0	8.2	EulerGamma^(-1)
999	1/A347901	none	64	not found	7	TWO, ARCCOSH, NEG, SUBTRACT, EXP, ARCSINH, SQRT	1.274e-09	2683	0	71.8	8.9	
1000	sqrt(2*Pi)*log(2), a constant associated with asymptotic evaluation of random mapping statistics	elementary	64	exact	6	FOUR, ONE, ARCSIN, SQRT, POWER, LOG	1.110e-16	155	0	3.0	64.0	Sqrt[2*Pi]*Log[2]
1001	value of a nonregular continued fraction giving tau/(3*tau-1), where tau is the Prouhet-Thue-Morse constant	none	64	not found	7	FIVE, TAN, INV, EXP, ARCSIN, ARCCOS, INV	1.154e-08	2857	0	71.4	7.9	
1002	'tau' (named sigma_2 by C. Pomerance), a constant associated with the expected number of random elements to generate a f	none	64	not found	7	EULER, TWO, COSH, COS, COSH, SIN, SUBTRACT	5.227e-10	2184	0	71.9	9.3	
1003	Khinchin harmonic mean	special	64	not found	7	GOLDENRATIO, SIX, SINH, ARCCOSH, LOG, SUBTRACT, ARCCOS	3.289e-09	2982	0	71.8	8.5	ConditionalExpression[Extension`KhinchinHarmonicMeanConstant == Limit[\[FormalN]/Sum[Subscript[\[FormalA], \[FormalK]]^(-1), {\[FormalK], 1, \[FormalN]}], \[FormalN] -> Infinity], Element[Subscript[\[FormalA], \[FormalK]], Integers] && Subscript[\[FormalA], \[FormalK]] > 0]
1004	Madelung constant (negated) for NaCl structure	special	64	not found	7	PI, ARCTAN, INV, ARCSINH, COS, ONE, PLUS	1.239e-08	2546	0	71.3	7.9	12Pi*Sum[ Sech[Pi/2*Sqrt[(2j + 1)^2 + (2k + 1)^2]]^2, {j, 0, 40}, {k, 0, 40}]
1005	continued fraction expansion [1; 1/2, 1/3, 1/4, 1/5, 1/6, ...]	elementary	64	exact	4	NEG, COS, ARCSIN, INV	1.110e-16	3	0	0.5	64.0	2/(Pi - 2)
1006	Feller coin-tossing constant	algebraic	64	not found	7	EIGHT, GAMMA, ARCCOSH, ARCTAN, INV, GAMMA, SQR	7.688e-10	2413	0	71.7	9.1	(2 + (25 - 3*Sqrt[69])^(1/3)/2^(1/3) + (25 + 3*Sqrt[69])^(1/3)/2^(1/3))/3
1007	nested radical constant	special	64	not found	7	FIVE, TANH, TANH, SIN, COSH, TAN, ARCCOSH	1.332e-09	2601	0	71.6	8.9	Limit[Fold[Sqrt[#1 + #2] & , Sqrt[1 + \[FormalN]], Table[\[FormalI], {\[FormalI], \[FormalN], 1, -1}]], \[FormalN] -> Infinity]
1008	log 180/π	elementary	64	not found	6	SIX, COSH, COS, INV, ARCSINH, TAN	1.900e-09	3248	0	71.8	8.7	Log10[180/Pi]
1009	Product_{n>1} (1+1/n)^(1/n)	none	64	not found	7	FIVE, INV, SINH, NINE, TANH, TAN, PLUS	2.898e-09	2982	0	72.5	8.5	
1010	constant x such that x^x = e. Inverse of W(1), where W is Lambert's function	special	64	not found	7	EULER, SIN, FOUR, ARCCOSH, POWER, GAMMA, LOG	1.090e-09	2572	0	71.8	9.0	1/ProductLog[1]
1011	'b', an optimal stopping constant associated with the secretary problem when the objective is to maximize the hiree's ex	none	64	not found	7	PI, TANH, ARCTAN, EULER, POWER, ARCTANH, EXP	1.177e-10	2212	0	71.7	9.9	
1012	log10(59)	elementary	64	not found	7	GOLDENRATIO, INV, COSH, GOLDENRATIO, COSH, TAN, SUBTRACT	9.468e-09	2307	0	71.4	8.0	Log[10, 59]
1013	Sierpiński's S^ (Ŝ or "S hat" as named by S. Finch), a constant appearing in the asymptotics of the number of representa	none	64	not found	7	THREE, SINH, SQR, TAN, SEVEN, LOG, PLUS	1.428e-08	2709	0	72.1	7.8	
1014	Carlson-Levin constant	elementary	64	exact	2	PI, SQRT	1.110e-16	1	0	0.2	64.0	Sqrt[Pi]
1015	angle in radians at the apex of the Calabi triangle	none	64	not found	7	PI, INV, ARCTANH, EXP, GAMMA, TWO, TIMES	1.060e-08	1841	0	71.7	8.0	
1016	10^(1/4)	algebraic	64	exact	4	THREE, ARCSINH, COSH, SQRT	0.000e+00	1	0	0.6	63.9	10^(1/4)
1017	3rd Lebesgue constant L3	elementary	64	not found	7	FIVE, ARCTAN, SQR, SIN, SIN, LOG, ARCCOS	7.061e-09	2145	0	71.4	8.2	(3*Pi-14*Cos[Pi/14]+70*Cos[3*Pi/14]+154*Sin[Pi/7])/(21*Pi)
1018	exponential of Euler γ	special	64	not found	7	GOLDENRATIO, COSH, COSH, FIVE, PLUS, ARCSINH, SQRT	8.725e-09	2654	0	71.4	8.1	E^EulerGamma
1019	conjectured upper bound on Grothendieck's constant	elementary	64	exact	4	PI, THREE, ARCCOSH, DIVIDE	0.000e+00	1	0	0.4	64.0	Pi/(2*Log[1 + Sqrt[2]])
1020	log10(61)	elementary	64	not found	7	EULER, EULER, COS, COSH, LOG, COS, SUBTRACT	2.523e-09	2437	0	72.2	8.6	Log[10, 61]
1021	Silverman constant	special	64	not found	7	SEVEN, SQRT, TANH, ARCSINH, TWO, PLUS, GAMMA	4.104e-09	2775	0	71.8	8.4	Sum[1/(DivisorSigma[1, \[FormalK]]*EulerPhi[\[FormalK]]), {\[FormalK], 1, Infinity}]
1022	Komornik–Loreti constant	special	64	not found	7	FOUR, ARCCOSH, ARCCOSH, GOLDENRATIO, DIVIDE, ARCCOS, EXP	3.422e-09	2170	0	71.9	8.5	Root[{Product[1 - 1/#1^2^\[FormalK], {\[FormalK], 0, Infinity}] - (2 - #1)/(#1 - 1) & , 1.7872316501829659330132`22.252180846784352}]
1023	2D dimer constant	special	64	not found	7	FOUR, TAN, THREE, EULER, PLUS, TAN, SUBTRACT	3.922e-09	2372	0	71.7	8.4	E^((2*Catalan)/Pi)
1024	ln(6)	elementary	64	exact	2	SIX, LOG	0.000e+00	1	0	0.2	64.0	Log[6]
1026	Hermite's constant gamma_7 = 2^(6/7)	algebraic	64	exact	5	EIGHT, SEVEN, INV, POWER, SQR	0.000e+00	5	0	0.6	63.9	2^(6/7)
1027	limit of a recursive sequence connected to the Plastic constant (A060006)	none	64	not found	7	PI, ARCCOSH, SIX, COSH, INV, EXP, POWER	2.398e-10	4071	0	71.9	9.6	
1028	sqrt((3+sqrt(13))/2), a constant related to the asymptotic evaluation of the number of self-avoiding rook paths joining 	algebraic	64	exact	6	SIX, FOUR, DIVIDE, ARCSINH, EXP, SQRT	0.000e+00	65	0	3.0	64.0	Sqrt[(3 + Sqrt[13])/2]
1029	Masser-Gramain constant conjectured value	special	64	not found	7	ONE, SINH, ARCCOSH, ARCTAN, COSH, SQRT, TAN	1.208e-08	2482	0	71.4	7.9	1 + 2*EulerGamma + 2*Log[2] + 3*Log[Pi] - 4*Log[Gamma[1/4]]
1030	log10(67)	elementary	64	not found	7	EULER, ARCCOSH, NINE, SIN, DIVIDE, TAN, COSH	1.079e-09	2396	0	72.7	9.0	Log[10, 67]
1031	two times the Catalan constant	special	64	not found	7	FIVE, EIGHT, SQRT, TANH, GAMMA, EXP, DIVIDE	2.114e-09	2097	0	71.3	8.7	2 Catalan
1032	ln(2 pi)	elementary	64	exact	4	TWO, PI, TIMES, LOG	1.110e-16	3	0	0.5	64.0	Log[2*Pi]
1033	Tribonacci constant	algebraic	64	not found	6	TWO, INV, TAN, ARCTANH, THREE, TIMES	6.041e-10	2486	0	71.8	9.2	(1 + (19 - 3*Sqrt[33])^(1/3) + (19 + 3*Sqrt[33])^(1/3))/3
1034	4th Madelung constant (negated)	special	64	not found	7	EULER, ARCCOSH, GAMMA, ARCCOS, ARCSIN, SINH, GAMMA	4.026e-09	20120	0	72.9	8.4	8*(5 - 3*Sqrt[2])*Zeta[1/2]*Zeta[-1/2]
1035	Landau-Kolmogorov constant	algebraic	64	not found	7	GOLDENRATIO, NINE, SQR, ARCCOSH, POWER, SQRT, SQRT	1.531e-08	2644	0	74.0	7.8	Sqrt[3]/(2^(1/3)*(-1 + Sqrt[2])^(1/3))
1036	Connective constant	algebraic	64	exact	5	TWO, SQRT, TWO, PLUS, SQRT	0.000e+00	71	0	0.8	63.6	Sqrt[2 + Sqrt[2]]
1037	log10(71)	elementary	64	not found	7	PI, GAMMA, EULER, ARCTAN, TANH, SIN, POWER	1.748e-08	2970	0	74.9	7.8	Log[10, 71]
1038	Integral_{x=0..Pi} (sin(x)/x) dx	special	64	not found	7	EULER, TWO, TAN, FOUR, DIVIDE, SUBTRACT, ARCCOSH	5.116e-09	2607	0	74.1	8.3	SinIntegral[Pi]
1039	Gauss lemniscate constant	special	64	not found	7	SEVEN, ARCSINH, ARCCOSH, THREE, TANH, ARCSINH, DIVIDE	1.262e-09	2802	0	74.1	8.9	Gamma[1/4]^2/(4*Sqrt[Pi])
1040	spiral of Theodorus constant	special	64	not found	6	GOLDENRATIO, SINH, SIN, SQRT, INV, COSH	6.311e-09	2568	0	74.7	8.2	Sum[1/((1 + \[FormalK])*Sqrt[\[FormalK]]), {\[FormalK], 1, Infinity}]
1041	log10(73)	elementary	64	not found	7	EULER, PI, TIMES, FIVE, PLUS, ARCSINH, ARCCOSH	1.557e-08	2354	0	73.0	7.8	Log[10, 73]
1042	expected reciprocal Euclidean distance between two random points in the unit cube	none	64	not found	7	EIGHT, ARCTAN, ARCTAN, COS, SIX, PLUS, LOG	6.318e-09	3792	0	72.0	8.2	
1043	log10(79)	elementary	64	not found	7	SEVEN, SIX, INV, SUBTRACT, THREE, INV, POWER	7.168e-09	2780	0	71.7	8.1	Log[10, 79]
1045	Boyd constant	special	64	not found	7	EIGHT, LOG, SIN, GOLDENRATIO, ARCTAN, SQR, PLUS	6.846e-09	2471	0	71.4	8.2	Exp[(9 - PolyGamma[1, 2/3] + PolyGamma[1, 4/3])/(2*Pi*Sqrt[3])]
1046	M_5, the 5-dimensional analog of Madelung's constant (negated)	none	32	not found	7	PI, SINH, SQRT, ARCTAN, ARCTAN, ONE, PLUS	6.607e-10	2117	0	71.3	9.2	
1047	6/π	elementary	64	exact	3	SIX, PI, DIVIDE	0.000e+00	1	0	0.4	63.8	6/Pi
1048	tetrahedral bond angle	elementary	64	exact	4	NEG, THREE, DIVIDE, ARCCOS	0.000e+00	1	0	0.5	63.7	ArcCos[-1/3]
1049	log10(83)	elementary	64	not found	7	NEG, ARCSINH, ARCSINH, COSH, EULER, SUBTRACT, SQR	8.767e-09	2327	0	72.5	8.1	Log[10, 83]
1050	tetranacci constant	algebraic	64	not found	7	SEVEN, TANH, SINH, GOLDENRATIO, SINH, COS, SUBTRACT	6.112e-09	2743	0	71.8	8.2	Root[-1 - #1 - #1^2 - #1^3 + #1^4 & , 2]
1052	Omega prime-generating constant	none	64	not found	6	NEG, COSH, SQR, NINE, TAN, PLUS	5.445e-10	2764	0	72.0	9.3	
1053	first moment of the reciprocal gamma distribution	none	64	not found	7	SEVEN, COS, TAN, EULER, TANH, SQRT, PLUS	1.072e-08	2444	0	71.4	8.0	
1054	Euler totient A constant	special	64	not found	7	TWO, COSH, FIVE, INV, ARCSINH, SUBTRACT, ARCCOSH	2.777e-08	3237	0	71.7	7.6	(315*Zeta[3])/(2*Pi^4)
1055	ln(7)	elementary	64	exact	2	SEVEN, LOG	0.000e+00	1	0	0.2	64.0	Log[7]
1056	C_4, a constant related to sharp inequalities for the product of 4 polynomials, which was introduced by David Boyd	none	64	not found	7	GOLDENRATIO, INV, EXP, TAN, SEVEN, PLUS, ARCCOSH	7.827e-09	3514	0	71.4	8.1	
1057	log10(89)	elementary	64	not found	7	THREE, COS, SQR, GAMMA, ARCSINH, ARCSIN, TAN	2.421e-08	2702	0	71.4	7.6	Log[10, 89]
1058	Z score	special	64	not found	7	SEVEN, ARCTAN, NINE, DIVIDE, LOG, TAN, ARCCOSH	8.097e-09	3188	0	71.4	8.1	Sqrt[2]*InverseErf[19/20]
1059	reciprocal Lucas constant	special	64	not found	7	EIGHT, ARCCOSH, SIX, SQRT, LOG, ARCSINH, SUBTRACT	8.942e-09	3637	0	72.3	8.0	(-1 + EllipticTheta[3, 0, GoldenRatio^(-2)]^2)/4 + (7*Log[GoldenRatio] - Log[1 + GoldenRatio^2] - QPolyGamma[0, 1, GoldenRatio^(-4)] + 4*QPolyGamma[0, 1, GoldenRatio^(-2)] - 4*QPolyGamma[0, 1, GoldenRatio^(-1)])/(4*Log[GoldenRatio])
1060	M_6, the 6th Madelung constant	none	64	not found	7	EULER, THREE, COSH, DIVIDE, ARCSIN, LOG, COSH	1.403e-08	2449	0	71.9	7.9	
1061	pentanacci constant	algebraic	64	not found	7	EULER, TANH, SIN, NINE, LOG, POWER, EXP	3.298e-10	3740	0	71.5	9.5	Root[-1 - #1 - #1^2 - #1^3 - #1^4 + #1^5 & , 1]
1062	C_5, a constant related to sharp inequalities for the product of 5 polynomials, which was introduced by David Boyd	none	64	not found	7	THREE, THREE, COS, SQR, ARCTAN, DIVIDE, SQRT	1.453e-09	2498	0	71.4	8.8	
1063	C_6, a constant related to sharp inequalities for the product of 6 polynomials, which was introduced by David Boyd	none	64	not found	7	NINE, ARCCOSH, SIN, SQR, GAMMA, SQRT, SQRT	2.645e-09	2481	0	71.3	8.6	
1064	Gamma''(1)	none	64	not found	7	SIX, COS, ARCTAN, ARCSINH, COS, COSH, COSH	1.399e-08	2462	0	71.3	7.9	
1065	hexanacci constant	algebraic	64	not found	7	EULER, TANH, SINH, ARCCOSH, PI, PLUS, ARCCOSH	2.491e-08	2175	0	72.7	7.6	Root[-1 - #1 - #1^2 - #1^3 - #1^4 - #1^5 + #1^6 & , 2]
1066	log10(97)	elementary	64	not found	7	SEVEN, PI, SUBTRACT, LOG, ARCSINH, COS, GAMMA	1.306e-10	2295	0	72.0	9.9	Log[10, 97]
1067	heptanacci constant	algebraic	64	not found	7	THREE, SIX, TAN, ARCTANH, GAMMA, SUBTRACT, LOG	1.037e-09	2038	0	71.5	9.0	Root[-1 - #1 - #1^2 - #1^3 - #1^4 - #1^5 - #1^6 + #1^7 & , 1]
1068	integral_{x=0..Infinity} 1/x^x dx	none	64	not found	7	FOUR, ARCCOSH, FIVE, TAN, COSH, INV, SUBTRACT	6.628e-09	2420	0	71.7	8.2	
1069	Two	rational	64	exact	1	TWO	0.000e+00	1	0	0.1	64.0	2
1070	M_7, the 7-dimensional analog of Madelung's constant (negated)	none	64	not found	7	FIVE, ARCCOSH, GOLDENRATIO, GAMMA, SQRT, ARCSINH, POWER	1.138e-08	3294	0	71.5	7.9	
1071	Sierpiński's S~ (S "tilde" as named by S. Finch), a constant appearing in the asymptotics of the number of representatio	none	64	not found	7	NEG, COSH, EULER, COS, ARCSINH, POWER, EXP	2.203e-09	2470	0	71.4	8.7	
1072	solution to the Lane-Emden equation for a sphere of polytropic index n = 3	none	32	not found	7	EULER, SIN, ARCTANH, ARCSIN, ONE, PLUS, SINH	3.809e-09	2309	0	71.5	8.4	
1073	least x > 0 satisfying x + tan(x) = 0	none	64	not found	7	NINE, PI, SQR, LOG, SINH, SUBTRACT, SQRT	3.108e-09	1875	0	71.3	8.5	
1074	figure-eight knot hyperbolic volume	special	64	not found	7	GOLDENRATIO, ARCCOSH, LOG, SQRT, COSH, ONE, PLUS	8.097e-09	2751	0	72.6	8.1	((-2*Pi^2 + 3*PolyGamma[1, 1/3])*Sqrt[3])/9
1075	QRS associated constant	special	64	not found	7	NEG, TANH, ONE, PLUS, ARCSIN, SQRT, INV	5.989e-09	11812	0	72.2	8.2	Zeta[3/2, Root[{Zeta[1/2, #1/2] & , 0.605443657196732749478922842447`29.782073733759695}]/2]/4
1076	'beta', a constant appearing in the random links Traveling Salesman Problem	none	64	not found	7	NINE, ARCSINH, LOG, GOLDENRATIO, POWER, SINH, COSH	9.897e-10	1871	0	71.7	9.0	
1077	Lüroth analog of Lévy constant	special	64	not found	7	THREE, TANH, EIGHT, INV, SUBTRACT, ARCTAN, EXP	1.272e-08	2073	0	71.4	7.9	Sum[Log[\[FormalK]*(1 + \[FormalK])]/(\[FormalK]*(1 + \[FormalK])), {\[FormalK], 1, Infinity}]
1078	M_8, the 8th Madelung constant (negated)	none	64	not found	7	TWO, NINE, ARCTAN, ARCTAN, SQR, GAMMA, POWER	1.508e-08	2402	0	71.5	7.8	
1079	semi-meander critical exponent	algebraic	64	not found	7	PI, TWO, PI, POWER, INV, SUBTRACT, GAMMA	6.107e-09	1974	0	71.3	8.2	1 + (Sqrt[11]*(Sqrt[5] + Sqrt[29]))/24
1080	one div ln phi	elementary	64	exact	3	GOLDENRATIO, LOG, INV	2.220e-16	1	0	0.4	64.0	1/Log[GoldenRatio]
1081	ln(8)	elementary	64	exact	2	EIGHT, LOG	0.000e+00	1	0	0.2	63.6	Log[8]
1082	two thirds pi	elementary	64	exact	4	NEG, TWO, DIVIDE, ARCCOS	0.000e+00	1	0	0.5	64.0	2*Pi/3
1083	Wallis's constant	algebraic	64	not found	7	FIVE, INV, COSH, SINH, TANH, COSH, COSH	5.393e-09	3018	0	72.8	8.3	(135/2 - (3*Sqrt[1929])/2)^(1/3)/3 + ((45 + Sqrt[1929])/2)^(1/3)/3^(2/3)
1084	Brown-Wang constant	special	64	not found	7	SEVEN, ARCCOSH, COS, ARCTAN, EIGHT, SQRT, PLUS	1.399e-08	2048	0	71.8	7.9	With[{\[FormalLambda] = Root[{(1 + #1)*Pi - Tan[#1*Pi] & , 0.43029665312420275777`20.}]}, Root[{(1 + \[FormalLambda])*Pi*((#1 - 1)*PolyGamma[1 + (#1 - 1)/2] - 2*#1*PolyGamma[1 + #1/2] + (#1 + 1)*PolyGamma[1 + (#1 + 1)/2]) - 2*Sin[\[FormalLambda]*Pi] & , 2.11023396612157219646682815666`30.}]]
1085	'sigma', a constant associated with the expected number of random elements to generate a finite abelian group	none	64	not found	7	SIX, THREE, NEG, SIN, POWER, TAN, POWER	1.069e-08	2732	0	71.4	8.0	
1086	'a', an auxiliary constant associated with the asymptotic probability of success in the secretary problem when the numbe	none	64	not found	7	EULER, ARCSINH, SIN, SINH, SQR, TAN, ARCCOSH	1.309e-08	2414	0	71.6	7.9	
1087	Jacobi theta function theta_2(0, 1/2) where theta_2 is the 2nd Jacobi theta function	special	64	not found	7	TWO, COSH, TWO, DIVIDE, ARCSINH, ARCSINH, TAN	6.980e-09	2543	0	71.4	8.2	EllipticTheta[2,0,1/2]
1088	Jacobi theta function theta_3(0, 1/2) where theta_3 is the 3rd Jacobi theta function	special	64	not found	7	FIVE, SQRT, ARCTAN, EIGHT, SINH, SIN, PLUS	1.407e-10	2649	0	71.4	9.9	EllipticTheta[3,0,1/2]
1089	pi^(2/3)	elementary	64	exact	5	PI, SQR, THREE, INV, POWER	0.000e+00	11	0	0.7	63.7	Pi^(2/3)
1090	10^(1/3)	algebraic	64	exact	6	TWO, FIVE, TIMES, THREE, INV, POWER	0.000e+00	163	0	3.0	63.8	10^(1/3)
1092	Erdős-Szekeres constant	special	64	not found	7	EULER, SQRT, SIN, TAN, GAMMA, SIN, EXP	4.960e-08	2623	0	71.3	7.3	Zeta[3/2]/Zeta[3]
1093	K = exp(8*G/(3*Pi)), a Kneser-Mahler constant related to an asymptotic inequality involving Bombieri's supremum norm, wh	special	64	not found	7	SIX, ARCTAN, SIN, SIN, GAMMA, EXP, GAMMA	1.288e-08	1903	0	71.3	7.9	Exp[8*Catalan/(3*Pi)]
1094	normalized asymptotic mean of omega(m) when m is one of the values <= n taken by Euler's phi totient function	none	64	not found	7	SEVEN, SQRT, ARCTAN, SQR, TANH, SIN, EXP	9.235e-10	3125	0	72.2	9.0	
1095	a constant related to series-reduced trees	none	64	not found	7	FOUR, ARCCOSH, INV, THREE, TANH, PLUS, SQR	2.039e-08	2480	0	71.9	7.7	
1096	'theta', the expected degree (valency) of the root of a random rooted tree with n vertices	none	64	not found	7	ONE, ARCSIN, SINH, EXP, ARCCOSH, SQR, LOG	1.687e-08	2543	0	71.4	7.8	
1097	e^(pi/4)	elementary	64	exact	3	ONE, ARCTAN, EXP	0.000e+00	1	0	0.3	63.8	E^(Pi/4)
1098	ln(9)	elementary	64	exact	2	NINE, LOG	0.000e+00	1	0	0.2	63.9	Log[9]
1099	Lüroth analog of Khinchin constant	special	64	not found	7	PI, TWO, COSH, ARCSINH, POWER, TAN, TAN	2.488e-08	2007	0	71.4	7.6	Product[\[FormalK]^(1/(\[FormalK]*(1 + \[FormalK]))), {\[FormalK], 1, Infinity}]
1100	totient constant	special	64	not found	7	PI, GOLDENRATIO, ARCCOSH, INV, SIN, COS, POWER	2.755e-08	3374	0	71.5	7.6	Sum[1/(\[FormalK]*EulerPhi[\[FormalK]]), {\[FormalK], 1, Infinity}]
1101	Pi/2 + 2/Pi	elementary	64	exact	5	NEG, ARCSIN, INV, SIN, ARCCOS	0.000e+00	7	0	0.7	63.8	Pi/2 + 2/Pi
1102	pi(2)^(-1/2)	elementary	64	exact	4	PI, TWO, SQRT, DIVIDE	0.000e+00	1	0	0.4	63.7	Pi*2^(-1/2)
1103	y_3, the third of four non-explicit constants recursively derived from Khintchine's [Khinchin's] constant	none	64	not found	7	EIGHT, NEG, ARCSIN, SQR, GAMMA, TAN, DIVIDE	2.438e-09	2903	0	71.3	8.6	
1104	D(1), where D(x) is the infinite product function defined in the formula section (or in the Finch reference)	special	64	not found	7	PI, SINH, EIGHT, DIVIDE, EXP, TWO, SUBTRACT	8.907e-11	2094	0	73.0	10.1	Glaisher^6/(2^(1/6)*Sqrt[Pi])
1105	Sqrt 5	algebraic	64	exact	2	FIVE, SQRT	0.000e+00	1	0	0.2	63.7	Sqrt[5]
1106	Takeuchi-Prellberg constant	special	25	not found	7	THREE, ARCTAN, EXP, FIVE, TANH, TAN, DIVIDE	1.003e-08	2587	0	71.5	8.0	ConditionalExpression[Extension`TakeuchiPrellbergConstant == Limit[Subscript[\[FormalCapitalT], \[FormalN]]/(BellB[\[FormalN]]*Exp[ProductLog[\[FormalN]]^2/2]), \[FormalN] -> Infinity], Subscript[\[FormalCapitalT], 0] == 0 && Subscript[\[FormalCapitalT], 1] == 1 && Subscript[\[FormalCapitalT], 2] == 4 && Subscript[\[FormalCapitalT], 3] == 14 && Subscript[\[FormalCapitalT], \[FormalN]] == Sum[Binomial[2*\[FormalK], \[FormalK]]/(1 + \[FormalK]), {\[FormalK], 1, \[FormalN]}] + Sum[Subscript[\[FormalCapitalT], -1 - \[FormalK] + \[FormalN]]*(2*Binomial[-1 + \[FormalK] + \[FormalN], \[FormalK]] - Binomial[\[FormalK] + \[FormalN], \[FormalK]]), {\[FormalK], 0, -2 + \[FormalN]}]]
1107	Sierpiński's second constant, K2 = lim_{n->oo} ((1/n) * (Sum_{i=1..n} A004018(i^2)) - 4/Pi * log(n))	special	64	not found	7	EULER, EXP, SQRT, ARCCOSH, SQRT, ARCSINH, TAN	4.761e-09	2254	0	71.8	8.3	4(12 Log[Gamma[3/4]]-9 Log[Pi]+72 Log[Glaisher]-5 Log[2]+3 EulerGamma-3)/(3 Pi)
1108	Integral_{0..oo} 1/Gamma(1+x) dx, a variation of the Fransén-Robinson constant	none	64	not found	7	PI, ARCTAN, SEVEN, TANH, COSH, DIVIDE, EXP	9.075e-09	2452	0	71.3	8.0	
1109	Landau-Kolmogorov constant C(4,1) for derivatives in L_2(0, infinity)	none	64	not found	7	SIX, GOLDENRATIO, LOG, ARCSINH, ARCCOS, SUBTRACT, ARCCOSH	1.881e-09	2412	0	71.4	8.7	
1110	1/A240969	none	64	not found	7	TWO, COSH, COSH, ARCTAN, SEVEN, COS, PLUS	1.677e-09	1825	0	71.3	8.8	
1111	first Foias constant	special	64	not found	7	NINE, LOG, LOG, TAN, FOUR, PLUS, ARCCOSH	5.772e-09	2346	0	71.5	8.2	Root[{-(1 + 1/#1)^#1 + #1 & , 2.29316628741186103150802829125000000000007305694139121664`29.360435548444247}]
1112	zeta(2)*zeta(3)*zeta(4)*	none	64	not found	7	GOLDENRATIO, ARCCOSH, FIVE, ARCSINH, POWER, TWO, TIMES	1.759e-08	2246	0	71.9	7.8	
1113	Universal parabolic constant	elementary	64	exact	5	ONE, ARCSINH, TWO, SQRT, PLUS	0.000e+00	6	0	0.6	63.8	Sqrt[2] + ArcSinh[1]
1114	product_{n>=1} (n/(n+1))^((-1)^t(n)), a probabilistic counting constant, where t(n) = A010060(n) is the Thue-Morse seque	none	64	not found	7	EULER, FIVE, ARCTAN, SINH, DIVIDE, TAN, LOG	1.686e-09	5108	0	72.5	8.8	
1115	logarithm of 10	elementary	64	exact	4	ONE, NINE, PLUS, LOG	0.000e+00	12	0	0.5	64.0	Log[10]
1116	y_1, the first of four non-explicit constants recursively derived from Khintchine's [Khinchin's] constant	none	64	not found	7	EULER, ARCCOSH, THREE, SIN, INV, SIN, DIVIDE	1.238e-08	3645	0	71.8	7.9	
1117	Klarner-Rivest polyomino constant	none	64	not found	7	SEVEN, COS, GAMMA, COSH, PI, PLUS, ARCSINH	1.311e-09	2190	0	71.4	8.9	
1118	3D lattice sum analog of Euler γ	special	64	not found	7	PI, TANH, EXP, TAN, EIGHT, ARCSINH, PLUS	3.380e-09	2615	0	71.5	8.5	(-4*Pi)/3 + (19*Log[2])/2 - 4*Sum[((3 + 3*(-1)^\[FormalM] + (-1)^(\[FormalM] + \[FormalN]))*Csch[Pi*Sqrt[\[FormalM]^2 + \[FormalN]^2]])/Sqrt[\[FormalM]^2 + \[FormalN]^2], {\[FormalM], 1, Infinity}, {\[FormalN], 1, Infinity}]
1119	constant 1 + B3 (or 1 + B_3) related to the Mertens constant	none	64	not found	7	TWO, NINE, TIMES, ARCCOSH, GOLDENRATIO, PLUS, ARCCOSH	1.178e-08	2469	0	71.4	7.9	
1120	Ti_2(2+sqrt(3)), where Ti_2 is the inverse tangent integral function	none	64	not found	7	SIX, FIVE, SQRT, SQRT, GAMMA, SUBTRACT, ARCSINH	1.130e-08	1866	0	71.2	7.9	
1121	three quarters pi	elementary	64	exact	4	NEG, ARCTAN, SIN, ARCCOS	0.000e+00	7	0	0.5	64.0	3*Pi/4
1122	monomer-dimer triangular constant	special	64	not found	7	GOLDENRATIO, EXP, EIGHT, LOG, LOG, SUBTRACT, TAN	8.441e-09	2971	0	72.5	8.1	Exp[Integrate[Log[6 + 2*Cos[\[FormalT]] + 2*Cos[\[FormalPhi]] + 2*Cos[\[FormalT] + \[FormalPhi]]], {\[FormalT], -Pi, Pi}, {\[FormalPhi], -Pi, Pi}]/(8*Pi^2)]
1123	pi^(3/4)	elementary	64	exact	5	PI, THREE, POWER, SQRT, SQRT	0.000e+00	9	0	0.7	63.8	Pi^(3/4)
1124	Pi^2/(6*log 2)	elementary	64	exact	6	PI, SQR, EIGHT, SQR, LOG, DIVIDE	0.000e+00	258	0	3.1	63.9	Pi^2/(6*Log[2])
1125	c = (7-sqrt(5))/2	algebraic	64	exact	3	FOUR, GOLDENRATIO, SUBTRACT	0.000e+00	1	0	0.3	63.9	4 - GoldenRatio
1126	ln(11)	elementary	64	exact	4	TWO, NINE, PLUS, LOG	0.000e+00	8	0	0.5	64.0	Log[11]
1127	asymptotic evaluation of the constrained maximum of a certain quadratic form	none	64	not found	7	NEG, COSH, THREE, LOG, TANH, ARCCOS, DIVIDE	5.622e-09	2340	0	71.7	8.3	
1128	Narcissus constant	special	64	not found	7	SEVEN, TANH, TAN, ARCCOSH, FOUR, LOG, PLUS	2.188e-08	2017	0	71.3	7.7	Root[{1 + #1 - #1^(-1 + #1) & , 2.39838438278161142938900277955804885011`20.5225995583442}]
1129	Golden angle	elementary	64	exact	6	THREE, FIVE, SQRT, SUBTRACT, PI, TIMES	2.220e-16	240	0	3.1	64.0	(2*Pi)/GoldenRatio^2
1130	2*zeta(3)	special	64	not found	7	PI, ARCTAN, COS, GAMMA, GOLDENRATIO, POWER, SQRT	3.304e-09	2415	0	71.3	8.5	2*Zeta[3]
1131	first zero of the Bessel function J_0(z)	special	64	not found	7	PI, COSH, SQR, ARCTAN, ONE, SIN, PLUS	2.447e-08	3247	0	71.4	7.6	BesselJZero[0, 1]
1132	solution to the Lane-Emden equation for a sphere of polytropic index n = 2	none	32	not found	7	FOUR, TANH, EIGHT, ARCCOSH, POWER, ARCSINH, EXP	1.813e-08	2874	0	71.4	7.7	
1133	Silver ratio	algebraic	64	exact	3	ONE, ARCSINH, EXP	0.000e+00	1	0	0.3	64.0	1 + Sqrt[2]
1134	c = 2.4149..., a random mapping statistics constant such that the asymptotic expectation of the maximum rho length (grap	none	20	not found	7	THREE, FOUR, THREE, INV, POWER, ARCSINH, DIVIDE	2.208e-09	2588	0	72.0	8.7	
1135	prod_{n>=1} (1 + 1/n^3) = cosh(sqrt(3) pi/2)/pi	elementary	64	not found	7	GOLDENRATIO, GAMMA, SINH, SINH, GAMMA, ARCCOS, INV	1.043e-09	2229	0	71.5	9.0	Cosh[Sqrt[3]*Pi/2]/Pi
1136	a constant related to the asymptotic evaluation of the Lebesgue constants L_n	none	64	not found	7	THREE, THREE, COSH, COS, TANH, COSH, DIVIDE	7.889e-09	2098	0	72.0	8.1	
1137	theta = 2.472548..., an auxiliary constant used to compute the best constant in Friedrichs' inequality in one dimension	none	64	not found	6	TWO, SIN, ARCTANH, SQRT, SINH, SQR	2.066e-08	2980	0	71.8	7.7	
1138	Otter's weakly binary tree enumeration asymptotic constant xi	none	64	not found	7	THREE, INV, LOG, TAN, GAMMA, FIVE, DIVIDE	1.260e-08	1907	0	71.3	7.9	
1139	A1*B1, the average number of non-isomorphic semisimple rings of any order, where A1 is Product_{m>1} zeta(m) and B1 is P	none	64	not found	7	GOLDENRATIO, ARCCOSH, SIN, SIN, EIGHT, TIMES, ARCCOSH	2.419e-09	2251	0	71.4	8.6	
1140	Feigenbaum alpha	none	64	not found	7	NEG, SINH, EIGHT, SUBTRACT, SQR, COS, ARCCOS	3.013e-08	1918	0	71.4	7.5	
1141	root two pi	elementary	64	exact	4	PI, TWO, TIMES, SQRT	2.220e-16	3	0	0.5	63.9	Sqrt[2*Pi]
1142	100^(1/5)	algebraic	64	exact	7	SIX, FOUR, PLUS, SQR, FIVE, INV, POWER	0.000e+00	2595	0	72.6	64.0	100^(1/5)
1143	a constant related to identity trees	none	64	not found	7	FIVE, GAMMA, LOG, TANH, EXP, ARCCOSH, SINH	1.137e-08	2212	0	72.0	7.9	
1144	doubly infinite sum N_3 = Sum_{i,j,k = -inf..inf} (-1)^(i+j+k)/(i^2+j^2+k^2), a lattice constant analog of Madelung's co	none	64	not found	7	TWO, TANH, EXP, SIN, ARCSIN, TWO, PLUS	9.588e-11	2593	0	71.7	10.0	
1145	sqrt(2)*exp(2*G/Pi), where G = A006752	special	64	not found	7	SEVEN, COS, ARCSINH, PI, GAMMA, SUBTRACT, SQR	9.650e-09	1881	0	71.3	8.0	Sqrt[2]*Exp[2Catalan/Pi]
1146	a variant of the Komornik-Loreti constant	none	64	not found	7	TWO, SIN, GOLDENRATIO, DIVIDE, ARCSINH, TWO, PLUS	1.903e-09	1909	0	71.3	8.7	
1147	(Glaisher^12/(2*Pi*e^EulerGamma))^(Pi^2/6)	special	64	not found	7	EULER, GAMMA, TAN, THREE, SUBTRACT, ARCSINH, ARCSINH	1.349e-09	2847	0	71.4	8.9	(Glaisher^12/(2Pi E^EulerGamma))^(Pi^2/6)
1148	ln(13)	elementary	64	exact	4	FOUR, NINE, PLUS, LOG	0.000e+00	6	0	0.5	63.9	Log[13]
1149	exp(gamma)/log(2), a conjectural constant related to the asymptotic counting of Mersenne primes, where gamma is Euler's 	special	64	not found	7	EULER, TANH, ARCSIN, ARCTAN, SINH, GAMMA, EXP	1.501e-08	2004	0	71.4	7.8	Exp[EulerGamma]/Log[2]
1150	Sierpiński's constant	special	64	not found	7	FIVE, TANH, TAN, GOLDENRATIO, TANH, COS, DIVIDE	6.225e-09	1824	0	72.1	8.2	Pi*(2*EulerGamma - Log[Pi] + 4*Log[Gamma[3/4]])
1151	Barban constant	special	64	not found	7	FOUR, EXP, SIN, ARCSIN, EXP, COS, EXP	5.122e-09	1522	0	71.9	8.3	Product[1 + (-1 + 3*Prime[\[FormalK]]^2)/(Prime[\[FormalK]]*(1 + Prime[\[FormalK]])*(-1 + Prime[\[FormalK]]^2)), {\[FormalK], 1, Infinity}]
1152	twenty-vertex entropy constant	algebraic	64	exact	5	SEVEN, FOUR, INV, SUBTRACT, SQRT	0.000e+00	6	0	0.6	64.0	(3*Sqrt[3])/2
1153	golden root	algebraic	64	exact	2	GOLDENRATIO, SQR	0.000e+00	1	0	0.2	63.9	2 + 2*Cos[(2*Pi)/5]
1154	Lemniscate constant	special	64	not found	7	THREE, INV, ARCSINH, GAMMA, LOG, GOLDENRATIO, PLUS	7.108e-09	2218	0	71.6	8.1	Gamma[1/4]^2/(2*Sqrt[2*Pi])
1156	positive root of the equation 13x^4 - 7x^2 - 581 = 0	algebraic	64	not found	6	EULER, SIX, TAN, TANH, SQR, SUBTRACT	1.226e-08	2614	0	71.7	7.9	Sqrt[1/26*(7+Sqrt[30261])]
1157	sqrt(2) + sqrt(3/2)	algebraic	64	exact	6	SEVEN, ARCCOSH, EXP, TWO, DIVIDE, SQRT	0.000e+00	94	0	3.1	63.8	Sqrt[2] + Sqrt[3/2]
1158	sqrt(7)	algebraic	64	exact	2	SEVEN, SQRT	0.000e+00	1	0	0.2	64.0	Sqrt[7]
1159	Gelfond-Schneider constant	elementary	64	exact	4	TWO, TWO, SQRT, POWER	0.000e+00	1	0	0.5	63.9	2^Sqrt[2]
1160	Gamma(1/3)	special	64	exact	3	THREE, INV, GAMMA	2.220e-16	1	0	0.3	63.8	Gamma[1/3]
1161	coefficient 'gamma' (see formula) appearing in Otter's result concerning the asymptotics of T_n, the number of non-isomo	none	64	not found	7	SEVEN, EXP, TAN, SINH, COSH, GAMMA, EXP	7.415e-09	2610	0	71.4	8.1	
1162	Khinchin's constant	special	64	not found	7	SEVEN, ARCSINH, THREE, ARCCOSH, POWER, LOG, SINH	7.281e-09	2465	0	71.4	8.1	Khinchin
1163	Landau-Kolmogorov constant C(5,1) for derivatives in L_2(0, infinity)	none	64	not found	7	SIX, TANH, TANH, ARCCOS, ARCSIN, TAN, EXP	1.431e-09	3469	0	71.8	8.8	
1164	Euler number	elementary	64	exact	1	EULER	0.000e+00	1	0	0.1	64.0	E
1165	pi sqrt(3)/2	elementary	64	exact	5	TWO, ARCCOSH, TANH, PI, TIMES	1.110e-16	5	0	0.7	64.0	Pi*Sqrt[3]/2
1166	log e^(2π)	elementary	64	exact	6	PI, THREE, ARCSINH, COSH, LOG, DIVIDE	1.110e-16	59	0	3.1	64.0	Log10[E^(2*Pi)]
1167	Sum_{k>=1} sigma(k)/2^k where sigma(k) is the sum of divisors of k, 1 <= d <= k	special	64	not found	7	FOUR, ARCCOSH, NINE, ARCCOSH, ARCTAN, DIVIDE, COSH	9.474e-09	1838	0	72.4	8.0	Sum[n/(2^n - 1), {n, 1, 500}]
1168	Ramanujan nested radical constant	algebraic	64	not found	7	EIGHT, ARCCOSH, SIN, TAN, SQR, COSH, EXP	1.900e-09	2466	0	71.4	8.7	(2 + Sqrt[5] + Sqrt[15 - 6*Sqrt[5]])/2
1169	a constant related to A006196	none	64	not found	6	SIX, ARCCOSH, ARCSINH, ARCTAN, SQRT, EXP	1.365e-08	2468	0	71.8	7.9	
1170	C_{1/2}, a constant related to Kolmogorov's inequalities	special	64	not found	7	SIX, ARCTAN, SQRT, FIVE, TIMES, PI, SUBTRACT	3.490e-08	1599	0	71.1	7.5	Gamma[1/4]^2/(Pi*Gamma[3/4]^2)
1171	(1/sqrt(Pi) + e*erfc(-1))/2	special	64	not found	7	SEVEN, INV, COS, SQR, SQR, GAMMA, EXP	3.125e-08	2608	0	71.4	7.5	(1/Sqrt[Pi]+E Erfc[-1])/2
1172	'xi', an optimal stopping auxiliary constant associated with the two choice case	none	64	not found	7	TWO, SIN, EXP, ARCSINH, FIVE, TIMES, ARCCOSH	8.937e-09	2090	0	71.3	8.0	
1173	2*Pi*phi(0), a constant appearing in connection with a study of zeros of the integral of xi(z), where phi(t) and xi(z) a	none	64	not found	7	NINE, ARCTAN, EIGHT, COSH, LOG, COS, DIVIDE	8.471e-11	2506	0	72.2	10.1	
1174	Fransén–Robinson constant	special	64	not found	7	FOUR, PI, ARCTAN, ARCCOSH, TANH, COSH, SUBTRACT	3.381e-09	2028	0	71.3	8.5	Integrate[Gamma[x]^(-1), {x, 0, Infinity}]
1175	Murata constant	special	64	not found	7	PI, LOG, PI, INV, SUBTRACT, TWO, PLUS	9.192e-10	2149	0	71.5	9.0	Product[1 + (-1 + Prime[\[FormalK]])^(-2), {\[FormalK], 1, Infinity}]
1176	ln(17)	elementary	64	exact	4	EIGHT, NINE, PLUS, LOG	0.000e+00	2	0	0.5	64.0	Log[17]
1177	Born's basic potential Pi_0	none	64	not found	7	THREE, SINH, SIN, ARCSINH, INV, TANH, ARCCOS	5.453e-11	1883	0	71.9	10.3	
1178	constant appearing in the variance for searching in a digital tree	none	64	not found	7	NEG, SIN, COS, SIN, TAN, FOUR, TIMES	4.085e-08	1729	0	71.6	7.4	
1179	Hardy-Littlewood prime triples constant	special	64	not found	7	FIVE, ARCSINH, FOUR, ARCTAN, DIVIDE, ARCTAN, EXP	2.968e-08	2019	0	71.5	7.5	(9*Product[((-3 + Prime[\[FormalK]])*Prime[\[FormalK]]^2)/(-1 + Prime[\[FormalK]])^3, {\[FormalK], 3, Infinity}])/2
1180	(diagonal)/(shortest side) of 2nd electrum rectangle	none	64	exact	6	THREE, SQRT, NEG, SUBTRACT, ARCSINH, COSH	2.220e-16	498	0	3.2	63.8	
1181	a second variant of the Komornik-Loreti constant	none	64	not found	7	EULER, SEVEN, ARCTAN, ARCCOSH, DIVIDE, SQR, ARCCOSH	1.116e-08	2035	0	71.8	8.0	
1182	ln(19)	elementary	64	exact	5	FOUR, SQR, THREE, PLUS, LOG	0.000e+00	10	0	0.8	63.9	Log[19]
1183	Otter's rooted tree constant	none	64	not found	7	PI, EIGHT, TANH, SINH, GAMMA, SINH, DIVIDE	4.601e-09	1792	0	71.6	8.3	
1184	Landau-Kolmogorov constant C(4,2) for derivatives in L_2(0, infinity)	none	64	not found	7	FIVE, TANH, TANH, ARCSIN, NINE, PLUS, ARCCOSH	8.943e-09	1834	0	72.3	8.0	
1185	B, a constant related to the Goh-Schmutz constant and the asymptotic expected order of a random permutation	none	64	not found	7	FOUR, TAN, TANH, NINE, DIVIDE, EXP, EXP	1.585e-09	2135	0	71.6	8.8	
1186	oloid volume constant	special	64	not found	7	PI, GAMMA, INV, TANH, TAN, SEVEN, TIMES	1.586e-09	1717	0	71.7	8.8	(2*(2*EllipticE[3/4] + EllipticK[3/4]))/3
1187	Landau-Kolmogorov constant C(3,1) for derivatives in the case L_infinity(0, infinity)	algebraic	64	exact	7	NINE, FIVE, GAMMA, THREE, INV, POWER, DIVIDE	0.000e+00	2118	0	71.3	64.0	(243/8)^(1/3)
1188	sqrt(480)/7	algebraic	64	exact	7	NINE, SEVEN, DIVIDE, TWO, PLUS, ARCCOSH, SINH	0.000e+00	2588	0	71.3	64.0	Sqrt[480]/7
1189	ln(23)	elementary	64	exact	5	FOUR, SQR, SEVEN, PLUS, LOG	0.000e+00	6	0	0.7	63.8	Log[23]
1190	Ramanujan's π-approximation constant	elementary	64	false positive	1	PI	0.000e+00	1	0	0.1	16.2	Log[262537412640768000]/Sqrt[163]
1191	Pi	elementary	64	exact	1	PI	0.000e+00	1	0	0.1	64.0	Pi
1192	mean value over all positive integers of a function giving the least quadratic nonresidue modulo a given odd integer (th	none	64	not found	7	PI, ONE, SUBTRACT, PI, SQR, ARCTAN, TIMES	5.188e-09	1689	0	71.8	8.3	
1193	10^(1/2)	algebraic	64	exact	3	THREE, ARCSINH, COSH	0.000e+00	1	0	0.4	64.0	10^(1/2)
1194	C = log(2*Pi) + B_3 (where B_3 is A083343), one of Euler totient constants	none	64	not found	7	PI, COSH, COS, TAN, EULER, POWER, GAMMA	9.416e-09	1460	0	71.5	8.0	
1195	plate constant	special	64	not found	7	GOLDENRATIO, TANH, ARCSINH, SQR, ARCSINH, FIVE, TIMES	1.049e-08	2001	0	71.9	8.0	ConditionalExpression[Extension`PlateConstant == \[FormalX], BesselI[1, \[FormalX]]*BesselJ[0, \[FormalX]] + BesselI[0, \[FormalX]]*BesselJ[1, \[FormalX]] == 0 && 3 < \[FormalX] < 7/2]
1196	square of the constant A130834	special	64	not found	7	EULER, ARCTAN, COSH, TWO, DIVIDE, ARCSIN, EXP	2.582e-08	1445	0	71.3	7.6	Exp[4*Catalan/Pi]
1197	1 + sqrt(5)	algebraic	64	exact	3	GOLDENRATIO, TWO, TIMES	0.000e+00	3	0	0.3	63.9	1 + Sqrt[5]
1198	Pálfy's constant c_3	elementary	64	not found	7	FIVE, GOLDENRATIO, DIVIDE, SINH, ARCCOSH, ARCSINH, COSH	8.348e-09	2300	0	71.9	8.1	5/3 + Log[9, 32]
1199	rayleigh kurtosis	elementary	64	not found	7	TWO, SINH, SQR, TAN, TAN, INV, TAN	1.093e-08	1967	0	71.2	8.0	(32 - 3*Pi^2)/(4 - Pi)^2
1200	silver root	algebraic	64	exact	7	PI, SEVEN, DIVIDE, COS, TWO, TIMES, SQR	0.000e+00	3546	0	70.9	64.0	2 + 2*Cos[(2*Pi)/7]
1201	Lévy's constant 2	elementary	64	exact	7	NEG, ARCSIN, SQR, EIGHT, LOG, DIVIDE, EXP	0.000e+00	1600	0	71.3	64.0	E^(Pi^2/(12*Log[2]))
1202	a constant related to A000620, A000622, A000623 and A000625	none	64	not found	7	FIVE, GAMMA, ARCTAN, TANH, TAN, TWO, PLUS	1.021e-08	3046	0	71.3	8.0	
1203	y_2, the second of four non-explicit constants recursively derived from Khintchine's [Khinchin's] constant	none	64	not found	7	NINE, COS, COS, FOUR, PLUS, GAMMA, ARCCOSH	2.750e-08	2052	0	71.7	7.6	
1204	sqrt(11)	algebraic	64	exact	4	SIX, FIVE, PLUS, SQRT	0.000e+00	8	0	0.2	64.0	Sqrt[11]
1205	average value of the Yekutieli-Mandelbrot parameter, that is the average number of maximal subtrees of an ordered binary	special	64	not found	7	TWO, SQRT, COS, THREE, SQRT, TIMES, GAMMA	1.137e-08	1435	0	71.0	7.9	2*Catalan/(Pi*Log[2])+5/2
1206	Reciprocal Fibonacci constant	special	64	not found	7	FIVE, SINH, LOG, TAN, TWO, LOG, DIVIDE	9.279e-09	1622	0	71.1	8.0	(Sqrt[5]*(EllipticTheta[2, 0, GoldenRatio^(-2)]^2 + (Log[5] + 2*QPolyGamma[0, 1, GoldenRatio^(-4)] - 4*QPolyGamma[0, 1, GoldenRatio^(-2)])/(2*Log[(1 + Sqrt[5])/2])))/4
1207	van der Corput constant	special	64	not found	7	FIVE, LOG, SIX, POWER, ARCCOSH, SQRT, COSH	1.721e-09	1308	0	70.7	8.8	With[{\[FormalX] = Root[{Cos[#1]*FresnelS[Sqrt[1 - (2*#1)/Pi]] + FresnelC[Sqrt[1 - (2*#1)/Pi]]*Sin[#1] & , -0.726643246813242509590219555941985563257278933469994008688`30.}]}, 2*(Cos[\[FormalX]]*FresnelC[Sqrt[1 - (2*\[FormalX])/Pi]] - FresnelS[Sqrt[1 - (2*\[FormalX])/Pi]]*Sin[\[FormalX]])*Sqrt[Pi]]
1208	ln(29)	elementary	64	exact	5	SIX, SQR, SEVEN, SUBTRACT, LOG	0.000e+00	7	0	0.3	64.0	Log[29]
1209	Magata constant	special	64	not found	7	ONE, TAN, SQRT, GAMMA, ARCSIN, THREE, TIMES	1.563e-09	1768	0	70.7	8.8	ConditionalExpression[Extension`MagataConstant == Limit[Sum[Subscript[\[FormalC], \[FormalK]], {\[FormalK], 1, \[FormalN]}], \[FormalN] -> Infinity], Sum[Subscript[\[FormalC], \[FormalK]]*Product[-1 - \[FormalJ] + \[FormalM], {\[FormalJ], 0, -1 + \[FormalK]}], {\[FormalK], 0, -1 + \[FormalN]}] == Prime[\[FormalM]] && \[FormalM] <= \[FormalN]]
1210	meander critical exponent	algebraic	64	not found	7	GOLDENRATIO, SQRT, EIGHT, INV, COSH, SUBTRACT, GAMMA	8.520e-09	1241	0	71.5	8.1	(29 + Sqrt[145])/12
1211	ln(31)	elementary	64	exact	5	FIVE, SQR, SIX, PLUS, LOG	0.000e+00	5	0	0.3	63.9	Log[31]
1212	y_4, the last of four non-explicit constants recursively derived from Khintchine's [Khinchin's] constant	none	64	not found	7	GOLDENRATIO, ARCSINH, SIX, LOG, GAMMA, POWER, EXP	9.970e-09	1670	0	71.1	8.0	
1213	1 + sqrt(6)	algebraic	64	exact	4	SIX, SQRT, ONE, PLUS	0.000e+00	3	0	0.2	64.0	1+Sqrt[6]
1214	best constant K for the integral inequality integral_{0..1} f(x)^2*f'(x)^2 dx <= K*integral_{0..1} f'(x)^4 dx	none	64	not found	7	PI, ARCCOSH, ARCSINH, COS, TAN, EXP, EXP	1.604e-08	1468	0	70.7	7.8	
1215	Product_{k>=1} (1-1/2^k)^(-1)	special	64	not found	7	FIVE, GAMMA, TAN, SQR, SEVEN, TIMES, LOG	1.454e-08	1708	0	70.8	7.8	1/QPochhammer[1/2, 1/2]
1216	square root of 12	algebraic	64	exact	4	NINE, THREE, PLUS, SQRT	0.000e+00	14	0	0.2	64.0	Sqrt[12]
1217	C, a coin tossing constant related to the asymptotic variance of the length of the longest run of consecutive heads	elementary	64	not found	7	TWO, TAN, COSH, GAMMA, FIVE, PLUS, ARCSINH	2.603e-09	1406	0	71.3	8.6	1/12 + Pi^2/(6*Log[2]^2)
1218	gamma = 8*lambda^2, a critical threshold of a boundary value problem, where lambda is Laplace's limit constant A033259	none	64	not found	6	FOUR, SEVEN, ARCSINH, SQRT, LOG, SUBTRACT	4.670e-09	1404	0	71.1	8.3	
1219	infinite product constant	special	64	not found	7	SEVEN, ARCSINH, COS, COSH, SIX, ARCSINH, TIMES	2.482e-08	1940	0	70.9	7.6	Product[(1 + \[FormalK]^(-1))^\[FormalK]^(-1), {\[FormalK], 1, Infinity}]
1220	log 10800/π	elementary	64	not found	7	EULER, GAMMA, COSH, GOLDENRATIO, ARCTAN, SQR, PLUS	3.490e-08	2414	0	71.6	7.5	Log10[10800/Pi]
1221	accumulation point of the logistic map	none	64	not found	7	EULER, ARCTAN, TANH, TANH, TANH, SIX, TIMES	1.206e-09	2066	0	71.2	8.9	
1222	sqrt(13)	algebraic	64	exact	4	EIGHT, FIVE, PLUS, SQRT	0.000e+00	6	0	0.2	64.0	Sqrt[13]
1223	4*(8 - 4*sqrt(2) - log(2))/(2*sqrt(2) - 1)	elementary	64	not found	7	TWO, TANH, GOLDENRATIO, TIMES, NINE, ARCCOSH, POWER	9.522e-09	1506	0	71.8	8.0	4(8-4Sqrt[2]-Log[2])/(2Sqrt[2]-1)
1224	ln(37)	elementary	64	exact	5	SIX, SQR, ONE, PLUS, LOG	0.000e+00	7	0	0.3	64.0	Log[37]
1225	2 + phi, with the golden section phi from A001622	algebraic	64	exact	3	GOLDENRATIO, TWO, PLUS	0.000e+00	2	0	0.1	64.0	2 + GoldenRatio
1226	Gamma(1/4)	special	64	exact	3	FOUR, INV, GAMMA	0.000e+00	1	0	0.1	63.9	Gamma[1/4]
1227	'theta', the unique positive root of the equation polygamma(x) = log(Pi), where polygamma(x) gives gamma'(x)/gamma(x), t	none	64	not found	7	GOLDENRATIO, COSH, FOUR, ARCCOSH, SIN, ARCTAN, DIVIDE	1.418e-08	1715	0	71.4	7.8	
1228	(65 + 9*sqrt(3))/22	algebraic	64	not found	7	FOUR, ARCSINH, EXP, SIN, ARCCOS, ARCCOS, EXP	1.563e-09	1608	0	71.1	8.8	(65+9Sqrt[3])/22
1229	Sum_{n>=1} prime(n)/(2^n)	special	64	not found	7	ONE, SIN, ARCSINH, ARCSINH, SQR, INV, SINH	2.323e-08	1433	0	70.7	7.6	Sum[Prime[i]/2^i,{i,1000}]
1230	ln(41)	elementary	64	exact	5	SEVEN, SQR, EIGHT, SUBTRACT, LOG	0.000e+00	5	0	0.3	64.0	Log[41]
1231	ln(43)	elementary	64	exact	5	SEVEN, SQR, SIX, SUBTRACT, LOG	0.000e+00	4	0	0.3	64.0	Log[43]
1232	ln(47)	elementary	64	exact	5	SEVEN, SQR, TWO, SUBTRACT, LOG	0.000e+00	2	0	0.3	64.0	Log[47]
1233	an optimal stopping constant related to the Secretary problem	none	64	not found	7	NINE, ARCSINH, EXP, SEVEN, COS, DIVIDE, ARCSINH	1.692e-08	2118	0	71.6	7.8	
1234	2D lattice sum analog of Euler γ	special	64	not found	7	FOUR, ARCTAN, PI, PLUS, TWO, SIN, POWER	3.844e-09	2317	0	71.2	8.4	-2*Zeta[1/2]*(Zeta[1/2, 1/4] - Zeta[1/2, 3/4])
1235	-zeta'(1/2)	special	64	not found	7	EULER, EXP, THREE, DIVIDE, FIVE, TIMES, ARCSINH	4.111e-08	1595	0	70.8	7.4	-Derivative[1][Zeta][1/2]
1236	ln(53)	elementary	64	exact	5	SEVEN, SQR, FOUR, PLUS, LOG	0.000e+00	9	0	0.3	64.0	Log[53]
1237	1000^(1/5)	algebraic	64	exact	7	THREE, ARCSINH, COSH, SIX, FIVE, DIVIDE, POWER	0.000e+00	2162	0	70.8	64.0	1000^(1/5)
1239	ln(59)	elementary	64	exact	5	EIGHT, SQR, FIVE, SUBTRACT, LOG	0.000e+00	3	0	0.3	64.0	Log[59]
1240	ln(61)	elementary	64	exact	5	EIGHT, SQR, THREE, SUBTRACT, LOG	0.000e+00	7	0	0.3	64.0	Log[61]
1241	sqrt(17)	algebraic	64	exact	3	FOUR, ARCSINH, COSH	0.000e+00	1	0	0.2	64.0	Sqrt[17]
1242	sqrt(2*Pi*e)	elementary	64	exact	6	EULER, TWO, TIMES, PI, TIMES, SQRT	0.000e+00	88	0	2.6	64.0	Sqrt[2Pi E]
1243	Hardy-Littlewood prime quadruples constant	special	64	not found	7	SIX, GOLDENRATIO, SIN, ARCSINH, POWER, COSH, LOG	4.565e-08	1170	0	70.7	7.3	(27*Product[((-4 + Prime[\[FormalK]])*Prime[\[FormalK]]^3)/(-1 + Prime[\[FormalK]])^4, {\[FormalK], 3, Infinity}])/2
1244	four thirds pi	elementary	64	exact	5	TWO, INV, ARCCOS, PI, PLUS	0.000e+00	34	0	0.3	64.0	4*Pi/3
1245	ln(67)	elementary	64	exact	5	EIGHT, SQR, THREE, PLUS, LOG	0.000e+00	10	0	0.3	64.0	Log[67]
1246	(4*sqrt(2)*Pi^2)/gamma(1/4)^2	special	64	not found	7	EULER, COSH, SIX, SINH, ARCCOSH, LOG, DIVIDE	4.296e-09	2008	0	71.6	8.4	(4*Sqrt[2]*Pi^2)/Gamma[1/4]^2
1247	ln(71)	elementary	64	exact	5	EIGHT, SQR, SEVEN, PLUS, LOG	0.000e+00	4	0	0.4	64.0	Log[71]
1248	Pi*e/2	elementary	64	exact	4	ONE, ARCSIN, EULER, TIMES	2.220e-16	2	0	0.2	64.0	(Pi*E)/2
1249	ln(73)	elementary	64	exact	5	EIGHT, SQR, NINE, PLUS, LOG	0.000e+00	3	0	0.3	64.0	Log[73]
1250	asymptotic value of the second raw moment of the maximal exponent in the prime factorizations of n (A051903)	special	64	not found	7	FIVE, ARCSINH, ARCCOSH, TANH, GOLDENRATIO, TIMES, EXP	2.125e-08	2840	0	70.9	7.7	1 + Sum[(2*j - 1)*(1 - 1/Zeta[j]), {j, 2, 400}]
1251	Korn constant	rational	64	exact	6	EIGHT, TWO, SEVEN, INV, SUBTRACT, DIVIDE	0.000e+00	58	0	2.6	64.0	56/13
1252	alpha, the unique solution on [2,oo) of the equation alpha*log((2*e)/alpha)=1	special	64	not found	6	FIVE, TANH, TAN, EIGHT, ARCCOSH, TIMES	2.549e-08	1486	0	71.7	7.6	-1/ProductLog[-1/(2*E)]
1253	sqrt(19)	algebraic	64	exact	5	FOUR, SQR, THREE, PLUS, SQRT	0.000e+00	4	0	0.3	64.0	Sqrt[19]
1254	ln(79)	elementary	64	exact	5	NINE, SQR, TWO, SUBTRACT, LOG	0.000e+00	4	0	0.3	64.0	Log[79]
1255	Hayman constant	special	64	not found	7	SIX, THREE, TANH, ARCCOS, SQRT, EXP, DIVIDE	1.153e-09	1083	0	71.0	8.9	Gamma[1/4]^4/(4*Pi^2)
1256	ln(83)	elementary	64	exact	5	NINE, SQR, TWO, PLUS, LOG	0.000e+00	4	0	0.3	64.0	Log[83]
1257	pi(2)^(1/2)	elementary	64	exact	4	TWO, SQRT, PI, TIMES	0.000e+00	2	0	0.2	64.0	Pi*2^(1/2)
1258	ln(89)	elementary	64	exact	5	NINE, SQR, EIGHT, PLUS, LOG	0.000e+00	2	0	0.3	64.0	Log[89]
1259	Freiman constant	algebraic	64	not found	7	TWO, TANH, EIGHT, TIMES, SIX, TIMES, ARCSINH	3.100e-09	1050	0	70.7	8.5	(2221564096 + 283748*Sqrt[462])/491993569
1260	Van der Pauw constant	elementary	64	exact	4	PI, TWO, LOG, DIVIDE	0.000e+00	1	0	0.2	64.0	Pi/Log[2]
1261	Gasper constant	algebraic	64	not found	7	NEG, TANH, INV, SIN, COS, FOUR, PLUS	2.051e-08	1475	0	71.8	7.7	Root[-1134 - 3780*#1 - 5013*#1^2 - 3247*#1^3 - 948*#1^4 - 14*#1^5 + 55*#1^6 + 9*#1^7 & , 1]
1262	ln(97)	elementary	64	exact	6	SEVEN, ARCCOSH, TWO, TIMES, COSH, LOG	0.000e+00	61	0	2.6	64.0	Log[97]
1263	2ln(10)	elementary	64	exact	5	SIX, FOUR, PLUS, SQR, LOG	0.000e+00	17	0	0.3	64.0	2*Log[10]
1264	100^(1/3)	algebraic	64	exact	7	EIGHT, TWO, PLUS, THREE, INV, POWER, SQR	0.000e+00	3230	0	71.0	64.0	100^(1/3)
1265	Product_{p prime} (1 + 1/p^(4/3) + 1/p^(5/3))	none	64	not found	7	SEVEN, TAN, FOUR, SINH, DIVIDE, ARCCOS, EXP	1.951e-08	2239	0	71.2	7.7	
1266	Feigenbaum delta	none	64	not found	7	EIGHT, ARCTAN, ONE, SUBTRACT, ARCSIN, SQR, INV	1.883e-08	1458	0	70.7	7.7	
1267	3pi/2	elementary	64	exact	4	ONE, ARCSIN, THREE, TIMES	0.000e+00	7	0	0.2	64.0	3*Pi/2
1268	rod constant	special	64	not found	7	EULER, COSH, TAN, EXP, ONE, PLUS, ARCCOSH	2.141e-08	1094	0	71.3	7.7	Root[{-1 + Cos[#1]*Cosh[#1] & , 4.730040744862704026`19.67486488179338}]
1269	sqrt(23)	algebraic	64	exact	5	FOUR, SQR, SEVEN, PLUS, SQRT	0.000e+00	8	0	0.3	64.0	Sqrt[23]
1270	John constant lower bound	special	64	exact	3	ONE, ARCSIN, EXP	0.000e+00	2	0	0.1	64.0	I^(-I)
1271	two-arc beam detection constant	special	64	not found	7	SEVEN, GOLDENRATIO, SINH, ONE, ARCSINH, POWER, SUBTRACT	3.910e-08	1896	0	71.1	7.4	ConditionalExpression[Extension`TwoArcApproximationBeamDetectionConstant == -2*\[FormalA] - \[FormalB] + 2*Pi - Cos[\[FormalB]/2] + Sec[\[FormalB]/2] + 2*Tan[\[FormalA]/2] + Sin[\[FormalB]/2]*Tan[\[FormalA]/2], \[FormalA] == 4*ArcTan[Sqrt[\[FormalC]]] && \[FormalB] == 2*ArcSin[2*Cos[\[FormalA]]] && \[FormalB] == 2*ArcSin[2*Cos[\[FormalA]]] && \[FormalC] == Root[1 + 65*\[FormalX] - 2139*\[FormalX]^2 + 20476*\[FormalX]^3 - 78054*\[FormalX]^4 + 126214*\[FormalX]^5 - 78054*\[FormalX]^6 + 20476*\[FormalX]^7 - 2139*\[FormalX]^8 + 65*\[FormalX]^9 + \[FormalX]^10, \[FormalX], 4]]
1272	second moment of the reciprocal gamma distribution	none	64	not found	7	GOLDENRATIO, FIVE, ARCSINH, DIVIDE, SQRT, FOUR, PLUS	3.019e-08	1546	0	70.8	7.5	
1273	unique solution > 1 of the equation x*log(x)=2(x-1)	none	64	not found	7	SEVEN, EIGHT, ARCSINH, POWER, GOLDENRATIO, DIVIDE, LOG	2.642e-08	1740	0	70.8	7.6	
1274	xi_3 = 5*G, the volume of an ideal hyperbolic cube, where G is Gieseking's constant	none	64	not found	7	GOLDENRATIO, SIN, ARCTAN, GOLDENRATIO, DIVIDE, EXP, EXP	3.543e-09	1184	0	70.7	8.5	
1275	'lambda', a Sobolev isoperimetric constant related to the "rod inequality", arising from the elasticity study of a rod t	none	64	not found	7	GOLDENRATIO, GAMMA, TAN, NINE, DIVIDE, FIVE, PLUS	4.269e-09	1356	0	71.5	8.4	
1276	Lower limit of backward value of 5^n	none	64	not found	7	FIVE, SQR, EULER, PLUS, INV, GAMMA, SQRT	3.383e-10	1979	0	71.4	9.5	
1277	hypersphere maximal volume dimension constant	special	64	not found	7	GOLDENRATIO, ARCSINH, GAMMA, SQRT, ARCSIN, FOUR, PLUS	2.967e-09	1016	0	70.7	8.5	Root[{-2 + Log[Pi]*#1 - PolyGamma[0, #1/2]*#1 & , 5.25694640486057678013283838869`29.720733549361597}]
1278	2*Pi^2*log(2) - 7*zeta(3)	special	64	not found	6	SEVEN, ARCCOSH, TWO, TIMES, SINH, ARCCOSH	3.116e-08	1114	0	71.1	7.5	2Pi^2Log[2]-7Zeta[3]
1279	log 648000/π	elementary	64	not found	7	EIGHT, LOG, SQR, GOLDENRATIO, ARCTAN, GAMMA, PLUS	4.118e-10	2451	0	70.8	9.4	Log10[648000/Pi]
1280	Pi*csc(Pi/5)	elementary	64	exact	6	PI, PI, FIVE, DIVIDE, SIN, DIVIDE	1.110e-16	30	0	2.6	64.0	Pi*Csc[Pi/5]
1281	sqrt(29)	algebraic	64	exact	5	FIVE, SQR, FOUR, PLUS, SQRT	0.000e+00	6	0	0.3	64.0	Sqrt[29]
1282	analog of Lévy's constant in case of the nearest integer continued fraction of -1/2<x<1/2	elementary	64	exact	7	PI, SQR, NINE, ARCCOSH, DIVIDE, EXP, SQRT	1.110e-16	1327	0	72.0	64.0	Exp[Pi^2/(12*Log[GoldenRatio])]
1283	sqrt(31)	algebraic	64	exact	5	FIVE, SQR, SIX, PLUS, SQRT	0.000e+00	6	0	0.3	64.0	Sqrt[31]
1284	pi^(3/2)	elementary	64	exact	4	PI, THREE, POWER, SQRT	0.000e+00	4	0	0.2	64.0	Pi^(3/2)
1285	1000^(1/4)	algebraic	64	exact	6	THREE, ARCSINH, COSH, THREE, POWER, SQRT	0.000e+00	32	0	2.6	64.0	1000^(1/4)
1286	a constant related to A000151	none	64	not found	7	TWO, ARCCOSH, ARCSINH, SQRT, ARCTAN, SEVEN, TIMES	2.251e-08	1495	0	70.8	7.6	
1287	c for which b(n+1) = c^(b(n)/n) neither explodes nor converges (A278453)	none	64	not found	7	NINE, LOG, ARCTAN, THREE, SIN, TIMES, GAMMA	9.029e-09	1468	0	71.1	8.0	
1288	'lambda', a Sobolev isoperimetric constant related to the "membrane inequality", arising from the study of a vibrating m	none	64	not found	7	TWO, SIN, SIX, TIMES, THREE, POWER, ARCSINH	5.838e-10	1354	0	71.3	9.2	
1289	zeta(3/4) * Product_{p prime} (1 + 1/p^(5/4) - 1/p^2 - 1/p^(9/4)) (negated)	none	64	not found	6	SIX, SEVEN, ARCTAN, LOG, SQR, SUBTRACT	7.197e-08	1039	0	70.7	7.1	
1290	sqrt(37)	algebraic	64	exact	3	SIX, ARCSINH, COSH	2.220e-16	1	0	0.2	64.0	Sqrt[37]
1291	Tau	elementary	64	exact	3	PI, TWO, TIMES	0.000e+00	3	0	0.1	64.0	2*Pi
1292	2 Pi/sin(arctan(2 Pi))	elementary	64	exact	5	PI, TWO, TIMES, ARCSINH, COSH	0.000e+00	4	0	0.3	64.0	2*Pi/Sin[ArcTan[2*Pi]]
1293	sqrt(41)	algebraic	64	exact	5	SIX, SQR, FIVE, PLUS, SQRT	0.000e+00	7	0	0.3	64.0	Sqrt[41]
1294	sqrt(43)	algebraic	64	exact	5	SIX, SQR, SEVEN, PLUS, SQRT	0.000e+00	28	0	0.4	64.0	Sqrt[43]
1295	Froda constant	elementary	64	exact	3	TWO, EULER, POWER	1.110e-16	1	0	0.2	64.0	2^E
1296	(real) period of the elliptic function sn(x,1/2)	special	64	not found	7	SIX, TAN, EXP, COSH, EXP, SQRT, EXP	1.371e-08	1119	0	71.0	7.9	8*EllipticK[-1/3]/Sqrt[3]
1297	sqrt(47)	algebraic	64	exact	5	SEVEN, SQR, TWO, SUBTRACT, SQRT	0.000e+00	2	0	0.3	64.0	Sqrt[47]
1298	3ln(10)	elementary	64	exact	6	TWO, FIVE, TIMES, THREE, POWER, LOG	0.000e+00	106	0	2.6	64.0	3*Log[10]
1299	John constant upper bound	special	64	not found	7	FIVE, ARCCOSH, FOUR, SUBTRACT, SIN, ARCTANH, SQR	4.586e-09	1254	0	71.0	8.3	ConditionalExpression[Extension`JohnConstantUpperBound == Exp[\[FormalLambda]*Pi], Pi/Exp[2*\[FormalLambda]*Pi] == Sum[(\[FormalK]*Exp[-1/2*(\[FormalK]*Pi)/\[FormalLambda]])/(\[FormalK]^2 + \[FormalLambda]^2), {\[FormalK], 1, Infinity}]]
1300	hypersphere maximal surface area dimension constant	special	64	not found	7	GOLDENRATIO, ARCSINH, GAMMA, SQRT, ARCSIN, SIX, PLUS	2.149e-09	997	0	70.7	8.7	Root[{Log[Pi] - PolyGamma[0, #1/2] & , 7.25694640486057678013283838869`29.860753915673623}]
1301	sqrt(53)	algebraic	64	exact	5	SEVEN, SQR, FOUR, PLUS, SQRT	0.000e+00	2	0	0.3	64.0	Sqrt[53]
1302	c_o, coefficient associated with the asymptotic evaluation c_o*2^(n^2/4) of the number of subspaces of the n-dimensional	none	64	not found	6	TWO, EXP, ARCCOSH, INV, SEVEN, PLUS	1.105e-08	1303	0	70.7	8.0	
1303	c_e, coefficient associated with the asymptotic evaluation c_e*2^(n^2/4) of the number of subspaces of the n-dimensional	none	64	not found	7	FIVE, TAN, EXP, COS, SQR, EXP, SQR	1.459e-08	1955	0	71.5	7.8	
1304	e^2	elementary	64	exact	2	TWO, EXP	0.000e+00	2	0	0.1	64.0	E^2
1305	sqrt(59)	algebraic	64	exact	5	EIGHT, SQR, FIVE, SUBTRACT, SQRT	0.000e+00	1	0	0.3	64.0	Sqrt[59]
1306	digital search tree θ constant	special	64	not found	7	EULER, SQR, ARCTAN, SEVEN, COSH, LOG, PLUS	4.066e-10	1056	0	71.3	9.4	Sum[(2^(((-1 + \[FormalK])*\[FormalK])/2)*\[FormalK]*Sum[(-1 + 2^\[FormalI])^(-1), {\[FormalI], 1, \[FormalK]}])/Product[-1 + 2^\[FormalJ], {\[FormalJ], 1, \[FormalK]}], {\[FormalK], 1, Infinity}]
1307	sqrt(61)	algebraic	64	exact	5	EIGHT, SQR, THREE, SUBTRACT, SQRT	0.000e+00	1	0	0.3	64.0	Sqrt[61]
1308	Sierpiński's third constant, K3 = lim_{n->oo} ((1/n) * (Sum_{i=1..n} (A004018(i))^2) - 4 * log(n))	special	64	not found	7	NINE, SINH, ARCCOSH, SEVEN, TAN, SQRT, SUBTRACT	4.688e-10	1095	0	71.1	9.3	4/3 (24*Log[Gamma[3/4]] - 12*Log[Pi] + 72*Log[Glaisher] - 5*Log[2] + 6*EulerGamma - 3)
1309	sqrt(67)	algebraic	64	exact	5	EIGHT, SQR, THREE, PLUS, SQRT	0.000e+00	18	0	0.4	64.0	Sqrt[67]
1310	sqrt(71)	algebraic	64	exact	5	EIGHT, SQR, SEVEN, PLUS, SQRT	0.000e+00	5	0	0.3	64.0	Sqrt[71]
1311	sqrt(73)	algebraic	64	exact	5	EIGHT, SQR, NINE, PLUS, SQRT	0.000e+00	10	0	0.3	64.0	Sqrt[73]
1312	polygon circumscription constant	special	64	not found	7	EULER, ARCTAN, GAMMA, EIGHT, DIVIDE, ARCCOS, TAN	2.459e-08	1646	0	70.8	7.6	Product[Sec[Pi/\[FormalK]], {\[FormalK], 3, Infinity}]
1313	sqrt(79)	algebraic	64	exact	5	NINE, SQR, TWO, SUBTRACT, SQRT	0.000e+00	4	0	0.3	64.0	Sqrt[79]
1314	sqrt(83)	algebraic	64	exact	5	NINE, SQR, TWO, PLUS, SQRT	0.000e+00	6	0	0.3	64.0	Sqrt[83]
1315	4ln(10)	elementary	64	exact	6	FIVE, TWO, TIMES, SQR, SQR, LOG	0.000e+00	124	0	2.6	64.0	4*Log[10]
1316	Varga's constant	none	64	not found	7	PI, INV, PI, PLUS, INV, NINE, PLUS	1.044e-09	1180	0	70.7	9.0	
1317	3pi	elementary	64	exact	3	PI, THREE, TIMES	0.000e+00	2	0	0.2	64.0	3*Pi
1318	sqrt(89)	algebraic	64	exact	5	NINE, SQR, EIGHT, PLUS, SQRT	0.000e+00	2	0	0.3	64.0	Sqrt[89]
1319	Wagon's constant	none	64	not found	7	TWO, SQRT, EXP, ARCCOSH, INV, NINE, PLUS	2.072e-08	2856	0	72.2	7.7	
1320	Product_{p prime} (1 + 1/p^(5/4) + 1/p^(3/2) + 1/p^(7/4))	none	64	not found	7	TWO, EXP, ARCTAN, TANH, GAMMA, NINE, TIMES	7.188e-09	917	0	70.7	8.1	
1321	sqrt(97)	algebraic	64	exact	6	NINE, SQR, FOUR, SQR, PLUS, SQRT	0.000e+00	100	0	2.6	64.0	Sqrt[97]
1322	π^2	elementary	64	exact	2	PI, SQR	0.000e+00	1	0	0.1	64.0	Pi^2
1323	smallest number > 1 with the same digits in decimal and binary	none	64	not found	7	FIVE, TANH, EXP, NINE, PLUS, GOLDENRATIO, SUBTRACT	5.703e-09	2319	0	71.7	8.2	
1324	2*zeta(3/2)^4/(3*sqrt(2*Pi)*zeta(3))	special	64	not found	7	FIVE, SINH, FOUR, ARCTAN, SEVEN, POWER, DIVIDE	7.923e-09	672	0	70.6	8.1	2*Zeta[3/2]^4/(3*Sqrt[2*Pi]*Zeta[3])
1325	e^(Pi^2/(6*log(2)))	elementary	64	exact	7	PI, SQR, EIGHT, LOG, DIVIDE, EXP, SQRT	0.000e+00	995	0	71.1	63.4	E^(Pi^2/(6Log[2]))
1326	z_c = phi^5 (where phi is the golden ratio), a lattice statistics constant which is the exact value of the critical acti	algebraic	64	exact	3	GOLDENRATIO, FIVE, POWER	2.220e-16	1	0	0.2	63.5	GoldenRatio^5
1327	5ln(10)	elementary	64	exact	6	SEVEN, THREE, PLUS, FIVE, POWER, LOG	0.000e+00	59	0	2.6	63.4	5*Log[10]
1328	4pi	elementary	64	exact	3	PI, FOUR, TIMES	0.000e+00	2	0	0.1	64.0	4*Pi
1329	6ln(10)	elementary	64	exact	6	THREE, SEVEN, PLUS, SIX, POWER, LOG	0.000e+00	54	0	2.6	63.5	6*Log[10]
1330	Imaginary part of first non-trivial zero of zeta function	special	64	not found	7	THREE, SIN, GOLDENRATIO, TIMES, COS, EXP, EXP	1.575e-07	1065	0	70.7	6.8	Im[ZetaZero[1]]
1331	Product_{j>=1, j!=2} zeta(j/2) (negated)	none	64	not found	6	NEG, TWO, LOG, SIN, SUBTRACT, TAN	8.251e-08	535	0	70.6	7.1	
1332	exponential reiterated constant	elementary	64	exact	2	EULER, EXP	1.110e-16	1	0	0.1	63.6	E^E
1333	5pi	elementary	64	exact	3	PI, FIVE, TIMES	0.000e+00	2	0	0.1	64.0	5*Pi
1334	7ln(10)	elementary	64	exact	6	TWO, FIVE, TIMES, SEVEN, POWER, LOG	0.000e+00	42	0	2.6	63.7	7*Log[10]
1335	Product_{p prime} (1 + 1/p^(6/5) + 1/p^(7/5) - 1/p^2 - 1/p^(11/5) - 1/p^(12/5)) (negated)	none	64	not found	7	EIGHT, ARCCOSH, SQRT, FOUR, PLUS, EXP, SQRT	3.342e-08	513	0	70.6	7.5	
1336	8ln(10)	elementary	64	exact	6	FIVE, TWO, TIMES, EIGHT, POWER, LOG	0.000e+00	59	0	2.6	63.9	8*Log[10]
1337	6pi	elementary	64	exact	3	PI, SIX, TIMES	0.000e+00	2	0	0.1	63.7	6*Pi
1338	Product_{p prime} (1 + 1/p^(6/5) + 1/p^(7/5) + 1/p^(8/5) + 1/p^(9/5))	none	64	not found	7	TWO, NINE, SQR, COS, NINE, POWER, DIVIDE	4.634e-08	378	0	70.6	7.3	
1339	e^pi - pi	elementary	64	exact	4	PI, EXP, PI, SUBTRACT	2.220e-16	1	0	0.2	63.9	E^Pi - Pi
1340	e^3	elementary	64	exact	2	THREE, EXP	0.000e+00	1	0	0.1	64.0	E^3
1341	9ln(10)	elementary	64	exact	6	THREE, SEVEN, PLUS, NINE, POWER, LOG	0.000e+00	63	0	2.7	64.0	9*Log[10]
1342	imaginary part of 2nd nontrivial zero of Riemann zeta function	none	64	not found	7	TWO, COSH, SINH, GOLDENRATIO, ARCCOSH, COS, SUBTRACT	8.417e-09	481	0	71.4	8.1	
1343	7pi	elementary	64	exact	3	PI, SEVEN, TIMES	0.000e+00	2	0	0.2	63.8	7*Pi
1344	pi pow e	elementary	64	exact	3	PI, EULER, POWER	1.110e-16	1	0	0.2	63.7	Pi^E
1345	Gelfond's constant	elementary	64	exact	2	PI, EXP	1.110e-16	1	0	0.1	64.0	E^Pi
1346	imaginary part of 3rd nontrivial zero of Riemann zeta function	none	64	not found	7	EIGHT, EULER, COS, COS, POWER, SEVEN, TIMES	8.791e-09	440	0	71.0	8.1	
1347	8pi	elementary	64	exact	3	PI, EIGHT, TIMES	0.000e+00	2	0	0.2	64.0	8*Pi
1348	9pi	elementary	64	exact	3	NINE, PI, TIMES	0.000e+00	2	0	0.1	64.0	9*Pi
1349	pi cubed	elementary	64	exact	3	PI, THREE, POWER	1.110e-16	1	0	0.2	63.9	Pi^3
1350	π^π	elementary	64	exact	3	PI, PI, POWER	2.220e-16	1	0	0.1	64.0	Pi^Pi
1351	e^4	elementary	64	exact	2	FOUR, EXP	0.000e+00	1	0	0.1	64.0	E^4
1352	radian	elementary	64	exact	6	SIX, SQR, PI, DIVIDE, FIVE, TIMES	0.000e+00	29	0	2.6	64.0	180/Pi
1353	pi^4	elementary	64	exact	3	PI, SQR, SQR	1.110e-16	2	0	0.1	64.0	Pi^4
1354	Product_{j>=1, j!=3} zeta(j/3)	none	64	not found	7	FIVE, SIX, POWER, LOG, LOG, SINH, EXP	3.135e-08	169	0	70.7	7.5	
1355	Golden angle degrees	algebraic	64	exact	7	SIX, GAMMA, GOLDENRATIO, SQR, DIVIDE, THREE, TIMES	0.000e+00	132	0	70.6	63.7	180*(3 - Sqrt[5])
1356	e^5	elementary	64	exact	2	FIVE, EXP	0.000e+00	1	0	0.1	64.0	E^5
1357	pi^5	elementary	64	exact	3	PI, FIVE, POWER	2.220e-16	1	0	0.2	64.0	Pi^5
1358	e^6	elementary	64	exact	2	SIX, EXP	0.000e+00	1	0	0.1	64.0	E^6
1359	e^(2pi)	elementary	64	exact	3	PI, EXP, SQR	2.220e-16	1	0	0.2	64.0	E^(2*Pi)
1360	Jenny constant	elementary	64	not found	7	FIVE, COSH, FIVE, TANH, LOG, ARCCOS, POWER	1.661e-07	107	0	70.6	6.8	(-9 + 7^(-E^(-1) + E))*Pi^2
1361	pi^6	elementary	64	exact	3	PI, SIX, POWER	2.220e-16	1	0	0.2	64.0	Pi^6
1362	e^7	elementary	64	exact	2	SEVEN, EXP	0.000e+00	1	0	0.1	63.7	E^7
1363	e^8	elementary	64	exact	2	EIGHT, EXP	0.000e+00	1	0	0.1	63.9	E^8
1364	pi^7	elementary	64	exact	3	PI, SEVEN, POWER	3.331e-16	1	0	0.1	63.9	Pi^7
1365	10800/π	elementary	64	not found	7	TWO, COSH, SQRT, SINH, COSH, THREE, POWER	8.891e-08	60	0	71.9	7.1	10800/Pi
1366	e^9	elementary	64	exact	2	NINE, EXP	0.000e+00	1	0	0.1	64.0	E^9
1367	Gram point crossover constant	special	64	not found	7	NINE, ARCSINH, LOG, SQR, NINE, EXP, TIMES	2.146e-06	35	0	71.2	5.7	Root[{-RiemannSiegelTheta[#1] + Pi*#1 & , 9146.69819317145926586619766347`29.961264349227967}]
1368	pi^8	elementary	64	exact	3	PI, EIGHT, POWER	3.331e-16	1	0	0.2	64.0	Pi^8
1369	e^(3pi)	elementary	64	exact	4	PI, THREE, TIMES, EXP	3.331e-16	4	0	0.2	63.6	E^(3*Pi)
1370	e^10	elementary	64	exact	3	FIVE, EXP, SQR	1.110e-16	1	0	0.1	63.7	E^10
1371	pi^9	elementary	64	exact	3	PI, NINE, POWER	3.331e-16	1	0	0.1	64.0	Pi^9
1372	pi^10	elementary	64	exact	4	PI, FIVE, POWER, SQR	3.331e-16	2	0	0.2	64.0	Pi^10
1373	648000/π	elementary	64	not found	7	TWO, NEG, ARCTAN, GAMMA, EXP, DIVIDE, SQR	9.466e-07	30	0	70.6	6.0	648000/Pi
1374	e^(4pi)	elementary	64	exact	4	PI, EXP, FOUR, POWER	2.220e-16	5	0	0.2	64.0	E^(4*Pi)
1375	e^(5pi)	elementary	64	exact	4	PI, EXP, FIVE, POWER	4.441e-16	4	0	0.2	64.0	E^(5*Pi)
1376	e^(6pi)	elementary	64	exact	4	PI, EXP, SIX, POWER	5.551e-16	4	0	0.2	63.9	E^(6*Pi)
1377	e^(7pi)	elementary	64	exact	4	PI, EXP, SEVEN, POWER	6.661e-16	4	0	0.2	64.0	E^(7*Pi)
1378	e^(8pi)	elementary	64	exact	4	PI, EXP, EIGHT, POWER	7.772e-16	4	0	0.2	64.0	E^(8*Pi)
1379	e^(9pi)	elementary	64	exact	4	PI, EXP, NINE, POWER	8.882e-16	4	0	0.2	64.0	E^(9*Pi)
1380	e^(10pi)	elementary	64	exact	5	PI, EXP, FIVE, POWER, SQR	8.882e-16	6	0	0.3	64.0	E^(10*Pi)
1381	Ramanujan's constant	elementary	64	not found	7	SEVEN, EULER, ARCSINH, ARCSINH, EXP, SINH, POWER	8.073e-06	1	0	71.0	5.1	E^(Sqrt[163]*Pi)
