id	name	class	digits	verdict	K	RPN	REL_ERR	candidates	overflow	ms	agree	formula
1	conic constant	elementary	64	exact	4	TWO, EXP, NEG, DIVIDE	0.000e+00	6	0	1.2	64.0	-E^2
2	log π/648000	elementary	64	not found	8	PI, LOG, EIGHT, ARCTAN, SUBTRACT, INV, TWO, SUBTRACT	5.682e-10	8338	0	2293.0	9.2	Log10[Pi/648000]
3	log π/10800	elementary	64	not found	8	TWO, TANH, PI, SQR, SEVEN, SIN, POWER, SUBTRACT	2.585e-09	11369	0	2263.6	8.6	Log10[Pi/10800]
4	log e^(-2π)	elementary	64	exact	6	PI, THREE, ARCTAN, COS, LOG, DIVIDE	0.000e+00	10	0	2.7	64.0	Log10[E^(-2*Pi)]
5	(1 + 1/e)/(1/e - 1) = -coth(1/2)	elementary	64	exact	5	NEG, TWO, DIVIDE, TANH, INV	0.000e+00	2	0	0.4	63.9	(1 + 1/E)/(1/E - 1)
6	Madelung 6D square lattice constant	special	64	not found	8	NEG, ONE, ARCTAN, SQRT, INV, COS, SUBTRACT, SINH	3.631e-10	15317	0	2235.9	9.4	(3*(4*DirichletBeta[5/2]*(-1 + Sqrt[2])*Zeta[1/2] - DirichletBeta[1/2]*(-1 + 4*Sqrt[2])*Zeta[5/2]))/Pi^2
7	Madelung 4D square lattice constant	special	64	not found	8	NINE, COS, ARCCOS, INV, EULER, COS, PLUS, INV	1.110e-09	67363	0	2241.7	9.0	-8*(5 - 3*Sqrt[2])*Zeta[-1/2]*Zeta[1/2]
8	log π/180	elementary	64	not found	8	NEG, SIN, TANH, ARCSINH, GOLDENRATIO, GAMMA, INV, SUBTRACT	4.565e-10	31619	0	2301.7	9.3	Log10[Pi/180]
9	Madelung 2D square lattice constant	special	64	not found	8	NEG, SIN, NEG, SIN, ARCTAN, ARCSINH, EXP, DIVIDE	4.546e-10	20755	0	2282.8	9.3	4*DirichletBeta[1/2]*(-1 + Sqrt[2])*Zeta[1/2]
10	Bateman-Grosswald constant	special	64	not found	8	FIVE, EIGHT, POWER, TAN, ARCSIN, THREE, ARCSINH, TIMES	7.109e-10	19125	0	2298.6	9.1	Zeta[2/3]/Zeta[2]
11	log e^(-π)	elementary	64	exact	7	ONE, ARCSIN, THREE, ARCTAN, COS, LOG, DIVIDE	0.000e+00	566	0	72.6	64.0	Log10[E^(-Pi)]
12	log 1/4π	elementary	64	not found	8	ONE, SINH, GAMMA, NINE, TAN, ARCSINH, ARCCOS, SUBTRACT	2.414e-09	20206	0	2257.7	8.6	Log10[1/(4*Pi)]
13	generalized Stirling constant	special	64	not found	8	EULER, ARCSINH, SIN, GAMMA, NEG, TAN, TIMES, ARCTAN	2.173e-10	28823	0	2279.4	9.7	EulerGamma^2/4 - Pi^2/48 + StieltjesGamma[1]/2 - Log[2*Pi]^2/4
14	Neg	rational	64	exact	1	NEG	0.000e+00	1	0	0.1	64.0	-1
15	log 1/π^2	elementary	64	exact	7	PI, LOG, THREE, ARCTAN, COS, LOG, DIVIDE	2.220e-16	2442	0	71.7	64.0	Log10[1/Pi^2]
16	log 1/3π	elementary	64	not found	8	NEG, TANH, TANH, SQR, ARCSINH, GAMMA, TAN, SIN	6.464e-10	47008	0	2273.0	9.2	Log10[1/(3*Pi)]
17	zeta'(2)	special	64	not found	8	EIGHT, SQRT, EXP, SIN, SINH, THREE, SIN, PLUS	7.052e-10	36322	0	2278.8	9.2	Derivative[1][Zeta][2]
18	log 1/e^2	elementary	64	exact	5	THREE, ARCTAN, COS, LOG, INV	2.220e-16	1	0	0.4	64.0	Log10[1/E^2]
19	log 1/2π	elementary	64	not found	8	FOUR, COS, EIGHT, SEVEN, TIMES, TAN, COS, DIVIDE	9.145e-11	25462	0	2259.4	10.0	Log10[1/(2*Pi)]
20	infinite tetration of reciprocal root 2	special	64	not found	8	TWO, TANH, ARCSINH, SQRT, SINH, EIGHT, SUBTRACT, TAN	7.665e-11	24555	0	2242.3	10.1	(-2*ProductLog[Log[2]/2])/Log[2]
21	log e^(-π/2)	elementary	64	exact	7	ONE, ARCTAN, THREE, ARCTAN, COS, LOG, DIVIDE	0.000e+00	673	0	74.6	64.0	Log10[E^(-Pi/2)]
22	Granville-Soundararajan constant	special	64	not found	8	GOLDENRATIO, ARCTAN, COS, COSH, TWO, PLUS, GAMMA, COS	1.289e-09	25439	0	2269.7	8.9	1 + Pi^2/3 + 4*PolyLog[2, -Sqrt[E]]
23	ln(gamma)	special	64	not found	8	FIVE, TAN, TANH, FOUR, ARCCOSH, DIVIDE, TAN, SINH	2.182e-09	17784	0	2280.6	8.7	Log[EulerGamma]
24	log 1/π	elementary	64	exact	8	PI, SQRT, LOG, THREE, ARCTAN, COS, LOG, DIVIDE	1.110e-16	13646	0	2255.1	64.0	Log10[1/Pi]
25	log 1/e	elementary	64	exact	6	NEG, SEVEN, THREE, PLUS, LOG, DIVIDE	1.110e-16	125	0	3.2	64.0	Log10[1/E]
26	log Sqrt[1/2π]	elementary	64	not found	8	THREE, ARCSINH, ARCCOSH, GOLDENRATIO, TIMES, COS, ARCSIN, ARCTANH	9.340e-10	22061	0	2255.6	9.0	Log10[Sqrt[1/(2*Pi)]]
27	ln ln two	elementary	64	exact	3	TWO, LOG, LOG	0.000e+00	1	0	0.4	64.0	Log[Log[2]]
28	log M = log e	elementary	64	not found	8	NEG, EXP, ARCTANH, SQR, ARCCOS, TAN, SEVEN, SUBTRACT	6.190e-10	11339	0	2260.6	9.2	Log10[Log10[E]]
29	log π/6	elementary	64	not found	8	EIGHT, INV, SIN, COS, NEG, ARCTAN, INV, PLUS	8.007e-10	8604	0	2237.7	9.1	Log10[Pi/6]
31	Airy function constant	special	64	not found	8	SEVEN, SQRT, ARCSINH, EULER, ARCSINH, ARCCOSH, POWER, COS	2.582e-10	18224	0	2238.0	9.6	-(1/(3^(1/3)*Gamma[1/3]))
32	log Sqrt[1/π]	elementary	64	not found	8	PI, ARCSINH, FOUR, TANH, COSH, DIVIDE, COSH, COS	1.728e-09	11269	0	2244.0	8.8	Log10[Sqrt[1/Pi]]
33	log γ	special	64	not found	8	EULER, ONE, ARCTAN, ARCTANH, DIVIDE, TAN, EULER, DIVIDE	3.511e-09	8692	0	2249.0	8.5	Log10[EulerGamma]
34	log Sqrt[1/e]	elementary	64	exact	7	NEG, TWO, FIVE, TIMES, SQR, LOG, DIVIDE	1.110e-16	366	0	71.0	64.0	Log10[Sqrt[1/E]]
35	log Cbrt[3/4π]	elementary	64	not found	8	EIGHT, COS, PI, ARCTAN, SQRT, ARCCOSH, SQRT, DIVIDE	6.694e-09	6911	0	2237.7	8.2	Log10[CubeRoot[3/(4*Pi)]]
36	log 2/π	elementary	64	not found	8	GOLDENRATIO, TANH, EULER, COSH, TAN, ARCCOSH, ARCTAN, SUBTRACT	4.654e-09	7514	0	2238.5	8.3	Log10[2/Pi]
37	log Cbrt[1/π]	elementary	64	not found	8	SEVEN, GAMMA, COS, TANH, COSH, TANH, LOG, SIN	2.216e-09	5529	0	2276.5	8.7	Log10[CubeRoot[1/Pi]]
38	log Cbrt[1/e]	elementary	64	exact	7	THREE, ARCTAN, COS, SIX, POWER, LOG, INV	0.000e+00	241	0	71.5	63.8	Log10[CubeRoot[1/E]]
39	ln(Gamma(4/3))	special	64	exact	5	THREE, LOG, SINH, GAMMA, LOG	6.661e-16	4	0	0.7	63.4	LogGamma[4/3]
40	log π/4	elementary	64	exact	8	ONE, ARCTAN, LOG, NINE, ONE, PLUS, LOG, DIVIDE	0.000e+00	4575	0	2250.9	63.6	Log10[Pi/4]
41	ln(Gamma(5/3))	special	64	exact	5	THREE, LOG, COSH, GAMMA, LOG	2.220e-16	2	0	0.7	63.9	LogGamma[5/3]
42	ln(Gamma(5/4))	special	64	exact	5	TWO, LOG, COSH, GAMMA, LOG	4.441e-16	2	0	0.7	64.0	LogGamma[5/4]
43	log Sqrt[2/π]	elementary	64	not found	8	THREE, TAN, ARCSIN, TANH, EIGHT, ARCTAN, DIVIDE, SIN	1.612e-08	3931	0	2300.3	7.8	Log10[Sqrt[2/Pi]]
44	ln(Gamma(7/4))	special	64	exact	5	SEVEN, FOUR, DIVIDE, GAMMA, LOG	0.000e+00	1	0	0.9	64.0	LogGamma[7/4]
45	Stieltjes constant	special	64	not found	8	NEG, COSH, TANH, ARCTAN, LOG, COS, LOG, ARCSIN	2.570e-08	2229	0	2245.3	7.6	1 + EulerGamma^2 - Pi^2/8 + 2*StieltjesGamma[1]
46	Gauchman constant	special	64	not found	8	ONE, ARCSINH, EULER, TANH, SUBTRACT, FIVE, DIVIDE, ARCTAN	1.809e-09	1528	0	2238.2	8.7	ConditionalExpression[Extension`GauchmanConstant == \[FormalX], E^(\[FormalU]/2) + 2*E^\[FormalU] + E^((3*\[FormalU])/2) + E^(\[FormalU] + \[FormalV]) == E^\[FormalV] + 2*E^(\[FormalU]/2 + \[FormalV]) && 2*(1 + \[FormalX] + E^(\[FormalU]/2 - \[FormalV])) == 4/E^(\[FormalU]/2) + (-2 + \[FormalU])/E^\[FormalV] && 1 + \[FormalU] + 6*E^(\[FormalU]/2) + 4*E^\[FormalU] + 4*E^(\[FormalU]/2 + \[FormalV]) == \[FormalV] + 9*E^\[FormalV] && -1/40 < \[FormalX] < 0]
47	log 3/π	elementary	64	not found	8	FOUR, TWO, SEVEN, SINH, EULER, DIVIDE, SUBTRACT, DIVIDE	7.478e-10	2740	0	2237.6	9.1	Log10[3/Pi]
48	Zero	rational	64	exact	2	ONE, LOG	0.000e+00	5	0	0.3	64.0	0
49	e^(-10pi)	elementary	64	exact	6	PI, EXP, INV, SQR, FIVE, POWER	2.220e-16	20	0	3.1	64.0	E^(-10*Pi)
50	e^(-9pi)	elementary	64	exact	5	PI, EXP, INV, NINE, POWER	4.441e-16	6	0	0.7	64.0	E^(-9*Pi)
51	'chi', a constant appearing in the asymptotic variance of the number of comparisons required for updating a digital sear	none	64	not found	8	PI, INV, EXP, TANH, FOUR, SINH, EXP, DIVIDE	2.382e-07	151	0	2267.1	6.6	
52	e^(-8pi)	elementary	64	exact	5	PI, EXP, INV, EIGHT, POWER	2.220e-16	6	0	0.7	63.9	E^(-8*Pi)
53	e^(-7pi)	elementary	64	exact	5	PI, EXP, INV, SEVEN, POWER	2.220e-16	6	0	0.6	64.0	E^(-7*Pi)
54	e^(-6pi)	elementary	64	exact	5	PI, EXP, INV, SIX, POWER	2.220e-16	6	0	0.7	64.0	E^(-6*Pi)
55	e^(-5pi)	elementary	64	exact	5	PI, EXP, INV, FIVE, POWER	2.220e-16	6	0	0.7	63.6	E^(-5*Pi)
56	e^(-4pi)	elementary	64	exact	5	PI, EXP, INV, SQR, SQR	0.000e+00	13	0	0.8	64.0	E^(-4*Pi)
57	1 arcsecond in radians	elementary	64	not found	8	SEVEN, ARCSINH, THREE, COSH, PI, PLUS, EXP, DIVIDE	3.469e-08	589	0	2254.6	7.5	Pi/648000
58	pi^-10	elementary	64	exact	5	PI, FIVE, POWER, SQR, INV	2.220e-16	7	0	0.8	63.5	Pi^(-10)
59	pi^-9	elementary	64	exact	4	PI, NINE, POWER, INV	4.441e-16	2	0	0.5	63.8	Pi^(-9)
60	e^-10	elementary	64	exact	4	FIVE, EXP, SQR, INV	0.000e+00	3	0	0.6	64.0	E^(-10)
61	e^(-3pi)	elementary	64	exact	5	PI, EXP, INV, THREE, POWER	0.000e+00	10	0	0.7	64.0	E^(-3*Pi)
62	pi^-8	elementary	64	exact	4	PI, EIGHT, POWER, INV	4.441e-16	2	0	0.5	63.5	Pi^(-8)
63	sum_{r in Z}(1/r^3) where Z is the set of all nontrivial zeros r of the Riemann zeta function	special	64	not found	8	GOLDENRATIO, ARCSINH, EULER, POWER, SEVEN, FIVE, POWER, DIVIDE	1.151e-07	349	0	2247.5	6.9	-(-7*Zeta[3]/8 + EulerGamma^3 + 3*EulerGamma*StieltjesGamma[1] + 3/2*StieltjesGamma[2] + 1)
64	e^-9	elementary	64	exact	3	NINE, EXP, INV	2.220e-16	1	0	0.4	63.4	E^(-9)
65	6th du Bois-Reymond constant	none	64	not found	8	NINE, ARCTAN, ARCTAN, GAMMA, ARCSINH, NINE, SINH, DIVIDE	4.643e-09	480	0	2238.2	8.3	
66	1 arcminute in radians	elementary	64	exact	8	PI, SEVEN, GAMMA, DIVIDE, FIVE, DIVIDE, THREE, DIVIDE	0.000e+00	475	0	2252.6	64.0	Pi/10800
67	pi^-7	elementary	64	exact	4	PI, SEVEN, POWER, INV	2.220e-16	2	0	0.6	64.0	Pi^(-7)
68	e^-8	elementary	64	exact	3	EIGHT, EXP, INV	0.000e+00	1	0	0.3	64.0	E^(-8)
69	zeta'(-5) (the derivative of Riemann's zeta function at -5) (negated)	special	64	not found	8	NEG, ARCTAN, THREE, SUBTRACT, GAMMA, SIX, POWER, ARCTANH	5.224e-08	609	0	2267.4	7.3	-(Zeta'[-5])
70	zeta'(-7) (the derivative of Riemann's zeta function at -7) (negated)	special	64	not found	8	EULER, PI, NINE, FIVE, DIVIDE, POWER, GAMMA, DIVIDE	5.916e-09	596	0	2244.3	8.2	-(Zeta'[-7])
71	5th Stieltjes constant gamma_5	special	64	not found	8	FOUR, EIGHT, SIX, TANH, INV, POWER, GAMMA, DIVIDE	1.804e-08	750	0	2252.0	7.7	-(-StieltjesGamma[5])
72	e^-7	elementary	64	exact	3	SEVEN, EXP, INV	0.000e+00	1	0	0.1	64.0	E^(-7)
73	pi^-6	elementary	64	exact	4	PI, SIX, POWER, INV	2.220e-16	2	0	0.2	63.5	Pi^(-6)
74	5th du Bois-Reymond constant	none	64	not found	8	NINE, TAN, SIX, PLUS, SQR, INV, ARCSIN, SQR	3.324e-08	1843	0	2255.0	7.5	
75	Heath-Brown–Moroz constant	special	64	not found	8	PI, FIVE, COSH, NINE, TAN, DIVIDE, ARCSINH, POWER	6.285e-08	825	0	2279.5	7.2	Product[(1 - Prime[n]^(-1))^7*(1 + (1 + 7*Prime[n])/Prime[n]^2), {n, 1, Infinity}]
76	e^(-2pi)	elementary	64	exact	4	PI, EXP, INV, SQR	0.000e+00	2	0	0.2	63.8	E^(-2*Pi)
77	'mu', a Sobolev isoperimetric constant related to the "rod inequality", arising from the elasticity study of a rod that 	none	64	not found	7	FIVE, COS, EXP, ARCSINH, SEVEN, COSH, DIVIDE	3.016e-08	841	0	2287.7	7.5	
78	3rd Stieltjes constant gamma_3	special	64	not found	8	NEG, SIN, SQR, ARCSINH, SQRT, SEVEN, SUBTRACT, EXP	2.665e-10	757	0	2253.3	9.6	-(-StieltjesGamma[3])
79	4th Stieltjes constant gamma_4	special	64	not found	8	SIX, SIN, COSH, SIN, GAMMA, SQRT, LOG, SQR	2.484e-08	1346	0	2247.2	7.6	-(-StieltjesGamma[4])
80	e^-6	elementary	64	exact	3	SIX, EXP, INV	0.000e+00	1	0	0.2	64.0	E^(-6)
82	pi^-5	elementary	64	exact	4	PI, FIVE, POWER, INV	2.220e-16	2	0	0.2	64.0	Pi^(-5)
83	16/(9*sqrt(184607))	algebraic	64	not found	8	THREE, GOLDENRATIO, ARCSINH, LOG, SUBTRACT, GAMMA, COS, SQR	1.617e-09	1695	0	2268.5	8.8	16/(9Sqrt[184607])
84	4th du Bois-Reymond constant	elementary	64	not found	8	EIGHT, SEVEN, LOG, SQR, SQR, DIVIDE, NINE, POWER	3.513e-09	2290	0	2277.2	8.5	(E^4 - 4E^2 - 25)/8
85	zeta'(-3) (the derivative of Riemann's zeta function at -3)	special	64	not found	8	TWO, ARCCOSH, ARCSINH, INV, FIVE, PLUS, SINH, INV	7.447e-09	1458	0	2251.5	8.1	Zeta'[-3]
86	zeta'(-6) (the derivative of Riemann's zeta function at -6) (negated)	special	64	not found	8	NINE, ARCCOSH, EXP, NINE, TIMES, EIGHT, PLUS, INV	1.362e-08	1717	0	2301.0	7.9	-(Zeta'[-6])
87	zeta''(0)+2, the coefficient of z^2 in the Laurent expansion of zeta(z) at the origin	special	64	not found	8	TWO, TWO, ARCCOSH, FIVE, COSH, SQRT, SUBTRACT, POWER	3.900e-08	1295	0	2249.2	7.4	-(Zeta''[0]+2)
88	e^-5	elementary	64	exact	3	FIVE, EXP, INV	0.000e+00	1	0	0.2	64.0	E^(-5)
89	Wyler constant	special	64	not found	8	EULER, TAN, INV, EXP, SQR, GOLDENRATIO, DIVIDE, ARCSINH	9.362e-10	1718	0	2259.7	9.0	(9*(5!^(-1))^(1/4))/(16*Pi^(11/4))
90	zeta'(-4) (the derivative of Riemann's zeta function at -4)	special	64	not found	7	FIVE, COS, SIN, TAN, SIX, SQR, DIVIDE	1.048e-08	1694	0	2271.1	8.0	Zeta'[-4]
91	zeta'(-8) (the derivative of Riemann's zeta function at -8)	special	64	not found	8	TWO, SINH, SQRT, GOLDENRATIO, DIVIDE, COS, FIVE, POWER	1.900e-08	1616	0	2268.2	7.7	Zeta'[-8]
92	sum of the alternating series tau(3), with tau(n) = Sum_{k>0} (-1)^k*log(k)^n/k	none	64	not found	8	EULER, EXP, SEVEN, TIMES, EIGHT, COS, SUBTRACT, INV	2.394e-08	3999	0	2245.1	7.6	
93	'mu', an isoperimetric constant associated with the study of a vibrating, homogeneous plate clamped at the boundary of t	none	64	not found	8	FIVE, PI, DIVIDE, SQR, NINE, TAN, DIVIDE, GAMMA	1.611e-08	2672	0	2252.0	7.8	
94	2nd Stieltjes constant gamma_2 (negated)	special	64	not found	7	TWO, NEG, SINH, TANH, DIVIDE, SINH, GAMMA	2.421e-09	2812	0	2261.1	8.6	-StieltjesGamma[2]
95	pi^-4	elementary	64	exact	4	PI, SQR, SQR, INV	0.000e+00	5	0	0.2	63.7	Pi^(-4)
96	p_3 (so named by S. Finch), a probability related to Vallée's constant	none	64	not found	8	TWO, SIX, SIN, SUBTRACT, SIN, LOG, GAMMA, EXP	8.460e-09	2656	0	2261.2	8.1	
97	16/(207*sqrt(53))	algebraic	64	not found	8	TWO, COSH, EXP, ARCTAN, SQRT, COS, FOUR, POWER	3.122e-10	2334	0	2268.4	9.5	16/(207Sqrt[53])
98	cube tetrahedron-picking constant	elementary	64	not found	8	EULER, SIX, COSH, FIVE, ARCSINH, SQR, SUBTRACT, DIVIDE	9.930e-09	2867	0	2271.5	8.0	3977/216000 - Pi^2/2160
99	2*zeta(3)/Pi^2 - 11/18 + log(Pi)/3	special	64	not found	8	PI, ARCSINH, EULER, PLUS, ARCSINH, SQR, SINH, INV	3.643e-09	3391	0	2243.7	8.4	2Zeta[3]/Pi^2-11/18+Log[Pi]/3
100	b_3, a constant associated with the 3rd Du Bois Reymond constant	none	64	not found	8	TWO, SQRT, COS, NINE, SEVEN, TANH, POWER, DIVIDE	2.083e-09	5100	0	2290.7	8.7	
101	tetrahedron tetrahedron-picking constant	elementary	64	not found	8	SIX, NEG, SINH, POWER, SEVEN, DIVIDE, TAN, TAN	7.015e-09	2621	0	2271.6	8.2	13/720 - Pi^2/15015
102	number of radians in one degree	elementary	64	exact	6	ONE, ARCTAN, NINE, DIVIDE, FIVE, DIVIDE	0.000e+00	17	0	2.6	64.0	Pi/180
103	sum of the alternating series tau(4), with tau(n) = Sum_{k>0} (-1)^k*log(k)^n/k	none	64	not found	8	NINE, ARCTAN, SIX, SQR, TIMES, THREE, PLUS, INV	6.328e-09	3405	0	2249.1	8.2	
104	e^-4	elementary	64	exact	3	FOUR, EXP, INV	2.220e-16	1	0	0.2	64.0	E^(-4)
105	log π/3	elementary	64	not found	8	FOUR, SEVEN, SINH, EULER, DIVIDE, TWO, SUBTRACT, DIVIDE	7.478e-10	4783	0	2241.3	9.1	Log10[Pi/3]
106	a Shapiro-Drinfeld constant, known as Gauchman's constant, related to the difference of cyclic sums (negated)	none	64	not found	8	NEG, ARCSINH, EULER, TANH, PLUS, FIVE, DIVIDE, ARCTAN	1.809e-09	3391	0	2241.6	8.7	
107	lambda(1) in Li's criterion	special	64	not found	8	FIVE, ARCCOSH, ARCCOSH, LOG, INV, GAMMA, COS, SQR	1.828e-08	4294	0	2241.7	7.7	EulerGamma/2 + 1 - Log[4 Pi]/2
108	triple integral of ({x/y}{y/z}{z/x})^2 over the unit cube	special	64	not found	8	TWO, GOLDENRATIO, SEVEN, THREE, TANH, DIVIDE, SUBTRACT, POWER	5.841e-09	3067	0	2242.8	8.2	1 - Zeta[2]/2 - Zeta[3]/2 + 7*Zeta[6]/48 + Zeta[2]*Zeta[3]/18 + Zeta[3]^2/18 + Zeta[3]*Zeta[4]/12
109	sum of the alternating series tau(5), with tau(n) = Sum_{k>0} (-1)^k*log(k)^n/k	none	64	not found	8	FIVE, SINH, SIN, GAMMA, ARCTAN, EXP, COSH, LOG	2.477e-09	4651	0	2242.0	8.6	
110	Matthews' constant C_4, an analog of Artin's constant for primitive roots	none	64	not found	8	FOUR, SIN, COS, SIN, SIN, EULER, SINH, POWER	2.880e-08	3662	0	2241.6	7.5	
111	3rd du Bois-Reymond constant	none	64	not found	8	FIVE, NINE, TAN, POWER, TAN, ARCSIN, SIX, POWER	1.201e-08	5636	0	2242.2	7.9	
112	sum of reciprocals of squares of perfect numbers	none	64	not found	8	FIVE, COS, SIX, SINH, TAN, NINE, PLUS, DIVIDE	9.110e-10	4968	0	2241.6	9.0	
113	pi^-3	elementary	64	exact	4	PI, THREE, POWER, INV	2.220e-16	2	0	0.2	63.9	Pi^(-3)
114	1/2 - log(2)/4 - G/Pi, where G = A006752	special	64	not found	8	EULER, SQR, SEVEN, SUBTRACT, ARCTANH, TWO, COSH, POWER	1.147e-09	4209	0	2241.8	8.9	1/2-Log[2]/4-Catalan/Pi
115	percolation cluster density constant	algebraic	64	not found	8	EIGHT, GOLDENRATIO, PLUS, SIN, ARCTAN, ARCTAN, SINH, SQR	2.670e-09	6444	0	2241.8	8.6	-41/16 + (3*Sqrt[3])/2
116	1/4 - 7*zeta(3)/(4*Pi^2)	special	64	not found	8	GOLDENRATIO, INV, ARCTANH, TAN, ARCSIN, SQRT, LOG, ARCTANH	1.224e-08	4694	0	2241.9	7.9	1/4-7Zeta[3]/(4Pi^2)
117	a constant 'v' such that the asymptotic variance of the distribution of the longest cycle given a random n-permutation e	none	64	not found	8	PI, ONE, ARCTAN, ARCSIN, POWER, GAMMA, ARCTAN, LOG	6.354e-09	4846	0	2241.8	8.2	
118	H(1/2,1), a constant appearing in the asymptotic variance of the largest component of random mappings on n symbols, expr	none	64	not found	8	SIX, EULER, ARCSINH, POWER, FIVE, PLUS, INV, ARCTAN	4.129e-09	4473	0	2242.4	8.4	
119	'v', a parking constant associated with the asymptotic variance of the number of cars that can be parked in a given inte	none	30	not found	8	THREE, TAN, INV, EXP, SQRT, ONE, ARCTAN, DIVIDE	2.755e-09	4654	0	2242.5	8.6	
120	Integral_{0..1/2} log(gamma(x+1)) dx (negated)	special	64	not found	8	PI, FIVE, SINH, SQRT, TAN, POWER, SEVEN, DIVIDE	6.961e-09	7691	0	2242.7	8.2	-(-1/2 - (7/24)*Log[2] + (1/4)*Log[Pi] + (3/2) * Log[Glaisher])
121	e^(-1pi)	elementary	64	exact	3	PI, EXP, INV	0.000e+00	1	0	0.4	64.0	E^(-1*Pi)
122	16/(9*sqrt(1609))	algebraic	64	not found	8	EULER, SIN, SQR, ARCCOS, EULER, TIMES, COSH, INV	1.097e-08	5556	0	2242.7	8.0	16/(9Sqrt[1609])
123	pi^-e	elementary	64	exact	4	PI, EULER, POWER, INV	2.220e-16	2	0	0.5	64.0	Pi^(-E)
124	sum_{r in Z}(1/r^2) where Z is the set of all nontrivial zeros r of the Riemann zeta function	special	64	not found	8	FOUR, ARCSINH, SQR, GAMMA, SIX, THREE, POWER, DIVIDE	3.046e-09	6055	0	2242.9	8.5	-(-Pi^2/8 + EulerGamma^2 + 2*StieltjesGamma[1] + 1)
125	Mertens constant M(4,3) arising in the formula for the sum of reciprocals of primes p == 1 (mod 4)	none	64	not found	8	FIVE, TANH, ARCSIN, SQRT, LOG, SIN, SQR, SIN	2.209e-09	5293	0	2242.8	8.7	
126	p_2, a probability associated with continuant polynomials	none	64	not found	8	EULER, TAN, SQR, ARCSINH, EIGHT, SQR, LOG, DIVIDE	1.465e-10	9265	0	2242.4	9.8	
127	a constant related to the variance of the number of vertices of the largest tree associated with a random mapping on n s	none	64	not found	8	GOLDENRATIO, SQRT, SQRT, ARCTAN, NINE, POWER, ARCSIN, SQR	8.570e-10	6902	0	2242.7	9.1	
128	e^-3	elementary	64	exact	3	THREE, EXP, INV	0.000e+00	1	0	0.4	64.0	E^(-3)
129	Integral_{x=0..Infinity} x*cos(x)/(1+x^2)	none	64	not found	8	EULER, SINH, COSH, ARCSINH, LOG, NINE, DIVIDE, SQR	3.884e-10	4963	0	2242.5	9.4	
130	ball tetrahedron-picking constant	elementary	64	not found	8	FIVE, ARCTAN, COSH, INV, EULER, PLUS, TAN, ARCSIN	5.971e-09	6294	0	2242.4	8.2	(12*Pi)/715
131	(9*sqrt(65) - 55)/320	algebraic	64	not found	8	NINE, THREE, PLUS, GAMMA, ARCSINH, INV, ARCTAN, ARCSINH	7.919e-09	6281	0	2243.4	8.1	(9Sqrt[65]-55)/320
132	log ln π	elementary	64	exact	8	PI, LOG, LOG, NINE, ONE, PLUS, LOG, DIVIDE	0.000e+00	5121	0	2242.1	64.0	Log10[Log[Pi]]
133	constant A*B in the asymptotic expression of the summatory function Sum_{n=1..N} (1/phi(n)) as A(log(N)+B) + O(log(N)/N)	none	64	not found	8	SEVEN, INV, ARCTANH, FOUR, PLUS, INV, TAN, SQR	6.395e-09	6495	0	2242.2	8.2	
134	Matthews' constant C_3, an analog of Artin's constant for primitive roots	none	64	not found	8	NEG, SIN, COSH, COSH, TWO, COSH, POWER, INV	6.570e-09	6300	0	2241.7	8.2	
135	Norton constant	special	64	not found	8	TWO, ARCCOSH, SIN, SQRT, TANH, PI, SINH, DIVIDE	7.416e-09	8707	0	2242.3	8.1	(-Pi^2 + 6*Log[2]*(-3 + 2*EulerGamma + Log[2] + 24*Log[Glaisher] - 2*Log[Pi]))/Pi^2
136	Sum_{k > 0} (-1)^k*log(k)^2/k	none	64	not found	8	FIVE, COSH, NINE, LOG, SQR, ARCCOSH, COS, POWER	9.111e-09	11650	0	2242.1	8.0	
137	analog of the Gibbs-Wilbraham constant for L_1 trigonometric polynomial approximation	none	64	not found	8	FOUR, LOG, ARCCOSH, EULER, THREE, DIVIDE, SIN, SUBTRACT	1.031e-08	5715	0	2241.8	8.0	
138	e^-e	elementary	64	exact	3	EULER, EXP, INV	0.000e+00	1	0	0.2	64.0	E^(-E)
139	Pythagorean triple constant for perimeters	elementary	64	exact	5	TWO, LOG, PI, SQR, DIVIDE	0.000e+00	1	0	0.3	64.0	Log[2]/Pi^2
140	(sqrt(13) - 1)/36	algebraic	64	exact	8	SIX, GAMMA, THREE, SUBTRACT, SQRT, THREE, PLUS, INV	0.000e+00	8149	0	2242.3	64.0	(Sqrt[13]-1)/36
141	1st Stieltjes constant gamma_1 (negated)	none	64	not found	8	EULER, TAN, EXP, GAMMA, LOG, SQR, GOLDENRATIO, DIVIDE	6.677e-10	11340	0	2242.2	9.2	
142	probability that a random walk on an 8-d lattice returns to the origin	none	64	not found	8	THREE, COSH, ARCTAN, INV, EULER, SQRT, INV, SUBTRACT	7.128e-10	7624	0	2242.1	9.1	
143	disk triangle-picking constant	elementary	64	exact	8	SIX, LOG, SINH, PI, SQR, DIVIDE, FOUR, DIVIDE	0.000e+00	7085	0	2242.7	64.0	35/(48*Pi^2)
144	1/4π	elementary	64	exact	4	FOUR, PI, TIMES, INV	0.000e+00	4	0	0.2	64.0	1/(4*Pi)
145	-Integral {x=1..2} log Gamma(x) dx	special	64	exact	7	ONE, PI, TWO, TIMES, SQRT, LOG, SUBTRACT	8.882e-16	441	0	70.9	64.0	-Integrate[ Log[ Gamma[ x]], {x, 1, 2}]
146	-Zeta'(-1)/2	special	64	not found	8	TWO, EULER, DIVIDE, COS, NINE, INV, ARCTANH, TIMES	2.444e-09	7648	0	2242.2	8.6	-(1/24 - Log[Glaisher]/2)
147	solution to the Heilbronn triangle problem for seven points in a unit square	none	64	not found	8	SIX, TANH, TANH, ARCTAN, NINE, POWER, FOUR, TIMES	4.146e-09	10203	0	2242.8	8.4	
148	1-Catalan	special	64	not found	8	EIGHT, ARCTAN, ARCCOSH, FIVE, ARCSINH, PLUS, TAN, ARCSIN	9.479e-09	11477	0	2242.8	8.0	1 - Catalan
149	probability that a random walk on a 7-d lattice returns to the origin	none	64	not found	8	FOUR, ARCTAN, ARCCOSH, SQRT, SIN, SQR, SEVEN, DIVIDE	5.520e-10	8964	0	2242.6	9.3	
150	Erdős–Tenenbaum–Ford constant	elementary	64	not found	8	FIVE, COS, COS, SIN, SIX, POWER, TANH, SQR	8.027e-10	7953	0	2242.1	9.1	1 - (1 + Log[Log[2]])/Log[2]
151	1/2-G/Pi, the lowest limiting trough of a square wave Fourier series, where G is the Gibbs-Wilbraham constant. [negated]	none	64	not found	7	GOLDENRATIO, SQRT, LOG, SINH, EULER, DIVIDE, ARCSIN	2.653e-09	9702	0	2242.4	8.6	
152	integral_{0..infinity} x*log(x)*(1-eta(x)^2) dx, where the function 'eta' is a solution of the Painlevé III differential	special	64	not found	8	NEG, COS, ARCSINH, NINE, PLUS, TAN, ARCTAN, TANH	1.208e-09	13360	0	2242.4	8.9	-(1/4 + (7/12)*Log[2] - 3*Log[Glaisher])
153	lambda(2) in Li's criterion	none	64	not found	8	SEVEN, ARCCOSH, ARCTAN, COS, EULER, PLUS, COSH, INV	4.162e-09	8329	0	2242.3	8.4	
154	e^(-Pi^2/(6*log(2)))	elementary	64	exact	8	NEG, ARCSIN, EXP, PI, EIGHT, LOG, DIVIDE, POWER	0.000e+00	12967	0	2242.7	64.0	E^(-Pi^2/(6Log[2]))
155	second non-alternating series of reciprocal primes constant	special	64	not found	8	GOLDENRATIO, SQRT, SQRT, SINH, ARCCOSH, NINE, DIVIDE, ARCTANH	9.550e-12	8933	0	2242.6	11.0	Sum[(-2 + Mod[Prime[\[FormalK]], 4])/Prime[\[FormalK]]^2, {\[FormalK], 2, Infinity}]
156	area of the convex hull of a circle of circumference 1 and a line segment of length 1/2 with midpoint at the circle cent	elementary	64	not found	8	THREE, ARCTAN, INV, ARCTANH, LOG, SINH, TAN, TAN	3.962e-10	11238	0	2242.5	9.4	(Sqrt[Pi^2-4]+Pi-2ArcCos[2/Pi])/(4Pi^2)
157	log Sqrt[π/2]	elementary	64	not found	8	EIGHT, SQR, COS, TAN, SINH, EULER, POWER, ARCTANH	4.644e-09	10205	0	2242.6	8.3	Log10[Sqrt[Pi/2]]
158	Sum_{n>=0} 1/10^(3^n), a transcendental number	none	64	not found	8	PI, EIGHT, LOG, SEVEN, SUBTRACT, ARCTAN, DIVIDE, EXP	1.406e-09	12051	0	2243.5	8.9	
159	pi^-2	elementary	64	exact	3	PI, SQR, INV	0.000e+00	2	0	0.2	64.0	Pi^(-2)
160	value of the Dickman function at phi + 1 = phi^2 = (3 + sqrt(5))/2 (A104457)	elementary	64	not found	8	FOUR, SIN, TAN, ARCTANH, TAN, TWO, TIMES, INV	2.261e-09	10134	0	2242.0	8.6	1 - 2*Log[GoldenRatio] + Log[GoldenRatio]^2 - Pi^2/60
161	Quinn-Rand-Strogatz constant c2 (negated)	none	64	not found	8	FOUR, COS, COS, GAMMA, SQR, ARCCOSH, EIGHT, DIVIDE	7.078e-10	11930	0	2242.5	9.2	
162	probability that a random walk on a 6-d lattice returns to the origin	none	64	not found	8	PI, SQR, ARCSINH, ARCTAN, COS, SINH, SQR, TAN	3.533e-10	10082	0	2242.3	9.5	
163	log 4/π	elementary	64	not found	8	PI, LOG, SIN, COS, COS, COSH, ARCSINH, LOG	1.995e-10	11916	0	2243.6	9.7	Log10[4/Pi]
164	1/3π	elementary	64	exact	4	THREE, PI, TIMES, INV	0.000e+00	4	0	0.2	63.4	1/(3*Pi)
165	one-ninth constant	special	64	not found	8	PI, INV, PI, PLUS, INV, NINE, PLUS, INV	1.044e-09	12240	0	2242.3	9.0	With[{\[FormalX] = Root[{-2*EllipticE[#1^2] + EllipticK[#1^2] & , 0.908908557548541478236118908745`29.9585201924082}]}, Exp[-((Pi*EllipticK[1 - \[FormalX]^2])/EllipticK[\[FormalX]^2])]]
166	Michael Trott's constant: continued fraction expansion (allowing 0's) begins in same way as decimal expansion	none	53	not found	8	SIX, LOG, SIN, NINE, DIVIDE, SINH, ARCSIN, ARCTAN	2.622e-09	12529	0	2242.7	8.6	
167	Liouville's constant	special	64	not found	8	GOLDENRATIO, FIVE, SQR, ARCCOSH, DIVIDE, ARCTANH, FOUR, DIVIDE	1.863e-09	12674	0	2242.4	8.7	Sum[10^(-n!), {n, 1, Infinity}]
168	1/sqrt(80) = sqrt(5)/20	algebraic	64	exact	4	NINE, ARCCOSH, SINH, INV	0.000e+00	5	0	0.3	63.6	1/Sqrt[80]
169	mean cluster density for bond percolation on the triangular lattice	algebraic	64	not found	8	SEVEN, TAN, ARCTANH, TAN, SQRT, ARCTAN, LOG, SIN	2.661e-10	11756	0	2242.8	9.6	35/4 - 3/(2*Sin[Pi/18])
170	Kepler–Bouwkamp constant	special	64	not found	8	PI, TWO, PLUS, FIVE, ARCCOSH, COS, POWER, SQR	7.508e-10	14356	0	2243.3	9.1	Product[Cos[Pi/n], {n, 3, Infinity}]
171	Given the two curves y = (1 - exp(x/2))/(exp(x) + exp(x/2)) and y = (exp(-x) - 1)/2, draw a line tangent to both. This s	none	64	not found	8	NEG, EXP, ARCTAN, ARCTANH, PI, DIVIDE, ARCSIN, ARCSINH	2.449e-09	11061	0	2242.9	8.6	
172	C_2 (so named by S. Finch), a constant which is an analog of Niven's constant when mean of exponents is considered inste	none	64	not found	8	THREE, FIVE, INV, POWER, SIN, EIGHT, DIVIDE, SINH	1.177e-09	18813	0	2249.5	8.9	
173	4*Pi/105	elementary	64	exact	7	PI, SIX, LOG, SINH, DIVIDE, NINE, DIVIDE	0.000e+00	420	0	72.3	63.9	4*Pi/105
174	2/(5*sqrt(11))	algebraic	64	exact	8	FOUR, SEVEN, DIVIDE, SQRT, ARCTAN, SIN, FIVE, DIVIDE	0.000e+00	12563	0	2250.5	63.6	2/(5Sqrt[11])
175	3*zeta(3)/2 + 12*log(2) - 10	special	64	not found	8	SIX, SINH, ARCCOSH, INV, EXP, COS, PI, DIVIDE	3.408e-09	12532	0	2242.5	8.5	3Zeta[3]/2+12Log[2]-10
176	50*Pi/1296	elementary	64	exact	8	PI, EIGHT, FIVE, NINE, DIVIDE, SQR, DIVIDE, DIVIDE	0.000e+00	12796	0	2248.3	63.4	50Pi/1296
177	sqrt(Pi^2 - 4)/(2*Pi^2)	elementary	64	exact	7	ONE, ARCSIN, ARCCOSH, SINH, PI, SQR, DIVIDE	0.000e+00	406	0	71.0	64.0	Sqrt[Pi^2-4]/(2Pi^2)
178	Champernowne constant	special	64	not found	8	THREE, ARCSINH, COSH, NINE, COSH, ARCSINH, DIVIDE, SQR	1.512e-09	23440	0	2243.1	8.8	ChampernowneNumber[]
179	first (of 10) decimal selvage numbers	none	64	not found	8	THREE, TAN, TWO, PLUS, INV, ARCTAN, FOUR, DIVIDE	1.379e-09	13204	0	2243.0	8.9	
180	Product_{k >= 1} (k*(k+1))^(-1/(k*(k+1))), a constant related to the alternating Lüroth representations of real numbers	none	64	not found	8	SIX, EULER, SQRT, DIVIDE, TAN, SIN, FOUR, DIVIDE	2.169e-09	12927	0	2243.0	8.7	
181	3*sqrt(3)/(4*Pi^2)	elementary	64	exact	8	NINE, SEVEN, ARCCOSH, SINH, DIVIDE, PI, SQR, DIVIDE	2.220e-16	13595	0	2253.3	63.7	3Sqrt[3]/(4Pi^2)
182	harmonic oscillator tunneling constant	special	64	not found	8	FIVE, PI, INV, FIVE, ARCCOSH, ARCSINH, SUBTRACT, POWER	1.413e-09	28071	0	2244.0	8.8	2/(3^(2/3)*Gamma[1/3]^2)
183	probability that a random walk on the 5-d simple cubic (hypercubic) lattice returns to the origin	none	64	not found	8	EULER, SIN, SQR, COS, SQR, ARCCOS, LOG, COS	2.755e-10	14689	0	2243.5	9.6	
184	e^-2	elementary	64	exact	3	NEG, EXP, SQR	0.000e+00	4	0	0.3	63.5	E^(-2)
185	probability that an integer 4-tuple is pairwise unitary coprime	none	64	not found	8	EULER, COS, COS, EXP, INV, SIN, THREE, POWER	1.241e-10	11989	0	2242.7	9.9	
186	Given the two curves y = (1 - exp(x/2))/(exp(x) + exp(x/2)) and y = (exp(-x) - 1)/2, draw a line tangent to both. This s	none	64	not found	8	EIGHT, EULER, DIVIDE, COS, EXP, SQR, TAN, TANH	5.819e-10	14810	0	2242.3	9.2	
187	pi minus three	elementary	64	exact	3	THREE, SIN, ARCSIN	0.000e+00	2	0	0.2	64.0	Pi - 3
188	Pi^4/15 + Pi^2*log(2)^2/4 - log(2)^4/4 - 21*log(2)*zeta(3)/4 - 6*Li_4(1/2)	special	64	not found	8	EULER, ARCCOSH, EULER, GAMMA, SQR, EXP, DIVIDE, SINH	6.150e-11	14455	0	2242.7	10.2	Pi^4/15+Pi^2Log[2]^2/4-Log[2]^4/4-21Log[2]Zeta[3]/4-6PolyLog[4,1/2]
189	log Cbrt[e]	elementary	64	exact	7	FIVE, THREE, POWER, EIGHT, TIMES, LOG, INV	0.000e+00	482	0	71.3	63.8	Log10[CubeRoot[E]]
190	Matthews' constant C_2, an analog of Artin's constant for primitive roots	none	64	not found	8	EULER, GAMMA, COS, THREE, TAN, ARCSIN, ARCTANH, SUBTRACT	1.025e-09	28543	0	2243.7	9.0	
191	arctan(1/2)/Pi	elementary	64	exact	5	TWO, INV, ARCTAN, PI, DIVIDE	0.000e+00	2	0	0.4	63.6	ArcTan[1/2]/Pi
192	(1-C_2)/e, a constant connected with two-sided generalized Fibonacci sequences, where C_2 is the Euler-Gompertz constant	none	64	not found	8	NEG, PI, THREE, POWER, TAN, COS, SUBTRACT, EXP	6.511e-11	15570	0	2242.8	10.2	
193	Given the two curves y = exp(-x) and y = 2/(exp(x) + exp(x/2)), draw a line tangent to both. This sequence is the decima	none	64	not found	7	EULER, PI, TIMES, LOG, ARCCOSH, NINE, DIVIDE	1.210e-09	16110	0	2242.7	8.9	
194	9*zeta(3)/Pi^2 - 93*zeta(5)/(2*Pi^4) - log(2) + 1/4	special	64	not found	8	GOLDENRATIO, GAMMA, SEVEN, EXP, PLUS, ARCSINH, COS, TANH	2.283e-09	13701	0	2242.7	8.6	9Zeta[3]/Pi^2-93Zeta[5]/(2Pi^4)-Log[2]+1/4
195	Sum_{k >= 0} 1/(4*k+3)^2	special	64	not found	8	EULER, SIN, SQR, EIGHT, LOG, SIN, ARCSIN, DIVIDE	1.452e-09	16643	0	2242.4	8.8	Pi^2/16 - Catalan/2
196	Pythagorean triple constant for hypotenuses	elementary	64	exact	4	TWO, PI, TIMES, INV	0.000e+00	5	0	0.2	63.6	1/(2*Pi)
197	Sum_{k>=1} (-1)^k*log(k)/k	special	64	not found	8	PI, EULER, DIVIDE, TANH, EIGHT, GAMMA, ARCCOSH, POWER	6.193e-10	18331	0	2243.2	9.2	EulerGamma*Log[2] - Log[2]^2/2
198	Euler-Kronecker constant (as named by P. Moree) for hypotenuse numbers	none	64	not found	8	FIVE, NEG, EULER, SIN, COSH, SUBTRACT, ARCTAN, POWER	9.172e-10	15044	0	2243.5	9.0	
199	log Cbrt[π]	elementary	64	not found	8	TWO, ARCTAN, SINH, SIN, TAN, ARCSINH, LOG, SIN	3.849e-09	15411	0	2242.9	8.4	Log10[CubeRoot[Pi]]
200	sixth	rational	64	exact	2	SIX, INV	0.000e+00	1	0	0.1	63.7	1/6
201	Hall-Montgomery constant	special	64	not found	8	PI, TANH, SQRT, TAN, NINE, DIVIDE, ARCSIN, ARCTAN	2.305e-09	14866	0	2243.7	8.6	1 + Pi^2/6 + 2*PolyLog[2, -Sqrt[E]]
202	(-2*Catalan + Pi*log(2))/2	special	64	not found	8	EULER, TAN, ARCCOS, SIX, LOG, LOG, TIMES, LOG	1.779e-09	17160	0	2243.0	8.7	Pi*Log[2]/2 - Catalan
203	'mu', a Sobolev isoperimetric constant related to the "membrane inequality", arising from the study of a vibrating membr	none	64	not found	8	SEVEN, SEVEN, TWO, SINH, SQRT, POWER, DIVIDE, ARCSIN	2.694e-10	15125	0	2242.9	9.6	
204	log(2)/4	elementary	64	exact	4	FOUR, LOG, EIGHT, DIVIDE	0.000e+00	3	0	0.5	63.8	Log[2]/4
205	probability that three positive integers are pairwise not coprime	none	64	not found	8	NINE, TANH, COSH, ARCTAN, COSH, LOG, SIN, SQR	2.400e-09	15529	0	2243.2	8.6	
206	H, an auxiliary constant used to evaluate some Ising-related constants on triangular and hexagonal lattices (negated)	none	64	not found	8	NINE, ARCCOSH, NEG, NINE, TAN, EXP, SUBTRACT, POWER	3.361e-09	15116	0	2244.5	8.5	
207	Gibbs-Wilbraham constant	special	64	not found	8	SEVEN, SIN, SIX, ARCTAN, ARCTAN, EULER, PLUS, DIVIDE	5.364e-10	19290	0	2244.0	9.3	-1 + (2*SinIntegral[Pi])/Pi
208	pi^(-3/2)	elementary	64	exact	5	PI, THREE, POWER, SQRT, INV	0.000e+00	12	0	0.9	63.8	Pi^(-3/2)
209	Markoff number asymptotic density constant	none	64	not found	8	FOUR, EULER, TIMES, SQRT, FIVE, SQRT, PLUS, INV	1.321e-10	15440	0	2243.4	9.9	
210	a1, the first of two constants associated with Djokovic's conjecture on an integral inequality	none	64	not found	8	SIX, SQRT, THREE, THREE, COS, DIVIDE, SUBTRACT, INV	1.505e-09	17510	0	2242.9	8.8	
211	G/2 - Pi*log(2)/8, where G = A006752	special	64	not found	8	TWO, EULER, COSH, DIVIDE, ARCSINH, THREE, ARCTAN, POWER	6.576e-10	16531	0	2243.0	9.2	Catalan/2-Pi Log[2]/8
212	Hardy-Littlewood constant C_6 = Product_{p prime > 6} 1/(1-1/p)^6 (1-6/p)	none	64	not found	8	SIX, LOG, TWO, SIN, POWER, NINE, DIVIDE, TANH	9.544e-10	16634	0	2243.0	9.0	
213	MRB constant	special	64	not found	8	FIVE, ARCCOSH, ARCTAN, GOLDENRATIO, POWER, SQRT, SIX, DIVIDE	1.259e-09	22551	0	2243.1	8.9	Sum[(-1)^n*(-1 + n^n^(-1)), {n, 1, Infinity}]
214	9*zeta(3)/(2*Pi^2) - log(2) + 1/3	special	64	not found	8	THREE, SIN, TANH, SIX, COS, SQR, SQR, POWER	7.814e-10	18496	0	2243.3	9.1	9Zeta[3]/(2Pi^2)-Log[2]+1/3
215	entropy of folding of the triangular lattice constant	special	64	not found	8	THREE, TANH, TANH, GAMMA, LOG, TANH, ARCTAN, SINH	1.075e-09	17755	0	2243.0	9.0	Log[(Gamma[1/3]^(3/2)*Sqrt[3])/(2*Pi)]
216	gamma^3	special	64	not found	8	FIVE, COS, EULER, TAN, SIN, SUBTRACT, FIVE, POWER	2.493e-10	18773	0	2243.0	9.6	EulerGamma^3
217	1/sqrt(27)	algebraic	64	exact	4	THREE, SQRT, NINE, DIVIDE	1.110e-16	1	0	0.2	63.7	1/Sqrt[27]
218	q of the maximum of the Dedekind eta function	none	64	not found	8	SEVEN, ARCCOSH, TAN, NEG, ARCSINH, TWO, SUBTRACT, DIVIDE	8.711e-11	19924	0	2242.8	10.1	
219	probability that a random walk on a 4-d lattice returns to the origin	none	64	not found	8	ONE, TAN, THREE, LOG, COSH, ARCSINH, DIVIDE, LOG	2.825e-09	17369	0	2243.3	8.5	
220	Second du Bois-Reymond constant	elementary	64	exact	6	TWO, EXP, SEVEN, SUBTRACT, TWO, DIVIDE	4.441e-16	35	0	2.6	63.7	(-7 + E^2)/2
221	log π/2	elementary	64	exact	8	ONE, ARCSIN, LOG, NINE, ONE, PLUS, LOG, DIVIDE	1.110e-16	23854	0	2243.8	64.0	Log10[Pi/2]
222	Pi/16	none	64	exact	4	ONE, ARCSIN, EIGHT, DIVIDE	0.000e+00	3	0	0.2	64.0	
223	Vallée constant	none	24	not found	8	ONE, SIN, SIN, SEVEN, THREE, TIMES, ARCSINH, DIVIDE	5.090e-10	31152	0	2244.2	9.3	
224	Erdős-Lebensold constant	special	24	not found	8	SIX, SQRT, COS, TWO, ARCTAN, ARCTAN, SUBTRACT, EXP	1.389e-09	22562	0	2243.6	8.9	Sum[1/(Prime[\[FormalK]]^\[FormalS]*Log[Prime[\[FormalK]]^\[FormalS]]), {\[FormalS], 1, Infinity}, {\[FormalK], 1, Infinity}]
225	(6/Pi^2) Sum_{p prime} 1/(p(p+1)), a Meissel-Mertens constant related to the asymptotic density of certain sequences of 	none	64	not found	8	TWO, TANH, TAN, SEVEN, GAMMA, ARCSINH, DIVIDE, ARCTANH	6.188e-10	16791	0	2243.0	9.2	
226	Given the two curves y = exp(-x) and y = 2/(exp(x) + exp(x/2)), draw a line tangent to both. This sequence is the decima	none	64	not found	8	SIX, LOG, FIVE, PLUS, NEG, SIN, POWER, SINH	5.788e-10	19467	0	2243.6	9.2	
227	White House switchboard constant	elementary	64	not found	8	GOLDENRATIO, ARCSINH, COSH, SQRT, SINH, EULER, ARCCOSH, SUBTRACT	2.598e-10	15436	0	2242.6	9.6	Exp[-(1 + 8^(-1 + E)^(-1))^Pi^(-1)]
228	Rumor's constant	special	64	not found	8	GOLDENRATIO, COS, COS, TANH, GAMMA, SIX, DIVIDE, SINH	3.814e-10	34548	0	2244.7	9.4	-ProductLog[ -2/E^2]/2
229	ln(Gamma(3/4))	special	64	exact	5	TWO, LOG, SINH, GAMMA, LOG	0.000e+00	4	0	0.8	64.0	LogGamma[3/4]
230	sum of the reciprocals of the perfect numbers	none	64	not found	8	TWO, ARCTAN, SIN, TAN, SINH, EXP, INV, ARCSIN	2.459e-10	20079	0	2243.7	9.6	
231	log Cbrt[4π/3]	elementary	64	not found	8	THREE, GOLDENRATIO, NINE, DIVIDE, SUBTRACT, LOG, FIVE, DIVIDE	3.738e-09	17671	0	2243.9	8.4	Log10[CubeRoot[4*Pi/3]]
232	lambda(3) in Li's criterion	none	64	not found	8	SEVEN, ARCSINH, NEG, TANH, POWER, SIN, SQR, ARCTAN	6.632e-10	20110	0	2244.9	9.2	
233	e^(-pi/2)	elementary	64	exact	3	NEG, ARCSIN, EXP	2.220e-16	1	0	0.4	63.7	E^(-Pi/2)
234	-zeta(-1/2)	special	64	not found	8	EULER, COSH, SIN, ARCTAN, GAMMA, EULER, TANH, SUBTRACT	1.991e-09	39652	0	2245.7	8.7	-Zeta[-1/2]
235	a constant related to A000621	none	64	not found	8	NINE, TAN, TANH, TWO, ARCCOSH, LOG, DIVIDE, EXP	7.146e-11	20744	0	2244.1	10.1	
236	log Sqrt[e]	elementary	64	exact	6	FOUR, SIX, PLUS, SQR, LOG, INV	1.110e-16	34	0	3.1	64.0	Log10[Sqrt[E]]
237	Lochs-Porter constant	special	64	not found	8	FOUR, INV, TAN, SIX, LOG, LOG, COSH, DIVIDE	1.481e-09	18880	0	2243.6	8.8	3/4 - (3*Log[2]*(-2 + 4*EulerGamma + 3*Log[2] - (24*Derivative[1][Zeta][2])/Pi^2))/Pi^2 - (6*Log[2]*(-1/2 + (6*Derivative[1][Zeta][2])/Pi^2))/Pi^2
238	B (negated), a constant related to Glaisher's constant A and the Gaussian unitary ensemble hypothesis	none	64	not found	8	NINE, SIX, COS, TAN, POWER, COS, ARCSIN, SQR	4.551e-10	16853	0	2243.9	9.3	
239	2*log(2) - 4*Catalan/Pi	special	64	not found	8	NEG, EULER, TAN, PI, SUBTRACT, INV, GAMMA, DIVIDE	4.796e-10	20062	0	2244.0	9.3	2*Log[2] - 4*Catalan/Pi
240	gamma^e	special	64	not found	8	TWO, SIN, ARCTANH, FOUR, TIMES, LOG, SQRT, COS	1.390e-09	22537	0	2244.5	8.9	EulerGamma^E
241	7*zeta(3)/(2*Pi^2) - log(2) + 1/2	special	64	not found	8	TWO, ARCTAN, GAMMA, ARCTAN, ARCSIN, TAN, FIVE, DIVIDE	1.055e-10	25473	0	2259.9	10.0	7Zeta[3]/(2Pi^2)-Log[2]+1/2
242	Conway-Guy constant	special	64	not found	8	SIX, COS, INV, EULER, TANH, ARCTAN, DIVIDE, COS	3.774e-10	18736	0	2245.0	9.4	ConditionalExpression[Extension`ConwayGuyConstant == Limit[\[FormalV][\[FormalN]]/2^\[FormalN], \[FormalN] -> Infinity], \[FormalV][0] == 0 && \[FormalV][1] == 1 && \[FormalV][\[FormalN]] == 2*\[FormalV][-1 + \[FormalN]] - \[FormalV][-1 + \[FormalN] - Floor[1/2 + Sqrt[2*(-1 + \[FormalN])]]]]
243	Copeland–Erdős constant	special	64	not found	8	THREE, SQRT, TANH, COS, GAMMA, ARCCOSH, ARCCOS, ARCSIN	6.691e-10	19017	0	2243.9	9.2	Sum[10^(-\[FormalK] - Sum[Floor[Log[10, Prime[\[FormalJ]]]], {\[FormalJ], 1, \[FormalK]}])*Prime[\[FormalK]], {\[FormalK], 1, Infinity}]
244	Pi*(3 - gamma)/32, where gamma is Euler's constant A001620	special	64	not found	8	THREE, TANH, SQRT, ARCTAN, TWO, INV, TAN, SUBTRACT	1.301e-09	23074	0	2244.3	8.9	Pi*(3 - EulerGamma)/32
245	quadtree constant	special	64	not found	8	FOUR, SEVEN, SINH, ARCTAN, SUBTRACT, GAMMA, LOG, ARCSIN	9.690e-12	22683	0	2244.2	11.0	228 - 26*Pi^2 + 24*Zeta[3]
246	1/sqrt(2*Pi*e), one of the Traveling Salesman constants	elementary	64	exact	7	TWO, PI, TIMES, EULER, TIMES, SQRT, INV	2.220e-16	727	0	71.4	64.0	1/Sqrt[2*Pi*E]
247	a(F_5), the maximum inradius of all triangles that lie in a regular pentagon of width 1	none	64	not found	8	TWO, ARCTAN, NINE, INV, ARCTANH, LOG, COSH, DIVIDE	1.556e-09	21681	0	2244.1	8.8	
248	rayleigh kurtosis excess	elementary	64	not found	8	NINE, PI, FIVE, SQR, DIVIDE, POWER, COS, ARCTAN	2.965e-10	21751	0	2244.2	9.5	-(6*Pi^2 - 24*Pi + 16)/(4 - Pi)^2
250	second (of 10) decimal selvage numbers	none	64	not found	8	FOUR, ARCSINH, GOLDENRATIO, GAMMA, EXP, SIX, PLUS, DIVIDE	5.512e-10	21482	0	2253.6	9.3	
251	log Sqrt[π]	elementary	64	exact	8	PI, LOG, EIGHT, TWO, PLUS, SQR, LOG, DIVIDE	1.110e-16	24964	0	2244.2	63.8	Log10[Sqrt[Pi]]
252	logarithm of Glaisher's constant	special	64	not found	8	FOUR, COS, FIVE, ARCTAN, PLUS, NINE, ARCSINH, DIVIDE	7.583e-10	23146	0	2246.8	9.1	Log[Glaisher]
253	a multiplicative constant related to A006196	none	64	not found	8	SIX, EULER, SIN, EIGHT, POWER, POWER, FOUR, DIVIDE	1.298e-09	22524	0	2250.4	8.9	
254	self number density constant	special	64	not found	8	GOLDENRATIO, GOLDENRATIO, THREE, TAN, POWER, EXP, COSH, DIVIDE	4.532e-10	24053	0	2249.4	9.3	Sum[Piecewise[{{1, SatisfiableQ[\[FormalK] == Sum[(1 + 2^\[FormalN])*\[FormalA][\[FormalK], \[FormalN]], {\[FormalN], 1, Infinity}] && ForAll[\[FormalN], Element[\[FormalN], Integers] && \[FormalN] > 0, Element[\[FormalA][\[FormalK], \[FormalN]], Integers]], {\[FormalA]}]}}, 0]/2^\[FormalK], {\[FormalK], 1, Infinity}]^2/8
255	(1/384)*Pi^4	elementary	64	exact	7	PI, SQR, EIGHT, DIVIDE, SQR, SIX, DIVIDE	2.220e-16	706	0	70.8	64.0	Pi^4/ 384
256	Flajolet-Prodinger constant 'K', a constant related to asymptotically enumerating level number sequences for binary tree	none	64	not found	8	ONE, COS, COS, SEVEN, DIVIDE, LOG, COS, SQR	1.049e-09	20302	0	2257.1	9.0	
257	third (of 10) decimal selvage numbers	none	64	not found	8	FOUR, EXP, INV, SINH, SQRT, EXP, SQR, COS	2.947e-10	24843	0	2258.8	9.5	
258	Meissel-Mertens constant	special	64	not found	8	THREE, COSH, LOG, LOG, ARCTAN, GAMMA, COS, SIN	8.544e-11	26888	0	2274.0	10.1	EulerGamma + Sum[Log[1 - Prime[n]^(-1)] + Prime[n]^(-1), {n, 1, Infinity}]
259	Pi/12	none	64	exact	4	ONE, ARCSIN, SIX, DIVIDE	2.220e-16	2	0	0.2	64.0	
260	Mrs. Miniver constant	special	64	not found	8	EIGHT, ARCSINH, TWO, ARCCOSH, LOG, POWER, FIVE, DIVIDE	2.030e-09	21310	0	2253.4	8.7	Root[{#1 - Sin[Pi/6 - #1*Sqrt[1 - #1^2]] & , 0.264932084602776862`17.423134556719873}]
261	Ti_2(2-sqrt(3)), where Ti_2 is the inverse tangent integral function	none	64	not found	8	THREE, SIN, ARCTAN, TWO, GOLDENRATIO, DIVIDE, ARCCOSH, POWER	1.629e-09	23871	0	2247.6	8.8	
262	unforgeable word constant	special	64	not found	8	PI, SEVEN, EIGHT, ARCSINH, COSH, TAN, SUBTRACT, DIVIDE	1.889e-11	21635	0	2239.3	10.7	Sum[(2*(-1)^(-1 + \[FormalK])*Product[2^(-1 + 2^\[FormalJ])/(-1 + 2^(-1 + 2^\[FormalJ])), {\[FormalJ], 2, \[FormalK]}])/(-1 + 2^(-1 + 2^(1 + \[FormalK]))), {\[FormalK], 1, Infinity}]
263	volume of a regular ideal hyperbolic 4-simplex	elementary	64	not found	8	NEG, TAN, GAMMA, SEVEN, ARCTAN, DIVIDE, SIX, DIVIDE	9.962e-10	29403	0	2242.7	9.0	10*Pi/3*ArcSin[1/3] - Pi^2/3
265	one of the Pell-Stevenhagen constants	none	64	not found	8	FOUR, LOG, SIN, SIN, ARCSINH, COSH, COS, SINH	1.487e-09	20300	0	2239.8	8.8	
266	1/(8*log(2)*A005597), where A005597 is the twin prime constant C_2	none	64	not found	8	GOLDENRATIO, COSH, TWO, DIVIDE, SIN, ARCCOS, ARCTANH, ARCTANH	1.717e-10	28329	0	2246.8	9.8	
267	constant appearing in the expected number of comparisons for an unsuccessful digital tree search (negated)	none	64	not found	8	EULER, SQRT, COSH, LOG, COS, SIN, SQR, SINH	1.008e-09	22780	0	2248.0	9.0	
269	(6/Pi^2)*Sum_{n>=1} 1/prime(n)^2	special	64	not found	8	NINE, ARCCOSH, SINH, GOLDENRATIO, POWER, LOG, INV, ARCTAN	2.012e-11	24328	0	2240.6	10.7	6*PrimeZetaP[2]/Pi^2
270	1/Gamma(1/4)	special	64	exact	4	FOUR, INV, GAMMA, INV	0.000e+00	1	0	0.3	64.0	1/Gamma[1/4]
271	rho_c = (5-sqrt(5))/10, the asymptotic critical density for the hard hexagon model	algebraic	64	exact	4	GOLDENRATIO, ARCTAN, COS, SQR	0.000e+00	3	0	0.3	63.8	(5 - Sqrt[5])/10
272	Bernstein's constant	none	50	not found	7	THREE, GOLDENRATIO, SUBTRACT, FIVE, INV, ARCTANH, TIMES	1.884e-10	29588	0	2241.3	9.7	
273	Series-parallel networks constant	none	22	not found	8	THREE, ARCCOSH, TANH, SEVEN, TIMES, LOG, SQR, INV	1.421e-09	26951	0	2292.8	8.8	
274	log 6/π	elementary	64	not found	8	ONE, ARCTAN, INV, EIGHT, INV, SIN, COS, SUBTRACT	8.007e-10	23200	0	2253.1	9.1	Log10[6/Pi]
275	((5 - 2*sqrt(2))*Pi)/24	elementary	64	not found	8	FOUR, COSH, ARCTAN, LOG, SIN, NINE, ARCTAN, DIVIDE	6.698e-10	23856	0	2255.9	9.2	((5-2*Sqrt[2])*Pi)/24
276	Mertens constant M(3,2) arising in the formula for the sum of reciprocals of primes p == 2 (mod 3)	none	64	not found	8	GOLDENRATIO, FIVE, DIVIDE, ARCSINH, SEVEN, LOG, ARCTAN, POWER	1.807e-09	31257	0	2253.1	8.7	
277	Mertens constant M(4,1) arising in the formula for the sum of reciprocals of primes p == 1 (mod 4) (negated)	none	64	not found	8	NINE, SEVEN, INV, PI, SUBTRACT, DIVIDE, ARCTAN, EXP	5.121e-10	22442	0	2251.9	9.3	
278	strongly carefree constant	special	64	not found	8	TWO, SQRT, TANH, ARCCOS, SINH, ARCTANH, SQR, ARCTAN	2.194e-10	24737	0	2248.0	9.7	Product[1 - (-2 + 3*Prime[\[FormalK]])/Prime[\[FormalK]]^3, {\[FormalK], 1, Infinity}]
279	digital search tree Q constant	special	64	not found	8	EULER, FOUR, PLUS, LOG, SQR, EULER, DIVIDE, LOG	1.549e-10	24463	0	2248.7	9.8	QPochhammer[1/2, 1/2]
280	Sum_{k>=0} (k!/(k+2)!)^2	elementary	64	exact	6	PI, SQR, THREE, DIVIDE, THREE, SUBTRACT	2.220e-16	20	0	2.8	63.9	Pi^2/3 - 3
281	domino tiling constant	special	64	not found	8	SEVEN, ARCSINH, COS, GAMMA, COSH, ARCSINH, SIN, SQR	7.037e-10	23945	0	2252.4	9.2	Catalan/Pi
282	d_0, the constant term in the asymptotic expansion of the average number of registers needed to evaluate a binary tree	none	64	not found	8	PI, SQRT, NINE, SUBTRACT, SIN, SIN, COSH, COS	1.441e-10	23579	0	2259.8	9.8	
283	(1/105)*Pi^3	elementary	64	not found	8	THREE, EIGHT, SQRT, GAMMA, POWER, SIN, ARCTAN, SIN	3.615e-10	23927	0	2253.4	9.4	Pi^3/105
284	Pythagorean triple second-order constant for areas	special	64	not found	8	SIX, EXP, ARCTAN, TANH, TWO, TIMES, SQR, INV	1.925e-09	49591	0	2260.9	8.7	-(((1 + 2^(-1/3))*Zeta[1/3])/((1 + 2^(-2/3))*Zeta[4/3]))
285	a constant that appears in flux/diffusion problems with trapping surfaces	special	64	not found	8	SEVEN, FOUR, COSH, DIVIDE, THREE, PLUS, INV, ARCTAN	1.231e-09	31083	0	2261.2	8.9	-1/Pi * Integrate[Log[(6/x^2) * (1 - Sin[x]/x)]/x^2, {x, 0, Infinity}]
286	Wadsworth constant	rational	64	exact	5	THREE, INV, THREE, PLUS, INV	0.000e+00	30	0	0.4	64.0	3/10
287	Sum_{m,n >= 1} (-1)^(m + n)/(m*n*(m + n))	none	64	not found	8	SEVEN, GAMMA, COS, GAMMA, TANH, COS, SQR, TAN	4.335e-10	127171	0	2295.4	9.4	
288	log10(2)	elementary	64	exact	7	TWO, LOG, EIGHT, TWO, PLUS, LOG, DIVIDE	2.220e-16	960	0	72.2	64.0	Log[10, 2]
289	ln(Gamma(2/3))	special	64	exact	5	TWO, THREE, DIVIDE, GAMMA, LOG	2.220e-16	7	0	0.8	63.9	LogGamma[2/3]
290	coefficient c appearing in the asymptotic evaluation of the number of prime additive compositions of n as c*(1/xi)^n, wh	none	64	not found	8	EIGHT, TANH, TANH, ARCSIN, EULER, DIVIDE, ARCSINH, ARCTAN	4.256e-10	25648	0	2279.5	9.4	
291	Gauss-Kuzmin-Wirsing constant	special	64	not found	8	ONE, ARCSIN, ARCCOSH, LOG, SQRT, PI, PLUS, INV	3.882e-10	31984	0	2272.1	9.4	Inactive[Limit][Inactive[Part][SortBy[N][Abs[Eigenvalues[Inactive[Table][((-1)^\[FormalJ]*Inactive[Sum][(-2)^\[FormalI]*Binomial[\[FormalK], \[FormalI]]*Pochhammer[2 + \[FormalI], \[FormalJ]]*(-2^(2 + \[FormalI] + \[FormalJ]) + (-1 + 2^(2 + \[FormalI] + \[FormalJ]))*Zeta[2 + \[FormalI] + \[FormalJ]]), {\[FormalI], 0, \[FormalK]}])/((-2)^\[FormalK]*\[FormalJ]!), {\[FormalJ], 0, -1 + \[FormalN]}, {\[FormalK], 0, -1 + \[FormalN]}]]]], -2], \[FormalN] -> Infinity]
292	3/pi^2	elementary	64	exact	4	THREE, PI, SQR, DIVIDE	0.000e+00	1	0	0.2	64.0	3/Pi^2
293	radius of convergence of the generating function of A000625 (alcohol stereoisomers enumeration)	none	64	not found	8	SEVEN, SQRT, ARCTAN, SQR, ARCTAN, PI, DIVIDE, SIN	2.746e-11	49038	0	2276.5	10.6	
294	1 - log(2)	elementary	64	exact	4	ONE, TWO, LOG, SUBTRACT	0.000e+00	2	0	0.3	64.0	1-Log[2]
295	Hardy-Littlewood constant Product_{p prime >= 5} (1-(6*p^2-4*p+1)/(p-1)^4)	none	64	not found	8	THREE, ARCTAN, NINE, ARCTAN, ARCCOSH, SUBTRACT, TANH, ARCSINH	2.437e-10	32532	0	2257.4	9.6	
296	coefficient c_v in c_v*log(N), the asymptotic variance of the number of factors in a random factorization of n <= N	none	64	not found	8	TWO, SIN, SIN, GAMMA, TANH, SIX, POWER, ARCTAN	1.723e-09	29903	0	2246.0	8.8	
297	Littlewood-Salem-Izumi constant	special	64	not found	8	TWO, LOG, SIN, GOLDENRATIO, EXP, COS, SINH, SUBTRACT	1.276e-09	24432	0	2247.0	8.9	Root[{HypergeometricPFQ[{1/2 - #1/2}, {1/2, 3/2 - #1/2}, (-(1/16))*(9*Pi^2)] & , 0.3084437795619860030341969509860000000000000000000000000001`29.489176016177844}]
298	sin(Pi/10) (angle of 18 degrees)	algebraic	64	exact	4	TWO, GOLDENRATIO, TIMES, INV	2.220e-16	5	0	0.2	63.8	Sin[18 Degree]
299	-(8*(EulerGamma - log(2)))/3	special	64	not found	8	NINE, ARCCOSH, ARCSINH, ARCCOSH, LOG, SEVEN, INV, PLUS	2.814e-09	36659	0	2340.4	8.6	-(8*(EulerGamma - Log[2]))/3
300	Zolotarev-Schur constant	special	64	not found	7	THREE, ARCTAN, COS, ARCTAN, ARCTANH, SINH, TANH	6.839e-10	40760	0	2248.5	9.2	With[{\[FormalX] = Root[{EllipticE[#1^2]^3 - 3*EllipticE[#1^2]^2*EllipticK[#1^2] + EllipticK[#1^2]*(-1 - EllipticK[#1^2]^2 + #1^2) + EllipticE[#1^2]*(1 + 3*EllipticK[#1^2]^2 + #1^2) & , 0.9155020553896763963055240364016622896543129422884607667501`30.102999566398122}]}, (1 - EllipticE[\[FormalX]^2]/EllipticK[\[FormalX]^2])^2/\[FormalX]^2]
301	k_3 = 3/(2*Pi*m_3), a constant associated with the asymptotic expansion of the probability that a three-dimensional rand	none	64	not found	8	FOUR, NINE, DIVIDE, EULER, TIMES, COSH, COSH, INV	1.498e-09	27407	0	2257.3	8.8	
302	(negated) constant in the expansion of the prime zeta function about s = 1	none	64	not found	8	SEVEN, TANH, ARCSINH, NEG, EXP, ARCTAN, TIMES, SINH	8.952e-11	30426	0	2254.9	10.0	
303	Atkinson-Negro-Santoro constant	special	64	not found	8	EULER, SINH, SIN, SEVEN, PI, PLUS, ARCCOSH, DIVIDE	1.172e-09	24957	0	2256.1	8.9	ConditionalExpression[Extension`AtkinsonNegroSantoroConstant == Limit[\[FormalU][\[FormalN]]/2^\[FormalN], \[FormalN] -> Infinity], \[FormalU][0] == 0 && \[FormalU][1] == 1 && \[FormalU][\[FormalN]] == 2*\[FormalU][-1 + \[FormalN]] - \[FormalU][-1 + \[FormalN] - Floor[1 + (-1 + \[FormalN])/2]]]
304	real part of the solution of z = log z	special	64	not found	8	EULER, SIN, FIVE, SQR, ARCSINH, INV, EXP, DIVIDE	2.598e-09	33774	0	2268.5	8.6	Re[-ProductLog[-1]]
305	Kalmar composition constant	special	64	not found	8	FIVE, GOLDENRATIO, GAMMA, SUBTRACT, NINE, SQR, TAN, POWER	1.886e-09	33671	0	2253.2	8.7	ConditionalExpression[Extension`KalmarCompositionConstant == -(1/(\[FormalRho]*Derivative[1][Zeta][\[FormalRho]])), \[FormalRho] == Root[{-2 + Zeta[#1] & , 1.7286472389981836181351030103`29.237706376855613}]]
306	reciprocal of π	elementary	64	exact	2	PI, INV	0.000e+00	1	0	0.3	64.0	Pi^(-1)
307	a constant related to a certain Sobolev isoperimetric inequality	none	64	not found	8	EIGHT, SQRT, FIVE, TIMES, ARCCOSH, INV, TAN, TAN	7.950e-11	31932	0	2294.0	10.1	
308	eta/xi = A086318/A086317, a coefficient associated with the asymptotics of the number of weakly binary trees	none	64	not found	8	PI, THREE, COS, POWER, THREE, SIN, COS, TIMES	1.010e-09	25994	0	2245.1	9.0	
309	Feller-Tornier product constant	special	64	not found	8	SIX, SQRT, EXP, TAN, ARCSINH, EXP, ARCTANH, ARCTANH	1.022e-09	47272	0	2245.8	9.0	Product[1 - 2/Prime[\[FormalK]]^2, {\[FormalK], 1, Infinity}]
310	second Kneser-Mahler polynomial constant	special	64	not found	8	GOLDENRATIO, INV, ARCTAN, EXP, FIVE, DIVIDE, ARCTAN, ARCTAN	1.197e-09	25140	0	2247.8	8.9	(9 - PolyGamma[1, 2/3] + PolyGamma[1, 4/3])/(4*Pi*Sqrt[3])
311	1/(4*K), a constant related to the asymptotic evaluation of the number of positive integers all of whose prime factors a	none	64	not found	8	SIX, ARCSINH, ARCTAN, NEG, COS, SUBTRACT, GAMMA, LOG	1.799e-10	28882	0	2254.2	9.7	
312	infinite product of (j/Pi)*sin(Pi/j), for j >= 2, a constant similar to the Kepler-Bouwkamp constant	none	64	not found	8	PI, ARCSINH, EIGHT, TIMES, LOG, SQRT, FIVE, DIVIDE	6.875e-10	28563	0	2247.1	9.2	
313	constant that appears in the asymptotic formula for average order of an infinitary analog of Euler's phi function (A0917	none	64	not found	8	THREE, INV, GAMMA, TAN, PI, GAMMA, LOG, PLUS	1.311e-10	29071	0	2249.8	9.9	
314	Given the two curves y = (1 + exp(x))/2 and y = (1 + exp(x))/(1 + exp(x/2)), draw a line tangent to both. This sequence 	none	64	not found	8	SIX, TWO, COSH, SINH, EULER, SUBTRACT, DIVIDE, TAN	2.203e-09	28649	0	2245.6	8.7	
315	9099999999923/27500000000000	rational	64	not found	8	FIVE, LOG, COSH, EIGHT, SEVEN, INV, SUBTRACT, DIVIDE	8.461e-12	43798	0	2250.6	11.1	9099999999923/27500000000000
316	euler sqr	special	64	not found	8	NINE, INV, TANH, GOLDENRATIO, SIN, DIVIDE, ARCSIN, SQRT	9.098e-10	33492	0	2245.4	9.0	EulerGamma^2
317	log(A085851)	none	64	not found	8	EIGHT, ARCTAN, SQRT, SQRT, ARCSINH, SIN, INV, COS	8.235e-10	36100	0	2245.6	9.1	
318	third	rational	64	exact	2	THREE, INV	0.000e+00	1	0	0.3	64.0	1/3
319	Sum_{k>=2} c(k)/prime(k), where c(k) = -1 if p == 1 (mod 4) and c(k) = +1 if p == 3 (mod 4)	none	64	not found	8	TWO, ARCSINH, GAMMA, INV, TANH, TANH, TWO, DIVIDE	1.554e-10	29300	0	2247.9	9.8	
320	radius of convergence of g.f. for unlabeled trees (A000055)	none	64	not found	8	FOUR, ARCTAN, TANH, GOLDENRATIO, TANH, TANH, SQR, SUBTRACT	1.373e-10	32850	0	2245.2	9.9	
321	probability that a random walk on a 3-D lattice returns to the origin	special	64	not found	8	FOUR, TANH, GOLDENRATIO, TANH, TANH, SIN, SUBTRACT, ARCSIN	7.038e-10	26922	0	2244.7	9.2	1 - (16*Sqrt[2/3]*Pi^3) / (Gamma[1/24]*Gamma[5/24]*Gamma[7/24]*Gamma[11/24])
322	2*sin(Pi/18)	algebraic	64	exact	7	ONE, ARCSIN, NINE, DIVIDE, SIN, TWO, TIMES	1.110e-16	741	0	71.2	64.0	2Sin[Pi/18]
323	sqrt(5^(1/3)-4^(1/3))	algebraic	64	not found	8	ONE, ARCSINH, EULER, ARCTAN, TANH, DIVIDE, THREE, DIVIDE	4.083e-10	31955	0	2247.4	9.4	Sqrt[Surd[5, 3] - Surd[4, 3]]
324	meander connective constant	special	64	not found	8	NINE, COS, SIN, TAN, SQR, SINH, COS, ARCSINH	6.487e-10	30563	0	2246.7	9.2	Product[1 - 2^(-2^\[FormalK]), {\[FormalK], 0, Infinity}]
325	lim_{N->infinity} (1/N^2 Sum_{n=1..N} K(n)), where K(n) is the squarefree kernel of n	none	64	not found	8	EIGHT, SQRT, GAMMA, TANH, SQR, GOLDENRATIO, TIMES, LOG	2.944e-10	31595	0	2247.9	9.5	
326	a coefficient associated with the asymptotics of the variance of the distance between a vertex and the root of a random 	none	64	not found	8	TWO, COS, ARCSIN, EIGHT, COS, DIVIDE, INV, ARCTANH	4.679e-11	34117	0	2247.2	10.3	
327	Hafner–Sarnak–McCurley constant	none	64	not found	8	TWO, TANH, THREE, ARCTAN, PLUS, GAMMA, PI, DIVIDE	9.337e-11	31130	0	2249.9	10.0	
328	radius of convergence of the generating function of A000598, the number of rooted ternary trees of n vertices	none	64	not found	8	NINE, ARCSINH, GAMMA, SIN, ARCCOS, TWO, ARCSINH, TIMES	1.702e-09	32009	0	2263.3	8.8	
330	imaginary part of the infinite power tower of i	special	64	not found	8	GOLDENRATIO, ARCCOSH, ARCCOSH, LOG, ARCSINH, SIN, TAN, EXP	1.053e-09	30015	0	2248.2	9.0	Im[-ProductLog[-Log[I]]/Log[I]]
331	log 1/M = ln 10	elementary	64	not found	8	NEG, EXP, SIN, SQRT, ARCTANH, COSH, EXP, TAN	3.669e-10	32777	0	2248.6	9.4	Log10[Log[10]]
332	equilateral triangle line-picking constant	elementary	64	not found	8	PI, SQRT, ARCCOSH, ARCTAN, EXP, TAN, EXP, TANH	7.836e-10	31486	0	2241.8	9.1	(4 + 3*Log[3])/20
333	(3*sqrt(6) - 7)*Pi/3	elementary	64	exact	8	SIX, SQRT, SEVEN, THREE, DIVIDE, SUBTRACT, PI, TIMES	3.220e-15	34930	0	2246.3	64.0	(3Sqrt[6]-7)Pi/3
334	standard Gumbel distribution median	elementary	64	exact	4	TWO, LOG, INV, LOG	1.110e-16	2	0	0.2	64.0	-Log[Log[2]]
335	constant that appears in the asymptotic formula for average order of the number of  infinitary divisors function (A03744	none	64	not found	8	EULER, ARCTAN, EXP, FOUR, GOLDENRATIO, POWER, DIVIDE, SINH	1.867e-13	33700	0	2266.6	12.7	
336	reciprocal of e	elementary	64	exact	2	NEG, EXP	0.000e+00	2	0	0.3	64.0	E^(-1)
337	Hardy-Littlewood constant C_7 = Product_{p prime > 7} 1/(1-1/p)^7 (1-7/p)	none	64	not found	8	EULER, COS, COSH, COS, SQRT, SINH, ARCTANH, SIN	6.213e-09	49030	0	2261.8	8.2	
338	fourth (of 10) decimal selvage number	none	64	not found	8	SEVEN, TAN, NINE, TANH, GOLDENRATIO, PLUS, SIN, SUBTRACT	5.994e-11	32007	0	2244.0	10.2	
339	constant c appearing in the expected number of pair of twin vacancies in a digital tree	none	64	not found	8	FIVE, SIN, TANH, SIX, POWER, NINE, LOG, TIMES	6.370e-10	37447	0	2250.1	9.2	
340	variance of the maximum of a size 8 sample from a normal (0,1) distribution	none	64	not found	8	FIVE, COS, ARCTAN, ARCSINH, EIGHT, LOG, LOG, DIVIDE	4.576e-10	38184	0	2255.6	9.3	
341	(1/144)*3^(1/2)*Pi^3	elementary	64	not found	8	TWO, SINH, TAN, GOLDENRATIO, PLUS, SQRT, LOG, ARCSINH	1.240e-10	35721	0	2244.2	9.9	Sqrt[3]*Pi^3/144
342	1/Gamma(1/3)	special	64	exact	4	THREE, INV, GAMMA, INV	0.000e+00	1	0	0.3	64.0	1/Gamma[1/3]
343	first positive solution to exp(1-1/x)/x = 1/2, a binary search tree constant	special	64	not found	8	SEVEN, SQR, SIN, THREE, POWER, ARCCOS, GAMMA, LOG	6.572e-10	40409	0	2244.4	9.2	-1/ProductLog[-1, -1/(2*E)]
344	Artin's constant	special	64	not found	8	EIGHT, SQRT, PI, DIVIDE, SEVEN, POWER, ARCCOS, ARCCOSH	1.396e-09	29647	0	2255.1	8.9	Product[1 - 1/((-1 + Prime[n])*Prime[n]), {n, 1, Infinity}]
345	64/169, the upper bound (as given by S. Finch) of the 2-dimensional simultaneous Diophantine approximation constant	none	64	exact	6	EIGHT, SIX, SEVEN, PLUS, DIVIDE, SQR	2.220e-16	51	0	3.3	64.0	
346	upper bound of the 6-dimensional simultaneous Diophantine approximation constant	none	64	not found	8	SIX, SIN, TANH, SIX, ARCCOSH, TAN, ARCSINH, DIVIDE	2.550e-09	37738	0	2264.3	8.6	
347	expected distance from a randomly selected point in the unit square to its center: (sqrt(2) + log(1 + sqrt(2)))/6	elementary	64	exact	7	ONE, ARCSINH, TWO, SQRT, PLUS, SIX, DIVIDE	0.000e+00	1849	0	72.2	64.0	(Sqrt[2] + Log[1 + Sqrt[2]])/6
348	Given the two curves y = (1 + exp(x))/2 and y = (1 + exp(x))/(1 + exp(x/2)), draw a line tangent to both. This sequence 	none	64	not found	8	EIGHT, ARCCOSH, TANH, EXP, SIN, SIX, TIMES, INV	1.298e-09	35160	0	2247.0	8.9	
349	upper bound of the 5-dimensional simultaneous Diophantine approximation constant	elementary	64	not found	8	NINE, TAN, EXP, SINH, ARCTAN, SQR, TAN, TAN	1.563e-10	35760	0	2240.8	9.8	3/(208 + 72*Pi - 96*Sqrt[2]*Pi)
350	variance of the maximum of a size 7 sample from a normal (0,1) distribution	none	64	not found	8	GOLDENRATIO, EXP, PI, SUBTRACT, EIGHT, SQR, ARCCOSH, DIVIDE	1.046e-09	46373	0	2257.6	9.0	
351	1 - 6/pi^2	elementary	64	exact	6	ONE, SIX, PI, SQR, DIVIDE, SUBTRACT	0.000e+00	48	0	2.7	64.0	1 - 6/Pi^2
352	Pi/8	none	64	exact	3	PI, EIGHT, DIVIDE	0.000e+00	1	0	0.1	64.0	
353	A(rectangles), an analog of Moser's worm constant, which is associated with the class of rectangular regions of the plan	none	64	not found	8	EIGHT, INV, GAMMA, NINE, SUBTRACT, ARCSINH, COS, SINH	5.900e-10	39387	0	2251.4	9.2	
354	radius of convergence of the generating function for the enumeration of rooted identity trees (A004111)	none	50	not found	8	NEG, COS, SIN, COSH, GAMMA, COSH, LOG, SINH	4.053e-10	38542	0	2249.4	9.4	
355	Pi*G - 33*zeta(3)/16, where G = A006752	special	64	not found	8	THREE, SEVEN, TAN, TAN, SQR, ARCSINH, POWER, TAN	3.920e-10	43327	0	2250.3	9.4	Pi Catalan-33Zeta[3]/16
356	one div root two pi	elementary	64	exact	5	PI, TWO, TIMES, INV, SQRT	0.000e+00	13	0	0.4	64.0	1/Sqrt[2*Pi]
357	log Sqrt[2π]	elementary	64	not found	8	THREE, ARCSINH, ARCCOSH, GOLDENRATIO, TIMES, SIN, ARCCOS, ARCTANH	9.340e-10	51725	0	2250.0	9.0	Log10[Sqrt[2*Pi]]
358	'lambda', a Somos quadratic recurrence constant mentioned by Steven Finch	none	64	not found	8	SEVEN, TAN, SINH, FIVE, ARCCOSH, SUBTRACT, ARCTAN, EXP	1.117e-10	31360	0	2247.5	10.0	
359	Feigenbaum's constant 0.399535	none	64	not found	8	GOLDENRATIO, EXP, SEVEN, DIVIDE, SQRT, SINH, COSH, LOG	1.095e-09	33828	0	2256.2	9.0	
360	Li_3(2 - phi)	special	64	not found	8	GOLDENRATIO, SIX, TANH, SINH, SUBTRACT, TWO, SIN, TIMES	2.248e-10	35023	0	2274.1	9.6	PolyLog[3,2-GoldenRatio]
361	radius of convergence of Wedderburn-Etherington numbers g.f	none	64	not found	8	EIGHT, TANH, SINH, LOG, SEVEN, ARCSINH, TIMES, TANH	1.431e-09	35362	0	2273.8	8.8	
362	'mu', a percolation constant associated with the asymptotic threshold for 3-dimensional bootstrap percolation	none	64	not found	8	GOLDENRATIO, SIN, SQR, ARCSINH, TWO, SQRT, COSH, DIVIDE	4.002e-10	38150	0	2254.1	9.4	
363	log(A085850)	none	41	not found	8	TWO, COS, TANH, ARCSIN, EXP, SQR, ARCSINH, ARCTAN	1.818e-09	33888	0	2248.0	8.7	
364	m_2 = (2-1/e)/4, one of Renyi's parking constants, the mean car density in case "monomer with nearest neighbor exclusion	elementary	64	exact	6	TWO, NEG, EXP, SUBTRACT, FOUR, DIVIDE	0.000e+00	44	0	3.3	64.0	(2 - 1/E)/4
365	upper bound of the 4-dimensional simultaneous Diophantine approximation constant	elementary	64	not found	8	EULER, SIN, ARCCOS, EULER, TAN, POWER, SINH, ARCCOSH	2.969e-10	41008	0	2273.5	9.5	27/(4*(8*Sqrt[3]*Pi - 27))
366	Euler-Kronecker constant (as named by P. Moree) for non-hypotenuse numbers	none	64	not found	8	ONE, SIN, INV, NINE, TANH, SUBTRACT, SQRT, ARCTAN	6.266e-11	120163	0	2249.8	10.2	
367	lower bound of the Berry-Esseen constant	elementary	64	not found	8	GOLDENRATIO, FOUR, ARCCOSH, ARCCOSH, TANH, TAN, SUBTRACT, ARCSINH	7.975e-10	32602	0	2242.2	9.1	(3 + Sqrt[10])/(6*Sqrt[2*Pi])
368	Hardy-Littlewood constant C_5 = Product_{p prime > 5} 1/(1-1/p)^5 (1-5/p)	none	64	not found	7	FIVE, ARCTAN, SQRT, SIN, ARCCOS, ARCSINH, TAN	1.302e-09	40516	0	2254.6	8.9	
369	sqrt(2)*(sqrt(6) - 1)/5	algebraic	64	exact	6	SIX, SQRT, TWO, SUBTRACT, ARCSINH, TANH	2.220e-16	123	0	2.8	64.0	Sqrt[2](Sqrt[6]-1)/5
370	Prouhet–Thue–Morse constant	special	64	not found	8	THREE, LOG, ARCCOSH, ARCSINH, SIN, THREE, TANH, TIMES	5.711e-10	40837	0	2261.4	9.2	(2 - Product[(-1 + 2^2^\[FormalK])/2^2^\[FormalK], {\[FormalK], 0, Infinity}])/4
371	1/(eta*P'(eta)), a constant related to the asymptotic evaluation of the number of prime multiplicative compositions, whe	none	30	not found	8	FIVE, GOLDENRATIO, SIN, POWER, ARCCOSH, TWO, DIVIDE, COS	1.541e-09	38319	0	2265.9	8.8	
372	sqrt(2) - 1	algebraic	64	exact	3	NEG, ARCSINH, EXP	0.000e+00	1	0	0.2	64.0	Sqrt[2] - 1
373	isosceles triangle line-picking constant	elementary	64	not found	8	EULER, SINH, SQRT, SIN, EULER, SQRT, TANH, DIVIDE	1.426e-10	34969	0	2261.6	9.8	(2 + 4*Sqrt[2] + ArcSinh[1]*(4 + Sqrt[2]))/30
374	Prime constant	special	64	not found	8	NINE, COS, EIGHT, SUBTRACT, ARCTAN, COSH, SQR, COS	6.049e-10	34061	0	2248.3	9.2	Sum[2^(-Prime[n]), {n, 1, Infinity}]
375	variance of the maximum of a size 6 sample from a normal (0,1) distribution	none	64	not found	8	FOUR, TAN, ARCCOSH, SQRT, EULER, ARCSINH, SQR, POWER	1.363e-10	41439	0	2249.3	9.9	
376	volume of the Meissner Body	elementary	64	not found	8	FOUR, TAN, SINH, COS, COS, SQR, COSH, LOG	1.094e-09	34594	0	2252.0	9.0	(2/3 - Sqrt[3]/4 * ArcCos[1/3])* Pi
377	Minkowski-Bower constant	special	64	not found	7	PI, TANH, SQRT, TANH, GOLDENRATIO, PLUS, INV	3.162e-10	64164	0	2253.1	9.5	Inactive[Root][{#1 - MinkowskiQuestionMark[#1] & , 0.420372339423223075640993`23.623634131640042}]
378	Schlüter ten disk constant	algebraic	64	not found	8	GOLDENRATIO, TANH, FOUR, DIVIDE, SQR, NEG, EXP, PLUS	2.774e-11	36171	0	2255.5	10.6	Root[819200 - 14172160*\[FormalX] + 114038784*\[FormalX]^2 - 563649536*\[FormalX]^3 + 1899131648*\[FormalX]^4 - 4564076288*\[FormalX]^5 + 7918461504*\[FormalX]^6 - 9722063488*\[FormalX]^7 + 7803109440*\[FormalX]^8 - 2960321792*\[FormalX]^9 - 1038261808*\[FormalX]^10 + 1526909568*\[FormalX]^11 + 227573920*\[FormalX]^12 - 1398966480*\[FormalX]^13 + 1145811528*\[FormalX]^14 - 462103584*\[FormalX]^15 + 98015844*\[FormalX]^16 - 11436428*\[FormalX]^17 + 1180129*\[FormalX]^18, \[FormalX], 1]
379	logarithmic capacity of the unit equilateral triangle	none	64	not found	8	EULER, FOUR, SIN, EXP, SUBTRACT, FIVE, DIVIDE, TANH	6.203e-11	36416	0	2250.5	10.2	
380	c_1, a constant associated with the computation of the maximal modulus of an algebraic integer	none	64	not found	8	ONE, SIN, GOLDENRATIO, SIN, TAN, SUBTRACT, TAN, EXP	8.874e-10	38755	0	2254.9	9.1	
381	Reuleaux tetrahedron volume	elementary	64	not found	8	ONE, SINH, ARCCOSH, THREE, LOG, SQRT, COSH, POWER	5.426e-10	35657	0	2247.0	9.3	(8*Pi)/3 - (27*ArcCos[1/3])/4 + Sqrt[2]/4
382	1 - gamma, where gamma is Euler's constant (or the Euler-Mascheroni constant)	special	64	not found	8	SEVEN, EULER, COS, FOUR, TIMES, SUBTRACT, LOG, INV	2.503e-10	36292	0	2245.1	9.6	1 - EulerGamma
383	pi^(-3/4)	elementary	64	exact	5	PI, SQRT, SQRT, PI, DIVIDE	2.220e-16	1	0	0.8	64.0	Pi^(-3/4)
384	Dawson's integral at the inflection point	none	64	not found	8	EULER, ARCTAN, THREE, SQRT, FIVE, TIMES, ARCCOSH, DIVIDE	3.362e-09	42354	0	2251.1	8.5	
385	(2/3)*x where x is the real solution of the equation x^2 + 2*sqrt(1 - x^2) = 2*x*(x + arccos(x))	none	64	not found	8	NINE, SIN, SIN, SEVEN, INV, COS, POWER, TAN	1.316e-09	41917	0	2247.3	8.9	
386	gamma', the analog of Euler's constant when 1/x is replaced by 1/(x*log(x))	none	64	not found	8	EIGHT, FIVE, TIMES, ARCCOSH, FOUR, COS, TANH, POWER	3.999e-10	37520	0	2251.9	9.4	
387	carefree constant	special	64	not found	8	ONE, FOUR, ARCCOSH, TAN, SUBTRACT, ARCCOSH, FOUR, DIVIDE	2.829e-11	47352	0	2248.8	10.5	Product[1 - (-1 + 2*Prime[\[FormalK]])/Prime[\[FormalK]]^3, {\[FormalK], 1, Infinity}]
388	'lambda', a Young-Fejér-Jackson constant linked to the positivity of certain sine sums	none	64	not found	8	EIGHT, ARCTAN, INV, ARCSIN, SQRT, SIX, POWER, SIN	1.571e-11	40503	0	2249.0	10.8	
389	2*arccsch(2)/sqrt(5)	none	64	exact	6	TWO, ARCSINH, TANH, GOLDENRATIO, LOG, TIMES	0.000e+00	28	0	3.2	64.0	
390	m = (1-1/e^2)/2, one of Renyi's parking constants	elementary	64	exact	4	ONE, SINH, EULER, DIVIDE	0.000e+00	1	0	0.5	64.0	(1 - 1/E^2)/2
391	Bloch constant lower limit	algebraic	64	not found	8	GOLDENRATIO, THREE, ARCCOSH, GAMMA, ARCTANH, POWER, INV, ARCTAN	1.509e-10	37971	0	2250.0	9.8	1/5000 + Sqrt[3]/4
392	common logarithm of e	elementary	64	exact	5	FIVE, FIVE, PLUS, LOG, INV	1.110e-16	15	0	0.6	64.0	Log10[E]
393	asymptotic probability of success in the full-information secretary problem with uniform distribution when the number of	none	64	not found	7	SEVEN, LOG, ARCCOSH, TANH, GAMMA, COS, ARCSINH	1.735e-09	38063	0	2249.8	8.8	
394	a constant related to the [dimensionless] electrical capacitance of the ring torus without hole (with unit circle radius	none	64	not found	8	GOLDENRATIO, INV, SIN, SQRT, ARCSINH, ARCCOS, TANH, SQR	3.794e-11	41778	0	2249.7	10.4	
395	1/(2*(Pi-2)), the upper bound of the 3-dimensional simultaneous Diophantine approximation constant	elementary	64	exact	4	FOUR, COS, ARCCOS, INV	1.110e-16	1	0	0.3	64.0	1/(2*(Pi - 2))
397	real part of the infinite power tower of i	special	64	not found	8	SEVEN, SIX, TANH, NINE, TIMES, TAN, TANH, POWER	2.036e-09	41242	0	2264.6	8.7	Re[-ProductLog[-Log[I]]/Log[I]]
398	breadth of the "caliper", the broadest worm of unit length	none	64	not found	8	THREE, ARCCOSH, ARCSINH, SEVEN, DIVIDE, SINH, ARCSIN, SQRT	1.096e-09	38722	0	2253.8	9.0	
399	Otter's asymptotic constant beta for the number of rooted trees	none	64	not found	8	ONE, SIN, SINH, TANH, GOLDENRATIO, SUBTRACT, EXP, TAN	7.408e-10	41950	0	2245.3	9.1	
400	Ising constant	elementary	64	exact	4	SEVEN, ARCSINH, SIX, DIVIDE	0.000e+00	4	0	0.2	64.0	Log[1 + Sqrt[2]]/2
401	1/log(2)-1, the mean value of a random variable following the Gauss-Kuzmin distribution	elementary	64	exact	5	TWO, LOG, INV, NEG, PLUS	0.000e+00	7	0	0.3	64.0	1/Log[2] - 1
403	1D Diophantine approximation constant	algebraic	64	exact	3	FIVE, SQRT, INV	0.000e+00	4	0	0.2	64.0	Sqrt[5]^(-1)
404	variance of the maximum of a size 5 sample from a normal (0,1) distribution	special	64	not found	8	SIX, LOG, LOG, SQRT, COS, GAMMA, ARCTAN, ARCCOS	3.680e-10	37735	0	2245.0	9.4	1 - 25/Pi + 150*ArcCsc[Sqrt[3]]/Pi^2 + 5*Sqrt[3]*ArcSec[2*Sqrt[2/3]]/Pi^2 - 225*ArcCsc[Sqrt[3]]^2/Pi^3
405	7*sqrt(3)/27	algebraic	64	exact	6	SEVEN, THREE, FIVE, POWER, SQRT, DIVIDE	0.000e+00	45	0	2.7	64.0	7Sqrt[3]/27
406	asymptotic probability of success in the full information version of the secretary problem	none	64	not found	8	NINE, SIN, FIVE, DIVIDE, ARCTANH, EXP, COS, SIN	1.362e-09	38406	0	2244.4	8.9	
407	2^(1/2)/pi	elementary	64	exact	4	TWO, SQRT, PI, DIVIDE	2.220e-16	1	0	0.6	64.0	2^(1/2)/Pi
408	log(Pi/2)	elementary	64	exact	3	ONE, ARCSIN, LOG	1.110e-16	1	0	0.4	64.0	Log[Pi/2]
409	prime zeta function at 2: Sum_{p prime} 1/p^2	special	64	not found	8	SEVEN, COS, PI, ARCCOSH, TANH, GAMMA, EXP, POWER	1.207e-09	46863	0	2246.3	8.9	PrimeZetaP[2]
410	Product_{n>1} (1-1/n)^(1/n)	none	64	not found	7	EIGHT, ARCCOSH, GAMMA, LOG, SINH, TANH, ARCSINH	6.199e-10	39145	0	2246.2	9.2	
411	e^(-pi/4)	elementary	64	exact	3	NEG, ARCTAN, EXP	0.000e+00	1	0	0.2	64.0	E^(-Pi/4)
412	c^c^c^...  where c is the constant defined in A037077	none	64	not found	8	PI, SINH, SIN, INV, COSH, TANH, SINH, COS	1.137e-10	38472	0	2245.0	9.9	
413	Machin Gregory series constant	elementary	64	exact	3	TWO, INV, ARCTAN	0.000e+00	1	0	0.4	64.0	ArcTan[1/2]
414	6*K/Pi^2, a constant related to the asymptotic evaluation of the number of positive squarefree integers of the form a^2 	none	64	not found	7	NEG, ARCSINH, TAN, SEVEN, ARCTAN, PLUS, SQRT	2.435e-10	39801	0	2245.7	9.6	
415	(1/30)*2^(1/2)*Pi^2	elementary	64	exact	8	PI, SQR, SEVEN, ARCSINH, COSH, DIVIDE, THREE, DIVIDE	2.220e-16	39996	0	2245.8	64.0	(Sqrt[2] Pi^2)/30
416	'etaHat', a constant used in the asymptotic evaluation of e.g.f. coefficients for the number of labeled mobiles	none	64	not found	8	FIVE, ARCTAN, TWO, SIN, DIVIDE, TANH, ARCCOS, ARCTANH	1.438e-10	38500	0	2245.4	9.8	
417	pi^(-2/3)	elementary	64	exact	6	PI, THREE, INV, POWER, PI, DIVIDE	0.000e+00	71	0	2.8	64.0	Pi^(-2/3)
418	Bloch constant upper limit	special	64	not found	8	GOLDENRATIO, ARCCOSH, TAN, EIGHT, LOG, SINH, DIVIDE, ARCSIN	2.071e-09	41110	0	2244.7	8.7	(Sqrt[(-1 + Sqrt[3])/2]*Gamma[1/3]*Gamma[11/12])/Gamma[1/4]
419	Weierstrass constant	special	64	not found	8	THREE, NINE, TANH, COS, SIX, PLUS, DIVIDE, SINH	1.711e-09	39623	0	2245.9	8.8	(2*2^(1/4)*E^(Pi/8)*Sqrt[Pi])/Gamma[1/4]^2
420	Plouffe's b-constant	none	64	not found	8	SEVEN, GAMMA, SIN, SQR, SINH, SEVEN, TIMES, INV	3.623e-11	37227	0	2245.6	10.4	
421	common logarithm of 3	elementary	64	exact	7	THREE, LOG, NINE, ONE, PLUS, LOG, DIVIDE	0.000e+00	1611	0	71.1	64.0	Log10[3]
422	quadtree leaf proportion constant	elementary	64	false negative	8	PI, SQR, NINE, SUBTRACT, FOUR, TIMES, THREE, SUBTRACT	5.218e-15	41441	0	2244.9	64.0	-39 + 4*Pi^2
423	(6*sqrt(3) + 12*log(2+sqrt(3)) - Pi)/48	elementary	64	not found	8	NINE, SIN, ARCSINH, ONE, ARCTAN, ARCTAN, ARCTANH, POWER	1.486e-11	37825	0	2244.8	10.8	(6Sqrt[3]+12Log[2+Sqrt[3]]-Pi)/48
424	(ln 2)^2	elementary	64	exact	3	TWO, LOG, SQR	1.110e-16	1	0	0.4	64.0	Log[2]^2
425	2*zeta(3)/5	special	64	not found	8	FIVE, NINE, TAN, SEVEN, SINH, SIN, DIVIDE, POWER	1.391e-09	45874	0	2245.6	8.9	2*Zeta[3]/5
426	logarithm of golden ratio	elementary	64	exact	2	GOLDENRATIO, LOG	0.000e+00	1	0	0.1	64.0	Log[GoldenRatio]
427	Trott's third constant	none	64	not found	8	GOLDENRATIO, SIN, GAMMA, COSH, ARCSINH, EULER, DIVIDE, ARCTANH	4.804e-10	42376	0	2245.6	9.3	
428	a constant related to the expected number of vertices of the largest tree associated with a random mapping on n symbols	none	64	not found	8	NEG, SIN, TANH, ARCSINH, SIN, EXP, ARCTAN, ARCSINH	7.405e-11	37056	0	2246.3	10.1	
429	2*K/Pi, a constant related to the asymptotic evaluation of the number of positive integers all of whose prime factors ar	none	64	not found	8	TWO, NEG, PI, SUBTRACT, DIVIDE, ARCSINH, ARCCOS, INV	6.846e-11	48479	0	2246.0	10.2	
430	Gaussian twin prime constant	special	64	not found	8	TWO, GOLDENRATIO, ARCSINH, TAN, SQRT, SUBTRACT, SIN, SQRT	5.568e-10	41060	0	2245.7	9.3	(Pi^2*Product[Piecewise[{{((1 - 4/Prime[\[FormalK]])*(1 + Prime[\[FormalK]])^2)/(-1 + Prime[\[FormalK]])^2, Mod[Prime[\[FormalK]], 4] == 1}}, 1], {\[FormalK], 1, Infinity}])/8
431	3/(8*K), a constant related to the asymptotic evaluation of the number of positive integers that can be expressed as the	none	64	not found	8	NINE, LOG, TANH, SIN, TANH, COS, SQRT, ARCCOS	5.382e-10	56910	0	2246.8	9.3	
432	variance of the maximum of a size 4 sample from a normal (0,1) distribution	special	64	not found	8	TWO, COS, GAMMA, TANH, COS, SINH, TANH, SIN	1.429e-09	41108	0	2246.3	8.8	1 + Sqrt[3]/Pi - 36*ArcSec[Sqrt[3]]^2/Pi^3
433	Shapiro-Drinfeld cyclic sum constant	special	64	not found	8	PI, TANH, SQR, LOG, GOLDENRATIO, LOG, ARCSIN, PLUS	2.004e-10	43371	0	2245.5	9.7	ConditionalExpression[Extension`ShapiroDrinfeldCyclicSumConstant == \[FormalY]/2, \[FormalY] + \[FormalY]*E^(\[FormalX]/2) == (2 + \[FormalX])/E^(\[FormalX]/2) + \[FormalX]/(1 + E^(\[FormalX]/2)) && \[FormalX] + (1 + 2*E^(\[FormalX]/2))^(-1) == Log[(4*E^\[FormalX]*Cosh[\[FormalX]/4]^2)/(1 + 2*E^(\[FormalX]/2))] && -3/2 < \[FormalX] < -1/2 && 1/2 < \[FormalY] < 1]
434	fifth (of 10) decimal selvage number	none	64	false positive	6	SEVEN, ARCTAN, SIN, ARCTAN, SIN, SQR	0.000e+00	294	0	2.9	19.6	
435	1-gamma-gamma(1), a constant related to the asymptotic expansion of j(n), the counting function of "jagged" numbers, whe	special	64	not found	7	EIGHT, GAMMA, TAN, TAN, GAMMA, SQR, SIN	8.291e-10	46647	0	2245.9	9.0	1 - EulerGamma - StieltjesGamma[1]
436	common logarithm of π	elementary	64	exact	7	PI, LOG, NINE, ONE, PLUS, LOG, DIVIDE	1.110e-16	1532	0	71.5	64.0	Log10[Pi]
437	Half	rational	64	exact	2	TWO, INV	0.000e+00	1	0	0.3	64.0	1/2
438	birthday problem constant	rational	64	not found	8	SEVEN, TAN, SINH, EULER, GAMMA, SUBTRACT, EXP, TANH	4.233e-09	48028	0	2246.0	8.4	38093904702297390785243708291056390518886454060947061/75091883268515350125426207425223147563269805908203125
439	A245781*Pi/2	none	64	not found	8	EIGHT, SIN, SIX, SQR, SQR, ARCSINH, SQR, POWER	2.505e-10	48065	0	2246.5	9.6	
440	sqrt(2 - sqrt(3)), edge length of a regular dodecagon with circumradius 1	none	64	exact	5	NEG, ARCTAN, SIN, ARCSINH, EXP	0.000e+00	10	0	0.4	64.0	
441	a constant related to the asymptotic expansion of the smallest Lebesgue constant corresponding to an optimal interpolati	special	64	not found	8	THREE, COSH, GAMMA, LOG, SQRT, COS, SIX, POWER	1.138e-09	50582	0	2245.7	8.9	2/Pi*(2*Log[2] - Log[Pi] + EulerGamma)
442	square line-picking constant	elementary	64	not found	8	SIX, ARCTAN, THREE, POWER, ARCCOSH, SIN, COS, ARCSINH	5.583e-11	54717	0	2246.6	10.3	(2 + 5*Log[1 + Sqrt[2]] + Sqrt[2])/15
443	sixth pi	elementary	64	exact	3	TWO, INV, ARCSIN	0.000e+00	2	0	0.4	64.0	Pi/6
444	Upper limit of backward value of 5^n	none	64	not found	8	PI, LOG, COS, EXP, THREE, DIVIDE, ARCTANH, SIN	9.801e-10	44538	0	2246.0	9.0	
445	Mrs. Miniver's constant	none	64	not found	8	FOUR, INV, SIN, FOUR, TIMES, SQR, GAMMA, COS	5.018e-11	64945	0	2248.4	10.3	
446	Pythagorean triple constant for areas	special	64	not found	8	EIGHT, SIX, SEVEN, ARCTAN, ARCSINH, POWER, DIVIDE, COS	1.201e-09	49985	0	2246.1	8.9	Gamma[1/4]^2/Sqrt[2*Pi^5]
447	Otter's asymptotic constant beta for the number of unrooted trees	none	64	not found	8	GOLDENRATIO, TWO, COSH, DIVIDE, SIX, POWER, EXP, COS	1.626e-10	46865	0	2245.5	9.8	
448	Product_{p odd prime} 1-2/(p*(p-1)), a constant related to Artin's conjecture in the context of quadratic fields	none	64	not found	8	SEVEN, TAN, INV, COS, EIGHT, INV, TANH, PLUS	5.239e-10	48359	0	2247.2	9.3	
449	2*(2 - sqrt(3))	algebraic	64	exact	5	THREE, SQRT, NEG, PLUS, SQR	2.220e-16	5	0	0.8	64.0	2(2-Sqrt[3])
450	Li_3(1/2)	special	64	not found	8	PI, NEG, COSH, COSH, COSH, DIVIDE, SIN, SINH	3.814e-10	46980	0	2246.3	9.4	PolyLog[3, 1/2]
451	'c', one of Polya's Random Walk constants, related to the asymptotics of the number of 3-D random walks starting from an	none	64	not found	8	NINE, SIN, COS, GAMMA, THREE, LOG, TAN, DIVIDE	4.569e-10	55498	0	2247.2	9.3	
452	Ioachimescu constant	special	64	not found	8	SIX, ARCCOSH, SINH, TAN, EXP, SQRT, SIN, SQR	1.744e-10	78370	0	2248.1	9.8	2 + Zeta[1/2]
453	cos one	elementary	64	exact	2	NEG, COS	0.000e+00	2	0	0.3	64.0	Cos[1]
454	value of the maximum of Dawson's integral D_+(x)	none	64	not found	7	FIVE, COS, ARCCOS, INV, ARCTANH, TAN, LOG	2.651e-13	70214	0	2248.4	12.6	
455	Landau constant upper limit	special	64	not found	8	EIGHT, ARCCOSH, SINH, LOG, COSH, SIN, SQR, ARCTAN	3.371e-10	64507	0	2247.3	9.5	(Gamma[1/3]*Gamma[5/6])/Gamma[1/6]
456	Pi^2/18	elementary	64	exact	6	ONE, ARCSIN, NINE, DIVIDE, PI, TIMES	0.000e+00	110	0	2.8	64.0	Pi^2/18
457	-ln gamma	special	64	not found	8	SIX, ARCCOSH, EULER, SUBTRACT, GOLDENRATIO, DIVIDE, COS, COS	1.823e-09	61055	0	2246.9	8.7	-Log[EulerGamma]
458	coefficient c_m in c_m*log(N), the asymptotic mean number of factors in a random factorization of n <= N	none	64	not found	8	SEVEN, COS, COS, TAN, COSH, COS, EXP, ARCCOSH	4.244e-10	52137	0	2246.3	9.4	
459	probability that an integer triple is pairwise unitary coprime	none	64	not found	8	GOLDENRATIO, TANH, EULER, ARCTAN, DIVIDE, SINH, ARCCOS, SIN	2.500e-10	52651	0	2246.2	9.6	
460	Kuijlaars-Saff constant	special	64	not found	8	FIVE, EIGHT, ARCCOSH, DIVIDE, COS, ARCSIN, ARCCOS, INV	4.122e-10	49854	0	2247.7	9.4	-1/2*(3^(3/4)*Zeta[1/2]*(Zeta[1/2, 1/3] - Zeta[1/2, 2/3]))/Sqrt[2*Pi]
461	smallest disk radius for which six equal disks can cover the unit disk	none	64	not found	8	FOUR, TAN, GAMMA, COSH, TANH, TAN, COS, SQRT	4.751e-10	57346	0	2247.0	9.3	
462	1-9/(4*Pi)+sqrt(3)/(2*Pi), an extreme value constant	elementary	64	not found	8	GOLDENRATIO, SQRT, COS, TANH, TAN, ARCTANH, ARCTANH, SQRT	1.044e-11	66196	0	2247.5	11.0	1 - 9/(4*Pi) + Sqrt[3]/(2*Pi)
463	value of the Buchstab function at phi + 2 = (5 + sqrt(5))/2 (A296184)	elementary	64	not found	8	SEVEN, ARCTAN, SQR, SIN, EIGHT, PLUS, SIN, ARCTANH	1.222e-09	52270	0	2247.2	8.9	(1 + 2*Log[GoldenRatio] + Log[GoldenRatio]^2 - Pi^2/60)/(GoldenRatio + 2)
464	reciprocal exponential of Euler γ	special	64	not found	8	TWO, SQRT, TANH, ARCSIN, SIX, SIN, DIVIDE, GAMMA	4.100e-10	54649	0	2246.8	9.4	E^(-EulerGamma)
465	one div root pi	elementary	64	exact	3	PI, SQRT, INV	0.000e+00	2	0	0.4	64.0	1/Sqrt[Pi]
466	Omega constant	special	64	not found	8	NINE, EIGHT, TANH, TANH, DIVIDE, EIGHT, PLUS, COS	5.166e-10	57984	0	2247.6	9.3	ProductLog[1]
467	infinite tetration of i absolute value	special	64	not found	8	SIX, TAN, SINH, ARCCOS, COSH, ARCSINH, GAMMA, COS	3.383e-10	67143	0	2247.5	9.5	Limit[Abs[Nest[I^#1 & , I, \[FormalN]]], \[FormalN] -> Infinity]
468	B, a constant appearing in an asymptotic formula related to the exponential divisor function sigma^(e)	none	64	not found	8	FOUR, LOG, INV, ARCTANH, EULER, DIVIDE, TANH, SQRT	4.565e-10	54173	0	2246.8	9.3	
469	(PolyGamma(1,(1+sqrt(5))/4)-PolyGamma(1,(3+sqrt(5))/4))/2	special	64	not found	8	PI, SIX, COSH, DIVIDE, COSH, COS, ARCTANH, SIN	2.050e-10	52473	0	2246.8	9.7	(PolyGamma[1,(1+Sqrt[5])/4]-PolyGamma[1,(3+Sqrt[5])/4])/2
470	weakly carefree constant	special	64	not found	8	NINE, ARCCOSH, COS, TANH, ARCSINH, COS, TANH, TANH	2.695e-10	52873	0	2249.9	9.6	2*Product[1 - (-1 + 2*Prime[\[FormalK]])/Prime[\[FormalK]]^3, {\[FormalK], 1, Infinity}] - Product[1 - (-2 + 3*Prime[\[FormalK]])/Prime[\[FormalK]]^3, {\[FormalK], 1, Infinity}]
471	Product_{p prime > 2} 1-1/(p^2-3p+3), a constant related to I. M. Vinogradov's proof of the "ternary" Goldbach conjectur	none	64	not found	8	TWO, ARCSINH, ARCSINH, ARCCOSH, THREE, SUBTRACT, SINH, SIN	1.749e-09	56150	0	2257.6	8.8	
472	eta_A, a constant associated with the asymptotics of the enumeration of labeled acyclic digraphs	none	64	not found	8	EIGHT, LOG, ARCTAN, SQR, FOUR, COS, PLUS, ARCSINH	1.233e-09	58748	0	2260.0	8.9	
473	Stephens' constant	special	64	not found	8	SEVEN, SIN, SQRT, GOLDENRATIO, SIN, PLUS, PI, DIVIDE	2.517e-10	58714	0	2256.4	9.6	Product[1 - Prime[n]/(-1 + Prime[n]^3), {n, 1, Infinity}]
474	a constant related to the asymptotics of A005169	none	64	not found	8	PI, TWO, SQRT, TAN, NEG, ARCSINH, PLUS, DIVIDE	2.511e-10	61435	0	2251.0	9.6	
475	Euler gamma	special	64	not found	8	EIGHT, ARCSINH, SQR, INV, EXP, SIN, COS, SIN	7.036e-10	53277	0	2252.3	9.2	EulerGamma
476	3^(-1/2)	algebraic	64	exact	3	THREE, INV, SQRT	0.000e+00	2	0	0.2	64.0	3^(-1/2)
477	Pi/(2e)	none	64	exact	4	ONE, ARCSIN, EULER, DIVIDE	0.000e+00	1	0	0.2	64.0	
478	k3, a Diophantine approximation constant such that the conjectured volume of the "critical parallelepiped" is 2^3*k3 (th	algebraic	64	not found	8	NEG, EIGHT, TAN, SIX, ARCSINH, DIVIDE, SUBTRACT, INV	3.079e-10	54959	0	2251.1	9.5	8/7*Cos[2*Pi/7]*Cos[Pi/7]^2
479	asymptotic probability of success in one of the Secretary problems	none	64	not found	8	ONE, ARCSIN, LOG, SINH, TANH, SQRT, SIN, ARCSINH	6.745e-10	53004	0	2255.3	9.2	
480	Pell constant	special	64	not found	8	EIGHT, SIN, SQRT, EULER, DIVIDE, ARCTAN, TANH, SQRT	1.170e-10	78775	0	2245.8	9.9	1 - QPochhammer[1/2, 1/4]
481	gamma_3, a lattice sum constant, analog of Euler's constant for 3-dimensional lattices	none	64	not found	8	SEVEN, SIN, ARCCOS, TANH, FOUR, ARCTAN, POWER, ARCSINH	4.823e-10	57457	0	2266.7	9.3	
482	-zeta(1/2)/sqrt(2*Pi)	special	64	not found	8	GOLDENRATIO, SIN, ARCTAN, NINE, ARCCOSH, ARCCOSH, POWER, ARCTAN	1.588e-10	62949	0	2264.6	9.8	-Zeta[1/2]/Sqrt[2*Pi]
483	first Kneser-Mahler polynomial constant	special	64	not found	8	NEG, ARCSINH, ARCSIN, GOLDENRATIO, SUBTRACT, FIVE, DIVIDE, EXP	2.748e-10	53514	0	2275.3	9.6	(2*Catalan)/Pi
484	Logarithmic capacity of the unit disk	special	64	not found	8	GOLDENRATIO, COSH, ONE, ARCTAN, GAMMA, POWER, ARCCOSH, LOG	7.853e-11	50414	0	2285.5	10.1	Gamma[1/4]^2/(4*Pi^(3/2))
485	Lehmer constant	special	64	not found	8	SEVEN, EIGHT, FIVE, TIMES, ARCCOSH, COS, POWER, ARCTANH	8.764e-10	77090	0	2287.7	9.1	ConditionalExpression[Extension`LehmerConstant == Cot[Sum[(-1)^\[FormalK]*ArcCot[Subscript[\[FormalC], \[FormalK]]], {\[FormalK], 0, Infinity}]], Subscript[\[FormalC], 0] == 0 && Subscript[\[FormalC], \[FormalK]] == 1 + Subscript[\[FormalC], -1 + \[FormalK]] + Subscript[\[FormalC], -1 + \[FormalK]]^2]
487	Gompertz constant	special	64	not found	8	ONE, PI, SUBTRACT, FOUR, COS, TIMES, SQRT, ARCCOSH	1.561e-10	64087	0	2268.1	9.8	-(E*ExpIntegralEi[-1])
489	Champernowne base-3 constant	special	64	not found	8	EULER, SIN, GAMMA, GAMMA, INV, ARCTAN, ARCTAN, SIN	3.711e-10	60903	0	2249.8	9.4	ChampernowneNumber[3]
490	second lemniscate constant	special	64	not found	8	FOUR, COS, SINH, TANH, COS, ARCTANH, GAMMA, COS	8.664e-10	56319	0	2255.7	9.1	Gamma[3/4]^2/Sqrt[2*Pi]
491	sqrt(13)/6	algebraic	64	exact	5	SIX, SEVEN, DIVIDE, ARCCOS, TAN	2.220e-16	4	0	0.4	64.0	Sqrt[13] / 6
492	log10(4)	elementary	64	exact	7	TWO, LOG, THREE, ARCSINH, COSH, LOG, DIVIDE	2.220e-16	2270	0	71.2	64.0	Log[10, 4]
493	G(1/2) where G is the Barnes G-function	special	64	not found	7	ONE, SIN, THREE, ARCSINH, ARCCOSH, DIVIDE, TANH	8.882e-10	80866	0	2270.8	9.1	BarnesG[1/2]
494	sum_{n>=1} 1/(n binomial(2n, n))	elementary	64	exact	6	THREE, SQRT, NINE, DIVIDE, PI, TIMES	0.000e+00	313	0	2.8	64.0	Pi/(3*Sqrt[3])
495	QRS constant	special	64	not found	8	GOLDENRATIO, INV, ARCTAN, LOG, COS, TANH, ARCCOS, ARCCOS	2.831e-10	63338	0	2258.6	9.5	Root[{Zeta[1/2, #1/2] & , 0.605443657196732749478922842447`29.782073733759695}]
496	exp minus half	elementary	64	exact	3	EULER, SQRT, INV	0.000e+00	3	0	0.4	64.0	Exp[-1/2]
497	6/Pi^2	elementary	64	exact	4	SIX, PI, SQR, DIVIDE	0.000e+00	1	0	0.5	64.0	6/Pi^2
498	Sum{p prime>=2} log(p)/(p^2-p+1)	none	64	not found	8	SEVEN, FIVE, ARCTAN, SUBTRACT, ARCCOSH, GAMMA, ARCCOSH, ARCTAN	3.466e-10	61483	0	2279.9	9.5	
499	Neville five disk constant	algebraic	64	not found	8	PI, SQRT, SQRT, INV, COSH, TWO, DIVIDE, ARCSINH	3.440e-11	85736	0	2272.0	10.5	Root[625 - 800*\[FormalX] + 22*\[FormalX]^2 - 1776*\[FormalX]^3 + 1665*\[FormalX]^4 + 1360*\[FormalX]^5 - 3480*\[FormalX]^6 + 2112*\[FormalX]^7 + 1296*\[FormalX]^8, \[FormalX], 3]
500	strongly triple-free set constant	none	28	not found	8	FIVE, TANH, ARCCOS, ARCSIN, ARCCOS, ARCSINH, ARCCOSH, SIN	2.139e-10	65067	0	2272.2	9.7	
501	best lower bound for the Steiner ratio rho_3, the least upper bound on the ratio of the length of the Steiner minimal tr	none	64	not found	8	FOUR, COS, ARCSINH, ARCTANH, SIN, GOLDENRATIO, SQRT, PLUS	3.370e-10	60087	0	2249.3	9.5	
502	(1/16)*Pi^2	special	64	exact	3	NEG, ARCTAN, SQR	0.000e+00	2	0	0.4	64.0	Gamma[3/2]^4
503	-1/(e^2 Ei(-1)), an increasing rooted tree enumeration constant associated with the Euler-Gompertz constant, where Ei is	special	64	not found	8	EIGHT, TAN, SIN, SINH, SQR, COSH, ARCSINH, COS	1.974e-10	69088	0	2250.4	9.7	-1/(E^2*ExpIntegralEi[-1])
504	Lenz-Ising constant	elementary	64	not found	8	FOUR, TAN, LOG, SQRT, SQRT, GOLDENRATIO, SIN, DIVIDE	2.470e-10	75614	0	2259.8	9.6	1 + Pi/4 + Log[(Log[1 + Sqrt[2]]*Sqrt[2])/4]
505	Cbrt[3/4π]	elementary	64	exact	8	SIX, PI, DIVIDE, THREE, INV, POWER, TWO, DIVIDE	0.000e+00	67590	0	2272.9	64.0	CubeRoot[3/(4*Pi)]
506	1/(theta*P'(theta)), a constant appearing in the asymptotic evaluation of the coefficients q_n in 1/(1+P(x)), where P(x)	none	64	not found	8	GOLDENRATIO, EXP, ARCCOSH, ARCTAN, GAMMA, ARCCOS, ARCSIN, SQRT	4.050e-10	65279	0	2248.9	9.4	
507	'kappa', an asymptotic enumeration constant related to unit interval graphs	none	64	not found	8	FIVE, INV, SIN, SINH, EIGHT, SIN, SUBTRACT, SQR	3.109e-10	62176	0	2254.7	9.5	
508	Golomb–Dickman constant	special	64	not found	8	GOLDENRATIO, TWO, DIVIDE, SIN, EULER, ARCTAN, POWER, SIN	5.674e-10	64977	0	2256.0	9.2	Integrate[E^LogIntegral[\[FormalX]], {\[FormalX], 0, 1}]
509	constant in Kac's formula	none	64	not found	8	THREE, SQRT, PI, TIMES, SIN, SINH, SQR, ARCSINH	7.329e-11	61367	0	2247.7	10.1	
510	'lambda', a constant such that exp(lambda*Pi) is the best-known upper bound (as given by Julian Gevirtz) of the John con	none	64	not found	8	TWO, ARCSINH, TWO, LOG, GAMMA, SQRT, TANH, SUBTRACT	5.701e-10	67763	0	2261.5	9.2	
511	Davison-Shallit constant	special	64	not found	8	TWO, COS, EXP, COS, GAMMA, GAMMA, TANH, ARCTAN	5.868e-11	57435	0	2255.0	10.2	ConditionalExpression[Extension`DavisonShallitConstant == Sum[(-1)^\[FormalK]/(Subscript[\[FormalQ], \[FormalK]]*Subscript[\[FormalQ], 1 + \[FormalK]]), {\[FormalK], 0, Infinity}], Subscript[\[FormalQ], 0] == 1 && Subscript[\[FormalQ], 1] == 1 && Subscript[\[FormalQ], \[FormalK]] == Subscript[\[FormalQ], -2 + \[FormalK]]*(1 + Subscript[\[FormalQ], -1 + \[FormalK]])]
512	rayleigh skewness	elementary	64	not found	8	EIGHT, TANH, THREE, PLUS, TANH, ARCSIN, GAMMA, COS	5.285e-11	69908	0	2255.2	10.3	2*Sqrt[Pi]*(Pi - 3)/(4 - Pi)^(3/2)
513	1 - 1/e	elementary	64	exact	4	ONE, NEG, EXP, SUBTRACT	0.000e+00	2	0	0.5	64.0	1 - 1/E
514	Hardy-Littlewood constant Product_{p prime >= 5} (1-(3*p-1)/(p-1)^3)	none	64	not found	8	PI, SEVEN, THREE, SQRT, SINH, SUBTRACT, DIVIDE, ARCTAN	9.863e-10	67490	0	2256.9	9.0	
515	Buffon constant	elementary	64	exact	3	ONE, ARCSIN, INV	0.000e+00	2	0	0.3	64.0	2/Pi
516	(2^(1/3)-1)^(1/3)	algebraic	64	not found	8	SEVEN, TANH, SINH, SEVEN, SIN, LOG, PLUS, TANH	4.388e-10	70905	0	2257.7	9.4	Power[Power[2, (3)^-1] - 1, (3)^-1]
517	an analog of the Landau-Ramanujan constant for Loeschian numbers	none	64	not found	8	THREE, EIGHT, PI, TIMES, ARCSINH, DIVIDE, SIN, SIN	1.494e-10	76610	0	2252.9	9.8	
518	first non-alternating series of reciprocal primes constant	special	64	not found	8	GOLDENRATIO, ARCCOSH, COS, TWO, SIN, TANH, TANH, POWER	5.294e-10	71851	0	2248.4	9.3	Sum[Piecewise[{{-1, Mod[Prime[\[FormalK]], 3] == 1}, {1, Mod[Prime[\[FormalK]], 3] == 2}}, 0]/Prime[\[FormalK]], {\[FormalK], 1, Infinity}]
519	Cahen's constant	special	64	not found	8	NINE, LOG, TAN, GAMMA, ARCCOSH, TANH, ARCTAN, ARCTAN	1.831e-12	56642	0	2254.2	11.7	ConditionalExpression[Extension`CahenConstant == Sum[(-1)^\[FormalK]/(-1 + \[FormalS][\[FormalK]]), {\[FormalK], 0, Infinity}], \[FormalS][0] == 2 && \[FormalS][\[FormalN]] == 1 - \[FormalS][-1 + \[FormalN]] + \[FormalS][-1 + \[FormalN]]^2 && \[FormalS][\[FormalN]] == 1 + Product[\[FormalS][\[FormalK]], {\[FormalK], 0, -1 + \[FormalN]}]]
520	a constant related to a conjectured value of the Masser-Gramain constant	special	64	not found	8	ONE, ARCTAN, FIVE, ARCCOSH, ARCTAN, SQR, SQR, POWER	9.455e-10	67585	0	2246.6	9.0	Pi/4*(2*EulerGamma + 2*Log[2] + 3*Log[Pi] - 4*Log[Gamma[1/4]])
521	Integral_{x=0..Infinity} sin(x)/(x^2+1) dx	none	64	not found	8	FIVE, SIN, COS, LOG, ARCTAN, TANH, TANH, EXP	5.898e-10	65044	0	2245.6	9.2	
522	unit-diameter hexagon area	algebraic	64	exact	5	TWO, ARCCOSH, TANH, THREE, POWER	2.220e-16	5	0	0.3	64.0	(3*Sqrt[3])/8
523	Maximal unitary square-free divisor sum constant	none	64	not found	8	SEVEN, TANH, FOUR, SUBTRACT, ARCTAN, INV, COS, ARCSINH	1.741e-10	79800	0	2247.0	9.8	
524	delta = (1+alpha)/4, a constant appearing in Koecher's formula for Euler's gamma constant, where alpha is A065442, the E	none	64	not found	8	NINE, ARCTAN, SIX, COS, COS, SUBTRACT, TANH, SIN	2.588e-10	65084	0	2246.6	9.6	
525	negative of Granville-Soundararajan constant	special	64	not found	8	EULER, EIGHT, COS, DIVIDE, COS, ARCSINH, ARCTAN, SIN	2.057e-11	88742	0	2258.8	10.7	-(4*PolyLog[2, -Sqrt[E]] + Pi^2/3 + 1)
526	harmonic power tower even term limit	special	64	not found	8	FOUR, THREE, ARCTAN, SUBTRACT, SEVEN, TIMES, ARCTAN, INV	1.086e-09	68406	0	2254.1	9.0	Limit[Fold[(1/#2)^#1 & , 1, Table[\[FormalI], {\[FormalI], 2*\[FormalN], 2, -1}]], \[FormalN] -> Infinity]
527	escape probability for a random walk on the 3-D cubic lattice (a Polya random walk constant)	none	64	not found	8	SIX, INV, SINH, FOUR, TIMES, COS, ARCSINH, SIN	2.703e-10	72055	0	2250.2	9.6	
528	Twin primes constant	special	64	not found	8	FOUR, ARCTAN, ARCTAN, SQRT, ARCSIN, INV, GOLDENRATIO, POWER	1.151e-10	101212	0	2270.3	9.9	Product[1 - (-1 + Prime[\[FormalK]])^(-2), {\[FormalK], 2, Infinity}]
529	Feller–Tornier constant	special	64	not found	8	THREE, LOG, TANH, FIVE, POWER, COS, COS, TAN	3.432e-10	67989	0	2265.9	9.5	1/2 + Product[1 - 2/Prime[n]^2, {n, 1, Infinity}]/2
530	Robbins constant	elementary	64	not found	8	GOLDENRATIO, COSH, COSH, SIN, SINH, TANH, SINH, ARCTANH	1.192e-09	87258	0	2257.8	8.9	(4 + 17*Sqrt[2] - 6*Sqrt[3] - 7*Pi)/105 + Log[1 + Sqrt[2]]/5 + (2*Log[2 + Sqrt[3]])/5
531	Laplace limit	special	64	not found	8	PI, ARCTAN, TANH, COS, NINE, ARCCOSH, TANH, DIVIDE	2.629e-10	61237	0	2267.9	9.6	Root[{-1 + E^Sqrt[1 + #1^2]*#1 - Sqrt[1 + #1^2] & , 0.6627434193491815809747420971092529070562335491150224175204`30.}]
532	twothirds	rational	64	exact	3	FOUR, SIX, DIVIDE	0.000e+00	3	0	0.4	64.0	2/3
533	3/2 - gamma / log(2), a coin tossing constant related to the asymptotic evaluation of the expected length of the longest	special	64	not found	8	NINE, ARCCOSH, GAMMA, ONE, TANH, PLUS, COS, COS	3.058e-10	64662	0	2256.2	9.5	3/2 - EulerGamma/Log[2]
534	Shanks constant	special	64	not found	7	FIVE, EXP, ARCCOSH, EIGHT, DIVIDE, ARCSIN, ARCTAN	3.344e-10	75034	0	2274.8	9.5	(Pi^2*Product[Piecewise[{{((1 - 4/Prime[\[FormalK]])*(1 + Prime[\[FormalK]])^2)/(-1 + Prime[\[FormalK]])^2, Mod[Prime[\[FormalK]], 8] == 1}}, 1], {\[FormalK], 1, Infinity}])/(16*Log[1 + Sqrt[2]])
535	sqrt(3)/(4 - sqrt(2))	algebraic	64	exact	7	THREE, SQRT, FOUR, TWO, SQRT, SUBTRACT, DIVIDE	1.110e-16	2820	0	71.6	64.0	Sqrt[3]/(4-Sqrt[2])
536	gamma_2, a lattice sum constant, analog of Euler's constant for two-dimensional lattices	none	64	not found	8	EIGHT, NEG, ARCSINH, POWER, GAMMA, FIVE, SUBTRACT, TANH	7.987e-10	66424	0	2253.0	9.1	
537	probable error constant	special	64	not found	8	EIGHT, TANH, SIX, TIMES, COS, SQR, TANH, ARCSINH	2.249e-10	70523	0	2253.9	9.6	InverseErf[1/2]*Sqrt[2]
538	Graham biggest little hexagon area	algebraic	64	not found	8	SEVEN, SIX, SIN, POWER, ARCSINH, COSH, TANH, TANH	1.808e-10	68318	0	2253.5	9.7	Root[11993 - 78488*#1 + 144464*#1^2 + 1232*#1^3 - 221360*#1^4 + 146496*#1^5 + 21056*#1^6 - 30848*#1^7 - 3008*#1^8 + 8192*#1^9 + 4096*#1^10 & , 5]
539	generalized Euler constant gamma(1,3)	special	64	not found	8	SIX, ARCTAN, COSH, SQRT, SINH, SIN, SQR, ARCCOS	5.068e-10	69912	0	2258.9	9.3	EulerGamma/3 + Pi*Sqrt[3]/18 + Log[3]/6
540	Taniguchi constant	special	64	not found	8	PI, SQRT, ARCSINH, TAN, SEVEN, DIVIDE, COS, COS	1.602e-10	80582	0	2248.0	9.8	Product[1 - Prime[n]^(-6) + Prime[n]^(-5) + 2/Prime[n]^4 - 3/Prime[n]^3, {n, 1, Infinity}]
541	1 - 1/Pi	elementary	64	exact	4	ONE, PI, INV, SUBTRACT	1.110e-16	1	0	0.3	64.0	1 - 1/Pi
542	positive solution to the equation x/(1-x) = 1+log(1/(1-x)), an auxiliary constant associated with the problem of enumera	none	64	not found	8	SEVEN, ARCTAN, EIGHT, SIN, SIN, COSH, COSH, DIVIDE	4.234e-10	73803	0	2258.0	9.4	
543	log e^(π/2)	elementary	64	exact	7	NEG, ARCTAN, THREE, ARCTAN, COS, LOG, DIVIDE	0.000e+00	2443	0	72.3	64.0	Log10[E^(Pi/2)]
544	one div cbrt pi	elementary	64	exact	5	PI, THREE, INV, POWER, INV	0.000e+00	8	0	0.8	64.0	Pi^(-1/3)
545	least x>0 having sin(4x) = (sin x)^2	none	64	not found	8	EIGHT, EULER, SIN, SUBTRACT, ARCTAN, FOUR, SIN, PLUS	7.763e-11	67582	0	2262.4	10.1	
546	Integral_{x=0..1} log(floor(1/x))/(1+x) dx	special	64	not found	8	GOLDENRATIO, ARCTAN, THREE, POWER, EXP, TANH, SIN, TANH	6.504e-12	67852	0	2253.4	11.2	Log[2]*Log[Khinchin]
547	-x, the real root of the equation 0 = 1 + Sum_{k>=1} prime(k) x^k. The inverse of Backhouse's constant (A072508)	none	64	not found	8	ONE, ARCTAN, ARCTANH, EULER, PLUS, SIN, COS, SQR	4.700e-10	85941	0	2251.2	9.3	
548	harmonic power tower odd term limit	special	64	not found	8	NINE, THREE, TIMES, SIN, ARCTAN, ARCCOS, SINH, SIN	1.024e-09	78489	0	2276.8	9.0	Limit[Fold[(1/#2)^#1 & , 1, Table[\[FormalI], {\[FormalI], 1 + 2*\[FormalN], 2, -1}]], \[FormalN] -> Infinity]
549	reciprocal of Steiner number	elementary	64	exact	4	NEG, EXP, EXP, INV	0.000e+00	3	0	0.3	64.0	E^(-E^(-1))
550	Sum_{k=1..50000} (-1)^(k+1) / k	special	64	not found	8	PI, SQRT, ARCSINH, SQRT, SINH, INV, COS, SIN	2.291e-10	123480	0	2274.9	9.6	Sum[(-1)^(k + 1)/k, {k, 1, 50000}]
551	Natural logarithm of 2	elementary	64	exact	2	TWO, LOG	0.000e+00	1	0	0.3	64.0	Log[2]
552	rank-2 Artin constant	special	64	not found	8	ONE, SINH, SQRT, GAMMA, ARCSINH, GAMMA, ARCTAN, ARCTAN	4.980e-10	70109	0	2296.1	9.3	Product[1 - 1/((-1 + Prime[\[FormalK]])*Prime[\[FormalK]]^2), {\[FormalK], 1, Infinity}]
553	First continued fraction constant	special	64	not found	8	PI, ARCTAN, EXP, INV, ARCCOS, GAMMA, COSH, INV	1.499e-10	71188	0	2262.1	9.8	BesselI[1, 2]/BesselI[0, 2]
554	log10(5)	elementary	64	exact	7	FIVE, LOG, SEVEN, THREE, PLUS, LOG, DIVIDE	1.110e-16	2642	0	74.5	64.0	Log[10, 5]
555	probability that a point of an infinite (rooted) tree is fixed by every automorphism of the tree	none	64	not found	8	NINE, ARCTAN, ARCSINH, ARCTAN, SQR, TANH, SQRT, COS	3.938e-11	81621	0	2282.2	10.4	
558	Integral_{x = 1..infinity} 1/x^x dx	none	64	not found	8	SIX, FOUR, TAN, TAN, POWER, LOG, SQRT, LOG	8.447e-11	85229	0	2297.4	10.1	
559	carefree product constant	special	64	not found	8	ONE, ARCSINH, SQRT, SINH, SQRT, ARCTAN, GOLDENRATIO, POWER	7.684e-10	89642	0	2293.4	9.1	Product[1 - 1/(Prime[\[FormalK]]*(1 + Prime[\[FormalK]])), {\[FormalK], 1, Infinity}]
560	rectilinear crossing constant	elementary	64	exact	8	ONE, SIX, LOG, SINH, PI, SQR, DIVIDE, SUBTRACT	0.000e+00	74115	0	2265.5	64.0	1 - 35/(12*Pi^2)
561	'C' (as designated by D. Shanks), a constant appearing in the second order term of the asymptotic expansion of the numbe	none	64	not found	8	TWO, COSH, TAN, EXP, TANH, ARCTAN, ARCSIN, TANH	1.946e-10	81978	0	2255.2	9.7	
562	K, a constant arising in the analysis of the binary Euclidean algorithm	none	40	not found	8	EULER, ARCCOSH, SQRT, ARCTAN, ARCCOS, SIX, SIN, SUBTRACT	3.499e-10	74433	0	2292.4	9.5	
563	sqrt(1/2)	algebraic	64	exact	3	ONE, ARCTAN, SIN	0.000e+00	6	0	0.4	64.0	1/Sqrt[2]
564	rabbit constant	special	64	not found	8	PI, INV, ARCSINH, COS, SQRT, COSH, GAMMA, TANH	3.964e-10	90609	0	2253.3	9.4	Sum[2^(-Floor[\[FormalK]*GoldenRatio]), {\[FormalK], 1, Infinity}]
565	generalized Euler constant gamma(1,4)	special	64	not found	8	THREE, LOG, FOUR, ARCSINH, POWER, GAMMA, COS, ARCTANH	1.821e-10	87617	0	2274.0	9.7	EulerGamma/4 + Pi/8 + Log[2]/4
566	Hopf constant	special	64	not found	8	FIVE, TANH, ARCTAN, ARCCOS, SQR, TAN, COS, TANH	3.681e-10	75984	0	2266.9	9.4	6/Pi^2 + Integrate[3/\[FormalTheta]^2 - (1 - \[FormalTheta]*Cot[\[FormalTheta]])^(-1), {\[FormalTheta], 0, Pi/2}]/Pi
567	1/(phi*log(4 - phi))	elementary	64	exact	7	FOUR, GOLDENRATIO, SUBTRACT, GOLDENRATIO, POWER, LOG, INV	0.000e+00	2934	0	72.1	64.0	(GoldenRatio Log[4-GoldenRatio])^(-1)
568	Traveling Salesman constant	algebraic	64	not found	8	EIGHT, COS, ARCSIN, ARCTAN, PI, TIMES, ARCCOS, LOG	1.962e-12	93317	0	2259.6	11.7	4/153*(1 + 2*Sqrt[2])*Sqrt[51]
569	e^(-1/3)	elementary	64	exact	4	THREE, INV, EXP, INV	0.000e+00	2	0	0.6	64.0	E^(-1/3)
570	constant appearing in the expected number of comparisons for a successful digital tree search (negated)	none	64	not found	8	PI, INV, COS, COS, EULER, GAMMA, ARCSINH, TIMES	4.915e-11	94801	0	2267.9	10.3	
571	1/(2 log 2)	elementary	64	exact	3	FOUR, LOG, INV	0.000e+00	1	0	0.4	64.0	1/(2Log[2])
572	k2, a Diophantine approximation constant such that the area of the "critical parallelogram" (in this case a square) is 4	algebraic	64	exact	4	GOLDENRATIO, FIVE, SQRT, DIVIDE	0.000e+00	5	0	0.5	64.0	(1+1/Sqrt[5])/2
573	Sarnak constant	special	64	not found	8	FIVE, LOG, LOG, SQRT, TAN, SQRT, SIN, ARCSINH	2.946e-10	192059	0	2270.4	9.5	Product[1 - (2 + Prime[\[FormalK]])/Prime[\[FormalK]]^3, {\[FormalK], 2, Infinity}]
574	Langford constant	elementary	64	not found	8	SEVEN, EXP, ARCSINH, INV, COS, ARCSINH, ARCSINH, ARCSINH	1.414e-10	84058	0	2252.9	9.8	97/150 + Pi/40
575	constant that appears in the asymptotic formula for average order of the infinitary divisors sum function (A049417)	none	64	not found	8	TWO, ARCCOSH, THREE, POWER, LOG, SINH, SIN, ARCSINH	1.359e-10	81717	0	2276.7	9.9	
576	a constant related to the asymptotic evaluation of Product_{p prime congruent to 1 modulo 4} (1 + 1/p)	none	64	not found	8	GOLDENRATIO, SIX, INV, TANH, POWER, ARCTAN, GOLDENRATIO, POWER	7.598e-10	81442	0	2257.8	9.1	
577	sum_{n>=1} 1/binomial(2n, n)	elementary	64	not found	8	PI, ARCSINH, COSH, COS, SEVEN, POWER, ARCTAN, COS	2.596e-10	98015	0	2253.8	9.6	1/3 + 2*Sqrt[3]*Pi/27
579	1/Gamma(2/3)	special	64	exact	5	FOUR, SIX, DIVIDE, GAMMA, INV	0.000e+00	22	0	0.4	64.0	1/Gamma[2/3]
580	Dottie number	special	64	not found	8	EIGHT, SIN, EULER, DIVIDE, COSH, TWO, ARCSINH, DIVIDE	2.778e-10	79918	0	2263.2	9.6	Root[{Cos[#1] - #1 & , 0.7390851332151606416553120876738734040134117589007574649656`30.}]
581	densest spatial packing of spheres constant	elementary	64	exact	6	TWO, SQRT, PI, TIMES, SIX, DIVIDE	0.000e+00	116	0	3.2	64.0	Pi/(3*Sqrt[2])
582	Rosser constant	special	64	not found	8	FOUR, LOG, INV, EXP, ARCCOSH, ARCCOSH, COS, SINH	3.191e-10	77030	0	2259.8	9.5	(8*Catalan)/Pi^2
583	Sarnak product constant	special	64	not found	8	TWO, EXP, INV, EXP, FOUR, DIVIDE, COS, TANH	4.805e-12	84192	0	2274.0	11.3	(5*Pi^2*Product[1 - (2 + Prime[\[FormalK]])/Prime[\[FormalK]]^3, {\[FormalK], 2, Infinity}])/48
584	s_4, a 4-dimensional Steiner ratio analog	none	64	not found	8	ONE, ARCSINH, ARCSINH, SEVEN, ARCSINH, ARCCOSH, POWER, SINH	3.048e-10	101694	0	2264.6	9.5	
585	B, the coefficient of n*log(n)^2 in the asymptotic formula of Ramanujan for Sum_{k=1..n} (d(k)^2), where d(k) is the num	none	64	not found	8	EULER, COS, TAN, SEVEN, TANH, PLUS, ARCSIN, EXP	2.297e-10	80766	0	2249.7	9.6	
586	Rényi parking constant	special	64	not found	8	PI, GOLDENRATIO, TANH, DIVIDE, GAMMA, GAMMA, ARCCOSH, ARCCOSH	3.062e-10	103561	0	2260.3	9.5	Integrate[Exp[-2*(EulerGamma + Gamma[0, \[FormalT]] + Log[\[FormalT]])], {\[FormalT], 0, Infinity}]
587	exp(-gamma/2)	special	64	not found	8	THREE, TAN, EIGHT, DIVIDE, COS, TANH, COS, COS	3.769e-10	89870	0	2259.4	9.4	Exp[-EulerGamma/2]
588	three quarters	rational	64	exact	3	TWO, LOG, SINH	0.000e+00	3	0	0.4	64.0	3/4
589	pi^(-1/4)	elementary	64	exact	4	PI, INV, SQRT, SQRT	0.000e+00	3	0	0.4	64.0	Pi^(-1/4)
590	Sum_{n>=1} (-1)^(n-1)*H(n)/n^2, where H(n) is the n-th harmonic number	special	64	not found	8	ONE, TANH, ARCSINH, FIVE, TIMES, LOG, TANH, SIN	1.032e-09	102204	0	2283.1	9.0	5*Zeta[3]/8
591	linear asymptotic constant B in Sum_{k=1..n} 1/A000688(k) = ~B*n + 	none	64	not found	8	FOUR, LOG, SIN, SQR, ARCTAN, SQRT, ARCTAN, COS	4.868e-12	90550	0	2267.3	11.3	
592	Flajolet-Odlyzko constant	special	64	not found	8	GOLDENRATIO, SIN, ARCTAN, NEG, COSH, TANH, DIVIDE, SIN	2.681e-11	111042	0	2256.9	10.6	2*Integrate[1 - E^(ExpIntegralEi[-\[FormalT]]/2), {\[FormalT], 0, Infinity}]
593	constant appearing in the variance for inserting in a digital tree	special	64	false positive	7	FIVE, GAMMA, INV, FOUR, LOG, INV, PLUS	0.000e+00	4793	0	71.7	22.7	1/Log[4] + 1/24 + (4*Pi^2/Log[2]^2)*Sum[DivisorSigma[1, n]*Exp[-4*Pi^2*n/Log[2]], {n, 1, 6}]
594	Landau-Ramanujan constant	special	64	not found	8	NINE, TANH, SIN, TANH, COS, GAMMA, ARCTAN, SQR	1.854e-10	92214	0	2252.8	9.7	Product[((4^2^\[FormalK]*(1 - 2^(-2^\[FormalK]))*Zeta[2^\[FormalK]])/(Zeta[2^\[FormalK], 1/4] - Zeta[2^\[FormalK], 3/4]))^2^(-1 - \[FormalK]), {\[FormalK], 1, Infinity}]/Sqrt[2]
595	analog of the Mertens constant B_2 in the asymptotic series for the variance of the number of prime factors Omega	none	64	not found	8	EULER, ARCSINH, COS, INV, ONE, PLUS, COS, SINH	5.447e-11	83931	0	2250.6	10.3	
596	binary Liouville number	special	64	not found	8	NINE, SIN, ARCSIN, GAMMA, LOG, TANH, SIN, SQRT	8.088e-10	168754	0	2256.8	9.1	Sum[1/2^(n!), {n, Infinity}]
597	-x, where x is the negative solution to the equation 2^x = x^2	none	64	not found	8	EIGHT, TWO, TANH, ARCSINH, SQRT, SINH, SUBTRACT, TAN	7.665e-11	83141	0	2249.8	10.1	
598	Sum_{k>1} 1/(k*(k-1)*zeta(k)), a constant related to Niven's constant	none	64	not found	8	EIGHT, LOG, ARCTAN, GAMMA, SQR, ARCTANH, INV, SINH	3.530e-10	81437	0	2255.7	9.5	
599	C = 2^(1/3)*e^(1/4)/A^3, a constant associated with the Gaudin-Mehta probability distribution and the Glaisher-Kinkelin 	special	64	not found	8	EIGHT, ARCTAN, SQRT, ARCCOSH, THREE, SIN, SIN, PLUS	8.294e-11	83285	0	2257.7	10.1	2^(1/3)*E^(1/4)/Glaisher^3
600	trace of the Ruelle-Mayer linear operator G_2	none	64	not found	8	PI, TANH, SEVEN, TAN, ARCSIN, ARCCOSH, SUBTRACT, TAN	7.606e-11	101348	0	2256.3	10.1	
601	Sum_{p prime} 1/(p*(p-1))	none	64	not found	8	TWO, LOG, INV, SINH, INV, ARCTANH, COS, ARCSINH	8.341e-12	90883	0	2268.4	11.1	
602	Flajolet-Martin constant	special	64	not found	8	GOLDENRATIO, SIN, GOLDENRATIO, ARCSINH, SIN, TAN, DIVIDE, SINH	6.595e-11	89238	0	2276.2	10.2	(E^EulerGamma*Product[(1 + 1/(2*\[FormalK]))^(-1)^Mod[DigitCount[\[FormalK], 2, 1], 2], {\[FormalK], 1, Infinity}])/Sqrt[2]
603	Pi*G - 7*zeta(3)/4, where G = A006752	special	64	not found	8	PI, LOG, EULER, DIVIDE, SINH, FIVE, TIMES, LOG	4.160e-10	86340	0	2271.2	9.4	Pi Catalan-7Zeta[3]/4
604	lambda_3, an analog of the Stolarsky-Harborth constant for the number of elements not divisible by 3 in Pascal's triangl	none	64	not found	8	PI, ARCSINH, LOG, SQRT, INV, ARCTAN, SINH, TANH	2.525e-10	88405	0	2252.1	9.6	
605	strongly carefree product constant	special	64	not found	8	EULER, SIN, TAN, ARCTANH, ARCTAN, SIN, SQRT, ARCTANH	6.345e-11	100683	0	2256.7	10.2	Product[1 - (1 + Prime[\[FormalK]])^(-2), {\[FormalK], 1, Infinity}]
606	Bender r constant	none	51	not found	7	SIX, TANH, EXP, ARCCOSH, LOG, LOG, COS	3.502e-10	86775	0	2262.2	9.5	
607	hypercube line-picking constant	special	64	not found	8	NEG, EXP, ARCSINH, SEVEN, LOG, TIMES, TANH, SQRT	1.004e-10	90789	0	2255.1	10.0	(-644 + 1344*Catalan + 3744*ArcCsch[Sqrt[2]] + 270*ArcSinh[1] - 3024*Im[PolyLog[2, I*(3 - 2*Sqrt[2])]] + 1773*Log[3] + 84*(PolyGamma[1, 1/12] + PolyGamma[1, 5/12]) + (6048*I)*(PolyLog[2, (1/2 - I/2)*(-2 + Sqrt[2])] - PolyLog[2, (1/2 + I/2)*(-2 + Sqrt[2])]) + (6048*I)*(PolyLog[2, I*(1 - Sqrt[2])] - PolyLog[2, I*(-1 + Sqrt[2])]) + 438*Sqrt[2] - 2448*ArcCot[2*Sqrt[2]]*Sqrt[2] - 189*(PolyGamma[1, 1/8] + PolyGamma[1, 3/8])*Sqrt[2] + 12*Pi*(-16 + 7*Pi*(-8 + 9*Sqrt[2])) + 288*Sqrt[3])/3780
608	6/(Pi^2 A086724)	none	64	not found	8	TWO, PI, ARCTAN, COS, TANH, SUBTRACT, ARCTAN, TANH	2.985e-11	96278	0	2254.6	10.5	
609	log10(6)	elementary	64	exact	7	SIX, LOG, NINE, ONE, PLUS, LOG, DIVIDE	1.110e-16	3202	0	71.3	64.0	Log[10, 6]
610	Purdom-Williams constant, a constant related to the Golomb-Dickman constant and to the asymptotic evaluation of the expe	none	64	not found	8	GOLDENRATIO, SIN, EXP, ARCSINH, ARCCOSH, TANH, TANH, COS	1.594e-10	105320	0	2254.8	9.8	
611	first Bernoulli sophomore dream constant	special	64	not found	8	NINE, ARCTAN, EULER, POWER, TWO, DIVIDE, ARCCOSH, ARCSINH	6.551e-11	108960	0	2254.1	10.2	-Sum[(-\[FormalK])^(-\[FormalK]), {\[FormalK], 1, Infinity}]
612	(sqrt(3) + sqrt(5) + 2*sqrt(6))/(8*sqrt(2))	algebraic	64	not found	8	SIX, ARCCOSH, EIGHT, LOG, DIVIDE, EXP, ARCTAN, INV	1.004e-10	106398	0	2250.9	10.0	(Sqrt[3]+Sqrt[5]+2Sqrt[6])/(8Sqrt[2])
613	(3*sqrt(3)+sqrt(7))/10	algebraic	64	not found	8	FIVE, EULER, PI, POWER, SIN, DIVIDE, SIN, SINH	2.454e-10	108732	0	2258.0	9.6	(3*Sqrt[3]+Sqrt[7])/10
614	Integral_{x = 0 to oo} Product_{m=1..oo} cos(x/m) dx	none	39	not found	8	GOLDENRATIO, SINH, SIN, TANH, ARCCOS, FIVE, SUBTRACT, SIN	2.615e-11	708290	0	2323.7	10.6	
615	pi/4	elementary	64	exact	2	ONE, ARCTAN	0.000e+00	1	0	0.2	64.0	Pi/4
616	Lüroth constant	special	64	not found	8	GOLDENRATIO, SIN, ARCSINH, FIVE, TAN, POWER, GAMMA, SQR	5.836e-11	93618	0	2257.6	10.2	Sum[Log[\[FormalK]/(-1 + \[FormalK])]/\[FormalK], {\[FormalK], 2, Infinity}]
617	asymptotic constant eta for counts of weakly binary trees	none	64	not found	8	PI, EIGHT, SINH, ARCCOSH, ARCTAN, LOG, DIVIDE, SIN	9.284e-11	114810	0	2258.0	10.0	
618	Lal's constant: the Hardy-Littlewood constant for A217795	none	64	not found	8	GOLDENRATIO, ARCCOSH, ARCCOSH, ARCSINH, SQR, SQR, EXP, ARCTAN	3.976e-10	87583	0	2250.2	9.4	
619	Kolakoski constant	none	64	not found	8	EIGHT, SQR, SIN, GAMMA, GAMMA, ARCTAN, ARCSIN, ARCSINH	8.004e-10	87813	0	2253.4	9.1	
620	root two div pi	elementary	64	exact	4	ONE, ARCSIN, SQRT, INV	0.000e+00	3	0	0.3	64.0	Sqrt[2/Pi]
621	log 2π	elementary	64	not found	8	NINE, FIVE, ARCSINH, LOG, SUBTRACT, ARCTAN, GAMMA, ARCSINH	3.517e-11	110233	0	2272.8	10.5	Log10[2*Pi]
622	Product_{n>1} (1 - 1/n^2)^(1/n)	none	64	not found	8	SIX, PI, EULER, PLUS, ARCCOSH, DIVIDE, LOG, SQR	1.978e-10	94112	0	2259.7	9.7	
624	unique real solution of the equation Ei(x)-gamma-log(x) = 1, where Ei is the exponential integral function and gamma the	none	64	not found	8	FIVE, TANH, TANH, PI, PLUS, SINH, COS, SIN	1.607e-10	87645	0	2255.5	9.8	
625	disk half-area offset constant	special	64	not found	8	NINE, TANH, EULER, ARCTAN, SUBTRACT, SIN, ARCTAN, EXP	1.333e-11	121849	0	2270.7	10.9	Root[{Pi - 4*ArcCos[#1/2] + #1*Sqrt[4 - #1^2] & , 0.8079455065990344186379234801330000000000000000000000000001`29.907382069955993}]
626	Solomon parking constant	special	64	not found	8	PI, TANH, GOLDENRATIO, PLUS, ONE, SIN, POWER, LOG	9.804e-11	94423	0	2253.5	10.0	Integrate[(1 + 2*\[FormalX])*Exp[-2*(-1 + \[FormalX] + Exp[-\[FormalX]])]*Exp[-2*(EulerGamma - ExpIntegralEi[-\[FormalX]] + Log[\[FormalX]])], {\[FormalX], 0, Infinity}]
627	Alladi-Grinstead constant	special	64	not found	8	FIVE, ARCTAN, INV, ARCSIN, TWO, TANH, INV, POWER	3.223e-10	91239	0	2256.9	9.5	Exp[-1 - Sum[Log[1 - \[FormalK]^(-1)]/\[FormalK], {\[FormalK], 2, Infinity}]]
628	product_{n>=1} (n/(n+1))^((-1)^t(n-1)), a probabilistic counting constant, where t(n) = A010060(n) is the Thue-Morse seq	none	64	not found	8	TWO, TANH, ARCSIN, GAMMA, ARCCOS, COSH, INV, ARCSINH	2.487e-11	85873	0	2256.4	10.6	
629	'mu', a Young-Fejér-Jackson constant linked to the positivity of certain sine sums	none	64	not found	8	EULER, PI, DIVIDE, ARCCOS, THREE, INV, ARCTAN, POWER	3.619e-11	105244	0	2254.7	10.4	
630	(1 + sqrt(6))/(3*sqrt(2))	algebraic	64	exact	8	TWO, SQRT, SIX, DIVIDE, THREE, INV, SQRT, PLUS	0.000e+00	95539	0	2248.3	64.0	(1+Sqrt[6])/(3Sqrt[2])
631	1/Gamma(3/4)	special	64	exact	5	TWO, LOG, SINH, GAMMA, INV	2.220e-16	6	0	0.7	64.0	1/Gamma[3/4]
632	sum_{n>=0} 1/2^(2^n)	special	64	not found	8	TWO, COS, GOLDENRATIO, PLUS, ARCTAN, NEG, COSH, POWER	2.538e-11	105388	0	2263.8	10.6	Sum[1/2^(2^n), {n, 0, Infinity}]
633	a2, the second of two constants associated with Djokovic's conjecture on an integral inequality	none	64	not found	8	GOLDENRATIO, GAMMA, TANH, ARCSINH, ARCTANH, SQR, SINH, TAN	9.282e-10	92467	0	2264.3	9.0	
634	First Nielsen-Ramanujan constant	elementary	64	exact	5	NEG, ARCSIN, SQR, THREE, DIVIDE	0.000e+00	8	0	0.9	64.0	Pi^2/12
635	Sierpiński constant	special	64	not found	8	TWO, SQRT, COSH, SQRT, COSH, INV, COS, SQR	5.392e-10	87324	0	2260.3	9.3	2*EulerGamma + 2*Log[2] + 3*Log[Pi] - 4*Log[Gamma[1/4]]
636	sigma_3, a Turán's Power Sum Constant	none	64	not found	8	THREE, TANH, COS, THREE, COSH, SIN, DIVIDE, SQR	4.774e-10	97070	0	2261.0	9.3	
637	Prouhet-Thue-Morse constant	special	64	not found	8	SIX, EXP, ARCSINH, EXP, ARCTAN, GOLDENRATIO, DIVIDE, SIN	2.000e-10	103466	0	2256.9	9.7	1 - Product[(-1 + 2^2^\[FormalK])/2^2^\[FormalK], {\[FormalK], 0, Infinity}]/2
638	Pi/8 + sqrt(3)/4	elementary	64	exact	7	ONE, ARCSIN, THREE, SQRT, PLUS, FOUR, DIVIDE	0.000e+00	7823	0	72.0	64.0	Pi/8+Sqrt[3]/4
639	asymptotic efficiency constant	elementary	64	exact	7	THREE, PI, DIVIDE, TWO, ARCCOSH, TANH, TIMES	0.000e+00	3247	0	71.8	64.0	(3*Sqrt[3])/(2*Pi)
640	1/zeta(3)	special	64	not found	8	FOUR, EIGHT, TAN, DIVIDE, COS, NINE, TANH, DIVIDE	3.281e-10	103958	0	2256.4	9.5	1/Zeta[3]
641	Rosser's constant	none	64	not found	8	PI, SQRT, FIVE, EULER, DIVIDE, SINH, GAMMA, DIVIDE	3.028e-10	100604	0	2255.3	9.5	
642	Gauss's constant	special	64	not found	8	THREE, SINH, NINE, SUBTRACT, GAMMA, SQRT, TANH, SINH	9.552e-11	135881	0	2267.9	10.0	ArithmeticGeometricMean[1, Sqrt[2]]^(-1)
643	Baker constant	elementary	64	not found	8	FOUR, ARCSINH, PI, SINH, PLUS, LOG, TANH, SIN	5.911e-10	105867	0	2256.2	9.2	(Log[2] + Pi/Sqrt[3])/3
645	Shepp's constant 'alpha', an optimal stopping constant associated with the case of a zero mean and unit variance distrib	none	64	not found	8	EIGHT, EIGHT, ARCSINH, SQRT, POWER, ARCSINH, COSH, COS	5.122e-11	114091	0	2262.4	10.3	
646	2*G/(Pi*log(2)), a constant appearing in the average root bifurcation ratio of binary trees, where G is Catalan's consta	special	64	not found	8	FIVE, SIN, COSH, GOLDENRATIO, COS, SUBTRACT, SIN, SIN	1.040e-12	333838	0	2276.0	12.0	2 Catalan/(Pi*Log[2])
647	sin one	elementary	64	exact	2	ONE, SIN	0.000e+00	1	0	0.1	64.0	Sin[1]
648	reciprocal of the Khinchin-Lévy constant	elementary	64	exact	6	EIGHT, LOG, NEG, ARCSIN, SQR, DIVIDE	0.000e+00	118	0	2.7	64.0	(12*Log[2])/Pi^2
650	log10(7)	elementary	64	exact	7	SEVEN, LOG, SEVEN, THREE, PLUS, LOG, DIVIDE	1.110e-16	4769	0	70.8	64.0	Log[10, 7]
651	3/(2*sqrt(Pi))	elementary	64	exact	6	NINE, FOUR, DIVIDE, PI, DIVIDE, SQRT	0.000e+00	164	0	2.7	64.0	3/(2*Sqrt[Pi])
652	ubiquitous constant	special	64	exact	8	TWO, LOG, SINH, GAMMA, SQR, PI, SQRT, DIVIDE	2.220e-16	122522	0	2266.6	64.0	(2*Pi^(3/2))/Gamma[1/4]^2
653	Regular paperfolding sequence	special	64	not found	8	TWO, SQRT, SIX, LOG, SEVEN, TAN, POWER, DIVIDE	1.645e-10	104260	0	2257.3	9.8	Sum[8^2^n/(-1 + 2^2^(2 + n)), {n, 0, Infinity}]
654	maximal quantum success probability of the CHSH game	algebraic	64	exact	5	PI, EIGHT, DIVIDE, COS, SQR	0.000e+00	10	0	0.9	64.0	Cos[Pi/8]^2
655	1/(2*K^2) = Product_(p prime congruent to 3 modulo 4) (1 - 1/p^2), where K is the Landau-Ramanujan constant	none	64	not found	8	GOLDENRATIO, SEVEN, SQRT, DIVIDE, COS, TAN, GAMMA, ARCSINH	9.320e-12	100271	0	2259.4	11.0	
656	rank-3 Artin constant	special	64	not found	8	FIVE, THREE, POWER, INV, GOLDENRATIO, PLUS, TANH, SQR	3.056e-10	97492	0	2256.8	9.5	Product[1 - 1/((-1 + Prime[\[FormalK]])*Prime[\[FormalK]]^3), {\[FormalK], 1, Infinity}]
657	four minus pi	elementary	64	exact	3	FOUR, TAN, ARCTAN	0.000e+00	2	0	0.2	64.0	4 - Pi
658	Champernowne base-2 constant	special	64	not found	8	FIVE, SQR, SQR, SIX, TIMES, SQR, SIN, ARCCOS	3.519e-11	116108	0	2251.0	10.5	ChampernowneNumber[2]
659	Steiner ratio of the Euclidean plane	algebraic	64	exact	3	TWO, ARCCOSH, TANH	0.000e+00	1	0	0.2	64.0	Sqrt[3]/2
660	log(4 - phi), where phi = A001622	elementary	64	exact	4	FOUR, GOLDENRATIO, SUBTRACT, LOG	0.000e+00	4	0	0.2	64.0	Log[4-GoldenRatio]
661	log e^2	elementary	64	exact	5	THREE, ARCSINH, COSH, LOG, INV	1.110e-16	4	0	0.3	64.0	Log10[E^2]
662	sqrt(Pi)/(2K)*exp(-gamma/2) where K is the Landau-Ramanujan constant and gamma the Euler-Mascheroni constant	none	64	not found	8	SEVEN, SIN, TAN, ARCCOS, NINE, ARCTAN, LOG, POWER	1.074e-09	117040	0	2265.0	9.0	
663	square edge line-picking constant	elementary	64	not found	8	SEVEN, COSH, SIN, SINH, TWO, ARCTAN, DIVIDE, SIN	2.032e-10	105642	0	2261.2	9.7	(2 + 5*Log[1 + Sqrt[2]] + Sqrt[2])/9
664	integral_{0..infinity} exp(-x^2)*log(x) dx	special	64	not found	8	SIX, EXP, ARCTAN, LOG, GAMMA, TWO, DIVIDE, ARCSINH	9.387e-11	195118	0	2263.8	10.0	-(-(1/4)*Sqrt[Pi]*( EulerGamma + 2*Log[2]))
666	product_{n>=1} (2n/(2n+1))^((-1)^t(n-1)), a probabilistic counting constant, where t(n) = A010060(n) is the Thue-Morse s	none	64	not found	8	FIVE, FOUR, GOLDENRATIO, SUBTRACT, POWER, SIN, ARCSINH, TAN	1.805e-11	103980	0	2248.8	10.7	
667	total area of Ford circles	special	64	not found	8	GOLDENRATIO, INV, EXP, COS, COS, ARCTANH, INV, COS	3.415e-10	106442	0	2266.8	9.5	(45*Zeta[3])/(2*Pi^3)
668	(5/18)*Pi	elementary	64	exact	6	ONE, ARCSIN, NINE, DIVIDE, FIVE, TIMES	0.000e+00	220	0	3.3	64.0	5Pi/18
669	a constant related to the asymptotic counting function of numbers of the form x^2 + 2*y^2 (A002479)	none	64	not found	8	FIVE, TANH, COS, ARCTAN, COS, GOLDENRATIO, ARCCOSH, POWER	9.314e-11	106040	0	2259.4	10.0	
670	Integral_{x=0..Pi/2} sin(x)^(3/2) dx	special	64	not found	8	EULER, SEVEN, LOG, SIN, SQR, DIVIDE, LOG, INV	9.533e-11	118320	0	2253.8	10.0	1/3*Sqrt[2]*EllipticK[1/2]
671	sqrt(2)/phi, where phi = (1+sqrt(5))/2	algebraic	64	exact	4	TWO, SQRT, GOLDENRATIO, DIVIDE	0.000e+00	2	0	0.2	64.0	Sqrt[2]/GoldenRatio
672	sum of reciprocal perfect powers (excluding 1)	none	64	not found	8	SIX, INV, COSH, LOG, FOUR, ARCCOSH, PLUS, SIN	3.002e-10	106252	0	2261.1	9.5	
673	average length of a line segment picked at random in a unit 5-cube	none	64	not found	8	SIX, EIGHT, COS, ARCTAN, SINH, TAN, POWER, ARCSIN	1.095e-10	111110	0	2256.1	10.0	
674	an Ising constant related to the triangular lattice	none	64	not found	8	THREE, TANH, SQR, INV, SINH, INV, COSH, TANH	1.120e-10	135578	0	2271.4	10.0	
675	quadratic class number constant	special	64	not found	8	PI, SEVEN, SUBTRACT, GAMMA, SQR, SQR, COSH, ARCSINH	6.636e-11	172403	0	2265.2	10.2	Product[1 - 1/(Prime[\[FormalK]]^2*(1 + Prime[\[FormalK]])), {\[FormalK], 1, Infinity}]
676	positive minimum of the gamma function	special	64	false positive	7	FIVE, SINH, SIX, SUBTRACT, COS, GAMMA, GAMMA	1.554e-15	77938	0	78.5	14.8	Gamma[Root[{PolyGamma[0, #1] & , 1.46163214496836234126265954233`29.164838085677864}]]
677	sqrt(Pi)/2	elementary	64	exact	3	ONE, ARCTAN, SQRT	1.110e-16	1	0	0.1	64.0	Sqrt[Pi]/2
678	exp(gamma)/2	special	64	not found	8	NEG, ARCSINH, SEVEN, SUBTRACT, GAMMA, INV, ARCTAN, GAMMA	3.713e-13	461659	0	2299.9	12.4	E^EulerGamma/2
679	reciprocal sum of integer powers constant	special	64	not found	8	SEVEN, TAN, TWO, COSH, POWER, TAN, GAMMA, GAMMA	7.465e-12	147878	0	2272.8	11.1	Sum[-1 + Zeta[Prime[\[FormalK]]], {\[FormalK], 1, Infinity}]
680	Gamma(4/3)	special	64	exact	4	THREE, LOG, SINH, GAMMA	1.110e-16	4	0	0.6	64.0	Gamma[4/3]
681	Product_{p prime, p == 1 (mod 4)} (1 - 2/p^2)	none	64	not found	8	GOLDENRATIO, EIGHT, ARCSINH, LOG, SQRT, TANH, POWER, TANH	1.648e-10	226370	0	2265.6	9.8	
682	'delta', a constant arising in the asymptotics of the regularized product of the Fibonacci numbers	none	64	not found	8	SEVEN, COS, ARCTANH, INV, COS, ARCTANH, ARCSIN, ARCCOS	2.351e-10	226222	0	2279.6	9.6	
683	Gamma(5/3)	special	64	exact	4	THREE, LOG, COSH, GAMMA	0.000e+00	2	0	0.2	64.0	Gamma[5/3]
684	log10(8)	elementary	64	exact	7	EIGHT, LOG, SEVEN, THREE, PLUS, LOG, DIVIDE	1.110e-16	5710	0	70.9	64.0	Log[10, 8]
685	disk line-picking constant	elementary	64	not found	8	SIX, ARCSINH, ARCTAN, GOLDENRATIO, SQRT, PLUS, EULER, DIVIDE	1.739e-10	123502	0	2256.0	9.8	128/(45*Pi)
686	Gamma(5/4)	special	64	exact	4	TWO, LOG, COSH, GAMMA	0.000e+00	2	0	0.3	64.0	Gamma[5/4]
687	densest planar packing of circles constant	elementary	64	exact	5	ONE, ARCSIN, THREE, SQRT, DIVIDE	0.000e+00	5	0	0.3	64.0	Pi/(2*Sqrt[3])
688	value of x such that K(x) = 2E(x)	none	64	not found	8	FOUR, PI, TANH, LOG, TANH, SUBTRACT, SQRT, SIN	3.877e-11	135098	0	2257.8	10.4	
689	(sqrt(Pi)/(2^(1/4)*Gamma(5/8)*Gamma(7/8)))^2	special	64	not found	8	PI, COSH, FOUR, TANH, COS, POWER, ARCCOSH, SIN	1.151e-10	144641	0	2259.0	9.9	(Pi/Sqrt[2])*(1/(Gamma[5/8]*Gamma[7/8]))^2
690	(1 + sqrt(3))/3	algebraic	64	exact	6	THREE, SQRT, ONE, PLUS, THREE, DIVIDE	0.000e+00	194	0	2.7	64.0	(1+Sqrt[3])/3
691	Catalan's constant	special	64	not found	8	ONE, ARCTAN, SINH, GOLDENRATIO, COSH, COS, SUBTRACT, GAMMA	1.016e-11	138370	0	2276.4	11.0	Catalan
692	log root two pi	elementary	64	exact	5	PI, TWO, TIMES, SQRT, LOG	1.110e-16	30	0	0.5	64.0	Log[Sqrt[2*Pi]]
693	Gamma(7/4)	special	64	exact	4	SEVEN, FOUR, DIVIDE, GAMMA	0.000e+00	1	0	0.3	64.0	Gamma[7/4]
694	position of the positive real maximum of Dawson's integral D_+(x)	none	64	not found	8	FOUR, LOG, SQR, COSH, SINH, TAN, GAMMA, GAMMA	1.883e-11	225698	0	2262.6	10.7	
695	cube face line-picking constant	elementary	64	not found	8	GOLDENRATIO, SQRT, TANH, ARCSINH, ARCCOS, TANH, COS, SINH	2.978e-10	122657	0	2265.1	9.5	(4 - 7*Pi + 21*Log[1 + Sqrt[2]] + 42*Log[2 + Sqrt[3]] + 17*Sqrt[2] - 6*Sqrt[3])/75
696	Product_{n>=1} (1 - 1/(4n+1)^2)	special	64	not found	8	SEVEN, INV, SQRT, COSH, FIVE, SQRT, POWER, GAMMA	2.141e-10	130159	0	2263.3	9.7	Product[1 - 1/(4 n + 1)^2, {n, 1, Infinity}]
697	an Ising constant related to the random coloring problem	special	64	not found	8	EIGHT, INV, COS, EIGHT, ARCSINH, TIMES, SIN, COS	6.552e-11	135380	0	2263.1	10.2	Log[2]/2 + 2*Catalan/Pi
698	rank-4 Artin constant	special	64	not found	8	EIGHT, COS, INV, COS, SQR, ARCSIN, ARCSIN, SQRT	1.651e-10	138752	0	2251.5	9.8	Product[1 - 1/((-1 + Prime[\[FormalK]])*Prime[\[FormalK]]^4), {\[FormalK], 1, Infinity}]
699	-zeta'(2) (the first derivative of the zeta function at 2)	none	64	not found	8	THREE, EXP, EIGHT, SUBTRACT, ARCSINH, SQR, ARCTAN, ARCCOSH	1.524e-10	138809	0	2253.6	9.8	
700	(4K/Pi)^2 where K is the Landau-Ramanujan constant	none	64	not found	8	GOLDENRATIO, GAMMA, SIX, SUBTRACT, SIN, TWO, LOG, POWER	2.400e-10	150045	0	2272.6	9.6	
701	Pi*(1+sqrt(2))/8	elementary	64	exact	7	ONE, ARCSINH, EXP, EIGHT, DIVIDE, PI, TIMES	0.000e+00	6626	0	72.0	64.0	Pi*(1+Sqrt[2])/8
702	log10(9)	elementary	64	exact	7	THREE, LOG, THREE, ARCSINH, COSH, LOG, DIVIDE	0.000e+00	4546	0	72.0	64.0	Log[10, 9]
703	3/π	elementary	64	exact	3	THREE, PI, DIVIDE	0.000e+00	1	0	0.4	64.0	3/Pi
704	Magic angle	elementary	64	exact	3	TWO, SQRT, ARCTAN	0.000e+00	1	0	0.4	64.0	ArcCos[1/Sqrt[3]]
705	(log(2) + Pi)/4	elementary	64	exact	6	TWO, LOG, PI, PLUS, FOUR, DIVIDE	0.000e+00	239	0	3.2	64.0	(Log[2]+Pi)/4
706	a limit associated with the asymptotic number of ways of writing a number as a sum of powers of 2, with each power used 	elementary	64	not found	8	PI, SQRT, GAMMA, TANH, EXP, ARCCOSH, ARCSINH, ARCSINH	1.330e-10	158331	0	2261.1	9.9	3^(Log[GoldenRatio]/Log[2]) / Sqrt[5]
707	a constant related to the asymptotic expansion of the Lebesgue constant corresponding to the n-th Chebyshev polynomial	special	64	not found	8	SEVEN, INV, GAMMA, SIX, COS, DIVIDE, ARCSINH, LOG	5.156e-11	162831	0	2272.1	10.3	2/Pi*(3*Log[2] - Log[Pi] + EulerGamma)
708	L(3, chi4), where L(s, chi4) is the Dirichlet L-function for the non-principal character modulo 4	elementary	64	exact	6	ONE, ARCTAN, THREE, POWER, TWO, TIMES	1.110e-16	291	0	2.9	64.0	Pi^3/32
709	Lochs constant	elementary	64	not found	8	NINE, TAN, EXP, ARCSIN, ARCCOS, ARCSINH, EXP, TANH	2.914e-11	180734	0	2255.0	10.5	6*Log[2]*Log[10]/Pi^2
710	4*K/Pi, a constant appearing in the asymptotic evaluation of the number of non-hypotenuse numbers not exceeding a given 	none	64	not found	8	TWO, SINH, GAMMA, TANH, GAMMA, EXP, COSH, SIN	8.183e-11	167620	0	2252.7	10.1	
711	log 3π	elementary	64	not found	8	FIVE, TANH, EXP, COS, ARCSINH, SIX, LOG, PLUS	1.227e-10	192215	0	2264.6	9.9	Log10[3*Pi]
712	Elbert constant	special	64	not found	8	GOLDENRATIO, ARCCOSH, TWO, SQRT, POWER, SIN, SIN, TAN	4.084e-12	182903	0	2272.5	11.4	ConditionalExpression[Extension`ElbertConstant == 1 + E^\[FormalU] - (\[FormalV]*E^\[FormalU])/2 + E^(\[FormalU] + \[FormalV]/2) - E^\[FormalV], E^\[FormalU] + 2*E^(\[FormalU] + \[FormalV]/2) + E^(\[FormalV]/2) + E^(\[FormalU] + \[FormalV]) == 2*E^\[FormalV] + E^((3*\[FormalV])/2) && 1 + (1 + \[FormalU] - \[FormalV])*E^\[FormalU] + 2*E^(\[FormalU] + \[FormalV]/2) == 2*E^\[FormalV] && -1/3 < \[FormalU] < 0 && 1/3 < \[FormalV] < 1]
713	4*sqrt(2) - 6*sqrt(6)/Pi	elementary	64	not found	8	SIX, SQR, ARCSINH, EIGHT, DIVIDE, TAN, COS, ARCSIN	1.262e-10	199580	0	2261.2	9.9	4Sqrt[2]-6Sqrt[6]/Pi
714	generalized Glaisher-Kinkelin constant A(3)	special	64	not found	8	FIVE, GAMMA, ARCSINH, ARCSINH, SEVEN, SUBTRACT, INV, COS	1.356e-11	185596	0	2264.5	10.9	Exp[-11/720 - Zeta'[-3]]
715	a parking constant related to the asymptotic expected number of cars, assuming random car lengths	none	64	not found	8	EIGHT, SIN, FOUR, FOUR, INV, ARCTANH, POWER, POWER	1.895e-10	229093	0	2283.6	9.7	
716	a constant related to the asymptotic evaluation of Product_{p prime congruent to 3 modulo 4} (1 + 1/p)	none	64	not found	8	TWO, COS, SINH, TANH, ARCSIN, SQR, SIN, COS	1.704e-12	234439	0	2269.3	11.8	
717	ln(Gamma(1/3))	special	64	exact	4	THREE, INV, GAMMA, LOG	2.220e-16	2	0	0.3	64.0	LogGamma[1/3]
718	Reuleaux triangle square cutting fraction	elementary	64	not found	8	FOUR, ARCSINH, SQRT, TAN, ARCSINH, SIN, GAMMA, TANH	8.091e-11	252680	0	2264.9	10.1	-3 + Pi/6 + 2*Sqrt[3]
719	logarithm of Khinchin constant	special	64	not found	8	SIX, COS, ARCCOS, ARCTANH, GAMMA, SIN, ARCCOS, ARCTAN	4.424e-11	247091	0	2282.8	10.4	Log[Khinchin]
720	phi(0), an auxiliary constant associated with Shapiro's cyclic sum constant lambda	none	64	not found	8	FOUR, ARCCOSH, INV, SIN, COSH, ARCSINH, EXP, TANH	2.715e-11	272818	0	2274.8	10.6	
721	Asymptotic behavior of Lebesgue constants	special	64	not found	8	EULER, ARCCOSH, EULER, TANH, SIN, SUBTRACT, ARCTANH, ARCSINH	1.111e-11	437707	0	2289.0	11.0	(-4*PolyGamma[0, 1/2])/Pi^2 + (8*Sum[Log[k]/(-1 + 4*k^2), {k, 1, Infinity}])/Pi^2
722	generalized Glaisher-Kinkelin constant A(4)	special	64	not found	8	NINE, SIN, NEG, EULER, SUBTRACT, POWER, ARCTAN, ARCCOSH	8.934e-11	327343	0	2282.0	10.0	Exp[-3*Zeta[5]/(4*Pi^4)]
723	log π^2	elementary	64	exact	7	PI, LOG, THREE, ARCSINH, COSH, LOG, DIVIDE	1.110e-16	12217	0	72.0	64.0	Log10[Pi^2]
724	Ramanujan's first continued fraction constant	elementary	64	false positive	8	TWO, TWO, PI, TANH, LOG, TANH, SUBTRACT, DIVIDE	2.220e-16	704267	0	2343.8	16.4	Exp[(2*Pi)/5]*(-GoldenRatio + Sqrt[GoldenRatio*Sqrt[5]])
725	One	rational	64	exact	1	ONE	0.000e+00	1	0	0.2	64.0	1
726	'nu', a coefficient related to the variance for searching corresponding to patricia tries	none	64	false positive	6	GOLDENRATIO, FOUR, SQR, GAMMA, DIVIDE, EXP	2.220e-16	1268302	0	96.7	16.1	
727	zeta(9)	special	64	not found	8	NEG, COS, COS, INV, EXP, GAMMA, SQRT, ARCTAN	4.749e-11	353276	0	2283.2	10.3	Zeta[9]
728	side of the equilateral triangle that can cover every triangle of perimeter 2	none	64	not found	8	FIVE, ARCTAN, EULER, SIN, PLUS, GAMMA, LOG, COSH	1.776e-12	271918	0	2273.8	11.8	
729	generalized Stirling constant	none	64	not found	8	EULER, ARCSINH, SIN, GAMMA, ONE, TAN, TIMES, ARCTAN	2.173e-10	267408	0	2271.6	9.7	
730	Pi^3/(36*sqrt(3)) + 91*zeta(3)/216	special	64	not found	8	SEVEN, FIVE, SQRT, GAMMA, POWER, ARCCOSH, TANH, GAMMA	2.248e-10	336190	0	2278.0	9.6	Pi^3/(36*Sqrt[3])+91*Zeta[3]/216
731	DeVicci's tesseract constant	algebraic	64	not found	8	THREE, SIN, EXP, FOUR, LOG, PLUS, ARCCOSH, ARCTAN	8.776e-11	205279	0	2325.8	10.1	Root[16 + 16*#1^2 - 7*#1^4 - 28*#1^6 + 4*#1^8 & , 3, 0]
732	zeta(7)	special	64	not found	8	FOUR, INV, ARCSIN, TANH, INV, ARCTAN, ARCCOSH, TAN	6.127e-11	189852	0	2261.8	10.2	Zeta[7]
733	generalized Glaisher-Kinkelin constant A(5)	special	64	not found	8	SEVEN, EIGHT, ARCSINH, ARCCOSH, TANH, SIX, PLUS, DIVIDE	1.272e-10	156990	0	2255.8	9.9	Exp[137/15120-Zeta'[-5]]
734	Pi^3/64 + 7*zeta(3)/16	special	64	not found	8	FIVE, TANH, NEG, COSH, TIMES, ARCCOSH, ARCSIN, ARCCOSH	1.263e-10	155302	0	2265.2	9.9	Pi^3/64+7Zeta[3]/16
735	Gieseking constant	special	64	not found	8	NEG, SIN, EXP, TAN, GAMMA, GAMMA, SQRT, INV	1.171e-10	144412	0	2255.5	9.9	(3*Sqrt[3]*(1 - PolyGamma[1, 2/3]/9 + PolyGamma[1, 4/3]/9))/4
736	h_3, a constant related to certain evaluations of the gamma function from elliptic integrals	special	64	not found	8	EULER, EIGHT, PLUS, ARCTAN, COS, SQR, EXP, SQR	4.347e-11	138067	0	2271.3	10.4	4*EllipticK[4*Sqrt[3]-7]/(Sqrt[2+Sqrt[3]]*Pi)
737	2*Pi^3/(81*sqrt(3)) + 13*zeta(3)/27	special	64	not found	8	FOUR, ARCSINH, SQRT, ARCCOSH, FOUR, PLUS, INV, COSH	4.123e-10	119687	0	2251.7	9.4	2Pi^3/(81Sqrt[3])+13Zeta[3]/27
738	an Ising constant related to the hexagonal lattice	none	64	not found	8	NINE, TANH, TANH, ARCSINH, PI, PLUS, ARCSINH, GAMMA	7.411e-11	118543	0	2251.4	10.1	
739	6*arcsec(sqrt(3))/Pi^(3/2), an extreme value constant	special	64	not found	8	SEVEN, TAN, EXP, SQRT, SINH, INV, COS, SINH	5.041e-10	107574	0	2250.4	9.3	6*ArcSec[Sqrt[3]]/Pi^(3/2)
740	e^pi/pi^e	elementary	64	exact	6	PI, EXP, PI, EULER, POWER, DIVIDE	2.220e-16	191	0	2.7	64.0	E^Pi/Pi^E
741	continued fraction constant (base 10)	elementary	64	not found	8	NINE, SIN, COS, TANH, SQR, ARCCOS, GOLDENRATIO, POWER	1.578e-10	117638	0	2251.4	9.8	Pi^2/(6Log[2]Log[10])
742	generalized Glaisher-Kinkelin constant A(2)	special	64	not found	8	GOLDENRATIO, FIVE, ARCSINH, SUBTRACT, SIN, EXP, ARCCOS, SQR	1.515e-11	120169	0	2252.8	10.8	Exp[Zeta[3]/(4*Pi^2)]
743	generalized hypergeometric function 3F2(1/2,1/2,1/2; 3/2,3/2; x) at x=1/2	special	64	not found	8	SIX, SIN, COSH, SINH, ARCCOSH, ONE, PLUS, ARCTAN	1.597e-10	269245	0	2274.3	9.8	(Pi*Log[2]/4 + Catalan)/Sqrt[2]
744	Hadamard-de la Vallee-Poussin constant	special	64	not found	8	TWO, EULER, NINE, SIN, COSH, POWER, GAMMA, DIVIDE	1.462e-10	129877	0	2272.0	9.8	EulerGamma + Sum[(-1 + Prime[\[FormalK]])^(-1) + Log[1 - Prime[\[FormalK]]^(-1)], {\[FormalK], 1, Infinity}]
745	secant of 15 degrees (cosecant of 75 degrees)	algebraic	64	exact	5	SIX, SQRT, TWO, SQRT, SUBTRACT	2.220e-16	12	0	0.9	63.6	Sec[15 Degree]
746	zeta(5)	special	64	not found	8	GOLDENRATIO, INV, TAN, GOLDENRATIO, SQRT, ARCCOSH, LOG, SUBTRACT	1.264e-10	117203	0	2252.9	9.9	Zeta[5]
747	Landau-Kolmogorov constant C(3,1) for derivatives in the case L_infinity(-infinity, infinity)	none	64	exact	6	NINE, THREE, INV, POWER, TWO, DIVIDE	0.000e+00	196	0	3.3	64.0	
748	log10(11)	elementary	64	not found	8	GOLDENRATIO, ARCCOSH, GOLDENRATIO, THREE, DIVIDE, TAN, TAN, POWER	1.952e-10	101825	0	2247.6	9.7	Log[10, 11]
749	sec(phi), a constant related to the "broadworm" (or "caliper") problem	none	64	not found	8	FOUR, SEVEN, TANH, INV, ARCCOSH, SUBTRACT, ARCSINH, GAMMA	2.880e-11	111621	0	2248.1	10.5	
750	Landau-Kolmogorov constant C(5,1) for derivatives in the case L_infinity(infinity, infinity)	none	64	not found	8	NINE, INV, EXP, SINH, INV, COS, LOG, COSH	2.265e-10	108703	0	2251.6	9.6	
751	li(2) = gamma + log(log(2)) + Sum_{k>=1} log(2)^k / ( k*k! )	special	64	not found	8	NEG, COS, LOG, ARCCOS, SEVEN, TAN, TAN, SUBTRACT	9.690e-11	107033	0	2248.4	10.0	LogIntegral[2]
752	third pi	elementary	64	exact	3	TWO, INV, ARCCOS	0.000e+00	3	0	0.4	64.0	Pi/3
753	asymptotic constant in Goebel's sequence A003504	none	64	not found	8	EIGHT, GOLDENRATIO, EIGHT, DIVIDE, SQRT, ARCTANH, DIVIDE, TAN	3.317e-10	122747	0	2248.8	9.5	
754	Sum_{i>=0} 1/(2*i+1)^3	special	64	not found	8	EULER, SQRT, GAMMA, ARCSINH, EIGHT, SIN, POWER, TAN	1.318e-10	100559	0	2250.2	9.9	7 Zeta[3]/8
755	192*K^2*G/Pi^4 = Product_{p prime congruent to 1 modulo 4} (1 + 1/p^2), where K is the Landau-Ramanujan constant and G C	none	64	not found	8	EIGHT, SIN, SIN, ARCTAN, ARCCOS, GAMMA, SIN, GAMMA	5.828e-11	105268	0	2250.7	10.2	
756	1/2+2/sqrt(13), a constant related to the asymptotic evaluation of the number of self-avoiding rook paths joining opposi	algebraic	64	exact	8	NINE, SIX, DIVIDE, ARCTAN, COS, TWO, INV, PLUS	0.000e+00	111424	0	2248.6	63.5	1/2 + 2/Sqrt[13]
757	an infinite product involving the ratio of n! to its Stirling approximation	special	64	not found	8	PI, GOLDENRATIO, PLUS, LOG, EIGHT, INV, ARCSIN, POWER	3.394e-11	105404	0	2251.4	10.5	Glaisher^3/(2^(7/12)*Pi^(1/4))
758	Twelfth root of 2	algebraic	64	exact	5	TWO, SIX, INV, POWER, SQRT	0.000e+00	26	0	0.5	63.4	2^(1/12)
759	(3/4)*sqrt(2)	algebraic	64	exact	4	THREE, ARCCOSH, TANH, INV	0.000e+00	5	0	0.3	63.3	3 Sqrt[2]/4
760	I, a constant appearing (as I^2) in the asymptotic variance of the area of the convex hull of random points in the unit 	special	64	exact	8	TWO, LOG, SINH, GAMMA, SQR, TWO, SQRT, DIVIDE	0.000e+00	111490	0	2248.2	63.5	Sqrt[2]*Pi^2/Gamma[1/4]^2
761	(8*G - Pi*log(2 + sqrt(3)))/3, where G = A006752	special	64	not found	8	SEVEN, ARCTAN, SQR, COSH, ARCTAN, COSH, SIN, GAMMA	6.492e-11	118729	0	2258.0	10.2	(8Catalan-Pi Log[2+Sqrt[3]])/3
762	(gamma + log(16))/Pi	special	64	not found	8	EULER, SINH, LOG, ARCSINH, EXP, TWO, DIVIDE, GAMMA	8.008e-10	95503	0	2262.5	9.1	(EulerGamma + Log[16])/Pi
763	m_3, the expected number of returns to the origin in a three-dimensional random walk restricted to the region x >= y >= 	none	64	not found	8	NINE, ARCSINH, LOG, ARCSINH, EXP, ARCTAN, SIN, SINH	6.514e-11	96454	0	2247.8	10.2	
764	Sum_{k >= 0} 1/(4*k+1)^2	special	64	not found	8	FOUR, LOG, LOG, SQRT, PI, LOG, ARCCOSH, DIVIDE	7.748e-11	110187	0	2250.8	10.1	Catalan/2 + Pi^2/16
765	expected number of returns to the origin of a random walk on an 8-d lattice	none	64	not found	8	TWO, SQRT, COSH, NEG, COSH, DIVIDE, TANH, GAMMA	1.495e-11	130175	0	2249.7	10.8	
766	beta = 1.07869..., the best constant in Friedrichs' inequality in one dimension	none	64	not found	8	ONE, EULER, GAMMA, SQR, GAMMA, SUBTRACT, ARCCOS, ARCTAN	8.868e-11	155671	0	2250.6	10.1	
767	Landau-Kolmogorov constant C(4,1) for derivatives in the case L_infinity(infinity, infinity)	none	64	exact	8	EIGHT, SIX, GAMMA, SQRT, FIVE, TIMES, SQRT, DIVIDE	0.000e+00	98305	0	2247.7	63.4	
768	c = twice the maximum of Dawson's integral, a constant used in the asymptotic evaluation of the ideal hyperbolic n-cube 	none	64	not found	8	FIVE, SIN, ARCSIN, INV, ARCTANH, TAN, SQR, LOG	2.651e-13	112466	0	2267.5	12.6	
769	zeta(4) = pi^4/90	elementary	64	exact	8	PI, SQR, SQR, SEVEN, GAMMA, DIVIDE, EIGHT, TIMES	0.000e+00	109130	0	2251.2	63.4	Pi^4/90
770	6*exp(gamma)/Pi^2	special	64	not found	7	FIVE, TANH, SQRT, TANH, SINH, SINH, SINH	5.357e-10	108915	0	2251.3	9.3	6*Exp[EulerGamma]/Pi^2
771	Feller α coin-tossing constant	algebraic	64	not found	7	GOLDENRATIO, ARCTAN, SQR, GAMMA, PI, POWER, SINH	6.207e-12	106234	0	2250.7	11.2	(2*(-1 - 2/(17 + 3*Sqrt[33])^(1/3) + (17 + 3*Sqrt[33])^(1/3)))/3
772	1/Gamma(7/4)	special	64	exact	5	SEVEN, FOUR, DIVIDE, GAMMA, INV	0.000e+00	9	0	0.8	63.7	1/Gamma[7/4]
773	Pi*log(2)/2	elementary	64	exact	5	TWO, PI, POWER, SQRT, LOG	0.000e+00	23	0	0.8	63.4	Pi*Log[2]/2
775	1/2+G/Pi, the highest limiting crest of a square wave Fourier series, where G is the Gibbs-Wilbraham constant	none	64	not found	8	NEG, SIN, ARCTAN, SQR, TWO, SIN, SUBTRACT, COSH	2.599e-11	114280	0	2252.3	10.6	
776	expected number of returns to the origin of a random walk on a 7-d lattice	none	64	not found	8	SEVEN, SIN, SQR, TAN, TAN, INV, COS, COSH	8.018e-10	115261	0	2250.0	9.1	
777	Gamma(1/4)^4/(16*Pi^2)	special	64	not found	8	FOUR, TANH, LOG, SIX, PLUS, SINH, COS, GAMMA	2.061e-10	94138	0	2249.4	9.7	Gamma[1/4]^4/(16Pi^2)
778	square root of 6/5	none	64	exact	4	SIX, FIVE, DIVIDE, SQRT	0.000e+00	1	0	0.6	63.4	
779	a 5-dimensional analog of DeVicci's tesseract constant	algebraic	64	exact	5	EIGHT, SQRT, THREE, SQRT, SUBTRACT	2.220e-16	4	0	0.7	63.4	Sqrt[11-4*Sqrt[6]]
781	ln(3)	elementary	64	exact	2	THREE, LOG	0.000e+00	1	0	0.2	63.5	Log[3]
782	Paris constant	special	64	not found	8	TWO, ARCSINH, SQRT, SIN, EIGHT, LOG, POWER, GAMMA	2.488e-10	117939	0	2251.7	9.6	ConditionalExpression[Extension`ParisConstant == Limit[(2*GoldenRatio)^\[FormalN]*(GoldenRatio - Subscript[\[FormalCapitalF], \[FormalN]]), \[FormalN] -> Infinity]/2, Subscript[\[FormalCapitalF], 1] == 1 && Subscript[\[FormalCapitalF], \[FormalN]] == Sqrt[1 + Subscript[\[FormalCapitalF], -1 + \[FormalN]]]]
783	Lengyel constant	special	64	not found	8	GOLDENRATIO, ARCSINH, ARCSINH, COSH, GOLDENRATIO, EXP, INV, POWER	1.978e-11	122210	0	2252.1	10.7	ConditionalExpression[Extension`LengyelConstant == Limit[(2^\[FormalN]*\[FormalN]^(1 + Log[2]/3)*Subscript[\[FormalC], \[FormalN]]*Log[2]^\[FormalN])/\[FormalN]!^2, \[FormalN] -> Infinity], Subscript[\[FormalC], 1] == 1 && Subscript[\[FormalC], \[FormalN]] == Sum[StirlingS2[\[FormalN], \[FormalK]]*Subscript[\[FormalC], \[FormalK]], {\[FormalK], 1, -1 + \[FormalN]}]]
784	log 4π	elementary	64	not found	8	TWO, COS, ARCTANH, ARCSIN, ARCCOS, INV, ARCTAN, ARCCOS	2.111e-10	96719	0	2249.2	9.7	Log10[4*Pi]
785	9*Sum_{k>=1} 1/(10^k-1)	none	64	not found	8	GOLDENRATIO, ARCCOSH, TWO, PLUS, SQRT, ARCTAN, INV, SINH	3.165e-11	100679	0	2250.3	10.5	
786	1/Gamma(5/4)	special	64	exact	5	TWO, LOG, COSH, GAMMA, INV	0.000e+00	8	0	0.8	63.4	1/Gamma[5/4]
788	sqrt(8/Pi)*log(2), a constant related to the asymptotic evaluation of the minimum number of one-dimensional random walks	elementary	64	exact	6	FOUR, LOG, ONE, ARCSIN, SQRT, DIVIDE	0.000e+00	139	0	3.1	64.0	Sqrt[8/Pi]*Log[2]
790	1/Gamma(5/3)	special	64	exact	5	THREE, LOG, COSH, GAMMA, INV	0.000e+00	6	0	0.7	64.0	1/Gamma[5/3]
791	Pi/(2*sqrt(2))	none	64	exact	4	PI, EIGHT, SQRT, DIVIDE	0.000e+00	1	0	0.5	63.6	
792	4*L/(3*Pi), a constant related to the asymptotic evaluation of the number of primes of the form a^2+b^4, where L is Gaus	none	64	not found	8	GOLDENRATIO, SQRT, SIN, SINH, SINH, GAMMA, ARCCOS, COSH	9.204e-10	110179	0	2251.2	9.0	
793	log10(13)	elementary	64	not found	8	EULER, GAMMA, TANH, COS, ARCSIN, SQR, SINH, ARCCOS	7.107e-10	108249	0	2250.7	9.1	Log[10, 13]
794	positive real root of 3*x^4 - x^3 - x^2 - 2, a constant related to quasi-isometric mappings	none	64	not found	8	NEG, EXP, ARCTANH, COS, EULER, POWER, TAN, SQR	1.166e-09	105208	0	2250.8	8.9	
795	Landau-Kolmogorov constant C(5,2) for derivatives in the case L_infinity(infinity, infinity)	none	64	not found	8	PI, EULER, ARCSINH, SQR, LOG, LOG, SUBTRACT, LOG	5.772e-10	100290	0	2250.3	9.2	
796	expected number of returns to the origin of a random walk on a 6-d lattice	none	64	not found	8	TWO, ARCTAN, SQRT, LOG, SQRT, TAN, SQRT, COSH	1.769e-10	98849	0	2250.1	9.8	
797	Goh-Schmutz constant	special	64	not found	8	EULER, COSH, TWO, DIVIDE, SINH, THREE, EXP, DIVIDE	6.308e-10	92360	0	2249.9	9.2	-Sum[(E^\[FormalK]*ExpIntegralEi[-\[FormalK]])/\[FormalK], {\[FormalK], 1, Infinity}]
798	Steinitz constant of the Euclidean plane	algebraic	64	exact	3	GOLDENRATIO, LOG, COSH	0.000e+00	1	0	0.3	63.6	Sqrt[5]/2
799	Landau-Kolmogorov constant C(5,3) for derivatives in the case L_infinity(infinity, infinity)	none	64	not found	8	SIX, GOLDENRATIO, SUBTRACT, SIN, SQR, ARCTAN, GAMMA, SQRT	4.811e-11	99745	0	2250.2	10.3	
800	1/Gamma(4/3)	special	64	exact	5	THREE, LOG, SINH, GAMMA, INV	0.000e+00	13	0	0.4	63.6	1/Gamma[4/3]
801	2*exp(-gamma)	special	64	not found	8	NEG, ARCSINH, SEVEN, SUBTRACT, GAMMA, ARCCOS, GAMMA, INV	1.423e-12	113684	0	2251.0	11.8	2*Exp[-EulerGamma]
802	zeta(7/2)	special	64	not found	8	SEVEN, SIN, TAN, EIGHT, TIMES, ARCTAN, TANH, INV	2.706e-10	95647	0	2250.0	9.6	Zeta[7/2]
803	2/sqrt(pi)	elementary	64	exact	4	ONE, ARCTAN, INV, SQRT	0.000e+00	4	0	0.3	63.4	2/Sqrt[Pi]
805	a coefficient associated with the asymptotics of the average distance between a vertex and the root of a random rooted t	none	64	not found	8	FOUR, EULER, ONE, SUBTRACT, SQR, SUBTRACT, GAMMA, SINH	1.347e-10	89625	0	2261.5	9.9	
806	digital search tree β constant	special	64	not found	8	FOUR, SIN, ARCCOS, EIGHT, SIN, ARCCOS, ARCTAN, POWER	1.338e-10	98273	0	2281.8	9.9	-1 + (Log[2]*QPolyGamma[0, 1, 1/2] + QPolyGamma[1, 1, 1/2])/Log[2]^2
807	extreme value skewness	special	64	not found	8	GOLDENRATIO, GAMMA, EXP, ARCTAN, NEG, ARCSINH, SQR, POWER	2.153e-10	90843	0	2254.3	9.7	12*Sqrt[6]*Zeta[3]/Pi^3
808	a function approximation constant which is the analog of Gibbs's constant 2*G/Pi (A036793) for de la Vallée-Poussin sums	none	64	not found	8	PI, ARCTAN, TWO, SEVEN, ARCSINH, DIVIDE, SQR, POWER	2.113e-10	95492	0	2276.5	9.7	
809	ln(pi)	elementary	64	exact	2	PI, LOG	0.000e+00	1	0	0.3	63.4	Log[Pi]
810	1/sqrt(tanh(1))	elementary	64	exact	4	ONE, TANH, INV, SQRT	0.000e+00	2	0	0.4	63.5	1/Sqrt[Tanh[1]]
811	Goldbach-Vinogradov constant	special	64	not found	8	TWO, EIGHT, SQR, COS, SQRT, ARCSIN, SUBTRACT, SQRT	3.176e-10	109943	0	2266.4	9.5	Product[1 + (-1 + Prime[\[FormalK]])^(-3), {\[FormalK], 1, Infinity}]/2
812	Pi^2/(16*K^2*G) = Product_{p prime congruent to 3 modulo 4} (1 + 1/p^2), where K is the Landau-Ramanujan constant and G 	none	64	not found	8	EULER, NINE, SQR, DIVIDE, FOUR, ARCCOSH, ARCTAN, PLUS	3.507e-10	93621	0	2264.7	9.5	
813	Second Hermite constant	algebraic	64	exact	4	SEVEN, INV, ARCTANH, EXP	0.000e+00	9	0	0.2	64.0	2/Sqrt[3]
814	expected number of returns to the origin of a random walk on a 5-d lattice	none	64	not found	8	FIVE, ARCCOSH, ARCSINH, SQR, LOG, SIN, SINH, INV	6.142e-10	94632	0	2263.3	9.2	
815	cubic recurrence constant	special	64	not found	8	SEVEN, FIVE, COS, SUBTRACT, ARCSINH, LOG, SQR, ARCSIN	3.074e-10	92619	0	2260.9	9.5	Product[\[FormalK]^3^(-\[FormalK]), {\[FormalK], 1, Infinity}]
816	'xiHat', a constant used in the asymptotic evaluation of e.g.f. coefficients for the number of labeled mobiles	none	64	not found	7	TWO, COSH, ARCTAN, TWO, SIN, SUBTRACT, ARCCOS	1.527e-10	93651	0	2269.3	9.8	
817	grazing goat constant	special	64	not found	8	EIGHT, COS, ARCTAN, ARCSIN, ARCTANH, ARCCOS, SIN, SINH	2.793e-10	100006	0	2275.9	9.6	Root[{Pi - 2*ArcCos[1 - #1^2/2] - 2*ArcCos[#1/2]*#1^2 + #1*Sqrt[4 - #1^2] & , 1.158728473018121517828233509934`30.063981678858028}]
818	Given the two curves y = exp(-x) and y = 2/(exp(x) + exp(x/2)), draw a line tangent to both. This sequence is the decima	none	64	not found	8	TWO, TANH, SINH, SEVEN, ARCTAN, ARCTAN, LOG, SUBTRACT	5.046e-11	130232	0	2253.6	10.3	
819	expectation of the maximum of a size 5 sample from a normal (0,1) distribution	special	64	not found	8	SIX, ARCSINH, LOG, SQR, COS, ARCSINH, SQR, ARCCOS	1.457e-10	101386	0	2268.4	9.8	5/Sqrt[Pi] - 15*ArcCsc[Sqrt[3]]/Pi^(3/2)
820	'c', an optimal stopping constant associated with the two choice case	none	64	not found	8	FIVE, ARCCOSH, COS, SQR, ARCTANH, SIX, ARCSINH, TIMES	3.544e-10	101693	0	2254.4	9.5	
821	spanning tree constant of the square lattice	special	64	not found	8	EULER, NEG, SIN, COS, SIN, SUBTRACT, SQRT, ARCSINH	4.144e-11	109894	0	2252.8	10.4	4*Catalan/Pi
822	(5 + 3*sqrt(5))/10	algebraic	64	exact	5	GOLDENRATIO, SQR, FIVE, SQRT, DIVIDE	0.000e+00	13	0	0.4	63.5	(5 + 3 Sqrt[5])/10
823	sinh one	elementary	64	exact	2	ONE, SINH	0.000e+00	1	0	0.1	64.0	Sinh[1]
824	Salem constant	algebraic	64	not found	8	TWO, ARCSINH, ARCCOSH, TWO, ARCCOSH, DIVIDE, ARCTANH, INV	6.417e-11	108123	0	2256.7	10.2	Root[1 + #1 - #1^3 - #1^4 - #1^5 - #1^6 - #1^7 + #1^9 + #1^10 & , 2, 0]
825	root ln four	elementary	64	exact	3	FOUR, LOG, SQRT	0.000e+00	1	0	0.2	63.4	Sqrt[Log[4]]
826	Gibbs constant	special	64	not found	8	FIVE, LOG, FIVE, SIN, FIVE, POWER, SUBTRACT, ARCTAN	7.018e-10	98826	0	2257.1	9.2	(2*SinIntegral[Pi])/Pi
827	Lévy's constant	elementary	64	exact	6	NEG, ARCSIN, SQR, EIGHT, LOG, DIVIDE	0.000e+00	119	0	3.3	63.5	Pi^2/(12*Log[2])
828	Foias constant	none	64	not found	8	SIX, TANH, ARCTAN, NINE, COS, PLUS, COSH, SINH	1.861e-10	98497	0	2255.8	9.7	
829	2^(1/4)	algebraic	64	exact	3	TWO, SQRT, SQRT	0.000e+00	1	0	0.2	63.6	2^(1/4)
830	theta_2, one of the angles associated with the bow-and-arrow configuration used in the 2-arc smallest length problem	none	64	not found	8	TWO, TWO, SIN, GOLDENRATIO, POWER, COS, SQRT, SUBTRACT	2.174e-10	99986	0	2266.2	9.7	
831	arithmetic-geometric mean constant	special	64	not found	8	FIVE, SQR, ARCCOSH, ARCSINH, ARCTAN, INV, SINH, SINH	8.830e-10	90336	0	2295.8	9.1	(2*Pi^(3/2)*Sqrt[2])/Gamma[1/4]^2
832	real fixed point of coth(z)	special	64	not found	8	NINE, LOG, LOG, TANH, ARCSINH, ARCCOS, COSH, SQRT	2.373e-10	116380	0	2325.9	9.6	Root[{-Coth[#1] + #1 & , 1.199678640257733833916369848641`30.079064926502777}]
833	lim_{n->infinity} ((1/log(n)^2)*Product_{2 < p < n, p prime} p/(p-2))	none	64	not found	8	FOUR, INV, TAN, TWO, ARCCOSH, COS, DIVIDE, SINH	1.865e-10	99478	0	2343.4	9.7	
834	sqrt(e^(1/e)) = 1.20194336847031	elementary	64	exact	4	NEG, EXP, EXP, SQRT	0.000e+00	3	0	0.7	63.9	E^(E^-1/2)
835	Apéry's constant	special	64	not found	8	PI, GAMMA, GOLDENRATIO, SINH, SQRT, SEVEN, DIVIDE, POWER	1.111e-10	89419	0	2281.9	10.0	Zeta[3]
836	growth constant in random Fibonacci sequence	algebraic	64	not found	8	TWO, SINH, THREE, SUBTRACT, SQR, TANH, EXP, SQRT	4.415e-11	88653	0	2300.8	10.4	Root[#1^3 + #1^2 - #1 - 2 &, 1]
837	sqrt(A224273)	special	64	not found	8	TWO, SQRT, ARCTAN, ARCTAN, NEG, TAN, POWER, ARCSINH	8.301e-11	95049	0	2257.6	10.1	Sqrt[3] Gamma[1/3]^(3/2)/(2 Pi)
838	2/sqrt(e), a constant appearing in the expression of the asymptotic expected volume V(d) of the convex hull of randomly 	elementary	64	exact	4	FOUR, EULER, DIVIDE, SQRT	0.000e+00	13	0	0.7	63.4	2/Sqrt[E]
839	12/Pi^2	elementary	64	exact	5	THREE, ONE, ARCSIN, SQR, DIVIDE	0.000e+00	5	0	0.8	63.7	12/Pi^2
840	positive real root of x^4 - x - 1	algebraic	64	not found	8	GOLDENRATIO, EXP, EXP, GOLDENRATIO, SUBTRACT, SQRT, ARCTAN, SQRT	1.211e-10	92252	0	2289.6	9.9	Root[#1^4 - #1 - 1 &, 2]
841	Mertens constant C(5,1)	none	64	not found	8	FOUR, COS, COS, LOG, FOUR, SUBTRACT, SIN, TAN	1.021e-11	98309	0	2335.0	11.0	
842	Gamma(3/4)	special	64	exact	4	TWO, LOG, SINH, GAMMA	0.000e+00	3	0	0.3	63.6	Gamma[3/4]
843	Fibonacci factorial constant	special	64	not found	8	NINE, SQR, TWO, SQRT, COS, SUBTRACT, ARCTAN, ARCSINH	1.961e-10	104502	0	2338.8	9.7	QPochhammer[-GoldenRatio^(-2)]
844	log10(17)	elementary	64	not found	8	NINE, PI, THREE, TAN, POWER, NINE, DIVIDE, POWER	2.702e-10	93270	0	2290.4	9.6	Log[10, 17]
845	Second Favard constant	elementary	64	exact	4	PI, SQR, EIGHT, DIVIDE	0.000e+00	1	0	0.6	64.0	Pi^2/8
846	Feller β coin-tossing constant	algebraic	64	not found	8	NINE, TAN, TANH, COSH, EULER, ARCTAN, POWER, SQR	1.298e-10	96730	0	2328.6	9.9	(2 + 4*(17 + 3*Sqrt[33])^(1/3) - (17 + 3*Sqrt[33])^(2/3))/(6 + 9*(17 + 3*Sqrt[33])^(1/3) - 3*(17 + 3*Sqrt[33])^(2/3))
847	expected number of returns to the origin of a random walk on a 4-d lattice	none	64	not found	8	NEG, TANH, TANH, TAN, COSH, ARCTAN, ARCTAN, GAMMA	1.655e-09	82391	0	2344.7	8.8	
848	Bertrand's constant	none	46	not found	8	THREE, ARCCOSH, LOG, TAN, SQR, ARCSIN, THREE, TIMES	2.423e-11	93553	0	2305.6	10.6	
849	root half pi	elementary	64	exact	3	ONE, ARCSIN, SQRT	2.220e-16	1	0	0.2	63.9	Sqrt[Pi/2]
850	Khinchin-Lévy sum constant	special	64	not found	8	SEVEN, SQRT, SQRT, SIN, ARCSINH, GAMMA, TANH, INV	2.816e-10	86483	0	2280.3	9.6	Sum[Log[1 + \[FormalK]]/(\[FormalK]*(1 + \[FormalK])), {\[FormalK], 1, Infinity}]
851	Cube root of 2	algebraic	64	exact	4	FOUR, SIX, INV, POWER	0.000e+00	3	0	0.6	63.9	2^(1/3)
852	limiting length appearing in the asymptotic probability involved in the "stick breaking" problem	none	64	not found	8	EULER, COS, NEG, COS, SUBTRACT, EXP, SIN, EXP	1.913e-10	129601	0	2268.3	9.7	
853	c*sqrt(e/2), a constant associated with Dawson's integral and the asymptotic evaluation of the ideal hyperbolic n-cube v	none	64	not found	8	FOUR, ARCSINH, NEG, PLUS, GAMMA, TWO, TIMES, ARCCOSH	1.486e-10	108825	0	2255.4	9.8	
854	fractal dimension of Koch snowflake	elementary	64	exact	5	FOUR, LOG, THREE, LOG, DIVIDE	0.000e+00	4	0	0.5	63.6	Log[4]/Log[3]
855	Vardi constant	special	64	not found	8	EIGHT, TANH, ONE, PLUS, ARCCOSH, ARCTAN, ARCTANH, SQRT	3.912e-11	115185	0	2300.6	10.4	ConditionalExpression[Extension`VardiConstant == (Exp[Sum[2^(-1 - \[FormalK])*Log[1 + (-1 + 2*Subscript[\[FormalA], \[FormalK]])^(-2)], {\[FormalK], 1, Infinity}]]*Sqrt[6])/2, Subscript[\[FormalA], 0] == 2 && Subscript[\[FormalA], \[FormalN]] == 1 - Subscript[\[FormalA], -1 + \[FormalN]] + Subscript[\[FormalA], -1 + \[FormalN]]^2]
856	expectation of the maximum of a size 6 sample from a normal (0,1) distribution	none	64	not found	8	FIVE, COS, SINH, TWO, SIN, SINH, TIMES, ARCCOS	2.868e-10	87661	0	2280.0	9.5	
857	constant c_0 appearing in the asymptotic evaluation of the n-th Lebesgue constant (related to Fourier series) as L_n ~ (	none	64	not found	7	NEG, COSH, SQR, COSH, ARCTAN, INV, COSH	1.916e-10	78711	0	2289.5	9.7	
858	Ramanujan-Forsyth series constant	elementary	64	exact	3	ONE, ARCTAN, INV	0.000e+00	2	0	0.4	63.4	4/Pi
859	log10(19)	elementary	64	not found	8	EIGHT, ARCCOSH, FOUR, SINH, SUBTRACT, COS, SIN, COSH	1.784e-10	103760	0	2346.5	9.7	Log[10, 19]
860	Glaisher-Kinkelin constant	special	64	not found	8	FOUR, ARCSINH, FOUR, COS, EXP, SINH, GAMMA, DIVIDE	2.100e-10	76047	0	2368.9	9.7	Glaisher
861	theta_1, one of the angles associated with the bow-and-arrow configuration used in the 2-arc smallest length problem	none	64	not found	8	SIX, ARCSINH, TWO, SINH, POWER, ARCSINH, EULER, SUBTRACT	7.561e-11	95166	0	2280.0	10.1	
862	ln(Gamma(1/4))	special	64	exact	4	FOUR, INV, GAMMA, LOG	0.000e+00	1	0	0.6	63.4	LogGamma[1/4]
863	integral of the q-Pochhammer symbol over -1..1	elementary	64	not found	8	ONE, TANH, ARCSINH, ARCCOS, SQR, ARCTANH, ARCCOS, COSH	3.602e-10	83941	0	2326.6	9.4	4*Sqrt[3/23]*Pi*(2*Sinh[Sqrt[23]*Pi/6] + Sqrt[2]*Sinh[Sqrt[23]*Pi/4])/(2*Cosh[Sqrt[23]*Pi/3] - 1)
864	second Bernoulli sophomore dream constant	special	64	not found	8	EULER, ARCCOSH, ARCTAN, SQRT, COS, SQR, ARCSINH, ARCCOS	1.208e-10	81409	0	2336.9	9.9	Sum[\[FormalK]^(-\[FormalK]), {\[FormalK], 1, Infinity}]
865	(4/sqrt(Pi))*exp(-gamma/2)*K where K is the Landau-Ramanujan constant and gamma the Euler-Mascheroni constant	none	64	not found	8	EIGHT, INV, EULER, PLUS, LOG, GOLDENRATIO, POWER, SINH	4.365e-10	87736	0	2315.8	9.4	
866	Salem number of degree 38 (Mossinghoff)	algebraic	64	not found	8	GOLDENRATIO, TANH, TAN, ONE, TAN, DIVIDE, SIN, COSH	3.891e-10	80949	0	2250.0	9.4	Root[#1^38 - #1^36 - #1^34 - #1^29 + #1^28 - #1^24 - #1^14 + #1^10 - #1^9 - #1^4 - #1^2 + 1 &, 4]
868	Mertens constant C(5,4)	none	64	not found	8	EULER, SQR, SIN, SQR, GAMMA, GAMMA, SQRT, ARCSIN	2.048e-10	85911	0	2272.8	9.7	
871	Conway's constant	algebraic	64	not found	8	GOLDENRATIO, LOG, ARCTANH, SEVEN, TIMES, TAN, INV, ARCSINH	8.010e-10	89996	0	2258.3	9.1	Root[-6 + 3*#1 - 6*#1^2 + 12*#1^3 - 4*#1^4 + 7*#1^5 - 7*#1^6 + #1^7 + 5*#1^9 - 2*#1^10 - 4*#1^11 - 12*#1^12 + 2*#1^13 + 7*#1^14 + 12*#1^15 - 7*#1^16 - 10*#1^17 - 4*#1^18 + 3*#1^19 + 9*#1^20 - 7*#1^21 - 8*#1^23 + 14*#1^24 - 3*#1^25 + 9*#1^26 + 2*#1^27 - 3*#1^28 - 10*#1^29 - 2*#1^30 - 6*#1^31 + #1^32 + 10*#1^33 - 3*#1^34 + #1^35 + 7*#1^36 - 7*#1^37 + 7*#1^38 - 12*#1^39 - 5*#1^40 + 8*#1^41 + 6*#1^42 + 10*#1^43 - 8*#1^44 - 8*#1^45 - 7*#1^46 - 3*#1^47 + 9*#1^48 + #1^49 + 6*#1^50 + 6*#1^51 - 2*#1^52 - 3*#1^53 - 10*#1^54 - 2*#1^55 + 3*#1^56 + 5*#1^57 + 2*#1^58 - #1^59 - #1^60 - #1^61 - #1^62 - #1^63 + #1^64 + 2*#1^65 + 2*#1^66 - #1^67 - 2*#1^68 - #1^69 + #1^71 & , 3, 0]
872	Mills' constant	special	64	not found	8	FIVE, COS, COS, NINE, POWER, THREE, PLUS, LOG	7.758e-11	102025	0	2258.1	10.1	ConditionalExpression[Extension`MillsConstant == \[FormalX], ForAll[\[FormalN], Element[\[FormalN], Integers] && \[FormalN] > 0, Element[Floor[\[FormalX]^3^\[FormalN]], Primes]] && ForAll[Subscript[\[FormalX], 1], Subscript[\[FormalX], 1] < \[FormalX], Exists[\[FormalN], Element[\[FormalN], Integers] && \[FormalN] > 0, NotElement[Floor[Subscript[\[FormalX], 1]^3^\[FormalN]], Primes]]]]
873	first lemniscate constant	special	64	not found	8	EULER, FOUR, TANH, SUBTRACT, FIVE, TANH, TIMES, SQRT	1.898e-10	93435	0	2257.1	9.7	Gamma[1/4]^2/(4*Sqrt[2*Pi])
874	Khinchin mean K_{-3}	none	64	not found	8	THREE, EULER, SINH, COS, INV, ARCTAN, SUBTRACT, ARCSINH	3.204e-10	79223	0	2260.6	9.5	
875	3^(1/4)	algebraic	64	exact	3	THREE, SQRT, SQRT	0.000e+00	1	0	0.4	63.5	3^(1/4)
876	extended twin prime conjecture constant	special	64	not found	8	GOLDENRATIO, GAMMA, SEVEN, SIN, GAMMA, DIVIDE, ARCTANH, COSH	1.719e-10	84087	0	2246.9	9.8	2*Product[1 - (-1 + Prime[\[FormalK]])^(-2), {\[FormalK], 2, Infinity}]
877	Plastic ratio	algebraic	64	not found	8	EIGHT, GAMMA, ARCCOSH, SINH, ARCCOSH, ARCTAN, INV, GAMMA	2.488e-10	86782	0	2246.3	9.6	(27/2 - (3*Sqrt[69])/2)^(1/3)/3 + ((9 + Sqrt[69])/2)^(1/3)/3^(2/3)
878	pi^(1/4)	elementary	64	exact	3	PI, SQRT, SQRT	0.000e+00	1	0	0.2	64.0	Pi^(1/4)
879	constant B3 (or B_3) related to the Mertens constant	none	64	not found	8	EIGHT, LOG, SIN, SIX, LOG, PLUS, TWO, DIVIDE	1.739e-10	87688	0	2245.7	9.8	
880	imaginary part of the solution of z = log z	special	64	not found	8	FOUR, ARCTAN, ARCTAN, ARCSINH, GOLDENRATIO, SQR, ARCCOSH, TIMES	2.118e-10	82814	0	2245.5	9.7	Im[ProductLog[-1]]
881	monomer-dimer constant	special	64	not found	8	FIVE, EULER, SINH, DIVIDE, TAN, SINH, SINH, ARCSIN	3.908e-11	84572	0	2246.3	10.4	E^(Catalan/Pi)
882	totient product constant	special	64	not found	8	NINE, SQR, LOG, SQR, COS, COSH, SQR, ARCCOSH	1.309e-10	101102	0	2249.4	9.9	Product[1 + 1/((-1 + Prime[\[FormalK]])*Prime[\[FormalK]]^2), {\[FormalK], 1, Infinity}]
883	zeta(5/2)	special	64	not found	8	SIX, ARCTAN, COSH, GOLDENRATIO, GAMMA, GAMMA, ARCTAN, SUBTRACT	2.082e-10	88363	0	2246.1	9.7	Zeta[5/2]
884	entropy constant related to A063443	none	18	not found	8	SIX, GOLDENRATIO, SIX, ARCTAN, DIVIDE, SEVEN, DIVIDE, POWER	2.062e-10	120564	0	2248.4	9.7	
885	'b', an auxiliary constant associated with the asymptotic probability of success in the full information version of the 	none	64	not found	8	EULER, SIX, SINH, ARCTAN, THREE, POWER, ARCCOSH, DIVIDE	2.636e-10	91174	0	2246.4	9.6	
886	Davis constant	special	64	not found	8	SIX, TWO, ARCSINH, SQRT, DIVIDE, ARCCOSH, GAMMA, SQR	2.192e-10	86665	0	2265.6	9.7	Pi^2/(8*Catalan)
887	'xi', a constant related to the second order quadratic recurrence q(0)=q(1)=1, q(n)=q(n-2)*(q(n-1)+1)	none	64	not found	8	PI, SIX, SQRT, SIN, GAMMA, COSH, SUBTRACT, ARCSIN	3.130e-10	85512	0	2258.3	9.5	
888	mean number of iterations in comparing two numbers via their continued fractions	none	64	not found	8	EULER, COSH, SIX, SUBTRACT, EULER, ARCTAN, TANH, TIMES	3.399e-11	79836	0	2258.8	10.5	
889	expectation of the maximum of a size 7 sample from a normal (0,1) distribution	none	64	not found	8	GOLDENRATIO, TANH, SIN, ARCSINH, ARCTAN, ARCTAN, COSH, SQR	1.305e-11	93595	0	2271.3	10.9	
890	'c', an asymptotic constant related to a variation of the "Secretary problem" with a uniform distribution	none	64	not found	8	SEVEN, TAN, FOUR, LOG, INV, TANH, LOG, SUBTRACT	4.516e-11	84204	0	2339.0	10.3	
891	Gamma(2/3)	special	64	exact	4	FOUR, SIX, DIVIDE, GAMMA	0.000e+00	3	0	0.4	64.0	Gamma[2/3]
892	golden spiral constant	elementary	64	exact	5	GOLDENRATIO, SQR, PI, INV, POWER	0.000e+00	9	0	0.4	63.7	GoldenRatio^(2/Pi)
893	Pippenger product constant	elementary	64	exact	3	EULER, TWO, DIVIDE	0.000e+00	1	0	0.1	64.0	E/2
894	log10(23)	elementary	64	not found	8	NEG, SINH, EXP, ARCTAN, ARCSINH, TAN, SINH, EXP	2.399e-10	107499	0	2251.6	9.6	Log[10, 23]
895	log e^π	elementary	64	exact	6	PI, FIVE, FIVE, PLUS, LOG, DIVIDE	1.110e-16	116	0	2.8	64.0	Log10[E^Pi]
896	Shallit constant	special	64	not found	8	TWO, TWO, COSH, PI, TIMES, TAN, COSH, DIVIDE	5.715e-11	105682	0	2250.5	10.2	ConditionalExpression[Extension`ShallitConstant == Limit[3*\[FormalN] - Min[Sum[Subscript[\[FormalX], \[FormalK]], {\[FormalK], 1, \[FormalN]}] + Sum[Product[Subscript[\[FormalX], \[FormalJ]]^(-1), {\[FormalJ], \[FormalI], \[FormalK]}], {\[FormalK], 1, \[FormalN]}, {\[FormalI], 1, \[FormalK]}]], \[FormalN] -> Infinity], Element[Subscript[\[FormalX], \[FormalJ]], Reals] && Subscript[\[FormalX], \[FormalJ]] > 0]
897	Hardy-Littlewood conjecture constant	special	64	not found	8	PI, THREE, SINH, SQR, DIVIDE, LOG, SIN, EXP	3.985e-11	102826	0	2247.9	10.4	Inactive[Product][1 - (-1)^((-1 + Prime[\[FormalK]])/2)/(-1 + Prime[\[FormalK]]), {\[FormalK], 2, Infinity}]
898	sum of 1/(p-1)^2 over all primes p	none	64	not found	8	EULER, ARCSINH, FIVE, SIN, DIVIDE, COSH, ARCSINH, ARCSINH	2.624e-12	110787	0	2249.0	11.6	
899	Kneser-Mahler β constant	special	64	not found	8	FOUR, COS, COSH, TWO, ARCTAN, SIN, PLUS, ARCCOSH	8.110e-10	95295	0	2267.2	9.1	Exp[(9 - PolyGamma[1, 2/3] + PolyGamma[1, 4/3])/(4*Pi*Sqrt[3])]
900	arccosh(8)/2 = ln((3 + sqrt 7)/sqrt 2)	elementary	64	exact	4	EIGHT, ARCCOSH, TWO, DIVIDE	0.000e+00	1	0	0.3	63.7	ArcCosh[8]/2
901	ln(4)	elementary	64	exact	2	FOUR, LOG	0.000e+00	1	0	0.2	64.0	Log[4]
903	Gamma(1/4)^4/(4*Pi^3)	special	64	exact	8	PI, TWO, LOG, SINH, GAMMA, FOUR, POWER, DIVIDE	0.000e+00	84572	0	2318.1	64.0	Gamma[1/4]^4/(4*Pi^3)
904	hard hexagon entropy constant	algebraic	64	not found	8	EIGHT, ARCCOSH, EULER, NINE, COSH, LOG, DIVIDE, POWER	2.477e-10	84640	0	2285.9	9.6	Root[-32751691810479015985152 + 97143135277377575190528*#1^4 - 73347491183630103871488*#1^6 - 71220809441400405884928*#1^8 + 107155448150443388043264*#1^10 - 72405670285649161617408*#1^12 + 2958015038376958230528*#1^14 + 7449488310131083100160*#1^16 + 797726698866658379776*#1^18 + 2505062311720673792*#1^20 + 2013290651222784*#1^22 + 25937424601*#1^24 &, 2]
905	e^(1/3)	elementary	64	exact	3	THREE, INV, EXP	0.000e+00	1	0	0.2	64.0	E^(1/3)
906	unique solution of the equation sum_(p prime)(1/p^x) = 1, a constant related to the asymptotic evaluation of the number 	none	64	not found	8	EULER, ARCSINH, COS, EXP, ARCCOS, SIN, EULER, TIMES	5.572e-10	81513	0	2280.0	9.3	
907	Myrberg point	none	64	not found	8	FIVE, ARCCOSH, TANH, GOLDENRATIO, DIVIDE, SQRT, TAN, ARCSIN	1.188e-10	94268	0	2341.6	9.9	
908	L = Integral_{t=0..1} 1/(1-2t^2/3) dt, an auxiliary constant associated with one of the integral inequalities studied by	elementary	64	exact	7	FIVE, ARCCOSH, EIGHT, THREE, DIVIDE, SQRT, DIVIDE	0.000e+00	2885	0	76.6	63.7	Sqrt[3/2]*ArcTanh[Sqrt[2/3]]
909	complex Grothendieck constant upper bound	special	64	not found	8	EIGHT, COS, FOUR, COS, SINH, SIN, INV, SUBTRACT	3.453e-11	95416	0	2297.0	10.5	(-EllipticE[-1] + 2*EllipticK[-1])^(-1)
910	1 + 1/(1*3) + 1/(1*3*5) + 1/(1*3*5*7) + 	special	64	not found	8	SEVEN, EULER, TANH, ARCTAN, SUBTRACT, INV, TANH, ARCCOS	2.114e-10	87825	0	2330.8	9.7	Sqrt[E*Pi/2] * Erf[1/Sqrt[2]]
911	Pythagoras constant	algebraic	64	exact	2	TWO, SQRT	0.000e+00	1	0	0.4	64.0	Sqrt[2]
912	inverse of carefree constant	special	64	not found	8	GOLDENRATIO, FOUR, LOG, SQR, LOG, COS, ARCSINH, POWER	1.418e-10	101608	0	2297.7	9.8	Product[1 + (-1 + Prime[\[FormalK]] + Prime[\[FormalK]]^2)^(-1), {\[FormalK], 1, Infinity}]
913	Sum_{m >= 0, m not a binary self number} 2^(-m)	none	64	not found	8	EULER, SQRT, TANH, TANH, INV, TANH, GOLDENRATIO, TIMES	4.736e-11	91726	0	2263.3	10.3	
914	expectation of the maximum of a size 8 sample from a normal (0,1) distribution	none	64	not found	8	EULER, SINH, COS, SQR, COSH, TAN, GAMMA, COSH	3.155e-10	91203	0	2290.2	9.5	
915	'eta', a constant related to the second order quadratic recurrence q(0)=q(1)=1, q(n)=q(n-2)*(q(n-1)+1)	none	64	not found	8	PI, TWO, TIMES, NINE, COSH, PLUS, SIN, COSH	4.764e-10	97644	0	2273.5	9.3	
916	exp(sqrt(Pi/24))	elementary	64	exact	6	TWO, INV, ARCSIN, SQRT, EXP, SQRT	0.000e+00	125	0	2.8	63.7	Exp[Sqrt[Pi/24]]
917	first Lebesgue constant	elementary	64	exact	8	THREE, SQRT, ONE, ARCSIN, DIVIDE, THREE, INV, PLUS	0.000e+00	95705	0	2276.8	64.0	1/3 + (2*Sqrt[3])/Pi
918	Cube root of 3	algebraic	64	exact	4	THREE, THREE, INV, POWER	0.000e+00	2	0	0.2	63.5	3^(1/3)
919	log2(e)	elementary	64	exact	3	TWO, LOG, INV	0.000e+00	2	0	0.2	64.0	1/Log[2]
920	Steiner number	elementary	64	exact	3	NEG, EXP, EXP	0.000e+00	2	0	0.2	63.7	E^E^(-1)
921	Khinchin mean K_{-2}	none	64	not found	8	THREE, ARCSINH, LOG, SQR, EULER, ARCCOSH, PLUS, ARCSINH	6.833e-11	107164	0	2262.7	10.2	
922	Soldner constant	special	64	not found	8	PI, COSH, FIVE, SINH, SIN, SQR, POWER, ARCTAN	2.861e-11	130140	0	2265.3	10.5	Root[{LogIntegral[#1] & , 1.4513692348833810502839684858920274494930322836480158630931`30.}]
923	Backhouse's constant	special	64	not found	8	ONE, ARCSIN, EULER, POWER, EXP, ARCSINH, ARCSINH, SQRT	5.122e-10	117470	0	2275.9	9.3	ConditionalExpression[Extension`BackhouseConstant == Limit[Abs[Subscript[\[FormalQ], 1 + \[FormalN]]/Subscript[\[FormalQ], \[FormalN]]], \[FormalN] -> Infinity], Sum[\[FormalZ]^\[FormalK]*Subscript[\[FormalQ], \[FormalK]], {\[FormalK], 0, Infinity}] == (1 + Sum[\[FormalZ]^\[FormalK]*Prime[\[FormalK]], {\[FormalK], 1, Infinity}])^(-1)]
924	AGM(1, 2)	special	64	not found	8	ONE, TAN, GAMMA, EIGHT, TIMES, GOLDENRATIO, PLUS, ARCTAN	6.017e-11	143643	0	2278.8	10.2	ArithmeticGeometricMean[1, 2]
926	1 - ln(1 - 1/e) (random mappings)	elementary	64	exact	6	TWO, NEG, EULER, PLUS, LOG, SUBTRACT	0.000e+00	148	0	3.2	63.8	1 - Log[1 - 1/E]
927	zeta(1/2) (negated)	special	64	not found	8	FIVE, TANH, SQRT, THREE, LOG, PLUS, TANH, TAN	2.159e-11	125612	0	2303.1	10.7	-(Zeta[1/2])
928	Baxter's four-coloring constant	special	64	not found	7	SIX, ARCTAN, SIN, COS, TWO, SIN, PLUS	3.460e-10	98360	0	2279.3	9.5	3 Gamma[1/3]^3/(4 Pi^2)
929	position of the positive minimum of the gamma function	special	64	not found	8	SEVEN, LOG, SIX, COS, TANH, GAMMA, POWER, ARCCOSH	3.612e-11	132061	0	2254.1	10.4	Root[{PolyGamma[0, #1] & , 1.46163214496836234126265954233`29.164838085677864}]
930	log10(29)	elementary	64	not found	8	SEVEN, EULER, GAMMA, SEVEN, SUBTRACT, TAN, POWER, ARCTAN	2.391e-10	89527	0	2261.2	9.6	Log[10, 29]
931	cbrt pi	elementary	64	exact	4	PI, THREE, INV, POWER	1.110e-16	2	0	0.6	64.0	Pi^(1/3)
932	Supergolden ratio	algebraic	64	not found	8	FIVE, LOG, TANH, ARCTAN, ARCSIN, ARCSINH, EXP, SQRT	2.353e-10	93406	0	2280.8	9.6	(1 + (29/2 - (3*Sqrt[93])/2)^(1/3) + ((29 + 3*Sqrt[93])/2)^(1/3))/3
933	Porter's constant	special	64	not found	8	EIGHT, ARCSINH, SIN, COS, SIX, COSH, ARCTAN, TIMES	1.039e-10	102202	0	2262.7	10.0	-1/2 + (6*Log[2]*(-2 + 4*EulerGamma + 3*Log[2] - (24*Derivative[1][Zeta][2])/Pi^2))/Pi^2
934	Product_{p prime} (1+1/p)^(1/p), an infinite product considered and computed by Marc Deléglise	none	64	not found	8	EULER, SINH, LOG, SINH, GOLDENRATIO, COSH, TIMES, ARCTAN	7.144e-11	91728	0	2246.3	10.1	
935	variance of the degree (valency) of the root of a random rooted tree with n vertices	none	64	not found	8	ONE, TANH, ARCCOS, EIGHT, POWER, NEG, PLUS, COSH	1.757e-10	100271	0	2269.7	9.8	
936	constant C such that Sum_{k>=1} 1/C^p(k) = 1 where p(k) is the k-th prime	none	64	not found	8	TWO, COSH, THREE, TIMES, ARCTAN, EIGHT, SIN, POWER	1.146e-11	107845	0	2249.2	10.9	
937	Landau-Kolmogorov constant C(4,3) for derivatives in the case L_infinity(infinity, infinity)	none	64	exact	6	FIVE, GAMMA, FIVE, DIVIDE, SQRT, SQRT	0.000e+00	200	0	3.4	63.9	
938	coefficient c_md in c_md*log(N)^(1/rho), the asymptotic mean number of distinct factors in a random factorization of n <	none	64	not found	8	TWO, SIN, ARCSINH, LOG, TAN, SIN, COS, TAN	6.692e-10	107531	0	2248.3	9.2	
939	Bateman-Grosswald constant zeta(2/3)/zeta(2), a constant (negated) arising in the asymptotic evaluation of the number of	special	64	not found	8	GOLDENRATIO, FOUR, ARCSINH, DIVIDE, SQRT, GAMMA, LOG, ARCCOS	5.189e-10	97052	0	2251.7	9.3	-(Zeta[2/3] / Zeta[2])
940	smallest positive root of the function lambda(x) = Sum_{n>=0} (-1)^n*x^n/(2^(n*(n-1)/2)*n!)	none	64	not found	8	THREE, ARCCOSH, GOLDENRATIO, EXP, ARCTAN, SUBTRACT, SINH, EXP	4.384e-11	102281	0	2320.7	10.4	
941	log10(31)	elementary	64	not found	8	FOUR, EULER, TAN, SQR, GOLDENRATIO, DIVIDE, POWER, SINH	3.069e-10	94714	0	2311.5	9.5	Log[10, 31]
942	Landau-Kolmogorov constant C(5,4) for derivatives in the case L_infinity(-infinity, infinity)	none	64	exact	7	TWO, INV, SEVEN, PLUS, FIVE, INV, POWER	0.000e+00	3627	0	71.1	63.5	
943	lim_{n -> infinity} A001699(n)^(1/2^n)	none	64	not found	8	EULER, TANH, SIN, INV, THREE, POWER, SINH, GAMMA	1.625e-10	109737	0	2247.5	9.8	
944	hard square entropy constant	none	44	not found	8	EIGHT, PI, DIVIDE, TWO, ARCCOSH, ARCSINH, SQRT, SUBTRACT	1.719e-10	83908	0	2253.9	9.8	
945	Greenfield-Nussbaum constant	none	64	not found	8	EULER, SEVEN, GAMMA, LOG, SQR, DIVIDE, TAN, ARCCOS	1.321e-11	94858	0	2278.2	10.9	
946	Selberg-Delange constant Product_{prime p > 2} (1 + 1/(p(p-2)))	none	64	not found	7	FOUR, ARCTAN, ARCTAN, SQRT, ARCSIN, GOLDENRATIO, POWER	1.151e-10	92310	0	2267.5	9.9	
947	value of Watson's integral	special	64	not found	8	FOUR, EULER, ARCTAN, TANH, DIVIDE, COS, TAN, ARCCOS	2.216e-10	96049	0	2259.5	9.7	Sqrt[6]/32/Pi^3*Gamma[1/24]*Gamma[5/24]*Gamma[7/24]*Gamma[11/24]
948	(Glaisher^12/(2^(4/3) * Pi * e^EulerGamma))^(Pi^2/8)	special	64	not found	8	FIVE, SINH, PI, ARCTAN, SEVEN, DIVIDE, POWER, ARCSINH	1.553e-10	104986	0	2267.9	9.8	(Glaisher^12/(2^(4/3)Pi E^EulerGamma))^(Pi^2/8)
949	Bateman-Stemmler constant	special	64	not found	8	NEG, EXP, TAN, EXP, COSH, TWO, TIMES, LOG	1.804e-10	124235	0	2249.4	9.7	Product[(1 - (2 + KroneckerSymbol[-3, Prime[\[FormalK]]])/Prime[\[FormalK]])/(1 - Prime[\[FormalK]]^(-1))^2, {\[FormalK], 1, Infinity}]
950	equianharmonic Weierstrass elliptic ω_2 constant	special	64	not found	8	SIX, TWO, INV, COSH, TAN, INV, POWER, SQRT	5.480e-10	147274	0	2250.6	9.3	Gamma[1/3]^3/(4*Pi)
951	exp(7*zeta(3)/(2*Pi^2))	special	64	not found	8	PI, ARCTAN, THREE, ARCCOSH, INV, ARCSIN, EXP, POWER	4.126e-10	120499	0	2249.5	9.4	Exp[7*Zeta[3]/(2*Pi^2)]
952	Sum_{n>=1} 1/Fibonacci(2*n)	none	64	not found	8	THREE, COS, INV, TANH, SIX, PLUS, ARCSINH, SQRT	3.301e-10	147627	0	2289.0	9.5	
953	Lieb's square ice constant	algebraic	64	exact	6	EIGHT, THREE, DIVIDE, THREE, SQRT, DIVIDE	0.000e+00	138	0	3.2	63.7	8/(3*Sqrt[3])
954	Madelung 2D hexagonal lattice constant	special	64	not found	8	SIX, TANH, PI, PLUS, EXP, ARCTAN, ARCTAN, COSH	3.219e-11	212369	0	2286.7	10.5	(-3 + Sqrt[3])*Zeta[1/2]*(Zeta[1/2, 1/6] + (1 - Sqrt[2])*Zeta[1/2, 1/3])
955	cosh one	elementary	64	exact	2	NEG, COSH	0.000e+00	2	0	0.1	63.7	Cosh[1]
956	maximal width of a Reuleaux triangle avoiding all vertices of the integer square lattice	none	64	not found	8	NINE, SIN, GOLDENRATIO, SQRT, TAN, POWER, COSH, COSH	2.266e-10	110154	0	2248.9	9.6	
957	Integral_{x=0..Pi/2} (x^2/sin(x)) dx	special	64	not found	8	THREE, SIN, COS, EULER, COSH, SUBTRACT, SQR, ARCTAN	1.239e-10	109121	0	2248.1	9.9	2*Pi*Catalan - 7*Zeta[3]/2
958	D(1/2), where D(x) is the infinite product function defined in the formula section (or in the Finch reference)	none	64	not found	8	TWO, COSH, EXP, ARCCOSH, TANH, NINE, POWER, TAN	1.032e-09	112540	0	2262.4	9.0	
959	Calabi ratio	algebraic	64	not found	8	PI, TANH, ARCSINH, EXP, GAMMA, ARCSINH, ARCSINH, ARCTANH	1.369e-10	111061	0	2261.6	9.9	1/3 + 11/(3*2^(1/3)*(-23 + (3*I)*Sqrt[237])^(1/3)) + (-23 + (3*I)*Sqrt[237])^(1/3)/(3*2^(2/3))
960	sqrt(sqrt(2) + 1)	algebraic	64	exact	4	ONE, ARCSINH, EXP, SQRT	0.000e+00	1	0	0.5	63.7	Sqrt[Sqrt[2] + 1]
961	c, a constant appearing in the asymptotic lower bound of the size of a restricted difference set	none	64	not found	8	THREE, ONE, TAN, ARCSINH, EIGHT, TIMES, TAN, POWER	1.017e-10	126640	0	2253.1	10.0	
962	triangular root of two	algebraic	64	exact	6	TWO, FOUR, INV, ARCSINH, EXP, DIVIDE	0.000e+00	142	0	2.7	63.5	(-1 + Sqrt[17])/2
963	log10(37)	elementary	64	not found	8	SIX, SQRT, ARCCOSH, INV, SIX, PLUS, COSH, ARCTAN	1.431e-10	192709	0	2264.9	9.8	Log[10, 37]
964	2*Sum_{k=1..50000} (-1)^(k-1)/(2k-1)	special	64	false positive	6	THREE, SEVEN, PLUS, FIVE, POWER, ARCTAN	4.441e-16	233353	0	28.4	15.4	2*Sum[(-1)^(k - 1)/(2*k - 1), {k, 1, 50000}]
965	Favard constant	elementary	64	exact	2	ONE, ARCSIN	0.000e+00	1	0	0.2	64.0	Pi/2
966	10^(1/5)	algebraic	64	exact	6	NINE, ONE, PLUS, FIVE, INV, POWER	2.220e-16	127	0	2.7	63.7	10^(1/5)
967	Sierpiński triangle fractal dimension	elementary	64	exact	5	THREE, LOG, TWO, LOG, DIVIDE	2.220e-16	3	0	0.4	63.5	Log[3]/Log[2]
968	Erdős–Borwein constant	special	64	not found	8	GOLDENRATIO, ARCTAN, SIN, EXP, GAMMA, TWO, TIMES, ARCSINH	2.681e-11	58922	0	2269.1	10.6	(Log[2] - QPolyGamma[0, 1, 1/2])/Log[2]
969	ln(5)	elementary	64	exact	2	FIVE, LOG	0.000e+00	1	0	0.1	63.5	Log[5]
970	exponential primorial constant	none	64	not found	8	PI, ARCSINH, ARCTAN, SQRT, ONE, TAN, PLUS, SQRT	3.466e-10	70377	0	2247.2	9.5	
971	Cbrt[4π/3]	elementary	64	exact	8	PI, SIX, DIVIDE, THREE, INV, POWER, TWO, TIMES	0.000e+00	98126	0	2252.4	63.6	CubeRoot[4*Pi/3]
972	log10(41)	elementary	64	not found	8	PI, EIGHT, SIN, SQRT, FIVE, DIVIDE, POWER, SINH	3.289e-10	75716	0	2290.6	9.5	Log[10, 41]
973	z_tri, a constant related to the enumeration of spanning trees on the triangular lattice (this is different from A242968	none	64	not found	8	EULER, COS, GOLDENRATIO, COSH, DIVIDE, COSH, ARCSINH, ARCTANH	1.246e-10	65113	0	2243.5	9.9	
974	Madelung's constant M2	none	64	not found	8	ONE, SIN, NEG, SIN, ARCTAN, ARCSINH, EXP, DIVIDE	4.546e-10	177746	0	2258.2	9.3	
975	Golden ratio	algebraic	64	exact	1	GOLDENRATIO	0.000e+00	1	0	0.2	63.7	GoldenRatio
976	Odlyzko-Wilf constant	special	64	not found	8	SEVEN, SIN, ARCTAN, ARCSIN, SEVEN, PLUS, SQRT, GAMMA	2.028e-11	61179	0	2266.6	10.7	ConditionalExpression[Extension`OdlyzkoWilfConstant == Limit[(2/3)^\[FormalN]*\[FormalS][\[FormalN]], \[FormalN] -> Infinity], \[FormalS][0] == 0 && \[FormalS][\[FormalN]] == 1 + Floor[(3*\[FormalS][-1 + \[FormalN]])/2]]
977	Product_{n>=1} (2n/(2n+1))^((-1)^t(n)), where t(n) = A010060(n) is the Thue-Morse sequence	none	64	not found	8	THREE, SIN, COSH, TANH, COS, ARCTANH, COS, INV	1.896e-10	69985	0	2250.5	9.7	
978	log10(43)	elementary	64	not found	8	EIGHT, PI, ARCTAN, POWER, ARCSINH, TAN, GAMMA, LOG	1.880e-10	74575	0	2250.7	9.7	Log[10, 43]
979	Erdős-Cohen constant	special	64	not found	8	TWO, EULER, SIN, ARCSINH, ARCTAN, ARCSINH, SIN, SUBTRACT	1.838e-11	152604	0	2275.8	10.7	Sum[1/(Prime[\[FormalK]]*Log[Prime[\[FormalK]]]), {\[FormalK], 1, Infinity}]
980	2nd Lebesgue constant L2	elementary	64	not found	8	EIGHT, TAN, SIN, COS, TWO, ARCSINH, TIMES, SINH	1.527e-10	68572	0	2255.7	9.8	1/5 + Sqrt[25 - 2*Sqrt[5]]/Pi
981	Riemann ζ of 2	elementary	64	exact	4	PI, SQR, SIX, DIVIDE	0.000e+00	1	0	0.3	63.6	Pi^2/6
982	Product_{k>=0} (1+1/2^(2k))^(1/2)	special	64	not found	8	PI, SINH, EULER, SIX, DIVIDE, SQRT, POWER, LOG	1.295e-10	67349	0	2248.8	9.9	Sqrt[Product[1 + 1/2^(2*k), {k, 0, Infinity}]]
983	square root of e	elementary	64	exact	2	EULER, SQRT	0.000e+00	1	0	0.2	63.7	Sqrt[E]
984	minimum value of the function s(t) = (Pi + 2*sqrt(1 + t^2))/(1 + Pi/2 + t) for t > 0	elementary	64	not found	8	THREE, ARCCOSH, SEVEN, COS, EXP, INV, COS, POWER	4.960e-10	145261	0	2268.4	9.3	2(Pi+Pi^2+Sqrt[8+Pi^3+4Pi(3+Sqrt[2+Pi])+Pi^2(7+2Sqrt[2+Pi])])/(4+Pi^2+Pi(4+Sqrt[2+Pi]))
985	Somos' quadratic recurrence constant	special	64	not found	7	EIGHT, TAN, GOLDENRATIO, TIMES, INV, ARCSINH, ARCCOS	1.071e-09	60266	0	2272.8	9.0	E^(-Derivative[1, 0][PolyLog][0, 1/2])
986	Hermite's constant gamma_6 = 2/3^(1/6)	algebraic	64	exact	6	TWO, THREE, SIX, INV, POWER, DIVIDE	0.000e+00	101	0	3.3	63.6	2/3^(1/6)
987	log10(47)	elementary	64	not found	8	EIGHT, SIN, COS, FIVE, ARCSINH, SIN, PLUS, SINH	1.150e-09	66015	0	2330.2	8.9	Log[10, 47]
988	a constant related to A000621 and A000624	none	64	not found	8	SIX, ARCSINH, TAN, COS, SIX, PLUS, ARCCOSH, ARCSINH	1.691e-10	64713	0	2296.1	9.8	
989	zeta(3/5) * zeta(4/5) * Product_{p prime} (1 - 1/p^(8/5) - 1/p^(9/5) - 1/p^2 + 1/p^(13/5) + 1/p^(14/5))	none	64	not found	8	FIVE, COSH, SIN, SINH, ARCTAN, ARCSIN, SINH, COSH	2.361e-10	57819	0	2274.2	9.6	
990	1 + log(2*Pi) - 2*gamma, where gamma is Euler's constant (A001620)	special	64	not found	8	NINE, TANH, NINE, DIVIDE, SIX, TANH, PLUS, COSH	8.025e-11	59942	0	2284.2	10.1	1 + Log[2*Pi] - 2*EulerGamma
991	maximal circumradius of a planar convex set containing no lattice point except for the origin where it has its circumcen	none	64	not found	8	PI, INV, ARCTANH, EULER, DIVIDE, GAMMA, SQRT, ARCCOSH	3.188e-10	68727	0	2294.8	9.5	
992	Sum_{k>=0} 1/A007018(k)	none	64	not found	8	EULER, COSH, SQRT, EULER, ARCTAN, TIMES, GAMMA, SQRT	3.209e-10	67230	0	2256.8	9.5	
993	Niven's constant	special	64	not found	8	EULER, FIVE, ARCTAN, SIX, DIVIDE, COSH, SQRT, SUBTRACT	1.816e-10	68719	0	2248.8	9.7	1 + Sum[1 - Zeta[n]^(-1), {n, 2, Infinity}]
994	Pi^2/(12*log(phi))	elementary	64	exact	6	NEG, ARCSIN, SQR, TWO, ARCSINH, DIVIDE	1.110e-16	80	0	2.8	63.6	Pi^2/(12*Log[GoldenRatio])
995	log10(53)	elementary	64	not found	8	NINE, ARCTAN, GAMMA, ARCSINH, SQRT, TWO, PLUS, ARCCOSH	1.917e-09	82350	0	2258.5	8.7	Log[10, 53]
996	Kalmar ρ composition constant	special	64	not found	8	FIVE, TANH, SIX, PLUS, INV, EXP, ARCCOSH, EXP	6.287e-11	64847	0	2292.8	10.2	Root[{-2 + Zeta[#1] & , 1.7286472389981836181351030103`29.237706376855613}]
997	Theodorus constant	algebraic	64	exact	2	THREE, SQRT	0.000e+00	1	0	0.3	63.6	Sqrt[3]
998	reciprocal of Euler γ	special	64	not found	8	FIVE, ARCSINH, ARCCOSH, ARCCOSH, NINE, LOG, LOG, PLUS	5.453e-10	60864	0	2292.5	9.3	EulerGamma^(-1)
999	1/A347901	none	64	not found	8	TWO, SQRT, TAN, NEG, ARCSINH, PLUS, PI, DIVIDE	2.511e-10	68482	0	2286.2	9.6	
1000	sqrt(2*Pi)*log(2), a constant associated with asymptotic evaluation of random mapping statistics	elementary	64	exact	6	FOUR, ONE, ARCSIN, SQRT, POWER, LOG	1.110e-16	155	0	2.9	64.0	Sqrt[2*Pi]*Log[2]
1001	value of a nonregular continued fraction giving tau/(3*tau-1), where tau is the Prouhet-Thue-Morse constant	none	64	not found	8	GOLDENRATIO, SIN, TWO, SUBTRACT, SIX, DIVIDE, ARCSINH, ARCCOS	1.535e-09	70609	0	2248.1	8.8	
1002	'tau' (named sigma_2 by C. Pomerance), a constant associated with the expected number of random elements to generate a f	none	64	not found	8	EULER, SQRT, ARCCOSH, EIGHT, SUBTRACT, ARCTAN, ARCSINH, COSH	8.128e-11	62841	0	2272.7	10.1	
1003	Khinchin harmonic mean	special	64	not found	8	ONE, TAN, GAMMA, SQR, TANH, COSH, TAN, ARCSINH	1.298e-10	76862	0	2274.2	9.9	ConditionalExpression[Extension`KhinchinHarmonicMeanConstant == Limit[\[FormalN]/Sum[Subscript[\[FormalA], \[FormalK]]^(-1), {\[FormalK], 1, \[FormalN]}], \[FormalN] -> Infinity], Element[Subscript[\[FormalA], \[FormalK]], Integers] && Subscript[\[FormalA], \[FormalK]] > 0]
1004	Madelung constant (negated) for NaCl structure	special	64	not found	8	FIVE, TANH, GOLDENRATIO, DIVIDE, THREE, COS, SINH, POWER	5.547e-10	71017	0	2303.9	9.3	12Pi*Sum[ Sech[Pi/2*Sqrt[(2j + 1)^2 + (2k + 1)^2]]^2, {j, 0, 40}, {k, 0, 40}]
1005	continued fraction expansion [1; 1/2, 1/3, 1/4, 1/5, 1/6, ...]	elementary	64	exact	4	NEG, COS, ARCSIN, INV	1.110e-16	3	0	0.4	64.0	2/(Pi - 2)
1006	Feller coin-tossing constant	algebraic	64	not found	8	PI, SQR, TAN, ARCSINH, ARCTAN, ARCCOS, EXP, SQRT	6.286e-10	62149	0	2270.5	9.2	(2 + (25 - 3*Sqrt[69])^(1/3)/2^(1/3) + (25 + 3*Sqrt[69])^(1/3)/2^(1/3))/3
1007	nested radical constant	special	64	not found	8	THREE, SEVEN, TANH, NINE, DIVIDE, POWER, ARCCOSH, GAMMA	2.155e-11	68051	0	2287.8	10.7	Limit[Fold[Sqrt[#1 + #2] & , Sqrt[1 + \[FormalN]], Table[\[FormalI], {\[FormalI], \[FormalN], 1, -1}]], \[FormalN] -> Infinity]
1008	log 180/π	elementary	64	not found	8	PI, FOUR, PLUS, LOG, GAMMA, SQRT, SINH, COSH	1.736e-10	86065	0	2313.9	9.8	Log10[180/Pi]
1009	Product_{n>1} (1+1/n)^(1/n)	none	64	not found	8	FIVE, ARCSINH, FOUR, SIN, SIN, EXP, ARCTANH, SUBTRACT	2.405e-10	69402	0	2313.0	9.6	
1010	constant x such that x^x = e. Inverse of W(1), where W is Lambert's function	special	64	not found	8	PI, SINH, LOG, COSH, LOG, COS, TAN, ARCCOS	1.415e-10	74206	0	2396.7	9.8	1/ProductLog[1]
1011	'b', an optimal stopping constant associated with the secretary problem when the objective is to maximize the hiree's ex	none	64	not found	7	PI, TANH, ARCTAN, EULER, POWER, ARCTANH, EXP	1.177e-10	60145	0	2420.7	9.9	
1012	log10(59)	elementary	64	not found	8	THREE, LOG, FOUR, SIN, TAN, TANH, SIN, SUBTRACT	2.250e-10	62962	0	2400.8	9.6	Log[10, 59]
1013	Sierpiński's S^ (Ŝ or "S hat" as named by S. Finch), a constant appearing in the asymptotics of the number of representa	none	64	not found	8	SIX, COS, SQR, PI, COSH, TIMES, TAN, SQRT	4.993e-10	65349	0	2388.6	9.3	
1014	Carlson-Levin constant	elementary	64	exact	2	PI, SQRT	1.110e-16	1	0	0.2	64.0	Sqrt[Pi]
1015	angle in radians at the apex of the Calabi triangle	none	64	not found	8	SIX, ARCCOSH, SEVEN, SQR, COS, ARCCOS, POWER, SQRT	8.080e-11	55922	0	2369.8	10.1	
1016	10^(1/4)	algebraic	64	exact	4	THREE, ARCSINH, COSH, SQRT	0.000e+00	1	0	0.3	63.9	10^(1/4)
1017	3rd Lebesgue constant L3	elementary	64	not found	8	FOUR, ARCSINH, LOG, GAMMA, FOUR, TAN, SINH, TIMES	3.781e-10	60044	0	2274.6	9.4	(3*Pi-14*Cos[Pi/14]+70*Cos[3*Pi/14]+154*Sin[Pi/7])/(21*Pi)
1018	exponential of Euler γ	special	64	not found	8	TWO, SIN, SIX, SINH, LOG, COS, ARCTAN, DIVIDE	6.517e-10	68507	0	2251.4	9.2	E^EulerGamma
1019	conjectured upper bound on Grothendieck's constant	elementary	64	exact	4	PI, THREE, ARCCOSH, DIVIDE	0.000e+00	1	0	0.6	64.0	Pi/(2*Log[1 + Sqrt[2]])
1020	log10(61)	elementary	64	not found	8	EIGHT, ARCCOSH, ARCTAN, ARCSINH, EIGHT, PLUS, ARCSINH, ARCSINH	3.656e-10	66634	0	2267.0	9.4	Log[10, 61]
1021	Silverman constant	special	64	not found	8	EULER, THREE, DIVIDE, SQRT, COS, FIVE, TIMES, ARCSINH	5.034e-10	73370	0	2383.2	9.3	Sum[1/(DivisorSigma[1, \[FormalK]]*EulerPhi[\[FormalK]]), {\[FormalK], 1, Infinity}]
1022	Komornik–Loreti constant	special	64	not found	8	SEVEN, NEG, ARCTAN, SINH, POWER, EULER, PLUS, ARCSINH	8.002e-11	60570	0	2320.0	10.1	Root[{Product[1 - 1/#1^2^\[FormalK], {\[FormalK], 0, Infinity}] - (2 - #1)/(#1 - 1) & , 1.7872316501829659330132`22.252180846784352}]
1023	2D dimer constant	special	64	not found	8	FIVE, SIN, ARCTAN, SQR, SIN, SQRT, INV, SINH	5.985e-10	68513	0	2330.8	9.2	E^((2*Catalan)/Pi)
1024	ln(6)	elementary	64	exact	2	SIX, LOG	0.000e+00	1	0	0.2	64.0	Log[6]
1026	Hermite's constant gamma_7 = 2^(6/7)	algebraic	64	exact	5	EIGHT, SEVEN, INV, POWER, SQR	0.000e+00	5	0	0.3	63.9	2^(6/7)
1027	limit of a recursive sequence connected to the Plastic constant (A060006)	none	64	not found	8	PI, ARCCOSH, SIX, TANH, ARCCOS, ARCSINH, EXP, POWER	2.397e-10	96848	0	2312.5	9.6	
1028	sqrt((3+sqrt(13))/2), a constant related to the asymptotic evaluation of the number of self-avoiding rook paths joining 	algebraic	64	exact	6	SIX, FOUR, DIVIDE, ARCSINH, EXP, SQRT	0.000e+00	65	0	2.7	64.0	Sqrt[(3 + Sqrt[13])/2]
1029	Masser-Gramain constant conjectured value	special	64	not found	8	EIGHT, EULER, DIVIDE, ARCTAN, EIGHT, LOG, PLUS, SQRT	6.210e-12	65084	0	2276.0	11.2	1 + 2*EulerGamma + 2*Log[2] + 3*Log[Pi] - 4*Log[Gamma[1/4]]
1030	log10(67)	elementary	64	not found	8	EULER, GAMMA, TANH, SQRT, ONE, ARCTAN, SINH, PLUS	3.477e-10	64872	0	2367.9	9.5	Log[10, 67]
1031	two times the Catalan constant	special	64	not found	8	FIVE, TWO, COS, SUBTRACT, LOG, THREE, TAN, SUBTRACT	8.651e-10	62361	0	2247.1	9.1	2 Catalan
1032	ln(2 pi)	elementary	64	exact	4	TWO, PI, TIMES, LOG	1.110e-16	3	0	0.6	64.0	Log[2*Pi]
1033	Tribonacci constant	algebraic	64	not found	8	SIX, NINE, POWER, COS, COS, TANH, SIN, EXP	2.029e-11	66184	0	2262.4	10.7	(1 + (19 - 3*Sqrt[33])^(1/3) + (19 + 3*Sqrt[33])^(1/3))/3
1034	4th Madelung constant (negated)	special	64	not found	8	EULER, TANH, EXP, COSH, ARCTAN, ARCCOSH, SQRT, ARCTANH	4.762e-10	358456	0	2354.0	9.3	8*(5 - 3*Sqrt[2])*Zeta[1/2]*Zeta[-1/2]
1035	Landau-Kolmogorov constant	algebraic	64	not found	8	NINE, INV, ARCTANH, TAN, COS, COS, ARCTANH, EXP	4.447e-10	70906	0	2300.4	9.4	Sqrt[3]/(2^(1/3)*(-1 + Sqrt[2])^(1/3))
1036	Connective constant	algebraic	64	exact	5	TWO, SQRT, TWO, PLUS, SQRT	0.000e+00	71	0	0.9	63.6	Sqrt[2 + Sqrt[2]]
1037	log10(71)	elementary	64	not found	8	GOLDENRATIO, GAMMA, EXP, THREE, ARCCOSH, LOG, SINH, SUBTRACT	4.696e-10	73625	0	2355.0	9.3	Log[10, 71]
1038	Integral_{x=0..Pi} (sin(x)/x) dx	special	64	not found	8	TWO, SIX, SQRT, SIN, TAN, TANH, ARCCOS, POWER	6.500e-10	66430	0	2434.3	9.2	SinIntegral[Pi]
1039	Gauss lemniscate constant	special	64	not found	8	FOUR, TANH, TWO, SQRT, PLUS, SIN, SIN, EXP	9.036e-10	75138	0	2421.2	9.0	Gamma[1/4]^2/(4*Sqrt[Pi])
1040	spiral of Theodorus constant	special	64	not found	8	TWO, LOG, LOG, ARCCOS, GAMMA, COSH, SQRT, COSH	1.886e-10	68725	0	2328.9	9.7	Sum[1/((1 + \[FormalK])*Sqrt[\[FormalK]]), {\[FormalK], 1, Infinity}]
1041	log10(73)	elementary	64	not found	8	FOUR, THREE, SQRT, EXP, COS, COSH, POWER, LOG	8.814e-11	62125	0	2263.0	10.1	Log[10, 73]
1042	expected reciprocal Euclidean distance between two random points in the unit cube	none	64	not found	8	EULER, SINH, EIGHT, POWER, LOG, ARCSINH, LOG, COSH	8.117e-10	86807	0	2259.8	9.1	
1043	log10(79)	elementary	64	not found	8	PI, SQRT, SEVEN, DIVIDE, SQRT, ARCTAN, ARCCOS, TAN	3.361e-10	72380	0	2285.9	9.5	Log[10, 79]
1045	Boyd constant	special	64	not found	8	THREE, EXP, THREE, ARCCOSH, SUBTRACT, EULER, DIVIDE, LOG	1.449e-10	63905	0	2314.1	9.8	Exp[(9 - PolyGamma[1, 2/3] + PolyGamma[1, 4/3])/(2*Pi*Sqrt[3])]
1046	M_5, the 5-dimensional analog of Madelung's constant (negated)	none	32	not found	8	GOLDENRATIO, SQR, COSH, EULER, TIMES, ARCSINH, TAN, INV	7.942e-11	61224	0	2336.1	10.1	
1047	6/π	elementary	64	exact	3	SIX, PI, DIVIDE	0.000e+00	1	0	0.2	63.8	6/Pi
1048	tetrahedral bond angle	elementary	64	exact	4	NEG, THREE, DIVIDE, ARCCOS	0.000e+00	1	0	0.2	63.7	ArcCos[-1/3]
1049	log10(83)	elementary	64	not found	8	EULER, COS, TANH, COSH, PI, TANH, EXP, POWER	7.117e-10	59449	0	2303.2	9.1	Log[10, 83]
1050	tetranacci constant	algebraic	64	not found	8	EULER, SQRT, ARCTAN, ARCCOSH, ARCTAN, PI, PLUS, ARCSINH	5.653e-11	72169	0	2246.8	10.2	Root[-1 - #1 - #1^2 - #1^3 + #1^4 & , 2]
1052	Omega prime-generating constant	none	64	not found	8	NINE, LOG, EXP, TAN, NEG, COSH, SQR, PLUS	5.445e-10	70346	0	2311.1	9.3	
1053	first moment of the reciprocal gamma distribution	none	64	not found	8	EULER, SINH, COS, ARCTANH, SEVEN, INV, PLUS, GAMMA	3.199e-10	66117	0	2264.2	9.5	
1054	Euler totient A constant	special	64	not found	8	EIGHT, SQR, SIN, ONE, COS, SIN, TANH, DIVIDE	1.199e-11	82764	0	2247.5	10.9	(315*Zeta[3])/(2*Pi^4)
1055	ln(7)	elementary	64	exact	2	SEVEN, LOG	0.000e+00	1	0	0.2	64.0	Log[7]
1056	C_4, a constant related to sharp inequalities for the product of 4 polynomials, which was introduced by David Boyd	none	64	not found	8	GOLDENRATIO, SEVEN, COS, DIVIDE, LOG, SIN, LOG, ARCCOS	3.229e-10	74490	0	2265.1	9.5	
1057	log10(89)	elementary	64	not found	8	GOLDENRATIO, COSH, INV, GAMMA, ARCSINH, NEG, EXP, PLUS	8.847e-11	69824	0	2269.1	10.1	Log[10, 89]
1058	Z score	special	64	not found	8	THREE, COS, EXP, GAMMA, SEVEN, ARCTAN, POWER, ARCSINH	3.114e-11	77712	0	2278.0	10.5	Sqrt[2]*InverseErf[19/20]
1059	reciprocal Lucas constant	special	64	not found	8	FOUR, GOLDENRATIO, COSH, DIVIDE, GAMMA, ARCSINH, ARCTAN, EXP	1.016e-09	77515	0	2281.4	9.0	(-1 + EllipticTheta[3, 0, GoldenRatio^(-2)]^2)/4 + (7*Log[GoldenRatio] - Log[1 + GoldenRatio^2] - QPolyGamma[0, 1, GoldenRatio^(-4)] + 4*QPolyGamma[0, 1, GoldenRatio^(-2)] - 4*QPolyGamma[0, 1, GoldenRatio^(-1)])/(4*Log[GoldenRatio])
1060	M_6, the 6th Madelung constant	none	64	not found	8	PI, INV, SQRT, COS, SQR, TWO, TIMES, SINH	3.631e-10	68511	0	2251.9	9.4	
1061	pentanacci constant	algebraic	64	not found	8	NINE, INV, FIVE, ARCTAN, TANH, ARCCOS, SUBTRACT, ARCCOS	1.190e-10	99039	0	2250.1	9.9	Root[-1 - #1 - #1^2 - #1^3 - #1^4 + #1^5 & , 1]
1062	C_5, a constant related to sharp inequalities for the product of 5 polynomials, which was introduced by David Boyd	none	64	not found	8	PI, TANH, TAN, SQR, LOG, SINH, TWO, TIMES	6.861e-10	69081	0	2301.8	9.2	
1063	C_6, a constant related to sharp inequalities for the product of 6 polynomials, which was introduced by David Boyd	none	64	not found	8	FOUR, INV, COS, TANH, ARCTAN, ARCCOS, COSH, SQR	4.445e-10	64029	0	2256.3	9.4	
1064	Gamma''(1)	none	64	not found	8	ONE, ARCTAN, FOUR, PLUS, SQRT, ARCTAN, SQR, COSH	5.170e-11	66304	0	2258.7	10.3	
1065	hexanacci constant	algebraic	64	not found	8	EIGHT, GOLDENRATIO, INV, TAN, TANH, SIN, SQR, POWER	3.049e-10	62344	0	2283.8	9.5	Root[-1 - #1 - #1^2 - #1^3 - #1^4 - #1^5 + #1^6 & , 2]
1066	log10(97)	elementary	64	not found	7	SEVEN, PI, SUBTRACT, LOG, ARCSINH, COS, GAMMA	1.306e-10	64454	0	2254.5	9.9	Log[10, 97]
1067	heptanacci constant	algebraic	64	not found	8	SIX, SIX, SIN, EULER, TAN, DIVIDE, SQR, POWER	7.504e-10	62004	0	2280.5	9.1	Root[-1 - #1 - #1^2 - #1^3 - #1^4 - #1^5 - #1^6 + #1^7 & , 1]
1068	integral_{x=0..Infinity} 1/x^x dx	none	64	not found	8	NINE, SIN, COS, TAN, TANH, SQRT, SQRT, ARCTANH	3.787e-12	68746	0	2274.0	11.4	
1069	Two	rational	64	exact	1	TWO	0.000e+00	1	0	0.1	64.0	2
1070	M_7, the 7-dimensional analog of Madelung's constant (negated)	none	64	not found	8	FIVE, NEG, EXP, TANH, EXP, SQRT, SUBTRACT, ARCCOSH	3.703e-10	79788	0	2264.6	9.4	
1071	Sierpiński's S~ (S "tilde" as named by S. Finch), a constant appearing in the asymptotics of the number of representatio	none	64	not found	8	PI, LOG, GAMMA, ARCCOS, SINH, LOG, ARCCOS, GAMMA	5.025e-10	66733	0	2266.6	9.3	
1072	solution to the Lane-Emden equation for a sphere of polytropic index n = 3	none	32	not found	8	SEVEN, TAN, SQR, COSH, ARCTAN, ARCCOS, ARCTANH, GAMMA	2.059e-10	63597	0	2248.6	9.7	
1073	least x > 0 satisfying x + tan(x) = 0	none	64	not found	8	THREE, TWO, ARCSINH, SQRT, GAMMA, GAMMA, GAMMA, SUBTRACT	2.305e-10	57387	0	2274.5	9.6	
1074	figure-eight knot hyperbolic volume	special	64	not found	8	NINE, FOUR, DIVIDE, ARCTAN, ARCCOSH, SQR, GAMMA, GAMMA	2.016e-10	67464	0	2248.2	9.7	((-2*Pi^2 + 3*PolyGamma[1, 1/3])*Sqrt[3])/9
1075	QRS associated constant	special	64	not found	8	SIX, SEVEN, COSH, DIVIDE, TWO, COSH, PLUS, ARCSINH	7.771e-11	208277	0	2256.5	10.1	Zeta[3/2, Root[{Zeta[1/2, #1/2] & , 0.605443657196732749478922842447`29.782073733759695}]/2]/4
1076	'beta', a constant appearing in the random links Traveling Salesman Problem	none	64	not found	8	TWO, INV, SIN, ARCSINH, FOUR, TANH, PLUS, SINH	2.510e-10	52142	0	2251.7	9.6	
1077	Lüroth analog of Lévy constant	special	64	not found	8	NINE, ARCTAN, PI, ARCSINH, COSH, TANH, DIVIDE, SINH	2.113e-10	57342	0	2246.5	9.7	Sum[Log[\[FormalK]*(1 + \[FormalK])]/(\[FormalK]*(1 + \[FormalK])), {\[FormalK], 1, Infinity}]
1078	M_8, the 8th Madelung constant (negated)	none	64	not found	8	PI, SINH, INV, ARCCOS, SEVEN, COS, SQR, PLUS	1.977e-11	64183	0	2244.0	10.7	
1079	semi-meander critical exponent	algebraic	64	not found	8	NINE, INV, EXP, TAN, NINE, SINH, INV, PLUS	1.696e-10	57538	0	2243.8	9.8	1 + (Sqrt[11]*(Sqrt[5] + Sqrt[29]))/24
1080	one div ln phi	elementary	64	exact	3	GOLDENRATIO, LOG, INV	2.220e-16	1	0	0.2	64.0	1/Log[GoldenRatio]
1081	ln(8)	elementary	64	exact	2	EIGHT, LOG	0.000e+00	1	0	0.1	63.6	Log[8]
1082	two thirds pi	elementary	64	exact	4	NEG, TWO, DIVIDE, ARCCOS	0.000e+00	1	0	0.2	64.0	2*Pi/3
1083	Wallis's constant	algebraic	64	not found	8	SEVEN, LOG, INV, TAN, COS, SINH, TANH, EXP	1.076e-10	79220	0	2254.4	10.0	(135/2 - (3*Sqrt[1929])/2)^(1/3)/3 + ((45 + Sqrt[1929])/2)^(1/3)/3^(2/3)
1084	Brown-Wang constant	special	64	not found	8	NINE, SQR, ARCCOSH, SEVEN, DIVIDE, EULER, POWER, GAMMA	3.506e-10	59758	0	2276.8	9.5	With[{\[FormalLambda] = Root[{(1 + #1)*Pi - Tan[#1*Pi] & , 0.43029665312420275777`20.}]}, Root[{(1 + \[FormalLambda])*Pi*((#1 - 1)*PolyGamma[1 + (#1 - 1)/2] - 2*#1*PolyGamma[1 + #1/2] + (#1 + 1)*PolyGamma[1 + (#1 + 1)/2]) - 2*Sin[\[FormalLambda]*Pi] & , 2.11023396612157219646682815666`30.}]]
1085	'sigma', a constant associated with the expected number of random elements to generate a finite abelian group	none	64	not found	8	EULER, ARCTAN, ARCCOSH, SINH, COS, COSH, GOLDENRATIO, TIMES	1.640e-09	66022	0	2269.8	8.8	
1086	'a', an auxiliary constant associated with the asymptotic probability of success in the secretary problem when the numbe	none	64	not found	8	PI, SINH, COS, EIGHT, INV, ARCTAN, DIVIDE, ARCCOSH	4.417e-11	63085	0	2275.0	10.4	
1087	Jacobi theta function theta_2(0, 1/2) where theta_2 is the 2nd Jacobi theta function	special	64	not found	8	NINE, ARCSINH, SQR, COS, COS, THREE, ARCTAN, PLUS	8.028e-10	66529	0	2285.8	9.1	EllipticTheta[2,0,1/2]
1088	Jacobi theta function theta_3(0, 1/2) where theta_3 is the 3rd Jacobi theta function	special	64	not found	7	FIVE, SQRT, ARCTAN, EIGHT, SINH, SIN, PLUS	1.407e-10	67182	0	2258.0	9.9	EllipticTheta[3,0,1/2]
1089	pi^(2/3)	elementary	64	exact	5	PI, SQR, THREE, INV, POWER	0.000e+00	11	0	0.8	63.7	Pi^(2/3)
1090	10^(1/3)	algebraic	64	exact	6	FOUR, SIX, PLUS, THREE, INV, POWER	0.000e+00	163	0	3.2	63.8	10^(1/3)
1092	Erdős-Szekeres constant	special	64	not found	8	NEG, TAN, SQR, GAMMA, SEVEN, SIN, ARCTAN, DIVIDE	1.369e-10	67234	0	2261.2	9.9	Zeta[3/2]/Zeta[3]
1093	K = exp(8*G/(3*Pi)), a Kneser-Mahler constant related to an asymptotic inequality involving Bombieri's supremum norm, wh	special	64	not found	8	SIX, LOG, THREE, POWER, GOLDENRATIO, ARCTAN, SUBTRACT, SQRT	1.411e-09	59402	0	2244.3	8.9	Exp[8*Catalan/(3*Pi)]
1094	normalized asymptotic mean of omega(m) when m is one of the values <= n taken by Euler's phi totient function	none	64	not found	8	EIGHT, TAN, INV, ARCCOS, LOG, SINH, GOLDENRATIO, PLUS	9.275e-11	76732	0	2245.3	10.0	
1095	a constant related to series-reduced trees	none	64	not found	8	EIGHT, SIN, ARCTAN, INV, TAN, TAN, LOG, SQR	7.344e-11	63856	0	2265.9	10.1	
1096	'theta', the expected degree (valency) of the root of a random rooted tree with n vertices	none	64	not found	8	PI, SQRT, SINH, GAMMA, SINH, COS, PI, PLUS	7.425e-10	65357	0	2243.8	9.1	
1097	e^(pi/4)	elementary	64	exact	3	ONE, ARCTAN, EXP	0.000e+00	1	0	0.2	63.8	E^(Pi/4)
1098	ln(9)	elementary	64	exact	2	NINE, LOG	0.000e+00	1	0	0.1	63.9	Log[9]
1099	Lüroth analog of Khinchin constant	special	64	not found	8	TWO, ARCTAN, COSH, EXP, SIX, DIVIDE, COSH, COSH	2.469e-10	56649	0	2242.9	9.6	Product[\[FormalK]^(1/(\[FormalK]*(1 + \[FormalK]))), {\[FormalK], 1, Infinity}]
1100	totient constant	special	64	not found	8	FOUR, PI, ARCTAN, COSH, ARCSINH, SUBTRACT, GAMMA, COSH	6.190e-10	80302	0	2248.8	9.2	Sum[1/(\[FormalK]*EulerPhi[\[FormalK]]), {\[FormalK], 1, Infinity}]
1101	Pi/2 + 2/Pi	elementary	64	exact	5	NEG, ARCSIN, INV, SIN, ARCCOS	0.000e+00	7	0	0.3	63.8	Pi/2 + 2/Pi
1102	pi(2)^(-1/2)	elementary	64	exact	4	PI, TWO, SQRT, DIVIDE	0.000e+00	1	0	0.2	63.7	Pi*2^(-1/2)
1103	y_3, the third of four non-explicit constants recursively derived from Khintchine's [Khinchin's] constant	none	64	not found	8	PI, SQRT, NINE, SEVEN, TANH, DIVIDE, TAN, SUBTRACT	1.076e-10	71991	0	2243.6	10.0	
1104	D(1), where D(x) is the infinite product function defined in the formula section (or in the Finch reference)	special	64	not found	7	PI, SINH, EIGHT, DIVIDE, EXP, TWO, SUBTRACT	8.907e-11	63044	0	2243.4	10.1	Glaisher^6/(2^(1/6)*Sqrt[Pi])
1105	Sqrt 5	algebraic	64	exact	2	FIVE, SQRT	0.000e+00	1	0	0.2	63.7	Sqrt[5]
1106	Takeuchi-Prellberg constant	special	25	not found	8	THREE, FOUR, LOG, ARCSINH, INV, ARCTAN, ARCCOS, SUBTRACT	5.069e-10	67813	0	2243.3	9.3	ConditionalExpression[Extension`TakeuchiPrellbergConstant == Limit[Subscript[\[FormalCapitalT], \[FormalN]]/(BellB[\[FormalN]]*Exp[ProductLog[\[FormalN]]^2/2]), \[FormalN] -> Infinity], Subscript[\[FormalCapitalT], 0] == 0 && Subscript[\[FormalCapitalT], 1] == 1 && Subscript[\[FormalCapitalT], 2] == 4 && Subscript[\[FormalCapitalT], 3] == 14 && Subscript[\[FormalCapitalT], \[FormalN]] == Sum[Binomial[2*\[FormalK], \[FormalK]]/(1 + \[FormalK]), {\[FormalK], 1, \[FormalN]}] + Sum[Subscript[\[FormalCapitalT], -1 - \[FormalK] + \[FormalN]]*(2*Binomial[-1 + \[FormalK] + \[FormalN], \[FormalK]] - Binomial[\[FormalK] + \[FormalN], \[FormalK]]), {\[FormalK], 0, -2 + \[FormalN]}]]
1107	Sierpiński's second constant, K2 = lim_{n->oo} ((1/n) * (Sum_{i=1..n} A004018(i^2)) - 4/Pi * log(n))	special	64	not found	8	PI, SIX, PLUS, ARCCOSH, NEG, COSH, INV, SUBTRACT	5.076e-10	62453	0	2243.1	9.3	4(12 Log[Gamma[3/4]]-9 Log[Pi]+72 Log[Glaisher]-5 Log[2]+3 EulerGamma-3)/(3 Pi)
1108	Integral_{0..oo} 1/Gamma(1+x) dx, a variation of the Fransén-Robinson constant	none	64	not found	8	THREE, THREE, LOG, SUBTRACT, SQRT, SINH, SINH, GAMMA	1.126e-09	63741	0	2262.6	8.9	
1109	Landau-Kolmogorov constant C(4,1) for derivatives in L_2(0, infinity)	none	64	not found	8	FIVE, SIN, SIN, EXP, ARCCOS, EULER, COSH, POWER	7.376e-11	66155	0	2260.3	10.1	
1110	1/A240969	none	64	not found	8	THREE, PI, GAMMA, GAMMA, ARCCOSH, COS, SQR, SUBTRACT	1.368e-10	55693	0	2250.1	9.9	
1111	first Foias constant	special	64	not found	8	NEG, COS, SQR, FOUR, PLUS, ARCSINH, ARCSINH, SQR	1.075e-09	63687	0	2247.9	9.0	Root[{-(1 + 1/#1)^#1 + #1 & , 2.29316628741186103150802829125000000000007305694139121664`29.360435548444247}]
1112	zeta(2)*zeta(3)*zeta(4)*	none	64	not found	8	SIX, INV, TAN, GAMMA, TWO, SIN, TIMES, ARCCOSH	1.328e-09	59394	0	2245.6	8.9	
1113	Universal parabolic constant	elementary	64	exact	5	TWO, SQRT, ONE, ARCSINH, PLUS	0.000e+00	6	0	0.3	63.8	Sqrt[2] + ArcSinh[1]
1114	product_{n>=1} (n/(n+1))^((-1)^t(n)), a probabilistic counting constant, where t(n) = A010060(n) is the Thue-Morse seque	none	64	not found	8	PI, GAMMA, COSH, TANH, SQR, NINE, PLUS, LOG	1.847e-10	128581	0	2256.5	9.7	
1115	logarithm of 10	elementary	64	exact	4	ONE, NINE, PLUS, LOG	0.000e+00	12	0	0.6	64.0	Log[10]
1116	y_1, the first of four non-explicit constants recursively derived from Khintchine's [Khinchin's] constant	none	64	not found	8	SIX, SEVEN, EIGHT, DIVIDE, ARCCOS, COSH, DIVIDE, SQRT	3.618e-10	79910	0	2251.3	9.4	
1117	Klarner-Rivest polyomino constant	none	64	not found	8	TWO, NEG, COSH, DIVIDE, ARCCOSH, ONE, TAN, PLUS	1.534e-10	60873	0	2264.7	9.8	
1118	3D lattice sum analog of Euler γ	special	64	not found	8	NINE, EIGHT, EULER, ARCSINH, DIVIDE, ARCTAN, EXP, DIVIDE	8.313e-11	69724	0	2245.2	10.1	(-4*Pi)/3 + (19*Log[2])/2 - 4*Sum[((3 + 3*(-1)^\[FormalM] + (-1)^(\[FormalM] + \[FormalN]))*Csch[Pi*Sqrt[\[FormalM]^2 + \[FormalN]^2]])/Sqrt[\[FormalM]^2 + \[FormalN]^2], {\[FormalM], 1, Infinity}, {\[FormalN], 1, Infinity}]
1119	constant 1 + B3 (or 1 + B_3) related to the Mertens constant	none	64	not found	8	EULER, FOUR, TANH, ARCCOS, SUBTRACT, LOG, COSH, SQR	1.990e-10	61938	0	2287.9	9.7	
1120	Ti_2(2+sqrt(3)), where Ti_2 is the inverse tangent integral function	none	64	not found	8	SIX, NINE, SIN, ARCCOS, SINH, POWER, ARCTAN, COSH	2.167e-10	57241	0	2266.6	9.7	
1121	three quarters pi	elementary	64	exact	4	NEG, ARCTAN, SIN, ARCCOS	0.000e+00	7	0	0.3	64.0	3*Pi/4
1122	monomer-dimer triangular constant	special	64	not found	8	EIGHT, SIN, SQR, TAN, ARCCOSH, SIX, ARCTAN, PLUS	5.013e-11	68962	0	2250.9	10.3	Exp[Integrate[Log[6 + 2*Cos[\[FormalT]] + 2*Cos[\[FormalPhi]] + 2*Cos[\[FormalT] + \[FormalPhi]]], {\[FormalT], -Pi, Pi}, {\[FormalPhi], -Pi, Pi}]/(8*Pi^2)]
1123	pi^(3/4)	elementary	64	exact	5	PI, THREE, POWER, SQRT, SQRT	0.000e+00	9	0	0.8	63.8	Pi^(3/4)
1124	Pi^2/(6*log 2)	elementary	64	exact	6	PI, SQR, EIGHT, SQR, LOG, DIVIDE	0.000e+00	258	0	3.3	63.9	Pi^2/(6*Log[2])
1125	c = (7-sqrt(5))/2	algebraic	64	exact	3	FOUR, GOLDENRATIO, SUBTRACT	0.000e+00	1	0	0.4	63.9	4 - GoldenRatio
1126	ln(11)	elementary	64	exact	4	TWO, NINE, PLUS, LOG	0.000e+00	8	0	0.5	64.0	Log[11]
1127	asymptotic evaluation of the constrained maximum of a certain quadratic form	none	64	not found	8	THREE, LOG, COSH, SQR, TANH, SIX, ARCTAN, PLUS	6.030e-10	62710	0	2251.4	9.2	
1128	Narcissus constant	special	64	not found	8	NEG, SIN, ARCTAN, ARCSIN, FIVE, COS, GAMMA, PLUS	7.661e-10	55007	0	2242.5	9.1	Root[{1 + #1 - #1^(-1 + #1) & , 2.39838438278161142938900277955804885011`20.5225995583442}]
1129	Golden angle	elementary	64	exact	6	TWO, GOLDENRATIO, SQR, DIVIDE, PI, TIMES	2.220e-16	240	0	2.7	64.0	(2*Pi)/GoldenRatio^2
1130	2*zeta(3)	special	64	not found	8	EULER, FOUR, SUBTRACT, SQR, FOUR, TANH, TANH, PLUS	3.417e-11	66715	0	2254.4	10.5	2*Zeta[3]
1131	first zero of the Bessel function J_0(z)	special	64	not found	8	TWO, SIN, SIX, TIMES, THREE, POWER, ARCSINH, SQRT	2.919e-10	72519	0	2244.2	9.5	BesselJZero[0, 1]
1132	solution to the Lane-Emden equation for a sphere of polytropic index n = 2	none	32	not found	8	TWO, TWO, GOLDENRATIO, DIVIDE, TANH, TANH, SQRT, DIVIDE	9.614e-10	74137	0	2297.2	9.0	
1133	Silver ratio	algebraic	64	exact	3	ONE, ARCSINH, EXP	0.000e+00	1	0	0.4	64.0	1 + Sqrt[2]
1134	c = 2.4149..., a random mapping statistics constant such that the asymptotic expectation of the maximum rho length (grap	none	20	not found	8	ONE, TANH, LOG, GAMMA, SQR, SQRT, LOG, COSH	2.844e-10	68049	0	2254.8	9.5	
1135	prod_{n>=1} (1 + 1/n^3) = cosh(sqrt(3) pi/2)/pi	elementary	64	exact	8	TWO, ARCCOSH, TANH, PI, TIMES, COSH, PI, DIVIDE	2.220e-16	64974	0	2263.7	63.9	Cosh[Sqrt[3]*Pi/2]/Pi
1136	a constant related to the asymptotic evaluation of the Lebesgue constants L_n	none	64	not found	8	EIGHT, ARCCOSH, ARCCOSH, EIGHT, ARCTAN, TIMES, COSH, ARCSINH	8.512e-10	59473	0	2256.2	9.1	
1137	theta = 2.472548..., an auxiliary constant used to compute the best constant in Friedrichs' inequality in one dimension	none	64	not found	8	FIVE, GAMMA, ARCTAN, SQRT, SINH, SQRT, GAMMA, EXP	4.314e-10	76437	0	2257.7	9.4	
1138	Otter's weakly binary tree enumeration asymptotic constant xi	none	64	not found	8	SEVEN, GAMMA, THREE, PLUS, ARCSINH, EIGHT, DIVIDE, EXP	2.864e-14	56873	0	2261.8	13.5	
1139	A1*B1, the average number of non-isomorphic semisimple rings of any order, where A1 is Product_{m>1} zeta(m) and B1 is P	none	64	not found	8	PI, THREE, TANH, LOG, SUBTRACT, ARCCOSH, EXP, ARCCOSH	4.297e-10	60322	0	2252.5	9.4	
1140	Feigenbaum alpha	none	64	not found	8	FOUR, SINH, ARCCOSH, ARCTAN, EXP, GAMMA, TWO, SUBTRACT	3.096e-10	56053	0	2255.7	9.5	
1141	root two pi	elementary	64	exact	4	PI, TWO, TIMES, SQRT	2.220e-16	3	0	0.2	63.9	Sqrt[2*Pi]
1142	100^(1/5)	algebraic	64	exact	7	FIVE, TWO, TIMES, SQR, FIVE, INV, POWER	0.000e+00	2595	0	70.9	64.0	100^(1/5)
1143	a constant related to identity trees	none	64	not found	8	GOLDENRATIO, GAMMA, COS, THREE, ARCTAN, SUBTRACT, PI, PLUS	1.666e-09	57082	0	2256.4	8.8	
1144	doubly infinite sum N_3 = Sum_{i,j,k = -inf..inf} (-1)^(i+j+k)/(i^2+j^2+k^2), a lattice constant analog of Madelung's co	none	64	not found	7	TWO, TANH, EXP, SIN, ARCSIN, TWO, PLUS	9.588e-11	61264	0	2250.4	10.0	
1145	sqrt(2)*exp(2*G/Pi), where G = A006752	special	64	not found	8	SIX, LOG, COS, TAN, ARCSINH, ARCCOS, GAMMA, EXP	4.941e-10	54309	0	2247.7	9.3	Sqrt[2]*Exp[2Catalan/Pi]
1146	a variant of the Komornik-Loreti constant	none	64	not found	8	PI, TWO, INV, COSH, DIVIDE, THREE, LOG, DIVIDE	6.546e-10	55465	0	2246.6	9.2	
1147	(Glaisher^12/(2*Pi*e^EulerGamma))^(Pi^2/6)	special	64	not found	8	SEVEN, SIN, SQRT, TANH, TANH, EULER, TIMES, COSH	3.611e-11	74846	0	2260.8	10.4	(Glaisher^12/(2Pi E^EulerGamma))^(Pi^2/6)
1148	ln(13)	elementary	64	exact	4	FOUR, NINE, PLUS, LOG	0.000e+00	6	0	0.3	63.9	Log[13]
1149	exp(gamma)/log(2), a conjectural constant related to the asymptotic counting of Mersenne primes, where gamma is Euler's 	special	64	not found	8	SEVEN, ARCCOSH, SIN, ARCTAN, PI, DIVIDE, GAMMA, ARCSINH	1.056e-10	58660	0	2243.0	10.0	Exp[EulerGamma]/Log[2]
1150	Sierpiński's constant	special	64	not found	8	FOUR, INV, ARCSIN, GAMMA, EULER, SINH, TANH, SUBTRACT	1.664e-10	53065	0	2256.1	9.8	Pi*(2*EulerGamma - Log[Pi] + 4*Log[Gamma[3/4]])
1151	Barban constant	special	64	not found	8	NEG, SIX, SQRT, LOG, EIGHT, POWER, SUBTRACT, GAMMA	9.091e-11	49224	0	2246.3	10.0	Product[1 + (-1 + 3*Prime[\[FormalK]]^2)/(Prime[\[FormalK]]*(1 + Prime[\[FormalK]])*(-1 + Prime[\[FormalK]]^2)), {\[FormalK], 1, Infinity}]
1152	twenty-vertex entropy constant	algebraic	64	exact	5	SEVEN, FOUR, INV, SUBTRACT, SQRT	0.000e+00	6	0	0.4	64.0	(3*Sqrt[3])/2
1153	golden root	algebraic	64	exact	2	GOLDENRATIO, SQR	0.000e+00	1	0	0.1	63.9	2 + 2*Cos[(2*Pi)/5]
1154	Lemniscate constant	special	64	not found	8	FOUR, SQR, SIN, EXP, ARCSIN, INV, COS, INV	1.138e-09	59838	0	2277.0	8.9	Gamma[1/4]^2/(2*Sqrt[2*Pi])
1156	positive root of the equation 13x^4 - 7x^2 - 581 = 0	algebraic	64	not found	8	PI, FIVE, PLUS, SQRT, PI, POWER, SIN, EXP	1.185e-10	63772	0	2262.8	9.9	Sqrt[1/26*(7+Sqrt[30261])]
1157	sqrt(2) + sqrt(3/2)	algebraic	64	exact	6	SEVEN, ARCCOSH, EXP, TWO, DIVIDE, SQRT	0.000e+00	94	0	2.7	63.8	Sqrt[2] + Sqrt[3/2]
1158	sqrt(7)	algebraic	64	exact	2	SEVEN, SQRT	0.000e+00	1	0	0.1	64.0	Sqrt[7]
1159	Gelfond-Schneider constant	elementary	64	exact	4	TWO, TWO, SQRT, POWER	0.000e+00	1	0	0.2	63.9	2^Sqrt[2]
1160	Gamma(1/3)	special	64	exact	3	THREE, INV, GAMMA	2.220e-16	1	0	0.1	63.8	Gamma[1/3]
1161	coefficient 'gamma' (see formula) appearing in Otter's result concerning the asymptotics of T_n, the number of non-isomo	none	64	not found	8	SIX, LOG, TAN, NINE, PLUS, EULER, PLUS, ARCSINH	3.699e-10	63560	0	2248.9	9.4	
1162	Khinchin's constant	special	64	not found	8	SIX, ARCTAN, ARCCOSH, SINH, EXP, EIGHT, TANH, DIVIDE	1.054e-10	64307	0	2248.2	10.0	Khinchin
1163	Landau-Kolmogorov constant C(5,1) for derivatives in L_2(0, infinity)	none	64	not found	8	PI, SQRT, TANH, SINH, TWO, DIVIDE, ARCCOS, EXP	9.985e-10	78297	0	2244.5	9.0	
1164	Euler number	elementary	64	exact	1	EULER	0.000e+00	1	0	0.2	64.0	E
1165	pi sqrt(3)/2	elementary	64	exact	5	TWO, ARCCOSH, TANH, PI, TIMES	1.110e-16	5	0	0.7	64.0	Pi*Sqrt[3]/2
1166	log e^(2π)	elementary	64	exact	6	PI, THREE, ARCSINH, COSH, LOG, DIVIDE	1.110e-16	59	0	3.2	64.0	Log10[E^(2*Pi)]
1167	Sum_{k>=1} sigma(k)/2^k where sigma(k) is the sum of divisors of k, 1 <= d <= k	special	64	not found	8	NINE, ONE, PLUS, EIGHT, NINE, DIVIDE, POWER, ARCSINH	2.431e-10	54482	0	2243.4	9.6	Sum[n/(2^n - 1), {n, 1, 500}]
1168	Ramanujan nested radical constant	algebraic	64	not found	8	THREE, GOLDENRATIO, TANH, POWER, FIVE, SINH, INV, SUBTRACT	8.639e-11	60705	0	2243.5	10.1	(2 + Sqrt[5] + Sqrt[15 - 6*Sqrt[5]])/2
1169	a constant related to A006196	none	64	not found	8	SIX, SQRT, TWO, COSH, ARCTAN, DIVIDE, GOLDENRATIO, POWER	9.407e-10	65063	0	2265.3	9.0	
1170	C_{1/2}, a constant related to Kolmogorov's inequalities	special	64	not found	8	SIX, COS, SEVEN, SQRT, EXP, DIVIDE, EULER, PLUS	1.123e-09	49277	0	2247.1	8.9	Gamma[1/4]^2/(Pi*Gamma[3/4]^2)
1171	(1/sqrt(Pi) + e*erfc(-1))/2	special	64	not found	8	THREE, ARCTAN, GAMMA, ARCTANH, FIVE, ARCTAN, SINH, TIMES	5.690e-10	62850	0	2255.8	9.2	(1/Sqrt[Pi]+E Erfc[-1])/2
1172	'xi', an optimal stopping auxiliary constant associated with the two choice case	none	64	not found	8	ONE, TWO, COSH, LOG, ARCTAN, SUBTRACT, EULER, PLUS	2.103e-11	55691	0	2246.2	10.7	
1173	2*Pi*phi(0), a constant appearing in connection with a study of zeros of the integral of xi(z), where phi(t) and xi(z) a	none	64	not found	8	NINE, PI, ARCSINH, ARCSINH, SQR, GAMMA, POWER, ARCCOSH	7.448e-11	63520	0	2243.5	10.1	
1174	Fransén–Robinson constant	special	64	not found	8	TWO, EULER, ARCSINH, LOG, LOG, INV, POWER, GAMMA	7.829e-11	54331	0	2260.9	10.1	Integrate[Gamma[x]^(-1), {x, 0, Infinity}]
1175	Murata constant	special	64	not found	8	TWO, EULER, SIN, POWER, COSH, ARCSINH, TAN, ARCCOSH	9.233e-11	54893	0	2267.2	10.0	Product[1 + (-1 + Prime[\[FormalK]])^(-2), {\[FormalK], 1, Infinity}]
1176	ln(17)	elementary	64	exact	4	EIGHT, NINE, PLUS, LOG	0.000e+00	2	0	0.2	64.0	Log[17]
1177	Born's basic potential Pi_0	none	64	not found	7	THREE, SINH, SIN, ARCSINH, INV, TANH, ARCCOS	5.453e-11	52678	0	2267.0	10.3	
1178	constant appearing in the variance for searching in a digital tree	none	64	not found	8	SEVEN, ARCCOSH, LOG, SQR, SINH, THREE, ARCCOSH, PLUS	7.278e-11	50688	0	2325.1	10.1	
1179	Hardy-Littlewood prime triples constant	special	64	not found	8	SEVEN, COSH, LOG, SIN, EXP, EXP, SIN, INV	1.615e-09	54895	0	2259.6	8.8	(9*Product[((-3 + Prime[\[FormalK]])*Prime[\[FormalK]]^2)/(-1 + Prime[\[FormalK]])^3, {\[FormalK], 3, Infinity}])/2
1180	(diagonal)/(shortest side) of 2nd electrum rectangle	none	64	exact	6	THREE, SQRT, NEG, SUBTRACT, ARCSINH, COSH	2.220e-16	498	0	2.9	63.8	
1181	a second variant of the Komornik-Loreti constant	none	64	not found	8	EULER, NINE, COSH, SIX, SINH, SUBTRACT, COS, SUBTRACT	4.531e-10	52319	0	2242.3	9.3	
1182	ln(19)	elementary	64	exact	5	FIVE, SQR, SIX, SUBTRACT, LOG	0.000e+00	10	0	0.4	63.9	Log[19]
1183	Otter's rooted tree constant	none	64	not found	8	NINE, EULER, DIVIDE, COSH, ONE, ARCSIN, DIVIDE, SQRT	8.525e-10	50766	0	2267.2	9.1	
1184	Landau-Kolmogorov constant C(4,2) for derivatives in L_2(0, infinity)	none	64	not found	8	NEG, TANH, PI, SQRT, PLUS, SINH, SQRT, EXP	1.664e-10	50345	0	2249.4	9.8	
1185	B, a constant related to the Goh-Schmutz constant and the asymptotic expected order of a random permutation	none	64	not found	8	PI, EULER, SQRT, GAMMA, SIX, DIVIDE, TAN, SUBTRACT	4.445e-10	58597	0	2251.2	9.4	
1186	oloid volume constant	special	64	not found	8	EIGHT, NINE, COS, COSH, SUBTRACT, GOLDENRATIO, TIMES, ARCCOSH	1.241e-09	47555	0	2268.1	8.9	(2*(2*EllipticE[3/4] + EllipticK[3/4]))/3
1187	Landau-Kolmogorov constant C(3,1) for derivatives in the case L_infinity(0, infinity)	algebraic	64	exact	7	NINE, FIVE, GAMMA, THREE, INV, POWER, DIVIDE	0.000e+00	2118	0	71.1	64.0	(243/8)^(1/3)
1188	sqrt(480)/7	algebraic	64	exact	7	TWO, SEVEN, DIVIDE, THREE, PLUS, ARCCOSH, SINH	0.000e+00	2588	0	71.2	64.0	Sqrt[480]/7
1189	ln(23)	elementary	64	exact	5	FOUR, SQR, SEVEN, PLUS, LOG	0.000e+00	6	0	0.3	63.8	Log[23]
1190	Ramanujan's π-approximation constant	elementary	64	false positive	1	PI	0.000e+00	1	0	0.1	16.2	Log[262537412640768000]/Sqrt[163]
1191	Pi	elementary	64	exact	1	PI	0.000e+00	1	0	0.1	64.0	Pi
1192	mean value over all positive integers of a function giving the least quadratic nonresidue modulo a given odd integer (th	none	64	not found	8	PI, LOG, INV, EULER, PLUS, INV, TAN, GAMMA	1.384e-09	49839	0	2251.3	8.9	
1193	10^(1/2)	algebraic	64	exact	3	THREE, ARCSINH, COSH	0.000e+00	1	0	0.4	64.0	10^(1/2)
1194	C = log(2*Pi) + B_3 (where B_3 is A083343), one of Euler totient constants	none	64	not found	8	SEVEN, INV, TAN, SINH, FIVE, DIVIDE, PI, PLUS	3.468e-10	44705	0	2246.3	9.5	
1195	plate constant	special	64	not found	8	FOUR, COSH, TAN, FOUR, TANH, EXP, TAN, DIVIDE	2.596e-09	49100	0	2247.0	8.6	ConditionalExpression[Extension`PlateConstant == \[FormalX], BesselI[1, \[FormalX]]*BesselJ[0, \[FormalX]] + BesselI[0, \[FormalX]]*BesselJ[1, \[FormalX]] == 0 && 3 < \[FormalX] < 7/2]
1196	square of the constant A130834	special	64	not found	8	EULER, COSH, SQR, ARCTAN, ARCSINH, THREE, POWER, COSH	1.742e-09	42276	0	2255.5	8.8	Exp[4*Catalan/Pi]
1197	1 + sqrt(5)	algebraic	64	exact	3	GOLDENRATIO, TWO, TIMES	0.000e+00	3	0	0.2	63.9	1 + Sqrt[5]
1198	Pálfy's constant c_3	elementary	64	not found	8	TWO, SQRT, GAMMA, LOG, COSH, ARCTAN, GAMMA, EXP	2.001e-10	55266	0	2269.4	9.7	5/3 + Log[9, 32]
1199	rayleigh kurtosis	elementary	64	not found	8	PI, SIX, TANH, POWER, TWO, EXP, PLUS, SQRT	4.221e-10	50102	0	2291.1	9.4	(32 - 3*Pi^2)/(4 - Pi)^2
1200	silver root	algebraic	64	exact	7	PI, SEVEN, DIVIDE, COS, TWO, TIMES, SQR	0.000e+00	3546	0	71.1	64.0	2 + 2*Cos[(2*Pi)/7]
1201	Lévy's constant 2	elementary	64	exact	7	NEG, ARCSIN, SQR, EIGHT, LOG, DIVIDE, EXP	0.000e+00	1600	0	72.1	64.0	E^(Pi^2/(12*Log[2]))
1202	a constant related to A000620, A000622, A000623 and A000625	none	64	not found	8	NINE, SINH, SQRT, ARCTAN, GAMMA, ARCSIN, THREE, TIMES	1.092e-09	76452	0	2250.1	9.0	
1203	y_2, the second of four non-explicit constants recursively derived from Khintchine's [Khinchin's] constant	none	64	not found	8	GOLDENRATIO, THREE, SINH, DIVIDE, EXP, TANH, FOUR, TIMES	1.585e-10	51463	0	2258.9	9.8	
1204	sqrt(11)	algebraic	64	exact	4	NINE, TWO, PLUS, SQRT	0.000e+00	8	0	0.2	64.0	Sqrt[11]
1205	average value of the Yekutieli-Mandelbrot parameter, that is the average number of maximal subtrees of an ordered binary	special	64	not found	8	GOLDENRATIO, ARCSINH, COSH, NEG, EXP, POWER, COS, INV	5.331e-10	42003	0	2242.3	9.3	2*Catalan/(Pi*Log[2])+5/2
1206	Reciprocal Fibonacci constant	special	64	not found	8	PI, ARCCOSH, ARCCOSH, GAMMA, ARCSINH, ARCTANH, EIGHT, POWER	2.897e-10	47537	0	2241.8	9.5	(Sqrt[5]*(EllipticTheta[2, 0, GoldenRatio^(-2)]^2 + (Log[5] + 2*QPolyGamma[0, 1, GoldenRatio^(-4)] - 4*QPolyGamma[0, 1, GoldenRatio^(-2)])/(2*Log[(1 + Sqrt[5])/2])))/4
1207	van der Corput constant	special	64	not found	7	FIVE, LOG, SIX, POWER, ARCCOSH, SQRT, COSH	1.721e-09	40902	0	2241.0	8.8	With[{\[FormalX] = Root[{Cos[#1]*FresnelS[Sqrt[1 - (2*#1)/Pi]] + FresnelC[Sqrt[1 - (2*#1)/Pi]]*Sin[#1] & , -0.726643246813242509590219555941985563257278933469994008688`30.}]}, 2*(Cos[\[FormalX]]*FresnelC[Sqrt[1 - (2*\[FormalX])/Pi]] - FresnelS[Sqrt[1 - (2*\[FormalX])/Pi]]*Sin[\[FormalX]])*Sqrt[Pi]]
1208	ln(29)	elementary	64	exact	5	FIVE, SQR, FOUR, PLUS, LOG	0.000e+00	7	0	0.5	64.0	Log[29]
1209	Magata constant	special	64	not found	8	PI, LOG, SQRT, COSH, EIGHT, DIVIDE, EXP, EXP	4.374e-14	46626	0	2257.8	13.4	ConditionalExpression[Extension`MagataConstant == Limit[Sum[Subscript[\[FormalC], \[FormalK]], {\[FormalK], 1, \[FormalN]}], \[FormalN] -> Infinity], Sum[Subscript[\[FormalC], \[FormalK]]*Product[-1 - \[FormalJ] + \[FormalM], {\[FormalJ], 0, -1 + \[FormalK]}], {\[FormalK], 0, -1 + \[FormalN]}] == Prime[\[FormalM]] && \[FormalM] <= \[FormalN]]
1210	meander critical exponent	algebraic	64	not found	8	TWO, INV, ARCCOS, SIX, SQRT, DIVIDE, EIGHT, TIMES	3.317e-10	39556	0	2268.3	9.5	(29 + Sqrt[145])/12
1211	ln(31)	elementary	64	exact	5	FIVE, SQR, SIX, PLUS, LOG	0.000e+00	5	0	0.4	63.9	Log[31]
1212	y_4, the last of four non-explicit constants recursively derived from Khintchine's [Khinchin's] constant	none	64	not found	8	PI, FOUR, SIX, SIN, POWER, ARCCOS, TAN, POWER	3.473e-10	44803	0	2271.7	9.5	
1213	1 + sqrt(6)	algebraic	64	exact	4	SIX, SQRT, ONE, PLUS	0.000e+00	3	0	0.3	64.0	1+Sqrt[6]
1214	best constant K for the integral inequality integral_{0..1} f(x)^2*f'(x)^2 dx <= K*integral_{0..1} f'(x)^4 dx	none	64	not found	8	NEG, COS, TANH, COSH, GOLDENRATIO, EXP, COS, DIVIDE	1.753e-11	41661	0	2270.2	10.8	
1215	Product_{k>=1} (1-1/2^k)^(-1)	special	64	not found	8	TWO, SIN, SIX, PLUS, ARCTAN, NINE, SIN, DIVIDE	3.819e-10	47732	0	2246.7	9.4	1/QPochhammer[1/2, 1/2]
1216	square root of 12	algebraic	64	exact	4	NINE, THREE, PLUS, SQRT	0.000e+00	14	0	0.6	64.0	Sqrt[12]
1217	C, a coin tossing constant related to the asymptotic variance of the length of the longest run of consecutive heads	elementary	64	not found	8	TWO, COSH, TWO, ARCSINH, SIN, TANH, TAN, POWER	6.860e-10	38632	0	2246.2	9.2	1/12 + Pi^2/(6*Log[2]^2)
1218	gamma = 8*lambda^2, a critical threshold of a boundary value problem, where lambda is Laplace's limit constant A033259	none	64	not found	8	EULER, SIN, SQRT, EXP, COSH, TAN, ARCTANH, INV	1.035e-09	41972	0	2266.3	9.0	
1219	infinite product constant	special	64	not found	8	FOUR, TANH, SEVEN, ARCCOSH, SQR, ARCCOSH, POWER, ARCTANH	4.340e-11	47878	0	2242.5	10.4	Product[(1 + \[FormalK]^(-1))^\[FormalK]^(-1), {\[FormalK], 1, Infinity}]
1220	log 10800/π	elementary	64	not found	8	EULER, EULER, ARCSINH, ARCSINH, EXP, COS, SUBTRACT, GAMMA	3.112e-10	51721	0	2242.0	9.5	Log10[10800/Pi]
1221	accumulation point of the logistic map	none	64	not found	8	EIGHT, SQRT, THREE, PI, GAMMA, SUBTRACT, ARCSIN, DIVIDE	2.483e-10	53196	0	2256.1	9.6	
1222	sqrt(13)	algebraic	64	exact	4	EIGHT, FIVE, PLUS, SQRT	0.000e+00	6	0	0.3	64.0	Sqrt[13]
1223	4*(8 - 4*sqrt(2) - log(2))/(2*sqrt(2) - 1)	elementary	64	not found	8	EIGHT, ARCSINH, TAN, SQR, COS, TANH, COSH, TAN	2.277e-09	41553	0	2251.6	8.6	4(8-4Sqrt[2]-Log[2])/(2Sqrt[2]-1)
1224	ln(37)	elementary	64	exact	5	SIX, SQR, ONE, PLUS, LOG	0.000e+00	7	0	0.9	64.0	Log[37]
1225	2 + phi, with the golden section phi from A001622	algebraic	64	exact	3	GOLDENRATIO, TWO, PLUS	0.000e+00	2	0	0.4	64.0	2 + GoldenRatio
1226	Gamma(1/4)	special	64	exact	3	FOUR, INV, GAMMA	0.000e+00	1	0	0.3	63.9	Gamma[1/4]
1227	'theta', the unique positive root of the equation polygamma(x) = log(Pi), where polygamma(x) gives gamma'(x)/gamma(x), t	none	64	not found	8	THREE, TAN, GAMMA, EXP, EXP, ONE, PLUS, SINH	4.551e-10	46448	0	2316.3	9.3	
1228	(65 + 9*sqrt(3))/22	algebraic	64	exact	8	FIVE, NINE, THREE, SQRT, FIVE, PLUS, DIVIDE, SUBTRACT	0.000e+00	44323	0	2263.6	64.0	(65+9Sqrt[3])/22
1229	Sum_{n>=1} prime(n)/(2^n)	special	64	not found	8	GOLDENRATIO, SINH, NINE, DIVIDE, ARCSINH, LOG, COSH, SINH	1.258e-09	42626	0	2268.5	8.9	Sum[Prime[i]/2^i,{i,1000}]
1230	ln(41)	elementary	64	exact	5	SEVEN, SQR, EIGHT, SUBTRACT, LOG	0.000e+00	5	0	0.9	64.0	Log[41]
1231	ln(43)	elementary	64	exact	5	SEVEN, SQR, SIX, SUBTRACT, LOG	0.000e+00	4	0	0.8	64.0	Log[43]
1232	ln(47)	elementary	64	exact	5	SEVEN, SQR, TWO, SUBTRACT, LOG	0.000e+00	2	0	0.8	64.0	Log[47]
1233	an optimal stopping constant related to the Secretary problem	none	64	not found	8	SEVEN, TAN, EXP, FOUR, LOG, INV, TANH, DIVIDE	6.111e-11	47783	0	2261.3	10.2	
1234	2D lattice sum analog of Euler γ	special	64	not found	8	TWO, TANH, SINH, ONE, TANH, POWER, SINH, TAN	5.987e-10	50365	0	2262.0	9.2	-2*Zeta[1/2]*(Zeta[1/2, 1/4] - Zeta[1/2, 3/4])
1235	-zeta'(1/2)	special	64	not found	8	NINE, EIGHT, DIVIDE, COSH, SIN, ARCTAN, PI, PLUS	1.560e-12	41225	0	2251.0	11.8	-Derivative[1][Zeta][1/2]
1236	ln(53)	elementary	64	exact	5	SEVEN, SQR, FOUR, PLUS, LOG	0.000e+00	9	0	0.3	64.0	Log[53]
1237	1000^(1/5)	algebraic	64	exact	7	THREE, ARCSINH, COSH, SIX, FIVE, DIVIDE, POWER	0.000e+00	2162	0	71.2	64.0	1000^(1/5)
1239	ln(59)	elementary	64	exact	5	EIGHT, SQR, FIVE, SUBTRACT, LOG	0.000e+00	3	0	0.3	64.0	Log[59]
1240	ln(61)	elementary	64	exact	5	EIGHT, SQR, THREE, SUBTRACT, LOG	0.000e+00	7	0	0.3	64.0	Log[61]
1241	sqrt(17)	algebraic	64	exact	3	FOUR, ARCSINH, COSH	0.000e+00	1	0	0.2	64.0	Sqrt[17]
1242	sqrt(2*Pi*e)	elementary	64	exact	6	TWO, EULER, TIMES, PI, TIMES, SQRT	0.000e+00	88	0	2.7	64.0	Sqrt[2Pi E]
1243	Hardy-Littlewood prime quadruples constant	special	64	not found	8	SEVEN, TANH, THREE, SQRT, DIVIDE, COSH, NINE, POWER	8.699e-11	36715	0	2248.7	10.1	(27*Product[((-4 + Prime[\[FormalK]])*Prime[\[FormalK]]^3)/(-1 + Prime[\[FormalK]])^4, {\[FormalK], 3, Infinity}])/2
1244	four thirds pi	elementary	64	exact	5	TWO, INV, ARCCOS, PI, PLUS	0.000e+00	34	0	0.8	64.0	4*Pi/3
1245	ln(67)	elementary	64	exact	5	EIGHT, SQR, THREE, PLUS, LOG	0.000e+00	10	0	0.7	64.0	Log[67]
1246	(4*sqrt(2)*Pi^2)/gamma(1/4)^2	special	64	exact	8	TWO, LOG, SINH, GAMMA, SQR, EIGHT, SQRT, TIMES	0.000e+00	53905	0	2257.4	64.0	(4*Sqrt[2]*Pi^2)/Gamma[1/4]^2
1247	ln(71)	elementary	64	exact	5	EIGHT, SQR, SEVEN, PLUS, LOG	0.000e+00	4	0	0.8	64.0	Log[71]
1248	Pi*e/2	elementary	64	exact	4	ONE, ARCSIN, EULER, TIMES	2.220e-16	2	0	0.4	64.0	(Pi*E)/2
1249	ln(73)	elementary	64	exact	5	EIGHT, SQR, NINE, PLUS, LOG	0.000e+00	3	0	0.7	64.0	Log[73]
1250	asymptotic value of the second raw moment of the maximal exponent in the prime factorizations of n (A051903)	special	64	not found	8	NEG, SINH, GAMMA, FIVE, INV, POWER, COSH, SINH	2.255e-09	66242	0	2251.7	8.6	1 + Sum[(2*j - 1)*(1 - 1/Zeta[j]), {j, 2, 400}]
1251	Korn constant	rational	64	exact	6	EIGHT, TWO, SEVEN, INV, SUBTRACT, DIVIDE	0.000e+00	58	0	2.8	64.0	56/13
1252	alpha, the unique solution on [2,oo) of the equation alpha*log((2*e)/alpha)=1	special	64	not found	8	EULER, COS, ONE, COS, SUBTRACT, EXP, SIN, INV	8.245e-10	39581	0	2246.3	9.1	-1/ProductLog[-1/(2*E)]
1253	sqrt(19)	algebraic	64	exact	5	FOUR, SQR, THREE, PLUS, SQRT	0.000e+00	4	0	0.4	64.0	Sqrt[19]
1254	ln(79)	elementary	64	exact	5	NINE, SQR, TWO, SUBTRACT, LOG	0.000e+00	4	0	0.3	64.0	Log[79]
1255	Hayman constant	special	64	exact	8	PI, TWO, LOG, SINH, GAMMA, SQR, DIVIDE, SQR	2.220e-16	32917	0	2246.1	64.0	Gamma[1/4]^4/(4*Pi^2)
1256	ln(83)	elementary	64	exact	5	NINE, SQR, TWO, PLUS, LOG	0.000e+00	4	0	0.8	64.0	Log[83]
1257	pi(2)^(1/2)	elementary	64	exact	4	TWO, SQRT, PI, TIMES	0.000e+00	2	0	0.5	64.0	Pi*2^(1/2)
1258	ln(89)	elementary	64	exact	5	NINE, SQR, EIGHT, PLUS, LOG	0.000e+00	2	0	0.7	64.0	Log[89]
1259	Freiman constant	algebraic	64	not found	8	ONE, SEVEN, TAN, SUBTRACT, SEVEN, GAMMA, TIMES, LOG	1.547e-09	34684	0	2259.4	8.8	(2221564096 + 283748*Sqrt[462])/491993569
1260	Van der Pauw constant	elementary	64	exact	4	PI, TWO, LOG, DIVIDE	0.000e+00	1	0	0.3	64.0	Pi/Log[2]
1261	Gasper constant	algebraic	64	not found	8	SEVEN, COS, SIN, SINH, FIVE, POWER, SIN, INV	7.341e-10	36756	0	2255.2	9.1	Root[-1134 - 3780*#1 - 5013*#1^2 - 3247*#1^3 - 948*#1^4 - 14*#1^5 + 55*#1^6 + 9*#1^7 & , 1]
1262	ln(97)	elementary	64	exact	6	SEVEN, ARCCOSH, TWO, TIMES, COSH, LOG	0.000e+00	61	0	3.0	64.0	Log[97]
1263	2ln(10)	elementary	64	exact	5	SIX, FOUR, PLUS, SQR, LOG	0.000e+00	17	0	0.6	64.0	2*Log[10]
1264	100^(1/3)	algebraic	64	exact	7	TWO, FIVE, TIMES, THREE, INV, POWER, SQR	0.000e+00	3230	0	72.9	64.0	100^(1/3)
1265	Product_{p prime} (1 + 1/p^(4/3) + 1/p^(5/3))	none	64	not found	8	PI, SEVEN, SQR, LOG, ARCCOSH, POWER, SQR, LOG	8.574e-10	51838	0	2249.7	9.1	
1266	Feigenbaum delta	none	64	not found	8	NEG, COSH, ARCSINH, COS, EIGHT, LOG, SQR, PLUS	1.785e-10	38852	0	2263.1	9.7	
1267	3pi/2	elementary	64	exact	4	ONE, ARCSIN, THREE, TIMES	0.000e+00	7	0	0.3	64.0	3*Pi/2
1268	rod constant	special	64	not found	8	SIX, GOLDENRATIO, DIVIDE, ARCTAN, FIVE, COS, ARCTAN, DIVIDE	1.846e-09	33919	0	2244.5	8.7	Root[{-1 + Cos[#1]*Cosh[#1] & , 4.730040744862704026`19.67486488179338}]
1269	sqrt(23)	algebraic	64	exact	5	FOUR, SQR, SEVEN, PLUS, SQRT	0.000e+00	8	0	0.8	64.0	Sqrt[23]
1270	John constant lower bound	special	64	exact	3	ONE, ARCSIN, EXP	0.000e+00	2	0	0.3	64.0	I^(-I)
1271	two-arc beam detection constant	special	64	not found	8	EULER, SIN, SIX, COS, DIVIDE, EXP, PI, TIMES	6.643e-10	43891	0	2246.9	9.2	ConditionalExpression[Extension`TwoArcApproximationBeamDetectionConstant == -2*\[FormalA] - \[FormalB] + 2*Pi - Cos[\[FormalB]/2] + Sec[\[FormalB]/2] + 2*Tan[\[FormalA]/2] + Sin[\[FormalB]/2]*Tan[\[FormalA]/2], \[FormalA] == 4*ArcTan[Sqrt[\[FormalC]]] && \[FormalB] == 2*ArcSin[2*Cos[\[FormalA]]] && \[FormalB] == 2*ArcSin[2*Cos[\[FormalA]]] && \[FormalC] == Root[1 + 65*\[FormalX] - 2139*\[FormalX]^2 + 20476*\[FormalX]^3 - 78054*\[FormalX]^4 + 126214*\[FormalX]^5 - 78054*\[FormalX]^6 + 20476*\[FormalX]^7 - 2139*\[FormalX]^8 + 65*\[FormalX]^9 + \[FormalX]^10, \[FormalX], 4]]
1272	second moment of the reciprocal gamma distribution	none	64	not found	8	TWO, ARCSINH, EXP, COSH, ARCTAN, ARCSINH, EIGHT, POWER	8.891e-11	37859	0	2257.7	10.1	
1273	unique solution > 1 of the equation x*log(x)=2(x-1)	none	64	not found	8	TWO, EXP, TANH, COS, ARCTANH, ARCCOS, FOUR, PLUS	4.666e-10	42064	0	2266.1	9.3	
1274	xi_3 = 5*G, the volume of an ideal hyperbolic cube, where G is Gieseking's constant	none	64	not found	8	EULER, COS, ARCSIN, COSH, ONE, ARCSINH, POWER, EXP	1.225e-09	35500	0	2260.7	8.9	
1275	'lambda', a Sobolev isoperimetric constant related to the "rod inequality", arising from the elasticity study of a rod t	none	64	not found	8	FIVE, SEVEN, ARCSINH, DIVIDE, TANH, GAMMA, FIVE, TIMES	6.891e-10	35330	0	2258.0	9.2	
1276	Lower limit of backward value of 5^n	none	64	not found	8	PI, EIGHT, GAMMA, SIN, TAN, DIVIDE, TWO, PLUS	2.807e-11	45945	0	2262.9	10.6	
1277	hypersphere maximal volume dimension constant	special	64	not found	8	SIX, TWO, COSH, ARCTAN, ARCSINH, GOLDENRATIO, POWER, DIVIDE	1.950e-09	33018	0	2253.8	8.7	Root[{-2 + Log[Pi]*#1 - PolyGamma[0, #1/2]*#1 & , 5.25694640486057678013283838869`29.720733549361597}]
1278	2*Pi^2*log(2) - 7*zeta(3)	special	64	not found	8	SIX, SQR, ARCTAN, TANH, GAMMA, SINH, FOUR, PLUS	4.048e-10	31554	0	2277.0	9.4	2Pi^2Log[2]-7Zeta[3]
1279	log 648000/π	elementary	64	not found	7	EIGHT, LOG, SQR, GOLDENRATIO, ARCTAN, GAMMA, PLUS	4.118e-10	52888	0	2255.0	9.4	Log10[648000/Pi]
1280	Pi*csc(Pi/5)	elementary	64	exact	6	PI, PI, FIVE, DIVIDE, SIN, DIVIDE	1.110e-16	30	0	2.7	64.0	Pi*Csc[Pi/5]
1281	sqrt(29)	algebraic	64	exact	5	FIVE, SQR, FOUR, PLUS, SQRT	0.000e+00	6	0	0.3	64.0	Sqrt[29]
1282	analog of Lévy's constant in case of the nearest integer continued fraction of -1/2<x<1/2	elementary	64	exact	7	PI, SQR, NINE, ARCCOSH, DIVIDE, EXP, SQRT	1.110e-16	1327	0	71.0	64.0	Exp[Pi^2/(12*Log[GoldenRatio])]
1283	sqrt(31)	algebraic	64	exact	5	FIVE, SQR, SIX, PLUS, SQRT	0.000e+00	6	0	0.3	64.0	Sqrt[31]
1284	pi^(3/2)	elementary	64	exact	4	PI, THREE, POWER, SQRT	0.000e+00	4	0	0.2	64.0	Pi^(3/2)
1285	1000^(1/4)	algebraic	64	exact	6	THREE, ARCSINH, COSH, THREE, POWER, SQRT	0.000e+00	32	0	2.6	64.0	1000^(1/4)
1286	a constant related to A000151	none	64	not found	8	GOLDENRATIO, ARCCOSH, ONE, ARCSIN, LOG, SIN, DIVIDE, SINH	5.766e-10	40135	0	2244.8	9.2	
1287	c for which b(n+1) = c^(b(n)/n) neither explodes nor converges (A278453)	none	64	not found	8	FIVE, LOG, SIN, SEVEN, DIVIDE, GAMMA, GAMMA, LOG	2.042e-10	35692	0	2251.6	9.7	
1288	'lambda', a Sobolev isoperimetric constant related to the "membrane inequality", arising from the study of a vibrating m	none	64	not found	8	TWO, SIN, SIX, INV, DIVIDE, THREE, POWER, ARCSINH	5.838e-10	37632	0	2254.3	9.2	
1289	zeta(3/4) * Product_{p prime} (1 + 1/p^(5/4) - 1/p^2 - 1/p^(9/4)) (negated)	none	64	not found	8	SIX, EIGHT, ARCCOSH, INV, TANH, EULER, DIVIDE, SUBTRACT	1.349e-10	34569	0	2248.3	9.9	
1290	sqrt(37)	algebraic	64	exact	3	SIX, ARCSINH, COSH	2.220e-16	1	0	0.1	64.0	Sqrt[37]
1291	Tau	elementary	64	exact	3	PI, TWO, TIMES	0.000e+00	3	0	0.2	64.0	2*Pi
1292	2 Pi/sin(arctan(2 Pi))	elementary	64	exact	5	PI, TWO, TIMES, ARCSINH, COSH	0.000e+00	4	0	0.3	64.0	2*Pi/Sin[ArcTan[2*Pi]]
1293	sqrt(41)	algebraic	64	exact	5	SIX, SQR, FIVE, PLUS, SQRT	0.000e+00	7	0	0.3	64.0	Sqrt[41]
1294	sqrt(43)	algebraic	64	exact	5	SIX, SQR, SEVEN, PLUS, SQRT	0.000e+00	28	0	0.3	64.0	Sqrt[43]
1295	Froda constant	elementary	64	exact	3	TWO, EULER, POWER	1.110e-16	1	0	0.1	64.0	2^E
1296	(real) period of the elliptic function sn(x,1/2)	special	64	not found	8	EULER, SINH, FOUR, EXP, TIMES, ARCCOSH, GAMMA, ARCCOSH	6.023e-10	36326	0	2253.6	9.2	8*EllipticK[-1/3]/Sqrt[3]
1297	sqrt(47)	algebraic	64	exact	5	SEVEN, SQR, TWO, SUBTRACT, SQRT	0.000e+00	2	0	0.3	64.0	Sqrt[47]
1298	3ln(10)	elementary	64	exact	6	FIVE, THREE, POWER, EIGHT, TIMES, LOG	0.000e+00	106	0	2.7	64.0	3*Log[10]
1299	John constant upper bound	special	64	not found	8	FIVE, THREE, TANH, SQR, SUBTRACT, ARCCOSH, EULER, POWER	7.093e-10	33412	0	2256.3	9.1	ConditionalExpression[Extension`JohnConstantUpperBound == Exp[\[FormalLambda]*Pi], Pi/Exp[2*\[FormalLambda]*Pi] == Sum[(\[FormalK]*Exp[-1/2*(\[FormalK]*Pi)/\[FormalLambda]])/(\[FormalK]^2 + \[FormalLambda]^2), {\[FormalK], 1, Infinity}]]
1300	hypersphere maximal surface area dimension constant	special	64	not found	8	GOLDENRATIO, EXP, ARCCOSH, EIGHT, POWER, ARCCOSH, ARCSINH, SQR	1.081e-09	31724	0	2247.6	9.0	Root[{Log[Pi] - PolyGamma[0, #1/2] & , 7.25694640486057678013283838869`29.860753915673623}]
1301	sqrt(53)	algebraic	64	exact	5	SEVEN, SQR, FOUR, PLUS, SQRT	0.000e+00	2	0	0.4	64.0	Sqrt[53]
1302	c_o, coefficient associated with the asymptotic evaluation c_o*2^(n^2/4) of the number of subspaces of the n-dimensional	none	64	not found	8	EIGHT, TANH, TWO, EXP, ARCCOSH, DIVIDE, SEVEN, PLUS	3.103e-10	40215	0	2257.1	9.5	
1303	c_e, coefficient associated with the asymptotic evaluation c_e*2^(n^2/4) of the number of subspaces of the n-dimensional	none	64	not found	8	SEVEN, GAMMA, THREE, POWER, EULER, POWER, ARCSINH, SQRT	1.971e-09	47708	0	2246.4	8.7	
1304	e^2	elementary	64	exact	2	TWO, EXP	0.000e+00	2	0	0.1	64.0	E^2
1305	sqrt(59)	algebraic	64	exact	5	EIGHT, SQR, FIVE, SUBTRACT, SQRT	0.000e+00	1	0	0.3	64.0	Sqrt[59]
1306	digital search tree θ constant	special	64	not found	8	TWO, GOLDENRATIO, POWER, GOLDENRATIO, TIMES, EIGHT, ARCSINH, PLUS	9.948e-11	32177	0	2251.8	10.0	Sum[(2^(((-1 + \[FormalK])*\[FormalK])/2)*\[FormalK]*Sum[(-1 + 2^\[FormalI])^(-1), {\[FormalI], 1, \[FormalK]}])/Product[-1 + 2^\[FormalJ], {\[FormalJ], 1, \[FormalK]}], {\[FormalK], 1, Infinity}]
1307	sqrt(61)	algebraic	64	exact	5	EIGHT, SQR, THREE, SUBTRACT, SQRT	0.000e+00	1	0	0.4	64.0	Sqrt[61]
1308	Sierpiński's third constant, K3 = lim_{n->oo} ((1/n) * (Sum_{i=1..n} (A004018(i))^2) - 4 * log(n))	special	64	not found	8	EIGHT, SEVEN, FOUR, SIN, POWER, SUBTRACT, GAMMA, LOG	4.365e-10	30607	0	2259.8	9.4	4/3 (24*Log[Gamma[3/4]] - 12*Log[Pi] + 72*Log[Glaisher] - 5*Log[2] + 6*EulerGamma - 3)
1309	sqrt(67)	algebraic	64	exact	5	EIGHT, SQR, THREE, PLUS, SQRT	0.000e+00	18	0	0.4	64.0	Sqrt[67]
1310	sqrt(71)	algebraic	64	exact	5	EIGHT, SQR, SEVEN, PLUS, SQRT	0.000e+00	5	0	0.3	64.0	Sqrt[71]
1311	sqrt(73)	algebraic	64	exact	5	EIGHT, SQR, NINE, PLUS, SQRT	0.000e+00	10	0	0.3	64.0	Sqrt[73]
1312	polygon circumscription constant	special	64	not found	8	SIX, ARCTAN, NINE, SQR, ARCTAN, POWER, SEVEN, PLUS	1.601e-09	34111	0	2273.7	8.8	Product[Sec[Pi/\[FormalK]], {\[FormalK], 3, Infinity}]
1313	sqrt(79)	algebraic	64	exact	5	NINE, SQR, TWO, SUBTRACT, SQRT	0.000e+00	4	0	0.4	64.0	Sqrt[79]
1314	sqrt(83)	algebraic	64	exact	5	NINE, SQR, TWO, PLUS, SQRT	0.000e+00	6	0	0.3	64.0	Sqrt[83]
1315	4ln(10)	elementary	64	exact	6	FIVE, TWO, TIMES, SQR, SQR, LOG	0.000e+00	124	0	2.7	64.0	4*Log[10]
1316	Varga's constant	none	64	not found	7	PI, INV, PI, PLUS, INV, NINE, PLUS	1.044e-09	36850	0	2295.8	9.0	
1317	3pi	elementary	64	exact	3	PI, THREE, TIMES	0.000e+00	2	0	0.2	64.0	3*Pi
1318	sqrt(89)	algebraic	64	exact	5	NINE, SQR, EIGHT, PLUS, SQRT	0.000e+00	2	0	0.4	64.0	Sqrt[89]
1319	Wagon's constant	none	64	not found	8	FIVE, ARCTAN, GAMMA, SQR, ARCTANH, COS, NINE, PLUS	1.806e-10	70617	0	2266.1	9.7	
1320	Product_{p prime} (1 + 1/p^(5/4) + 1/p^(3/2) + 1/p^(7/4))	none	64	not found	8	EULER, SINH, EXP, ARCSINH, FOUR, TAN, SQRT, POWER	6.578e-10	25124	0	2249.7	9.2	
1321	sqrt(97)	algebraic	64	exact	6	NINE, SQR, FOUR, SQR, PLUS, SQRT	0.000e+00	100	0	3.2	64.0	Sqrt[97]
1322	π^2	elementary	64	exact	2	PI, SQR	0.000e+00	1	0	0.3	64.0	Pi^2
1323	smallest number > 1 with the same digits in decimal and binary	none	64	not found	8	PI, LOG, COS, SIN, INV, EULER, COSH, PLUS	1.169e-09	48831	0	2249.3	8.9	
1324	2*zeta(3/2)^4/(3*sqrt(2*Pi)*zeta(3))	special	64	not found	8	EIGHT, ARCSINH, ARCTAN, FIVE, SQR, DIVIDE, LOG, GAMMA	2.320e-09	23461	0	2259.1	8.6	2*Zeta[3/2]^4/(3*Sqrt[2*Pi]*Zeta[3])
1325	e^(Pi^2/(6*log(2)))	elementary	64	exact	7	PI, SQR, EIGHT, LOG, DIVIDE, EXP, SQRT	0.000e+00	995	0	71.3	63.4	E^(Pi^2/(6Log[2]))
1326	z_c = phi^5 (where phi is the golden ratio), a lattice statistics constant which is the exact value of the critical acti	algebraic	64	exact	3	GOLDENRATIO, FIVE, POWER	2.220e-16	1	0	0.1	63.5	GoldenRatio^5
1327	5ln(10)	elementary	64	exact	6	TWO, FIVE, TIMES, FIVE, POWER, LOG	0.000e+00	59	0	2.7	63.4	5*Log[10]
1328	4pi	elementary	64	exact	3	PI, FOUR, TIMES	0.000e+00	2	0	0.2	64.0	4*Pi
1329	6ln(10)	elementary	64	exact	6	EIGHT, TWO, PLUS, SIX, POWER, LOG	0.000e+00	54	0	2.6	63.5	6*Log[10]
1330	Imaginary part of first non-trivial zero of zeta function	special	64	not found	8	FIVE, ARCCOSH, LOG, SEVEN, TAN, PLUS, SINH, EXP	7.422e-09	25996	0	2274.5	8.1	Im[ZetaZero[1]]
1331	Product_{j>=1, j!=2} zeta(j/2) (negated)	none	64	not found	8	GOLDENRATIO, ARCTAN, INV, NINE, SUBTRACT, SINH, SQR, LOG	6.412e-09	16549	0	2242.9	8.2	
1332	exponential reiterated constant	elementary	64	exact	2	EULER, EXP	1.110e-16	1	0	0.3	63.6	E^E
1333	5pi	elementary	64	exact	3	PI, FIVE, TIMES	0.000e+00	2	0	0.3	64.0	5*Pi
1334	7ln(10)	elementary	64	exact	6	FOUR, SIX, PLUS, SEVEN, POWER, LOG	0.000e+00	42	0	3.1	63.7	7*Log[10]
1335	Product_{p prime} (1 + 1/p^(6/5) + 1/p^(7/5) - 1/p^2 - 1/p^(11/5) - 1/p^(12/5)) (negated)	none	64	not found	8	GOLDENRATIO, EIGHT, ARCCOSH, COS, INV, ARCSINH, GAMMA, SUBTRACT	1.967e-09	14433	0	2243.1	8.7	
1336	8ln(10)	elementary	64	exact	6	TWO, EIGHT, PLUS, EIGHT, POWER, LOG	0.000e+00	59	0	3.1	63.9	8*Log[10]
1337	6pi	elementary	64	exact	3	PI, SIX, TIMES	0.000e+00	2	0	0.3	63.7	6*Pi
1338	Product_{p prime} (1 + 1/p^(6/5) + 1/p^(7/5) + 1/p^(8/5) + 1/p^(9/5))	none	64	not found	8	SIX, GOLDENRATIO, SINH, GAMMA, TANH, TAN, SUBTRACT, GAMMA	1.936e-09	11721	0	2242.7	8.7	
1339	e^pi - pi	elementary	64	exact	4	PI, EXP, PI, SUBTRACT	2.220e-16	1	0	0.2	63.9	E^Pi - Pi
1340	e^3	elementary	64	exact	2	THREE, EXP	0.000e+00	1	0	0.1	64.0	E^3
1341	9ln(10)	elementary	64	exact	6	THREE, SEVEN, PLUS, NINE, POWER, LOG	0.000e+00	63	0	2.7	64.0	9*Log[10]
1342	imaginary part of 2nd nontrivial zero of Riemann zeta function	none	64	not found	8	EULER, COS, SIN, SIX, DIVIDE, GOLDENRATIO, TAN, SUBTRACT	1.008e-09	13565	0	2248.4	9.0	
1343	7pi	elementary	64	exact	3	PI, SEVEN, TIMES	0.000e+00	2	0	0.2	63.8	7*Pi
1344	pi pow e	elementary	64	exact	3	PI, EULER, POWER	1.110e-16	1	0	0.2	63.7	Pi^E
1345	Gelfond's constant	elementary	64	exact	2	PI, EXP	1.110e-16	1	0	0.1	64.0	E^Pi
1346	imaginary part of 3rd nontrivial zero of Riemann zeta function	none	64	not found	8	EULER, GAMMA, EULER, SQR, POWER, TWO, ARCTAN, DIVIDE	3.053e-09	13439	0	2243.8	8.5	
1347	8pi	elementary	64	exact	3	PI, EIGHT, TIMES	0.000e+00	2	0	0.4	64.0	8*Pi
1348	9pi	elementary	64	exact	3	NINE, PI, TIMES	0.000e+00	2	0	0.3	64.0	9*Pi
1349	pi cubed	elementary	64	exact	3	PI, THREE, POWER	1.110e-16	1	0	0.3	63.9	Pi^3
1350	π^π	elementary	64	exact	3	PI, PI, POWER	2.220e-16	1	0	0.3	64.0	Pi^Pi
1351	e^4	elementary	64	exact	2	FOUR, EXP	0.000e+00	1	0	0.2	64.0	E^4
1352	radian	elementary	64	exact	6	SIX, SQR, PI, DIVIDE, FIVE, TIMES	0.000e+00	29	0	3.0	64.0	180/Pi
1353	pi^4	elementary	64	exact	3	PI, SQR, SQR	1.110e-16	2	0	0.3	64.0	Pi^4
1354	Product_{j>=1, j!=3} zeta(j/3)	none	64	not found	8	SIX, GAMMA, PI, FOUR, TAN, SUBTRACT, ARCCOSH, SUBTRACT	7.028e-09	4625	0	2254.9	8.2	
1355	Golden angle degrees	algebraic	64	exact	7	SIX, GAMMA, GOLDENRATIO, SQR, DIVIDE, THREE, TIMES	0.000e+00	132	0	71.6	63.7	180*(3 - Sqrt[5])
1356	e^5	elementary	64	exact	2	FIVE, EXP	0.000e+00	1	0	0.2	64.0	E^5
1357	pi^5	elementary	64	exact	3	PI, FIVE, POWER	2.220e-16	1	0	0.3	64.0	Pi^5
1358	e^6	elementary	64	exact	2	SIX, EXP	0.000e+00	1	0	0.2	64.0	E^6
1359	e^(2pi)	elementary	64	exact	3	PI, EXP, SQR	2.220e-16	1	0	0.3	64.0	E^(2*Pi)
1360	Jenny constant	elementary	64	not found	8	EIGHT, SEVEN, SQRT, TANH, TAN, SQRT, SUBTRACT, EXP	6.875e-10	2918	0	2305.7	9.2	(-9 + 7^(-E^(-1) + E))*Pi^2
1361	pi^6	elementary	64	exact	3	PI, SIX, POWER	2.220e-16	1	0	0.2	64.0	Pi^6
1362	e^7	elementary	64	exact	2	SEVEN, EXP	0.000e+00	1	0	0.1	63.7	E^7
1363	e^8	elementary	64	exact	2	EIGHT, EXP	0.000e+00	1	0	0.1	63.9	E^8
1364	pi^7	elementary	64	exact	3	PI, SEVEN, POWER	3.331e-16	1	0	0.2	63.9	Pi^7
1365	10800/π	elementary	64	exact	8	SEVEN, GAMMA, PI, DIVIDE, FIVE, TIMES, THREE, TIMES	0.000e+00	1590	0	2245.3	64.0	10800/Pi
1366	e^9	elementary	64	exact	2	NINE, EXP	0.000e+00	1	0	0.2	64.0	E^9
1367	Gram point crossover constant	special	64	not found	8	SIX, PI, POWER, FIVE, ARCCOSH, PLUS, GOLDENRATIO, POWER	1.107e-08	1134	0	2241.8	8.0	Root[{-RiemannSiegelTheta[#1] + Pi*#1 & , 9146.69819317145926586619766347`29.961264349227967}]
1368	pi^8	elementary	64	exact	3	PI, EIGHT, POWER	3.331e-16	1	0	0.2	64.0	Pi^8
1369	e^(3pi)	elementary	64	exact	4	PI, THREE, TIMES, EXP	3.331e-16	4	0	0.2	63.6	E^(3*Pi)
1370	e^10	elementary	64	exact	3	FIVE, EXP, SQR	1.110e-16	1	0	0.2	63.7	E^10
1371	pi^9	elementary	64	exact	3	PI, NINE, POWER	3.331e-16	1	0	0.1	64.0	Pi^9
1372	pi^10	elementary	64	exact	4	PI, FIVE, POWER, SQR	3.331e-16	2	0	0.2	64.0	Pi^10
1373	648000/π	elementary	64	not found	8	THREE, COSH, PI, PLUS, EXP, SEVEN, ARCSINH, DIVIDE	3.469e-08	737	0	2252.2	7.5	648000/Pi
1374	e^(4pi)	elementary	64	exact	4	PI, EXP, FOUR, POWER	2.220e-16	5	0	0.6	64.0	E^(4*Pi)
1375	e^(5pi)	elementary	64	exact	4	PI, EXP, FIVE, POWER	4.441e-16	4	0	0.6	64.0	E^(5*Pi)
1376	e^(6pi)	elementary	64	exact	4	PI, EXP, SIX, POWER	5.551e-16	4	0	0.5	63.9	E^(6*Pi)
1377	e^(7pi)	elementary	64	exact	4	PI, EXP, SEVEN, POWER	6.661e-16	4	0	0.4	64.0	E^(7*Pi)
1378	e^(8pi)	elementary	64	exact	4	PI, EXP, EIGHT, POWER	7.772e-16	4	0	0.5	64.0	E^(8*Pi)
1379	e^(9pi)	elementary	64	exact	4	PI, EXP, NINE, POWER	8.882e-16	4	0	0.4	64.0	E^(9*Pi)
1380	e^(10pi)	elementary	64	exact	5	PI, EXP, FIVE, POWER, SQR	8.882e-16	6	0	0.8	64.0	E^(10*Pi)
1381	Ramanujan's constant	elementary	64	not found	8	NINE, GOLDENRATIO, SUBTRACT, EXP, TWO, PLUS, SQRT, EXP	3.379e-07	15	0	2248.2	6.5	E^(Sqrt[163]*Pi)
