id	name	class	digits	verdict	K	RPN	REL_ERR	CR	agree	formula
1	conic constant	elementary	64	exact	4	NEG, EULER, SQR, TIMES	1.110e-16	2.5629	64.0	-E^2
2	log π/648000	elementary	64	not found	6	FIVE, EIGHT, TIMES, SINH, COS, GAMMA	5.569e-06	0.562679	-0.1	Log10[Pi/648000]
3	log π/10800	elementary	64	not found	6	FOUR, GOLDENRATIO, LOG, ARCSIN, TANH, SUBTRACT	2.486e-06	0.600194	5.6	Log10[Pi/10800]
4	log e^(-2π)	elementary	64	exact	6	THREE, ARCTAN, COS, LOG, PI, DIVIDE	0.000e+00	0.107091	64.0	Log10[E^(-2*Pi)]
5	(1 + 1/e)/(1/e - 1) = -coth(1/2)	elementary	64	exact	5	TWO, NEG, DIVIDE, TANH, INV	0.000e+00	0.12851	63.9	(1 + 1/E)/(1/E - 1)
6	Madelung 6D square lattice constant	special	64	not found	6	THREE, SINH, SIN, THREE, LOG, DIVIDE	5.502e-08	0.77743	7.3	(3*(4*DirichletBeta[5/2]*(-1 + Sqrt[2])*Zeta[1/2] - DirichletBeta[1/2]*(-1 + 4*Sqrt[2])*Zeta[5/2]))/Pi^2
7	Madelung 4D square lattice constant	special	64	not found	6	TWO, TAN, EULER, COSH, TAN, DIVIDE	6.354e-07	0.663643	6.2	-8*(5 - 3*Sqrt[2])*Zeta[-1/2]*Zeta[1/2]
8	log π/180	elementary	64	not found	6	SIX, PI, SINH, ONE, SUBTRACT, DIVIDE	3.377e-07	0.693032	6.5	Log10[Pi/180]
9	Madelung 2D square lattice constant	special	64	not found	6	SEVEN, FIVE, ARCTAN, PLUS, LOG, TAN	1.276e-07	0.738313	6.9	4*DirichletBeta[1/2]*(-1 + Sqrt[2])*Zeta[1/2]
10	Bateman-Grosswald constant	special	64	not found	6	EULER, SIX, SQRT, SQRT, ARCSINH, SUBTRACT	4.056e-07	0.684521	6.4	Zeta[2/3]/Zeta[2]
11	log e^(-π)	elementary	64	not found	6	EULER, SINH, EIGHT, ARCCOSH, SUBTRACT, ARCTAN	3.639e-07	0.689558	6.4	Log10[E^(-Pi)]
12	log 1/4π	elementary	64	not found	5	THREE, FOUR, COS, TIMES, ARCTAN	1.039e-06	0.768898	6.0	Log10[1/(4*Pi)]
13	generalized Stirling constant	special	64	not found	6	GOLDENRATIO, EXP, INV, GAMMA, SIN, INV	8.295e-07	0.651245	6.1	EulerGamma^2/4 - Pi^2/48 + StieltjesGamma[1]/2 - Log[2*Pi]^2/4
14	Neg	rational	64	exact	1	NEG	0.000e+00	0.642549	64.0	-1
15	log 1/π^2	elementary	64	not found	6	TWO, FOUR, EXP, SIN, SUBTRACT, TANH	8.848e-09	0.862422	8.1	Log10[1/Pi^2]
16	log 1/3π	elementary	64	not found	6	FOUR, ARCSINH, TWO, TANH, SINH, SUBTRACT	9.957e-08	0.74984	7.0	Log10[1/(3*Pi)]
17	zeta'(2)	special	64	not found	6	GOLDENRATIO, PI, ARCSINH, INV, SUBTRACT, ARCSINH	4.546e-07	0.679212	6.3	Derivative[1][Zeta][2]
18	log 1/e^2	elementary	64	exact	5	THREE, ARCTAN, COS, LOG, INV	2.220e-16	2.011635	64.0	Log10[1/E^2]
19	log 1/2π	elementary	64	not found	6	EULER, INV, PI, SQR, SIN, SUBTRACT	9.895e-07	0.643039	6.0	Log10[1/(2*Pi)]
20	infinite tetration of reciprocal root 2	special	64	not found	6	TWO, SQRT, SEVEN, SIN, DIVIDE, LOG	7.209e-07	0.657767	6.1	(-2*ProductLog[Log[2]/2])/Log[2]
21	log e^(-π/2)	elementary	64	not found	6	EULER, ARCCOSH, SIX, COSH, DIVIDE, COS	5.914e-07	0.666982	6.2	Log10[E^(-Pi/2)]
22	Granville-Soundararajan constant	special	64	not found	6	SEVEN, SIN, SIX, TANH, LOG, SUBTRACT	1.927e-07	0.719143	6.7	1 + Pi^2/3 + 4*PolyLog[2, -Sqrt[E]]
23	ln(gamma)	special	64	not found	6	NINE, SQR, ARCCOSH, EXP, ARCCOSH, TAN	5.524e-08	0.777244	7.3	Log[EulerGamma]
24	log 1/π	elementary	64	not found	6	THREE, SQRT, SIX, SIN, SUBTRACT, INV	2.178e-07	0.713428	6.7	Log10[1/Pi]
25	log 1/e	elementary	64	exact	6	TWO, FIVE, INV, DIVIDE, LOG, INV	2.220e-16	1.676362	64.0	Log10[1/E]
26	log Sqrt[1/2π]	elementary	64	not found	6	FOUR, EULER, POWER, COS, ARCSIN, TAN	5.427e-07	0.670978	6.3	Log10[Sqrt[1/(2*Pi)]]
27	ln ln two	elementary	64	exact	3	TWO, LOG, LOG	0.000e+00	0.0	64.0	Log[Log[2]]
28	log M = log e	elementary	64	not found	6	EULER, SEVEN, ARCCOSH, ARCCOSH, PLUS, COS	1.939e-06	0.611759	5.7	Log10[Log10[E]]
29	log π/6	elementary	64	not found	6	PI, THREE, TANH, POWER, TANH, LOG	5.730e-07	0.668445	6.2	Log10[Pi/6]
31	Airy function constant	special	64	not found	6	NEG, ARCSIN, SEVEN, DIVIDE, COS, TAN	1.182e-07	0.74187	6.9	-(1/(3^(1/3)*Gamma[1/3]))
32	log Sqrt[1/π]	elementary	64	not found	6	NINE, SIX, ARCCOSH, SUBTRACT, TAN, ARCTANH	1.250e-07	0.739257	6.9	Log10[Sqrt[1/Pi]]
33	log γ	special	64	not found	6	GOLDENRATIO, SEVEN, ARCTAN, SINH, COS, DIVIDE	3.406e-07	0.692639	6.5	Log10[EulerGamma]
34	log Sqrt[1/e]	elementary	64	not found	6	TWO, PI, EXP, COS, ARCTANH, DIVIDE	1.232e-06	0.632835	5.9	Log10[Sqrt[1/E]]
35	log Cbrt[3/4π]	elementary	64	not found	6	EIGHT, ARCCOSH, FOUR, COS, TANH, DIVIDE	9.811e-07	0.643435	6.0	Log10[CubeRoot[3/(4*Pi)]]
36	log 2/π	elementary	64	not found	6	SEVEN, SQR, ARCTAN, SEVEN, DIVIDE, COS	2.482e-06	0.60027	5.6	Log10[2/Pi]
37	log Cbrt[1/π]	elementary	64	not found	6	TWO, SINH, EULER, DIVIDE, ARCSIN, LOG	4.779e-06	0.569797	5.3	Log10[CubeRoot[1/Pi]]
38	log Cbrt[1/e]	elementary	64	not found	6	THREE, PI, EXP, COS, ARCTANH, DIVIDE	1.232e-06	0.632835	5.9	Log10[CubeRoot[1/E]]
39	ln(Gamma(4/3))	special	64	exact	5	THREE, FOUR, DIVIDE, GAMMA, LOG	1.554e-15	1.903031	63.4	LogGamma[4/3]
40	log π/4	elementary	64	not found	6	NEG, SIN, EIGHT, INV, SIN, TIMES	4.961e-07	0.675148	6.3	Log10[Pi/4]
41	ln(Gamma(5/3))	special	64	exact	5	THREE, FIVE, DIVIDE, GAMMA, LOG	1.443e-15	1.907167	63.9	LogGamma[5/3]
42	ln(Gamma(5/4))	special	64	exact	6	FOUR, FOUR, INV, GAMMA, DIVIDE, LOG	1.554e-15	1.585859	64.0	LogGamma[5/4]
43	log Sqrt[2/π]	elementary	64	not found	6	GOLDENRATIO, SEVEN, ARCCOSH, GAMMA, DIVIDE, LOG	1.337e-07	0.736136	6.9	Log10[Sqrt[2/Pi]]
44	ln(Gamma(7/4))	special	64	exact	5	FOUR, SEVEN, DIVIDE, GAMMA, LOG	1.332e-15	1.911635	64.0	LogGamma[7/4]
45	Stieltjes constant	special	64	not found	6	EIGHT, SQR, NEG, SUBTRACT, THREE, DIVIDE	1.021e-05	0.5345	5.0	1 + EulerGamma^2 - Pi^2/8 + 2*StieltjesGamma[1]
46	Gauchman constant	special	64	not found	6	SEVEN, COS, COS, EIGHT, DIVIDE, COS	7.035e-07	0.658905	6.2	ConditionalExpression[Extension`GauchmanConstant == \[FormalX], E^(\[FormalU]/2) + 2*E^\[FormalU] + E^((3*\[FormalU])/2) + E^(\[FormalU] + \[FormalV]) == E^\[FormalV] + 2*E^(\[FormalU]/2 + \[FormalV]) && 2*(1 + \[FormalX] + E^(\[FormalU]/2 - \[FormalV])) == 4/E^(\[FormalU]/2) + (-2 + \[FormalU])/E^\[FormalV] && 1 + \[FormalU] + 6*E^(\[FormalU]/2) + 4*E^\[FormalU] + 4*E^(\[FormalU]/2 + \[FormalV]) == \[FormalV] + 9*E^\[FormalV] && -1/40 < \[FormalX] < 0]
47	log 3/π	elementary	64	not found	6	SIX, EXP, FOUR, SUBTRACT, EIGHT, DIVIDE	8.391e-07	0.650707	6.1	Log10[3/Pi]
48	Zero	rational	64	exact	2	PI, SIN	1.225e-16	0.0	64.0	0
49	e^(-10pi)	elementary	64	exact	6	PI, NINE, NEG, SUBTRACT, EXP, POWER	1.554e-15	1.585859	64.0	E^(-10*Pi)
50	e^(-9pi)	elementary	64	exact	5	PI, NINE, EXP, INV, POWER	6.661e-16	1.95032	64.0	E^(-9*Pi)
51	'chi', a constant appearing in the asymptotic variance of the number of comparisons required for updating a digital sear	none	64	not found	5	FOUR, SQR, GAMMA, GOLDENRATIO, DIVIDE	6.101e-05	0.541619	4.2	
52	e^(-8pi)	elementary	64	exact	5	PI, EIGHT, EXP, INV, POWER	1.110e-15	1.92181	63.9	E^(-8*Pi)
53	e^(-7pi)	elementary	64	exact	5	PI, SEVEN, EXP, INV, POWER	8.882e-16	1.934264	64.0	E^(-7*Pi)
54	e^(-6pi)	elementary	64	exact	5	PI, SIX, EXP, INV, POWER	6.661e-16	1.95032	64.0	E^(-6*Pi)
55	e^(-5pi)	elementary	64	exact	5	PI, FIVE, EXP, INV, POWER	4.441e-16	1.972949	63.6	E^(-5*Pi)
56	e^(-4pi)	elementary	64	exact	5	PI, FOUR, EXP, INV, POWER	6.661e-16	1.95032	64.0	E^(-4*Pi)
57	1 arcsecond in radians	elementary	64	not found	6	PI, COSH, TAN, NINE, SINH, POWER	2.452e-05	0.493737	4.6	Pi/648000
58	pi^-10	elementary	64	exact	5	FIVE, PI, INV, SQR, POWER	8.882e-16	1.934264	63.5	Pi^(-10)
59	pi^-9	elementary	64	exact	4	NINE, PI, INV, POWER	6.661e-16	2.4379	63.8	Pi^(-9)
60	e^-10	elementary	64	exact	4	NINE, NEG, SUBTRACT, EXP	0.000e+00	-0.642549	64.0	E^(-10)
61	e^(-3pi)	elementary	64	exact	5	PI, THREE, EXP, INV, POWER	4.441e-16	1.972949	64.0	E^(-3*Pi)
62	pi^-8	elementary	64	exact	4	EIGHT, PI, INV, POWER	4.441e-16	2.466187	63.5	Pi^(-8)
63	sum_{r in Z}(1/r^3) where Z is the set of all nontrivial zeros r of the Riemann zeta function	special	64	not found	6	TWO, EXP, FIVE, COS, ARCTANH, POWER	1.440e-05	0.518502	4.8	-(-7*Zeta[3]/8 + EulerGamma^3 + 3*EulerGamma*StieltjesGamma[1] + 3/2*StieltjesGamma[2] + 1)
64	e^-9	elementary	64	exact	3	NINE, EXP, INV	2.220e-16	3.352724	63.4	E^(-9)
65	6th du Bois-Reymond constant	none	64	not found	6	SEVEN, FOUR, SIN, SINH, SUBTRACT, GAMMA	4.601e-05	0.464475	4.3	
66	1 arcminute in radians	elementary	64	not found	6	EIGHT, SINH, TAN, COSH, INV, SQR	9.234e-06	0.539163	5.0	Pi/10800
67	pi^-7	elementary	64	exact	4	SEVEN, PI, INV, POWER	4.441e-16	2.466187	64.0	Pi^(-7)
68	e^-8	elementary	64	exact	3	EIGHT, EXP, INV	0.000e+00	-0.642549	64.0	E^(-8)
69	zeta'(-5) (the derivative of Riemann's zeta function at -5) (negated)	special	64	not found	6	SEVEN, FOUR, TAN, PLUS, SINH, INV	2.471e-05	0.493383	4.6	-(Zeta'[-5])
70	zeta'(-7) (the derivative of Riemann's zeta function at -7) (negated)	special	64	not found	6	EIGHT, TAN, NINE, ARCSINH, POWER, ARCTANH	9.049e-06	0.540107	5.0	-(Zeta'[-7])
71	5th Stieltjes constant gamma_5	special	64	not found	6	TWO, EIGHT, GAMMA, PLUS, FOUR, DIVIDE	1.533e-05	0.515592	4.8	-(-StieltjesGamma[5])
72	e^-7	elementary	64	exact	3	SEVEN, EXP, INV	0.000e+00	-0.642549	64.0	E^(-7)
73	pi^-6	elementary	64	exact	4	SIX, PI, INV, POWER	4.441e-16	2.466187	63.5	Pi^(-6)
74	5th du Bois-Reymond constant	none	64	not found	6	NEG, ARCSIN, SINH, SINH, FOUR, POWER	1.199e-05	0.527011	4.9	
75	Heath-Brown–Moroz constant	special	64	not found	6	SEVEN, GAMMA, THREE, ARCTAN, SIN, DIVIDE	1.932e-05	0.504817	4.7	Product[(1 - Prime[n]^(-1))^7*(1 + (1 + 7*Prime[n])/Prime[n]^2), {n, 1, Infinity}]
76	e^(-2pi)	elementary	64	exact	4	PI, EXP, INV, SQR	0.000e+00	-0.321274	63.8	E^(-2*Pi)
77	'mu', a Sobolev isoperimetric constant related to the "rod inequality", arising from the elasticity study of a rod that 	none	64	not found	6	THREE, COSH, THREE, GOLDENRATIO, DIVIDE, POWER	4.392e-05	0.466637	4.4	
78	3rd Stieltjes constant gamma_3	special	64	not found	6	PI, SEVEN, INV, ARCSINH, DIVIDE, SQR	1.433e-05	0.518715	4.8	-(-StieltjesGamma[3])
79	4th Stieltjes constant gamma_4	special	64	not found	6	PI, GOLDENRATIO, SQR, COSH, INV, POWER	6.702e-06	0.554072	5.2	-(-StieltjesGamma[4])
80	e^-6	elementary	64	exact	3	SIX, EXP, INV	0.000e+00	-0.428366	64.0	E^(-6)
82	pi^-5	elementary	64	exact	4	FIVE, PI, INV, POWER	2.220e-16	2.514543	64.0	Pi^(-5)
83	16/(9*sqrt(184607))	algebraic	64	not found	6	PI, NEG, SUBTRACT, TWO, COSH, POWER	6.471e-06	0.555702	5.2	16/(9Sqrt[184607])
84	4th du Bois-Reymond constant	elementary	64	not found	6	SIX, SINH, PI, SQRT, ARCTAN, DIVIDE	4.942e-06	0.568241	5.3	(E^4 - 4E^2 - 25)/8
85	zeta'(-3) (the derivative of Riemann's zeta function at -3)	special	64	not found	6	GOLDENRATIO, GOLDENRATIO, COSH, SUBTRACT, SQR, LOG	6.687e-07	0.661267	6.2	Zeta'[-3]
86	zeta'(-6) (the derivative of Riemann's zeta function at -6) (negated)	special	64	not found	6	SIX, THREE, TAN, EXP, SUBTRACT, EXP	9.054e-06	0.540078	5.0	-(Zeta'[-6])
87	zeta''(0)+2, the coefficient of z^2 in the Laurent expansion of zeta(z) at the origin	special	64	not found	6	PI, FIVE, FOUR, TANH, DIVIDE, POWER	2.179e-05	0.499229	4.7	-(Zeta''[0]+2)
88	e^-5	elementary	64	exact	3	FIVE, EXP, INV	0.000e+00	-0.428366	64.0	E^(-5)
89	Wyler constant	special	64	not found	6	EIGHT, SIX, ARCSINH, SIN, TANH, POWER	6.271e-07	0.664252	6.2	(9*(5!^(-1))^(1/4))/(16*Pi^(11/4))
90	zeta'(-4) (the derivative of Riemann's zeta function at -4)	special	64	not found	6	EIGHT, TWO, COSH, TAN, DIVIDE, SQR	6.636e-06	0.554527	5.2	Zeta'[-4]
91	zeta'(-8) (the derivative of Riemann's zeta function at -8)	special	64	not found	6	FOUR, COSH, PI, COSH, SUBTRACT, SIN	4.173e-06	0.576108	5.4	Zeta'[-8]
92	sum of the alternating series tau(3), with tau(n) = Sum_{k>0} (-1)^k*log(k)^n/k	none	64	not found	6	GOLDENRATIO, COSH, TANH, GOLDENRATIO, SIN, SUBTRACT	5.803e-06	0.560764	5.2	
93	'mu', an isoperimetric constant associated with the study of a vibrating, homogeneous plate clamped at the boundary of t	none	64	not found	6	FOUR, PI, INV, TANH, SINH, POWER	2.243e-06	0.604977	5.6	
94	2nd Stieltjes constant gamma_2 (negated)	special	64	not found	6	FOUR, NEG, ARCSIN, INV, SUBTRACT, EXP	3.600e-06	0.582971	5.4	-StieltjesGamma[2]
95	pi^-4	elementary	64	exact	4	FOUR, PI, INV, POWER	2.220e-16	2.514543	63.7	Pi^(-4)
96	p_3 (so named by S. Finch), a probability related to Vallée's constant	none	64	not found	6	GOLDENRATIO, SQRT, FIVE, ARCTAN, SUBTRACT, SQR	3.289e-06	0.587172	5.5	
97	16/(207*sqrt(53))	algebraic	64	not found	6	SEVEN, EXP, SIN, ARCSINH, GAMMA, GAMMA	4.543e-06	0.572154	5.3	16/(207Sqrt[53])
98	cube tetrahedron-picking constant	elementary	64	not found	6	THREE, COSH, GAMMA, SQRT, NINE, DIVIDE	3.507e-06	0.584186	5.5	3977/216000 - Pi^2/2160
99	2*zeta(3)/Pi^2 - 11/18 + log(Pi)/3	special	64	not found	6	NINE, TWO, ARCSINH, COS, SIN, DIVIDE	1.621e-06	0.620072	5.8	2Zeta[3]/Pi^2-11/18+Log[Pi]/3
100	b_3, a constant associated with the 3rd Du Bois Reymond constant	none	64	not found	6	GOLDENRATIO, SIX, INV, SINH, SQR, DIVIDE	1.126e-06	0.63701	5.9	
101	tetrahedron tetrahedron-picking constant	elementary	64	not found	6	NINE, TWO, SQRT, COS, ARCSIN, DIVIDE	8.869e-06	0.541038	5.1	13/720 - Pi^2/15015
102	number of radians in one degree	elementary	64	exact	6	FIVE, NINE, ONE, ARCTAN, DIVIDE, DIVIDE	0.000e+00	-0.107091	64.0	Pi/180
103	sum of the alternating series tau(4), with tau(n) = Sum_{k>0} (-1)^k*log(k)^n/k	none	64	not found	6	EIGHT, EULER, NINE, POWER, SIN, DIVIDE	1.246e-05	0.52521	4.9	
104	e^-4	elementary	64	exact	3	FOUR, EXP, INV	2.220e-16	3.352724	64.0	E^(-4)
105	log π/3	elementary	64	not found	6	FOUR, SIX, EXP, SUBTRACT, EIGHT, DIVIDE	8.391e-07	0.650707	6.1	Log10[Pi/3]
106	a Shapiro-Drinfeld constant, known as Gauchman's constant, related to the difference of cyclic sums (negated)	none	64	not found	6	EIGHT, GOLDENRATIO, TAN, COS, SIN, POWER	1.811e-06	0.614938	5.7	
107	lambda(1) in Li's criterion	special	64	not found	6	SEVEN, GAMMA, LOG, SQR, ARCTAN, COS	2.218e-07	0.712598	6.7	EulerGamma/2 + 1 - Log[4 Pi]/2
108	triple integral of ({x/y}{y/z}{z/x})^2 over the unit cube	special	64	not found	6	EIGHT, PI, DIVIDE, SQR, TANH, SQR	5.270e-06	0.565249	5.3	1 - Zeta[2]/2 - Zeta[3]/2 + 7*Zeta[6]/48 + Zeta[2]*Zeta[3]/18 + Zeta[3]^2/18 + Zeta[3]*Zeta[4]/12
109	sum of the alternating series tau(5), with tau(n) = Sum_{k>0} (-1)^k*log(k)^n/k	none	64	not found	6	EULER, THREE, COS, SUBTRACT, EXP, ARCTAN	8.090e-07	0.652405	6.1	
110	Matthews' constant C_4, an analog of Artin's constant for primitive roots	none	64	not found	6	GOLDENRATIO, LOG, SQR, SIN, COSH, LOG	4.277e-06	0.574963	5.4	
111	3rd du Bois-Reymond constant	none	64	not found	6	FOUR, LOG, TAN, EXP, SIX, DIVIDE	3.068e-06	0.590416	5.5	
112	sum of reciprocals of squares of perfect numbers	none	64	not found	6	TWO, ARCCOSH, EXP, TANH, COSH, COS	2.270e-06	0.604412	5.6	
113	pi^-3	elementary	64	exact	4	THREE, PI, INV, POWER	2.220e-16	2.514543	63.9	Pi^(-3)
114	1/2 - log(2)/4 - G/Pi, where G = A006752	special	64	not found	6	FOUR, TAN, FOUR, SINH, PLUS, INV	3.461e-06	0.584806	5.5	1/2-Log[2]/4-Catalan/Pi
115	percolation cluster density constant	algebraic	64	not found	6	THREE, COSH, SIN, TWO, DIVIDE, EXP	6.924e-07	0.659643	6.2	-41/16 + (3*Sqrt[3])/2
116	1/4 - 7*zeta(3)/(4*Pi^2)	special	64	not found	6	EIGHT, ARCCOSH, TANH, COSH, COS, ARCTAN	3.727e-06	0.581358	5.4	1/4-7Zeta[3]/(4Pi^2)
117	a constant 'v' such that the asymptotic variance of the distribution of the longest cycle given a random n-permutation e	none	64	not found	6	EULER, GAMMA, GAMMA, GAMMA, SQRT, LOG	1.093e-06	0.638398	6.0	
118	H(1/2,1), a constant appearing in the asymptotic variance of the largest component of random mappings on n symbols, expr	none	64	not found	5	EIGHT, GAMMA, LOG, GAMMA, COS	8.883e-07	0.777669	6.1	
119	'v', a parking constant associated with the asymptotic variance of the number of cars that can be parked in a given inte	none	30	not found	6	TWO, EXP, SQR, EXP, TAN, SQR	1.050e-06	0.640282	0.4	
120	Integral_{0..1/2} log(gamma(x+1)) dx (negated)	special	64	not found	6	ONE, SINH, LOG, COS, COSH, COS	1.823e-07	0.721723	6.7	-(-1/2 - (7/24)*Log[2] + (1/4)*Log[Pi] + (3/2) * Log[Glaisher])
121	e^(-1pi)	elementary	64	exact	3	PI, EXP, INV	0.000e+00	-0.214183	64.0	E^(-1*Pi)
122	16/(9*sqrt(1609))	algebraic	64	not found	6	SEVEN, COS, GOLDENRATIO, TANH, SIN, SUBTRACT	5.541e-06	0.562917	5.3	16/(9Sqrt[1609])
123	pi^-e	elementary	64	exact	4	EULER, PI, INV, POWER	2.220e-16	2.514543	64.0	Pi^(-E)
124	sum_{r in Z}(1/r^2) where Z is the set of all nontrivial zeros r of the Riemann zeta function	special	64	not found	6	EULER, COS, ARCTANH, EXP, SQR, ARCSINH	2.084e-07	0.715491	6.7	-(-Pi^2/8 + EulerGamma^2 + 2*StieltjesGamma[1] + 1)
125	Mertens constant M(4,3) arising in the formula for the sum of reciprocals of primes p == 1 (mod 4)	none	64	not found	6	THREE, EXP, FOUR, INV, COS, DIVIDE	8.273e-07	0.651366	6.1	
126	p_2, a probability associated with continuant polynomials	none	64	not found	6	NINE, SEVEN, THREE, POWER, SIN, DIVIDE	6.658e-07	0.66147	6.2	
127	a constant related to the variance of the number of vertices of the largest tree associated with a random mapping on n s	none	64	not found	6	EULER, SQR, SEVEN, LOG, LOG, POWER	3.616e-06	0.582763	5.4	
128	e^-3	elementary	64	exact	3	THREE, EXP, INV	0.000e+00	-0.214183	64.0	E^(-3)
129	Integral_{x=0..Infinity} x*cos(x)/(1+x^2)	none	64	not found	6	NINE, EULER, SINH, LOG, DIVIDE, SQR	7.309e-08	0.764218	7.1	
130	ball tetrahedron-picking constant	elementary	64	not found	6	FIVE, SINH, FIVE, SQR, ARCSINH, DIVIDE	4.596e-06	0.571612	5.3	(12*Pi)/715
131	(9*sqrt(65) - 55)/320	algebraic	64	not found	6	SEVEN, SIX, SQRT, GOLDENRATIO, DIVIDE, POWER	3.833e-06	0.58006	5.4	(9Sqrt[65]-55)/320
132	log ln π	elementary	64	not found	6	SEVEN, TAN, THREE, DIVIDE, COSH, SIN	1.108e-06	0.637759	6.0	Log10[Log[Pi]]
133	constant A*B in the asymptotic expression of the summatory function Sum_{n=1..N} (1/phi(n)) as A(log(N)+B) + O(log(N)/N)	none	64	not found	6	TWO, TAN, EIGHT, DIVIDE, GAMMA, SQR	1.375e-06	0.627751	5.9	
134	Matthews' constant C_3, an analog of Artin's constant for primitive roots	none	64	not found	6	EULER, INV, ARCSINH, SIN, COSH, LOG	3.702e-06	0.581675	5.4	
135	Norton constant	special	64	not found	6	NINE, TAN, EIGHT, COS, TANH, TIMES	2.294e-08	0.818113	7.6	(-Pi^2 + 6*Log[2]*(-3 + 2*EulerGamma + Log[2] + 24*Log[Glaisher] - 2*Log[Pi]))/Pi^2
136	Sum_{k > 0} (-1)^k*log(k)^2/k	none	64	not found	6	THREE, NINE, COS, SUBTRACT, INV, SQR	6.211e-07	0.664696	6.2	
137	analog of the Gibbs-Wilbraham constant for L_1 trigonometric polynomial approximation	none	64	not found	6	SIX, COS, FIVE, POWER, GAMMA, INV	2.104e-06	0.60795	5.7	
138	e^-e	elementary	64	exact	3	EULER, EXP, INV	0.000e+00	-0.214183	64.0	E^(-E)
139	Pythagorean triple constant for perimeters	elementary	64	exact	5	PI, SQR, TWO, LOG, DIVIDE	0.000e+00	-0.12851	64.0	Log[2]/Pi^2
140	(sqrt(13) - 1)/36	algebraic	64	not found	6	EIGHT, NEG, TANH, SQR, DIVIDE, TANH	9.179e-08	0.753626	7.0	(Sqrt[13]-1)/36
141	1st Stieltjes constant gamma_1 (negated)	none	64	not found	6	EULER, SINH, SQRT, FIVE, INV, DIVIDE	1.582e-06	0.62121	5.8	
142	probability that a random walk on an 8-d lattice returns to the origin	none	64	not found	6	THREE, SQRT, EXP, NINE, SIN, DIVIDE	2.063e-06	0.608873	5.7	
143	disk triangle-picking constant	elementary	64	not found	6	TWO, ARCCOSH, LOG, SINH, TANH, SQR	1.324e-06	0.629493	5.9	35/(48*Pi^2)
144	1/4π	elementary	64	exact	4	PI, FOUR, INV, DIVIDE	0.000e+00	-0.160637	64.0	1/(4*Pi)
145	-Integral {x=1..2} log Gamma(x) dx	special	64	not found	6	EULER, GOLDENRATIO, EIGHT, PLUS, PLUS, INV	1.450e-07	0.732357	6.8	-Integrate[ Log[ Gamma[ x]], {x, 1, 2}]
146	-Zeta'(-1)/2	special	64	not found	6	NINE, GOLDENRATIO, TANH, ARCTAN, DIVIDE, TANH	7.831e-07	0.653922	6.1	-(1/24 - Log[Glaisher]/2)
147	solution to the Heilbronn triangle problem for seven points in a unit square	none	64	not found	6	SIX, ARCSINH, INV, GAMMA, SQRT, COS	1.482e-06	0.624252	5.8	
148	1-Catalan	special	64	not found	6	NINE, INV, EXP, EXP, SIN, ARCTAN	1.722e-07	0.72437	6.8	1 - Catalan
149	probability that a random walk on a 7-d lattice returns to the origin	none	64	not found	6	GOLDENRATIO, SQRT, SINH, THREE, SIN, DIVIDE	7.136e-07	0.658239	6.1	
150	Erdős–Tenenbaum–Ford constant	elementary	64	not found	6	EULER, COSH, SQR, TAN, COS, ARCSIN	2.658e-06	0.597081	5.6	1 - (1 + Log[Log[2]])/Log[2]
151	1/2-G/Pi, the lowest limiting trough of a square wave Fourier series, where G is the Gibbs-Wilbraham constant. [negated]	none	64	not found	6	FOUR, TAN, EIGHT, INV, TANH, POWER	2.827e-07	0.701315	6.5	
152	integral_{0..infinity} x*log(x)*(1-eta(x)^2) dx, where the function 'eta' is a solution of the Painlevé III differential	special	64	not found	5	EIGHT, LOG, ARCSINH, COS, ARCSINH	7.469e-07	0.787347	6.1	-(1/4 + (7/12)*Log[2] - 3*Log[Glaisher])
153	lambda(2) in Li's criterion	none	64	not found	6	NEG, SINH, EULER, COSH, POWER, TAN	1.021e-06	0.641566	6.0	
154	e^(-Pi^2/(6*log(2)))	elementary	64	not found	6	TWO, SQRT, FIVE, SIN, SUBTRACT, EXP	3.838e-07	0.687088	6.4	E^(-Pi^2/(6Log[2]))
155	second non-alternating series of reciprocal primes constant	special	64	not found	6	FOUR, FIVE, TAN, COS, EXP, DIVIDE	3.908e-07	0.686252	6.4	Sum[(-2 + Mod[Prime[\[FormalK]], 4])/Prime[\[FormalK]]^2, {\[FormalK], 2, Infinity}]
156	area of the convex hull of a circle of circumference 1 and a line segment of length 1/2 with midpoint at the circle cent	elementary	64	not found	6	PI, EXP, FIVE, SQRT, DIVIDE, TANH	1.244e-07	0.739498	6.9	(Sqrt[Pi^2-4]+Pi-2ArcCos[2/Pi])/(4Pi^2)
157	log Sqrt[π/2]	elementary	64	not found	6	SEVEN, ARCCOSH, GAMMA, GOLDENRATIO, DIVIDE, LOG	1.337e-07	0.736136	6.9	Log10[Sqrt[Pi/2]]
158	Sum_{n>=0} 1/10^(3^n), a transcendental number	none	64	not found	6	PI, SQRT, TAN, ARCSINH, EXP, ARCSINH	4.107e-07	0.683941	6.4	
159	pi^-2	elementary	64	exact	3	PI, INV, SQR	2.220e-16	3.352724	64.0	Pi^(-2)
160	value of the Dickman function at phi + 1 = phi^2 = (3 + sqrt(5))/2 (A104457)	elementary	64	not found	6	THREE, SQRT, TAN, TWO, ARCSINH, POWER	1.156e-06	0.635822	5.9	1 - 2*Log[GoldenRatio] + Log[GoldenRatio]^2 - Pi^2/60
161	Quinn-Rand-Strogatz constant c2 (negated)	none	64	not found	6	PI, ARCTAN, TANH, GAMMA, LOG, TANH	1.421e-06	0.626199	5.8	
162	probability that a random walk on a 6-d lattice returns to the origin	none	64	not found	6	FIVE, SQR, EULER, ARCSINH, GAMMA, POWER	1.668e-07	0.725831	6.8	
163	log 4/π	elementary	64	not found	6	ONE, SIN, EIGHT, INV, SIN, TIMES	4.961e-07	0.675148	6.3	Log10[4/Pi]
164	1/3π	elementary	64	exact	4	PI, THREE, INV, DIVIDE	1.110e-16	2.5629	63.4	1/(3*Pi)
165	one-ninth constant	special	64	not found	6	EIGHT, GOLDENRATIO, FOUR, SIN, PLUS, DIVIDE	1.621e-07	0.727166	6.8	With[{\[FormalX] = Root[{-2*EllipticE[#1^2] + EllipticK[#1^2] & , 0.908908557548541478236118908745`29.9585201924082}]}, Exp[-((Pi*EllipticK[1 - \[FormalX]^2])/EllipticK[\[FormalX]^2])]]
166	Michael Trott's constant: continued fraction expansion (allowing 0's) begins in same way as decimal expansion	none	53	not found	6	THREE, TAN, NINE, COS, DIVIDE, SIN	4.413e-07	0.680594	6.4	
167	Liouville's constant	special	64	not found	6	NEG, COS, PI, SQR, SIN, PLUS	8.079e-07	0.652471	6.1	Sum[10^(-n!), {n, 1, Infinity}]
168	1/sqrt(80) = sqrt(5)/20	algebraic	64	exact	4	NINE, INV, ARCSIN, TAN	0.000e+00	0.0	63.6	1/Sqrt[80]
169	mean cluster density for bond percolation on the triangular lattice	algebraic	64	not found	6	THREE, SINH, TWO, TANH, SINH, DIVIDE	5.697e-07	0.668717	6.2	35/4 - 3/(2*Sin[Pi/18])
170	Kepler–Bouwkamp constant	special	64	not found	6	SEVEN, SEVEN, SQRT, ARCSINH, PLUS, INV	6.416e-07	0.66319	6.2	Product[Cos[Pi/n], {n, 3, Infinity}]
171	Given the two curves y = (1 - exp(x/2))/(exp(x) + exp(x/2)) and y = (exp(-x) - 1)/2, draw a line tangent to both. This s	none	64	not found	6	EIGHT, ARCSINH, NINE, ARCSINH, SUBTRACT, SINH	1.174e-06	0.635103	5.9	
172	C_2 (so named by S. Finch), a constant which is an analog of Niven's constant when mean of exponents is considered inste	none	64	not found	6	EIGHT, EULER, ARCTAN, SQRT, GAMMA, DIVIDE	1.177e-06	0.634972	5.9	
173	4*Pi/105	elementary	64	not found	6	THREE, SQRT, SINH, LOG, ARCCOSH, ARCTANH	6.603e-07	0.661852	6.2	4*Pi/105
174	2/(5*sqrt(11))	algebraic	64	not found	6	TWO, SQRT, SIN, GAMMA, ARCCOSH, ARCTANH	1.816e-06	0.61481	5.7	2/(5Sqrt[11])
175	3*zeta(3)/2 + 12*log(2) - 10	special	64	not found	6	THREE, THREE, ARCTAN, PLUS, GAMMA, INV	4.166e-07	0.683273	6.4	3Zeta[3]/2+12Log[2]-10
176	50*Pi/1296	elementary	64	not found	6	THREE, ARCSINH, EXP, COS, INV, ARCCOSH	8.865e-07	0.648149	6.1	50Pi/1296
177	sqrt(Pi^2 - 4)/(2*Pi^2)	elementary	64	not found	6	SEVEN, SEVEN, TAN, INV, PLUS, INV	3.085e-07	0.697242	6.5	Sqrt[Pi^2-4]/(2Pi^2)
178	Champernowne constant	special	64	not found	6	NINE, THREE, ARCSINH, COSH, DIVIDE, SQR	8.281e-09	0.865504	8.1	ChampernowneNumber[]
179	first (of 10) decimal selvage numbers	none	64	not found	6	EULER, FOUR, SUBTRACT, SQRT, LOG, TANH	2.696e-06	0.596424	5.6	
180	Product_{k >= 1} (k*(k+1))^(-1/(k*(k+1))), a constant related to the alternating Lüroth representations of real numbers	none	64	not found	6	NINE, INV, THREE, ARCTAN, SUBTRACT, LOG	7.719e-07	0.654591	6.1	
181	3*sqrt(3)/(4*Pi^2)	elementary	64	not found	6	PI, PI, SINH, COS, POWER, TANH	4.627e-07	0.67839	6.3	3Sqrt[3]/(4Pi^2)
182	harmonic oscillator tunneling constant	special	64	not found	6	SEVEN, SIX, EIGHT, SIN, POWER, DIVIDE	5.340e-07	0.671725	6.3	2/(3^(2/3)*Gamma[1/3]^2)
183	probability that a random walk on the 5-d simple cubic (hypercubic) lattice returns to the origin	none	64	not found	6	FOUR, SEVEN, SQR, GAMMA, TAN, POWER	4.055e-07	0.684529	-1.6	
184	e^-2	elementary	64	exact	3	EULER, INV, SQR	0.000e+00	0.0	63.5	E^(-2)
185	probability that an integer 4-tuple is pairwise unitary coprime	none	64	not found	6	THREE, TANH, INV, COS, COSH, LOG	2.124e-06	0.607511	5.7	
186	Given the two curves y = (1 - exp(x/2))/(exp(x) + exp(x/2)) and y = (exp(-x) - 1)/2, draw a line tangent to both. This s	none	64	not found	6	NINE, SIX, COS, ARCSINH, ARCTANH, DIVIDE	1.310e-06	0.629975	5.9	
187	pi minus three	elementary	64	exact	3	THREE, PI, SUBTRACT	7.772e-16	3.236194	64.0	Pi - 3
188	Pi^4/15 + Pi^2*log(2)^2/4 - log(2)^4/4 - 21*log(2)*zeta(3)/4 - 6*Li_4(1/2)	special	64	not found	6	SEVEN, TAN, SINH, SINH, LOG, SIN	2.080e-07	0.715577	6.7	Pi^4/15+Pi^2Log[2]^2/4-Log[2]^4/4-21Log[2]Zeta[3]/4-6PolyLog[4,1/2]
189	log Cbrt[e]	elementary	64	not found	6	EIGHT, ARCSINH, LOG, LOG, TANH, SQRT	7.499e-07	0.655936	6.1	Log10[CubeRoot[E]]
190	Matthews' constant C_2, an analog of Artin's constant for primitive roots	none	64	not found	6	PI, GAMMA, ARCTAN, LOG, COSH, ARCCOSH	5.241e-07	0.672596	6.3	
191	arctan(1/2)/Pi	elementary	64	exact	5	PI, TWO, INV, ARCTAN, DIVIDE	0.000e+00	0.0	63.6	ArcTan[1/2]/Pi
192	(1-C_2)/e, a constant connected with two-sided generalized Fibonacci sequences, where C_2 is the Euler-Gompertz constant	none	64	not found	6	NEG, SINH, COS, SQR, SINH, SIN	4.874e-08	0.783062	7.3	
193	Given the two curves y = exp(-x) and y = 2/(exp(x) + exp(x/2)), draw a line tangent to both. This sequence is the decima	none	64	not found	6	SIX, EULER, PI, DIVIDE, GAMMA, DIVIDE	3.766e-08	0.795062	7.4	
194	9*zeta(3)/Pi^2 - 93*zeta(5)/(2*Pi^4) - log(2) + 1/4	special	64	not found	6	TWO, THREE, INV, TANH, SIN, DIVIDE	6.865e-07	0.660043	6.2	9Zeta[3]/Pi^2-93Zeta[5]/(2Pi^4)-Log[2]+1/4
195	Sum_{k >= 0} 1/(4*k+3)^2	special	64	not found	6	EULER, PI, LOG, DIVIDE, ARCTAN, SQR	1.746e-07	0.723714	6.8	Pi^2/16 - Catalan/2
196	Pythagorean triple constant for hypotenuses	elementary	64	exact	4	PI, TWO, INV, DIVIDE	0.000e+00	0.0	63.6	1/(2*Pi)
197	Sum_{k>=1} (-1)^k*log(k)/k	special	64	not found	6	NEG, SIN, SINH, SEVEN, POWER, SINH	3.668e-07	0.689195	6.4	EulerGamma*Log[2] - Log[2]^2/2
198	Euler-Kronecker constant (as named by P. Moree) for hypotenuse numbers	none	64	not found	6	FIVE, SINH, COS, INV, SIN, SQR	1.910e-06	0.612462	5.7	
199	log Cbrt[π]	elementary	64	not found	6	SEVEN, EULER, SIN, SIN, ARCCOS, DIVIDE	1.149e-06	0.636072	5.9	Log10[CubeRoot[Pi]]
200	sixth	rational	64	exact	2	SIX, INV	0.000e+00	0.0	63.7	1/6
201	Hall-Montgomery constant	special	64	not found	6	TWO, SIN, SEVEN, INV, ARCTANH, POWER	8.599e-07	0.649568	6.1	1 + Pi^2/6 + 2*PolyLog[2, -Sqrt[E]]
202	(-2*Catalan + Pi*log(2))/2	special	64	not found	6	EIGHT, GOLDENRATIO, SQRT, SQRT, SINH, DIVIDE	3.443e-07	0.692135	6.5	Pi*Log[2]/2 - Catalan
203	'mu', a Sobolev isoperimetric constant related to the "membrane inequality", arising from the study of a vibrating membr	none	64	not found	6	FIVE, ARCCOSH, SQRT, LOG, SQR, SINH	1.740e-06	0.616794	5.8	
204	log(2)/4	elementary	64	exact	4	FOUR, TWO, LOG, DIVIDE	0.000e+00	0.0	63.8	Log[2]/4
205	probability that three positive integers are pairwise not coprime	none	64	not found	5	SIX, NINE, COSH, PLUS, COS	1.774e-08	0.996099	7.8	
206	H, an auxiliary constant used to evaluate some Ising-related constants on triangular and hexagonal lattices (negated)	none	64	not found	6	SEVEN, PI, INV, TAN, ARCCOS, DIVIDE	1.103e-06	0.637992	6.0	
207	Gibbs-Wilbraham constant	special	64	not found	6	TWO, LOG, FOUR, SUBTRACT, LOG, LOG	1.910e-06	0.612451	5.7	-1 + (2*SinIntegral[Pi])/Pi
208	pi^(-3/2)	elementary	64	exact	5	PI, PI, INV, SQRT, DIVIDE	0.000e+00	0.0	63.8	Pi^(-3/2)
209	Markoff number asymptotic density constant	none	64	not found	6	EIGHT, NEG, ARCSINH, POWER, ARCCOS, LOG	9.476e-07	0.645052	6.0	
210	a1, the first of two constants associated with Djokovic's conjecture on an integral inequality	none	64	not found	6	SEVEN, LOG, ARCTAN, SQR, LOG, ARCSINH	1.342e-06	0.628857	5.9	
211	G/2 - Pi*log(2)/8, where G = A006752	special	64	not found	6	TWO, SEVEN, COSH, ARCTAN, SUBTRACT, SQR	6.067e-07	0.665791	6.2	Catalan/2-Pi Log[2]/8
212	Hardy-Littlewood constant C_6 = Product_{p prime > 6} 1/(1-1/p)^6 (1-6/p)	none	64	not found	6	SEVEN, GAMMA, ARCCOSH, PI, DIVIDE, SQR	1.002e-06	0.642447	6.0	
213	MRB constant	special	64	not found	5	FIVE, THREE, SQRT, TANH, DIVIDE	4.184e-07	0.819692	6.4	Sum[(-1)^n*(-1 + n^n^(-1)), {n, 1, Infinity}]
214	9*zeta(3)/(2*Pi^2) - log(2) + 1/3	special	64	not found	6	NINE, TAN, SINH, TANH, SQR, TANH	1.635e-06	0.61969	5.8	9Zeta[3]/(2Pi^2)-Log[2]+1/3
215	entropy of folding of the triangular lattice constant	special	64	not found	6	FIVE, TWO, SIN, SQRT, DIVIDE, SIN	6.471e-07	0.66279	6.2	Log[(Gamma[1/3]^(3/2)*Sqrt[3])/(2*Pi)]
216	gamma^3	special	64	not found	6	NEG, TANH, SIN, ARCCOS, COSH, INV	2.571e-06	0.598629	5.6	EulerGamma^3
217	1/sqrt(27)	algebraic	64	exact	4	NINE, THREE, SQRT, DIVIDE	1.110e-16	2.5629	63.7	1/Sqrt[27]
218	q of the maximum of the Dedekind eta function	none	64	not found	6	PI, ARCSINH, NINE, SIN, POWER, SINH	9.243e-08	0.7533	7.0	
219	probability that a random walk on a 4-d lattice returns to the origin	none	64	not found	6	ONE, SINH, SIX, ARCTAN, COS, TIMES	1.102e-06	0.638035	6.0	
220	Second du Bois-Reymond constant	elementary	64	exact	6	TWO, SEVEN, EULER, SQR, SUBTRACT, DIVIDE	1.887e-15	1.576829	63.7	(-7 + E^2)/2
221	log π/2	elementary	64	not found	6	SIX, TANH, FIVE, POWER, ARCTAN, COS	6.314e-08	0.771023	7.2	Log10[Pi/2]
222	Pi/16	none	64	exact	4	FOUR, ONE, ARCTAN, DIVIDE	0.000e+00	0.0	64.0	
223	Vallée constant	none	24	not found	6	PI, TANH, SIN, EXP, SINH, INV	5.727e-08	0.775563	7.2	
224	Erdős-Lebensold constant	special	24	not found	6	FIVE, EULER, GAMMA, COS, EXP, DIVIDE	3.813e-07	0.687386	6.4	Sum[1/(Prime[\[FormalK]]^\[FormalS]*Log[Prime[\[FormalK]]^\[FormalS]]), {\[FormalS], 1, Infinity}, {\[FormalK], 1, Infinity}]
225	(6/Pi^2) Sum_{p prime} 1/(p(p+1)), a Meissel-Mertens constant related to the asymptotic density of certain sequences of 	none	64	not found	6	EIGHT, SIN, SINH, TAN, COSH, INV	1.298e-06	0.63042	5.9	
226	Given the two curves y = exp(-x) and y = 2/(exp(x) + exp(x/2)), draw a line tangent to both. This sequence is the decima	none	64	not found	6	EIGHT, SQRT, COS, TAN, PI, POWER	1.298e-07	0.737506	6.9	
227	White House switchboard constant	elementary	64	not found	6	EULER, THREE, ARCCOSH, SIN, COS, POWER	3.203e-06	0.588407	5.5	Exp[-(1 + 8^(-1 + E)^(-1))^Pi^(-1)]
228	Rumor's constant	special	64	not found	6	NINE, TAN, SQR, SIN, ARCTAN, ARCTANH	4.731e-07	0.677354	6.3	-ProductLog[ -2/E^2]/2
229	ln(Gamma(3/4))	special	64	exact	5	FOUR, THREE, DIVIDE, GAMMA, LOG	0.000e+00	0.0	64.0	LogGamma[3/4]
230	sum of the reciprocals of the perfect numbers	none	64	not found	6	FIVE, GAMMA, ARCTAN, LOG, TAN, SQR	6.902e-07	0.659794	6.2	
231	log Cbrt[4π/3]	elementary	64	not found	6	EULER, EXP, TAN, ARCSIN, COSH, LOG	1.991e-07	0.717623	6.7	Log10[CubeRoot[4*Pi/3]]
232	lambda(3) in Li's criterion	none	64	not found	6	NEG, FIVE, COSH, TAN, COS, SUBTRACT	8.313e-08	0.758233	7.1	
233	e^(-pi/2)	elementary	64	exact	3	NEG, ARCSIN, EXP	2.220e-16	3.352724	63.7	E^(-Pi/2)
234	-zeta(-1/2)	special	64	not found	6	EULER, COS, COS, LOG, ARCTAN, SQR	1.117e-07	0.744511	7.0	-Zeta[-1/2]
235	a constant related to A000621	none	64	not found	6	FIVE, COS, GAMMA, COS, ARCSIN, EXP	3.626e-07	0.689724	6.4	
236	log Sqrt[e]	elementary	64	exact	6	FOUR, FIVE, SQR, TIMES, LOG, INV	1.110e-16	1.7086	64.0	Log10[Sqrt[E]]
237	Lochs-Porter constant	special	64	not found	6	TWO, EULER, TAN, INV, EXP, TIMES	2.752e-08	0.809641	7.6	3/4 - (3*Log[2]*(-2 + 4*EulerGamma + 3*Log[2] - (24*Derivative[1][Zeta][2])/Pi^2))/Pi^2 - (6*Log[2]*(-1/2 + (6*Derivative[1][Zeta][2])/Pi^2))/Pi^2
238	B (negated), a constant related to Glaisher's constant A and the Gaussian unitary ensemble hypothesis	none	64	not found	6	EULER, TANH, ARCSIN, SIX, SUBTRACT, INV	5.718e-07	0.668542	6.2	
239	2*log(2) - 4*Catalan/Pi	special	64	not found	6	SEVEN, LOG, INV, NEG, SUBTRACT, EXP	1.242e-06	0.632461	5.9	2*Log[2] - 4*Catalan/Pi
240	gamma^e	special	64	not found	6	NINE, SIN, ARCTANH, ARCTANH, SQR, TAN	5.472e-07	0.670588	6.3	EulerGamma^E
241	7*zeta(3)/(2*Pi^2) - log(2) + 1/2	special	64	not found	6	EIGHT, TAN, NEG, TAN, DIVIDE, TAN	9.553e-08	0.751766	7.0	7Zeta[3]/(2Pi^2)-Log[2]+1/2
242	Conway-Guy constant	special	64	not found	6	NEG, TANH, TAN, ARCSIN, PI, POWER	1.150e-06	0.636063	5.9	ConditionalExpression[Extension`ConwayGuyConstant == Limit[\[FormalV][\[FormalN]]/2^\[FormalN], \[FormalN] -> Infinity], \[FormalV][0] == 0 && \[FormalV][1] == 1 && \[FormalV][\[FormalN]] == 2*\[FormalV][-1 + \[FormalN]] - \[FormalV][-1 + \[FormalN] - Floor[1/2 + Sqrt[2*(-1 + \[FormalN])]]]]
243	Copeland–Erdős constant	special	64	not found	6	THREE, ARCTAN, COSH, COSH, TAN, SIN	1.864e-06	0.613586	5.7	Sum[10^(-\[FormalK] - Sum[Floor[Log[10, Prime[\[FormalJ]]]], {\[FormalJ], 1, \[FormalK]}])*Prime[\[FormalK]], {\[FormalK], 1, Infinity}]
244	Pi*(3 - gamma)/32, where gamma is Euler's constant A001620	special	64	not found	6	FIVE, LOG, NINE, SIN, POWER, ARCSINH	1.626e-07	0.727022	6.8	Pi*(3 - EulerGamma)/32
245	quadtree constant	special	64	not found	6	SEVEN, FIVE, DIVIDE, EXP, INV, SQR	8.807e-07	0.648456	6.1	228 - 26*Pi^2 + 24*Zeta[3]
246	1/sqrt(2*Pi*e), one of the Traveling Salesman constants	elementary	64	not found	6	SEVEN, GAMMA, SIN, COSH, SQR, COS	1.200e-06	0.634062	5.9	1/Sqrt[2*Pi*E]
247	a(F_5), the maximum inradius of all triangles that lie in a regular pentagon of width 1	none	64	not found	6	NEG, COS, TAN, TAN, GAMMA, COS	3.565e-07	0.690522	6.4	
248	rayleigh kurtosis excess	elementary	64	not found	6	NEG, COS, SIX, TANH, ARCTAN, SUBTRACT	1.684e-06	0.618321	5.8	-(6*Pi^2 - 24*Pi + 16)/(4 - Pi)^2
250	second (of 10) decimal selvage numbers	none	64	not found	6	THREE, INV, SQRT, GOLDENRATIO, POWER, COS	2.057e-07	0.716092	6.7	
251	log Sqrt[π]	elementary	64	not found	6	SIX, ARCCOSH, NINE, SUBTRACT, TAN, ARCTANH	1.250e-07	0.739257	6.9	Log10[Sqrt[Pi]]
252	logarithm of Glaisher's constant	special	64	not found	6	SIX, ARCTAN, INV, SIX, COS, SUBTRACT	1.129e-07	0.743993	6.9	Log[Glaisher]
253	a multiplicative constant related to A006196	none	64	not found	6	THREE, TWO, SIN, PLUS, INV, TANH	2.545e-07	0.706198	6.6	
254	self number density constant	special	64	not found	6	GOLDENRATIO, SIX, SUBTRACT, TWO, ARCTAN, DIVIDE	4.554e-08	0.78622	7.3	Sum[Piecewise[{{1, SatisfiableQ[\[FormalK] == Sum[(1 + 2^\[FormalN])*\[FormalA][\[FormalK], \[FormalN]], {\[FormalN], 1, Infinity}] && ForAll[\[FormalN], Element[\[FormalN], Integers] && \[FormalN] > 0, Element[\[FormalA][\[FormalK], \[FormalN]], Integers]], {\[FormalA]}]}}, 0]/2^\[FormalK], {\[FormalK], 1, Infinity}]^2/8
255	(1/384)*Pi^4	elementary	64	not found	6	EIGHT, ARCSINH, SQR, FOUR, SUBTRACT, GAMMA	8.623e-07	0.649441	6.1	Pi^4/ 384
256	Flajolet-Prodinger constant 'K', a constant related to asymptotically enumerating level number sequences for binary tree	none	64	not found	6	PI, ARCSINH, GAMMA, GAMMA, ARCCOSH, ARCSIN	6.983e-07	0.65925	6.2	
257	third (of 10) decimal selvage numbers	none	64	not found	6	PI, SQRT, EULER, COSH, LOG, SUBTRACT	2.382e-07	0.709269	6.6	
258	Meissel-Mertens constant	special	64	not found	6	FOUR, EULER, ARCTAN, GAMMA, SINH, DIVIDE	5.834e-08	0.774704	7.2	EulerGamma + Sum[Log[1 - Prime[n]^(-1)] + Prime[n]^(-1), {n, 1, Infinity}]
259	Pi/12	none	64	exact	4	THREE, ONE, ARCTAN, DIVIDE	2.220e-16	2.514543	64.0	
260	Mrs. Miniver constant	special	64	not found	6	SIX, SIN, SQR, ARCTAN, INV, SIN	1.428e-07	0.733058	6.8	Root[{#1 - Sin[Pi/6 - #1*Sqrt[1 - #1^2]] & , 0.264932084602776862`17.423134556719873}]
261	Ti_2(2-sqrt(3)), where Ti_2 is the inverse tangent integral function	none	64	not found	6	EULER, TANH, ARCCOS, INV, SIN, ARCCOS	1.093e-06	0.638413	6.0	
262	unforgeable word constant	special	64	not found	6	TWO, SEVEN, SQRT, SIX, DIVIDE, SUBTRACT	8.076e-09	0.866673	8.1	Sum[(2*(-1)^(-1 + \[FormalK])*Product[2^(-1 + 2^\[FormalJ])/(-1 + 2^(-1 + 2^\[FormalJ])), {\[FormalJ], 2, \[FormalK]}])/(-1 + 2^(-1 + 2^(1 + \[FormalK]))), {\[FormalK], 1, Infinity}]
263	volume of a regular ideal hyperbolic 4-simplex	elementary	64	not found	6	EIGHT, TANH, COSH, SINH, SQR, COS	1.526e-08	0.837062	7.8	10*Pi/3*ArcSin[1/3] - Pi^2/3
265	one of the Pell-Stevenhagen constants	none	64	not found	6	FOUR, GOLDENRATIO, ARCTAN, POWER, GAMMA, ARCCOS	1.733e-06	0.616985	5.8	
266	1/(8*log(2)*A005597), where A005597 is the twin prime constant C_2	none	64	not found	6	EULER, EIGHT, TANH, TANH, DIVIDE, ARCTAN	2.315e-07	0.710599	6.6	
267	constant appearing in the expected number of comparisons for an unsuccessful digital tree search (negated)	none	64	not found	6	TWO, ARCTAN, NEG, SINH, SQR, SUBTRACT	5.571e-07	0.669759	6.3	
269	(6/Pi^2)*Sum_{n>=1} 1/prime(n)^2	special	64	not found	6	THREE, TWO, NEG, SINH, PLUS, DIVIDE	1.920e-06	0.612204	5.7	6*PrimeZetaP[2]/Pi^2
270	1/Gamma(1/4)	special	64	exact	4	FOUR, INV, GAMMA, INV	2.220e-16	2.514543	64.0	1/Gamma[1/4]
271	rho_c = (5-sqrt(5))/10, the asymptotic critical density for the hard hexagon model	algebraic	64	exact	4	GOLDENRATIO, TWO, PLUS, INV	0.000e+00	0.0	63.8	(5 - Sqrt[5])/10
272	Bernstein's constant	none	50	not found	6	PI, SQRT, COS, INV, COS, SINH	2.081e-07	0.715567	6.7	
273	Series-parallel networks constant	none	22	not found	6	NEG, COS, GAMMA, SQRT, COS, SIN	1.139e-06	0.636494	5.9	
274	log 6/π	elementary	64	not found	6	THREE, TWO, TANH, SIN, DIVIDE, ARCTANH	7.608e-08	0.762358	7.1	Log10[6/Pi]
275	((5 - 2*sqrt(2))*Pi)/24	elementary	64	not found	6	PI, TWO, SIN, PLUS, ARCTAN, LOG	6.376e-07	0.663477	6.2	((5-2*Sqrt[2])*Pi)/24
276	Mertens constant M(3,2) arising in the formula for the sum of reciprocals of primes p == 2 (mod 3)	none	64	not found	6	SIX, TWO, ARCCOSH, SQR, DIVIDE, SIN	4.122e-07	0.683771	6.4	
277	Mertens constant M(4,1) arising in the formula for the sum of reciprocals of primes p == 1 (mod 4) (negated)	none	64	not found	6	FOUR, ARCSINH, GAMMA, ARCCOSH, SIN, ARCSINH	3.939e-07	0.685877	6.4	
278	strongly carefree constant	special	64	not found	6	NINE, COS, FOUR, POWER, ARCSINH, ARCTANH	1.827e-08	0.828713	7.7	Product[1 - (-2 + 3*Prime[\[FormalK]])/Prime[\[FormalK]]^3, {\[FormalK], 1, Infinity}]
279	digital search tree Q constant	special	64	not found	6	TWO, EULER, GAMMA, SINH, SUBTRACT, SIN	4.978e-07	0.674988	6.3	QPochhammer[1/2, 1/2]
280	Sum_{k>=0} (k!/(k+2)!)^2	elementary	64	exact	6	THREE, THREE, PI, SQR, DIVIDE, SUBTRACT	2.220e-16	1.676362	63.9	Pi^2/3 - 3
281	domino tiling constant	special	64	not found	6	SEVEN, ARCSINH, COS, GAMMA, SIN, SQR	1.278e-07	0.738243	6.9	Catalan/Pi
282	d_0, the constant term in the asymptotic expansion of the average number of registers needed to evaluate a binary tree	none	64	not found	6	SIX, ARCCOSH, COS, INV, COS, SIN	5.789e-08	0.775066	7.2	
283	(1/105)*Pi^3	elementary	64	not found	6	THREE, LOG, SQRT, ARCCOSH, ARCTAN, SIN	1.577e-07	0.728454	6.8	Pi^3/105
284	Pythagorean triple second-order constant for areas	special	64	not found	6	EULER, THREE, DIVIDE, THREE, INV, POWER	3.284e-07	0.694333	6.5	-(((1 + 2^(-1/3))*Zeta[1/3])/((1 + 2^(-2/3))*Zeta[4/3]))
285	a constant that appears in flux/diffusion problems with trapping surfaces	special	64	not found	6	GOLDENRATIO, SQR, EIGHT, SIN, ARCTAN, DIVIDE	1.110e-07	0.744767	7.0	-1/Pi * Integrate[Log[(6/x^2) * (1 - Sin[x]/x)]/x^2, {x, 0, Infinity}]
286	Wadsworth constant	rational	64	exact	5	TWO, FIVE, THREE, DIVIDE, DIVIDE	0.000e+00	0.0	64.0	3/10
287	Sum_{m,n >= 1} (-1)^(m + n)/(m*n*(m + n))	none	64	not found	6	SEVEN, SQR, COS, SINH, ARCTAN, SINH	2.806e-07	0.701655	6.6	
288	log10(2)	elementary	64	not found	6	PI, SINH, EULER, ARCCOSH, GAMMA, POWER	1.204e-07	0.741024	6.9	Log[10, 2]
289	ln(Gamma(2/3))	special	64	exact	5	THREE, TWO, DIVIDE, GAMMA, LOG	4.441e-16	1.972949	63.9	LogGamma[2/3]
290	coefficient c appearing in the asymptotic evaluation of the number of prime additive compositions of n as c*(1/xi)^n, wh	none	64	not found	6	SIX, GAMMA, SQR, SIN, TAN, EXP	6.847e-07	0.660167	6.2	
291	Gauss-Kuzmin-Wirsing constant	special	64	not found	6	GOLDENRATIO, EULER, SIN, SUBTRACT, EXP, ARCSIN	9.364e-08	0.752696	7.0	Inactive[Limit][Inactive[Part][SortBy[N][Abs[Eigenvalues[Inactive[Table][((-1)^\[FormalJ]*Inactive[Sum][(-2)^\[FormalI]*Binomial[\[FormalK], \[FormalI]]*Pochhammer[2 + \[FormalI], \[FormalJ]]*(-2^(2 + \[FormalI] + \[FormalJ]) + (-1 + 2^(2 + \[FormalI] + \[FormalJ]))*Zeta[2 + \[FormalI] + \[FormalJ]]), {\[FormalI], 0, \[FormalK]}])/((-2)^\[FormalK]*\[FormalJ]!), {\[FormalJ], 0, -1 + \[FormalN]}, {\[FormalK], 0, -1 + \[FormalN]}]]]], -2], \[FormalN] -> Infinity]
292	3/pi^2	elementary	64	exact	4	PI, SQR, THREE, DIVIDE	0.000e+00	0.0	64.0	3/Pi^2
293	radius of convergence of the generating function of A000625 (alcohol stereoisomers enumeration)	none	64	not found	6	NINE, GOLDENRATIO, COSH, DIVIDE, TAN, SINH	2.291e-07	0.711091	6.6	
294	1 - log(2)	elementary	64	exact	4	TWO, EULER, DIVIDE, LOG	2.220e-16	2.514543	64.0	1-Log[2]
295	Hardy-Littlewood constant Product_{p prime >= 5} (1-(6*p^2-4*p+1)/(p-1)^4)	none	64	not found	6	TWO, ARCCOSH, GAMMA, TAN, COS, TANH	1.481e-07	0.731385	6.8	
296	coefficient c_v in c_v*log(N), the asymptotic variance of the number of factors in a random factorization of n <= N	none	64	not found	6	FIVE, ARCTAN, SQRT, FOUR, SUBTRACT, SIN	8.370e-07	0.650822	6.1	
297	Littlewood-Salem-Izumi constant	special	64	not found	6	SEVEN, ARCSINH, COS, TAN, EXP, TAN	3.198e-08	0.802667	7.5	Root[{HypergeometricPFQ[{1/2 - #1/2}, {1/2, 3/2 - #1/2}, (-(1/16))*(9*Pi^2)] & , 0.3084437795619860030341969509860000000000000000000000000001`29.489176016177844}]
298	sin(Pi/10) (angle of 18 degrees)	algebraic	64	exact	4	GOLDENRATIO, TWO, INV, DIVIDE	2.220e-16	2.514543	63.8	Sin[18 Degree]
299	-(8*(EulerGamma - log(2)))/3	special	64	not found	6	TWO, COSH, TWO, ARCSINH, ARCSINH, DIVIDE	1.161e-07	0.742684	6.9	-(8*(EulerGamma - Log[2]))/3
300	Zolotarev-Schur constant	special	64	not found	6	THREE, EIGHT, LOG, LOG, ARCTANH, DIVIDE	6.633e-08	0.768732	7.2	With[{\[FormalX] = Root[{EllipticE[#1^2]^3 - 3*EllipticE[#1^2]^2*EllipticK[#1^2] + EllipticK[#1^2]*(-1 - EllipticK[#1^2]^2 + #1^2) + EllipticE[#1^2]*(1 + 3*EllipticK[#1^2]^2 + #1^2) & , 0.9155020553896763963055240364016622896543129422884607667501`30.102999566398122}]}, (1 - EllipticE[\[FormalX]^2]/EllipticK[\[FormalX]^2])^2/\[FormalX]^2]
301	k_3 = 3/(2*Pi*m_3), a constant associated with the asymptotic expansion of the probability that a three-dimensional rand	none	64	not found	6	THREE, SEVEN, SQRT, GAMMA, ARCCOSH, DIVIDE	3.132e-07	0.696543	6.5	
302	(negated) constant in the expansion of the prime zeta function about s = 1	none	64	not found	6	SEVEN, ARCCOSH, LOG, COS, SQR, ARCSINH	2.559e-07	0.705948	6.6	
303	Atkinson-Negro-Santoro constant	special	64	not found	6	NINE, LOG, THREE, DIVIDE, LOG, ARCSIN	1.887e-07	0.720095	6.7	ConditionalExpression[Extension`AtkinsonNegroSantoroConstant == Limit[\[FormalU][\[FormalN]]/2^\[FormalN], \[FormalN] -> Infinity], \[FormalU][0] == 0 && \[FormalU][1] == 1 && \[FormalU][\[FormalN]] == 2*\[FormalU][-1 + \[FormalN]] - \[FormalU][-1 + \[FormalN] - Floor[1 + (-1 + \[FormalN])/2]]]
304	real part of the solution of z = log z	special	64	not found	6	NINE, ARCSINH, COS, SINH, EXP, ARCSINH	2.902e-07	0.700085	6.5	Re[-ProductLog[-1]]
305	Kalmar composition constant	special	64	not found	6	SIX, SIX, TAN, GOLDENRATIO, SUBTRACT, DIVIDE	9.078e-07	0.647045	6.0	ConditionalExpression[Extension`KalmarCompositionConstant == -(1/(\[FormalRho]*Derivative[1][Zeta][\[FormalRho]])), \[FormalRho] == Root[{-2 + Zeta[#1] & , 1.7286472389981836181351030103`29.237706376855613}]]
306	reciprocal of π	elementary	64	exact	2	PI, INV	0.000e+00	0.0	64.0	Pi^(-1)
307	a constant related to a certain Sobolev isoperimetric inequality	none	64	not found	6	PI, INV, ARCSIN, ARCSINH, ARCTANH, ARCTAN	1.491e-07	0.731063	6.8	
308	eta/xi = A086318/A086317, a coefficient associated with the asymptotics of the number of weakly binary trees	none	64	not found	6	FOUR, TAN, TWO, ARCCOSH, POWER, LOG	3.586e-07	0.690245	6.4	
309	Feller-Tornier product constant	special	64	not found	6	GOLDENRATIO, SQR, COS, SIX, SIN, DIVIDE	1.066e-06	0.639564	6.0	Product[1 - 2/Prime[\[FormalK]]^2, {\[FormalK], 1, Infinity}]
310	second Kneser-Mahler polynomial constant	special	64	not found	6	EULER, FIVE, SIN, PLUS, INV, SQR	1.373e-06	0.627794	5.9	(9 - PolyGamma[1, 2/3] + PolyGamma[1, 4/3])/(4*Pi*Sqrt[3])
311	1/(4*K), a constant related to the asymptotic evaluation of the number of positive integers all of whose prime factors a	none	64	not found	6	THREE, EULER, SQRT, GOLDENRATIO, DIVIDE, DIVIDE	8.948e-07	0.647716	6.0	
312	infinite product of (j/Pi)*sin(Pi/j), for j >= 2, a constant similar to the Kepler-Bouwkamp constant	none	64	not found	6	GOLDENRATIO, FIVE, ONE, ARCSINH, POWER, DIVIDE	1.830e-08	0.828637	7.7	
313	constant that appears in the asymptotic formula for average order of an infinitary analog of Euler's phi function (A0917	none	64	not found	6	EULER, GAMMA, COSH, COS, FOUR, POWER	7.356e-07	0.656831	6.1	
314	Given the two curves y = (1 + exp(x))/2 and y = (1 + exp(x))/(1 + exp(x/2)), draw a line tangent to both. This sequence 	none	64	not found	6	FOUR, INV, ARCCOS, EULER, SQRT, SUBTRACT	7.567e-07	0.655516	6.1	
315	9099999999923/27500000000000	rational	64	not found	6	EULER, SIN, THREE, SIN, DIVIDE, ARCTAN	1.182e-06	0.634783	5.9	9099999999923/27500000000000
316	euler sqr	special	64	not found	6	SIX, TAN, TAN, COS, COS, SQR	1.042e-07	0.747748	7.0	EulerGamma^2
317	log(A085851)	none	64	not found	6	FOUR, SQR, LOG, INV, ARCTAN, ARCTAN	4.454e-07	0.680162	6.4	
318	third	rational	64	exact	2	THREE, INV	0.000e+00	0.0	64.0	1/3
319	Sum_{k>=2} c(k)/prime(k), where c(k) = -1 if p == 1 (mod 4) and c(k) = +1 if p == 3 (mod 4)	none	64	not found	6	EULER, SINH, NEG, TAN, SUBTRACT, TAN	3.989e-07	0.685293	6.4	
320	radius of convergence of g.f. for unlabeled trees (A000055)	none	64	not found	5	FOUR, SIX, EXP, DIVIDE, TAN	9.308e-08	0.903572	7.0	
321	probability that a random walk on a 3-D lattice returns to the origin	special	64	not found	6	EULER, GAMMA, INV, SIN, SQR, TANH	4.873e-08	0.783076	7.3	1 - (16*Sqrt[2/3]*Pi^3) / (Gamma[1/24]*Gamma[5/24]*Gamma[7/24]*Gamma[11/24])
322	2*sin(Pi/18)	algebraic	64	not found	6	PI, ARCSINH, EXP, FIVE, SQRT, DIVIDE	2.648e-08	0.811439	7.6	2Sin[Pi/18]
323	sqrt(5^(1/3)-4^(1/3))	algebraic	64	not found	6	THREE, GOLDENRATIO, DIVIDE, SEVEN, INV, POWER	2.718e-07	0.703133	6.6	Sqrt[Surd[5, 3] - Surd[4, 3]]
324	meander connective constant	special	64	not found	6	GOLDENRATIO, SQRT, SINH, ARCTAN, SINH, COS	2.308e-07	0.710738	6.6	Product[1 - 2^(-2^\[FormalK]), {\[FormalK], 0, Infinity}]
325	lim_{N->infinity} (1/N^2 Sum_{n=1..N} K(n)), where K(n) is the squarefree kernel of n	none	64	not found	6	SIX, SQRT, SQRT, GAMMA, ARCTANH, LOG	9.051e-08	0.754278	7.0	
326	a coefficient associated with the asymptotics of the variance of the distance between a vertex and the root of a random 	none	64	not found	6	TWO, NINE, DIVIDE, GAMMA, COS, SQR	7.022e-08	0.766082	7.2	
327	Hafner–Sarnak–McCurley constant	none	64	not found	6	THREE, COS, FIVE, COS, POWER, TAN	2.248e-07	0.711957	6.6	
328	radius of convergence of the generating function of A000598, the number of rooted ternary trees of n vertices	none	64	not found	6	PI, SIX, SEVEN, DIVIDE, DIVIDE, TANH	8.886e-07	0.648043	6.1	
330	imaginary part of the infinite power tower of i	special	64	not found	6	GOLDENRATIO, TANH, PI, SUBTRACT, ARCCOSH, LOG	3.057e-07	0.697671	6.5	Im[-ProductLog[-Log[I]]/Log[I]]
331	log 1/M = ln 10	elementary	64	not found	6	EIGHT, ARCCOSH, INV, SQR, TAN, SQRT	6.827e-08	0.767393	7.2	Log10[Log[10]]
332	equilateral triangle line-picking constant	elementary	64	not found	6	EIGHT, PI, DIVIDE, SINH, TANH, TANH	1.554e-07	0.729129	6.8	(4 + 3*Log[3])/20
333	(3*sqrt(6) - 7)*Pi/3	elementary	64	not found	6	NINE, SIN, GOLDENRATIO, COS, SIN, PLUS	5.138e-07	0.67352	6.3	(3Sqrt[6]-7)Pi/3
334	standard Gumbel distribution median	elementary	64	exact	4	TWO, LOG, INV, LOG	1.110e-16	2.5629	64.0	-Log[Log[2]]
335	constant that appears in the asymptotic formula for average order of the number of  infinitary divisors function (A03744	none	64	not found	6	EIGHT, ARCCOSH, LOG, SINH, COS, SINH	1.231e-07	0.73998	6.9	
336	reciprocal of e	elementary	64	exact	2	EULER, INV	0.000e+00	0.0	64.0	E^(-1)
337	Hardy-Littlewood constant C_7 = Product_{p prime > 7} 1/(1-1/p)^7 (1-7/p)	none	64	not found	6	FOUR, ARCTAN, SQRT, SIN, COSH, LOG	1.424e-07	0.733194	6.8	
338	fourth (of 10) decimal selvage number	none	64	not found	6	PI, TANH, ARCSINH, SQRT, ARCCOS, TAN	1.534e-08	0.836835	7.8	
339	constant c appearing in the expected number of pair of twin vacancies in a digital tree	none	64	not found	6	TWO, TAN, TAN, COS, SQRT, ARCTAN	2.478e-07	0.707432	6.6	
340	variance of the maximum of a size 8 sample from a normal (0,1) distribution	none	64	not found	6	EULER, NINE, SUBTRACT, ARCTAN, SQRT, COS	1.400e-07	0.733976	6.9	
341	(1/144)*3^(1/2)*Pi^3	elementary	64	not found	6	GOLDENRATIO, NEG, SIN, ARCTANH, PLUS, TANH	7.288e-07	0.657263	6.1	Sqrt[3]*Pi^3/144
342	1/Gamma(1/3)	special	64	exact	4	THREE, INV, GAMMA, INV	0.000e+00	0.0	64.0	1/Gamma[1/3]
343	first positive solution to exp(1-1/x)/x = 1/2, a binary search tree constant	special	64	not found	6	GOLDENRATIO, NINE, ARCCOSH, LOG, PLUS, INV	4.679e-07	0.677875	6.3	-1/ProductLog[-1, -1/(2*E)]
344	Artin's constant	special	64	not found	6	THREE, THREE, TANH, ARCSINH, ARCTAN, POWER	1.181e-06	0.634809	5.9	Product[1 - 1/((-1 + Prime[n])*Prime[n]), {n, 1, Infinity}]
345	64/169, the upper bound (as given by S. Finch) of the 2-dimensional simultaneous Diophantine approximation constant	none	64	exact	6	FOUR, NINE, PLUS, EIGHT, DIVIDE, SQR	2.220e-16	1.676362	64.0	
346	upper bound of the 6-dimensional simultaneous Diophantine approximation constant	none	64	not found	6	TWO, NEG, COS, SUBTRACT, ARCTAN, EXP	7.856e-07	0.653769	6.1	
347	expected distance from a randomly selected point in the unit square to its center: (sqrt(2) + log(1 + sqrt(2)))/6	elementary	64	not found	6	FIVE, ARCCOSH, LOG, INV, TAN, INV	2.515e-07	0.70674	6.6	(Sqrt[2] + Log[1 + Sqrt[2]])/6
348	Given the two curves y = (1 + exp(x))/2 and y = (1 + exp(x))/(1 + exp(x/2)), draw a line tangent to both. This sequence 	none	64	not found	6	GOLDENRATIO, SINH, TANH, TAN, LOG, TANH	4.885e-07	0.675864	6.3	
349	upper bound of the 5-dimensional simultaneous Diophantine approximation constant	elementary	64	not found	6	NINE, COS, INV, TAN, GOLDENRATIO, POWER	6.944e-08	0.7666	7.2	3/(208 + 72*Pi - 96*Sqrt[2]*Pi)
350	variance of the maximum of a size 7 sample from a normal (0,1) distribution	none	64	not found	6	NINE, ARCCOSH, COS, SQR, EXP, INV	2.347e-07	0.709953	6.6	
351	1 - 6/pi^2	elementary	64	exact	6	PI, SQR, SIX, DIVIDE, ONE, SUBTRACT	0.000e+00	0.0	64.0	1 - 6/Pi^2
352	Pi/8	none	64	exact	3	EIGHT, PI, DIVIDE	0.000e+00	0.0	64.0	
353	A(rectangles), an analog of Moser's worm constant, which is associated with the class of rectangular regions of the plan	none	64	not found	6	SIX, ARCSINH, COS, THREE, POWER, TANH	5.984e-07	0.666435	6.2	
354	radius of convergence of the generating function for the enumeration of rooted identity trees (A004111)	none	50	not found	6	FOUR, SEVEN, COSH, DIVIDE, COS, ARCSINH	8.893e-07	0.648003	6.1	
355	Pi*G - 33*zeta(3)/16, where G = A006752	special	64	not found	6	EULER, TWO, COS, SIN, COSH, DIVIDE	5.976e-08	0.773588	7.2	Pi Catalan-33Zeta[3]/16
356	one div root two pi	elementary	64	exact	5	PI, ONE, ARCSIN, SQRT, DIVIDE	1.110e-16	2.05032	64.0	1/Sqrt[2*Pi]
357	log Sqrt[2π]	elementary	64	not found	6	FOUR, TANH, ARCTANH, EXP, TAN, INV	5.427e-07	0.670978	6.3	Log10[Sqrt[2*Pi]]
358	'lambda', a Somos quadratic recurrence constant mentioned by Steven Finch	none	64	not found	6	NINE, COS, ARCSINH, ARCTANH, COS, ARCSINH	9.044e-07	0.647224	6.0	
359	Feigenbaum's constant 0.399535	none	64	not found	6	SEVEN, SIN, SIX, COSH, SIN, TIMES	5.148e-07	0.673431	6.3	
360	Li_3(2 - phi)	special	64	not found	6	EULER, SEVEN, SIN, SQR, COSH, DIVIDE	3.813e-07	0.687395	6.4	PolyLog[3,2-GoldenRatio]
361	radius of convergence of Wedderburn-Etherington numbers g.f	none	64	not found	6	SIX, GAMMA, SIN, ARCSINH, COSH, COS	1.783e-07	0.722737	6.7	
362	'mu', a percolation constant associated with the asymptotic threshold for 3-dimensional bootstrap percolation	none	64	not found	6	TWO, SIN, ARCCOS, TANH, SINH, SIN	3.265e-07	0.694605	6.5	
363	log(A085850)	none	41	not found	6	PI, COSH, ARCSINH, COSH, LOG, INV	4.650e-07	0.678163	6.3	
364	m_2 = (2-1/e)/4, one of Renyi's parking constants, the mean car density in case "monomer with nearest neighbor exclusion	elementary	64	exact	6	FOUR, EULER, INV, TWO, SUBTRACT, DIVIDE	0.000e+00	0.0	64.0	(2 - 1/E)/4
365	upper bound of the 4-dimensional simultaneous Diophantine approximation constant	elementary	64	not found	6	FOUR, ARCSINH, SIX, ARCSINH, SUBTRACT, ARCSIN	1.162e-07	0.742649	6.9	27/(4*(8*Sqrt[3]*Pi - 27))
366	Euler-Kronecker constant (as named by P. Moree) for non-hypotenuse numbers	none	64	not found	5	NINE, TANH, SIN, SQRT, ARCCOS	1.715e-08	0.997984	7.8	
367	lower bound of the Berry-Esseen constant	elementary	64	not found	6	GOLDENRATIO, PI, EXP, SUBTRACT, COS, EXP	3.823e-07	0.68727	6.4	(3 + Sqrt[10])/(6*Sqrt[2*Pi])
368	Hardy-Littlewood constant C_5 = Product_{p prime > 5} 1/(1-1/p)^5 (1-5/p)	none	64	not found	6	EULER, SIN, TAN, SINH, SIN, ARCTAN	1.141e-07	0.743492	6.9	
369	sqrt(2)*(sqrt(6) - 1)/5	algebraic	64	exact	6	TWO, SIX, SQRT, SUBTRACT, ARCTAN, SIN	4.441e-16	1.644124	64.0	Sqrt[2](Sqrt[6]-1)/5
370	Prouhet–Thue–Morse constant	special	64	not found	6	SIX, ARCCOSH, THREE, TANH, DIVIDE, SINH	3.135e-09	0.910677	8.5	(2 - Product[(-1 + 2^2^\[FormalK])/2^2^\[FormalK], {\[FormalK], 0, Infinity}])/4
371	1/(eta*P'(eta)), a constant related to the asymptotic evaluation of the number of prime multiplicative compositions, whe	none	30	not found	6	FOUR, SIN, ARCCOS, ARCTAN, SQRT, ARCCOSH	5.930e-09	0.881035	8.2	
372	sqrt(2) - 1	algebraic	64	exact	3	NEG, ARCSINH, EXP	0.000e+00	0.0	64.0	Sqrt[2] - 1
373	isosceles triangle line-picking constant	elementary	64	not found	6	SIX, LOG, TAN, TANH, ARCSINH, EXP	2.939e-07	0.699497	6.5	(2 + 4*Sqrt[2] + ArcSinh[1]*(4 + Sqrt[2]))/30
374	Prime constant	special	64	not found	6	TWO, ARCSINH, SQR, SIN, COS, SQR	1.595e-07	0.727913	6.8	Sum[2^(-Prime[n]), {n, 1, Infinity}]
375	variance of the maximum of a size 6 sample from a normal (0,1) distribution	none	64	not found	6	FIVE, TAN, COSH, TAN, SQR, INV	2.719e-07	0.703115	6.6	
376	volume of the Meissner Body	elementary	64	not found	6	FIVE, SIN, COS, TANH, COSH, COS	1.128e-07	0.744044	6.9	(2/3 - Sqrt[3]/4 * ArcCos[1/3])* Pi
377	Minkowski-Bower constant	special	64	not found	6	GOLDENRATIO, NINE, DIVIDE, ARCCOSH, ARCCOSH, LOG	3.260e-08	0.801774	7.5	Inactive[Root][{#1 - MinkowskiQuestionMark[#1] & , 0.420372339423223075640993`23.623634131640042}]
378	Schlüter ten disk constant	algebraic	64	not found	6	SIX, ARCSINH, ARCTAN, SINH, LOG, TAN	4.590e-07	0.678761	6.3	Root[819200 - 14172160*\[FormalX] + 114038784*\[FormalX]^2 - 563649536*\[FormalX]^3 + 1899131648*\[FormalX]^4 - 4564076288*\[FormalX]^5 + 7918461504*\[FormalX]^6 - 9722063488*\[FormalX]^7 + 7803109440*\[FormalX]^8 - 2960321792*\[FormalX]^9 - 1038261808*\[FormalX]^10 + 1526909568*\[FormalX]^11 + 227573920*\[FormalX]^12 - 1398966480*\[FormalX]^13 + 1145811528*\[FormalX]^14 - 462103584*\[FormalX]^15 + 98015844*\[FormalX]^16 - 11436428*\[FormalX]^17 + 1180129*\[FormalX]^18, \[FormalX], 1]
379	logarithmic capacity of the unit equilateral triangle	none	64	not found	6	ONE, ARCSINH, TAN, TAN, SIN, TANH	1.010e-07	0.749171	7.0	
380	c_1, a constant associated with the computation of the maximal modulus of an algebraic integer	none	64	not found	6	EULER, TWO, SUBTRACT, ARCSIN, EXP, ARCTAN	1.132e-06	0.636791	5.9	
381	Reuleaux tetrahedron volume	elementary	64	not found	6	SIX, PI, ARCTAN, TANH, SUBTRACT, COS	3.508e-08	0.798364	7.5	(8*Pi)/3 - (27*ArcCos[1/3])/4 + Sqrt[2]/4
382	1 - gamma, where gamma is Euler's constant (or the Euler-Mascheroni constant)	special	64	not found	6	FIVE, SIN, ARCTAN, SQR, GAMMA, LOG	4.219e-07	0.68268	6.4	1 - EulerGamma
383	pi^(-3/4)	elementary	64	exact	5	PI, PI, SQRT, SQRT, DIVIDE	2.220e-16	2.011635	64.0	Pi^(-3/4)
384	Dawson's integral at the inflection point	none	64	not found	6	FIVE, GOLDENRATIO, LOG, INV, DIVIDE, SINH	2.704e-08	0.810475	7.6	
385	(2/3)*x where x is the real solution of the equation x^2 + 2*sqrt(1 - x^2) = 2*x*(x + arccos(x))	none	64	not found	6	GOLDENRATIO, COS, SINH, EXP, SQR, ARCCOS	1.202e-08	0.848184	7.9	
386	gamma', the analog of Euler's constant when 1/x is replaced by 1/(x*log(x))	none	64	not found	6	NINE, EXP, TAN, SINH, GAMMA, ARCCOS	1.816e-07	0.721904	6.7	
387	carefree constant	special	64	not found	6	EULER, TAN, SINH, SEVEN, POWER, ARCTANH	2.180e-07	0.713401	6.7	Product[1 - (-1 + 2*Prime[\[FormalK]])/Prime[\[FormalK]]^3, {\[FormalK], 1, Infinity}]
388	'lambda', a Young-Fejér-Jackson constant linked to the positivity of certain sine sums	none	64	not found	6	EIGHT, GAMMA, COS, INV, SINH, INV	1.300e-07	0.737447	6.9	
389	2*arccsch(2)/sqrt(5)	none	64	exact	6	GOLDENRATIO, LOG, TWO, ARCTAN, SIN, TIMES	0.000e+00	0.0	64.0	
390	m = (1-1/e^2)/2, one of Renyi's parking constants	elementary	64	exact	4	EULER, ONE, SINH, DIVIDE	0.000e+00	0.0	64.0	(1 - 1/E^2)/2
391	Bloch constant lower limit	algebraic	64	not found	6	FIVE, LOG, COS, COS, COSH, LOG	8.242e-09	0.865721	8.1	1/5000 + Sqrt[3]/4
392	common logarithm of e	elementary	64	exact	5	NEG, NINE, SUBTRACT, LOG, INV	1.110e-16	2.05032	64.0	Log10[E]
393	asymptotic probability of success in the full-information secretary problem with uniform distribution when the number of	none	64	not found	6	EULER, TANH, SQR, SIN, EXP, INV	4.814e-08	0.783639	7.3	
394	a constant related to the [dimensionless] electrical capacitance of the ring torus without hole (with unit circle radius	none	64	not found	6	THREE, LOG, COSH, SINH, COS, EXP	5.010e-07	0.674694	6.3	
395	1/(2*(Pi-2)), the upper bound of the 3-dimensional simultaneous Diophantine approximation constant	elementary	64	exact	4	FOUR, COS, ARCCOS, INV	1.110e-16	2.5629	64.0	1/(2*(Pi - 2))
397	real part of the infinite power tower of i	special	64	not found	6	NEG, TAN, TANH, TANH, SIN, SQR	1.865e-07	0.720646	6.7	Re[-ProductLog[-Log[I]]/Log[I]]
398	breadth of the "caliper", the broadest worm of unit length	none	64	not found	6	SIX, ARCCOSH, SQRT, LOG, ARCTAN, SINH	4.882e-07	0.675899	6.3	
399	Otter's asymptotic constant beta for the number of rooted trees	none	64	not found	6	TWO, COS, TAN, COSH, COS, ARCSINH	1.380e-07	0.73466	6.9	
400	Ising constant	elementary	64	exact	4	TWO, ONE, ARCSINH, DIVIDE	0.000e+00	0.0	64.0	Log[1 + Sqrt[2]]/2
401	1/log(2)-1, the mean value of a random variable following the Gauss-Kuzmin distribution	elementary	64	exact	5	NEG, TWO, LOG, INV, PLUS	0.000e+00	0.0	64.0	1/Log[2] - 1
403	1D Diophantine approximation constant	algebraic	64	exact	3	GOLDENRATIO, LOG, TANH	0.000e+00	0.0	64.0	Sqrt[5]^(-1)
404	variance of the maximum of a size 5 sample from a normal (0,1) distribution	special	64	not found	6	NINE, NINE, LOG, PLUS, COS, SQRT	7.229e-07	0.657643	6.1	1 - 25/Pi + 150*ArcCsc[Sqrt[3]]/Pi^2 + 5*Sqrt[3]*ArcSec[2*Sqrt[2/3]]/Pi^2 - 225*ArcCsc[Sqrt[3]]^2/Pi^3
405	7*sqrt(3)/27	algebraic	64	exact	6	NINE, THREE, SQRT, SEVEN, DIVIDE, DIVIDE	2.220e-16	1.676362	64.0	7Sqrt[3]/27
406	asymptotic probability of success in the full information version of the secretary problem	none	64	not found	6	SEVEN, TWO, PI, LOG, PLUS, DIVIDE	2.055e-07	0.716141	6.7	
407	2^(1/2)/pi	elementary	64	exact	4	PI, TWO, SQRT, DIVIDE	2.220e-16	2.514543	64.0	2^(1/2)/Pi
408	log(Pi/2)	elementary	64	exact	3	ONE, ARCSIN, LOG	1.110e-16	3.4172	64.0	Log[Pi/2]
409	prime zeta function at 2: Sum_{p prime} 1/p^2	special	64	not found	6	EULER, EXP, ARCTAN, TANH, ARCCOS, ARCSIN	2.684e-07	0.703724	6.6	PrimeZetaP[2]
410	Product_{n>1} (1-1/n)^(1/n)	none	64	not found	6	FIVE, SIN, COSH, COSH, INV, TAN	1.507e-07	0.730559	6.8	
411	e^(-pi/4)	elementary	64	exact	3	NEG, ARCTAN, EXP	0.000e+00	0.0	64.0	E^(-Pi/4)
412	c^c^c^...  where c is the constant defined in A037077	none	64	not found	6	THREE, ARCCOSH, ARCCOSH, TANH, COS, SQR	2.354e-07	0.70983	6.6	
413	Machin Gregory series constant	elementary	64	exact	3	TWO, INV, ARCTAN	0.000e+00	0.0	64.0	ArcTan[1/2]
414	6*K/Pi^2, a constant related to the asymptotic evaluation of the number of positive squarefree integers of the form a^2 	none	64	not found	6	TWO, TANH, SQRT, EIGHT, ARCTAN, SUBTRACT	8.718e-10	0.970203	9.1	
415	(1/30)*2^(1/2)*Pi^2	elementary	64	not found	6	TWO, PI, TANH, COS, TIMES, COS	4.962e-07	0.675143	6.3	(Sqrt[2] Pi^2)/30
416	'etaHat', a constant used in the asymptotic evaluation of e.g.f. coefficients for the number of labeled mobiles	none	64	not found	6	SIX, SQRT, GAMMA, ARCCOSH, ARCSINH, SQR	5.317e-09	0.886113	8.3	
417	pi^(-2/3)	elementary	64	exact	6	PI, THREE, INV, PI, POWER, DIVIDE	0.000e+00	0.0	64.0	Pi^(-2/3)
418	Bloch constant upper limit	special	64	not found	6	GOLDENRATIO, ONE, ARCSINH, ARCTAN, ARCCOS, DIVIDE	1.468e-07	0.731779	6.8	(Sqrt[(-1 + Sqrt[3])/2]*Gamma[1/3]*Gamma[11/12])/Gamma[1/4]
419	Weierstrass constant	special	64	not found	6	PI, SINH, EXP, TAN, TAN, LOG	5.550e-08	0.777021	7.3	(2*2^(1/4)*E^(Pi/8)*Sqrt[Pi])/Gamma[1/4]^2
420	Plouffe's b-constant	none	64	not found	6	EULER, ARCTAN, ARCCOSH, SQR, GAMMA, INV	4.248e-08	0.789462	7.4	
421	common logarithm of 3	elementary	64	not found	6	THREE, GOLDENRATIO, THREE, SUBTRACT, DIVIDE, SINH	1.669e-07	0.725823	6.8	Log10[3]
422	quadtree leaf proportion constant	elementary	64	not found	6	SIX, COS, TAN, ARCCOSH, ARCCOS, ARCSIN	1.635e-07	0.726781	6.8	-39 + 4*Pi^2
423	(6*sqrt(3) + 12*log(2+sqrt(3)) - Pi)/48	elementary	64	not found	6	EIGHT, INV, ARCCOS, TANH, INV, ARCCOSH	5.725e-07	0.668487	6.2	(6Sqrt[3]+12Log[2+Sqrt[3]]-Pi)/48
424	(ln 2)^2	elementary	64	exact	3	TWO, LOG, SQR	1.110e-16	3.4172	64.0	Log[2]^2
425	2*zeta(3)/5	special	64	not found	6	NEG, TAN, ONE, TAN, POWER, SIN	3.747e-07	0.688208	6.4	2*Zeta[3]/5
426	logarithm of golden ratio	elementary	64	exact	2	GOLDENRATIO, LOG	0.000e+00	0.0	64.0	Log[GoldenRatio]
427	Trott's third constant	none	64	not found	6	FOUR, LOG, FOUR, SUBTRACT, SIN, SIN	1.311e-08	0.844127	7.9	
428	a constant related to the expected number of vertices of the largest tree associated with a random mapping on n symbols	none	64	not found	6	EULER, TAN, GAMMA, COSH, ARCSINH, TAN	9.269e-07	0.64608	6.0	
429	2*K/Pi, a constant related to the asymptotic evaluation of the number of positive integers all of whose prime factors ar	none	64	not found	6	FOUR, NINE, PLUS, COS, GAMMA, COS	7.353e-08	0.763941	7.1	
430	Gaussian twin prime constant	special	64	not found	6	FOUR, ARCCOSH, NINE, INV, COSH, DIVIDE	2.751e-07	0.702577	6.6	(Pi^2*Product[Piecewise[{{((1 - 4/Prime[\[FormalK]])*(1 + Prime[\[FormalK]])^2)/(-1 + Prime[\[FormalK]])^2, Mod[Prime[\[FormalK]], 4] == 1}}, 1], {\[FormalK], 1, Infinity}])/8
431	3/(8*K), a constant related to the asymptotic evaluation of the number of positive integers that can be expressed as the	none	64	not found	6	FIVE, ARCSINH, ARCCOSH, ARCCOSH, INV, COS	1.914e-07	0.719444	6.7	
432	variance of the maximum of a size 4 sample from a normal (0,1) distribution	special	64	not found	6	FIVE, TAN, COS, ARCTAN, ARCSINH, EXP	1.780e-07	0.722817	6.7	1 + Sqrt[3]/Pi - 36*ArcSec[Sqrt[3]]^2/Pi^3
433	Shapiro-Drinfeld cyclic sum constant	special	64	not found	6	SEVEN, ARCTAN, SQRT, GAMMA, GAMMA, COS	8.306e-08	0.758275	7.1	ConditionalExpression[Extension`ShapiroDrinfeldCyclicSumConstant == \[FormalY]/2, \[FormalY] + \[FormalY]*E^(\[FormalX]/2) == (2 + \[FormalX])/E^(\[FormalX]/2) + \[FormalX]/(1 + E^(\[FormalX]/2)) && \[FormalX] + (1 + 2*E^(\[FormalX]/2))^(-1) == Log[(4*E^\[FormalX]*Cosh[\[FormalX]/4]^2)/(1 + 2*E^(\[FormalX]/2))] && -3/2 < \[FormalX] < -1/2 && 1/2 < \[FormalY] < 1]
434	fifth (of 10) decimal selvage number	none	64	false positive	6	TWO, SEVEN, INV, SQR, PLUS, INV	0.000e+00	0.0	19.6	
435	1-gamma-gamma(1), a constant related to the asymptotic expansion of j(n), the counting function of "jagged" numbers, whe	special	64	not found	6	GOLDENRATIO, GAMMA, NINE, SIN, DIVIDE, TAN	1.257e-07	0.739017	6.9	1 - EulerGamma - StieltjesGamma[1]
436	common logarithm of π	elementary	64	not found	6	EIGHT, ARCSINH, ARCCOSH, LOG, ARCTAN, SINH	1.612e-07	0.727419	6.8	Log10[Pi]
437	Half	rational	64	exact	2	TWO, INV	0.000e+00	0.0	64.0	1/2
438	birthday problem constant	rational	64	not found	6	EULER, PI, SQRT, ARCCOSH, SQR, DIVIDE	1.873e-08	0.827548	7.7	38093904702297390785243708291056390518886454060947061/75091883268515350125426207425223147563269805908203125
439	A245781*Pi/2	none	64	not found	6	FOUR, TAN, GOLDENRATIO, SUBTRACT, SINH, TAN	6.735e-08	0.768026	7.2	
440	sqrt(2 - sqrt(3)), edge length of a regular dodecagon with circumradius 1	none	64	exact	5	FOUR, FIVE, ARCCOSH, DIVIDE, TANH	0.000e+00	0.0	64.0	
441	a constant related to the asymptotic expansion of the smallest Lebesgue constant corresponding to an optimal interpolati	special	64	not found	6	EULER, TAN, SIN, EXP, ARCCOS, ARCCOS	3.360e-07	0.693274	6.5	2/Pi*(2*Log[2] - Log[Pi] + EulerGamma)
442	square line-picking constant	elementary	64	not found	6	TWO, EIGHT, ARCSINH, LOG, SQR, DIVIDE	8.761e-08	0.75579	7.1	(2 + 5*Log[1 + Sqrt[2]] + Sqrt[2])/15
443	sixth pi	elementary	64	exact	3	SIX, PI, DIVIDE	2.220e-16	3.352724	64.0	Pi/6
444	Upper limit of backward value of 5^n	none	64	not found	6	PI, SQR, GAMMA, TAN, ARCTANH, EXP	1.537e-07	0.729639	6.8	
445	Mrs. Miniver's constant	none	64	not found	6	TWO, COSH, LOG, ARCTAN, TANH, SQR	4.202e-07	0.682874	6.4	
446	Pythagorean triple constant for areas	special	64	not found	6	THREE, SIN, COS, SINH, INV, ARCCOS	7.810e-08	0.761136	7.1	Gamma[1/4]^2/Sqrt[2*Pi^5]
447	Otter's asymptotic constant beta for the number of unrooted trees	none	64	not found	6	EULER, COS, ARCTAN, SIN, EXP, ARCSIN	1.194e-07	0.741388	6.9	
448	Product_{p odd prime} 1-2/(p*(p-1)), a constant related to Artin's conjecture in the context of quadratic fields	none	64	not found	5	FIVE, SIN, GOLDENRATIO, SUBTRACT, SIN	4.162e-08	0.948489	7.4	
449	2*(2 - sqrt(3))	algebraic	64	exact	5	NEG, THREE, SQRT, PLUS, SQR	2.220e-16	2.011635	64.0	2(2-Sqrt[3])
450	Li_3(1/2)	special	64	not found	5	PI, COSH, COS, ARCTAN, ARCSIN	6.164e-08	0.926571	7.2	PolyLog[3, 1/2]
451	'c', one of Polya's Random Walk constants, related to the asymptotics of the number of 3-D random walks starting from an	none	64	not found	6	EULER, INV, COSH, GAMMA, COS, SIN	4.102e-07	0.683991	6.4	
452	Ioachimescu constant	special	64	not found	6	EULER, ARCSINH, GAMMA, EXP, SIN, TANH	3.192e-07	0.695664	6.5	2 + Zeta[1/2]
453	cos one	elementary	64	exact	2	NEG, COS	0.000e+00	0.0	64.0	Cos[1]
454	value of the maximum of Dawson's integral D_+(x)	none	64	not found	6	EULER, PI, LOG, PLUS, TANH, COS	9.102e-08	0.754016	7.0	
455	Landau constant upper limit	special	64	not found	6	SIX, COS, SINH, ARCTAN, ARCSIN, COS	4.687e-08	0.784881	7.3	(Gamma[1/3]*Gamma[5/6])/Gamma[1/6]
456	Pi^2/18	elementary	64	exact	6	PI, NINE, ONE, ARCSIN, DIVIDE, TIMES	0.000e+00	0.0	64.0	Pi^2/18
457	-ln gamma	special	64	not found	6	THREE, ARCSINH, COS, EXP, SQR, ARCTAN	9.068e-08	0.754192	7.0	-Log[EulerGamma]
458	coefficient c_m in c_m*log(N), the asymptotic mean number of factors in a random factorization of n <= N	none	64	not found	6	TWO, LOG, GAMMA, SQRT, ARCTAN, ARCCOS	1.551e-07	0.729228	6.8	
459	probability that an integer triple is pairwise unitary coprime	none	64	not found	6	ONE, ARCTAN, NEG, COSH, LOG, DIVIDE	5.361e-09	0.885724	8.3	
460	Kuijlaars-Saff constant	special	64	not found	6	TWO, SQRT, SEVEN, ARCTAN, SINH, SUBTRACT	7.293e-08	0.76432	7.1	-1/2*(3^(3/4)*Zeta[1/2]*(Zeta[1/2, 1/3] - Zeta[1/2, 2/3]))/Sqrt[2*Pi]
461	smallest disk radius for which six equal disks can cover the unit disk	none	64	not found	6	SIX, TANH, SIN, TWO, SUBTRACT, ARCCOSH	8.262e-08	0.758517	7.1	
462	1-9/(4*Pi)+sqrt(3)/(2*Pi), an extreme value constant	elementary	64	not found	6	NEG, SINH, GAMMA, COS, COS, SQR	7.673e-08	0.761961	7.1	1 - 9/(4*Pi) + Sqrt[3]/(2*Pi)
463	value of the Buchstab function at phi + 2 = (5 + sqrt(5))/2 (A296184)	elementary	64	not found	6	SEVEN, SIN, TWO, POWER, INV, TANH	1.550e-07	0.729272	6.8	(1 + 2*Log[GoldenRatio] + Log[GoldenRatio]^2 - Pi^2/60)/(GoldenRatio + 2)
464	reciprocal exponential of Euler γ	special	64	not found	6	NINE, EXP, ARCTAN, GAMMA, COS, ARCTAN	1.498e-07	0.730829	6.8	E^(-EulerGamma)
465	one div root pi	elementary	64	exact	3	PI, INV, SQRT	0.000e+00	0.0	64.0	1/Sqrt[Pi]
466	Omega constant	special	64	not found	6	NEG, TANH, ARCSINH, EXP, SINH, TAN	3.281e-07	0.694378	6.5	ProductLog[1]
467	infinite tetration of i absolute value	special	64	not found	6	GOLDENRATIO, COS, SQR, ARCCOS, INV, ARCTAN	8.733e-08	0.755939	7.1	Limit[Abs[Nest[I^#1 & , I, \[FormalN]]], \[FormalN] -> Infinity]
468	B, a constant appearing in an asymptotic formula related to the exponential divisor function sigma^(e)	none	64	not found	6	FOUR, EIGHT, ARCCOSH, DIVIDE, TANH, ARCSINH	1.557e-07	0.729051	6.8	
469	(PolyGamma(1,(1+sqrt(5))/4)-PolyGamma(1,(3+sqrt(5))/4))/2	special	64	not found	6	THREE, SINH, FIVE, EXP, ARCSINH, DIVIDE	3.119e-08	0.803823	7.5	(PolyGamma[1,(1+Sqrt[5])/4]-PolyGamma[1,(3+Sqrt[5])/4])/2
470	weakly carefree constant	special	64	not found	6	PI, GAMMA, EXP, ARCCOSH, ARCCOSH, INV	7.171e-08	0.765106	7.1	2*Product[1 - (-1 + 2*Prime[\[FormalK]])/Prime[\[FormalK]]^3, {\[FormalK], 1, Infinity}] - Product[1 - (-2 + 3*Prime[\[FormalK]])/Prime[\[FormalK]]^3, {\[FormalK], 1, Infinity}]
471	Product_{p prime > 2} 1-1/(p^2-3p+3), a constant related to I. M. Vinogradov's proof of the "ternary" Goldbach conjectur	none	64	not found	6	FOUR, SQR, COS, SINH, EXP, SQRT	1.880e-08	0.827368	7.7	
472	eta_A, a constant associated with the asymptotics of the enumeration of labeled acyclic digraphs	none	64	not found	6	EIGHT, SIN, ARCTAN, SIN, TANH, ARCSINH	3.182e-07	0.69581	6.5	
473	Stephens' constant	special	64	not found	6	THREE, COSH, FIVE, DIVIDE, ARCSIN, ARCTANH	8.634e-08	0.756471	7.1	Product[1 - Prime[n]/(-1 + Prime[n]^3), {n, 1, Infinity}]
474	a constant related to the asymptotics of A005169	none	64	not found	6	SIX, SQR, TAN, SIN, COS, ARCSIN	1.990e-08	0.824726	7.7	
475	Euler gamma	special	64	not found	5	SIX, TAN, TAN, COS, COS	5.208e-08	0.935983	7.3	EulerGamma
476	3^(-1/2)	algebraic	64	exact	3	THREE, INV, SQRT	0.000e+00	0.0	64.0	3^(-1/2)
477	Pi/(2e)	none	64	exact	4	EULER, ONE, ARCSIN, DIVIDE	0.000e+00	0.0	64.0	
478	k3, a Diophantine approximation constant such that the conjectured volume of the "critical parallelepiped" is 2^3*k3 (th	algebraic	64	not found	6	THREE, FIVE, TWO, TANH, DIVIDE, TIMES	3.713e-07	0.688632	6.4	8/7*Cos[2*Pi/7]*Cos[Pi/7]^2
479	asymptotic probability of success in one of the Secretary problems	none	64	not found	6	GOLDENRATIO, GOLDENRATIO, ARCCOSH, TWO, SUBTRACT, DIVIDE	5.276e-07	0.672288	6.3	
480	Pell constant	special	64	not found	6	EULER, FOUR, PI, ARCSINH, SUBTRACT, PLUS	2.336e-08	0.817262	7.6	1 - QPochhammer[1/2, 1/4]
481	gamma_3, a lattice sum constant, analog of Euler's constant for 3-dimensional lattices	none	64	not found	6	SEVEN, LOG, EULER, ARCCOSH, SINH, SUBTRACT	5.088e-08	0.781071	7.3	
482	-zeta(1/2)/sqrt(2*Pi)	special	64	not found	6	EULER, SINH, COS, SQRT, SIN, ARCTANH	3.759e-08	0.795148	7.4	-Zeta[1/2]/Sqrt[2*Pi]
483	first Kneser-Mahler polynomial constant	special	64	not found	6	EIGHT, ARCSINH, TWO, DIVIDE, SIN, ARCTAN	3.407e-07	0.692626	6.5	(2*Catalan)/Pi
484	Logarithmic capacity of the unit disk	special	64	not found	6	EULER, ARCSINH, FIVE, SUBTRACT, SINH, SIN	5.483e-07	0.6705	6.3	Gamma[1/4]^2/(4*Pi^(3/2))
485	Lehmer constant	special	64	not found	6	EULER, GOLDENRATIO, DIVIDE, SIN, SIN, ARCTANH	1.365e-07	0.73516	6.9	ConditionalExpression[Extension`LehmerConstant == Cot[Sum[(-1)^\[FormalK]*ArcCot[Subscript[\[FormalC], \[FormalK]]], {\[FormalK], 0, Infinity}]], Subscript[\[FormalC], 0] == 0 && Subscript[\[FormalC], \[FormalK]] == 1 + Subscript[\[FormalC], -1 + \[FormalK]] + Subscript[\[FormalC], -1 + \[FormalK]]^2]
487	Gompertz constant	special	64	not found	5	SIX, INV, SQRT, SQRT, SIN	2.357e-08	0.980232	7.6	-(E*ExpIntegralEi[-1])
489	Champernowne base-3 constant	special	64	not found	6	FOUR, SQR, EXP, SIN, TAN, ARCSIN	9.889e-10	0.964344	9.6	ChampernowneNumber[3]
490	second lemniscate constant	special	64	not found	6	PI, GOLDENRATIO, SIN, DIVIDE, SQRT, ARCSIN	1.161e-07	0.7427	6.9	Gamma[3/4]^2/Sqrt[2*Pi]
491	sqrt(13)/6	algebraic	64	exact	5	SIX, SEVEN, DIVIDE, ARCCOSH, SINH	2.220e-16	2.011635	64.0	Sqrt[13] / 6
492	log10(4)	elementary	64	not found	6	FIVE, LOG, LOG, TAN, SINH, ARCTANH	3.825e-08	0.794334	7.4	Log[10, 4]
493	G(1/2) where G is the Barnes G-function	special	64	not found	6	NINE, ARCCOSH, TAN, EXP, TANH, SIN	1.792e-08	0.829602	7.7	BarnesG[1/2]
494	sum_{n>=1} 1/(n binomial(2n, n))	elementary	64	exact	6	PI, NINE, THREE, SQRT, DIVIDE, TIMES	0.000e+00	0.0	64.0	Pi/(3*Sqrt[3])
495	QRS constant	special	64	not found	6	FOUR, TANH, SIX, ARCSINH, SIN, DIVIDE	3.586e-07	0.690243	6.4	Root[{Zeta[1/2, #1/2] & , 0.605443657196732749478922842447`29.782073733759695}]
496	exp minus half	elementary	64	exact	3	EULER, INV, SQRT	0.000e+00	0.0	64.0	Exp[-1/2]
497	6/Pi^2	elementary	64	exact	4	PI, SQR, SIX, DIVIDE	0.000e+00	0.0	64.0	6/Pi^2
498	Sum{p prime>=2} log(p)/(p^2-p+1)	none	64	not found	6	PI, FOUR, SUBTRACT, COSH, TWO, SUBTRACT	1.225e-09	0.954379	8.9	
499	Neville five disk constant	algebraic	64	not found	6	EIGHT, SIN, ARCTANH, LOG, SIN, ARCCOS	2.751e-07	0.702575	6.6	Root[625 - 800*\[FormalX] + 22*\[FormalX]^2 - 1776*\[FormalX]^3 + 1665*\[FormalX]^4 + 1360*\[FormalX]^5 - 3480*\[FormalX]^6 + 2112*\[FormalX]^7 + 1296*\[FormalX]^8, \[FormalX], 3]
500	strongly triple-free set constant	none	28	not found	6	FOUR, TAN, ARCSINH, ARCSIN, INV, ARCTAN	1.817e-08	0.828951	7.7	
501	best lower bound for the Steiner ratio rho_3, the least upper bound on the ratio of the length of the Steiner minimal tr	none	64	not found	5	EULER, COS, GAMMA, TAN, ARCCOS	1.237e-08	1.016219	7.9	
502	(1/16)*Pi^2	special	64	exact	3	NEG, ARCTAN, SQR	0.000e+00	0.0	64.0	Gamma[3/2]^4
503	-1/(e^2 Ei(-1)), an increasing rooted tree enumeration constant associated with the Euler-Gompertz constant, where Ei is	special	64	not found	6	FIVE, SIN, SINH, COSH, GAMMA, COS	7.456e-08	0.763295	7.1	-1/(E^2*ExpIntegralEi[-1])
504	Lenz-Ising constant	elementary	64	not found	6	FOUR, COS, ARCCOS, TWO, SQRT, DIVIDE	9.817e-08	0.750497	7.0	1 + Pi/4 + Log[(Log[1 + Sqrt[2]]*Sqrt[2])/4]
505	Cbrt[3/4π]	elementary	64	not found	6	GOLDENRATIO, COS, EXP, GAMMA, ARCSINH, COS	3.575e-07	0.690391	6.4	CubeRoot[3/(4*Pi)]
506	1/(theta*P'(theta)), a constant appearing in the asymptotic evaluation of the coefficients q_n in 1/(1+P(x)), where P(x)	none	64	not found	6	NINE, COS, NINE, DIVIDE, COS, COS	1.274e-07	0.738371	6.9	
507	'kappa', an asymptotic enumeration constant related to unit interval graphs	none	64	not found	6	PI, ARCSINH, LOG, GAMMA, SQRT, ARCCOSH	2.220e-07	0.712545	6.7	
508	Golomb–Dickman constant	special	64	not found	6	SIX, SIN, INV, SINH, SIN, ARCCOS	1.070e-07	0.746473	7.0	Integrate[E^LogIntegral[\[FormalX]], {\[FormalX], 0, 1}]
509	constant in Kac's formula	none	64	not found	6	THREE, SIN, SQR, GOLDENRATIO, SUBTRACT, INV	3.651e-07	0.689408	6.4	
510	'lambda', a constant such that exp(lambda*Pi) is the best-known upper bound (as given by Julian Gevirtz) of the John con	none	64	not found	5	GOLDENRATIO, FOUR, THREE, DIVIDE, POWER	3.189e-07	0.834847	6.5	
511	Davison-Shallit constant	special	64	not found	6	FOUR, INV, FIVE, ARCTAN, TANH, SUBTRACT	1.656e-07	0.726176	6.8	ConditionalExpression[Extension`DavisonShallitConstant == Sum[(-1)^\[FormalK]/(Subscript[\[FormalQ], \[FormalK]]*Subscript[\[FormalQ], 1 + \[FormalK]]), {\[FormalK], 0, Infinity}], Subscript[\[FormalQ], 0] == 1 && Subscript[\[FormalQ], 1] == 1 && Subscript[\[FormalQ], \[FormalK]] == Subscript[\[FormalQ], -2 + \[FormalK]]*(1 + Subscript[\[FormalQ], -1 + \[FormalK]])]
512	rayleigh skewness	elementary	64	not found	5	FOUR, SINH, ARCTAN, GAMMA, COS	6.640e-10	1.179439	9.2	2*Sqrt[Pi]*(Pi - 3)/(4 - Pi)^(3/2)
513	1 - 1/e	elementary	64	exact	4	EULER, INV, ONE, SUBTRACT	0.000e+00	0.0	64.0	1 - 1/E
514	Hardy-Littlewood constant Product_{p prime >= 5} (1-(3*p-1)/(p-1)^3)	none	64	not found	6	EIGHT, ARCCOSH, THREE, DIVIDE, TAN, LOG	1.146e-07	0.743309	6.9	
515	Buffon constant	elementary	64	exact	3	PI, TWO, DIVIDE	0.000e+00	0.0	64.0	2/Pi
516	(2^(1/3)-1)^(1/3)	algebraic	64	not found	6	FOUR, ARCTAN, TANH, ARCTAN, COS, TANH	2.175e-08	0.8206	7.7	Power[Power[2, (3)^-1] - 1, (3)^-1]
517	an analog of the Landau-Ramanujan constant for Loeschian numbers	none	64	not found	6	PI, ARCCOSH, SINH, TANH, ARCSINH, COS	5.318e-08	0.779013	7.3	
518	first non-alternating series of reciprocal primes constant	special	64	not found	6	GOLDENRATIO, SINH, SQRT, GAMMA, ARCSINH, ARCCOS	4.109e-08	0.791007	7.4	Sum[Piecewise[{{-1, Mod[Prime[\[FormalK]], 3] == 1}, {1, Mod[Prime[\[FormalK]], 3] == 2}}, 0]/Prime[\[FormalK]], {\[FormalK], 1, Infinity}]
519	Cahen's constant	special	64	not found	6	FIVE, FIVE, ARCCOSH, ARCTAN, SUBTRACT, SIN	2.780e-07	0.702091	6.6	ConditionalExpression[Extension`CahenConstant == Sum[(-1)^\[FormalK]/(-1 + \[FormalS][\[FormalK]]), {\[FormalK], 0, Infinity}], \[FormalS][0] == 2 && \[FormalS][\[FormalN]] == 1 - \[FormalS][-1 + \[FormalN]] + \[FormalS][-1 + \[FormalN]]^2 && \[FormalS][\[FormalN]] == 1 + Product[\[FormalS][\[FormalK]], {\[FormalK], 0, -1 + \[FormalN]}]]
520	a constant related to a conjectured value of the Masser-Gramain constant	special	64	not found	6	ONE, SINH, TWO, TAN, TIMES, TAN	1.822e-07	0.721733	6.7	Pi/4*(2*EulerGamma + 2*Log[2] + 3*Log[Pi] - 4*Log[Gamma[1/4]])
521	Integral_{x=0..Infinity} sin(x)/(x^2+1) dx	none	64	not found	6	THREE, SINH, TWO, TANH, POWER, ARCSINH	4.262e-08	0.789304	7.4	
522	unit-diameter hexagon area	algebraic	64	exact	5	THREE, TWO, ARCCOSH, TANH, POWER	2.220e-16	2.011635	64.0	(3*Sqrt[3])/8
523	Maximal unitary square-free divisor sum constant	none	64	not found	6	NINE, TAN, EXP, ARCCOS, TANH, SIN	6.545e-08	0.769353	7.2	
524	delta = (1+alpha)/4, a constant appearing in Koecher's formula for Euler's gamma constant, where alpha is A065442, the E	none	64	not found	6	NINE, ARCTAN, SQR, LOG, ARCSINH, ARCSINH	2.095e-07	0.715238	6.7	
525	negative of Granville-Soundararajan constant	special	64	not found	6	GOLDENRATIO, TWO, INV, PLUS, SIN, COS	6.858e-08	0.767185	7.2	-(4*PolyLog[2, -Sqrt[E]] + Pi^2/3 + 1)
526	harmonic power tower even term limit	special	64	not found	6	EULER, ARCCOSH, INV, ARCCOS, SQR, COS	2.780e-07	0.70208	6.6	Limit[Fold[(1/#2)^#1 & , 1, Table[\[FormalI], {\[FormalI], 2*\[FormalN], 2, -1}]], \[FormalN] -> Infinity]
527	escape probability for a random walk on the 3-D cubic lattice (a Polya random walk constant)	none	64	not found	6	TWO, INV, FIVE, ARCCOSH, ARCTAN, SUBTRACT	3.865e-07	0.686758	6.4	
528	Twin primes constant	special	64	not found	6	FIVE, SIX, DIVIDE, ARCCOSH, COS, SQR	1.570e-07	0.728658	6.8	Product[1 - (-1 + Prime[\[FormalK]])^(-2), {\[FormalK], 2, Infinity}]
529	Feller–Tornier constant	special	64	not found	6	GOLDENRATIO, FOUR, INV, COSH, TANH, POWER	5.978e-09	0.880661	8.2	1/2 + Product[1 - 2/Prime[n]^2, {n, 1, Infinity}]/2
530	Robbins constant	elementary	64	not found	6	EIGHT, TANH, ARCSINH, NEG, COSH, SUBTRACT	3.729e-08	0.795515	7.4	(4 + 17*Sqrt[2] - 6*Sqrt[3] - 7*Pi)/105 + Log[1 + Sqrt[2]]/5 + (2*Log[2 + Sqrt[3]])/5
531	Laplace limit	special	64	not found	6	PI, SQRT, TANH, ARCCOS, SQRT, ARCTANH	6.144e-08	0.772291	7.2	Root[{-1 + E^Sqrt[1 + #1^2]*#1 - Sqrt[1 + #1^2] & , 0.6627434193491815809747420971092529070562335491150224175204`30.}]
532	twothirds	rational	64	exact	3	THREE, TWO, DIVIDE	0.000e+00	0.0	64.0	2/3
533	3/2 - gamma / log(2), a coin tossing constant related to the asymptotic evaluation of the expected length of the longest	special	64	not found	6	GOLDENRATIO, SIX, ARCSINH, GAMMA, DIVIDE, SQR	7.224e-08	0.764766	7.1	3/2 - EulerGamma/Log[2]
534	Shanks constant	special	64	not found	6	GOLDENRATIO, ONE, SINH, TANH, POWER, SIN	4.258e-07	0.682262	6.4	(Pi^2*Product[Piecewise[{{((1 - 4/Prime[\[FormalK]])*(1 + Prime[\[FormalK]])^2)/(-1 + Prime[\[FormalK]])^2, Mod[Prime[\[FormalK]], 8] == 1}}, 1], {\[FormalK], 1, Infinity}])/(16*Log[1 + Sqrt[2]])
535	sqrt(3)/(4 - sqrt(2))	algebraic	64	not found	6	SIX, LOG, ONE, SIN, POWER, SIN	1.677e-07	0.725589	6.8	Sqrt[3]/(4-Sqrt[2])
536	gamma_2, a lattice sum constant, analog of Euler's constant for two-dimensional lattices	none	64	not found	6	NINE, ARCTAN, PI, GAMMA, TANH, DIVIDE	7.478e-08	0.763158	7.1	
537	probable error constant	special	64	not found	6	EIGHT, ARCTAN, NINE, LOG, TANH, DIVIDE	9.918e-08	0.750022	7.0	InverseErf[1/2]*Sqrt[2]
538	Graham biggest little hexagon area	algebraic	64	not found	6	EIGHT, SIN, TAN, SINH, SIN, TANH	3.309e-08	0.80107	7.5	Root[11993 - 78488*#1 + 144464*#1^2 + 1232*#1^3 - 221360*#1^4 + 146496*#1^5 + 21056*#1^6 - 30848*#1^7 - 3008*#1^8 + 8192*#1^9 + 4096*#1^10 & , 5]
539	generalized Euler constant gamma(1,3)	special	64	not found	6	THREE, COS, COSH, ARCSINH, INV, TANH	3.969e-07	0.685526	6.4	EulerGamma/3 + Pi*Sqrt[3]/18 + Log[3]/6
540	Taniguchi constant	special	64	not found	6	PI, GAMMA, SQRT, ARCTAN, ARCTAN, ARCCOS	2.723e-07	0.703053	6.6	Product[1 - Prime[n]^(-6) + Prime[n]^(-5) + 2/Prime[n]^4 - 3/Prime[n]^3, {n, 1, Infinity}]
541	1 - 1/Pi	elementary	64	exact	4	PI, INV, ONE, SUBTRACT	1.110e-16	2.5629	64.0	1 - 1/Pi
542	positive solution to the equation x/(1-x) = 1+log(1/(1-x)), an auxiliary constant associated with the problem of enumera	none	64	not found	6	GOLDENRATIO, ARCTAN, ONE, SIN, TANH, POWER	3.065e-08	0.804632	7.5	
543	log e^(π/2)	elementary	64	not found	6	THREE, SIN, LOG, TAN, TAN, SQR	4.755e-09	0.891309	8.3	Log10[E^(Pi/2)]
544	one div cbrt pi	elementary	64	exact	5	THREE, NEG, DIVIDE, PI, POWER	0.000e+00	0.0	64.0	Pi^(-1/3)
545	least x>0 having sin(4x) = (sin x)^2	none	64	not found	6	FOUR, COSH, ARCTAN, GAMMA, SIN, ARCCOS	3.683e-08	0.796097	7.4	
546	Integral_{x=0..1} log(floor(1/x))/(1+x) dx	special	64	not found	6	EULER, TAN, GAMMA, SINH, COS, ARCSINH	3.065e-07	0.697549	6.5	Log[2]*Log[Khinchin]
547	-x, the real root of the equation 0 = 1 + Sum_{k>=1} prime(k) x^k. The inverse of Backhouse's constant (A072508)	none	64	not found	6	SEVEN, SINH, ARCTAN, TANH, ARCTAN, ARCSINH	2.541e-08	0.813351	7.6	
548	harmonic power tower odd term limit	special	64	not found	6	FOUR, SIN, COS, ARCTAN, COS, COS	9.952e-08	0.749866	7.0	Limit[Fold[(1/#2)^#1 & , 1, Table[\[FormalI], {\[FormalI], 1 + 2*\[FormalN], 2, -1}]], \[FormalN] -> Infinity]
549	reciprocal of Steiner number	elementary	64	exact	4	EULER, NEG, DIVIDE, EXP	0.000e+00	0.0	64.0	E^(-E^(-1))
550	Sum_{k=1..50000} (-1)^(k+1) / k	special	64	not found	5	EULER, SIN, ARCCOS, ARCTAN, TANH	6.136e-08	0.926828	7.2	Sum[(-1)^(k + 1)/k, {k, 1, 50000}]
551	Natural logarithm of 2	elementary	64	exact	2	TWO, LOG	0.000e+00	0.0	64.0	Log[2]
552	rank-2 Artin constant	special	64	not found	6	GOLDENRATIO, GAMMA, SQR, ARCTANH, ARCTAN, SQR	5.718e-08	0.775639	7.2	Product[1 - 1/((-1 + Prime[\[FormalK]])*Prime[\[FormalK]]^2), {\[FormalK], 1, Infinity}]
553	First continued fraction constant	special	64	not found	6	EIGHT, SIN, SEVEN, SIN, SINH, TIMES	3.607e-07	0.68998	6.4	BesselI[1, 2]/BesselI[0, 2]
554	log10(5)	elementary	64	not found	6	PI, SIX, ARCTAN, SINH, DIVIDE, TAN	2.060e-11	1.144401	10.7	Log[10, 5]
555	probability that a point of an infinite (rooted) tree is fixed by every automorphism of the tree	none	64	not found	6	EIGHT, ARCSINH, ARCCOSH, ARCSINH, INV, SIN	2.911e-08	0.807039	7.5	
558	Integral_{x = 1..infinity} 1/x^x dx	none	64	not found	6	TWO, INV, ARCTAN, INV, EXP, SIN	2.673e-08	0.811011	7.6	
559	carefree product constant	special	64	not found	6	NINE, ARCSINH, GAMMA, ARCTAN, SIN, TANH	1.872e-09	0.934662	8.7	Product[1 - 1/(Prime[\[FormalK]]*(1 + Prime[\[FormalK]])), {\[FormalK], 1, Infinity}]
560	rectilinear crossing constant	elementary	64	not found	6	FIVE, TANH, GOLDENRATIO, DIVIDE, ARCSINH, ARCCOSH	3.555e-08	0.797741	7.4	1 - 35/(12*Pi^2)
561	'C' (as designated by D. Shanks), a constant appearing in the second order term of the asymptotic expansion of the numbe	none	64	not found	6	EULER, FOUR, ARCSINH, DIVIDE, ARCTAN, SINH	1.077e-07	0.746185	7.0	
562	K, a constant arising in the analysis of the binary Euclidean algorithm	none	40	not found	6	EULER, ARCTAN, EXP, TANH, SIN, SQR	2.240e-08	0.819229	7.6	
563	sqrt(1/2)	algebraic	64	exact	3	NEG, ARCTAN, COS	0.000e+00	0.0	64.0	1/Sqrt[2]
564	rabbit constant	special	64	not found	6	TWO, LOG, ARCCOS, SQRT, SIN, COS	2.124e-08	0.821692	7.7	Sum[2^(-Floor[\[FormalK]*GoldenRatio]), {\[FormalK], 1, Infinity}]
565	generalized Euler constant gamma(1,4)	special	64	not found	6	SEVEN, NEG, SINH, TAN, DIVIDE, EXP	4.219e-08	0.789778	7.4	EulerGamma/4 + Pi/8 + Log[2]/4
566	Hopf constant	special	64	not found	6	FIVE, NINE, SQR, POWER, COS, ARCTAN	6.606e-08	0.768923	7.2	6/Pi^2 + Integrate[3/\[FormalTheta]^2 - (1 - \[FormalTheta]*Cot[\[FormalTheta]])^(-1), {\[FormalTheta], 0, Pi/2}]/Pi
567	1/(phi*log(4 - phi))	elementary	64	not found	6	EULER, TANH, COSH, SQRT, ARCTAN, TANH	3.655e-08	0.796454	7.4	(GoldenRatio Log[4-GoldenRatio])^(-1)
568	Traveling Salesman constant	algebraic	64	not found	6	SIX, ARCCOSH, LOG, COS, SINH, ARCSIN	1.010e-07	0.749199	7.0	4/153*(1 + 2*Sqrt[2])*Sqrt[51]
569	e^(-1/3)	elementary	64	exact	4	THREE, NEG, DIVIDE, EXP	0.000e+00	0.0	64.0	E^(-1/3)
570	constant appearing in the expected number of comparisons for a successful digital tree search (negated)	none	64	not found	6	SIX, ARCTAN, ARCTAN, THREE, SUBTRACT, LOG	9.057e-08	0.754246	7.0	
571	1/(2 log 2)	elementary	64	exact	3	FOUR, LOG, INV	0.000e+00	0.0	64.0	1/(2Log[2])
572	k2, a Diophantine approximation constant such that the area of the "critical parallelogram" (in this case a square) is 4	algebraic	64	exact	4	GOLDENRATIO, THREE, SUBTRACT, INV	2.220e-16	2.514543	64.0	(1+1/Sqrt[5])/2
573	Sarnak constant	special	64	not found	6	SEVEN, TANH, SQRT, ARCSINH, ARCTANH, INV	4.820e-08	0.783579	7.3	Product[1 - (2 + Prime[\[FormalK]])/Prime[\[FormalK]]^3, {\[FormalK], 2, Infinity}]
574	Langford constant	elementary	64	not found	6	SEVEN, LOG, LOG, ARCSINH, COS, SIN	1.084e-09	0.960074	9.0	97/150 + Pi/40
575	constant that appears in the asymptotic formula for average order of the infinitary divisors sum function (A049417)	none	64	not found	6	PI, GOLDENRATIO, GAMMA, DIVIDE, SQRT, SQRT	6.589e-08	0.769041	7.2	
576	a constant related to the asymptotic evaluation of Product_{p prime congruent to 1 modulo 4} (1 + 1/p)	none	64	not found	6	TWO, FIVE, DIVIDE, ARCSINH, GAMMA, ARCTAN	8.129e-08	0.759274	7.1	
577	sum_{n>=1} 1/binomial(2n, n)	elementary	64	not found	6	THREE, TAN, GOLDENRATIO, SUBTRACT, TANH, TANH	7.494e-08	0.763058	7.1	1/3 + 2*Sqrt[3]*Pi/27
579	1/Gamma(2/3)	special	64	exact	5	THREE, TWO, DIVIDE, GAMMA, INV	1.110e-16	2.05032	64.0	1/Gamma[2/3]
580	Dottie number	special	64	not found	6	SIX, SQR, GAMMA, COS, SQR, COS	1.208e-08	0.847942	0.7	Root[{Cos[#1] - #1 & , 0.7390851332151606416553120876738734040134117589007574649656`30.}]
581	densest spatial packing of spheres constant	elementary	64	exact	6	PI, SIX, TWO, SQRT, DIVIDE, TIMES	2.220e-16	1.676362	64.0	Pi/(3*Sqrt[2])
582	Rosser constant	special	64	not found	6	TWO, SINH, TAN, INV, TANH, TANH	3.070e-09	0.911657	8.5	(8*Catalan)/Pi^2
583	Sarnak product constant	special	64	not found	6	EULER, INV, GAMMA, TANH, COS, SQRT	1.860e-07	0.720772	6.7	(5*Pi^2*Product[1 - (2 + Prime[\[FormalK]])/Prime[\[FormalK]]^3, {\[FormalK], 2, Infinity}])/48
584	s_4, a 4-dimensional Steiner ratio analog	none	64	not found	6	GOLDENRATIO, FIVE, TAN, GAMMA, TIMES, SQRT	1.320e-07	0.736715	6.9	
585	B, the coefficient of n*log(n)^2 in the asymptotic formula of Ramanujan for Sum_{k=1..n} (d(k)^2), where d(k) is the num	none	64	not found	6	FIVE, FIVE, TANH, PLUS, COS, TANH	2.992e-07	0.698669	6.5	
586	Rényi parking constant	special	64	not found	6	SIX, TANH, COSH, GAMMA, ARCTAN, COS	6.769e-08	0.767792	7.2	Integrate[Exp[-2*(EulerGamma + Gamma[0, \[FormalT]] + Log[\[FormalT]])], {\[FormalT], 0, Infinity}]
587	exp(-gamma/2)	special	64	not found	6	EULER, ARCTAN, TWO, SIN, SIN, POWER	6.443e-08	0.770082	7.2	Exp[-EulerGamma/2]
588	three quarters	rational	64	exact	3	FOUR, THREE, DIVIDE	0.000e+00	0.0	64.0	3/4
589	pi^(-1/4)	elementary	64	exact	4	PI, INV, SQRT, SQRT	0.000e+00	0.0	64.0	Pi^(-1/4)
590	Sum_{n>=1} (-1)^(n-1)*H(n)/n^2, where H(n) is the n-th harmonic number	special	64	not found	5	EULER, SINH, SIN, SQRT, TANH	4.852e-08	0.939929	7.3	5*Zeta[3]/8
591	linear asymptotic constant B in Sum_{k=1..n} 1/A000688(k) = ~B*n + 	none	64	not found	6	NINE, ARCTAN, TWO, COS, DIVIDE, EXP	2.551e-07	0.706081	6.6	
592	Flajolet-Odlyzko constant	special	64	not found	6	PI, SQR, SIN, COSH, ARCSINH, ARCTAN	1.061e-07	0.746873	7.0	2*Integrate[1 - E^(ExpIntegralEi[-\[FormalT]]/2), {\[FormalT], 0, Infinity}]
593	constant appearing in the variance for inserting in a digital tree	none	64	not found	6	NEG, COS, SIX, SINH, SIN, POWER	4.328e-08	0.788592	7.4	
594	Landau-Ramanujan constant	none	20	not found	6	GOLDENRATIO, LOG, SQRT, ARCSIN, COSH, INV	1.304e-08	0.844397	7.9	
595	Landau-Ramanujan constant	special	64	not found	6	GOLDENRATIO, LOG, SQRT, ARCSIN, COSH, INV	1.304e-08	0.844397	7.9	Product[((4^2^\[FormalK]*(1 - 2^(-2^\[FormalK]))*Zeta[2^\[FormalK]])/(Zeta[2^\[FormalK], 1/4] - Zeta[2^\[FormalK], 3/4]))^2^(-1 - \[FormalK]), {\[FormalK], 1, Infinity}]/Sqrt[2]
596	analog of the Mertens constant B_2 in the asymptotic series for the variance of the number of prime factors Omega	none	64	not found	6	EULER, GAMMA, EULER, SIN, TIMES, ARCTANH	8.592e-08	0.7567	7.1	
597	binary Liouville number	special	64	not found	6	NINE, LOG, SIN, INV, TWO, SUBTRACT	1.145e-08	0.850432	7.9	Sum[1/2^(n!), {n, Infinity}]
598	-x, where x is the negative solution to the equation 2^x = x^2	none	64	not found	6	SEVEN, SIN, TWO, SQRT, DIVIDE, LOG	7.209e-07	0.657767	6.1	
599	Sum_{k>1} 1/(k*(k-1)*zeta(k)), a constant related to Niven's constant	none	64	not found	5	FIVE, SQR, ARCSINH, SIN, COS	5.356e-07	0.805906	6.3	
600	C = 2^(1/3)*e^(1/4)/A^3, a constant associated with the Gaudin-Mehta probability distribution and the Glaisher-Kinkelin 	special	64	not found	6	PI, TANH, COS, INV, SIN, ARCTAN	1.320e-08	0.843825	7.9	2^(1/3)*E^(1/4)/Glaisher^3
601	trace of the Ruelle-Mayer linear operator G_2	none	64	not found	6	EIGHT, INV, COSH, SQR, SIN, ARCSINH	9.531e-10	0.966057	9.0	
602	Sum_{p prime} 1/(p*(p-1))	none	64	not found	6	GOLDENRATIO, THREE, EULER, DIVIDE, POWER, ARCSINH	3.987e-08	0.792408	7.4	
603	Flajolet-Martin constant	special	64	not found	6	TWO, SIN, SIN, ARCSINH, TAN, SIN	4.015e-07	0.684987	6.4	(E^EulerGamma*Product[(1 + 1/(2*\[FormalK]))^(-1)^Mod[DigitCount[\[FormalK], 2, 1], 2], {\[FormalK], 1, Infinity}])/Sqrt[2]
604	Pi*G - 7*zeta(3)/4, where G = A006752	special	64	not found	6	TWO, SIN, LOG, ARCCOS, ARCTAN, TANH	9.406e-08	0.752488	7.0	Pi Catalan-7Zeta[3]/4
605	lambda_3, an analog of the Stolarsky-Harborth constant for the number of elements not divisible by 3 in Pascal's triangl	none	64	not found	6	PI, GOLDENRATIO, PLUS, INV, COS, ARCTAN	5.036e-08	0.781542	7.3	
606	strongly carefree product constant	special	64	not found	5	GOLDENRATIO, TAN, SIN, COSH, INV	3.079e-08	0.96531	7.5	Product[1 - (1 + Prime[\[FormalK]])^(-2), {\[FormalK], 1, Infinity}]
607	Bender r constant	none	51	not found	6	SEVEN, TAN, LOG, COS, SQR, ARCTAN	2.364e-07	0.709618	6.6	
608	hypercube line-picking constant	special	64	not found	6	TWO, SINH, ARCCOSH, ARCTAN, SIN, SIN	6.555e-08	0.769286	7.2	(-644 + 1344*Catalan + 3744*ArcCsch[Sqrt[2]] + 270*ArcSinh[1] - 3024*Im[PolyLog[2, I*(3 - 2*Sqrt[2])]] + 1773*Log[3] + 84*(PolyGamma[1, 1/12] + PolyGamma[1, 5/12]) + (6048*I)*(PolyLog[2, (1/2 - I/2)*(-2 + Sqrt[2])] - PolyLog[2, (1/2 + I/2)*(-2 + Sqrt[2])]) + (6048*I)*(PolyLog[2, I*(1 - Sqrt[2])] - PolyLog[2, I*(-1 + Sqrt[2])]) + 438*Sqrt[2] - 2448*ArcCot[2*Sqrt[2]]*Sqrt[2] - 189*(PolyGamma[1, 1/8] + PolyGamma[1, 3/8])*Sqrt[2] + 12*Pi*(-16 + 7*Pi*(-8 + 9*Sqrt[2])) + 288*Sqrt[3])/3780
609	6/(Pi^2 A086724)	none	64	not found	6	TWO, EULER, SUBTRACT, INV, ARCCOSH, ARCSINH	1.888e-07	0.720084	6.7	
610	log10(6)	elementary	64	not found	6	FIVE, PI, SQRT, COSH, DIVIDE, SQRT	7.475e-08	0.763175	7.1	Log[10, 6]
611	Purdom-Williams constant, a constant related to the Golomb-Dickman constant and to the asymptotic evaluation of the expe	none	64	not found	6	FIVE, ARCSINH, GOLDENRATIO, ARCSINH, ARCTAN, POWER	2.860e-07	0.700759	6.5	
612	first Bernoulli sophomore dream constant	special	64	not found	6	TWO, LOG, GAMMA, ARCTAN, GAMMA, TANH	6.429e-09	0.877276	8.2	-Sum[(-\[FormalK])^(-\[FormalK]), {\[FormalK], 1, Infinity}]
613	(sqrt(3) + sqrt(5) + 2*sqrt(6))/(8*sqrt(2))	algebraic	64	not found	6	EIGHT, INV, GOLDENRATIO, SINH, SIN, PLUS	2.232e-07	0.712307	6.7	(Sqrt[3]+Sqrt[5]+2Sqrt[6])/(8Sqrt[2])
614	(3*sqrt(3)+sqrt(7))/10	algebraic	64	not found	6	THREE, INV, ARCTAN, ARCTANH, COSH, TANH	1.431e-07	0.732983	6.8	(3*Sqrt[3]+Sqrt[7])/10
615	Integral_{x = 0 to oo} Product_{m=1..oo} cos(x/m) dx	none	39	not found	6	SEVEN, COS, THREE, DIVIDE, ARCTAN, ARCCOSH	9.742e-09	0.857948	8.0	
616	pi/4	elementary	64	exact	2	ONE, ARCTAN	0.000e+00	0.0	64.0	Pi/4
617	Lüroth constant	special	64	not found	6	TWO, LOG, COS, COS, ARCSINH, TAN	3.146e-07	0.69633	6.5	Sum[Log[\[FormalK]/(-1 + \[FormalK])]/\[FormalK], {\[FormalK], 2, Infinity}]
618	asymptotic constant eta for counts of weakly binary trees	none	64	not found	6	EIGHT, ARCTAN, LOG, PI, DIVIDE, SIN	4.270e-08	0.789215	7.4	
619	Lal's constant: the Hardy-Littlewood constant for A217795	none	64	not found	6	SEVEN, LOG, LOG, SINH, SIN, COS	4.398e-07	0.680758	6.4	
620	Kolakoski constant	none	64	not found	6	EIGHT, SIN, COS, GAMMA, ARCSINH, INV	3.610e-08	0.797033	7.4	
621	root two div pi	elementary	64	exact	4	PI, TWO, DIVIDE, SQRT	0.000e+00	0.0	64.0	Sqrt[2/Pi]
622	log 2π	elementary	64	not found	6	PI, GAMMA, ARCCOSH, SINH, GAMMA, ARCTAN	2.616e-07	0.704915	6.6	Log10[2*Pi]
623	Product_{n>1} (1 - 1/n^2)^(1/n)	none	64	not found	6	FOUR, ARCTAN, PI, SQRT, DIVIDE, ARCCOSH	4.772e-08	0.784048	7.3	
625	unique real solution of the equation Ei(x)-gamma-log(x) = 1, where Ei is the exponential integral function and gamma the	none	64	not found	6	TWO, SINH, ARCCOSH, LOG, GAMMA, ARCCOSH	1.238e-07	0.739704	6.9	
626	disk half-area offset constant	special	64	not found	6	NINE, TAN, ARCSIN, ARCSINH, COS, SQR	1.939e-07	0.718837	6.7	Root[{Pi - 4*ArcCos[#1/2] + #1*Sqrt[4 - #1^2] & , 0.8079455065990344186379234801330000000000000000000000000001`29.907382069955993}]
627	Solomon parking constant	special	64	not found	6	EULER, SQR, EXP, COS, GAMMA, TAN	1.238e-07	0.739695	6.9	Integrate[(1 + 2*\[FormalX])*Exp[-2*(-1 + \[FormalX] + Exp[-\[FormalX]])]*Exp[-2*(EulerGamma - ExpIntegralEi[-\[FormalX]] + Log[\[FormalX]])], {\[FormalX], 0, Infinity}]
628	Alladi-Grinstead constant	special	64	not found	6	SIX, SIN, SIX, ARCCOSH, PLUS, SIN	6.766e-08	0.767813	7.2	Exp[-1 - Sum[Log[1 - \[FormalK]^(-1)]/\[FormalK], {\[FormalK], 2, Infinity}]]
629	product_{n>=1} (n/(n+1))^((-1)^t(n-1)), a probabilistic counting constant, where t(n) = A010060(n) is the Thue-Morse seq	none	64	not found	6	TWO, FIVE, ARCSINH, EULER, SUBTRACT, TIMES	6.508e-08	0.769615	7.2	
630	'mu', a Young-Fejér-Jackson constant linked to the positivity of certain sine sums	none	64	not found	6	FOUR, ARCSINH, ARCSINH, ARCTAN, ARCTANH, LOG	6.832e-08	0.767356	7.2	
631	(1 + sqrt(6))/(3*sqrt(2))	algebraic	64	not found	6	PI, EXP, TWO, SIN, TIMES, SIN	3.274e-08	0.801573	7.5	(1+Sqrt[6])/(3Sqrt[2])
632	1/Gamma(3/4)	special	64	exact	5	FOUR, THREE, DIVIDE, GAMMA, INV	2.220e-16	2.011635	64.0	1/Gamma[3/4]
633	sum_{n>=0} 1/2^(2^n)	special	64	not found	6	SEVEN, LOG, LOG, TANH, SINH, COS	1.458e-08	0.839186	7.8	Sum[1/2^(2^n), {n, 0, Infinity}]
634	a2, the second of two constants associated with Djokovic's conjecture on an integral inequality	none	64	not found	6	FOUR, TANH, ARCTAN, ARCSIN, GAMMA, ARCTAN	8.829e-08	0.755432	7.1	
635	First Nielsen-Ramanujan constant	elementary	64	exact	5	THREE, NEG, ARCSIN, SQR, DIVIDE	0.000e+00	0.0	64.0	Pi^2/12
636	Sierpiński constant	special	64	not found	6	THREE, COS, FOUR, SIN, SINH, TIMES	1.493e-08	0.838094	7.8	2*EulerGamma + 2*Log[2] + 3*Log[Pi] - 4*Log[Gamma[1/4]]
637	sigma_3, a Turán's Power Sum Constant	none	64	not found	5	EIGHT, LOG, ARCCOSH, INV, ARCSIN	1.883e-07	0.864257	6.7	
638	Prouhet-Thue-Morse constant	special	64	not found	6	GOLDENRATIO, PI, LOG, SINH, TANH, POWER	5.673e-08	0.776005	7.2	1 - Product[(-1 + 2^2^\[FormalK])/2^2^\[FormalK], {\[FormalK], 0, Infinity}]/2
639	Pi/8 + sqrt(3)/4	elementary	64	not found	6	FIVE, COS, TAN, SQRT, TAN, COS	6.828e-08	0.767387	7.2	Pi/8+Sqrt[3]/4
640	asymptotic efficiency constant	elementary	64	not found	6	THREE, SINH, TAN, GAMMA, SIN, SIN	2.318e-09	0.924714	8.6	(3*Sqrt[3])/(2*Pi)
641	1/zeta(3)	special	64	not found	5	EIGHT, TAN, FOUR, DIVIDE, COS	3.079e-08	0.965316	7.5	1/Zeta[3]
642	Rosser's constant	none	64	not found	6	EIGHT, SEVEN, DIVIDE, SINH, TANH, SINH	1.181e-07	0.7419	6.9	
643	Gauss's constant	special	64	not found	6	PI, NEG, TANH, COSH, LOG, TIMES	1.493e-07	0.731015	6.8	ArithmeticGeometricMean[1, Sqrt[2]]^(-1)
644	Baker constant	elementary	64	not found	6	NINE, TWO, ARCCOSH, DIVIDE, COS, SIN	1.395e-08	0.841262	7.9	(Log[2] + Pi/Sqrt[3])/3
646	Shepp's constant 'alpha', an optimal stopping constant associated with the case of a zero mean and unit variance distrib	none	64	not found	6	EIGHT, GAMMA, LOG, SIN, SIN, SQRT	3.131e-08	0.803641	7.5	
647	2*G/(Pi*log(2)), a constant appearing in the average root bifurcation ratio of binary trees, where G is Catalan's consta	special	64	not found	6	FIVE, GAMMA, TAN, COSH, TANH, SIN	8.992e-08	0.754584	7.0	2 Catalan/(Pi*Log[2])
648	sin one	elementary	64	exact	2	ONE, SIN	0.000e+00	0.0	64.0	Sin[1]
649	reciprocal of the Khinchin-Lévy constant	elementary	64	exact	6	NEG, ARCSIN, SQR, EIGHT, LOG, DIVIDE	0.000e+00	0.0	64.0	(12*Log[2])/Pi^2
651	log10(7)	elementary	64	not found	6	TWO, EIGHT, ARCSINH, SUBTRACT, ARCSINH, SQRT	6.845e-08	0.767271	7.2	Log[10, 7]
652	3/(2*sqrt(Pi))	elementary	64	exact	6	TWO, PI, NINE, DIVIDE, SQRT, DIVIDE	0.000e+00	0.0	64.0	3/(2*Sqrt[Pi])
653	ubiquitous constant	special	64	not found	6	FIVE, ARCTAN, SQR, COS, COS, ARCSINH	2.858e-08	0.807892	7.5	(2*Pi^(3/2))/Gamma[1/4]^2
654	Regular paperfolding sequence	special	64	not found	6	SIX, NEG, ARCSINH, INV, ARCSINH, POWER	4.004e-08	0.792207	7.4	Sum[8^2^n/(-1 + 2^2^(2 + n)), {n, 0, Infinity}]
655	maximal quantum success probability of the CHSH game	algebraic	64	exact	5	EIGHT, PI, DIVIDE, COS, SQR	0.000e+00	0.0	64.0	Cos[Pi/8]^2
656	1/(2*K^2) = Product_(p prime congruent to 3 modulo 4) (1 - 1/p^2), where K is the Landau-Ramanujan constant	none	64	not found	6	PI, TANH, COS, GAMMA, SQRT, TANH	1.538e-07	0.729629	6.8	
657	rank-3 Artin constant	special	64	not found	6	FOUR, ARCSINH, ARCTAN, SEVEN, TAN, POWER	1.923e-08	0.82632	7.7	Product[1 - 1/((-1 + Prime[\[FormalK]])*Prime[\[FormalK]]^3), {\[FormalK], 1, Infinity}]
658	four minus pi	elementary	64	exact	3	PI, FOUR, SUBTRACT	2.220e-16	3.352724	64.0	4 - Pi
659	Champernowne base-2 constant	special	64	not found	6	GOLDENRATIO, EXP, COS, SQRT, COSH, ARCTAN	1.979e-07	0.7179	6.7	ChampernowneNumber[2]
660	Steiner ratio of the Euclidean plane	algebraic	64	exact	3	TWO, ARCCOSH, TANH	0.000e+00	0.0	64.0	Sqrt[3]/2
661	log(4 - phi), where phi = A001622	elementary	64	exact	4	GOLDENRATIO, FOUR, SUBTRACT, LOG	0.000e+00	0.0	64.0	Log[4-GoldenRatio]
662	log e^2	elementary	64	exact	5	THREE, ARCSINH, COSH, LOG, INV	2.220e-16	2.011635	64.0	Log10[E^2]
663	sqrt(Pi)/(2K)*exp(-gamma/2) where K is the Landau-Ramanujan constant and gamma the Euler-Mascheroni constant	none	64	not found	6	NINE, NINE, SIN, INV, TANH, POWER	2.519e-08	0.813768	7.6	
664	square edge line-picking constant	elementary	64	not found	6	PI, TANH, ONE, TANH, ARCSIN, DIVIDE	3.175e-08	0.803002	7.5	(2 + 5*Log[1 + Sqrt[2]] + Sqrt[2])/9
665	integral_{0..infinity} exp(-x^2)*log(x) dx	special	64	not found	6	EIGHT, INV, SQRT, GOLDENRATIO, POWER, ARCTAN	3.645e-08	0.796581	7.4	-(-(1/4)*Sqrt[Pi]*( EulerGamma + 2*Log[2]))
667	product_{n>=1} (2n/(2n+1))^((-1)^t(n-1)), a probabilistic counting constant, where t(n) = A010060(n) is the Thue-Morse s	none	64	not found	6	EIGHT, SIN, COS, TAN, TAN, ARCTANH	2.140e-07	0.714259	6.7	
668	total area of Ford circles	special	64	not found	6	FOUR, TAN, EXP, EIGHT, ARCSINH, DIVIDE	4.871e-08	0.783089	7.3	(45*Zeta[3])/(2*Pi^3)
669	(5/18)*Pi	elementary	64	exact	6	FIVE, NINE, ONE, ARCSIN, DIVIDE, TIMES	0.000e+00	0.0	64.0	5Pi/18
670	a constant related to the asymptotic counting function of numbers of the form x^2 + 2*y^2 (A002479)	none	64	not found	6	PI, FIVE, PLUS, EIGHT, POWER, SIN	9.623e-08	0.751426	7.0	
671	Integral_{x=0..Pi/2} sin(x)^(3/2) dx	special	64	not found	6	PI, ARCTAN, ARCCOSH, ARCCOS, ARCSINH, TAN	3.198e-08	0.802669	7.5	1/3*Sqrt[2]*EllipticK[1/2]
672	sqrt(2)/phi, where phi = (1+sqrt(5))/2	algebraic	64	exact	4	GOLDENRATIO, TWO, SQRT, DIVIDE	0.000e+00	0.0	64.0	Sqrt[2]/GoldenRatio
673	sum of reciprocal perfect powers (excluding 1)	none	64	not found	6	THREE, SIN, ARCTAN, COSH, INV, ARCSINH	4.382e-08	0.788017	7.4	
674	average length of a line segment picked at random in a unit 5-cube	none	64	not found	6	EIGHT, COS, SINH, SIX, POWER, ARCSIN	3.701e-08	0.795874	7.4	
675	an Ising constant related to the triangular lattice	none	64	not found	6	GOLDENRATIO, TWO, ARCSINH, DIVIDE, GAMMA, SIN	5.612e-08	0.776505	7.3	
676	quadratic class number constant	special	64	not found	6	THREE, SIN, SQR, TAN, COSH, ARCSINH	2.121e-09	0.928864	8.7	Product[1 - 1/(Prime[\[FormalK]]^2*(1 + Prime[\[FormalK]])), {\[FormalK], 1, Infinity}]
677	positive minimum of the gamma function	special	64	not found	6	NINE, ARCSINH, ARCSINH, GAMMA, COSH, GAMMA	1.132e-14	1.493496	13.9	Gamma[Root[{PolyGamma[0, #1] & , 1.46163214496836234126265954233`29.164838085677864}]]
678	sqrt(Pi)/2	elementary	64	exact	3	ONE, ARCTAN, SQRT	1.110e-16	3.4172	64.0	Sqrt[Pi]/2
679	exp(gamma)/2	special	64	not found	6	GOLDENRATIO, ARCCOSH, GAMMA, COS, GAMMA, GAMMA	1.528e-08	0.837006	7.8	E^EulerGamma/2
680	reciprocal sum of integer powers constant	special	64	not found	6	FIVE, LOG, ARCTAN, GOLDENRATIO, DIVIDE, GAMMA	9.278e-09	0.860217	8.0	Sum[-1 + Zeta[Prime[\[FormalK]]], {\[FormalK], 1, Infinity}]
681	Gamma(4/3)	special	64	exact	4	THREE, FOUR, DIVIDE, GAMMA	2.220e-16	2.514543	64.0	Gamma[4/3]
682	Product_{p prime, p == 1 (mod 4)} (1 - 2/p^2)	none	64	not found	6	FIVE, LOG, TAN, SQR, TAN, EXP	5.637e-09	0.88339	8.2	
683	'delta', a constant arising in the asymptotics of the regularized product of the Fibonacci numbers	none	64	not found	6	THREE, INV, ARCSINH, ARCCOS, INV, SINH	8.045e-08	0.759756	7.1	
684	Gamma(5/3)	special	64	exact	4	THREE, FIVE, DIVIDE, GAMMA	2.220e-16	2.514543	64.0	Gamma[5/3]
685	log10(8)	elementary	64	not found	6	EULER, FIVE, DIVIDE, TANH, GAMMA, ARCSINH	1.635e-07	0.726773	6.8	Log[10, 8]
686	disk line-picking constant	elementary	64	not found	6	GOLDENRATIO, INV, FOUR, POWER, ARCCOSH, TANH	3.755e-08	0.795195	7.4	128/(45*Pi)
687	Gamma(5/4)	special	64	exact	4	FOUR, FIVE, DIVIDE, GAMMA	4.441e-16	2.466187	64.0	Gamma[5/4]
688	densest planar packing of circles constant	elementary	64	exact	5	THREE, SQRT, ONE, ARCSIN, DIVIDE	0.000e+00	0.0	64.0	Pi/(2*Sqrt[3])
689	value of x such that K(x) = 2E(x)	none	64	not found	6	EIGHT, GAMMA, COS, INV, ARCSINH, GAMMA	6.765e-08	0.767814	7.2	
690	(sqrt(Pi)/(2^(1/4)*Gamma(5/8)*Gamma(7/8)))^2	special	64	not found	6	SEVEN, ARCSINH, COSH, SIN, GOLDENRATIO, SUBTRACT	1.074e-07	0.746325	7.0	(Pi/Sqrt[2])*(1/(Gamma[5/8]*Gamma[7/8]))^2
691	(1 + sqrt(3))/3	algebraic	64	exact	6	THREE, NEG, THREE, SQRT, SUBTRACT, DIVIDE	0.000e+00	0.0	64.0	(1+Sqrt[3])/3
692	Catalan's constant	special	64	not found	6	EULER, TAN, ARCSIN, EXP, TAN, ARCTANH	1.719e-09	0.93864	8.8	Catalan
693	log root two pi	elementary	64	exact	5	PI, PI, PLUS, SQRT, LOG	1.110e-16	2.05032	64.0	Log[Sqrt[2*Pi]]
694	Gamma(7/4)	special	64	exact	4	FOUR, SEVEN, DIVIDE, GAMMA	2.220e-16	2.514543	64.0	Gamma[7/4]
695	position of the positive real maximum of Dawson's integral D_+(x)	none	64	not found	6	EULER, INV, ARCTANH, EXP, ARCSINH, GAMMA	1.029e-07	0.748331	7.0	
696	cube face line-picking constant	elementary	64	not found	6	FOUR, TAN, TANH, TAN, COSH, TANH	2.952e-08	0.806388	7.5	(4 - 7*Pi + 21*Log[1 + Sqrt[2]] + 42*Log[2 + Sqrt[3]] + 17*Sqrt[2] - 6*Sqrt[3])/75
697	Product_{n>=1} (1 - 1/(4n+1)^2)	special	64	not found	6	SEVEN, SQRT, LOG, ARCSIN, INV, TAN	4.419e-08	0.78762	7.4	Product[1 - 1/(4 n + 1)^2, {n, 1, Infinity}]
698	an Ising constant related to the random coloring problem	special	64	not found	6	EIGHT, LOG, SQR, ARCCOSH, GAMMA, ARCSINH	2.582e-08	0.812607	7.6	Log[2]/2 + 2*Catalan/Pi
699	rank-4 Artin constant	special	64	not found	6	ONE, ARCSIN, SQRT, ARCSINH, SIN, SQRT	7.326e-09	0.871202	8.1	Product[1 - 1/((-1 + Prime[\[FormalK]])*Prime[\[FormalK]]^4), {\[FormalK], 1, Infinity}]
700	-zeta'(2) (the first derivative of the zeta function at 2)	none	64	not found	6	SIX, ARCSINH, PI, SUBTRACT, SQRT, ARCSIN	1.095e-08	0.852527	8.0	
701	(4K/Pi)^2 where K is the Landau-Ramanujan constant	none	64	not found	6	TWO, ARCTAN, GAMMA, INV, SQR, GAMMA	2.564e-07	0.705843	6.6	
702	Pi*(1+sqrt(2))/8	elementary	64	not found	6	TWO, INV, COSH, SINH, LOG, COS	1.617e-07	0.727295	6.8	Pi*(1+Sqrt[2])/8
703	log10(9)	elementary	64	not found	6	FIVE, ARCCOSH, SQRT, FOUR, POWER, SIN	1.953e-08	0.825594	7.7	Log[10, 9]
704	3/π	elementary	64	exact	3	PI, THREE, DIVIDE	0.000e+00	0.0	64.0	3/Pi
705	Magic angle	elementary	64	exact	3	TWO, SQRT, ARCTAN	0.000e+00	0.0	64.0	ArcCos[1/Sqrt[3]]
706	(log(2) + Pi)/4	elementary	64	exact	6	FOUR, PI, TWO, LOG, PLUS, DIVIDE	0.000e+00	0.0	64.0	(Log[2]+Pi)/4
707	a limit associated with the asymptotic number of ways of writing a number as a sum of powers of 2, with each power used 	elementary	64	not found	6	TWO, SQRT, PI, ARCCOSH, ARCSINH, DIVIDE	9.912e-08	0.75005	7.0	3^(Log[GoldenRatio]/Log[2]) / Sqrt[5]
708	a constant related to the asymptotic expansion of the Lebesgue constant corresponding to the n-th Chebyshev polynomial	special	64	not found	6	SIX, TAN, COSH, TWO, TANH, POWER	8.188e-08	0.75894	7.1	2/Pi*(3*Log[2] - Log[Pi] + EulerGamma)
709	L(3, chi4), where L(s, chi4) is the Dirichlet L-function for the non-principal character modulo 4	elementary	64	exact	6	TWO, THREE, ONE, ARCTAN, POWER, TIMES	1.110e-16	1.7086	64.0	Pi^3/32
710	Lochs constant	elementary	64	not found	6	FOUR, ARCTAN, EXP, THREE, POWER, COS	1.505e-08	0.837706	7.8	6*Log[2]*Log[10]/Pi^2
711	4*K/Pi, a constant appearing in the asymptotic evaluation of the number of non-hypotenuse numbers not exceeding a given 	none	64	not found	6	PI, THREE, TIMES, ARCTAN, SQR, TANH	1.923e-08	0.82632	7.7	
712	log 3π	elementary	64	not found	6	PI, GOLDENRATIO, GAMMA, TANH, DIVIDE, COS	4.858e-08	0.78322	7.3	Log10[3*Pi]
713	Elbert constant	special	64	not found	6	SIX, GOLDENRATIO, SQRT, SINH, PLUS, SIN	7.431e-09	0.870543	8.1	ConditionalExpression[Extension`ElbertConstant == 1 + E^\[FormalU] - (\[FormalV]*E^\[FormalU])/2 + E^(\[FormalU] + \[FormalV]/2) - E^\[FormalV], E^\[FormalU] + 2*E^(\[FormalU] + \[FormalV]/2) + E^(\[FormalV]/2) + E^(\[FormalU] + \[FormalV]) == 2*E^\[FormalV] + E^((3*\[FormalV])/2) && 1 + (1 + \[FormalU] - \[FormalV])*E^\[FormalU] + 2*E^(\[FormalU] + \[FormalV]/2) == 2*E^\[FormalV] && -1/3 < \[FormalU] < 0 && 1/3 < \[FormalV] < 1]
714	4*sqrt(2) - 6*sqrt(6)/Pi	elementary	64	not found	6	GOLDENRATIO, SQRT, EXP, INV, COSH, GAMMA	8.490e-09	0.864344	8.1	4Sqrt[2]-6Sqrt[6]/Pi
715	generalized Glaisher-Kinkelin constant A(3)	special	64	not found	6	GOLDENRATIO, GAMMA, ARCTAN, TANH, ARCTAN, ARCCOS	5.510e-08	0.777364	7.3	Exp[-11/720 - Zeta'[-3]]
716	a parking constant related to the asymptotic expected number of cars, assuming random car lengths	none	64	not found	6	NEG, FOUR, TANH, SINH, PLUS, COS	3.161e-08	0.803203	7.5	
717	a constant related to the asymptotic evaluation of Product_{p prime congruent to 3 modulo 4} (1 + 1/p)	none	64	not found	6	EULER, ARCSINH, EXP, SQRT, ARCCOSH, ARCTAN	2.490e-08	0.814295	7.6	
718	ln(Gamma(1/3))	special	64	exact	4	THREE, INV, GAMMA, LOG	2.220e-16	2.514543	64.0	LogGamma[1/3]
719	Reuleaux triangle square cutting fraction	elementary	64	not found	6	PI, INV, COS, EXP, GAMMA, SIN	1.016e-07	0.74888	7.0	-3 + Pi/6 + 2*Sqrt[3]
720	logarithm of Khinchin constant	special	64	not found	6	EULER, SIN, PI, POWER, ARCTAN, INV	3.152e-08	0.803338	7.5	Log[Khinchin]
721	phi(0), an auxiliary constant associated with Shapiro's cyclic sum constant lambda	none	64	not found	6	TWO, SINH, LOG, TANH, SIN, ARCTANH	3.460e-08	0.799002	7.5	
722	Asymptotic behavior of Lebesgue constants	special	64	not found	6	PI, COSH, EXP, SIN, TAN, SIN	4.369e-09	0.895244	8.4	(-4*PolyGamma[0, 1/2])/Pi^2 + (8*Sum[Log[k]/(-1 + 4*k^2), {k, 1, Infinity}])/Pi^2
723	generalized Glaisher-Kinkelin constant A(4)	special	64	not found	6	SEVEN, LOG, SIN, ARCTANH, SQR, TANH	1.443e-08	0.839678	7.8	Exp[-3*Zeta[5]/(4*Pi^4)]
724	log π^2	elementary	64	not found	6	FOUR, EXP, SIN, TWO, SUBTRACT, TANH	8.848e-09	0.862422	8.1	Log10[Pi^2]
725	Ramanujan's first continued fraction constant	elementary	64	not found	6	PI, EXP, INV, TANH, COS, SQR	5.634e-09	0.883416	8.2	Exp[(2*Pi)/5]*(-GoldenRatio + Sqrt[GoldenRatio*Sqrt[5]])
726	One	rational	64	exact	1	ONE	0.000e+00	0.642549	64.0	1
727	'nu', a coefficient related to the variance for searching corresponding to patricia tries	none	64	false positive	6	NINE, EULER, EXP, TANH, INV, POWER	4.441e-16	1.644124	15.7	
728	zeta(9)	special	64	not found	6	FIVE, ARCSINH, ARCCOSH, COS, COSH, SQRT	2.296e-08	0.818065	7.6	Zeta[9]
729	side of the equilateral triangle that can cover every triangle of perimeter 2	none	64	not found	6	FOUR, LOG, GAMMA, GAMMA, LOG, COSH	2.410e-08	0.815825	7.6	
730	generalized Stirling constant	none	64	not found	6	FIVE, INV, COS, TAN, SIN, INV	1.150e-07	0.743149	6.9	
731	Pi^3/(36*sqrt(3)) + 91*zeta(3)/216	special	64	not found	6	GOLDENRATIO, SEVEN, POWER, TWO, DIVIDE, COSH	3.090e-08	0.804255	7.5	Pi^3/(36*Sqrt[3])+91*Zeta[3]/216
732	DeVicci's tesseract constant	algebraic	64	not found	6	ONE, ARCSIN, GOLDENRATIO, DIVIDE, SQRT, SQRT	2.464e-08	0.814798	7.6	Root[16 + 16*#1^2 - 7*#1^4 - 28*#1^6 + 4*#1^8 & , 3, 0]
733	zeta(7)	special	64	not found	6	FIVE, LOG, ARCTAN, GAMMA, TWO, SUBTRACT	9.778e-09	0.857775	8.0	Zeta[7]
734	generalized Glaisher-Kinkelin constant A(5)	special	64	not found	6	PI, INV, SQRT, GOLDENRATIO, ARCTAN, POWER	9.750e-08	0.750817	7.0	Exp[137/15120-Zeta'[-5]]
735	Pi^3/64 + 7*zeta(3)/16	special	64	not found	6	SEVEN, TAN, NINE, INV, PLUS, GAMMA	4.052e-08	0.791654	7.4	Pi^3/64+7Zeta[3]/16
736	Gieseking constant	special	64	not found	6	PI, ARCTAN, INV, ARCSINH, SQR, ARCCOS	5.776e-08	0.775166	7.2	(3*Sqrt[3]*(1 - PolyGamma[1, 2/3]/9 + PolyGamma[1, 4/3]/9))/4
737	h_3, a constant related to certain evaluations of the gamma function from elliptic integrals	special	64	not found	6	EIGHT, SIN, INV, GOLDENRATIO, ARCTAN, POWER	1.647e-08	0.833528	7.8	4*EllipticK[4*Sqrt[3]-7]/(Sqrt[2+Sqrt[3]]*Pi)
738	2*Pi^3/(81*sqrt(3)) + 13*zeta(3)/27	special	64	not found	6	GOLDENRATIO, EXP, GAMMA, ARCSINH, ARCCOSH, GAMMA	3.990e-08	0.792377	7.4	2Pi^3/(81Sqrt[3])+13Zeta[3]/27
739	an Ising constant related to the hexagonal lattice	none	64	not found	5	TWO, COSH, SQRT, TANH, GAMMA	3.017e-08	0.96645	7.5	
740	6*arcsec(sqrt(3))/Pi^(3/2), an extreme value constant	special	64	not found	6	THREE, COS, ARCSIN, EXP, SINH, COSH	7.424e-08	0.763491	7.1	6*ArcSec[Sqrt[3]]/Pi^(3/2)
741	e^pi/pi^e	elementary	64	exact	6	EULER, PI, POWER, PI, EXP, DIVIDE	2.220e-16	1.676362	64.0	E^Pi/Pi^E
742	continued fraction constant (base 10)	elementary	64	not found	6	SIX, SIN, COS, ARCSIN, SQR, ARCTAN	5.960e-09	0.880803	8.2	Pi^2/(6Log[2]Log[10])
743	generalized Glaisher-Kinkelin constant A(2)	special	64	not found	5	NINE, LOG, GAMMA, COSH, ARCTAN	8.505e-08	0.908609	7.1	Exp[Zeta[3]/(4*Pi^2)]
744	generalized hypergeometric function 3F2(1/2,1/2,1/2; 3/2,3/2; x) at x=1/2	special	64	not found	6	SEVEN, TANH, SQRT, SIN, ARCTANH, ARCSINH	2.130e-09	0.928651	8.7	(Pi*Log[2]/4 + Catalan)/Sqrt[2]
745	Hadamard-de la Vallee-Poussin constant	special	64	not found	6	GOLDENRATIO, ARCTAN, SQR, EXP, ARCTAN, ARCSINH	6.077e-08	0.772807	7.2	EulerGamma + Sum[(-1 + Prime[\[FormalK]])^(-1) + Log[1 - Prime[\[FormalK]]^(-1)], {\[FormalK], 1, Infinity}]
746	secant of 15 degrees (cosecant of 75 degrees)	algebraic	64	exact	5	TWO, SQRT, SIX, SQRT, SUBTRACT	2.220e-16	2.011635	63.6	Sec[15 Degree]
747	zeta(5)	special	64	not found	6	TWO, ARCCOSH, ARCCOSH, COS, SQR, ARCCOS	8.593e-08	0.756691	7.1	Zeta[5]
748	Landau-Kolmogorov constant C(3,1) for derivatives in the case L_infinity(-infinity, infinity)	none	64	exact	6	TWO, THREE, INV, NINE, POWER, DIVIDE	0.000e+00	0.107091	64.0	
749	log10(11)	elementary	64	not found	6	EIGHT, TWO, SIN, POWER, ARCCOS, SQRT	3.029e-08	0.805192	7.5	Log[10, 11]
750	sec(phi), a constant related to the "broadworm" (or "caliper") problem	none	64	not found	6	SEVEN, COS, SIN, SINH, EXP, GAMMA	1.035e-07	0.748047	7.0	
751	Landau-Kolmogorov constant C(5,1) for derivatives in the case L_infinity(infinity, infinity)	none	64	not found	6	PI, EIGHT, ARCCOSH, COS, DIVIDE, COSH	1.495e-07	0.730934	6.8	
752	li(2) = gamma + log(log(2)) + Sum_{k>=1} log(2)^k / ( k*k! )	special	64	not found	6	ONE, ARCTAN, ARCTANH, TWO, ARCTAN, DIVIDE	2.493e-07	0.707157	6.6	LogIntegral[2]
753	third pi	elementary	64	exact	3	THREE, PI, DIVIDE	2.220e-16	3.352724	64.0	Pi/3
754	asymptotic constant in Goebel's sequence A003504	none	64	not found	6	GOLDENRATIO, SQR, COS, ARCTANH, SQR, ARCTAN	5.532e-08	0.777178	7.3	
755	Sum_{i>=0} 1/(2*i+1)^3	special	64	not found	6	SIX, ARCTAN, SEVEN, ARCSINH, GAMMA, DIVIDE	1.616e-08	0.834404	7.8	7 Zeta[3]/8
756	192*K^2*G/Pi^4 = Product_{p prime congruent to 1 modulo 4} (1 + 1/p^2), where K is the Landau-Ramanujan constant and G C	none	64	not found	6	EULER, TANH, GOLDENRATIO, SQRT, TIMES, ARCSINH	2.043e-08	0.823497	7.7	
757	1/2+2/sqrt(13), a constant related to the asymptotic evaluation of the number of self-avoiding rook paths joining opposi	algebraic	64	not found	6	THREE, EULER, INV, SINH, POWER, EXP	3.138e-08	0.803547	7.5	1/2 + 2/Sqrt[13]
758	an infinite product involving the ratio of n! to its Stirling approximation	special	64	not found	6	EULER, SQR, COS, TAN, COSH, SQRT	1.116e-08	0.85162	8.0	Glaisher^3/(2^(7/12)*Pi^(1/4))
759	Twelfth root of 2	algebraic	64	exact	5	SIX, INV, TWO, SQRT, POWER	0.000e+00	0.12851	63.4	2^(1/12)
760	(3/4)*sqrt(2)	algebraic	64	exact	4	EIGHT, NINE, DIVIDE, SQRT	0.000e+00	0.160637	63.3	3 Sqrt[2]/4
761	I, a constant appearing (as I^2) in the asymptotic variance of the area of the convex hull of random points in the unit 	special	64	not found	6	SEVEN, SINH, EXP, SIN, ARCSIN, ARCSINH	5.892e-08	0.774242	0.2	Sqrt[2]*Pi^2/Gamma[1/4]^2
762	(8*G - Pi*log(2 + sqrt(3)))/3, where G = A006752	special	64	not found	6	TWO, ARCTAN, SIX, TAN, PLUS, TAN	7.693e-08	0.761836	7.1	(8Catalan-Pi Log[2+Sqrt[3]])/3
763	(gamma + log(16))/Pi	special	64	not found	6	EULER, COSH, SINH, SIN, EXP, ARCCOS	8.011e-08	0.759956	7.1	(EulerGamma + Log[16])/Pi
764	m_3, the expected number of returns to the origin in a three-dimensional random walk restricted to the region x >= y >= 	none	64	not found	6	PI, ARCSINH, FIVE, SUBTRACT, LOG, SQRT	4.249e-07	0.68235	6.4	
765	Sum_{k >= 0} 1/(4*k+1)^2	special	64	not found	6	TWO, COS, ARCSINH, ARCSINH, SIN, COSH	1.889e-08	0.827157	7.7	Catalan/2 + Pi^2/16
766	expected number of returns to the origin of a random walk on an 8-d lattice	none	64	not found	6	PI, GOLDENRATIO, TIMES, TANH, ARCSINH, ARCSIN	1.428e-07	0.733075	6.8	
767	beta = 1.07869..., the best constant in Friedrichs' inequality in one dimension	none	64	not found	6	NEG, SIN, NINE, POWER, GOLDENRATIO, POWER	6.275e-08	0.771312	7.2	
768	Landau-Kolmogorov constant C(4,1) for derivatives in the case L_infinity(infinity, infinity)	none	64	not found	5	EIGHT, COS, ARCCOS, TANH, SINH	1.081e-07	0.895246	7.0	
769	c = twice the maximum of Dawson's integral, a constant used in the asymptotic evaluation of the ideal hyperbolic n-cube 	none	64	not found	6	FIVE, TAN, INV, ARCTANH, ARCCOS, ARCTAN	8.553e-08	0.756908	7.1	
770	zeta(4) = pi^4/90	elementary	64	not found	6	EULER, SIN, COS, SIN, GAMMA, SQRT	5.575e-08	0.776811	7.3	Pi^4/90
771	6*exp(gamma)/Pi^2	special	64	not found	6	TWO, TANH, FOUR, ARCSINH, GAMMA, DIVIDE	5.165e-08	0.780363	7.3	6*Exp[EulerGamma]/Pi^2
772	Feller α coin-tossing constant	algebraic	64	not found	6	ONE, ARCTAN, ARCSINH, SIN, LOG, COSH	2.320e-08	0.81759	7.6	(2*(-1 - 2/(17 + 3*Sqrt[33])^(1/3) + (17 + 3*Sqrt[33])^(1/3)))/3
773	1/Gamma(7/4)	special	64	exact	5	FOUR, SEVEN, DIVIDE, GAMMA, INV	0.000e+00	0.12851	63.7	1/Gamma[7/4]
774	Pi*log(2)/2	elementary	64	exact	5	PI, TWO, SQRT, LOG, TIMES	0.000e+00	0.12851	63.4	Pi*Log[2]/2
776	1/2+G/Pi, the highest limiting crest of a square wave Fourier series, where G is the Gibbs-Wilbraham constant	none	64	not found	6	PI, ARCTAN, ARCCOSH, INV, SQRT, SQRT	1.189e-09	0.955758	8.9	
777	expected number of returns to the origin of a random walk on a 7-d lattice	none	64	not found	6	PI, ARCSINH, NINE, ARCTAN, SINH, DIVIDE	1.059e-07	0.746984	7.0	
778	Gamma(1/4)^4/(16*Pi^2)	special	64	not found	6	FIVE, LOG, LOG, ARCSINH, ARCTAN, COSH	1.035e-07	0.74803	7.0	Gamma[1/4]^4/(16Pi^2)
779	square root of 6/5	none	64	exact	4	FIVE, SIX, DIVIDE, SQRT	0.000e+00	0.160637	63.4	
780	a 5-dimensional analog of DeVicci's tesseract constant	algebraic	64	exact	5	THREE, SQRT, EIGHT, SQRT, SUBTRACT	2.220e-16	2.011635	63.4	Sqrt[11-4*Sqrt[6]]
782	ln(3)	elementary	64	exact	2	THREE, LOG	0.000e+00	0.321274	63.5	Log[3]
783	Paris constant	special	64	not found	6	THREE, ARCTAN, ARCCOSH, TAN, INV, SQRT	1.775e-08	0.830056	7.8	ConditionalExpression[Extension`ParisConstant == Limit[(2*GoldenRatio)^\[FormalN]*(GoldenRatio - Subscript[\[FormalCapitalF], \[FormalN]]), \[FormalN] -> Infinity]/2, Subscript[\[FormalCapitalF], 1] == 1 && Subscript[\[FormalCapitalF], \[FormalN]] == Sqrt[1 + Subscript[\[FormalCapitalF], -1 + \[FormalN]]]]
784	Lengyel constant	special	64	not found	6	GOLDENRATIO, TWO, PLUS, GAMMA, LOG, ARCSINH	5.922e-08	0.774004	7.2	ConditionalExpression[Extension`LengyelConstant == Limit[(2^\[FormalN]*\[FormalN]^(1 + Log[2]/3)*Subscript[\[FormalC], \[FormalN]]*Log[2]^\[FormalN])/\[FormalN]!^2, \[FormalN] -> Infinity], Subscript[\[FormalC], 1] == 1 && Subscript[\[FormalC], \[FormalN]] == Sum[StirlingS2[\[FormalN], \[FormalK]]*Subscript[\[FormalC], \[FormalK]], {\[FormalK], 1, -1 + \[FormalN]}]]
785	log 4π	elementary	64	not found	6	GOLDENRATIO, SQR, FOUR, DIVIDE, SINH, GAMMA	2.253e-07	0.711868	6.6	Log10[4*Pi]
786	9*Sum_{k>=1} 1/(10^k-1)	none	64	not found	6	NEG, ARCTAN, SIN, COS, GAMMA, SQRT	4.462e-08	0.787168	7.4	
787	1/Gamma(5/4)	special	64	exact	5	FOUR, FIVE, DIVIDE, GAMMA, INV	4.441e-16	1.972949	63.4	1/Gamma[5/4]
789	sqrt(8/Pi)*log(2), a constant related to the asymptotic evaluation of the minimum number of one-dimensional random walks	elementary	64	exact	6	ONE, ARCSIN, SQRT, FOUR, LOG, DIVIDE	0.000e+00	0.107091	64.0	Sqrt[8/Pi]*Log[2]
791	1/Gamma(5/3)	special	64	exact	5	THREE, FIVE, DIVIDE, GAMMA, INV	2.220e-16	2.011635	64.0	1/Gamma[5/3]
792	Pi/(2*sqrt(2))	none	64	exact	4	EIGHT, SQRT, PI, DIVIDE	0.000e+00	0.160637	63.6	
793	4*L/(3*Pi), a constant related to the asymptotic evaluation of the number of primes of the form a^2+b^4, where L is Gaus	none	64	not found	6	TWO, ARCSINH, SIN, COSH, SQRT, SQRT	1.661e-07	0.726043	6.8	
794	log10(13)	elementary	64	not found	6	PI, FOUR, ARCCOSH, SUBTRACT, COS, COSH	6.809e-08	0.767512	7.2	Log[10, 13]
795	positive real root of 3*x^4 - x^3 - x^2 - 2, a constant related to quasi-isometric mappings	none	64	not found	6	ONE, TANH, EXP, ARCTAN, ARCTAN, GAMMA	1.104e-07	0.745031	7.0	
796	Landau-Kolmogorov constant C(5,2) for derivatives in the case L_infinity(infinity, infinity)	none	64	not found	6	FIVE, ARCCOSH, ARCCOSH, EULER, SUBTRACT, SQRT	1.131e-07	0.7439	6.9	
797	expected number of returns to the origin of a random walk on a 6-d lattice	none	64	not found	6	EIGHT, SIN, TANH, COSH, SQR, ARCCOSH	1.427e-07	0.733089	6.8	
798	Goh-Schmutz constant	special	64	not found	6	FOUR, COS, GAMMA, ARCSINH, INV, COSH	2.057e-07	0.716105	6.7	-Sum[(E^\[FormalK]*ExpIntegralEi[-\[FormalK]])/\[FormalK], {\[FormalK], 1, Infinity}]
799	Steinitz constant of the Euclidean plane	algebraic	64	exact	3	GOLDENRATIO, LOG, COSH	0.000e+00	0.214183	63.6	Sqrt[5]/2
800	Landau-Kolmogorov constant C(5,3) for derivatives in the case L_infinity(infinity, infinity)	none	64	not found	6	THREE, SIN, TANH, FIVE, SQRT, POWER	1.847e-08	0.828203	7.7	
801	1/Gamma(4/3)	special	64	exact	5	THREE, FOUR, DIVIDE, GAMMA, INV	2.220e-16	2.011635	63.6	1/Gamma[4/3]
802	2*exp(-gamma)	special	64	not found	6	TWO, EXP, COS, TANH, SINH, ARCCOS	4.885e-08	0.782958	7.3	2*Exp[-EulerGamma]
803	zeta(7/2)	special	64	not found	6	EULER, ARCSINH, SIN, COSH, GAMMA, INV	5.250e-08	0.779607	7.3	Zeta[7/2]
804	2/sqrt(pi)	elementary	64	exact	4	PI, FOUR, DIVIDE, SQRT	0.000e+00	0.160637	63.4	2/Sqrt[Pi]
806	a coefficient associated with the asymptotics of the average distance between a vertex and the root of a random rooted t	none	64	not found	6	TWO, COSH, TANH, SQR, ARCSINH, INV	3.154e-07	0.696217	6.5	
807	digital search tree β constant	special	64	not found	6	EIGHT, ARCCOSH, ARCSINH, ARCCOSH, TAN, GAMMA	6.095e-08	0.772671	7.2	-1 + (Log[2]*QPolyGamma[0, 1, 1/2] + QPolyGamma[1, 1, 1/2])/Log[2]^2
808	extreme value skewness	special	64	not found	6	NEG, ARCSINH, THREE, COSH, POWER, EXP	2.188e-07	0.713221	6.7	12*Sqrt[6]*Zeta[3]/Pi^3
809	a function approximation constant which is the analog of Gibbs's constant 2*G/Pi (A036793) for de la Vallée-Poussin sums	none	64	not found	6	SEVEN, SQRT, SIX, DIVIDE, TANH, SINH	2.460e-08	0.814868	7.6	
810	ln(pi)	elementary	64	exact	2	PI, LOG	0.000e+00	0.321274	63.4	Log[Pi]
811	1/sqrt(tanh(1))	elementary	64	exact	4	ONE, TANH, INV, SQRT	0.000e+00	0.160637	63.5	1/Sqrt[Tanh[1]]
812	Goldbach-Vinogradov constant	special	64	not found	6	THREE, SIX, ARCCOSH, TIMES, SIN, ARCSIN	9.677e-08	0.751168	7.0	Product[1 + (-1 + Prime[\[FormalK]])^(-3), {\[FormalK], 1, Infinity}]/2
813	Pi^2/(16*K^2*G) = Product_{p prime congruent to 3 modulo 4} (1 + 1/p^2), where K is the Landau-Ramanujan constant and G 	none	64	not found	6	SEVEN, SQR, ARCTAN, COSH, TANH, SINH	1.413e-07	0.733546	6.8	
814	Second Hermite constant	algebraic	64	exact	4	THREE, FOUR, DIVIDE, SQRT	0.000e+00	0.160637	64.0	2/Sqrt[3]
815	expected number of returns to the origin of a random walk on a 5-d lattice	none	64	not found	6	NEG, SINH, TAN, SQR, LOG, ARCCOSH	6.530e-08	0.76946	7.2	
816	cubic recurrence constant	special	64	not found	6	THREE, ARCSINH, ONE, ARCSIN, POWER, ARCTAN	8.054e-08	0.759703	7.1	Product[\[FormalK]^3^(-\[FormalK]), {\[FormalK], 1, Infinity}]
817	'xiHat', a constant used in the asymptotic evaluation of e.g.f. coefficients for the number of labeled mobiles	none	64	not found	6	PI, ARCTAN, ARCCOSH, GOLDENRATIO, DIVIDE, ARCTAN	2.152e-08	0.821088	7.7	
818	grazing goat constant	special	64	not found	6	FOUR, TANH, SIN, ARCCOS, INV, ARCCOSH	1.000e-07	0.749622	7.0	Root[{Pi - 2*ArcCos[1 - #1^2/2] - 2*ArcCos[#1/2]*#1^2 + #1*Sqrt[4 - #1^2] & , 1.158728473018121517828233509934`30.063981678858028}]
819	Given the two curves y = exp(-x) and y = 2/(exp(x) + exp(x/2)), draw a line tangent to both. This sequence is the decima	none	64	not found	6	PI, SIX, ARCTAN, TIMES, ARCTAN, SQRT	7.981e-09	0.867222	8.1	
820	expectation of the maximum of a size 5 sample from a normal (0,1) distribution	special	64	not found	6	EIGHT, THREE, COSH, SQRT, DIVIDE, ARCCOS	1.867e-07	0.720594	6.7	5/Sqrt[Pi] - 15*ArcCsc[Sqrt[3]]/Pi^(3/2)
821	'c', an optimal stopping constant associated with the two choice case	none	64	not found	6	SIX, FIVE, SIN, SQR, DIVIDE, EXP	5.878e-09	0.881448	8.2	
822	spanning tree constant of the square lattice	special	64	not found	6	TWO, EULER, ARCTAN, COSH, DIVIDE, ARCSIN	2.214e-08	0.819758	7.7	4*Catalan/Pi
823	(5 + 3*sqrt(5))/10	algebraic	64	exact	5	GOLDENRATIO, THREE, SUBTRACT, GOLDENRATIO, DIVIDE	2.220e-16	2.011635	63.5	(5 + 3 Sqrt[5])/10
824	sinh one	elementary	64	exact	2	ONE, SINH	0.000e+00	0.321274	64.0	Sinh[1]
825	Salem constant	algebraic	64	not found	6	THREE, ARCSINH, ARCTAN, SIN, EXP, ARCTAN	8.110e-08	0.759382	7.1	Root[1 + #1 - #1^3 - #1^4 - #1^5 - #1^6 - #1^7 + #1^9 + #1^10 & , 2, 0]
826	root ln four	elementary	64	exact	3	FOUR, LOG, SQRT	0.000e+00	0.214183	63.4	Sqrt[Log[4]]
827	Gibbs constant	special	64	not found	6	NINE, TANH, SINH, SINH, LOG, ARCCOS	6.869e-08	0.767111	7.2	(2*SinIntegral[Pi])/Pi
828	Lévy's constant	elementary	64	exact	6	EIGHT, LOG, NEG, ARCSIN, SQR, DIVIDE	0.000e+00	0.107091	63.5	Pi^2/(12*Log[2])
829	Foias constant	none	64	not found	6	TWO, PI, TWO, ARCCOSH, POWER, DIVIDE	3.140e-08	0.803519	7.5	
830	2^(1/4)	algebraic	64	exact	3	TWO, SQRT, SQRT	0.000e+00	0.214183	63.6	2^(1/4)
831	theta_2, one of the angles associated with the bow-and-arrow configuration used in the 2-arc smallest length problem	none	64	not found	6	EIGHT, ARCTAN, SIN, SINH, GAMMA, ARCSIN	4.704e-08	0.784711	7.3	
832	arithmetic-geometric mean constant	special	64	not found	6	NINE, GOLDENRATIO, DIVIDE, ARCSINH, ARCTANH, EXP	3.111e-08	0.803949	7.5	(2*Pi^(3/2)*Sqrt[2])/Gamma[1/4]^2
833	real fixed point of coth(z)	special	64	not found	6	SIX, COSH, SIN, TAN, ARCSIN, GAMMA	7.224e-08	0.764766	7.1	Root[{-Coth[#1] + #1 & , 1.199678640257733833916369848641`30.079064926502777}]
834	lim_{n->infinity} ((1/log(n)^2)*Product_{2 < p < n, p prime} p/(p-2))	none	64	not found	6	EULER, INV, GAMMA, FIVE, SUBTRACT, ARCTAN	2.047e-07	0.716332	6.7	
835	sqrt(e^(1/e)) = 1.20194336847031	elementary	64	exact	4	EULER, INV, EXP, SQRT	0.000e+00	0.160637	63.9	E^(E^-1/2)
836	Apéry's constant	special	64	not found	6	EIGHT, TAN, FOUR, DIVIDE, COS, INV	3.079e-08	0.80443	7.5	Zeta[3]
837	growth constant in random Fibonacci sequence	algebraic	64	not found	6	SIX, SEVEN, TAN, PLUS, ARCCOSH, ARCTAN	3.879e-08	0.79369	7.4	Root[#1^3 + #1^2 - #1 - 2 &, 1]
838	sqrt(A224273)	special	64	not found	6	SEVEN, INV, ARCCOS, EULER, ARCSINH, DIVIDE	1.468e-08	0.838885	7.8	Sqrt[3] Gamma[1/3]^(3/2)/(2 Pi)
839	2/sqrt(e), a constant appearing in the expression of the asymptotic expected volume V(d) of the convex hull of randomly 	elementary	64	exact	4	EULER, FOUR, DIVIDE, SQRT	0.000e+00	0.160637	63.4	2/Sqrt[E]
840	12/Pi^2	elementary	64	exact	5	NEG, ARCSIN, SQR, THREE, DIVIDE	0.000e+00	0.12851	63.7	12/Pi^2
841	positive real root of x^4 - x - 1	algebraic	64	not found	6	SEVEN, INV, COSH, EULER, ARCTAN, POWER	1.858e-08	0.827922	7.7	Root[#1^4 - #1 - 1 &, 2]
842	Mertens constant C(5,1)	none	64	not found	5	SEVEN, ARCCOSH, EULER, DIVIDE, SINH	7.879e-09	1.041384	8.1	
843	Gamma(3/4)	special	64	exact	4	FOUR, THREE, DIVIDE, GAMMA	0.000e+00	0.160637	63.6	Gamma[3/4]
844	Fibonacci factorial constant	special	64	not found	6	SEVEN, PI, SINH, TIMES, ARCTAN, ARCSINH	1.938e-07	0.718861	6.7	QPochhammer[-GoldenRatio^(-2)]
845	log10(17)	elementary	64	not found	6	NEG, SIN, TAN, SINH, GAMMA, ARCTAN	5.965e-08	0.773667	7.2	Log[10, 17]
846	Second Favard constant	elementary	64	exact	4	EIGHT, PI, SQR, DIVIDE	0.000e+00	0.160637	64.0	Pi^2/8
847	Feller β coin-tossing constant	algebraic	64	not found	6	SIX, ARCTAN, LOG, SIN, SIN, ARCCOS	1.685e-07	0.725372	6.8	(2 + 4*(17 + 3*Sqrt[33])^(1/3) - (17 + 3*Sqrt[33])^(2/3))/(6 + 9*(17 + 3*Sqrt[33])^(1/3) - 3*(17 + 3*Sqrt[33])^(2/3))
848	expected number of returns to the origin of a random walk on a 4-d lattice	none	64	not found	6	GOLDENRATIO, SQR, SIN, COSH, ARCTAN, ARCTANH	1.857e-08	0.82794	7.7	
849	Bertrand's constant	none	46	not found	6	PI, SQR, TWO, ARCSINH, COS, TIMES	1.299e-07	0.73749	6.9	
850	root half pi	elementary	64	exact	3	ONE, ARCSIN, SQRT	2.220e-16	3.352724	63.9	Sqrt[Pi/2]
851	Khinchin-Lévy sum constant	special	64	not found	6	THREE, NEG, ARCTAN, PLUS, LOG, INV	1.248e-07	0.739347	6.9	Sum[Log[1 + \[FormalK]]/(\[FormalK]*(1 + \[FormalK])), {\[FormalK], 1, Infinity}]
852	Cube root of 2	algebraic	64	exact	4	THREE, INV, TWO, POWER	0.000e+00	0.160637	63.9	2^(1/3)
853	limiting length appearing in the asymptotic probability involved in the "stick breaking" problem	none	64	not found	5	PI, TANH, ARCSINH, ARCSINH, INV	2.585e-08	0.975077	7.6	
854	c*sqrt(e/2), a constant associated with Dawson's integral and the asymptotic evaluation of the ideal hyperbolic n-cube v	none	64	not found	6	FOUR, TAN, TANH, COSH, LOG, ARCCOS	2.005e-08	0.82438	7.7	
855	fractal dimension of Koch snowflake	elementary	64	exact	5	THREE, LOG, FOUR, LOG, DIVIDE	0.000e+00	0.12851	63.6	Log[4]/Log[3]
856	Vardi constant	special	64	not found	5	TWO, ARCCOSH, ARCTAN, ARCTANH, SQRT	9.837e-08	0.900486	7.0	ConditionalExpression[Extension`VardiConstant == (Exp[Sum[2^(-1 - \[FormalK])*Log[1 + (-1 + 2*Subscript[\[FormalA], \[FormalK]])^(-2)], {\[FormalK], 1, Infinity}]]*Sqrt[6])/2, Subscript[\[FormalA], 0] == 2 && Subscript[\[FormalA], \[FormalN]] == 1 - Subscript[\[FormalA], -1 + \[FormalN]] + Subscript[\[FormalA], -1 + \[FormalN]]^2]
857	expectation of the maximum of a size 6 sample from a normal (0,1) distribution	none	64	not found	6	THREE, ARCTAN, SQR, LOG, COS, TAN	3.996e-08	0.792297	7.4	
858	constant c_0 appearing in the asymptotic evaluation of the n-th Lebesgue constant (related to Fourier series) as L_n ~ (	none	64	not found	6	GOLDENRATIO, SIN, COSH, TANH, SQRT, ARCSIN	5.108e-08	0.780881	7.3	
859	Ramanujan-Forsyth series constant	elementary	64	exact	3	PI, FOUR, DIVIDE	0.000e+00	0.214183	63.4	4/Pi
860	log10(19)	elementary	64	not found	6	TWO, SQRT, TANH, COSH, ARCTAN, ARCSIN	4.107e-08	0.791033	7.4	Log[10, 19]
861	Glaisher-Kinkelin constant	special	64	not found	6	GOLDENRATIO, FOUR, SIN, PLUS, ARCSINH, INV	7.746e-08	0.761516	7.1	Glaisher
862	theta_1, one of the angles associated with the bow-and-arrow configuration used in the 2-arc smallest length problem	none	64	not found	6	SEVEN, ARCTAN, EULER, SIN, POWER, ARCCOS	7.967e-08	0.760208	7.1	
863	ln(Gamma(1/4))	special	64	exact	4	FOUR, INV, GAMMA, LOG	2.220e-16	2.514543	63.4	LogGamma[1/4]
864	integral of the q-Pochhammer symbol over -1..1	elementary	64	not found	6	FOUR, INV, SINH, SIN, GAMMA, LOG	1.849e-07	0.721062	6.7	4*Sqrt[3/23]*Pi*(2*Sinh[Sqrt[23]*Pi/6] + Sqrt[2]*Sinh[Sqrt[23]*Pi/4])/(2*Cosh[Sqrt[23]*Pi/3] - 1)
865	second Bernoulli sophomore dream constant	special	64	not found	6	THREE, EULER, SIN, PLUS, TAN, ARCCOS	1.554e-07	0.729135	6.8	Sum[\[FormalK]^(-\[FormalK]), {\[FormalK], 1, Infinity}]
866	(4/sqrt(Pi))*exp(-gamma/2)*K where K is the Landau-Ramanujan constant and gamma the Euler-Mascheroni constant	none	64	not found	6	GOLDENRATIO, GAMMA, GAMMA, TANH, COS, GAMMA	3.259e-08	0.801788	7.5	
867	Salem number of degree 38 (Mossinghoff)	algebraic	64	not found	6	THREE, ONE, ARCSIN, TANH, INV, POWER	4.100e-08	0.791105	7.4	Root[#1^38 - #1^36 - #1^34 - #1^29 + #1^28 - #1^24 - #1^14 + #1^10 - #1^9 - #1^4 - #1^2 + 1 &, 4]
869	Mertens constant C(5,4)	none	64	not found	6	SEVEN, ARCCOSH, ARCSINH, ARCTAN, INV, ARCSIN	3.646e-08	0.796561	7.4	
872	Conway's constant	algebraic	64	not found	6	TWO, ARCSINH, SIN, EXP, FOUR, SUBTRACT	6.756e-08	0.767879	7.2	Root[-6 + 3*#1 - 6*#1^2 + 12*#1^3 - 4*#1^4 + 7*#1^5 - 7*#1^6 + #1^7 + 5*#1^9 - 2*#1^10 - 4*#1^11 - 12*#1^12 + 2*#1^13 + 7*#1^14 + 12*#1^15 - 7*#1^16 - 10*#1^17 - 4*#1^18 + 3*#1^19 + 9*#1^20 - 7*#1^21 - 8*#1^23 + 14*#1^24 - 3*#1^25 + 9*#1^26 + 2*#1^27 - 3*#1^28 - 10*#1^29 - 2*#1^30 - 6*#1^31 + #1^32 + 10*#1^33 - 3*#1^34 + #1^35 + 7*#1^36 - 7*#1^37 + 7*#1^38 - 12*#1^39 - 5*#1^40 + 8*#1^41 + 6*#1^42 + 10*#1^43 - 8*#1^44 - 8*#1^45 - 7*#1^46 - 3*#1^47 + 9*#1^48 + #1^49 + 6*#1^50 + 6*#1^51 - 2*#1^52 - 3*#1^53 - 10*#1^54 - 2*#1^55 + 3*#1^56 + 5*#1^57 + 2*#1^58 - #1^59 - #1^60 - #1^61 - #1^62 - #1^63 + #1^64 + 2*#1^65 + 2*#1^66 - #1^67 - 2*#1^68 - #1^69 + #1^71 & , 3, 0]
873	Mills' constant	special	64	not found	6	ONE, TAN, THREE, LOG, TIMES, ARCSINH	2.426e-08	0.815507	7.6	ConditionalExpression[Extension`MillsConstant == \[FormalX], ForAll[\[FormalN], Element[\[FormalN], Integers] && \[FormalN] > 0, Element[Floor[\[FormalX]^3^\[FormalN]], Primes]] && ForAll[Subscript[\[FormalX], 1], Subscript[\[FormalX], 1] < \[FormalX], Exists[\[FormalN], Element[\[FormalN], Integers] && \[FormalN] > 0, NotElement[Floor[Subscript[\[FormalX], 1]^3^\[FormalN]], Primes]]]]
874	first lemniscate constant	special	64	not found	6	SIX, SINH, COS, SIX, ARCTAN, POWER	2.460e-07	0.707777	6.6	Gamma[1/4]^2/(4*Sqrt[2*Pi])
875	Khinchin mean K_{-3}	none	64	not found	6	GOLDENRATIO, COS, TWO, POWER, ARCCOS, ARCCOS	1.991e-08	0.824701	7.7	
876	3^(1/4)	algebraic	64	exact	3	THREE, SQRT, SQRT	0.000e+00	0.214183	63.5	3^(1/4)
877	extended twin prime conjecture constant	special	64	not found	6	TWO, COSH, TANH, SIN, TANH, GAMMA	4.676e-08	0.784989	7.3	2*Product[1 - (-1 + Prime[\[FormalK]])^(-2), {\[FormalK], 2, Infinity}]
878	Plastic ratio	algebraic	64	not found	6	EIGHT, GAMMA, ARCCOSH, ARCTAN, INV, GAMMA	3.844e-10	1.008292	9.4	(27/2 - (3*Sqrt[69])/2)^(1/3)/3 + ((9 + Sqrt[69])/2)^(1/3)/3^(2/3)
879	pi^(1/4)	elementary	64	exact	3	PI, SQRT, SQRT	0.000e+00	0.214183	64.0	Pi^(1/4)
880	constant B3 (or B_3) related to the Mertens constant	none	64	not found	6	EULER, GOLDENRATIO, COSH, SINH, SUBTRACT, ARCTAN	2.333e-08	0.817323	7.6	
881	imaginary part of the solution of z = log z	special	64	not found	6	EULER, ONE, SINH, PLUS, ARCCOSH, ARCCOSH	1.275e-07	0.738345	6.9	Im[ProductLog[-1]]
882	monomer-dimer constant	special	64	not found	6	THREE, THREE, COS, SUBTRACT, GAMMA, ARCTAN	8.505e-08	0.75717	7.1	E^(Catalan/Pi)
883	totient product constant	special	64	not found	6	GOLDENRATIO, TANH, COSH, SQRT, GOLDENRATIO, DIVIDE	1.036e-08	0.855104	8.0	Product[1 + 1/((-1 + Prime[\[FormalK]])*Prime[\[FormalK]]^2), {\[FormalK], 1, Infinity}]
884	zeta(5/2)	special	64	not found	6	PI, SQR, GAMMA, ARCCOSH, COS, COSH	2.266e-08	0.81868	7.6	Zeta[5/2]
885	entropy constant related to A063443	none	18	not found	6	THREE, ARCTAN, LOG, ARCSIN, ARCSIN, ARCCOS	9.247e-08	0.753281	7.0	
886	'b', an auxiliary constant associated with the asymptotic probability of success in the full information version of the 	none	64	not found	6	NINE, ARCTAN, NINE, ARCSINH, PLUS, ARCTAN	1.509e-07	0.730499	6.8	
887	Davis constant	special	64	not found	6	EULER, ARCSINH, INV, ARCSINH, INV, SQRT	3.952e-08	0.792822	7.4	Pi^2/(8*Catalan)
888	'xi', a constant related to the second order quadratic recurrence q(0)=q(1)=1, q(n)=q(n-2)*(q(n-1)+1)	none	64	not found	5	EULER, GAMMA, SEVEN, DIVIDE, ARCTAN	8.331e-08	0.909761	7.1	
889	mean number of iterations in comparing two numbers via their continued fractions	none	64	not found	6	SEVEN, TANH, SIN, TAN, TAN, ARCCOSH	1.987e-07	0.717699	6.7	
890	expectation of the maximum of a size 7 sample from a normal (0,1) distribution	none	64	not found	6	NEG, SINH, FIVE, POWER, EXP, SQR	2.066e-08	0.82298	7.7	
891	'c', an asymptotic constant related to a variation of the "Secretary problem" with a uniform distribution	none	64	not found	6	NEG, TAN, COSH, SEVEN, SUBTRACT, ARCTAN	2.272e-08	0.818565	7.6	
892	Gamma(2/3)	special	64	exact	4	THREE, TWO, DIVIDE, GAMMA	2.220e-16	2.514543	64.0	Gamma[2/3]
893	golden spiral constant	elementary	64	exact	5	PI, TWO, DIVIDE, GOLDENRATIO, POWER	0.000e+00	0.12851	63.7	GoldenRatio^(2/Pi)
894	Pippenger product constant	elementary	64	exact	3	TWO, EULER, DIVIDE	0.000e+00	0.214183	64.0	E/2
895	log10(23)	elementary	64	not found	6	TWO, LOG, PI, SQRT, TANH, DIVIDE	6.660e-08	0.768544	7.2	Log[10, 23]
896	log e^π	elementary	64	exact	6	NEG, NINE, SUBTRACT, LOG, PI, DIVIDE	1.110e-16	1.7086	64.0	Log10[E^Pi]
898	Shallit's constant	none	64	not found	6	GOLDENRATIO, THREE, TANH, ARCTAN, SUBTRACT, COSH	3.572e-08	0.797515	7.4	
899	Hardy-Littlewood conjecture constant	special	64	not found	6	FIVE, SQRT, ARCTAN, ARCCOSH, INV, ARCSINH	1.051e-07	0.747345	7.0	Inactive[Product][1 - (-1)^((-1 + Prime[\[FormalK]])/2)/(-1 + Prime[\[FormalK]]), {\[FormalK], 2, Infinity}]
900	sum of 1/(p-1)^2 over all primes p	none	64	not found	5	NEG, ARCSIN, SINH, COSH, ARCTAN	1.236e-07	0.887764	6.9	
901	Kneser-Mahler β constant	special	64	not found	6	EULER, FIVE, TIMES, ARCSINH, ARCCOSH, ARCSINH	9.183e-08	0.753605	7.0	Exp[(9 - PolyGamma[1, 2/3] + PolyGamma[1, 4/3])/(4*Pi*Sqrt[3])]
902	arccosh(8)/2 = ln((3 + sqrt 7)/sqrt 2)	elementary	64	exact	4	TWO, EIGHT, ARCCOSH, DIVIDE	0.000e+00	0.160637	63.7	ArcCosh[8]/2
903	ln(4)	elementary	64	exact	2	FOUR, LOG	0.000e+00	0.321274	64.0	Log[4]
905	Gamma(1/4)^4/(4*Pi^3)	special	64	not found	6	GOLDENRATIO, SIN, SINH, EXP, ARCSINH, ARCSINH	3.996e-09	0.899389	8.4	Gamma[1/4]^4/(4*Pi^3)
906	hard hexagon entropy constant	algebraic	64	not found	6	PI, EULER, SQRT, SINH, PLUS, ARCTAN	1.102e-07	0.745128	7.0	Root[-32751691810479015985152 + 97143135277377575190528*#1^4 - 73347491183630103871488*#1^6 - 71220809441400405884928*#1^8 + 107155448150443388043264*#1^10 - 72405670285649161617408*#1^12 + 2958015038376958230528*#1^14 + 7449488310131083100160*#1^16 + 797726698866658379776*#1^18 + 2505062311720673792*#1^20 + 2013290651222784*#1^22 + 25937424601*#1^24 &, 2]
907	e^(1/3)	elementary	64	exact	3	THREE, INV, EXP	0.000e+00	0.214183	64.0	E^(1/3)
908	unique solution of the equation sum_(p prime)(1/p^x) = 1, a constant related to the asymptotic evaluation of the number 	none	64	not found	6	EIGHT, EULER, SQR, ARCCOSH, DIVIDE, EXP	3.273e-07	0.694491	6.5	
909	Myrberg point	none	64	not found	6	EULER, TANH, SINH, SEVEN, SUBTRACT, ARCTAN	1.176e-07	0.74209	6.9	
910	L = Integral_{t=0..1} 1/(1-2t^2/3) dt, an auxiliary constant associated with one of the integral inequalities studied by	elementary	64	not found	6	SEVEN, ARCCOSH, GAMMA, SINH, SIN, ARCTANH	8.290e-09	0.865453	8.1	Sqrt[3/2]*ArcTanh[Sqrt[2/3]]
911	complex Grothendieck constant upper bound	special	64	not found	6	FOUR, ARCTAN, ARCTAN, ARCSIN, LOG, ARCCOS	5.253e-08	0.779582	7.3	(-EllipticE[-1] + 2*EllipticK[-1])^(-1)
912	1 + 1/(1*3) + 1/(1*3*5) + 1/(1*3*5*7) + 	special	64	not found	6	THREE, SINH, ARCCOSH, TANH, ARCSINH, COSH	7.129e-08	0.765377	7.1	Sqrt[E*Pi/2] * Erf[1/Sqrt[2]]
913	Pythagoras constant	algebraic	64	exact	2	TWO, SQRT	0.000e+00	0.321274	64.0	Sqrt[2]
914	inverse of carefree constant	special	64	not found	6	ONE, ARCTAN, SINH, TANH, EXP, SQRT	1.319e-07	0.736767	6.9	Product[1 + (-1 + Prime[\[FormalK]] + Prime[\[FormalK]]^2)^(-1), {\[FormalK], 1, Infinity}]
915	Sum_{m >= 0, m not a binary self number} 2^(-m)	none	64	not found	6	PI, SIN, INV, SIN, SINH, ARCTANH	1.231e-07	0.739966	-0.3	
916	expectation of the maximum of a size 8 sample from a normal (0,1) distribution	none	64	not found	6	EIGHT, COS, COS, ARCSIN, TANH, COSH	6.702e-08	0.768254	7.2	
917	'eta', a constant related to the second order quadratic recurrence q(0)=q(1)=1, q(n)=q(n-2)*(q(n-1)+1)	none	64	not found	6	NINE, COSH, ARCTAN, TAN, SIN, COSH	1.074e-10	1.067608	9.3	
918	exp(sqrt(Pi/24))	elementary	64	exact	6	SIX, ONE, ARCTAN, DIVIDE, SQRT, EXP	0.000e+00	0.107091	63.7	Exp[Sqrt[Pi/24]]
919	first Lebesgue constant	elementary	64	not found	6	TWO, COSH, TANH, EXP, SQR, ARCTAN	8.795e-08	0.755614	7.1	1/3 + (2*Sqrt[3])/Pi
920	Cube root of 3	algebraic	64	exact	4	THREE, INV, THREE, POWER	0.000e+00	0.160637	63.5	3^(1/3)
921	log2(e)	elementary	64	exact	3	TWO, LOG, INV	0.000e+00	0.214183	64.0	1/Log[2]
922	Steiner number	elementary	64	exact	3	EULER, INV, EXP	0.000e+00	0.214183	63.7	E^E^(-1)
923	Khinchin mean K_{-2}	none	64	not found	6	FIVE, SIN, TAN, SIN, EXP, EXP	1.484e-08	0.838379	7.8	
924	Soldner constant	special	64	not found	6	NEG, EIGHT, EXP, ARCTAN, LOG, SUBTRACT	7.892e-08	0.760653	7.1	Root[{LogIntegral[#1] & , 1.4513692348833810502839684858920274494930322836480158630931`30.}]
925	Backhouse's constant	special	64	not found	6	THREE, INV, TANH, NINE, SUBTRACT, ARCTAN	8.850e-08	0.75532	7.1	ConditionalExpression[Extension`BackhouseConstant == Limit[Abs[Subscript[\[FormalQ], 1 + \[FormalN]]/Subscript[\[FormalQ], \[FormalN]]], \[FormalN] -> Infinity], Sum[\[FormalZ]^\[FormalK]*Subscript[\[FormalQ], \[FormalK]], {\[FormalK], 0, Infinity}] == (1 + Sum[\[FormalZ]^\[FormalK]*Prime[\[FormalK]], {\[FormalK], 1, Infinity}])^(-1)]
926	AGM(1, 2)	special	64	not found	6	TWO, ARCSINH, LOG, ARCCOS, ARCCOSH, GAMMA	9.384e-09	0.859689	8.0	ArithmeticGeometricMean[1, 2]
928	1 - ln(1 - 1/e) (random mappings)	elementary	64	exact	6	EULER, NEG, PLUS, LOG, TWO, SUBTRACT	0.000e+00	0.107091	63.8	1 - Log[1 - 1/E]
929	zeta(1/2) (negated)	special	64	not found	6	ONE, ARCSINH, ARCTAN, SINH, GOLDENRATIO, POWER	5.246e-09	0.886738	8.3	-(Zeta[1/2])
930	Baxter's four-coloring constant	special	64	not found	6	NINE, EXP, SIN, COSH, ARCTAN, COSH	1.421e-07	0.7333	6.8	3 Gamma[1/3]^3/(4 Pi^2)
931	position of the positive minimum of the gamma function	special	64	not found	6	SIX, FIVE, SINH, SUBTRACT, COS, GAMMA	4.038e-08	0.791818	7.4	Root[{PolyGamma[0, #1] & , 1.46163214496836234126265954233`29.164838085677864}]
932	log10(29)	elementary	64	not found	6	THREE, ARCCOSH, FIVE, ARCCOSH, LOG, TIMES	1.248e-07	0.739338	6.9	Log[10, 29]
933	cbrt pi	elementary	64	exact	4	THREE, INV, PI, POWER	1.110e-16	2.5629	64.0	Pi^(1/3)
934	Supergolden ratio	algebraic	64	not found	6	FIVE, ARCSINH, COS, THREE, COS, DIVIDE	2.548e-07	0.706137	6.6	(1 + (29/2 - (3*Sqrt[93])/2)^(1/3) + ((29 + 3*Sqrt[93])/2)^(1/3))/3
935	Porter's constant	special	64	not found	6	THREE, TANH, SINH, SQR, TWO, DIVIDE	8.582e-08	0.756753	7.1	-1/2 + (6*Log[2]*(-2 + 4*EulerGamma + 3*Log[2] - (24*Derivative[1][Zeta][2])/Pi^2))/Pi^2
936	Product_{p prime} (1+1/p)^(1/p), an infinite product considered and computed by Marc Deléglise	none	64	not found	6	EULER, ARCCOSH, TANH, COS, TAN, INV	1.431e-07	0.732956	6.8	
937	variance of the degree (valency) of the root of a random rooted tree with n vertices	none	64	not found	5	FIVE, FOUR, ARCCOSH, TIMES, ARCTAN	1.318e-07	0.884154	6.9	
938	constant C such that Sum_{k>=1} 1/C^p(k) = 1 where p(k) is the k-th prime	none	64	not found	6	PI, INV, TANH, INV, SQR, ARCTAN	4.502e-08	0.78676	7.3	
939	Landau-Kolmogorov constant C(4,3) for derivatives in the case L_infinity(infinity, infinity)	none	64	exact	6	FIVE, SIX, GAMMA, SQRT, DIVIDE, SQRT	0.000e+00	0.107091	63.9	
940	coefficient c_md in c_md*log(N)^(1/rho), the asymptotic mean number of distinct factors in a random factorization of n <	none	64	not found	6	FIVE, COSH, ARCSINH, ARCTAN, COSH, ARCSINH	2.058e-07	0.716068	6.7	
941	Bateman-Grosswald constant zeta(2/3)/zeta(2), a constant (negated) arising in the asymptotic evaluation of the number of	special	64	not found	6	PI, COSH, LOG, ARCSINH, SQR, GAMMA	3.595e-08	0.797223	7.4	-(Zeta[2/3] / Zeta[2])
942	smallest positive root of the function lambda(x) = Sum_{n>=0} (-1)^n*x^n/(2^(n*(n-1)/2)*n!)	none	64	not found	6	EIGHT, LOG, ARCTAN, SINH, COSH, ARCSINH	9.179e-09	0.860715	8.0	
943	log10(31)	elementary	64	not found	6	FOUR, COSH, ARCTAN, PI, GAMMA, DIVIDE	4.273e-08	0.78919	7.4	Log[10, 31]
944	Landau-Kolmogorov constant C(5,4) for derivatives in the case L_infinity(-infinity, infinity)	none	64	not found	6	SIX, LOG, FIVE, GAMMA, DIVIDE, ARCTAN	3.539e-08	0.797951	7.5	
945	lim_{n -> infinity} A001699(n)^(1/2^n)	none	64	not found	6	NEG, ARCTAN, COSH, COSH, TANH, COSH	4.601e-07	0.678651	6.3	
946	hard square entropy constant	none	44	not found	6	SIX, GAMMA, SQR, LOG, LOG, SQRT	6.022e-08	0.773229	7.2	
947	Greenfield-Nussbaum constant	none	64	not found	6	PI, NEG, TANH, COS, TIMES, SQRT	1.493e-08	0.838105	7.8	
948	Selberg-Delange constant Product_{prime p > 2} (1 + 1/(p(p-2)))	none	64	not found	6	NINE, SQR, ARCSINH, LOG, PI, SUBTRACT	2.970e-07	0.699008	6.5	
949	value of Watson's integral	special	64	not found	6	THREE, COS, ARCSINH, SIN, SQR, GAMMA	3.067e-07	0.697513	6.5	Sqrt[6]/32/Pi^3*Gamma[1/24]*Gamma[5/24]*Gamma[7/24]*Gamma[11/24]
950	(Glaisher^12/(2^(4/3) * Pi * e^EulerGamma))^(Pi^2/8)	special	64	not found	6	FOUR, TWO, SIN, DIVIDE, SQR, ARCCOS	1.993e-07	0.717575	6.7	(Glaisher^12/(2^(4/3)Pi E^EulerGamma))^(Pi^2/8)
951	Bateman-Stemmler constant	special	64	not found	6	SEVEN, TAN, TANH, THREE, ARCSINH, POWER	1.108e-07	0.744875	7.0	Product[(1 - (2 + KroneckerSymbol[-3, Prime[\[FormalK]]])/Prime[\[FormalK]])/(1 - Prime[\[FormalK]]^(-1))^2, {\[FormalK], 1, Infinity}]
952	equianharmonic Weierstrass elliptic ω_2 constant	special	64	not found	6	GOLDENRATIO, FIVE, ARCTAN, PLUS, COS, COSH	1.609e-08	0.834616	7.8	Gamma[1/3]^3/(4*Pi)
953	exp(7*zeta(3)/(2*Pi^2))	special	64	not found	6	NEG, SIN, ONE, TANH, SIN, SUBTRACT	2.677e-08	0.810929	7.6	Exp[7*Zeta[3]/(2*Pi^2)]
954	Sum_{n>=1} 1/Fibonacci(2*n)	none	64	not found	6	NEG, SINH, EIGHT, ARCSINH, INV, SUBTRACT	2.815e-08	0.808597	7.6	
955	Lieb's square ice constant	algebraic	64	exact	6	EIGHT, NINE, THREE, SQRT, DIVIDE, TIMES	1.110e-16	1.7086	63.7	8/(3*Sqrt[3])
956	Madelung 2D hexagonal lattice constant	special	64	not found	6	NEG, COSH, GOLDENRATIO, SIN, SQRT, TIMES	1.735e-08	0.831105	7.8	(-3 + Sqrt[3])*Zeta[1/2]*(Zeta[1/2, 1/6] + (1 - Sqrt[2])*Zeta[1/2, 1/3])
957	cosh one	elementary	64	exact	2	NEG, COSH	0.000e+00	0.321274	63.7	Cosh[1]
958	maximal width of a Reuleaux triangle avoiding all vertices of the integer square lattice	none	64	not found	6	PI, TANH, THREE, SUBTRACT, GAMMA, COSH	1.031e-07	0.748238	7.0	
959	Integral_{x=0..Pi/2} (x^2/sin(x)) dx	special	64	not found	6	SEVEN, LOG, ARCSINH, COS, SQR, ARCCOS	1.661e-07	0.726039	6.8	2*Pi*Catalan - 7*Zeta[3]/2
960	D(1/2), where D(x) is the infinite product function defined in the formula section (or in the Finch reference)	none	64	not found	6	PI, GOLDENRATIO, GAMMA, GAMMA, POWER, SQR	1.702e-08	0.832	7.8	
961	Calabi ratio	algebraic	64	not found	6	SIX, SEVEN, SIN, EXP, POWER, ARCTAN	2.074e-07	0.715722	6.7	1/3 + 11/(3*2^(1/3)*(-23 + (3*I)*Sqrt[237])^(1/3)) + (-23 + (3*I)*Sqrt[237])^(1/3)/(3*2^(2/3))
962	sqrt(sqrt(2) + 1)	algebraic	64	exact	4	ONE, ARCSINH, EXP, SQRT	0.000e+00	0.160637	63.7	Sqrt[Sqrt[2] + 1]
963	c, a constant appearing in the asymptotic lower bound of the size of a restricted difference set	none	64	not found	6	EIGHT, GOLDENRATIO, DIVIDE, SQR, COSH, TAN	3.371e-09	0.9073	8.5	
964	triangular root of two	algebraic	64	exact	6	TWO, FOUR, ARCSINH, DIVIDE, SINH, SQR	1.110e-16	1.7086	63.5	(-1 + Sqrt[17])/2
965	log10(37)	elementary	64	not found	6	SIX, EULER, SQR, ARCSINH, POWER, ARCTAN	1.100e-07	0.745191	7.0	Log[10, 37]
966	2*Sum_{k=1..50000} (-1)^(k-1)/(2k-1)	special	64	false positive	6	FIVE, NEG, NINE, SUBTRACT, POWER, ARCTAN	4.441e-16	1.644124	15.4	2*Sum[(-1)^(k - 1)/(2*k - 1), {k, 1, 50000}]
967	Favard constant	elementary	64	exact	2	ONE, ARCSIN	0.000e+00	0.321274	64.0	Pi/2
968	10^(1/5)	algebraic	64	exact	6	FIVE, INV, NEG, NINE, SUBTRACT, POWER	2.220e-16	1.676362	63.7	10^(1/5)
969	Sierpiński triangle fractal dimension	elementary	64	exact	5	TWO, LOG, THREE, LOG, DIVIDE	2.220e-16	2.011635	63.5	Log[3]/Log[2]
970	Erdős–Borwein constant	special	64	not found	6	EIGHT, SQRT, TANH, INV, SQR, TAN	1.758e-07	0.7234	6.8	(Log[2] - QPolyGamma[0, 1, 1/2])/Log[2]
971	ln(5)	elementary	64	exact	2	FIVE, LOG	0.000e+00	0.321274	63.5	Log[5]
972	exponential primorial constant	none	64	not found	6	TWO, THREE, DIVIDE, NINE, INV, PLUS	3.178e-07	0.695865	6.5	
973	Cbrt[4π/3]	elementary	64	not found	6	THREE, INV, COS, EULER, ARCCOSH, POWER	6.024e-09	0.880301	8.2	CubeRoot[4*Pi/3]
974	log10(41)	elementary	64	not found	6	NEG, ARCTAN, ARCTANH, GAMMA, TAN, COSH	7.158e-08	0.765192	7.1	Log[10, 41]
975	z_tri, a constant related to the enumeration of spanning trees on the triangular lattice (this is different from A242968	none	64	not found	6	EULER, EXP, COS, SQR, TANH, INV	9.513e-08	0.751963	7.0	
976	Madelung's constant M2	none	64	not found	6	TWO, ARCTAN, ARCSINH, NEG, COSH, DIVIDE	1.787e-07	0.722637	6.7	
977	Golden ratio	algebraic	64	exact	1	GOLDENRATIO	0.000e+00	0.642549	63.7	GoldenRatio
978	Odlyzko-Wilf constant	special	64	not found	6	FOUR, TANH, TANH, COS, COSH, SQR	3.662e-07	0.689271	6.4	ConditionalExpression[Extension`OdlyzkoWilfConstant == Limit[(2/3)^\[FormalN]*\[FormalS][\[FormalN]], \[FormalN] -> Infinity], \[FormalS][0] == 0 && \[FormalS][\[FormalN]] == 1 + Floor[(3*\[FormalS][-1 + \[FormalN]])/2]]
979	Product_{n>=1} (2n/(2n+1))^((-1)^t(n)), where t(n) = A010060(n) is the Thue-Morse sequence	none	64	not found	6	NEG, TANH, SQR, COSH, GAMMA, ARCTANH	3.791e-08	0.794757	7.4	
980	log10(43)	elementary	64	not found	6	SIX, LOG, COSH, ARCSINH, LOG, INV	2.357e-07	0.709767	6.6	Log[10, 43]
981	Erdős-Cohen constant	special	64	not found	6	SIX, FOUR, TAN, PLUS, ARCSINH, ARCCOSH	1.198e-07	0.741251	6.9	Sum[1/(Prime[\[FormalK]]*Log[Prime[\[FormalK]]]), {\[FormalK], 1, Infinity}]
982	2nd Lebesgue constant L2	elementary	64	not found	6	SEVEN, SIN, SIX, SQRT, TANH, PLUS	5.994e-08	0.773441	7.2	1/5 + Sqrt[25 - 2*Sqrt[5]]/Pi
983	Riemann ζ of 2	elementary	64	exact	4	SIX, PI, SQR, DIVIDE	0.000e+00	0.160637	63.6	Pi^2/6
984	Product_{k>=0} (1+1/2^(2k))^(1/2)	special	64	not found	6	SIX, PI, POWER, ARCSINH, ARCCOSH, SQRT	7.642e-08	0.76215	7.1	Sqrt[Product[1 + 1/2^(2*k), {k, 0, Infinity}]]
985	square root of e	elementary	64	exact	2	EULER, SQRT	0.000e+00	0.321274	63.7	Sqrt[E]
986	minimum value of the function s(t) = (Pi + 2*sqrt(1 + t^2))/(1 + Pi/2 + t) for t > 0	elementary	64	not found	6	PI, SEVEN, SQR, DIVIDE, LOG, SQRT	6.435e-08	0.770146	7.2	2(Pi+Pi^2+Sqrt[8+Pi^3+4Pi(3+Sqrt[2+Pi])+Pi^2(7+2Sqrt[2+Pi])])/(4+Pi^2+Pi(4+Sqrt[2+Pi]))
987	Somos' quadratic recurrence constant	special	64	not found	6	TWO, INV, SIX, ARCTAN, COSH, SUBTRACT	1.789e-07	0.722582	6.7	E^(-Derivative[1, 0][PolyLog][0, 1/2])
988	Hermite's constant gamma_6 = 2/3^(1/6)	algebraic	64	exact	6	SIX, INV, THREE, POWER, TWO, DIVIDE	0.000e+00	0.107091	63.6	2/3^(1/6)
989	log10(47)	elementary	64	not found	6	PI, SEVEN, PLUS, ARCSINH, LOG, COSH	2.869e-08	0.80771	7.5	Log[10, 47]
990	a constant related to A000621 and A000624	none	64	not found	6	SIX, TAN, SINH, COS, SINH, COSH	2.267e-07	0.71158	6.6	
991	zeta(3/5) * zeta(4/5) * Product_{p prime} (1 - 1/p^(8/5) - 1/p^(9/5) - 1/p^2 + 1/p^(13/5) + 1/p^(14/5))	none	64	not found	6	GOLDENRATIO, SEVEN, TAN, SUBTRACT, COSH, SINH	2.072e-07	0.715747	6.7	
992	1 + log(2*Pi) - 2*gamma, where gamma is Euler's constant (A001620)	special	64	not found	6	SIX, TANH, NINE, INV, PLUS, COSH	2.642e-09	0.918631	8.6	1 + Log[2*Pi] - 2*EulerGamma
993	maximal circumradius of a planar convex set containing no lattice point except for the origin where it has its circumcen	none	64	not found	6	GOLDENRATIO, LOG, ARCTANH, GAMMA, COSH, GAMMA	5.230e-08	0.779786	7.3	
994	Sum_{k>=0} 1/A007018(k)	none	64	not found	6	EIGHT, ARCSINH, GAMMA, COS, GOLDENRATIO, SUBTRACT	4.353e-08	0.788325	7.4	
995	Niven's constant	special	64	not found	6	TWO, LOG, TAN, EXP, FOUR, SUBTRACT	5.198e-08	0.78007	7.3	1 + Sum[1 - Zeta[n]^(-1), {n, 2, Infinity}]
996	Pi^2/(12*log(phi))	elementary	64	exact	6	TWO, ARCSINH, NEG, ARCSIN, SQR, DIVIDE	1.110e-16	1.7086	63.6	Pi^2/(12*Log[GoldenRatio])
997	log10(53)	elementary	64	not found	6	TWO, ARCTAN, SEVEN, TANH, TAN, TIMES	1.226e-07	0.740165	6.9	Log[10, 53]
998	Kalmar ρ composition constant	special	64	not found	6	SEVEN, SIN, ARCTANH, EXP, ARCTAN, COSH	6.807e-08	0.767527	7.2	Root[{-2 + Zeta[#1] & , 1.7286472389981836181351030103`29.237706376855613}]
999	Theodorus constant	algebraic	64	exact	2	THREE, SQRT	0.000e+00	0.321274	63.6	Sqrt[3]
1000	reciprocal of Euler γ	special	64	not found	6	SIX, TAN, TAN, COS, COS, INV	5.208e-08	0.779986	7.3	EulerGamma^(-1)
1001	1/A347901	none	64	not found	6	EULER, INV, ARCSIN, COSH, SQR, COSH	1.113e-07	0.74465	7.0	
1002	sqrt(2*Pi)*log(2), a constant associated with asymptotic evaluation of random mapping statistics	elementary	64	exact	6	FOUR, LOG, ONE, ARCSIN, SQRT, TIMES	1.110e-16	1.7086	64.0	Sqrt[2*Pi]*Log[2]
1003	value of a nonregular continued fraction giving tau/(3*tau-1), where tau is the Prouhet-Thue-Morse constant	none	64	not found	6	SEVEN, TANH, THREE, SQRT, SINH, SUBTRACT	2.314e-07	0.710615	6.6	
1004	'tau' (named sigma_2 by C. Pomerance), a constant associated with the expected number of random elements to generate a f	none	64	not found	6	THREE, TWO, ARCTAN, GAMMA, TIMES, GAMMA	1.714e-07	0.724582	6.8	
1005	Khinchin harmonic mean	special	64	not found	6	FOUR, SIN, EXP, SINH, PI, POWER	2.529e-08	0.813581	7.6	ConditionalExpression[Extension`KhinchinHarmonicMeanConstant == Limit[\[FormalN]/Sum[Subscript[\[FormalA], \[FormalK]]^(-1), {\[FormalK], 1, \[FormalN]}], \[FormalN] -> Infinity], Element[Subscript[\[FormalA], \[FormalK]], Integers] && Subscript[\[FormalA], \[FormalK]] > 0]
1006	Madelung constant (negated) for NaCl structure	special	64	not found	6	TWO, LOG, ARCTANH, ARCSIN, EXP, ARCSINH	5.717e-08	0.775648	7.2	12Pi*Sum[ Sech[Pi/2*Sqrt[(2j + 1)^2 + (2k + 1)^2]]^2, {j, 0, 40}, {k, 0, 40}]
1007	continued fraction expansion [1; 1/2, 1/3, 1/4, 1/5, 1/6, ...]	elementary	64	exact	4	NEG, COS, ARCSIN, INV	1.110e-16	2.5629	64.0	2/(Pi - 2)
1008	Feller coin-tossing constant	algebraic	64	not found	6	THREE, LOG, INV, SIN, COSH, SINH	2.689e-07	0.703628	6.6	(2 + (25 - 3*Sqrt[69])^(1/3)/2^(1/3) + (25 + 3*Sqrt[69])^(1/3)/2^(1/3))/3
1009	nested radical constant	special	64	not found	6	EULER, GOLDENRATIO, TANH, ARCTAN, GAMMA, POWER	4.355e-08	0.788304	7.4	Limit[Fold[Sqrt[#1 + #2] & , Sqrt[1 + \[FormalN]], Table[\[FormalI], {\[FormalI], \[FormalN], 1, -1}]], \[FormalN] -> Infinity]
1010	log 180/π	elementary	64	not found	6	SIX, COSH, COS, INV, ARCSINH, TAN	1.900e-09	0.933982	8.7	Log10[180/Pi]
1011	Product_{n>1} (1+1/n)^(1/n)	none	64	not found	6	GOLDENRATIO, INV, ARCCOS, PI, POWER, ARCSINH	2.893e-08	0.807333	7.5	
1012	constant x such that x^x = e. Inverse of W(1), where W is Lambert's function	special	64	not found	6	THREE, INV, ARCSINH, TAN, COS, ARCTANH	8.613e-08	0.756587	7.1	1/ProductLog[1]
1013	'b', an optimal stopping constant associated with the secretary problem when the objective is to maximize the hiree's ex	none	64	not found	6	ONE, ARCSIN, ARCCOSH, SIN, INV, COSH	5.331e-07	0.671804	6.3	
1014	log10(59)	elementary	64	not found	6	NEG, ARCTAN, ARCSINH, SQR, THREE, POWER	1.923e-07	0.71922	6.7	Log[10, 59]
1015	Sierpiński's S^ (Ŝ or "S hat" as named by S. Finch), a constant appearing in the asymptotics of the number of representa	none	64	not found	6	SEVEN, SIX, ARCCOSH, TIMES, LOG, ARCSINH	2.503e-07	0.706965	6.6	
1016	Carlson-Levin constant	elementary	64	exact	2	PI, SQRT	1.110e-16	5.1258	64.0	Sqrt[Pi]
1017	angle in radians at the apex of the Calabi triangle	none	64	not found	6	TWO, FOUR, COSH, ARCTAN, GAMMA, TIMES	2.833e-08	0.808296	7.5	
1018	10^(1/4)	algebraic	64	exact	4	THREE, ARCSINH, COSH, SQRT	0.000e+00	0.160637	63.9	10^(1/4)
1019	3rd Lebesgue constant L3	elementary	64	not found	6	EIGHT, LOG, ARCTAN, ARCCOSH, ARCCOS, TAN	9.364e-07	0.645602	6.0	(3*Pi-14*Cos[Pi/14]+70*Cos[3*Pi/14]+154*Sin[Pi/7])/(21*Pi)
1020	exponential of Euler γ	special	64	not found	6	SIX, TAN, TAN, COS, COS, EXP	3.006e-08	0.805544	7.5	E^EulerGamma
1021	conjectured upper bound on Grothendieck's constant	elementary	64	exact	4	THREE, ARCCOSH, PI, DIVIDE	0.000e+00	0.160637	64.0	Pi/(2*Log[1 + Sqrt[2]])
1022	log10(61)	elementary	64	not found	6	PI, TWO, LOG, SUBTRACT, ARCTAN, COSH	8.727e-08	0.755971	7.1	Log[10, 61]
1023	Silverman constant	special	64	not found	6	NINE, EXP, SQR, COS, EXP, INV	1.317e-07	0.736843	6.9	Sum[1/(DivisorSigma[1, \[FormalK]]*EulerPhi[\[FormalK]]), {\[FormalK], 1, Infinity}]
1024	Komornik–Loreti constant	special	64	not found	6	PI, EIGHT, PLUS, ARCTAN, ARCSINH, COSH	9.247e-08	0.753282	7.0	Root[{Product[1 - 1/#1^2^\[FormalK], {\[FormalK], 0, Infinity}] - (2 - #1)/(#1 - 1) & , 1.7872316501829659330132`22.252180846784352}]
1025	2D dimer constant	special	64	not found	6	PI, SQR, FIVE, DIVIDE, ARCTANH, INV	5.440e-08	0.777958	7.3	E^((2*Catalan)/Pi)
1026	ln(6)	elementary	64	exact	2	SIX, LOG	0.000e+00	0.321274	64.0	Log[6]
1028	Hermite's constant gamma_7 = 2^(6/7)	algebraic	64	exact	5	SEVEN, TWO, DIVIDE, EIGHT, POWER	1.110e-16	2.05032	63.9	2^(6/7)
1029	limit of a recursive sequence connected to the Plastic constant (A060006)	none	64	not found	6	THREE, TANH, INV, PI, ARCCOSH, POWER	2.401e-08	0.815992	7.6	
1030	sqrt((3+sqrt(13))/2), a constant related to the asymptotic evaluation of the number of self-avoiding rook paths joining 	algebraic	64	exact	6	TWO, THREE, DIVIDE, ARCSINH, EXP, SQRT	0.000e+00	0.107091	64.0	Sqrt[(3 + Sqrt[13])/2]
1031	Masser-Gramain constant conjectured value	special	64	not found	5	EULER, TAN, COSH, EXP, ARCSINH	4.273e-07	0.818507	6.4	1 + 2*EulerGamma + 2*Log[2] + 3*Log[Pi] - 4*Log[Gamma[1/4]]
1032	log10(67)	elementary	64	not found	6	SIX, TANH, ARCSINH, FIVE, LOG, DIVIDE	1.985e-07	0.717755	6.7	Log[10, 67]
1033	two times the Catalan constant	special	64	not found	6	NEG, EULER, ARCCOSH, EXP, SUBTRACT, LOG	2.581e-07	0.705547	6.6	2 Catalan
1034	ln(2 pi)	elementary	64	exact	4	PI, PI, PLUS, LOG	1.110e-16	2.5629	64.0	Log[2*Pi]
1035	Tribonacci constant	algebraic	64	not found	6	THREE, TWO, INV, TAN, ARCTANH, TIMES	6.041e-10	0.987264	9.2	(1 + (19 - 3*Sqrt[33])^(1/3) + (19 + 3*Sqrt[33])^(1/3))/3
1036	4th Madelung constant (negated)	special	64	not found	6	SEVEN, ARCTAN, COSH, SQRT, SQRT, COSH	4.369e-08	0.788147	7.4	8*(5 - 3*Sqrt[2])*Zeta[1/2]*Zeta[-1/2]
1037	Landau-Kolmogorov constant	algebraic	64	not found	6	NEG, EULER, TANH, GAMMA, SIN, SUBTRACT	5.638e-08	0.776288	7.2	Sqrt[3]/(2^(1/3)*(-1 + Sqrt[2])^(1/3))
1038	Connective constant	algebraic	64	exact	5	TWO, TWO, SQRT, PLUS, SQRT	0.000e+00	0.12851	63.6	Sqrt[2 + Sqrt[2]]
1039	log10(71)	elementary	64	not found	6	PI, INV, EULER, TANH, COSH, PLUS	1.152e-07	0.74307	6.9	Log[10, 71]
1040	Integral_{x=0..Pi} (sin(x)/x) dx	special	64	not found	6	THREE, ARCSINH, SQRT, TANH, GOLDENRATIO, DIVIDE	1.284e-07	0.738003	6.9	SinIntegral[Pi]
1041	Gauss lemniscate constant	special	64	not found	6	FOUR, ARCTAN, SIN, COSH, SQRT, COSH	6.137e-08	0.77235	7.2	Gamma[1/4]^2/(4*Sqrt[Pi])
1042	spiral of Theodorus constant	special	64	not found	6	GOLDENRATIO, SINH, SIN, INV, SQRT, COSH	6.311e-09	0.878142	8.2	Sum[1/((1 + \[FormalK])*Sqrt[\[FormalK]]), {\[FormalK], 1, Infinity}]
1043	log10(73)	elementary	64	not found	6	THREE, INV, ARCSIN, SQRT, ARCSIN, EXP	1.103e-07	0.745095	7.0	Log[10, 73]
1044	expected reciprocal Euclidean distance between two random points in the unit cube	none	64	not found	6	TWO, EULER, ARCTAN, TANH, SINH, TIMES	1.088e-07	0.745721	7.0	
1045	log10(79)	elementary	64	not found	6	FIVE, SIN, INV, SIN, COSH, SINH	9.583e-08	0.751622	7.0	Log[10, 79]
1047	Boyd constant	special	64	not found	6	EULER, FOUR, SIN, TAN, SIN, PLUS	1.611e-07	0.727459	6.8	Exp[(9 - PolyGamma[1, 2/3] + PolyGamma[1, 4/3])/(2*Pi*Sqrt[3])]
1048	M_5, the 5-dimensional analog of Madelung's constant (negated)	none	32	not found	6	EULER, ARCSINH, INV, ARCSINH, SIN, INV	2.520e-07	0.706647	6.6	
1049	6/π	elementary	64	exact	3	PI, SIX, DIVIDE	0.000e+00	0.214183	63.8	6/Pi
1050	tetrahedral bond angle	elementary	64	exact	4	THREE, NEG, DIVIDE, ARCCOS	0.000e+00	0.160637	63.7	ArcCos[-1/3]
1051	log10(83)	elementary	64	not found	6	GOLDENRATIO, ARCTAN, ARCCOSH, SEVEN, SUBTRACT, LOG	1.130e-07	0.743954	6.9	Log[10, 83]
1052	tetranacci constant	algebraic	64	not found	6	THREE, SINH, COS, SINH, ONE, SUBTRACT	3.097e-08	0.804163	7.5	Root[-1 - #1 - #1^2 - #1^3 + #1^4 & , 2]
1054	Omega prime-generating constant	none	64	not found	6	NINE, TAN, NEG, COSH, SQR, PLUS	5.445e-10	0.992096	9.3	
1055	first moment of the reciprocal gamma distribution	none	64	not found	6	THREE, EIGHT, EXP, TAN, EXP, TIMES	1.137e-07	0.743671	6.9	
1056	Euler totient A constant	special	64	not found	6	EIGHT, GOLDENRATIO, ARCCOSH, SIN, TIMES, LOG	1.610e-07	0.727491	6.8	(315*Zeta[3])/(2*Pi^4)
1057	ln(7)	elementary	64	exact	2	SEVEN, LOG	0.000e+00	0.321274	64.0	Log[7]
1058	C_4, a constant related to sharp inequalities for the product of 4 polynomials, which was introduced by David Boyd	none	64	not found	6	GOLDENRATIO, ARCTAN, SIN, EULER, ARCCOSH, DIVIDE	1.129e-07	0.744001	6.9	
1059	log10(89)	elementary	64	not found	6	FIVE, PI, TANH, TANH, TIMES, SQRT	1.358e-07	0.735406	6.9	Log[10, 89]
1060	Z score	special	64	not found	6	TWO, TAN, SIN, COS, LOG, ARCCOS	4.321e-07	0.681569	6.4	Sqrt[2]*InverseErf[19/20]
1061	reciprocal Lucas constant	special	64	not found	6	NEG, EULER, ARCTAN, INV, ARCSIN, SUBTRACT	2.745e-08	0.809774	7.6	(-1 + EllipticTheta[3, 0, GoldenRatio^(-2)]^2)/4 + (7*Log[GoldenRatio] - Log[1 + GoldenRatio^2] - QPolyGamma[0, 1, GoldenRatio^(-4)] + 4*QPolyGamma[0, 1, GoldenRatio^(-2)] - 4*QPolyGamma[0, 1, GoldenRatio^(-1)])/(4*Log[GoldenRatio])
1062	M_6, the 6th Madelung constant	none	64	not found	6	PI, LOG, EULER, ARCTAN, INV, PLUS	1.300e-07	0.737433	6.9	
1063	pentanacci constant	algebraic	64	not found	6	EULER, THREE, SEVEN, DIVIDE, SUBTRACT, ARCCOS	5.428e-08	0.778058	7.3	Root[-1 - #1 - #1^2 - #1^3 - #1^4 + #1^5 & , 1]
1064	C_5, a constant related to sharp inequalities for the product of 5 polynomials, which was introduced by David Boyd	none	64	not found	6	EIGHT, INV, SINH, EIGHT, POWER, COSH	3.165e-07	0.696056	6.5	
1065	C_6, a constant related to sharp inequalities for the product of 6 polynomials, which was introduced by David Boyd	none	64	not found	6	SIX, ARCSINH, LOG, ARCCOS, ARCTANH, GAMMA	4.441e-08	0.787396	7.4	
1066	Gamma''(1)	none	64	not found	5	GOLDENRATIO, LOG, SIN, ARCSINH, GAMMA	6.235e-07	0.79742	6.2	
1067	hexanacci constant	algebraic	64	not found	6	NEG, COS, COSH, ARCTAN, SINH, ARCTANH	2.879e-07	0.700464	6.5	Root[-1 - #1 - #1^2 - #1^3 - #1^4 - #1^5 + #1^6 & , 2]
1068	log10(97)	elementary	64	not found	6	FIVE, SQRT, THREE, ARCSINH, ARCSINH, POWER	2.404e-08	0.815929	7.6	Log[10, 97]
1069	heptanacci constant	algebraic	64	not found	6	EULER, ARCCOSH, GAMMA, SQR, GOLDENRATIO, DIVIDE	3.485e-09	0.905761	8.5	Root[-1 - #1 - #1^2 - #1^3 - #1^4 - #1^5 - #1^6 + #1^7 & , 1]
1070	integral_{x=0..Infinity} 1/x^x dx	none	64	not found	6	FIVE, GAMMA, GOLDENRATIO, SUBTRACT, TAN, ARCCOS	6.789e-08	0.767649	7.2	
1071	Two	rational	64	exact	1	TWO	0.000e+00	0.642549	64.0	2
1072	M_7, the 7-dimensional analog of Madelung's constant (negated)	none	64	not found	6	SEVEN, EXP, EULER, COSH, SUBTRACT, TAN	3.839e-07	0.687076	6.4	
1073	Sierpiński's S~ (S "tilde" as named by S. Finch), a constant appearing in the asymptotics of the number of representatio	none	64	not found	6	NINE, NINE, SIN, ARCSIN, TIMES, ARCCOSH	7.525e-08	0.762868	7.1	
1074	solution to the Lane-Emden equation for a sphere of polytropic index n = 3	none	32	not found	6	EULER, GOLDENRATIO, COSH, COS, TANH, PLUS	4.577e-07	0.678899	6.3	
1075	least x > 0 satisfying x + tan(x) = 0	none	64	not found	6	TWO, ARCSINH, ARCCOSH, INV, SINH, COSH	3.488e-07	0.691531	6.5	
1076	figure-eight knot hyperbolic volume	special	64	not found	6	FIVE, ARCSINH, TAN, ARCTAN, EXP, GAMMA	2.514e-07	0.706762	6.6	((-2*Pi^2 + 3*PolyGamma[1, 1/3])*Sqrt[3])/9
1077	QRS associated constant	special	64	not found	6	THREE, FIVE, PI, DIVIDE, ARCSIN, TIMES	1.965e-07	0.718218	6.7	Zeta[3/2, Root[{Zeta[1/2, #1/2] & , 0.605443657196732749478922842447`29.782073733759695}]/2]/4
1078	'beta', a constant appearing in the random links Traveling Salesman Problem	none	64	not found	6	TWO, TAN, FOUR, LOG, INV, POWER	4.438e-07	0.680329	6.4	
1079	Lüroth analog of Lévy constant	special	64	not found	6	PI, GAMMA, ARCCOSH, TANH, TANH, EXP	1.086e-07	0.745797	7.0	Sum[Log[\[FormalK]*(1 + \[FormalK])]/(\[FormalK]*(1 + \[FormalK])), {\[FormalK], 1, Infinity}]
1080	M_8, the 8th Madelung constant (negated)	none	64	not found	6	NINE, NINE, COS, POWER, ARCTANH, ARCCOS	3.169e-07	0.695997	6.5	
1081	semi-meander critical exponent	algebraic	64	not found	6	NEG, ARCSIN, GOLDENRATIO, POWER, SINH, INV	1.081e-07	0.745997	7.0	1 + (Sqrt[11]*(Sqrt[5] + Sqrt[29]))/24
1082	one div ln phi	elementary	64	exact	3	GOLDENRATIO, LOG, INV	2.220e-16	3.352724	64.0	1/Log[GoldenRatio]
1083	ln(8)	elementary	64	exact	2	EIGHT, LOG	0.000e+00	0.321274	63.6	Log[8]
1084	two thirds pi	elementary	64	exact	4	TWO, NEG, DIVIDE, ARCCOS	0.000e+00	0.160637	64.0	2*Pi/3
1085	Wallis's constant	algebraic	64	not found	6	FOUR, ARCSINH, SIN, SINH, TAN, SINH	5.227e-08	0.779815	7.3	(135/2 - (3*Sqrt[1929])/2)^(1/3)/3 + ((45 + Sqrt[1929])/2)^(1/3)/3^(2/3)
1086	Brown-Wang constant	special	64	not found	6	THREE, ARCTAN, SIN, NINE, LOG, POWER	6.919e-08	0.766768	7.2	With[{\[FormalLambda] = Root[{(1 + #1)*Pi - Tan[#1*Pi] & , 0.43029665312420275777`20.}]}, Root[{(1 + \[FormalLambda])*Pi*((#1 - 1)*PolyGamma[1 + (#1 - 1)/2] - 2*#1*PolyGamma[1 + #1/2] + (#1 + 1)*PolyGamma[1 + (#1 + 1)/2]) - 2*Sin[\[FormalLambda]*Pi] & , 2.11023396612157219646682815666`30.}]]
1087	'sigma', a constant associated with the expected number of random elements to generate a finite abelian group	none	64	not found	6	EULER, GAMMA, SQRT, SQRT, EXP, GAMMA	3.386e-08	0.800006	7.5	
1088	'a', an auxiliary constant associated with the asymptotic probability of success in the secretary problem when the numbe	none	64	not found	6	SIX, LOG, GAMMA, COS, EULER, SUBTRACT	9.211e-08	0.753462	7.0	
1089	Jacobi theta function theta_2(0, 1/2) where theta_2 is the 2nd Jacobi theta function	special	64	not found	6	GOLDENRATIO, FOUR, PLUS, SINH, SIN, ARCCOS	2.359e-07	0.709721	6.6	EllipticTheta[2,0,1/2]
1090	Jacobi theta function theta_3(0, 1/2) where theta_3 is the 3rd Jacobi theta function	special	64	not found	6	GOLDENRATIO, SQR, SINH, SQR, ARCSINH, SQRT	6.871e-07	0.659999	6.2	EllipticTheta[3,0,1/2]
1091	pi^(2/3)	elementary	64	exact	5	THREE, TWO, DIVIDE, PI, POWER	0.000e+00	0.12851	63.7	Pi^(2/3)
1092	10^(1/3)	algebraic	64	exact	6	THREE, INV, NEG, NINE, SUBTRACT, POWER	0.000e+00	0.107091	63.8	10^(1/3)
1094	Erdős-Szekeres constant	special	64	not found	6	EIGHT, ARCTAN, COSH, GAMMA, EXP, GAMMA	1.061e-07	0.746874	7.0	Zeta[3/2]/Zeta[3]
1095	K = exp(8*G/(3*Pi)), a Kneser-Mahler constant related to an asymptotic inequality involving Bombieri's supremum norm, wh	special	64	not found	6	TWO, FOUR, FIVE, POWER, SIN, PLUS	6.321e-08	0.770976	7.2	Exp[8*Catalan/(3*Pi)]
1096	normalized asymptotic mean of omega(m) when m is one of the values <= n taken by Euler's phi totient function	none	64	not found	5	EULER, SIN, ARCTANH, SIX, POWER	3.254e-08	0.962229	7.5	
1097	a constant related to series-reduced trees	none	64	not found	6	SIX, ARCTAN, GAMMA, ARCTANH, ARCSINH, TAN	2.510e-08	0.813922	7.6	
1098	'theta', the expected degree (valency) of the root of a random rooted tree with n vertices	none	64	not found	6	PI, EXP, SINH, LOG, ARCTAN, SINH	1.375e-07	0.734839	6.9	
1099	e^(pi/4)	elementary	64	exact	3	ONE, ARCTAN, EXP	0.000e+00	0.214183	63.8	E^(Pi/4)
1100	ln(9)	elementary	64	exact	2	NINE, LOG	0.000e+00	0.321274	63.9	Log[9]
1101	Lüroth analog of Khinchin constant	special	64	not found	6	TWO, ARCCOSH, NINE, DIVIDE, ARCTAN, COSH	2.432e-07	0.708302	6.6	Product[\[FormalK]^(1/(\[FormalK]*(1 + \[FormalK]))), {\[FormalK], 1, Infinity}]
1102	totient constant	special	64	not found	6	ONE, ARCSINH, ARCCOS, ARCSIN, EULER, SUBTRACT	7.329e-08	0.76409	7.1	Sum[1/(\[FormalK]*EulerPhi[\[FormalK]]), {\[FormalK], 1, Infinity}]
1103	Pi/2 + 2/Pi	elementary	64	exact	5	NEG, ARCSIN, INV, SIN, ARCCOS	0.000e+00	0.12851	63.8	Pi/2 + 2/Pi
1104	pi(2)^(-1/2)	elementary	64	exact	4	TWO, SQRT, PI, DIVIDE	0.000e+00	0.160637	63.7	Pi*2^(-1/2)
1105	y_3, the third of four non-explicit constants recursively derived from Khintchine's [Khinchin's] constant	none	64	not found	5	NINE, ARCCOSH, SIX, SUBTRACT, GAMMA	7.012e-08	0.91938	7.2	
1106	D(1), where D(x) is the infinite product function defined in the formula section (or in the Finch reference)	special	64	not found	6	TWO, COSH, SIN, ARCSINH, TAN, ARCCOS	3.730e-07	0.688412	6.4	Glaisher^6/(2^(1/6)*Sqrt[Pi])
1107	Sqrt 5	algebraic	64	exact	2	FIVE, SQRT	0.000e+00	0.321274	63.7	Sqrt[5]
1108	Takeuchi-Prellberg constant	special	25	not found	6	FOUR, SQR, ARCTAN, SEVEN, DIVIDE, ARCSINH	3.382e-07	0.692966	6.5	ConditionalExpression[Extension`TakeuchiPrellbergConstant == Limit[Subscript[\[FormalCapitalT], \[FormalN]]/(BellB[\[FormalN]]*Exp[ProductLog[\[FormalN]]^2/2]), \[FormalN] -> Infinity], Subscript[\[FormalCapitalT], 0] == 0 && Subscript[\[FormalCapitalT], 1] == 1 && Subscript[\[FormalCapitalT], 2] == 4 && Subscript[\[FormalCapitalT], 3] == 14 && Subscript[\[FormalCapitalT], \[FormalN]] == Sum[Binomial[2*\[FormalK], \[FormalK]]/(1 + \[FormalK]), {\[FormalK], 1, \[FormalN]}] + Sum[Subscript[\[FormalCapitalT], -1 - \[FormalK] + \[FormalN]]*(2*Binomial[-1 + \[FormalK] + \[FormalN], \[FormalK]] - Binomial[\[FormalK] + \[FormalN], \[FormalK]]), {\[FormalK], 0, -2 + \[FormalN]}]]
1109	Sierpiński's second constant, K2 = lim_{n->oo} ((1/n) * (Sum_{i=1..n} A004018(i^2)) - 4/Pi * log(n))	special	64	not found	6	NINE, SIN, SQR, SIX, GAMMA, POWER	1.106e-07	0.744948	7.0	4(12 Log[Gamma[3/4]]-9 Log[Pi]+72 Log[Glaisher]-5 Log[2]+3 EulerGamma-3)/(3 Pi)
1110	Integral_{0..oo} 1/Gamma(1+x) dx, a variation of the Fransén-Robinson constant	none	64	not found	6	FOUR, INV, ARCSINH, FOUR, SINH, POWER	1.200e-07	0.741153	6.9	
1111	Landau-Kolmogorov constant C(4,1) for derivatives in L_2(0, infinity)	none	64	not found	6	FIVE, SIN, SQR, TANH, THREE, SUBTRACT	3.279e-08	0.8015	7.5	
1112	1/A240969	none	64	not found	6	THREE, SIN, THREE, INV, TANH, DIVIDE	6.305e-07	0.663997	6.2	
1113	first Foias constant	special	64	not found	6	EULER, TWO, DIVIDE, ONE, TAN, PLUS	1.394e-07	0.734203	6.9	Root[{-(1 + 1/#1)^#1 + #1 & , 2.29316628741186103150802829125000000000007305694139121664`29.360435548444247}]
1114	zeta(2)*zeta(3)*zeta(4)*	none	64	not found	6	NEG, TANH, GOLDENRATIO, POWER, TAN, EXP	4.171e-07	0.683223	6.4	
1115	Universal parabolic constant	elementary	64	exact	5	NEG, ARCSINH, TWO, SQRT, SUBTRACT	0.000e+00	0.12851	63.8	Sqrt[2] + ArcSinh[1]
1116	product_{n>=1} (n/(n+1))^((-1)^t(n)), a probabilistic counting constant, where t(n) = A010060(n) is the Thue-Morse seque	none	64	not found	6	TWO, FIVE, SINH, ARCCOSH, TIMES, LOG	3.449e-07	0.692064	6.5	
1117	logarithm of 10	elementary	64	exact	4	NEG, NINE, SUBTRACT, LOG	0.000e+00	0.160637	64.0	Log[10]
1118	y_1, the first of four non-explicit constants recursively derived from Khintchine's [Khinchin's] constant	none	64	not found	6	NEG, SINH, PI, ARCSINH, DIVIDE, GAMMA	1.243e-07	0.739525	6.9	
1119	Klarner-Rivest polyomino constant	none	64	not found	6	EULER, ONE, SIN, GAMMA, SUBTRACT, GAMMA	3.696e-09	0.903022	8.4	
1120	3D lattice sum analog of Euler γ	special	64	not found	6	GOLDENRATIO, ARCTAN, GAMMA, SQRT, SIN, EXP	8.475e-08	0.757336	7.1	(-4*Pi)/3 + (19*Log[2])/2 - 4*Sum[((3 + 3*(-1)^\[FormalM] + (-1)^(\[FormalM] + \[FormalN]))*Csch[Pi*Sqrt[\[FormalM]^2 + \[FormalN]^2]])/Sqrt[\[FormalM]^2 + \[FormalN]^2], {\[FormalM], 1, Infinity}, {\[FormalN], 1, Infinity}]
1121	constant 1 + B3 (or 1 + B_3) related to the Mertens constant	none	64	not found	6	GOLDENRATIO, PI, COSH, ARCSINH, SUBTRACT, SQR	4.089e-07	0.684136	6.4	
1122	Ti_2(2+sqrt(3)), where Ti_2 is the inverse tangent integral function	none	64	not found	6	FOUR, FOUR, COSH, SUBTRACT, ARCTAN, SQR	5.048e-08	0.781434	7.3	
1123	three quarters pi	elementary	64	exact	4	PI, NEG, ARCTAN, PLUS	0.000e+00	0.160637	64.0	3*Pi/4
1124	monomer-dimer triangular constant	special	64	not found	6	NEG, ARCSIN, GOLDENRATIO, INV, SIN, POWER	1.509e-07	0.730501	6.8	Exp[Integrate[Log[6 + 2*Cos[\[FormalT]] + 2*Cos[\[FormalPhi]] + 2*Cos[\[FormalT] + \[FormalPhi]]], {\[FormalT], -Pi, Pi}, {\[FormalPhi], -Pi, Pi}]/(8*Pi^2)]
1125	pi^(3/4)	elementary	64	exact	5	THREE, PI, SQRT, SQRT, POWER	0.000e+00	0.12851	63.8	Pi^(3/4)
1126	Pi^2/(6*log 2)	elementary	64	exact	6	EIGHT, SQR, LOG, PI, SQR, DIVIDE	0.000e+00	0.107091	63.9	Pi^2/(6*Log[2])
1127	c = (7-sqrt(5))/2	algebraic	64	exact	3	GOLDENRATIO, FOUR, SUBTRACT	0.000e+00	0.214183	63.9	4 - GoldenRatio
1128	ln(11)	elementary	64	exact	4	TWO, NINE, PLUS, LOG	0.000e+00	0.160637	64.0	Log[11]
1129	asymptotic evaluation of the constrained maximum of a certain quadratic form	none	64	not found	5	SEVEN, LOG, EULER, GAMMA, POWER	2.000e-07	0.860892	6.7	
1130	Narcissus constant	special	64	not found	6	FOUR, SINH, SQRT, ARCSINH, SQR, ARCCOSH	7.441e-07	0.656297	6.1	Root[{1 + #1 - #1^(-1 + #1) & , 2.39838438278161142938900277955804885011`20.5225995583442}]
1131	Golden angle	elementary	64	exact	6	PI, GOLDENRATIO, SQR, TWO, DIVIDE, TIMES	2.220e-16	1.676362	64.0	(2*Pi)/GoldenRatio^2
1132	2*zeta(3)	special	64	not found	5	SEVEN, EULER, DIVIDE, TANH, GAMMA	1.744e-07	0.868537	6.8	2*Zeta[3]
1133	first zero of the Bessel function J_0(z)	special	64	not found	6	EIGHT, ARCCOSH, GAMMA, SIN, TAN, SQR	9.782e-08	0.750664	7.0	BesselJZero[0, 1]
1134	solution to the Lane-Emden equation for a sphere of polytropic index n = 2	none	32	not found	6	FIVE, ARCSINH, SIX, TAN, COSH, TIMES	3.201e-07	0.695535	6.5	
1135	Silver ratio	algebraic	64	exact	3	ONE, ARCSINH, EXP	0.000e+00	0.214183	64.0	1 + Sqrt[2]
1136	c = 2.4149..., a random mapping statistics constant such that the asymptotic expectation of the maximum rho length (grap	none	20	not found	6	ONE, ARCSIN, ARCTAN, SQRT, SINH, TAN	2.757e-07	0.702472	6.6	
1137	prod_{n>=1} (1 + 1/n^3) = cosh(sqrt(3) pi/2)/pi	elementary	64	not found	6	GOLDENRATIO, SIN, TANH, TANH, SQR, INV	2.391e-07	0.70909	6.6	Cosh[Sqrt[3]*Pi/2]/Pi
1138	a constant related to the asymptotic evaluation of the Lebesgue constants L_n	none	64	not found	6	TWO, PI, SQR, ARCCOSH, TIMES, SQRT	7.752e-08	0.761481	7.1	
1139	theta = 2.472548..., an auxiliary constant used to compute the best constant in Friedrichs' inequality in one dimension	none	64	not found	6	TWO, SIN, ARCTANH, SQRT, SINH, SQR	2.066e-08	0.822973	7.7	
1140	Otter's weakly binary tree enumeration asymptotic constant xi	none	64	not found	6	GOLDENRATIO, LOG, ARCCOS, SQR, SIN, EXP	7.588e-08	0.762479	7.1	
1141	A1*B1, the average number of non-isomorphic semisimple rings of any order, where A1 is Product_{m>1} zeta(m) and B1 is P	none	64	not found	6	GOLDENRATIO, FIVE, EXP, TIMES, ARCTAN, COSH	3.583e-07	0.690279	6.4	
1142	Feigenbaum alpha	none	64	not found	6	GOLDENRATIO, SIN, FOUR, EXP, TAN, TIMES	2.883e-07	0.700396	6.5	
1143	root two pi	elementary	64	exact	4	PI, PI, PLUS, SQRT	2.220e-16	2.514543	63.9	Sqrt[2*Pi]
1144	100^(1/5)	algebraic	64	not found	6	SEVEN, SQRT, PI, ARCSINH, GAMMA, TIMES	2.618e-07	0.704887	6.6	100^(1/5)
1145	a constant related to identity trees	none	64	not found	6	FOUR, COSH, SIN, ARCCOS, INV, SINH	3.771e-07	0.687911	6.4	
1146	doubly infinite sum N_3 = Sum_{i,j,k = -inf..inf} (-1)^(i+j+k)/(i^2+j^2+k^2), a lattice constant analog of Madelung's co	none	64	not found	6	GOLDENRATIO, COS, GOLDENRATIO, FOUR, DIVIDE, SUBTRACT	4.002e-08	0.792228	7.4	
1147	sqrt(2)*exp(2*G/Pi), where G = A006752	special	64	not found	6	NEG, COS, SINH, COSH, COS, INV	2.434e-07	0.708271	6.6	Sqrt[2]*Exp[2Catalan/Pi]
1148	a variant of the Komornik-Loreti constant	none	64	not found	6	FOUR, NINE, PLUS, COSH, TAN, TAN	2.362e-07	0.70966	6.6	
1149	(Glaisher^12/(2*Pi*e^EulerGamma))^(Pi^2/6)	special	64	not found	6	SEVEN, LOG, GAMMA, ARCSIN, ARCTAN, EXP	4.594e-07	0.67873	6.3	(Glaisher^12/(2Pi E^EulerGamma))^(Pi^2/6)
1150	ln(13)	elementary	64	exact	4	FOUR, NINE, PLUS, LOG	0.000e+00	0.160637	63.9	Log[13]
1151	exp(gamma)/log(2), a conjectural constant related to the asymptotic counting of Mersenne primes, where gamma is Euler's 	special	64	not found	6	FOUR, TAN, EXP, GAMMA, ARCSINH, SQR	3.377e-07	0.693044	6.5	Exp[EulerGamma]/Log[2]
1152	Sierpiński's constant	special	64	not found	6	GOLDENRATIO, PI, EIGHT, SIN, POWER, PLUS	1.563e-07	0.728883	6.8	Pi*(2*EulerGamma - Log[Pi] + 4*Log[Gamma[3/4]])
1153	Barban constant	special	64	not found	6	THREE, SIN, THREE, SQRT, SINH, SUBTRACT	2.490e-08	0.814303	7.6	Product[1 + (-1 + 3*Prime[\[FormalK]]^2)/(Prime[\[FormalK]]*(1 + Prime[\[FormalK]])*(-1 + Prime[\[FormalK]]^2)), {\[FormalK], 1, Infinity}]
1154	twenty-vertex entropy constant	algebraic	64	exact	5	THREE, TWO, ARCCOSH, TANH, TIMES	0.000e+00	0.12851	64.0	(3*Sqrt[3])/2
1155	golden root	algebraic	64	exact	2	GOLDENRATIO, SQR	0.000e+00	0.321274	63.9	2 + 2*Cos[(2*Pi)/5]
1156	Lemniscate constant	special	64	not found	6	FIVE, SIN, ARCSINH, TAN, SINH, GAMMA	2.623e-07	0.704795	6.6	Gamma[1/4]^2/(2*Sqrt[2*Pi])
1158	positive root of the equation 13x^4 - 7x^2 - 581 = 0	algebraic	64	not found	6	SIX, TAN, TANH, SQR, EULER, SUBTRACT	1.226e-08	0.847254	7.9	Sqrt[1/26*(7+Sqrt[30261])]
1159	sqrt(2) + sqrt(3/2)	algebraic	64	exact	6	TWO, SEVEN, ARCCOSH, EXP, DIVIDE, SQRT	0.000e+00	0.107091	63.8	Sqrt[2] + Sqrt[3/2]
1160	sqrt(7)	algebraic	64	exact	2	SEVEN, SQRT	0.000e+00	0.321274	64.0	Sqrt[7]
1161	Gelfond-Schneider constant	elementary	64	exact	4	TWO, SQRT, TWO, POWER	0.000e+00	0.160637	63.9	2^Sqrt[2]
1162	Gamma(1/3)	special	64	exact	3	THREE, INV, GAMMA	2.220e-16	3.352724	63.8	Gamma[1/3]
1163	coefficient 'gamma' (see formula) appearing in Otter's result concerning the asymptotics of T_n, the number of non-isomo	none	64	not found	6	TWO, TWO, TANH, SIN, COS, PLUS	2.349e-07	0.709914	6.6	
1164	Khinchin's constant	special	64	not found	6	TWO, LOG, LOG, SEVEN, SUBTRACT, ARCCOSH	1.805e-07	0.722171	6.7	Khinchin
1165	Landau-Kolmogorov constant C(5,1) for derivatives in L_2(0, infinity)	none	64	not found	6	SEVEN, SQRT, ARCTAN, SQR, SIN, EXP	1.459e-07	0.732057	6.8	
1166	Euler number	elementary	64	exact	1	EULER	0.000e+00	0.642549	64.0	E
1167	pi sqrt(3)/2	elementary	64	exact	5	PI, TWO, ARCCOSH, TANH, TIMES	1.110e-16	2.05032	64.0	Pi*Sqrt[3]/2
1168	log e^(2π)	elementary	64	exact	6	THREE, ARCSINH, COSH, LOG, PI, DIVIDE	0.000e+00	0.107091	64.0	Log10[E^(2*Pi)]
1169	Sum_{k>=1} sigma(k)/2^k where sigma(k) is the sum of divisors of k, 1 <= d <= k	special	64	not found	6	SIX, EIGHT, ARCCOSH, ARCSINH, PLUS, ARCSINH	7.266e-08	0.764496	7.1	Sum[n/(2^n - 1), {n, 1, 500}]
1170	Ramanujan nested radical constant	algebraic	64	not found	6	EIGHT, ARCSINH, GOLDENRATIO, COSH, TANH, TIMES	1.980e-07	0.717868	6.7	(2 + Sqrt[5] + Sqrt[15 - 6*Sqrt[5]])/2
1171	a constant related to A006196	none	64	not found	6	SIX, ARCCOSH, ARCSINH, ARCTAN, SQRT, EXP	1.365e-08	0.842252	7.9	
1172	C_{1/2}, a constant related to Kolmogorov's inequalities	special	64	not found	6	SEVEN, SQRT, THREE, SIN, ARCSINH, PLUS	2.832e-07	0.701221	6.5	Gamma[1/4]^2/(Pi*Gamma[3/4]^2)
1173	(1/sqrt(Pi) + e*erfc(-1))/2	special	64	not found	6	TWO, ARCCOSH, ARCTAN, SQRT, GAMMA, EXP	5.173e-08	0.780292	7.3	(1/Sqrt[Pi]+E Erfc[-1])/2
1174	'xi', an optimal stopping auxiliary constant associated with the two choice case	none	64	not found	5	THREE, TAN, EIGHT, SUBTRACT, ARCSINH	7.268e-07	0.788869	6.1	
1175	2*Pi*phi(0), a constant appearing in connection with a study of zeros of the integral of xi(z), where phi(t) and xi(z) a	none	64	not found	6	GOLDENRATIO, NINE, COS, SQR, ARCTANH, PLUS	7.843e-08	0.760942	7.1	
1176	Fransén–Robinson constant	special	64	not found	6	TWO, ARCCOSH, SIN, ARCCOS, COSH, EXP	3.251e-07	0.694813	6.5	Integrate[Gamma[x]^(-1), {x, 0, Infinity}]
1177	Murata constant	special	64	not found	6	SEVEN, LOG, EIGHT, COSH, TAN, SUBTRACT	8.493e-07	0.650147	6.1	Product[1 + (-1 + Prime[\[FormalK]])^(-2), {\[FormalK], 1, Infinity}]
1178	ln(17)	elementary	64	exact	4	EIGHT, NINE, PLUS, LOG	0.000e+00	0.160637	64.0	Log[17]
1179	Born's basic potential Pi_0	none	64	not found	5	GOLDENRATIO, FIVE, INV, GAMMA, DIVIDE	1.002e-08	1.027972	8.0	
1180	constant appearing in the variance for searching in a digital tree	none	64	not found	6	FIVE, SIN, SQR, SINH, THREE, DIVIDE	5.812e-07	0.667791	6.2	
1181	Hardy-Littlewood prime triples constant	special	64	not found	6	TWO, EIGHT, ARCSINH, SIN, EXP, TIMES	1.425e-07	0.733159	6.8	(9*Product[((-3 + Prime[\[FormalK]])*Prime[\[FormalK]]^2)/(-1 + Prime[\[FormalK]])^3, {\[FormalK], 3, Infinity}])/2
1182	(diagonal)/(shortest side) of 2nd electrum rectangle	none	64	exact	6	NEG, THREE, SQRT, SUBTRACT, ARCSINH, COSH	2.220e-16	1.676362	63.8	
1183	a second variant of the Komornik-Loreti constant	none	64	not found	6	EULER, SQRT, TANH, EULER, SUBTRACT, SINH	4.480e-07	0.679893	6.3	
1184	ln(19)	elementary	64	exact	5	THREE, FOUR, SQR, PLUS, LOG	0.000e+00	0.12851	63.9	Log[19]
1185	Otter's rooted tree constant	none	64	not found	6	FOUR, SIX, EXP, DIVIDE, TAN, INV	9.308e-08	0.752977	7.0	
1186	Landau-Kolmogorov constant C(4,2) for derivatives in L_2(0, infinity)	none	64	not found	6	EULER, ONE, TANH, PLUS, LOG, TAN	3.465e-08	0.798934	7.5	
1187	B, a constant related to the Goh-Schmutz constant and the asymptotic expected order of a random permutation	none	64	not found	6	FOUR, LOG, GAMMA, SINH, FOUR, SUBTRACT	2.364e-07	0.709625	6.6	
1188	oloid volume constant	special	64	not found	6	GOLDENRATIO, INV, EULER, SIN, INV, PLUS	3.205e-07	0.695471	6.5	(2*(2*EllipticE[3/4] + EllipticK[3/4]))/3
1189	Landau-Kolmogorov constant C(3,1) for derivatives in the case L_infinity(0, infinity)	algebraic	64	not found	6	FIVE, ARCCOSH, PI, GAMMA, LOG, PLUS	1.690e-07	0.725235	6.8	(243/8)^(1/3)
1190	sqrt(480)/7	algebraic	64	not found	6	FOUR, ONE, TANH, ARCCOS, ARCSIN, TIMES	2.559e-07	0.705946	6.6	Sqrt[480]/7
1191	ln(23)	elementary	64	exact	5	NEG, FIVE, GAMMA, PLUS, LOG	0.000e+00	0.12851	63.8	Log[23]
1192	Ramanujan's π-approximation constant	elementary	64	false positive	1	PI	0.000e+00	0.642549	16.2	Log[262537412640768000]/Sqrt[163]
1193	Pi	elementary	64	exact	1	PI	0.000e+00	0.642549	64.0	Pi
1194	mean value over all positive integers of a function giving the least quadratic nonresidue modulo a given odd integer (th	none	64	not found	6	TWO, SINH, TWO, DIVIDE, EIGHT, POWER	4.505e-08	0.786724	7.3	
1195	10^(1/2)	algebraic	64	exact	3	THREE, ARCSINH, COSH	1.110e-16	3.4172	64.0	10^(1/2)
1196	C = log(2*Pi) + B_3 (where B_3 is A083343), one of Euler totient constants	none	64	not found	6	FIVE, SQR, TWO, ARCSINH, COS, TIMES	4.644e-07	0.678223	6.3	
1197	plate constant	special	64	not found	6	ONE, ARCTAN, ARCSIN, NINE, ARCCOSH, DIVIDE	4.823e-08	0.783559	7.3	ConditionalExpression[Extension`PlateConstant == \[FormalX], BesselI[1, \[FormalX]]*BesselJ[0, \[FormalX]] + BesselI[0, \[FormalX]]*BesselJ[1, \[FormalX]] == 0 && 3 < \[FormalX] < 7/2]
1198	square of the constant A130834	special	64	not found	6	TWO, COS, EXP, GAMMA, SINH, COSH	4.003e-07	0.685134	6.4	Exp[4*Catalan/Pi]
1199	1 + sqrt(5)	algebraic	64	exact	3	GOLDENRATIO, GOLDENRATIO, PLUS	0.000e+00	0.214183	63.9	1 + Sqrt[5]
1200	Pálfy's constant c_3	elementary	64	not found	6	NINE, ARCCOSH, LOG, ARCSINH, ARCSIN, EXP	1.024e-08	0.855618	8.0	5/3 + Log[9, 32]
1201	rayleigh kurtosis	elementary	64	not found	6	NEG, SIX, ARCCOSH, GAMMA, TIMES, GAMMA	4.657e-07	0.678096	6.3	(32 - 3*Pi^2)/(4 - Pi)^2
1202	silver root	algebraic	64	not found	6	SEVEN, COS, COSH, SIX, ARCCOSH, POWER	2.745e-08	0.809775	7.6	2 + 2*Cos[(2*Pi)/7]
1203	Lévy's constant 2	elementary	64	not found	6	NINE, TWO, TANH, SIN, GAMMA, POWER	3.690e-08	0.796004	7.4	E^(Pi^2/(12*Log[2]))
1204	a constant related to A000620, A000622, A000623 and A000625	none	64	not found	6	ONE, TAN, GAMMA, EXP, EIGHT, DIVIDE	4.541e-07	0.679264	6.3	
1205	y_2, the second of four non-explicit constants recursively derived from Khintchine's [Khinchin's] constant	none	64	not found	6	EULER, COSH, LOG, GAMMA, SINH, EXP	8.134e-08	0.759247	7.1	
1206	sqrt(11)	algebraic	64	exact	4	TWO, NINE, PLUS, SQRT	0.000e+00	0.160637	64.0	Sqrt[11]
1207	average value of the Yekutieli-Mandelbrot parameter, that is the average number of maximal subtrees of an ordered binary	special	64	not found	6	EULER, NEG, COS, POWER, EXP, EXP	1.397e-07	0.734076	6.9	2*Catalan/(Pi*Log[2])+5/2
1208	Reciprocal Fibonacci constant	special	64	not found	6	PI, FOUR, EXP, COS, COSH, TIMES	3.263e-07	0.69464	6.5	(Sqrt[5]*(EllipticTheta[2, 0, GoldenRatio^(-2)]^2 + (Log[5] + 2*QPolyGamma[0, 1, GoldenRatio^(-4)] - 4*QPolyGamma[0, 1, GoldenRatio^(-2)])/(2*Log[(1 + Sqrt[5])/2])))/4
1209	van der Corput constant	special	64	not found	6	EIGHT, ARCSINH, SEVEN, DIVIDE, GOLDENRATIO, POWER	1.154e-06	0.635899	5.9	With[{\[FormalX] = Root[{Cos[#1]*FresnelS[Sqrt[1 - (2*#1)/Pi]] + FresnelC[Sqrt[1 - (2*#1)/Pi]]*Sin[#1] & , -0.726643246813242509590219555941985563257278933469994008688`30.}]}, 2*(Cos[\[FormalX]]*FresnelC[Sqrt[1 - (2*\[FormalX])/Pi]] - FresnelS[Sqrt[1 - (2*\[FormalX])/Pi]]*Sin[\[FormalX]])*Sqrt[Pi]]
1210	ln(29)	elementary	64	exact	5	FOUR, FIVE, SQR, PLUS, LOG	0.000e+00	0.12851	64.0	Log[29]
1211	Magata constant	special	64	not found	6	EIGHT, GOLDENRATIO, DIVIDE, SINH, EXP, EXP	5.772e-07	0.668106	6.2	ConditionalExpression[Extension`MagataConstant == Limit[Sum[Subscript[\[FormalC], \[FormalK]], {\[FormalK], 1, \[FormalN]}], \[FormalN] -> Infinity], Sum[Subscript[\[FormalC], \[FormalK]]*Product[-1 - \[FormalJ] + \[FormalM], {\[FormalJ], 0, -1 + \[FormalK]}], {\[FormalK], 0, -1 + \[FormalN]}] == Prime[\[FormalM]] && \[FormalM] <= \[FormalN]]
1212	meander critical exponent	algebraic	64	not found	6	GOLDENRATIO, SIX, TIMES, ARCSINH, GAMMA, SINH	1.576e-07	0.728492	6.8	(29 + Sqrt[145])/12
1213	ln(31)	elementary	64	exact	5	FIVE, SIX, SQR, SUBTRACT, LOG	0.000e+00	0.12851	63.9	Log[31]
1214	y_4, the last of four non-explicit constants recursively derived from Khintchine's [Khinchin's] constant	none	64	not found	6	PI, SQRT, LOG, NINE, DIVIDE, ARCSINH	2.704e-07	0.70338	6.6	
1215	1 + sqrt(6)	algebraic	64	exact	4	NEG, SIX, SQRT, SUBTRACT	0.000e+00	0.160637	64.0	1+Sqrt[6]
1216	best constant K for the integral inequality integral_{0..1} f(x)^2*f'(x)^2 dx <= K*integral_{0..1} f'(x)^4 dx	none	64	not found	6	FIVE, GOLDENRATIO, TAN, DIVIDE, TAN, COSH	5.153e-08	0.78048	7.3	
1217	Product_{k>=1} (1-1/2^k)^(-1)	special	64	not found	6	EIGHT, ARCCOSH, EXP, TANH, ARCTANH, ARCSINH	2.036e-07	0.716562	4.9	1/QPochhammer[1/2, 1/2]
1218	square root of 12	algebraic	64	exact	4	TWO, THREE, SQRT, TIMES	0.000e+00	0.160637	64.0	Sqrt[12]
1219	C, a coin tossing constant related to the asymptotic variance of the length of the longest run of consecutive heads	elementary	64	not found	6	SEVEN, TAN, TANH, SQR, FOUR, SUBTRACT	1.488e-06	0.624072	5.8	1/12 + Pi^2/(6*Log[2]^2)
1220	gamma = 8*lambda^2, a critical threshold of a boundary value problem, where lambda is Laplace's limit constant A033259	none	64	not found	6	SEVEN, ARCSINH, SQRT, LOG, FOUR, SUBTRACT	4.670e-09	0.892144	8.3	
1221	infinite product constant	special	64	not found	6	NINE, GAMMA, ARCCOSH, ARCTAN, FIVE, SUBTRACT	1.302e-07	0.737361	6.9	Product[(1 + \[FormalK]^(-1))^\[FormalK]^(-1), {\[FormalK], 1, Infinity}]
1222	log 10800/π	elementary	64	not found	6	THREE, EULER, THREE, PLUS, TIMES, ARCSINH	6.766e-07	0.660722	6.2	Log10[10800/Pi]
1223	accumulation point of the logistic map	none	64	not found	6	GOLDENRATIO, SQR, THREE, LOG, GAMMA, PLUS	2.003e-09	0.931524	8.7	
1224	sqrt(13)	algebraic	64	exact	4	FOUR, NINE, PLUS, SQRT	0.000e+00	0.160637	64.0	Sqrt[13]
1225	4*(8 - 4*sqrt(2) - log(2))/(2*sqrt(2) - 1)	elementary	64	not found	6	GOLDENRATIO, SINH, SIX, ARCCOSH, ARCTAN, PLUS	3.574e-07	0.690405	6.4	4(8-4Sqrt[2]-Log[2])/(2Sqrt[2]-1)
1226	ln(37)	elementary	64	exact	5	NEG, SIX, SQR, SUBTRACT, LOG	0.000e+00	0.12851	64.0	Log[37]
1227	2 + phi, with the golden section phi from A001622	algebraic	64	exact	3	GOLDENRATIO, TWO, PLUS	0.000e+00	0.214183	64.0	2 + GoldenRatio
1228	Gamma(1/4)	special	64	exact	3	FOUR, INV, GAMMA	1.110e-16	3.4172	63.9	Gamma[1/4]
1229	'theta', the unique positive root of the equation polygamma(x) = log(Pi), where polygamma(x) gives gamma'(x)/gamma(x), t	none	64	not found	6	FOUR, FIVE, LOG, SIN, DIVIDE, GAMMA	1.888e-07	0.720086	6.7	
1230	(65 + 9*sqrt(3))/22	algebraic	64	not found	6	SIX, EXP, TAN, GAMMA, SQRT, SINH	7.548e-07	0.65563	6.1	(65+9Sqrt[3])/22
1231	Sum_{n>=1} prime(n)/(2^n)	special	64	not found	6	EULER, NINE, THREE, TANH, POWER, PLUS	2.608e-07	0.705055	6.6	Sum[Prime[i]/2^i,{i,1000}]
1232	ln(41)	elementary	64	exact	5	FIVE, SIX, SQR, PLUS, LOG	0.000e+00	0.12851	64.0	Log[41]
1233	ln(43)	elementary	64	exact	5	SIX, SEVEN, SQR, SUBTRACT, LOG	0.000e+00	0.12851	64.0	Log[43]
1234	ln(47)	elementary	64	exact	5	TWO, SEVEN, SQR, SUBTRACT, LOG	0.000e+00	0.12851	64.0	Log[47]
1235	an optimal stopping constant related to the Secretary problem	none	64	not found	6	EULER, EXP, FOUR, INV, TAN, TIMES	2.083e-07	0.715514	6.7	
1236	2D lattice sum analog of Euler γ	special	64	not found	6	GOLDENRATIO, LOG, GAMMA, FOUR, ARCSINH, POWER	9.899e-07	0.64302	6.0	-2*Zeta[1/2]*(Zeta[1/2, 1/4] - Zeta[1/2, 3/4])
1237	-zeta'(1/2)	special	64	not found	6	SIX, FOUR, COS, TIMES, COSH, ARCSINH	1.572e-07	0.728601	6.8	-Derivative[1][Zeta][1/2]
1238	ln(53)	elementary	64	exact	5	FOUR, SEVEN, SQR, PLUS, LOG	0.000e+00	0.12851	64.0	Log[53]
1239	1000^(1/5)	algebraic	64	not found	6	FOUR, INV, COS, GAMMA, FIVE, SUBTRACT	3.615e-09	0.904049	8.4	1000^(1/5)
1241	ln(59)	elementary	64	exact	5	FIVE, EIGHT, SQR, SUBTRACT, LOG	0.000e+00	0.12851	64.0	Log[59]
1242	ln(61)	elementary	64	exact	5	THREE, EIGHT, SQR, SUBTRACT, LOG	0.000e+00	0.12851	64.0	Log[61]
1243	sqrt(17)	algebraic	64	exact	3	FOUR, ARCSINH, COSH	2.220e-16	3.352724	64.0	Sqrt[17]
1244	sqrt(2*Pi*e)	elementary	64	exact	6	PI, EULER, EULER, PLUS, TIMES, SQRT	0.000e+00	0.107091	64.0	Sqrt[2Pi E]
1245	Hardy-Littlewood prime quadruples constant	special	64	not found	6	THREE, ONE, ARCTAN, SINH, INV, PLUS	7.245e-07	0.657535	6.1	(27*Product[((-4 + Prime[\[FormalK]])*Prime[\[FormalK]]^3)/(-1 + Prime[\[FormalK]])^4, {\[FormalK], 3, Infinity}])/2
1246	four thirds pi	elementary	64	exact	5	PI, THREE, PI, DIVIDE, PLUS	2.220e-16	2.011635	64.0	4*Pi/3
1247	ln(67)	elementary	64	exact	5	THREE, EIGHT, SQR, PLUS, LOG	0.000e+00	0.12851	64.0	Log[67]
1248	(4*sqrt(2)*Pi^2)/gamma(1/4)^2	special	64	not found	6	PI, GOLDENRATIO, LOG, ARCTAN, ARCCOS, PLUS	2.652e-07	0.704284	6.6	(4*Sqrt[2]*Pi^2)/Gamma[1/4]^2
1249	ln(71)	elementary	64	exact	5	SEVEN, EIGHT, SQR, PLUS, LOG	0.000e+00	0.12851	64.0	Log[71]
1250	Pi*e/2	elementary	64	exact	4	EULER, ONE, ARCSIN, TIMES	2.220e-16	2.514543	64.0	(Pi*E)/2
1251	ln(73)	elementary	64	exact	5	EIGHT, NINE, SQR, SUBTRACT, LOG	0.000e+00	0.12851	64.0	Log[73]
1252	asymptotic value of the second raw moment of the maximal exponent in the prime factorizations of n (A051903)	special	64	not found	5	TWO, ONE, ARCSIN, SINH, PLUS	8.132e-07	0.782596	6.1	1 + Sum[(2*j - 1)*(1 - 1/Zeta[j]), {j, 2, 400}]
1253	Korn constant	rational	64	exact	6	SEVEN, INV, TWO, SUBTRACT, EIGHT, DIVIDE	0.000e+00	0.107091	64.0	56/13
1254	alpha, the unique solution on [2,oo) of the equation alpha*log((2*e)/alpha)=1	special	64	not found	6	EIGHT, ARCCOSH, FIVE, TANH, TAN, TIMES	2.549e-08	0.813219	7.6	-1/ProductLog[-1/(2*E)]
1255	sqrt(19)	algebraic	64	exact	5	THREE, FOUR, SQR, PLUS, SQRT	0.000e+00	0.12851	64.0	Sqrt[19]
1256	ln(79)	elementary	64	exact	5	TWO, NINE, SQR, SUBTRACT, LOG	0.000e+00	0.12851	64.0	Log[79]
1257	Hayman constant	special	64	not found	6	FOUR, ARCSINH, INV, FIVE, POWER, COSH	8.131e-08	0.75926	7.1	Gamma[1/4]^4/(4*Pi^2)
1258	ln(83)	elementary	64	exact	5	TWO, NINE, SQR, PLUS, LOG	0.000e+00	0.12851	64.0	Log[83]
1259	pi(2)^(1/2)	elementary	64	exact	4	PI, TWO, SQRT, TIMES	0.000e+00	0.160637	64.0	Pi*2^(1/2)
1260	ln(89)	elementary	64	exact	5	EIGHT, NINE, SQR, PLUS, LOG	0.000e+00	0.12851	64.0	Log[89]
1261	Freiman constant	algebraic	64	not found	6	SIX, SQRT, SIN, EIGHT, POWER, GAMMA	1.630e-08	0.834011	7.8	(2221564096 + 283748*Sqrt[462])/491993569
1262	Van der Pauw constant	elementary	64	exact	4	TWO, LOG, PI, DIVIDE	0.000e+00	0.160637	64.0	Pi/Log[2]
1263	Gasper constant	algebraic	64	not found	6	PI, LOG, ARCSINH, TAN, SQR, SINH	1.295e-07	0.737607	6.9	Root[-1134 - 3780*#1 - 5013*#1^2 - 3247*#1^3 - 948*#1^4 - 14*#1^5 + 55*#1^6 + 9*#1^7 & , 1]
1264	ln(97)	elementary	64	exact	6	TWO, SEVEN, ARCCOSH, TIMES, COSH, LOG	0.000e+00	0.107091	64.0	Log[97]
1265	2ln(10)	elementary	64	exact	5	FOUR, FIVE, SQR, TIMES, LOG	0.000e+00	0.12851	64.0	2*Log[10]
1266	100^(1/3)	algebraic	64	not found	6	THREE, EULER, TANH, EXP, SQRT, PLUS	4.100e-08	0.791105	7.4	100^(1/3)
1267	Product_{p prime} (1 + 1/p^(4/3) + 1/p^(5/3))	none	64	not found	6	EULER, GOLDENRATIO, INV, PLUS, TAN, GAMMA	9.088e-08	0.754087	7.0	
1268	Feigenbaum delta	none	64	not found	5	PI, PI, EXP, ARCTAN, PLUS	6.912e-08	0.920177	7.2	
1269	3pi/2	elementary	64	exact	4	PI, ONE, ARCSIN, PLUS	0.000e+00	0.160637	64.0	3*Pi/2
1270	rod constant	special	64	not found	6	THREE, ARCCOSH, NINE, SIN, PLUS, SQR	2.303e-08	0.817928	7.6	Root[{-1 + Cos[#1]*Cosh[#1] & , 4.730040744862704026`19.67486488179338}]
1271	sqrt(23)	algebraic	64	exact	5	NEG, FIVE, GAMMA, PLUS, SQRT	0.000e+00	0.12851	64.0	Sqrt[23]
1272	John constant lower bound	special	64	exact	3	PI, EXP, SQRT	0.000e+00	0.214183	64.0	I^(-I)
1273	two-arc beam detection constant	special	64	not found	6	SEVEN, INV, ARCCOS, THREE, SUBTRACT, EXP	6.575e-08	0.769139	7.2	ConditionalExpression[Extension`TwoArcApproximationBeamDetectionConstant == -2*\[FormalA] - \[FormalB] + 2*Pi - Cos[\[FormalB]/2] + Sec[\[FormalB]/2] + 2*Tan[\[FormalA]/2] + Sin[\[FormalB]/2]*Tan[\[FormalA]/2], \[FormalA] == 4*ArcTan[Sqrt[\[FormalC]]] && \[FormalB] == 2*ArcSin[2*Cos[\[FormalA]]] && \[FormalB] == 2*ArcSin[2*Cos[\[FormalA]]] && \[FormalC] == Root[1 + 65*\[FormalX] - 2139*\[FormalX]^2 + 20476*\[FormalX]^3 - 78054*\[FormalX]^4 + 126214*\[FormalX]^5 - 78054*\[FormalX]^6 + 20476*\[FormalX]^7 - 2139*\[FormalX]^8 + 65*\[FormalX]^9 + \[FormalX]^10, \[FormalX], 4]]
1274	second moment of the reciprocal gamma distribution	none	64	not found	6	GOLDENRATIO, LOG, ARCCOS, SQRT, FIVE, DIVIDE	7.110e-08	0.765502	7.1	
1275	unique solution > 1 of the equation x*log(x)=2(x-1)	none	64	not found	6	FOUR, NEG, COS, ARCTANH, ARCCOS, PLUS	2.311e-07	0.710685	6.6	
1276	xi_3 = 5*G, the volume of an ideal hyperbolic cube, where G is Gieseking's constant	none	64	not found	6	PI, ARCTAN, EULER, COSH, TAN, TIMES	6.776e-07	0.660647	6.2	
1277	'lambda', a Sobolev isoperimetric constant related to the "rod inequality", arising from the elasticity study of a rod t	none	64	not found	6	FIVE, NINE, THREE, ARCTAN, DIVIDE, PLUS	5.314e-07	0.671949	6.3	
1278	Lower limit of backward value of 5^n	none	64	not found	6	SEVEN, ARCSINH, ARCCOSH, SQRT, SINH, EXP	4.366e-07	0.681093	6.4	
1279	hypersphere maximal volume dimension constant	special	64	not found	6	THREE, ARCSINH, ARCCOSH, TWO, DIVIDE, EXP	3.662e-07	0.689273	6.4	Root[{-2 + Log[Pi]*#1 - PolyGamma[0, #1/2]*#1 & , 5.25694640486057678013283838869`29.720733549361597}]
1280	2*Pi^2*log(2) - 7*zeta(3)	special	64	not found	6	TWO, SEVEN, ARCCOSH, TIMES, SINH, ARCCOSH	3.116e-08	0.803868	7.5	2Pi^2Log[2]-7Zeta[3]
1281	log 648000/π	elementary	64	not found	6	SIX, ARCTAN, EULER, SIX, SUBTRACT, POWER	5.994e-07	0.66635	6.2	Log10[648000/Pi]
1282	Pi*csc(Pi/5)	elementary	64	exact	6	FIVE, PI, DIVIDE, SIN, PI, DIVIDE	1.110e-16	1.7086	64.0	Pi*Csc[Pi/5]
1283	sqrt(29)	algebraic	64	exact	5	FOUR, FIVE, SQR, PLUS, SQRT	0.000e+00	0.12851	64.0	Sqrt[29]
1284	analog of Lévy's constant in case of the nearest integer continued fraction of -1/2<x<1/2	elementary	64	not found	6	SIX, SINH, SEVEN, SQR, PLUS, LOG	2.744e-07	0.702687	6.6	Exp[Pi^2/(12*Log[GoldenRatio])]
1285	sqrt(31)	algebraic	64	exact	5	FIVE, SIX, SQR, SUBTRACT, SQRT	0.000e+00	0.12851	64.0	Sqrt[31]
1286	pi^(3/2)	elementary	64	exact	4	PI, PI, SQRT, TIMES	1.110e-16	2.5629	64.0	Pi^(3/2)
1287	1000^(1/4)	algebraic	64	exact	6	THREE, THREE, ARCSINH, COSH, SQRT, POWER	1.110e-16	1.7086	64.0	1000^(1/4)
1288	a constant related to A000151	none	64	not found	6	FOUR, SEVEN, ARCSINH, COS, COSH, TIMES	5.860e-07	0.667407	6.2	
1289	c for which b(n+1) = c^(b(n)/n) neither explodes nor converges (A278453)	none	64	not found	6	GOLDENRATIO, EIGHT, TWO, ARCCOSH, PLUS, DIVIDE	1.238e-07	0.739705	6.9	
1290	'lambda', a Sobolev isoperimetric constant related to the "membrane inequality", arising from the study of a vibrating m	none	64	not found	6	PI, TWO, INV, PI, SUBTRACT, PLUS	1.134e-07	0.743795	6.9	
1291	zeta(3/4) * Product_{p prime} (1 + 1/p^(5/4) - 1/p^2 - 1/p^(9/4)) (negated)	none	64	not found	6	SEVEN, ARCTAN, LOG, SQR, SIX, SUBTRACT	7.197e-08	0.76494	7.1	
1292	sqrt(37)	algebraic	64	exact	3	SIX, ARCSINH, COSH	2.220e-16	3.352724	64.0	Sqrt[37]
1293	Tau	elementary	64	exact	3	PI, PI, PLUS	0.000e+00	0.214183	64.0	2*Pi
1294	2 Pi/sin(arctan(2 Pi))	elementary	64	exact	5	PI, PI, PLUS, ARCSINH, COSH	0.000e+00	0.12851	64.0	2*Pi/Sin[ArcTan[2*Pi]]
1295	sqrt(41)	algebraic	64	exact	5	FIVE, SIX, SQR, PLUS, SQRT	0.000e+00	0.12851	64.0	Sqrt[41]
1296	sqrt(43)	algebraic	64	exact	5	SIX, SEVEN, SQR, SUBTRACT, SQRT	0.000e+00	0.12851	64.0	Sqrt[43]
1297	Froda constant	elementary	64	exact	3	EULER, TWO, POWER	1.110e-16	3.4172	64.0	2^E
1298	(real) period of the elliptic function sn(x,1/2)	special	64	not found	6	PI, LOG, SIN, SQRT, EXP, SQR	5.571e-07	0.669755	6.3	8*EllipticK[-1/3]/Sqrt[3]
1299	sqrt(47)	algebraic	64	exact	5	TWO, SEVEN, SQR, SUBTRACT, SQRT	0.000e+00	0.12851	64.0	Sqrt[47]
1300	3ln(10)	elementary	64	exact	6	THREE, NEG, NINE, SUBTRACT, LOG, TIMES	2.220e-16	1.676362	64.0	3*Log[10]
1301	John constant upper bound	special	64	not found	6	NINE, PI, DIVIDE, SEVEN, POWER, EXP	1.037e-07	0.747955	7.0	ConditionalExpression[Extension`JohnConstantUpperBound == Exp[\[FormalLambda]*Pi], Pi/Exp[2*\[FormalLambda]*Pi] == Sum[(\[FormalK]*Exp[-1/2*(\[FormalK]*Pi)/\[FormalLambda]])/(\[FormalK]^2 + \[FormalLambda]^2), {\[FormalK], 1, Infinity}]]
1302	hypersphere maximal surface area dimension constant	special	64	not found	6	SEVEN, SEVEN, SQR, LOG, INV, PLUS	3.812e-07	0.687404	6.4	Root[{Log[Pi] - PolyGamma[0, #1/2] & , 7.25694640486057678013283838869`29.860753915673623}]
1303	sqrt(53)	algebraic	64	exact	5	FOUR, SEVEN, SQR, PLUS, SQRT	0.000e+00	0.12851	64.0	Sqrt[53]
1304	c_o, coefficient associated with the asymptotic evaluation c_o*2^(n^2/4) of the number of subspaces of the n-dimensional	none	64	not found	6	SEVEN, EULER, SQR, ARCCOSH, INV, PLUS	1.105e-08	0.852106	8.0	
1305	c_e, coefficient associated with the asymptotic evaluation c_e*2^(n^2/4) of the number of subspaces of the n-dimensional	none	64	not found	6	FOUR, TAN, EULER, ARCSINH, EXP, POWER	1.609e-07	0.72751	6.8	
1306	e^2	elementary	64	exact	2	EULER, SQR	1.110e-16	5.1258	64.0	E^2
1307	sqrt(59)	algebraic	64	exact	5	FIVE, EIGHT, SQR, SUBTRACT, SQRT	0.000e+00	0.12851	64.0	Sqrt[59]
1308	digital search tree θ constant	special	64	not found	6	EULER, THREE, TANH, FIVE, DIVIDE, PLUS	1.344e-07	0.735897	6.9	Sum[(2^(((-1 + \[FormalK])*\[FormalK])/2)*\[FormalK]*Sum[(-1 + 2^\[FormalI])^(-1), {\[FormalI], 1, \[FormalK]}])/Product[-1 + 2^\[FormalJ], {\[FormalJ], 1, \[FormalK]}], {\[FormalK], 1, Infinity}]
1309	sqrt(61)	algebraic	64	exact	5	THREE, EIGHT, SQR, SUBTRACT, SQRT	0.000e+00	0.12851	64.0	Sqrt[61]
1310	Sierpiński's third constant, K3 = lim_{n->oo} ((1/n) * (Sum_{i=1..n} (A004018(i))^2) - 4 * log(n))	special	64	not found	5	SEVEN, TAN, SQRT, NINE, SUBTRACT	4.245e-09	1.075901	8.4	4/3 (24*Log[Gamma[3/4]] - 12*Log[Pi] + 72*Log[Glaisher] - 5*Log[2] + 6*EulerGamma - 3)
1311	sqrt(67)	algebraic	64	exact	5	THREE, EIGHT, SQR, PLUS, SQRT	0.000e+00	0.12851	64.0	Sqrt[67]
1312	sqrt(71)	algebraic	64	exact	5	SEVEN, EIGHT, SQR, PLUS, SQRT	0.000e+00	0.12851	64.0	Sqrt[71]
1313	sqrt(73)	algebraic	64	exact	5	EIGHT, NINE, SQR, SUBTRACT, SQRT	0.000e+00	0.12851	64.0	Sqrt[73]
1314	polygon circumscription constant	special	64	not found	6	TWO, GOLDENRATIO, ARCSINH, COSH, EXP, PLUS	3.062e-08	0.804686	7.5	Product[Sec[Pi/\[FormalK]], {\[FormalK], 3, Infinity}]
1315	sqrt(79)	algebraic	64	exact	5	TWO, NINE, SQR, SUBTRACT, SQRT	0.000e+00	0.12851	64.0	Sqrt[79]
1316	sqrt(83)	algebraic	64	exact	5	TWO, NINE, SQR, PLUS, SQRT	0.000e+00	0.12851	64.0	Sqrt[83]
1317	4ln(10)	elementary	64	exact	6	FOUR, NEG, NINE, SUBTRACT, LOG, TIMES	0.000e+00	0.107091	64.0	4*Log[10]
1318	Varga's constant	none	64	not found	6	GOLDENRATIO, FOUR, SIN, PLUS, EIGHT, DIVIDE	1.621e-07	0.727166	6.8	
1319	3pi	elementary	64	exact	3	PI, THREE, TIMES	0.000e+00	0.214183	64.0	3*Pi
1320	sqrt(89)	algebraic	64	exact	5	EIGHT, NINE, SQR, PLUS, SQRT	0.000e+00	0.12851	64.0	Sqrt[89]
1321	Wagon's constant	none	64	not found	6	THREE, INV, COS, SIN, EXP, EXP	2.648e-08	0.811434	7.6	
1322	Product_{p prime} (1 + 1/p^(5/4) + 1/p^(3/2) + 1/p^(7/4))	none	64	not found	6	NINE, SEVEN, ARCTAN, GAMMA, DIVIDE, GAMMA	1.558e-06	0.62193	5.8	
1323	sqrt(97)	algebraic	64	exact	6	TWO, SEVEN, ARCCOSH, TIMES, COSH, SQRT	2.220e-16	1.676362	64.0	Sqrt[97]
1324	π^2	elementary	64	exact	2	PI, SQR	0.000e+00	0.321274	64.0	Pi^2
1325	smallest number > 1 with the same digits in decimal and binary	none	64	not found	6	FIVE, TWO, SIN, SIX, POWER, PLUS	7.672e-07	0.654872	6.1	
1326	2*zeta(3/2)^4/(3*sqrt(2*Pi)*zeta(3))	special	64	not found	6	THREE, ARCTAN, GOLDENRATIO, FOUR, TIMES, POWER	1.087e-06	0.63865	6.0	2*Zeta[3/2]^4/(3*Sqrt[2*Pi]*Zeta[3])
1327	e^(Pi^2/(6*log(2)))	elementary	64	not found	6	THREE, EULER, SQRT, ARCSINH, EXP, TIMES	1.933e-07	0.718997	6.7	E^(Pi^2/(6Log[2]))
1328	z_c = phi^5 (where phi is the golden ratio), a lattice statistics constant which is the exact value of the critical acti	algebraic	64	exact	3	FIVE, GOLDENRATIO, POWER	2.220e-16	3.352724	63.5	GoldenRatio^5
1329	5ln(10)	elementary	64	exact	6	FIVE, NEG, NINE, SUBTRACT, LOG, TIMES	2.220e-16	1.676362	63.4	5*Log[10]
1330	4pi	elementary	64	exact	3	PI, FOUR, TIMES	0.000e+00	0.428366	64.0	4*Pi
1331	6ln(10)	elementary	64	exact	6	SIX, NEG, NINE, SUBTRACT, LOG, TIMES	2.220e-16	1.676362	63.5	6*Log[10]
1332	Imaginary part of first non-trivial zero of zeta function	special	64	not found	6	FOUR, TANH, ARCTAN, COSH, EXP, SQR	9.686e-07	0.644034	6.0	Im[ZetaZero[1]]
1333	Product_{j>=1, j!=2} zeta(j/2) (negated)	none	64	not found	6	TWO, LOG, SIN, NEG, SUBTRACT, TAN	8.251e-08	0.758582	7.1	
1334	exponential reiterated constant	elementary	64	exact	2	EULER, EXP	1.110e-16	5.1258	63.6	E^E
1335	5pi	elementary	64	exact	3	PI, FIVE, TIMES	0.000e+00	0.428366	64.0	5*Pi
1336	7ln(10)	elementary	64	exact	6	SEVEN, NEG, NINE, SUBTRACT, LOG, TIMES	0.000e+00	0.214183	63.7	7*Log[10]
1337	Product_{p prime} (1 + 1/p^(6/5) + 1/p^(7/5) - 1/p^2 - 1/p^(11/5) - 1/p^(12/5)) (negated)	none	64	not found	6	FIVE, FIVE, ARCTAN, TANH, SUBTRACT, SQR	1.643e-06	0.61946	5.8	
1338	8ln(10)	elementary	64	exact	6	EIGHT, NEG, NINE, SUBTRACT, LOG, TIMES	0.000e+00	0.214183	63.9	8*Log[10]
1339	6pi	elementary	64	exact	3	PI, SIX, TIMES	0.000e+00	0.428366	63.7	6*Pi
1340	Product_{p prime} (1 + 1/p^(6/5) + 1/p^(7/5) + 1/p^(8/5) + 1/p^(9/5))	none	64	not found	6	GOLDENRATIO, SIN, TANH, EXP, FOUR, POWER	1.803e-06	0.615135	5.7	
1341	e^pi - pi	elementary	64	exact	4	PI, PI, EXP, SUBTRACT	2.220e-16	2.514543	63.9	E^Pi - Pi
1342	e^3	elementary	64	exact	2	THREE, EXP	0.000e+00	0.642549	64.0	E^3
1343	9ln(10)	elementary	64	exact	6	NINE, NEG, NINE, SUBTRACT, LOG, TIMES	2.220e-16	1.676362	64.0	9*Log[10]
1344	imaginary part of 2nd nontrivial zero of Riemann zeta function	none	64	not found	6	SIX, EULER, ONE, ARCTAN, PLUS, TIMES	1.918e-06	0.612267	5.7	
1345	7pi	elementary	64	exact	3	PI, SEVEN, TIMES	0.000e+00	0.428366	63.8	7*Pi
1346	pi pow e	elementary	64	exact	3	EULER, PI, POWER	1.110e-16	3.4172	63.7	Pi^E
1347	Gelfond's constant	elementary	64	exact	2	PI, EXP	1.110e-16	5.1258	64.0	E^Pi
1348	imaginary part of 3rd nontrivial zero of Riemann zeta function	none	64	not found	6	SEVEN, SIX, SQRT, SQRT, TAN, DIVIDE	6.612e-07	0.661787	6.2	
1349	8pi	elementary	64	exact	3	PI, EIGHT, TIMES	0.000e+00	0.428366	64.0	8*Pi
1350	9pi	elementary	64	exact	3	PI, NINE, TIMES	0.000e+00	0.428366	64.0	9*Pi
1351	pi cubed	elementary	64	exact	3	THREE, PI, POWER	1.110e-16	3.4172	63.9	Pi^3
1352	π^π	elementary	64	exact	3	PI, PI, POWER	2.220e-16	3.352724	64.0	Pi^Pi
1353	e^4	elementary	64	exact	2	FOUR, EXP	0.000e+00	0.642549	64.0	E^4
1354	radian	elementary	64	exact	6	PI, FOUR, SEVEN, GAMMA, DIVIDE, DIVIDE	0.000e+00	0.214183	64.0	180/Pi
1355	pi^4	elementary	64	exact	3	FOUR, PI, POWER	3.331e-16	3.315009	64.0	Pi^4
1356	Product_{j>=1, j!=3} zeta(j/3)	none	64	not found	6	SEVEN, ARCSINH, ARCSINH, SIX, SINH, DIVIDE	2.948e-06	0.592271	5.5	
1357	Golden angle degrees	algebraic	64	not found	6	PI, FIVE, ARCCOSH, ARCSINH, EXP, POWER	1.659e-06	0.619001	5.8	180*(3 - Sqrt[5])
1358	e^5	elementary	64	exact	2	FIVE, EXP	0.000e+00	0.963823	64.0	E^5
1359	pi^5	elementary	64	exact	3	FIVE, PI, POWER	2.220e-16	3.352724	64.0	Pi^5
1360	e^6	elementary	64	exact	2	SIX, EXP	0.000e+00	0.963823	64.0	E^6
1361	e^(2pi)	elementary	64	exact	3	PI, EXP, SQR	2.220e-16	3.352724	64.0	E^(2*Pi)
1362	Jenny constant	elementary	64	not found	6	FIVE, TAN, COSH, ARCSINH, EXP, SQR	3.333e-07	0.69365	6.5	(-9 + 7^(-E^(-1) + E))*Pi^2
1363	pi^6	elementary	64	exact	3	SIX, PI, POWER	2.220e-16	3.352724	64.0	Pi^6
1364	e^7	elementary	64	exact	2	SEVEN, EXP	0.000e+00	1.285097	63.7	E^7
1365	e^8	elementary	64	exact	2	EIGHT, EXP	0.000e+00	1.285097	63.9	E^8
1366	pi^7	elementary	64	exact	3	SEVEN, PI, POWER	3.331e-16	3.315009	63.9	Pi^7
1367	10800/π	elementary	64	not found	5	EIGHT, SINH, TAN, COSH, SQR	9.234e-06	0.646995	5.0	10800/Pi
1368	e^9	elementary	64	exact	2	NINE, EXP	0.000e+00	1.285097	64.0	E^9
1369	Gram point crossover constant	special	64	not found	6	FOUR, TAN, COS, GAMMA, EXP, EXP	3.464e-06	0.584765	5.5	Root[{-RiemannSiegelTheta[#1] + Pi*#1 & , 9146.69819317145926586619766347`29.961264349227967}]
1370	pi^8	elementary	64	exact	3	EIGHT, PI, POWER	3.331e-16	3.315009	64.0	Pi^8
1371	e^(3pi)	elementary	64	exact	4	PI, THREE, EXP, POWER	3.331e-16	2.486256	63.6	E^(3*Pi)
1372	e^10	elementary	64	exact	3	FIVE, EXP, SQR	1.110e-16	3.4172	63.7	E^10
1373	pi^9	elementary	64	exact	3	NINE, PI, POWER	3.331e-16	3.315009	64.0	Pi^9
1374	pi^10	elementary	64	exact	4	FIVE, PI, SQR, POWER	3.331e-16	2.486256	64.0	Pi^10
1375	648000/π	elementary	64	not found	6	PI, SEVEN, SQRT, SINH, SQR, POWER	5.314e-05	0.457771	4.3	648000/Pi
1376	e^(4pi)	elementary	64	exact	4	PI, FOUR, EXP, POWER	5.551e-16	2.450619	64.0	E^(4*Pi)
1377	e^(5pi)	elementary	64	exact	4	PI, FIVE, EXP, POWER	6.661e-16	2.4379	64.0	E^(5*Pi)
1378	e^(6pi)	elementary	64	exact	4	PI, SIX, EXP, POWER	7.772e-16	2.427146	63.9	E^(6*Pi)
1379	e^(7pi)	elementary	64	exact	4	PI, SEVEN, EXP, POWER	1.221e-15	2.395613	64.0	E^(7*Pi)
1380	e^(8pi)	elementary	64	exact	4	PI, EIGHT, EXP, POWER	1.110e-15	2.402263	64.0	E^(8*Pi)
1381	e^(9pi)	elementary	64	exact	4	PI, NINE, EXP, POWER	9.992e-16	2.409613	64.0	E^(9*Pi)
1382	e^(10pi)	elementary	64	exact	5	PI, FIVE, EXP, SQR, POWER	1.554e-15	1.903031	64.0	E^(10*Pi)
1383	Ramanujan's constant	elementary	64	not found	6	FIVE, LOG, THREE, SINH, POWER, SINH	1.290e-04	0.416506	3.9	E^(Sqrt[163]*Pi)
