id	name	class	digits	verdict	K	RPN	REL_ERR	CR	agree	formula
1	conic constant	elementary	64	exact	4	NEG, EULER, SQR, TIMES	1.110e-16	2.5629	64.0	-E^2
2	log π/648000	elementary	64	not found	7	SIX, NINE, LOG, SIN, ARCSINH, ARCSINH, SUBTRACT	4.337e-08	0.675853	7.4	Log10[Pi/648000]
3	log π/10800	elementary	64	not found	7	FOUR, FIVE, EXP, ARCTAN, LOG, ARCSIN, SUBTRACT	6.951e-08	0.657046	7.2	Log10[Pi/10800]
4	log e^(-2π)	elementary	64	exact	6	THREE, ARCTAN, COS, LOG, PI, DIVIDE	0.000e+00	0.107091	64.0	Log10[E^(-2*Pi)]
5	(1 + 1/e)/(1/e - 1) = -coth(1/2)	elementary	64	exact	5	TWO, NEG, DIVIDE, TANH, INV	0.000e+00	0.12851	63.9	(1 + 1/E)/(1/E - 1)
6	Madelung 6D square lattice constant	special	64	not found	7	ONE, TAN, FIVE, COS, POWER, ARCSINH, LOG	3.107e-08	0.689145	7.5	(3*(4*DirichletBeta[5/2]*(-1 + Sqrt[2])*Zeta[1/2] - DirichletBeta[1/2]*(-1 + 4*Sqrt[2])*Zeta[5/2]))/Pi^2
7	Madelung 4D square lattice constant	special	64	not found	7	FOUR, EXP, ARCTAN, SIX, TAN, SIN, SUBTRACT	4.978e-08	0.67036	7.3	-8*(5 - 3*Sqrt[2])*Zeta[-1/2]*Zeta[1/2]
8	log π/180	elementary	64	not found	7	SIX, COSH, COS, NEG, DIVIDE, ARCSINH, TAN	1.900e-09	0.800556	8.7	Log10[Pi/180]
9	Madelung 2D square lattice constant	special	64	not found	7	GOLDENRATIO, SINH, GAMMA, ARCCOSH, ARCTAN, NEG, SUBTRACT	1.160e-08	0.728408	7.9	4*DirichletBeta[1/2]*(-1 + Sqrt[2])*Zeta[1/2]
10	Bateman-Grosswald constant	special	64	not found	7	PI, FOUR, COS, SEVEN, TANH, SUBTRACT, SUBTRACT	2.167e-08	0.703504	7.7	Zeta[2/3]/Zeta[2]
11	log e^(-π)	elementary	64	exact	7	TWO, FIVE, INV, DIVIDE, LOG, PI, DIVIDE	0.000e+00	0.091793	64.0	Log10[E^(-Pi)]
12	log 1/4π	elementary	64	not found	7	THREE, ARCSINH, LOG, PI, GAMMA, COS, DIVIDE	3.565e-08	0.683662	7.4	Log10[1/(4*Pi)]
13	generalized Stirling constant	special	64	not found	7	THREE, LOG, COSH, LOG, INV, TAN, GAMMA	3.701e-08	0.682179	7.4	EulerGamma^2/4 - Pi^2/48 + StieltjesGamma[1]/2 - Log[2*Pi]^2/4
14	Neg	rational	64	exact	1	NEG	0.000e+00	0.642549	64.0	-1
15	log 1/π^2	elementary	64	exact	7	THREE, ARCTAN, COS, LOG, PI, LOG, DIVIDE	2.220e-16	1.436882	64.0	Log10[1/Pi^2]
16	log 1/3π	elementary	64	not found	7	SEVEN, SQRT, THREE, ARCTAN, DIVIDE, LOG, ARCTANH	1.936e-08	0.708004	7.7	Log10[1/(3*Pi)]
17	zeta'(2)	special	64	not found	7	PI, COSH, SQR, ARCSINH, TAN, SIN, ARCTANH	2.450e-08	0.69862	7.6	Derivative[1][Zeta][2]
18	log 1/e^2	elementary	64	exact	5	THREE, ARCTAN, COS, LOG, INV	2.220e-16	2.011635	64.0	Log10[1/E^2]
19	log 1/2π	elementary	64	not found	7	PI, LOG, GOLDENRATIO, SQRT, PLUS, TAN, ARCSINH	5.037e-08	0.669886	7.3	Log10[1/(2*Pi)]
20	infinite tetration of reciprocal root 2	special	64	not found	7	EULER, PI, EULER, DIVIDE, COSH, POWER, TAN	4.886e-08	0.6711	7.3	(-2*ProductLog[Log[2]/2])/Log[2]
21	log e^(-π/2)	elementary	64	exact	7	NEG, NINE, SUBTRACT, LOG, NEG, ARCSIN, DIVIDE	1.110e-16	1.464514	64.0	Log10[E^(-Pi/2)]
22	Granville-Soundararajan constant	special	64	not found	7	EIGHT, ARCSINH, GAMMA, INV, TANH, LOG, ARCSIN	5.118e-09	0.761044	8.3	1 + Pi^2/3 + 4*PolyLog[2, -Sqrt[E]]
23	ln(gamma)	special	64	not found	7	NINE, TANH, GAMMA, GAMMA, ARCTANH, NINE, SUBTRACT	1.642e-08	0.714565	8.0	Log[EulerGamma]
24	log 1/π	elementary	64	not found	7	SIX, TAN, EIGHT, SUBTRACT, LOG, COS, ARCSINH	4.350e-09	0.767527	8.4	Log10[1/Pi]
25	log 1/e	elementary	64	exact	6	TWO, FIVE, INV, DIVIDE, LOG, INV	2.220e-16	1.676362	64.0	Log10[1/E]
26	log Sqrt[1/2π]	elementary	64	not found	7	PI, SIX, POWER, SIN, TANH, SIN, LOG	3.068e-08	0.689647	7.5	Log10[Sqrt[1/(2*Pi)]]
27	ln ln two	elementary	64	exact	3	TWO, LOG, LOG	0.000e+00	0.0	64.0	Log[Log[2]]
28	log M = log e	elementary	64	not found	7	TWO, ARCSINH, ARCTAN, ARCTANH, EXP, COSH, COS	3.266e-08	0.687155	7.5	Log10[Log10[E]]
29	log π/6	elementary	64	not found	7	GOLDENRATIO, SIN, COS, ARCSINH, EIGHT, COS, DIVIDE	9.124e-09	0.737997	8.0	Log10[Pi/6]
31	Airy function constant	special	64	not found	7	NEG, FOUR, NINE, DIVIDE, LOG, ARCSINH, PLUS	4.172e-08	0.677394	7.4	-(1/(3^(1/3)*Gamma[1/3]))
32	log Sqrt[1/π]	elementary	64	not found	7	THREE, NEG, DIVIDE, SIN, GAMMA, INV, ARCTANH	9.962e-08	0.642701	7.0	Log10[Sqrt[1/Pi]]
33	log γ	special	64	not found	7	SEVEN, LOG, COSH, LOG, ARCCOSH, SINH, LOG	1.055e-08	0.732214	8.0	Log10[EulerGamma]
34	log Sqrt[1/e]	elementary	64	exact	7	FOUR, THREE, ARCTAN, COS, LOG, INV, DIVIDE	2.220e-16	1.436882	64.0	Log10[Sqrt[1/E]]
35	log Cbrt[3/4π]	elementary	64	not found	7	GOLDENRATIO, SEVEN, SQRT, SUBTRACT, SQR, ARCTAN, LOG	1.010e-07	0.642137	7.0	Log10[CubeRoot[3/(4*Pi)]]
36	log 2/π	elementary	64	not found	7	EIGHT, SEVEN, SINH, FOUR, SUBTRACT, ARCTAN, DIVIDE	9.237e-08	0.645714	7.0	Log10[2/Pi]
37	log Cbrt[1/π]	elementary	64	not found	7	NEG, TANH, SIX, LOG, SIN, SUBTRACT, COS	6.187e-09	0.753479	8.2	Log10[CubeRoot[1/Pi]]
38	log Cbrt[1/e]	elementary	64	exact	7	SIX, THREE, ARCTAN, COS, LOG, INV, DIVIDE	0.000e+00	0.0	63.8	Log10[CubeRoot[1/E]]
39	ln(Gamma(4/3))	special	64	exact	5	THREE, FOUR, DIVIDE, GAMMA, LOG	1.554e-15	1.903031	63.4	LogGamma[4/3]
40	log π/4	elementary	64	not found	7	SIX, GOLDENRATIO, SQRT, EXP, EXP, COS, DIVIDE	5.492e-08	0.66644	7.3	Log10[Pi/4]
41	ln(Gamma(5/3))	special	64	exact	5	THREE, FIVE, DIVIDE, GAMMA, LOG	1.443e-15	1.907167	63.9	LogGamma[5/3]
42	ln(Gamma(5/4))	special	64	exact	6	FOUR, FOUR, INV, GAMMA, DIVIDE, LOG	1.554e-15	1.585859	64.0	LogGamma[5/4]
43	log Sqrt[2/π]	elementary	64	not found	7	SIX, TWO, EXP, DIVIDE, ARCSINH, ARCSINH, LOG	3.457e-08	0.684892	7.5	Log10[Sqrt[2/Pi]]
44	ln(Gamma(7/4))	special	64	exact	5	FOUR, SEVEN, DIVIDE, GAMMA, LOG	1.332e-15	1.911635	64.0	LogGamma[7/4]
45	Stieltjes constant	special	64	not found	7	EULER, COS, ARCTAN, NEG, ARCTAN, SUBTRACT, ARCSIN	5.708e-08	0.664901	7.2	1 + EulerGamma^2 - Pi^2/8 + 2*StieltjesGamma[1]
46	Gauchman constant	special	64	not found	7	FIVE, COS, FIVE, SUBTRACT, ARCTAN, SIN, LOG	3.158e-07	0.596705	6.5	ConditionalExpression[Extension`GauchmanConstant == \[FormalX], E^(\[FormalU]/2) + 2*E^\[FormalU] + E^((3*\[FormalU])/2) + E^(\[FormalU] + \[FormalV]) == E^\[FormalV] + 2*E^(\[FormalU]/2 + \[FormalV]) && 2*(1 + \[FormalX] + E^(\[FormalU]/2 - \[FormalV])) == 4/E^(\[FormalU]/2) + (-2 + \[FormalU])/E^\[FormalV] && 1 + \[FormalU] + 6*E^(\[FormalU]/2) + 4*E^\[FormalU] + 4*E^(\[FormalU]/2 + \[FormalV]) == \[FormalV] + 9*E^\[FormalV] && -1/40 < \[FormalX] < 0]
47	log 3/π	elementary	64	not found	7	THREE, GOLDENRATIO, INV, GAMMA, SUBTRACT, TAN, INV	5.706e-07	0.573123	6.2	Log10[3/Pi]
48	Zero	rational	64	exact	2	PI, SIN	1.225e-16	0.0	64.0	0
49	e^(-10pi)	elementary	64	exact	6	PI, NINE, NEG, SUBTRACT, EXP, POWER	1.554e-15	1.585859	64.0	E^(-10*Pi)
50	e^(-9pi)	elementary	64	exact	5	PI, NINE, EXP, INV, POWER	6.661e-16	1.95032	64.0	E^(-9*Pi)
51	'chi', a constant appearing in the asymptotic variance of the number of comparisons required for updating a digital sear	none	64	not found	7	PI, FOUR, EXP, GOLDENRATIO, POWER, INV, DIVIDE	6.759e-06	0.474577	5.2	
52	e^(-8pi)	elementary	64	exact	5	PI, EIGHT, EXP, INV, POWER	1.110e-15	1.92181	63.9	E^(-8*Pi)
53	e^(-7pi)	elementary	64	exact	5	PI, SEVEN, EXP, INV, POWER	8.882e-16	1.934264	64.0	E^(-7*Pi)
54	e^(-6pi)	elementary	64	exact	5	PI, SIX, EXP, INV, POWER	6.661e-16	1.95032	64.0	E^(-6*Pi)
55	e^(-5pi)	elementary	64	exact	5	PI, FIVE, EXP, INV, POWER	4.441e-16	1.972949	63.6	E^(-5*Pi)
56	e^(-4pi)	elementary	64	exact	5	PI, FOUR, EXP, INV, POWER	6.661e-16	1.95032	64.0	E^(-4*Pi)
57	1 arcsecond in radians	elementary	64	not found	7	FOUR, NEG, ARCTAN, GAMMA, EXP, SQR, DIVIDE	9.466e-07	0.552942	6.0	Pi/648000
58	pi^-10	elementary	64	exact	5	FIVE, PI, INV, SQR, POWER	8.882e-16	1.934264	63.5	Pi^(-10)
59	pi^-9	elementary	64	exact	4	NINE, PI, INV, POWER	6.661e-16	2.4379	63.8	Pi^(-9)
60	e^-10	elementary	64	exact	4	NINE, NEG, SUBTRACT, EXP	0.000e+00	-0.642549	64.0	E^(-10)
61	e^(-3pi)	elementary	64	exact	5	PI, THREE, EXP, INV, POWER	4.441e-16	1.972949	64.0	E^(-3*Pi)
62	pi^-8	elementary	64	exact	4	EIGHT, PI, INV, POWER	4.441e-16	2.466187	63.5	Pi^(-8)
63	sum_{r in Z}(1/r^3) where Z is the set of all nontrivial zeros r of the Riemann zeta function	special	64	not found	7	FIVE, SQR, FOUR, SIN, GOLDENRATIO, POWER, POWER	1.886e-06	0.525458	5.7	-(-7*Zeta[3]/8 + EulerGamma^3 + 3*EulerGamma*StieltjesGamma[1] + 3/2*StieltjesGamma[2] + 1)
64	e^-9	elementary	64	exact	3	NINE, EXP, INV	2.220e-16	3.352724	63.4	E^(-9)
65	6th du Bois-Reymond constant	none	64	not found	7	SIX, TAN, TANH, ARCCOS, SINH, SIN, SQR	1.546e-06	0.533377	5.8	
66	1 arcminute in radians	elementary	64	not found	7	NINE, SINH, PI, TANH, GAMMA, SINH, DIVIDE	8.962e-08	0.646917	7.0	Pi/10800
67	pi^-7	elementary	64	exact	4	SEVEN, PI, INV, POWER	4.441e-16	2.466187	64.0	Pi^(-7)
68	e^-8	elementary	64	exact	3	EIGHT, EXP, INV	0.000e+00	-0.642549	64.0	E^(-8)
69	zeta'(-5) (the derivative of Riemann's zeta function at -5) (negated)	special	64	not found	7	SIX, THREE, NEG, ARCTAN, SUBTRACT, GAMMA, POWER	1.617e-07	0.623396	6.8	-(Zeta'[-5])
70	zeta'(-7) (the derivative of Riemann's zeta function at -7) (negated)	special	64	not found	7	EULER, THREE, ARCSINH, TAN, EIGHT, POWER, TIMES	4.614e-07	0.581588	6.3	-(Zeta'[-7])
71	5th Stieltjes constant gamma_5	special	64	not found	7	EIGHT, LOG, EIGHT, GAMMA, PLUS, FOUR, DIVIDE	4.274e-07	0.58464	6.4	-(-StieltjesGamma[5])
72	e^-7	elementary	64	exact	3	SEVEN, EXP, INV	0.000e+00	-0.642549	64.0	E^(-7)
73	pi^-6	elementary	64	exact	4	SIX, PI, INV, POWER	4.441e-16	2.466187	63.5	Pi^(-6)
74	5th du Bois-Reymond constant	none	64	not found	7	EULER, EXP, SQR, FOUR, ARCTAN, COS, DIVIDE	7.687e-08	0.653033	7.1	
75	Heath-Brown–Moroz constant	special	64	not found	7	GOLDENRATIO, SQR, COSH, GOLDENRATIO, SQR, INV, POWER	8.518e-07	0.557152	6.1	Product[(1 - Prime[n]^(-1))^7*(1 + (1 + 7*Prime[n])/Prime[n]^2), {n, 1, Infinity}]
76	e^(-2pi)	elementary	64	exact	4	PI, EXP, INV, SQR	0.000e+00	-0.321274	63.8	E^(-2*Pi)
77	'mu', a Sobolev isoperimetric constant related to the "rod inequality", arising from the elasticity study of a rod that 	none	64	not found	7	SEVEN, COSH, FIVE, COS, EXP, ARCSINH, DIVIDE	3.016e-08	0.69033	7.5	
78	3rd Stieltjes constant gamma_3	special	64	not found	7	SEVEN, FOUR, LOG, SIN, TIMES, TANH, ARCCOS	5.698e-07	0.573177	6.2	-(-StieltjesGamma[3])
79	4th Stieltjes constant gamma_4	special	64	not found	7	FOUR, INV, ARCTANH, ARCTANH, SQR, COSH, LOG	3.168e-08	0.688368	7.5	-(-StieltjesGamma[4])
80	e^-6	elementary	64	exact	3	SIX, EXP, INV	0.000e+00	-0.428366	64.0	E^(-6)
82	pi^-5	elementary	64	exact	4	FIVE, PI, INV, POWER	2.220e-16	2.514543	64.0	Pi^(-5)
83	16/(9*sqrt(184607))	algebraic	64	not found	7	FIVE, COSH, FIVE, ARCTAN, LOG, TANH, DIVIDE	2.845e-07	0.600873	6.5	16/(9Sqrt[184607])
84	4th du Bois-Reymond constant	elementary	64	not found	7	THREE, ARCCOSH, SQR, GAMMA, ARCTAN, EXP, TAN	1.365e-07	0.630157	6.9	(E^4 - 4E^2 - 25)/8
85	zeta'(-3) (the derivative of Riemann's zeta function at -3)	special	64	not found	7	EULER, SIX, SEVEN, TAN, DIVIDE, TAN, POWER	5.347e-08	0.667503	7.3	Zeta'[-3]
86	zeta'(-6) (the derivative of Riemann's zeta function at -6) (negated)	special	64	not found	7	FIVE, GAMMA, THREE, PI, SUBTRACT, DIVIDE, TAN	5.434e-07	0.575069	6.3	-(Zeta'[-6])
87	zeta''(0)+2, the coefficient of z^2 in the Laurent expansion of zeta(z) at the origin	special	64	not found	7	SIX, GAMMA, TWO, COSH, ARCTAN, INV, DIVIDE	1.474e-06	0.535278	5.8	-(Zeta''[0]+2)
88	e^-5	elementary	64	exact	3	FIVE, EXP, INV	0.000e+00	-0.428366	64.0	E^(-5)
89	Wyler constant	special	64	not found	7	TWO, COS, FOUR, SUBTRACT, LOG, COS, SQR	2.829e-07	0.601096	6.5	(9*(5!^(-1))^(1/4))/(16*Pi^(11/4))
90	zeta'(-4) (the derivative of Riemann's zeta function at -4)	special	64	not found	7	SIX, SQR, FIVE, COS, SIN, TAN, DIVIDE	1.048e-08	0.732455	8.0	Zeta'[-4]
91	zeta'(-8) (the derivative of Riemann's zeta function at -8)	special	64	not found	7	SEVEN, INV, GAMMA, GOLDENRATIO, LOG, POWER, SINH	2.414e-07	0.607415	6.6	Zeta'[-8]
92	sum of the alternating series tau(3), with tau(n) = Sum_{k>0} (-1)^k*log(k)^n/k	none	64	not found	7	EULER, NEG, TAN, THREE, POWER, ARCSINH, POWER	6.142e-08	0.661979	7.2	
93	'mu', an isoperimetric constant associated with the study of a vibrating, homogeneous plate clamped at the boundary of t	none	64	not found	7	PI, SQR, SIN, TWO, DIVIDE, EXP, ARCTANH	8.853e-08	0.647407	7.1	
94	2nd Stieltjes constant gamma_2 (negated)	special	64	not found	7	NEG, SINH, TANH, TWO, DIVIDE, SINH, GAMMA	2.421e-09	0.790889	8.6	-StieltjesGamma[2]
95	pi^-4	elementary	64	exact	4	FOUR, PI, INV, POWER	2.220e-16	2.514543	63.7	Pi^(-4)
96	p_3 (so named by S. Finch), a probability related to Vallée's constant	none	64	not found	7	THREE, FOUR, SINH, ONE, SIN, DIVIDE, DIVIDE	2.229e-07	0.610602	6.7	
97	16/(207*sqrt(53))	algebraic	64	not found	7	SIX, ARCCOSH, FIVE, SQRT, ARCSINH, COS, DIVIDE	1.831e-07	0.618441	6.7	16/(207Sqrt[53])
98	cube tetrahedron-picking constant	elementary	64	not found	7	EULER, EXP, ONE, ARCSIN, ARCSINH, LOG, DIVIDE	2.738e-07	0.6024	6.6	3977/216000 - Pi^2/2160
99	2*zeta(3)/Pi^2 - 11/18 + log(Pi)/3	special	64	not found	7	FOUR, PI, FIVE, TWO, DIVIDE, POWER, DIVIDE	4.103e-07	0.586273	6.4	2Zeta[3]/Pi^2-11/18+Log[Pi]/3
100	b_3, a constant associated with the 3rd Du Bois Reymond constant	none	64	not found	7	EULER, SINH, COSH, FIVE, COS, DIVIDE, SQRT	4.695e-07	0.580893	6.3	
101	tetrahedron tetrahedron-picking constant	elementary	64	not found	7	PI, FOUR, POWER, TAN, PI, DIVIDE, EXP	3.606e-08	0.683211	7.4	13/720 - Pi^2/15015
102	number of radians in one degree	elementary	64	exact	6	FIVE, NINE, ONE, ARCTAN, DIVIDE, DIVIDE	0.000e+00	-0.107091	64.0	Pi/180
103	sum of the alternating series tau(4), with tau(n) = Sum_{k>0} (-1)^k*log(k)^n/k	none	64	not found	7	SIX, TWO, COS, SUBTRACT, TAN, ARCSIN, SQR	3.794e-08	0.681188	7.4	
104	e^-4	elementary	64	exact	3	FOUR, EXP, INV	2.220e-16	3.352724	64.0	E^(-4)
105	log π/3	elementary	64	not found	7	SIX, GAMMA, THREE, COS, TAN, COSH, DIVIDE	2.106e-07	0.612856	6.7	Log10[Pi/3]
106	a Shapiro-Drinfeld constant, known as Gauchman's constant, related to the difference of cyclic sums (negated)	none	64	not found	7	SIX, GOLDENRATIO, LOG, COS, DIVIDE, ARCSIN, SQR	1.050e-07	0.640616	7.0	
107	lambda(1) in Li's criterion	special	64	not found	7	SEVEN, GAMMA, LOG, INV, SQR, ARCSINH, ARCTAN	2.028e-07	0.614364	6.7	EulerGamma/2 + 1 - Log[4 Pi]/2
108	triple integral of ({x/y}{y/z}{z/x})^2 over the unit cube	special	64	not found	7	TWO, SINH, GAMMA, SINH, NEG, COS, DIVIDE	6.047e-07	0.570809	6.2	1 - Zeta[2]/2 - Zeta[3]/2 + 7*Zeta[6]/48 + Zeta[2]*Zeta[3]/18 + Zeta[3]^2/18 + Zeta[3]*Zeta[4]/12
109	sum of the alternating series tau(5), with tau(n) = Sum_{k>0} (-1)^k*log(k)^n/k	none	64	not found	7	FIVE, COS, ARCSINH, SQRT, FIVE, DIVIDE, TAN	8.265e-08	0.650146	7.1	
110	Matthews' constant C_4, an analog of Artin's constant for primitive roots	none	64	not found	7	EULER, ARCCOSH, NINE, POWER, PI, TANH, DIVIDE	1.536e-07	0.62543	6.8	
111	3rd du Bois-Reymond constant	none	64	not found	7	GOLDENRATIO, EXP, GAMMA, NEG, TANH, COS, DIVIDE	3.450e-08	0.684969	7.5	
112	sum of reciprocals of squares of perfect numbers	none	64	not found	7	THREE, ARCSINH, SEVEN, INV, ARCTAN, ARCTANH, POWER	6.652e-08	0.658799	7.2	
113	pi^-3	elementary	64	exact	4	THREE, PI, INV, POWER	2.220e-16	2.514543	63.9	Pi^(-3)
114	1/2 - log(2)/4 - G/Pi, where G = A006752	special	64	not found	7	SIX, NEG, SIN, COS, SUBTRACT, INV, SQR	1.290e-07	0.632386	6.9	1/2-Log[2]/4-Catalan/Pi
115	percolation cluster density constant	algebraic	64	not found	7	NEG, FIVE, EXP, SUBTRACT, COS, ARCTANH, SQR	1.798e-07	0.619153	6.7	-41/16 + (3*Sqrt[3])/2
116	1/4 - 7*zeta(3)/(4*Pi^2)	special	64	not found	7	GOLDENRATIO, EXP, FOUR, ARCCOSH, TANH, DIVIDE, SQR	1.086e-07	0.639276	7.0	1/4-7Zeta[3]/(4Pi^2)
117	a constant 'v' such that the asymptotic variance of the distribution of the longest cycle given a random n-permutation e	none	64	not found	7	FOUR, SINH, TWO, SQRT, SIN, GAMMA, DIVIDE	2.192e-07	0.611265	6.7	
118	H(1/2,1), a constant appearing in the asymptotic variance of the largest component of random mappings on n symbols, expr	none	64	not found	7	THREE, SIX, ARCCOSH, DIVIDE, LOG, SINH, SQR	5.596e-08	0.665689	7.3	
119	'v', a parking constant associated with the asymptotic variance of the number of cars that can be parked in a given inte	none	30	not found	7	GOLDENRATIO, FIVE, EXP, TAN, TIMES, COS, TAN	5.502e-08	0.66637	7.3	
120	Integral_{0..1/2} log(gamma(x+1)) dx (negated)	special	64	not found	7	NINE, TANH, SINH, LOG, COS, COSH, COS	9.114e-09	0.738042	8.0	-(-1/2 - (7/24)*Log[2] + (1/4)*Log[Pi] + (3/2) * Log[Glaisher])
121	e^(-1pi)	elementary	64	exact	3	PI, EXP, INV	0.000e+00	-0.214183	64.0	E^(-1*Pi)
122	16/(9*sqrt(1609))	algebraic	64	not found	7	PI, EULER, SIN, SIN, ARCSINH, TANH, POWER	1.648e-08	0.714435	7.8	16/(9Sqrt[1609])
123	pi^-e	elementary	64	exact	4	EULER, PI, INV, POWER	2.220e-16	2.514543	64.0	Pi^(-E)
124	sum_{r in Z}(1/r^2) where Z is the set of all nontrivial zeros r of the Riemann zeta function	special	64	not found	7	PI, GAMMA, GAMMA, ARCCOSH, GAMMA, ARCCOSH, LOG	4.198e-08	0.677148	7.4	-(-Pi^2/8 + EulerGamma^2 + 2*StieltjesGamma[1] + 1)
125	Mertens constant M(4,3) arising in the formula for the sum of reciprocals of primes p == 1 (mod 4)	none	64	not found	7	GOLDENRATIO, TAN, NINE, TAN, TANH, SUBTRACT, INV	5.579e-08	0.665813	7.3	
126	p_2, a probability associated with continuant polynomials	none	64	not found	7	EIGHT, SQR, EULER, GAMMA, TAN, PLUS, SIN	2.640e-08	0.695641	7.6	
127	a constant related to the variance of the number of vertices of the largest tree associated with a random mapping on n s	none	64	not found	7	NEG, ONE, ARCSINH, TAN, SQRT, SQRT, PLUS	1.512e-07	0.626073	6.8	
128	e^-3	elementary	64	exact	3	THREE, EXP, INV	0.000e+00	-0.214183	64.0	E^(-3)
129	Integral_{x=0..Infinity} x*cos(x)/(1+x^2)	none	64	not found	7	EIGHT, PI, ARCCOSH, DIVIDE, TANH, ARCSIN, SQR	2.409e-08	0.699291	7.6	
130	ball tetrahedron-picking constant	elementary	64	not found	7	FOUR, TWO, ARCCOSH, ARCSINH, INV, DIVIDE, SQR	2.989e-08	0.690685	7.5	(12*Pi)/715
131	(9*sqrt(65) - 55)/320	algebraic	64	not found	7	SIX, NINE, GAMMA, POWER, COS, SQR, TANH	9.865e-08	0.64309	7.0	(9Sqrt[65]-55)/320
132	log ln π	elementary	64	not found	7	GOLDENRATIO, EIGHT, COS, TIMES, ARCSIN, ARCTANH, SQR	2.473e-08	0.698242	7.6	Log10[Log[Pi]]
133	constant A*B in the asymptotic expression of the summatory function Sum_{n=1..N} (1/phi(n)) as A(log(N)+B) + O(log(N)/N)	none	64	not found	7	NEG, ARCTAN, NINE, GAMMA, TIMES, ARCSINH, COS	2.241e-07	0.610374	6.6	
134	Matthews' constant C_3, an analog of Artin's constant for primitive roots	none	64	not found	7	SEVEN, SEVEN, COS, EXP, ARCTAN, COS, DIVIDE	5.531e-08	0.666161	7.3	
135	Norton constant	special	64	not found	6	NINE, TAN, EIGHT, COS, TANH, TIMES	2.294e-08	0.818113	7.6	(-Pi^2 + 6*Log[2]*(-3 + 2*EulerGamma + Log[2] + 24*Log[Glaisher] - 2*Log[Pi]))/Pi^2
136	Sum_{k > 0} (-1)^k*log(k)^2/k	none	64	not found	7	FOUR, SEVEN, EULER, SUBTRACT, ARCTAN, EXP, DIVIDE	5.709e-08	0.664894	7.2	
137	analog of the Gibbs-Wilbraham constant for L_1 trigonometric polynomial approximation	none	64	not found	7	EULER, SEVEN, GOLDENRATIO, ARCSINH, DIVIDE, SIN, DIVIDE	8.400e-08	0.649501	7.1	
138	e^-e	elementary	64	exact	3	EULER, EXP, INV	0.000e+00	-0.214183	64.0	E^(-E)
139	Pythagorean triple constant for perimeters	elementary	64	exact	5	PI, SQR, TWO, LOG, DIVIDE	0.000e+00	-0.12851	64.0	Log[2]/Pi^2
140	(sqrt(13) - 1)/36	algebraic	64	not found	7	EIGHT, NINE, TANH, TANH, SQR, DIVIDE, TANH	5.831e-08	0.664051	7.2	(Sqrt[13]-1)/36
141	1st Stieltjes constant gamma_1 (negated)	none	64	not found	7	PI, INV, LOG, THREE, DIVIDE, EXP, ARCSIN	4.339e-08	0.675837	7.4	
142	probability that a random walk on an 8-d lattice returns to the origin	none	64	not found	7	SIX, SQR, SEVEN, ARCCOSH, SQR, ARCCOSH, DIVIDE	9.943e-08	0.642778	7.0	
143	disk triangle-picking constant	elementary	64	not found	7	THREE, SINH, SQR, LOG, GAMMA, INV, ARCSIN	9.549e-08	0.644387	7.0	35/(48*Pi^2)
144	1/4π	elementary	64	exact	4	PI, FOUR, INV, DIVIDE	0.000e+00	-0.160637	64.0	1/(4*Pi)
145	-Integral {x=1..2} log Gamma(x) dx	special	64	exact	7	PI, PI, PLUS, SQRT, EULER, DIVIDE, LOG	1.776e-15	1.353985	64.0	-Integrate[ Log[ Gamma[ x]], {x, 1, 2}]
146	-Zeta'(-1)/2	special	64	not found	7	NINE, ARCTAN, COSH, GAMMA, COS, COSH, LOG	4.115e-09	0.769743	8.4	-(1/24 - Log[Glaisher]/2)
147	solution to the Heilbronn triangle problem for seven points in a unit square	none	64	not found	7	FIVE, PI, SIX, TIMES, PLUS, TWO, DIVIDE	6.242e-08	0.661333	7.2	
148	1-Catalan	special	64	not found	7	TWO, EULER, ARCSINH, PLUS, LOG, ARCSINH, LOG	6.654e-08	0.658788	7.2	1 - Catalan
149	probability that a random walk on a 7-d lattice returns to the origin	none	64	not found	7	GOLDENRATIO, SIN, TWO, ARCCOSH, DIVIDE, ARCSINH, LOG	5.683e-08	0.665079	7.2	
150	Erdős–Tenenbaum–Ford constant	elementary	64	not found	7	SEVEN, PI, TANH, SIN, SQR, POWER, TANH	2.555e-08	0.696953	7.6	1 - (1 + Log[Log[2]])/Log[2]
151	1/2-G/Pi, the lowest limiting trough of a square wave Fourier series, where G is the Gibbs-Wilbraham constant. [negated]	none	64	not found	7	EULER, GOLDENRATIO, SQRT, LOG, SINH, DIVIDE, ARCSIN	2.653e-09	0.787242	8.6	
152	integral_{0..infinity} x*log(x)*(1-eta(x)^2) dx, where the function 'eta' is a solution of the Painlevé III differential	special	64	not found	7	SEVEN, SIX, ARCCOSH, COS, SINH, COS, DIVIDE	5.074e-08	0.669593	7.3	-(1/4 + (7/12)*Log[2] - 3*Log[Glaisher])
153	lambda(2) in Li's criterion	none	64	not found	7	FIVE, TAN, INV, TAN, SQR, ARCTAN, TANH	9.046e-09	0.738339	8.0	
154	e^(-Pi^2/(6*log(2)))	elementary	64	not found	7	EULER, EULER, COSH, ARCSINH, SUBTRACT, SQRT, TAN	1.035e-07	0.641162	7.0	E^(-Pi^2/(6Log[2]))
155	second non-alternating series of reciprocal primes constant	special	64	not found	7	FIVE, EXP, ARCSINH, NEG, COS, DIVIDE, TANH	7.521e-08	0.653905	7.1	Sum[(-2 + Mod[Prime[\[FormalK]], 4])/Prime[\[FormalK]]^2, {\[FormalK], 2, Infinity}]
156	area of the convex hull of a circle of circumference 1 and a line segment of length 1/2 with midpoint at the circle cent	elementary	64	not found	7	THREE, NINE, EULER, DIVIDE, TANH, SIN, DIVIDE	3.717e-08	0.682007	7.4	(Sqrt[Pi^2-4]+Pi-2ArcCos[2/Pi])/(4Pi^2)
157	log Sqrt[π/2]	elementary	64	not found	7	NINE, SIN, FOUR, ARCTAN, COS, ARCTAN, TIMES	2.624e-08	0.69588	7.6	Log10[Sqrt[Pi/2]]
158	Sum_{n>=0} 1/10^(3^n), a transcendental number	none	64	not found	7	SIX, ARCCOSH, TWO, ARCCOSH, COS, DIVIDE, ARCTAN	4.555e-08	0.673898	7.3	
159	pi^-2	elementary	64	exact	3	PI, INV, SQR	2.220e-16	3.352724	64.0	Pi^(-2)
160	value of the Dickman function at phi + 1 = phi^2 = (3 + sqrt(5))/2 (A104457)	elementary	64	not found	7	EULER, TAN, SINH, COSH, LOG, TANH, ARCSIN	1.201e-08	0.727031	7.9	1 - 2*Log[GoldenRatio] + Log[GoldenRatio]^2 - Pi^2/60
161	Quinn-Rand-Strogatz constant c2 (negated)	none	64	not found	7	FOUR, SQR, NINE, SIN, INV, TAN, POWER	1.484e-08	0.718612	7.8	
162	probability that a random walk on a 6-d lattice returns to the origin	none	64	not found	7	THREE, SINH, INV, SINH, GAMMA, INV, ARCTAN	2.370e-08	0.699934	7.6	
163	log 4/π	elementary	64	not found	7	THREE, COSH, SEVEN, TAN, ARCSIN, DIVIDE, SIN	2.945e-08	0.691282	7.5	Log10[4/Pi]
164	1/3π	elementary	64	exact	4	PI, THREE, INV, DIVIDE	1.110e-16	2.5629	63.4	1/(3*Pi)
165	one-ninth constant	special	64	not found	7	EULER, FIVE, INV, ARCTANH, PLUS, TANH, ARCCOS	1.276e-08	0.724611	7.9	With[{\[FormalX] = Root[{-2*EllipticE[#1^2] + EllipticK[#1^2] & , 0.908908557548541478236118908745`29.9585201924082}]}, Exp[-((Pi*EllipticK[1 - \[FormalX]^2])/EllipticK[\[FormalX]^2])]]
166	Michael Trott's constant: continued fraction expansion (allowing 0's) begins in same way as decimal expansion	none	53	not found	7	FIVE, TWO, TANH, COS, ARCSINH, DIVIDE, SIN	6.993e-08	0.656808	7.2	
167	Liouville's constant	special	64	not found	7	EIGHT, SQRT, TAN, SQR, GAMMA, INV, TANH	5.142e-08	0.669068	7.3	Sum[10^(-n!), {n, 1, Infinity}]
168	1/sqrt(80) = sqrt(5)/20	algebraic	64	exact	4	NINE, INV, ARCSIN, TAN	0.000e+00	0.0	63.6	1/Sqrt[80]
169	mean cluster density for bond percolation on the triangular lattice	algebraic	64	not found	7	SEVEN, ARCCOSH, EXP, SQR, TAN, NINE, POWER	2.890e-08	0.692033	7.5	35/4 - 3/(2*Sin[Pi/18])
170	Kepler–Bouwkamp constant	special	64	not found	7	EIGHT, EULER, ARCTAN, GAMMA, DIVIDE, ARCSIN, TAN	2.459e-08	0.698465	7.6	Product[Cos[Pi/n], {n, 3, Infinity}]
171	Given the two curves y = (1 - exp(x/2))/(exp(x) + exp(x/2)) and y = (exp(-x) - 1)/2, draw a line tangent to both. This s	none	64	not found	7	FIVE, THREE, COSH, SINH, SQRT, SUBTRACT, SIN	9.107e-08	0.646275	7.0	
172	C_2 (so named by S. Finch), a constant which is an analog of Niven's constant when mean of exponents is considered inste	none	64	not found	7	GOLDENRATIO, EXP, EIGHT, SQR, SUBTRACT, SEVEN, DIVIDE	9.330e-09	0.737108	8.0	
173	4*Pi/105	elementary	64	exact	7	NINE, SIX, LOG, SINH, PI, DIVIDE, DIVIDE	0.000e+00	0.0	63.9	4*Pi/105
174	2/(5*sqrt(11))	algebraic	64	not found	7	SEVEN, COSH, SQRT, ARCTAN, EULER, SQRT, SUBTRACT	3.560e-08	0.683724	7.4	2/(5Sqrt[11])
175	3*zeta(3)/2 + 12*log(2) - 10	special	64	not found	7	FOUR, INV, GAMMA, NINE, SIN, ARCTANH, DIVIDE	4.763e-08	0.67212	7.3	3Zeta[3]/2+12Log[2]-10
176	50*Pi/1296	elementary	64	not found	7	PI, ONE, ARCTAN, ARCSIN, SINH, SUBTRACT, EXP	2.349e-08	0.700303	7.6	50Pi/1296
177	sqrt(Pi^2 - 4)/(2*Pi^2)	elementary	64	exact	7	PI, SQR, ONE, ARCSIN, ARCCOSH, SINH, DIVIDE	0.000e+00	0.0	64.0	Sqrt[Pi^2-4]/(2Pi^2)
178	Champernowne constant	special	64	not found	7	NINE, SQR, NINE, NINE, TANH, PLUS, DIVIDE	5.235e-09	0.760143	8.3	ChampernowneNumber[]
179	first (of 10) decimal selvage numbers	none	64	not found	7	NINE, THREE, COSH, ARCTAN, TANH, INV, DIVIDE	1.314e-07	0.631652	6.9	
180	Product_{k >= 1} (k*(k+1))^(-1/(k*(k+1))), a constant related to the alternating Lüroth representations of real numbers	none	64	not found	7	PI, ARCSINH, LOG, ARCSINH, SQR, TAN, SQR	1.780e-08	0.711361	7.7	
181	3*sqrt(3)/(4*Pi^2)	elementary	64	not found	7	EIGHT, ARCSINH, INV, ARCCOS, ARCSINH, LOG, SQRT	2.206e-08	0.702797	7.7	3Sqrt[3]/(4Pi^2)
182	harmonic oscillator tunneling constant	special	64	not found	7	GOLDENRATIO, TANH, TANH, INV, TAN, TAN, SIN	1.096e-07	0.638911	7.0	2/(3^(2/3)*Gamma[1/3]^2)
183	probability that a random walk on the 5-d simple cubic (hypercubic) lattice returns to the origin	none	64	not found	7	FOUR, SEVEN, TWO, COSH, DIVIDE, DIVIDE, TAN	3.685e-08	0.682341	7.4	
184	e^-2	elementary	64	exact	3	EULER, INV, SQR	0.000e+00	0.0	63.5	E^(-2)
185	probability that an integer 4-tuple is pairwise unitary coprime	none	64	not found	7	THREE, EIGHT, SQR, COS, TAN, DIVIDE, ARCSINH	6.513e-09	0.751434	8.2	
186	Given the two curves y = (1 - exp(x/2))/(exp(x) + exp(x/2)) and y = (exp(-x) - 1)/2, draw a line tangent to both. This s	none	64	not found	7	TWO, ARCSINH, ARCTAN, INV, GAMMA, SQRT, ARCCOS	1.034e-07	0.641229	7.0	
187	pi minus three	elementary	64	exact	3	THREE, PI, SUBTRACT	7.772e-16	3.236194	64.0	Pi - 3
188	Pi^4/15 + Pi^2*log(2)^2/4 - log(2)^4/4 - 21*log(2)*zeta(3)/4 - 6*Li_4(1/2)	special	64	not found	7	GOLDENRATIO, NINE, LOG, SQRT, COS, TIMES, ARCSINH	3.773e-08	0.681403	7.4	Pi^4/15+Pi^2Log[2]^2/4-Log[2]^4/4-21Log[2]Zeta[3]/4-6PolyLog[4,1/2]
189	log Cbrt[e]	elementary	64	exact	7	THREE, NEG, NINE, SUBTRACT, LOG, INV, DIVIDE	2.220e-16	1.436882	63.8	Log10[CubeRoot[E]]
190	Matthews' constant C_2, an analog of Artin's constant for primitive roots	none	64	not found	7	FIVE, ARCSINH, GAMMA, FIVE, ARCTAN, COS, POWER	2.070e-08	0.705337	7.7	
191	arctan(1/2)/Pi	elementary	64	exact	5	PI, TWO, INV, ARCTAN, DIVIDE	0.000e+00	0.0	63.6	ArcTan[1/2]/Pi
192	(1-C_2)/e, a constant connected with two-sided generalized Fibonacci sequences, where C_2 is the Euler-Gompertz constant	none	64	not found	7	FIVE, SEVEN, COS, SQR, TAN, TAN, DIVIDE	2.979e-10	0.874411	9.5	
193	Given the two curves y = exp(-x) and y = 2/(exp(x) + exp(x/2)), draw a line tangent to both. This sequence is the decima	none	64	not found	7	NINE, NEG, PI, LOG, SUBTRACT, ARCCOSH, DIVIDE	1.210e-09	0.818526	8.9	
194	9*zeta(3)/Pi^2 - 93*zeta(5)/(2*Pi^4) - log(2) + 1/4	special	64	not found	7	SEVEN, FOUR, ARCSINH, ARCCOSH, ARCCOSH, TAN, DIVIDE	4.330e-08	0.675914	7.4	9Zeta[3]/Pi^2-93Zeta[5]/(2Pi^4)-Log[2]+1/4
195	Sum_{k >= 0} 1/(4*k+3)^2	special	64	not found	7	GOLDENRATIO, FOUR, ARCTAN, POWER, COSH, COSH, INV	6.131e-09	0.753846	8.2	Pi^2/16 - Catalan/2
196	Pythagorean triple constant for hypotenuses	elementary	64	exact	4	PI, TWO, INV, DIVIDE	0.000e+00	0.0	63.6	1/(2*Pi)
197	Sum_{k>=1} (-1)^k*log(k)/k	special	64	not found	7	SEVEN, SEVEN, COS, ARCSINH, COSH, SQRT, DIVIDE	3.686e-09	0.77413	8.4	EulerGamma*Log[2] - Log[2]^2/2
198	Euler-Kronecker constant (as named by P. Moree) for hypotenuse numbers	none	64	not found	7	EULER, SIN, THREE, COS, TIMES, SQR, ARCTAN	2.957e-08	0.691122	7.5	
199	log Cbrt[π]	elementary	64	not found	7	PI, EXP, ARCSINH, PI, SQR, SUBTRACT, INV	7.127e-08	0.656049	7.1	Log10[CubeRoot[Pi]]
200	sixth	rational	64	exact	2	SIX, INV	0.000e+00	0.0	63.7	1/6
201	Hall-Montgomery constant	special	64	not found	7	NEG, ARCSIN, SINH, NINE, SIN, GAMMA, POWER	2.671e-08	0.695182	7.6	1 + Pi^2/6 + 2*PolyLog[2, -Sqrt[E]]
202	(-2*Catalan + Pi*log(2))/2	special	64	not found	7	PI, EIGHT, TANH, COS, DIVIDE, TAN, SIN	1.577e-08	0.716187	7.8	Pi*Log[2]/2 - Catalan
203	'mu', a Sobolev isoperimetric constant related to the "membrane inequality", arising from the study of a vibrating membr	none	64	not found	7	NINE, EULER, GOLDENRATIO, PLUS, TANH, TAN, DIVIDE	1.481e-08	0.718674	7.8	
204	log(2)/4	elementary	64	exact	4	FOUR, TWO, LOG, DIVIDE	0.000e+00	0.0	63.8	Log[2]/4
205	probability that three positive integers are pairwise not coprime	none	64	not found	7	SIX, NINE, COSH, PLUS, ARCTAN, TAN, COS	1.430e-08	0.720093	7.8	
206	H, an auxiliary constant used to evaluate some Ising-related constants on triangular and hexagonal lattices (negated)	none	64	not found	7	SIX, GOLDENRATIO, SIN, SQRT, ARCTAN, ARCTANH, DIVIDE	5.734e-08	0.66472	7.2	
207	Gibbs-Wilbraham constant	special	64	not found	7	THREE, ARCTAN, GAMMA, TANH, INV, COS, SIN	5.195e-09	0.760446	8.3	-1 + (2*SinIntegral[Pi])/Pi
208	pi^(-3/2)	elementary	64	exact	5	PI, PI, INV, SQRT, DIVIDE	0.000e+00	0.0	63.8	Pi^(-3/2)
209	Markoff number asymptotic density constant	none	64	not found	7	SEVEN, TANH, SQR, ARCTANH, SQR, EIGHT, DIVIDE	2.637e-08	0.695686	7.6	
210	a1, the first of two constants associated with Djokovic's conjecture on an integral inequality	none	64	not found	7	SEVEN, COS, GAMMA, INV, ONE, SUBTRACT, TAN	2.872e-08	0.69229	7.5	
211	G/2 - Pi*log(2)/8, where G = A006752	special	64	not found	7	FOUR, FIVE, SQRT, LOG, ARCSINH, ARCCOS, DIVIDE	2.376e-08	0.699837	7.6	Catalan/2-Pi Log[2]/8
212	Hardy-Littlewood constant C_6 = Product_{p prime > 6} 1/(1-1/p)^6 (1-6/p)	none	64	not found	7	SIX, COS, EXP, ARCTAN, LOG, TAN, TANH	7.482e-08	0.654114	7.1	
213	MRB constant	special	64	not found	7	SIX, EULER, DIVIDE, TANH, INV, COSH, INV	3.166e-08	0.688403	7.5	Sum[(-1)^n*(-1 + n^n^(-1)), {n, 1, Infinity}]
214	9*zeta(3)/(2*Pi^2) - log(2) + 1/3	special	64	not found	7	TWO, COSH, SEVEN, SIN, ARCSIN, DIVIDE, TANH	1.559e-08	0.716634	7.8	9Zeta[3]/(2Pi^2)-Log[2]+1/3
215	entropy of folding of the triangular lattice constant	special	64	not found	7	FOUR, EIGHT, INV, SEVEN, POWER, PLUS, INV	1.898e-08	0.708802	7.7	Log[(Gamma[1/3]^(3/2)*Sqrt[3])/(2*Pi)]
216	gamma^3	special	64	not found	7	THREE, PI, EXP, GAMMA, SIN, DIVIDE, SINH	5.556e-08	0.665975	-0.4	EulerGamma^3
217	1/sqrt(27)	algebraic	64	exact	4	NINE, THREE, SQRT, DIVIDE	1.110e-16	2.5629	63.7	1/Sqrt[27]
218	q of the maximum of the Dedekind eta function	none	64	not found	7	THREE, FIVE, TANH, ARCSINH, PLUS, GAMMA, INV	1.793e-08	0.711072	7.7	
219	probability that a random walk on a 4-d lattice returns to the origin	none	64	not found	7	NINE, TAN, ARCSINH, SQR, ARCSIN, ARCTAN, ARCTANH	1.559e-08	0.716628	7.8	
220	Second du Bois-Reymond constant	elementary	64	exact	6	TWO, SEVEN, EULER, SQR, SUBTRACT, DIVIDE	1.887e-15	1.576829	63.7	(-7 + E^2)/2
221	log π/2	elementary	64	not found	7	NINE, EIGHT, DIVIDE, ARCCOS, NINE, SIN, TIMES	2.624e-08	0.69588	7.6	Log10[Pi/2]
222	Pi/16	none	64	exact	4	FOUR, ONE, ARCTAN, DIVIDE	0.000e+00	0.0	64.0	
223	Vallée constant	none	24	not found	7	PI, EXP, SEVEN, SQR, ARCSINH, DIVIDE, ARCSIN	5.440e-09	0.758614	8.3	
224	Erdős-Lebensold constant	special	24	not found	7	NINE, SEVEN, DIVIDE, TWO, ARCSINH, COS, POWER	1.125e-08	0.729635	7.9	Sum[1/(Prime[\[FormalK]]^\[FormalS]*Log[Prime[\[FormalK]]^\[FormalS]]), {\[FormalS], 1, Infinity}, {\[FormalK], 1, Infinity}]
225	(6/Pi^2) Sum_{p prime} 1/(p(p+1)), a Meissel-Mertens constant related to the asymptotic density of certain sequences of 	none	64	not found	7	SEVEN, GOLDENRATIO, POWER, COS, EIGHT, COS, DIVIDE	6.215e-08	0.661507	7.2	
226	Given the two curves y = exp(-x) and y = 2/(exp(x) + exp(x/2)), draw a line tangent to both. This sequence is the decima	none	64	not found	7	SEVEN, EULER, ARCTAN, TIMES, SQR, ARCCOSH, INV	4.344e-08	0.675792	7.4	
227	White House switchboard constant	elementary	64	not found	7	PI, EXP, SEVEN, POWER, TAN, PI, POWER	1.193e-10	0.910889	-0.2	Exp[-(1 + 8^(-1 + E)^(-1))^Pi^(-1)]
228	Rumor's constant	special	64	not found	7	FIVE, TAN, GOLDENRATIO, POWER, TAN, SINH, TAN	2.985e-08	0.690749	7.5	-ProductLog[ -2/E^2]/2
229	ln(Gamma(3/4))	special	64	exact	5	FOUR, THREE, DIVIDE, GAMMA, LOG	0.000e+00	0.0	64.0	LogGamma[3/4]
230	sum of the reciprocals of the perfect numbers	none	64	not found	7	SEVEN, ARCCOSH, EXP, COS, TAN, TANH, ARCTAN	9.853e-08	0.64314	7.0	
231	log Cbrt[4π/3]	elementary	64	not found	7	GOLDENRATIO, NINE, SIN, ARCSINH, ARCTAN, POWER, ARCTAN	4.522e-08	0.674188	7.3	Log10[CubeRoot[4*Pi/3]]
232	lambda(3) in Li's criterion	none	64	not found	7	THREE, TWO, SIN, COSH, SUBTRACT, EXP, TANH	2.651e-08	0.695481	7.6	
233	e^(-pi/2)	elementary	64	exact	3	NEG, ARCSIN, EXP	2.220e-16	3.352724	63.7	E^(-Pi/2)
234	-zeta(-1/2)	special	64	not found	7	NINE, COSH, ARCTAN, ARCCOSH, ARCCOSH, TANH, TANH	2.264e-09	0.793561	8.6	-Zeta[-1/2]
235	a constant related to A000621	none	64	not found	7	SIX, FOUR, ARCSINH, SQRT, SUBTRACT, ARCTAN, COS	1.578e-08	0.716167	7.8	
236	log Sqrt[e]	elementary	64	exact	6	FOUR, FIVE, SQR, TIMES, LOG, INV	1.110e-16	1.7086	64.0	Log10[Sqrt[E]]
237	Lochs-Porter constant	special	64	not found	7	TWO, EULER, COS, ARCSIN, TAN, EXP, TIMES	2.752e-08	0.693978	7.6	3/4 - (3*Log[2]*(-2 + 4*EulerGamma + 3*Log[2] - (24*Derivative[1][Zeta][2])/Pi^2))/Pi^2 - (6*Log[2]*(-1/2 + (6*Derivative[1][Zeta][2])/Pi^2))/Pi^2
238	B (negated), a constant related to Glaisher's constant A and the Gaussian unitary ensemble hypothesis	none	64	not found	7	GOLDENRATIO, LOG, ARCCOS, SQRT, ARCCOSH, LOG, COS	2.477e-08	0.698187	7.6	
239	2*log(2) - 4*Catalan/Pi	special	64	not found	7	THREE, THREE, SIN, ARCTAN, INV, COS, DIVIDE	6.578e-08	0.659245	7.2	2*Log[2] - 4*Catalan/Pi
240	gamma^e	special	64	not found	7	SEVEN, NINE, INV, SQR, ARCCOS, DIVIDE, ARCSIN	2.645e-08	0.695561	7.6	EulerGamma^E
241	7*zeta(3)/(2*Pi^2) - log(2) + 1/2	special	64	not found	7	NEG, TWO, ARCCOSH, EXP, TAN, COSH, PLUS	1.326e-08	0.723083	7.9	7Zeta[3]/(2Pi^2)-Log[2]+1/2
242	Conway-Guy constant	special	64	not found	7	EIGHT, LOG, COSH, LOG, COSH, SINH, INV	2.408e-08	0.699313	7.6	ConditionalExpression[Extension`ConwayGuyConstant == Limit[\[FormalV][\[FormalN]]/2^\[FormalN], \[FormalN] -> Infinity], \[FormalV][0] == 0 && \[FormalV][1] == 1 && \[FormalV][\[FormalN]] == 2*\[FormalV][-1 + \[FormalN]] - \[FormalV][-1 + \[FormalN] - Floor[1/2 + Sqrt[2*(-1 + \[FormalN])]]]]
243	Copeland–Erdős constant	special	64	not found	7	PI, ARCSINH, TAN, EULER, ARCTAN, SINH, POWER	1.967e-08	0.707364	7.7	Sum[10^(-\[FormalK] - Sum[Floor[Log[10, Prime[\[FormalJ]]]], {\[FormalJ], 1, \[FormalK]}])*Prime[\[FormalK]], {\[FormalK], 1, Infinity}]
244	Pi*(3 - gamma)/32, where gamma is Euler's constant A001620	special	64	not found	7	GOLDENRATIO, SQR, SIN, SQR, TANH, TANH, ARCSINH	4.541e-08	0.674019	7.3	Pi*(3 - EulerGamma)/32
245	quadtree constant	special	64	not found	7	SEVEN, ARCCOSH, ARCSINH, SQRT, SINH, SQR, SIN	2.287e-08	0.701361	7.6	228 - 26*Pi^2 + 24*Zeta[3]
246	1/sqrt(2*Pi*e), one of the Traveling Salesman constants	elementary	64	exact	7	PI, EULER, ONE, ARCSIN, DIVIDE, SQRT, DIVIDE	2.220e-16	1.436882	64.0	1/Sqrt[2*Pi*E]
247	a(F_5), the maximum inradius of all triangles that lie in a regular pentagon of width 1	none	64	not found	7	NINE, ARCSINH, COS, INV, FOUR, POWER, ARCTANH	6.544e-09	0.751247	8.2	
248	rayleigh kurtosis excess	elementary	64	not found	7	TWO, EULER, FIVE, POWER, SQRT, SIN, DIVIDE	3.657e-08	0.682652	7.4	-(6*Pi^2 - 24*Pi + 16)/(4 - Pi)^2
250	second (of 10) decimal selvage numbers	none	64	not found	7	SIX, THREE, GOLDENRATIO, TAN, SUBTRACT, TAN, DIVIDE	2.159e-10	0.887246	9.7	
251	log Sqrt[π]	elementary	64	not found	7	PI, LOG, ARCTAN, SQR, EXP, COSH, INV	1.372e-08	0.721735	7.9	Log10[Sqrt[Pi]]
252	logarithm of Glaisher's constant	special	64	not found	7	PI, SEVEN, TANH, PLUS, INV, SINH, TAN	3.208e-08	0.687871	7.5	Log[Glaisher]
253	a multiplicative constant related to A006196	none	64	not found	7	NEG, FOUR, INV, GAMMA, TIMES, GAMMA, ARCTANH	3.172e-08	0.688328	7.5	
254	self number density constant	special	64	not found	7	SEVEN, COS, COS, ARCTANH, ARCTAN, ONE, SUBTRACT	3.399e-08	0.685571	7.5	Sum[Piecewise[{{1, SatisfiableQ[\[FormalK] == Sum[(1 + 2^\[FormalN])*\[FormalA][\[FormalK], \[FormalN]], {\[FormalN], 1, Infinity}] && ForAll[\[FormalN], Element[\[FormalN], Integers] && \[FormalN] > 0, Element[\[FormalA][\[FormalK], \[FormalN]], Integers]], {\[FormalA]}]}}, 0]/2^\[FormalK], {\[FormalK], 1, Infinity}]^2/8
255	(1/384)*Pi^4	elementary	64	exact	7	SIX, EIGHT, PI, SQR, DIVIDE, SQR, DIVIDE	2.220e-16	1.436882	64.0	Pi^4/ 384
256	Flajolet-Prodinger constant 'K', a constant related to asymptotically enumerating level number sequences for binary tree	none	64	not found	7	THREE, GOLDENRATIO, COSH, TAN, COS, ARCSINH, DIVIDE	1.763e-08	0.711733	7.8	
257	third (of 10) decimal selvage numbers	none	64	not found	7	EULER, EIGHT, PLUS, SQRT, ONE, SIN, DIVIDE	6.087e-09	0.754131	8.2	
258	Meissel-Mertens constant	special	64	not found	7	NINE, GAMMA, COS, GAMMA, COS, ARCTAN, ARCSIN	1.945e-09	0.799609	8.7	EulerGamma + Sum[Log[1 - Prime[n]^(-1)] + Prime[n]^(-1), {n, 1, Infinity}]
259	Pi/12	none	64	exact	4	THREE, ONE, ARCTAN, DIVIDE	2.220e-16	2.514543	64.0	
260	Mrs. Miniver constant	special	64	not found	7	EULER, TWO, ARCTAN, COSH, PLUS, SINH, SIN	5.961e-08	0.66317	7.2	Root[{#1 - Sin[Pi/6 - #1*Sqrt[1 - #1^2]] & , 0.264932084602776862`17.423134556719873}]
261	Ti_2(2-sqrt(3)), where Ti_2 is the inverse tangent integral function	none	64	not found	7	EULER, PI, ARCCOSH, SQRT, DIVIDE, SINH, SQR	2.310e-08	0.700968	7.6	
262	unforgeable word constant	special	64	not found	6	TWO, SEVEN, SQRT, SIX, DIVIDE, SUBTRACT	8.076e-09	0.866673	8.1	Sum[(2*(-1)^(-1 + \[FormalK])*Product[2^(-1 + 2^\[FormalJ])/(-1 + 2^(-1 + 2^\[FormalJ])), {\[FormalJ], 2, \[FormalK]}])/(-1 + 2^(-1 + 2^(1 + \[FormalK]))), {\[FormalK], 1, Infinity}]
263	volume of a regular ideal hyperbolic 4-simplex	elementary	64	not found	6	EIGHT, TANH, COSH, SINH, SQR, COS	1.526e-08	0.837062	7.8	10*Pi/3*ArcSin[1/3] - Pi^2/3
265	one of the Pell-Stevenhagen constants	none	64	not found	7	SEVEN, PI, ARCCOSH, ARCSINH, INV, ARCSIN, POWER	6.089e-08	0.662325	7.2	
266	1/(8*log(2)*A005597), where A005597 is the twin prime constant C_2	none	64	not found	7	EULER, THREE, TIMES, ARCCOSH, ONE, TANH, DIVIDE	2.736e-08	0.69421	7.6	
267	constant appearing in the expected number of comparisons for an unsuccessful digital tree search (negated)	none	64	not found	7	PI, SQRT, NINE, DIVIDE, SIN, FOUR, POWER	2.782e-08	0.693546	7.6	
269	(6/Pi^2)*Sum_{n>=1} 1/prime(n)^2	special	64	not found	7	SIX, NEG, COS, SQRT, SINH, POWER, ARCTANH	1.171e-09	0.81983	8.9	6*PrimeZetaP[2]/Pi^2
270	1/Gamma(1/4)	special	64	exact	4	FOUR, INV, GAMMA, INV	2.220e-16	2.514543	64.0	1/Gamma[1/4]
271	rho_c = (5-sqrt(5))/10, the asymptotic critical density for the hard hexagon model	algebraic	64	exact	4	GOLDENRATIO, TWO, PLUS, INV	0.000e+00	0.0	63.8	(5 - Sqrt[5])/10
272	Bernstein's constant	none	50	not found	7	GOLDENRATIO, THREE, SUBTRACT, FIVE, INV, ARCTANH, TIMES	1.884e-10	0.892666	9.7	
273	Series-parallel networks constant	none	22	not found	7	FOUR, SEVEN, COS, SUBTRACT, EXP, EXP, ARCCOSH	4.712e-08	0.672547	7.3	
274	log 6/π	elementary	64	not found	7	EIGHT, ONE, TANH, INV, SQRT, ARCTAN, POWER	3.044e-08	0.689968	7.5	Log10[6/Pi]
275	((5 - 2*sqrt(2))*Pi)/24	elementary	64	not found	7	EIGHT, EIGHT, POWER, TAN, EXP, ARCTAN, ARCSIN	1.325e-08	0.723123	7.9	((5-2*Sqrt[2])*Pi)/24
276	Mertens constant M(3,2) arising in the formula for the sum of reciprocals of primes p == 2 (mod 3)	none	64	not found	7	PI, COSH, LOG, SIN, TANH, SIN, SQR	3.691e-08	0.68228	7.4	
277	Mertens constant M(4,1) arising in the formula for the sum of reciprocals of primes p == 1 (mod 4) (negated)	none	64	not found	7	NINE, COS, TWO, COSH, SQRT, SUBTRACT, SIN	3.584e-08	0.683452	7.4	
278	strongly carefree constant	special	64	not found	7	THREE, ONE, TANH, ARCSINH, GAMMA, TANH, DIVIDE	7.505e-09	0.745784	8.1	Product[1 - (-2 + 3*Prime[\[FormalK]])/Prime[\[FormalK]]^3, {\[FormalK], 1, Infinity}]
279	digital search tree Q constant	special	64	not found	7	THREE, FIVE, ARCCOSH, TIMES, LOG, TANH, ARCCOS	2.201e-08	0.70289	7.7	QPochhammer[1/2, 1/2]
280	Sum_{k>=0} (k!/(k+2)!)^2	elementary	64	exact	6	THREE, THREE, PI, SQR, DIVIDE, SUBTRACT	2.220e-16	1.676362	63.9	Pi^2/3 - 3
281	domino tiling constant	special	64	not found	7	PI, NINE, SIN, SQRT, SQRT, ARCTAN, POWER	8.939e-08	0.647019	7.0	Catalan/Pi
282	d_0, the constant term in the asymptotic expansion of the average number of registers needed to evaluate a binary tree	none	64	not found	7	PI, SIX, DIVIDE, SQRT, EULER, SIN, POWER	3.118e-08	0.68901	7.5	
283	(1/105)*Pi^3	elementary	64	not found	7	TWO, ARCSINH, SIX, LOG, PLUS, ARCTAN, COS	8.860e-09	0.739167	8.1	Pi^3/105
284	Pythagorean triple second-order constant for areas	special	64	not found	7	EULER, SIN, SINH, EIGHT, INV, ARCTANH, DIVIDE	8.342e-09	0.741567	8.1	-(((1 + 2^(-1/3))*Zeta[1/3])/((1 + 2^(-2/3))*Zeta[4/3]))
285	a constant that appears in flux/diffusion problems with trapping surfaces	special	64	not found	7	SIX, SQRT, FIVE, LOG, GAMMA, ARCTAN, DIVIDE	8.845e-08	0.647443	7.1	-1/Pi * Integrate[Log[(6/x^2) * (1 - Sin[x]/x)]/x^2, {x, 0, Infinity}]
286	Wadsworth constant	rational	64	exact	5	TWO, FIVE, THREE, DIVIDE, DIVIDE	0.000e+00	0.0	64.0	3/10
287	Sum_{m,n >= 1} (-1)^(m + n)/(m*n*(m + n))	none	64	not found	7	FOUR, ARCSINH, COSH, GOLDENRATIO, ARCSINH, DIVIDE, SIN	7.182e-09	0.747536	8.1	
288	log10(2)	elementary	64	exact	7	NEG, NINE, SUBTRACT, LOG, TWO, LOG, DIVIDE	2.220e-16	1.436882	64.0	Log[10, 2]
289	ln(Gamma(2/3))	special	64	exact	5	THREE, TWO, DIVIDE, GAMMA, LOG	4.441e-16	1.972949	63.9	LogGamma[2/3]
290	coefficient c appearing in the asymptotic evaluation of the number of prime additive compositions of n as c*(1/xi)^n, wh	none	64	not found	7	SEVEN, TANH, SQR, SINH, ARCCOSH, SIN, SQR	5.113e-08	0.66929	7.3	
291	Gauss-Kuzmin-Wirsing constant	special	64	not found	7	PI, SQRT, FIVE, ARCSINH, SQRT, PLUS, INV	1.345e-08	0.72253	7.9	Inactive[Limit][Inactive[Part][SortBy[N][Abs[Eigenvalues[Inactive[Table][((-1)^\[FormalJ]*Inactive[Sum][(-2)^\[FormalI]*Binomial[\[FormalK], \[FormalI]]*Pochhammer[2 + \[FormalI], \[FormalJ]]*(-2^(2 + \[FormalI] + \[FormalJ]) + (-1 + 2^(2 + \[FormalI] + \[FormalJ]))*Zeta[2 + \[FormalI] + \[FormalJ]]), {\[FormalI], 0, \[FormalK]}])/((-2)^\[FormalK]*\[FormalJ]!), {\[FormalJ], 0, -1 + \[FormalN]}, {\[FormalK], 0, -1 + \[FormalN]}]]]], -2], \[FormalN] -> Infinity]
292	3/pi^2	elementary	64	exact	4	PI, SQR, THREE, DIVIDE	0.000e+00	0.0	64.0	3/Pi^2
293	radius of convergence of the generating function of A000625 (alcohol stereoisomers enumeration)	none	64	not found	7	PI, LOG, TANH, COS, EIGHT, SIN, SUBTRACT	1.427e-08	0.72016	7.8	
294	1 - log(2)	elementary	64	exact	4	TWO, EULER, DIVIDE, LOG	2.220e-16	2.514543	64.0	1-Log[2]
295	Hardy-Littlewood constant Product_{p prime >= 5} (1-(6*p^2-4*p+1)/(p-1)^4)	none	64	not found	7	TWO, GOLDENRATIO, COSH, SQR, TAN, SIN, DIVIDE	2.144e-08	0.703932	7.7	
296	coefficient c_v in c_v*log(N), the asymptotic variance of the number of factors in a random factorization of n <= N	none	64	not found	7	TWO, COS, COSH, COS, GAMMA, COSH, TAN	2.648e-08	0.695519	7.6	
297	Littlewood-Salem-Izumi constant	special	64	not found	7	NINE, SEVEN, SQRT, TANH, EXP, DIVIDE, ARCTANH	6.239e-09	0.753145	8.2	Root[{HypergeometricPFQ[{1/2 - #1/2}, {1/2, 3/2 - #1/2}, (-(1/16))*(9*Pi^2)] & , 0.3084437795619860030341969509860000000000000000000000000001`29.489176016177844}]
298	sin(Pi/10) (angle of 18 degrees)	algebraic	64	exact	4	GOLDENRATIO, TWO, INV, DIVIDE	2.220e-16	2.514543	63.8	Sin[18 Degree]
299	-(8*(EulerGamma - log(2)))/3	special	64	not found	7	SEVEN, SQRT, PI, ARCSINH, SIN, SIN, DIVIDE	3.237e-08	0.687511	7.5	-(8*(EulerGamma - Log[2]))/3
300	Zolotarev-Schur constant	special	64	not found	7	THREE, ARCTAN, COS, ARCTAN, ARCTANH, SINH, TANH	6.839e-10	0.841283	9.2	With[{\[FormalX] = Root[{EllipticE[#1^2]^3 - 3*EllipticE[#1^2]^2*EllipticK[#1^2] + EllipticK[#1^2]*(-1 - EllipticK[#1^2]^2 + #1^2) + EllipticE[#1^2]*(1 + 3*EllipticK[#1^2]^2 + #1^2) & , 0.9155020553896763963055240364016622896543129422884607667501`30.102999566398122}]}, (1 - EllipticE[\[FormalX]^2]/EllipticK[\[FormalX]^2])^2/\[FormalX]^2]
301	k_3 = 3/(2*Pi*m_3), a constant associated with the asymptotic expansion of the probability that a three-dimensional rand	none	64	not found	7	THREE, EIGHT, DIVIDE, ARCCOSH, EXP, GOLDENRATIO, DIVIDE	3.722e-09	0.773739	8.4	
302	(negated) constant in the expansion of the prime zeta function about s = 1	none	64	not found	7	PI, NINE, SIN, SQR, COSH, GAMMA, DIVIDE	3.852e-09	0.772372	8.4	
303	Atkinson-Negro-Santoro constant	special	64	not found	7	NINE, THREE, COSH, ARCSINH, DIVIDE, TANH, ARCSINH	5.733e-08	0.664727	7.2	ConditionalExpression[Extension`AtkinsonNegroSantoroConstant == Limit[\[FormalU][\[FormalN]]/2^\[FormalN], \[FormalN] -> Infinity], \[FormalU][0] == 0 && \[FormalU][1] == 1 && \[FormalU][\[FormalN]] == 2*\[FormalU][-1 + \[FormalN]] - \[FormalU][-1 + \[FormalN] - Floor[1 + (-1 + \[FormalN])/2]]]
304	real part of the solution of z = log z	special	64	not found	7	PI, TWO, SIN, ARCTANH, SIN, SQRT, DIVIDE	1.283e-08	0.724422	7.9	Re[-ProductLog[-1]]
305	Kalmar composition constant	special	64	not found	7	TWO, NINE, ARCCOSH, PLUS, SINH, TAN, TANH	6.058e-09	0.754321	8.2	ConditionalExpression[Extension`KalmarCompositionConstant == -(1/(\[FormalRho]*Derivative[1][Zeta][\[FormalRho]])), \[FormalRho] == Root[{-2 + Zeta[#1] & , 1.7286472389981836181351030103`29.237706376855613}]]
306	reciprocal of π	elementary	64	exact	2	PI, INV	0.000e+00	0.0	64.0	Pi^(-1)
307	a constant related to a certain Sobolev isoperimetric inequality	none	64	not found	7	THREE, COSH, COS, ARCTANH, EIGHT, SQRT, POWER	6.909e-09	0.749081	8.2	
308	eta/xi = A086318/A086317, a coefficient associated with the asymptotics of the number of weakly binary trees	none	64	not found	7	PI, GAMMA, GOLDENRATIO, EXP, TIMES, ARCCOSH, INV	8.936e-09	0.738825	8.0	
309	Feller-Tornier product constant	special	64	not found	7	PI, PI, ARCTAN, ARCSINH, SQRT, SQRT, DIVIDE	1.224e-08	0.726298	7.9	Product[1 - 2/Prime[\[FormalK]]^2, {\[FormalK], 1, Infinity}]
310	second Kneser-Mahler polynomial constant	special	64	not found	7	GOLDENRATIO, ARCCOSH, TWO, ARCCOSH, TIMES, LOG, ARCTAN	1.189e-08	0.727441	7.9	(9 - PolyGamma[1, 2/3] + PolyGamma[1, 4/3])/(4*Pi*Sqrt[3])
311	1/(4*K), a constant related to the asymptotic evaluation of the number of positive integers all of whose prime factors a	none	64	not found	7	FOUR, GOLDENRATIO, LOG, SQRT, ARCSIN, COSH, DIVIDE	1.304e-08	0.723769	7.9	
312	infinite product of (j/Pi)*sin(Pi/j), for j >= 2, a constant similar to the Kepler-Bouwkamp constant	none	64	not found	7	THREE, EXP, TAN, INV, TANH, ARCTAN, ARCSIN	1.583e-08	0.716019	7.8	
313	constant that appears in the asymptotic formula for average order of an infinitary analog of Euler's phi function (A0917	none	64	not found	7	TWO, SQRT, PI, ARCTAN, SINH, PLUS, INV	1.472e-08	0.718931	7.8	
314	Given the two curves y = (1 + exp(x))/2 and y = (1 + exp(x))/(1 + exp(x/2)), draw a line tangent to both. This sequence 	none	64	not found	7	TWO, TWO, SINH, TIMES, COS, SQR, ARCTANH	1.814e-08	0.71059	7.7	
315	9099999999923/27500000000000	rational	64	not found	7	SIX, SIN, ARCCOS, ARCSINH, LOG, SINH, ARCSIN	2.648e-08	0.695528	7.6	9099999999923/27500000000000
316	euler sqr	special	64	not found	7	SEVEN, TAN, ARCSIN, ARCCOSH, SIN, ARCSINH, ARCSIN	5.591e-08	0.665724	7.3	EulerGamma^2
317	log(A085851)	none	64	not found	7	TWO, SIN, TAN, GOLDENRATIO, SUBTRACT, TAN, TANH	2.016e-09	0.798183	8.7	
318	third	rational	64	exact	2	THREE, INV	0.000e+00	0.0	64.0	1/3
319	Sum_{k>=2} c(k)/prime(k), where c(k) = -1 if p == 1 (mod 4) and c(k) = +1 if p == 3 (mod 4)	none	64	not found	7	SEVEN, SEVEN, ARCCOSH, ARCCOSH, SINH, DIVIDE, ARCTAN	4.089e-08	0.678204	7.4	
320	radius of convergence of g.f. for unlabeled trees (A000055)	none	64	not found	7	PI, EIGHT, TANH, SINH, GAMMA, SINH, DIVIDE	4.601e-09	0.765291	8.3	
321	probability that a random walk on a 3-D lattice returns to the origin	special	64	not found	7	SIX, TWO, ARCTAN, SQR, TANH, POWER, TANH	1.781e-08	0.711332	7.7	1 - (16*Sqrt[2/3]*Pi^3) / (Gamma[1/24]*Gamma[5/24]*Gamma[7/24]*Gamma[11/24])
322	2*sin(Pi/18)	algebraic	64	exact	7	TWO, NINE, ONE, ARCSIN, DIVIDE, SIN, TIMES	1.110e-16	1.464514	64.0	2Sin[Pi/18]
323	sqrt(5^(1/3)-4^(1/3))	algebraic	64	not found	7	FIVE, SINH, ARCCOSH, SIN, EXP, TANH, TANH	1.473e-09	0.810686	8.8	Sqrt[Surd[5, 3] - Surd[4, 3]]
324	meander connective constant	special	64	not found	7	GOLDENRATIO, LOG, ARCTAN, SEVEN, SUBTRACT, ARCTAN, LOG	2.670e-08	0.695183	7.6	Product[1 - 2^(-2^\[FormalK]), {\[FormalK], 0, Infinity}]
325	lim_{N->infinity} (1/N^2 Sum_{n=1..N} K(n)), where K(n) is the squarefree kernel of n	none	64	not found	7	GOLDENRATIO, TANH, SQR, TANH, ARCTAN, SQR, ARCTAN	3.326e-08	0.686434	7.5	
326	a coefficient associated with the asymptotics of the variance of the distance between a vertex and the root of a random 	none	64	not found	7	TWO, COS, ARCSIN, EIGHT, COS, DIVIDE, ARCTANH	4.679e-11	0.948201	10.3	
327	Hafner–Sarnak–McCurley constant	none	64	not found	7	TWO, LOG, SIN, EIGHT, INV, COS, SUBTRACT	5.396e-08	0.667142	7.3	
328	radius of convergence of the generating function of A000598, the number of rooted ternary trees of n vertices	none	64	not found	7	TWO, FIVE, SQRT, COS, COS, PLUS, INV	1.787e-08	0.711208	7.7	
330	imaginary part of the infinite power tower of i	special	64	not found	7	EULER, NEG, TAN, PLUS, ARCSINH, ARCSIN, LOG	1.244e-08	0.725643	7.9	Im[-ProductLog[-Log[I]]/Log[I]]
331	log 1/M = ln 10	elementary	64	not found	7	PI, THREE, SQRT, SEVEN, SIN, TIMES, DIVIDE	1.954e-08	0.707629	7.7	Log10[Log[10]]
332	equilateral triangle line-picking constant	elementary	64	not found	7	FIVE, ARCTAN, NINE, SIN, SUBTRACT, EXP, TANH	1.271e-09	0.816574	8.9	(4 + 3*Log[3])/20
333	(3*sqrt(6) - 7)*Pi/3	elementary	64	not found	7	NINE, LOG, ARCSINH, ARCSINH, SQR, LOG, ARCTAN	2.009e-08	0.706527	7.7	(3Sqrt[6]-7)Pi/3
334	standard Gumbel distribution median	elementary	64	exact	4	TWO, LOG, INV, LOG	1.110e-16	2.5629	64.0	-Log[Log[2]]
335	constant that appears in the asymptotic formula for average order of the number of  infinitary divisors function (A03744	none	64	not found	7	PI, ONE, ARCTAN, GAMMA, ARCTAN, TIMES, INV	5.917e-09	0.755258	8.2	
336	reciprocal of e	elementary	64	exact	2	EULER, INV	0.000e+00	0.0	64.0	E^(-1)
337	Hardy-Littlewood constant C_7 = Product_{p prime > 7} 1/(1-1/p)^7 (1-7/p)	none	64	not found	7	PI, SQR, COS, GAMMA, ARCTAN, SIN, EXP	1.666e-08	0.713983	7.8	
338	fourth (of 10) decimal selvage number	none	64	not found	7	NINE, SIN, FIVE, INV, TANH, PLUS, SQR	1.399e-08	0.720953	7.9	
339	constant c appearing in the expected number of pair of twin vacancies in a digital tree	none	64	not found	7	PI, EULER, SUBTRACT, GAMMA, COS, SINH, EXP	3.334e-08	0.686339	7.5	
340	variance of the maximum of a size 8 sample from a normal (0,1) distribution	none	64	not found	7	SIX, INV, ARCSIN, SIX, GAMMA, DIVIDE, TAN	1.584e-08	0.716014	7.8	
341	(1/144)*3^(1/2)*Pi^3	elementary	64	not found	7	THREE, SINH, SQR, LOG, FIVE, SUBTRACT, ARCTAN	1.703e-09	0.804901	8.8	Sqrt[3]*Pi^3/144
342	1/Gamma(1/3)	special	64	exact	4	THREE, INV, GAMMA, INV	0.000e+00	0.0	64.0	1/Gamma[1/3]
343	first positive solution to exp(1-1/x)/x = 1/2, a binary search tree constant	special	64	not found	7	FIVE, COS, SQRT, GOLDENRATIO, TANH, SUBTRACT, ARCTAN	2.821e-08	0.693001	7.5	-1/ProductLog[-1, -1/(2*E)]
344	Artin's constant	special	64	not found	7	PI, THREE, TIMES, ARCTAN, ARCCOSH, SINH, ARCCOSH	1.773e-09	0.803303	8.8	Product[1 - 1/((-1 + Prime[n])*Prime[n]), {n, 1, Infinity}]
345	64/169, the upper bound (as given by S. Finch) of the 2-dimensional simultaneous Diophantine approximation constant	none	64	exact	6	FOUR, NINE, PLUS, EIGHT, DIVIDE, SQR	2.220e-16	1.676362	64.0	
346	upper bound of the 6-dimensional simultaneous Diophantine approximation constant	none	64	not found	7	FIVE, SIX, SIN, COS, SIN, POWER, SINH	1.532e-08	0.717347	7.8	
347	expected distance from a randomly selected point in the unit square to its center: (sqrt(2) + log(1 + sqrt(2)))/6	elementary	64	exact	7	SIX, NEG, ARCSINH, TWO, SQRT, SUBTRACT, DIVIDE	0.000e+00	0.0	64.0	(Sqrt[2] + Log[1 + Sqrt[2]])/6
348	Given the two curves y = (1 + exp(x))/2 and y = (1 + exp(x))/(1 + exp(x/2)), draw a line tangent to both. This sequence 	none	64	not found	7	SEVEN, TAN, COSH, COS, ARCTANH, SQRT, TANH	1.363e-08	0.722004	7.9	
349	upper bound of the 5-dimensional simultaneous Diophantine approximation constant	elementary	64	not found	7	NEG, COSH, COS, EXP, ARCSINH, ARCTANH, LOG	1.513e-08	0.717831	7.8	3/(208 + 72*Pi - 96*Sqrt[2]*Pi)
350	variance of the maximum of a size 7 sample from a normal (0,1) distribution	none	64	not found	7	EIGHT, TANH, THREE, POWER, FOUR, POWER, COS	1.062e-08	0.731957	8.0	
351	1 - 6/pi^2	elementary	64	exact	6	PI, SQR, SIX, DIVIDE, ONE, SUBTRACT	0.000e+00	0.0	64.0	1 - 6/Pi^2
352	Pi/8	none	64	exact	3	EIGHT, PI, DIVIDE	0.000e+00	0.0	64.0	
353	A(rectangles), an analog of Moser's worm constant, which is associated with the class of rectangular regions of the plan	none	64	not found	7	THREE, EULER, ARCTAN, DIVIDE, TANH, TAN, SIN	1.288e-08	0.724239	7.9	
354	radius of convergence of the generating function for the enumeration of rooted identity trees (A004111)	none	50	not found	7	NINE, SIX, TWO, EXP, PLUS, DIVIDE, LOG	2.514e-08	0.697586	7.6	
355	Pi*G - 33*zeta(3)/16, where G = A006752	special	64	not found	7	THREE, SINH, FOUR, DIVIDE, TANH, SINH, SINH	2.928e-08	0.691518	7.5	Pi Catalan-33Zeta[3]/16
356	one div root two pi	elementary	64	exact	5	PI, ONE, ARCSIN, SQRT, DIVIDE	1.110e-16	2.05032	64.0	1/Sqrt[2*Pi]
357	log Sqrt[2π]	elementary	64	not found	7	GOLDENRATIO, COS, SEVEN, POWER, ARCCOS, ARCSINH, SIN	3.192e-08	0.688071	7.5	Log10[Sqrt[2*Pi]]
358	'lambda', a Somos quadratic recurrence constant mentioned by Steven Finch	none	64	not found	7	SIX, NINE, ARCSINH, GAMMA, GOLDENRATIO, POWER, DIVIDE	1.735e-08	0.71237	7.8	
359	Feigenbaum's constant 0.399535	none	64	not found	7	SEVEN, TAN, SQR, ARCTAN, SQR, ARCSINH, ARCSINH	4.658e-09	0.764797	8.3	
360	Li_3(2 - phi)	special	64	not found	7	EULER, COSH, GOLDENRATIO, EIGHT, ARCTAN, PLUS, DIVIDE	9.267e-09	0.737374	8.0	PolyLog[3,2-GoldenRatio]
361	radius of convergence of Wedderburn-Etherington numbers g.f	none	64	not found	7	THREE, INV, LOG, TAN, GAMMA, FIVE, DIVIDE	1.260e-08	0.725119	7.9	
362	'mu', a percolation constant associated with the asymptotic threshold for 3-dimensional bootstrap percolation	none	64	not found	7	SIX, SQR, COS, TWO, POWER, ARCCOS, ARCSINH	5.991e-09	0.754765	8.2	
363	log(A085850)	none	41	not found	7	SIX, GAMMA, ARCTAN, TANH, TWO, SUBTRACT, ARCCOSH	2.189e-08	0.703117	7.7	
364	m_2 = (2-1/e)/4, one of Renyi's parking constants, the mean car density in case "monomer with nearest neighbor exclusion	elementary	64	exact	6	FOUR, EULER, INV, TWO, SUBTRACT, DIVIDE	0.000e+00	0.0	64.0	(2 - 1/E)/4
365	upper bound of the 4-dimensional simultaneous Diophantine approximation constant	elementary	64	not found	7	PI, GAMMA, FOUR, ARCCOSH, ARCCOSH, ARCTAN, DIVIDE	3.728e-08	0.681884	7.4	27/(4*(8*Sqrt[3]*Pi - 27))
366	Euler-Kronecker constant (as named by P. Moree) for non-hypotenuse numbers	none	64	not found	7	PI, TWO, POWER, TANH, SIN, SQRT, ARCCOS	5.913e-09	0.755286	8.2	
367	lower bound of the Berry-Esseen constant	elementary	64	not found	7	SEVEN, TAN, ARCCOS, EXP, EIGHT, LOG, SUBTRACT	9.859e-09	0.734906	8.0	(3 + Sqrt[10])/(6*Sqrt[2*Pi])
368	Hardy-Littlewood constant C_5 = Product_{p prime > 5} 1/(1-1/p)^5 (1-5/p)	none	64	not found	7	FIVE, ARCTAN, SQRT, SIN, ARCCOS, ARCSINH, TAN	1.302e-09	0.815627	8.9	
369	sqrt(2)*(sqrt(6) - 1)/5	algebraic	64	exact	6	TWO, SIX, SQRT, SUBTRACT, ARCTAN, SIN	4.441e-16	1.644124	64.0	Sqrt[2](Sqrt[6]-1)/5
370	Prouhet–Thue–Morse constant	special	64	not found	6	SIX, ARCCOSH, THREE, TANH, DIVIDE, SINH	3.135e-09	0.910677	8.5	(2 - Product[(-1 + 2^2^\[FormalK])/2^2^\[FormalK], {\[FormalK], 0, Infinity}])/4
371	1/(eta*P'(eta)), a constant related to the asymptotic evaluation of the number of prime multiplicative compositions, whe	none	30	not found	6	FOUR, SIN, ARCCOS, ARCTAN, SQRT, ARCCOSH	5.930e-09	0.881035	8.2	
372	sqrt(2) - 1	algebraic	64	exact	3	NEG, ARCSINH, EXP	0.000e+00	0.0	64.0	Sqrt[2] - 1
373	isosceles triangle line-picking constant	elementary	64	not found	7	GOLDENRATIO, SINH, NINE, LOG, LOG, TAN, DIVIDE	1.421e-08	0.72033	7.8	(2 + 4*Sqrt[2] + ArcSinh[1]*(4 + Sqrt[2]))/30
374	Prime constant	special	64	not found	7	NEG, SIN, THREE, DIVIDE, TANH, ARCSINH, EXP	1.671e-08	0.713869	7.8	Sum[2^(-Prime[n]), {n, 1, Infinity}]
375	variance of the maximum of a size 6 sample from a normal (0,1) distribution	none	64	not found	7	FIVE, SIN, SEVEN, POWER, SINH, SQRT, TAN	9.779e-09	0.735234	8.0	
376	volume of the Meissner Body	elementary	64	not found	7	NINE, GAMMA, PI, ARCTAN, SUBTRACT, SIN, ARCTAN	8.357e-09	0.741495	8.1	(2/3 - Sqrt[3]/4 * ArcCos[1/3])* Pi
377	Minkowski-Bower constant	special	64	not found	7	GOLDENRATIO, PI, TANH, SQRT, TANH, PLUS, INV	3.162e-10	0.872039	9.5	Inactive[Root][{#1 - MinkowskiQuestionMark[#1] & , 0.420372339423223075640993`23.623634131640042}]
378	Schlüter ten disk constant	algebraic	64	not found	7	EIGHT, SQRT, NEG, SINH, TAN, PLUS, ARCSINH	3.461e-09	0.776638	8.5	Root[819200 - 14172160*\[FormalX] + 114038784*\[FormalX]^2 - 563649536*\[FormalX]^3 + 1899131648*\[FormalX]^4 - 4564076288*\[FormalX]^5 + 7918461504*\[FormalX]^6 - 9722063488*\[FormalX]^7 + 7803109440*\[FormalX]^8 - 2960321792*\[FormalX]^9 - 1038261808*\[FormalX]^10 + 1526909568*\[FormalX]^11 + 227573920*\[FormalX]^12 - 1398966480*\[FormalX]^13 + 1145811528*\[FormalX]^14 - 462103584*\[FormalX]^15 + 98015844*\[FormalX]^16 - 11436428*\[FormalX]^17 + 1180129*\[FormalX]^18, \[FormalX], 1]
379	logarithmic capacity of the unit equilateral triangle	none	64	not found	7	THREE, GOLDENRATIO, SQRT, FIVE, LOG, DIVIDE, DIVIDE	2.239e-08	0.702208	7.6	
380	c_1, a constant associated with the computation of the maximal modulus of an algebraic integer	none	64	not found	7	PI, GOLDENRATIO, SEVEN, PLUS, SINH, TAN, POWER	1.343e-09	0.814369	8.9	
381	Reuleaux tetrahedron volume	elementary	64	not found	7	SEVEN, TWO, SINH, SUBTRACT, COS, ARCSINH, EXP	1.683e-09	0.805389	8.8	(8*Pi)/3 - (27*ArcCos[1/3])/4 + Sqrt[2]/4
382	1 - gamma, where gamma is Euler's constant (or the Euler-Mascheroni constant)	special	64	not found	7	NINE, SIN, GAMMA, ARCCOSH, SIN, COSH, LOG	1.303e-08	0.723785	7.9	1 - EulerGamma
383	pi^(-3/4)	elementary	64	exact	5	PI, PI, SQRT, SQRT, DIVIDE	2.220e-16	2.011635	64.0	Pi^(-3/4)
384	Dawson's integral at the inflection point	none	64	not found	7	FIVE, COS, SIN, GOLDENRATIO, SQR, SUBTRACT, INV	1.096e-08	0.73067	8.0	
385	(2/3)*x where x is the real solution of the equation x^2 + 2*sqrt(1 - x^2) = 2*x*(x + arccos(x))	none	64	not found	7	TWO, GOLDENRATIO, COS, SINH, TIMES, EXP, ARCCOS	1.202e-08	0.727014	7.9	
386	gamma', the analog of Euler's constant when 1/x is replaced by 1/(x*log(x))	none	64	not found	7	FIVE, LOG, SEVEN, TAN, COS, SINH, DIVIDE	8.431e-09	0.741145	8.1	
387	carefree constant	special	64	not found	7	EIGHT, ARCCOSH, ONE, ARCTAN, ARCSINH, POWER, TAN	3.013e-08	0.690376	7.5	Product[1 - (-1 + 2*Prime[\[FormalK]])/Prime[\[FormalK]]^3, {\[FormalK], 1, Infinity}]
388	'lambda', a Young-Fejér-Jackson constant linked to the positivity of certain sine sums	none	64	not found	7	THREE, EIGHT, ARCTAN, INV, ARCSIN, POWER, SIN	1.571e-11	0.991713	10.8	
389	2*arccsch(2)/sqrt(5)	none	64	exact	6	GOLDENRATIO, LOG, TWO, ARCTAN, SIN, TIMES	0.000e+00	0.0	64.0	
390	m = (1-1/e^2)/2, one of Renyi's parking constants	elementary	64	exact	4	EULER, ONE, SINH, DIVIDE	0.000e+00	0.0	64.0	(1 - 1/E^2)/2
391	Bloch constant lower limit	algebraic	64	not found	6	FIVE, LOG, COS, COS, COSH, LOG	8.242e-09	0.865721	8.1	1/5000 + Sqrt[3]/4
392	common logarithm of e	elementary	64	exact	5	NEG, NINE, SUBTRACT, LOG, INV	1.110e-16	2.05032	64.0	Log10[E]
393	asymptotic probability of success in the full-information secretary problem with uniform distribution when the number of	none	64	not found	7	SEVEN, LOG, ARCCOSH, TANH, GAMMA, COS, ARCSINH	1.735e-09	0.804165	8.8	
394	a constant related to the [dimensionless] electrical capacitance of the ring torus without hole (with unit circle radius	none	64	not found	7	GOLDENRATIO, SIX, SQRT, SIN, SINH, DIVIDE, ARCSIN	1.102e-08	0.730462	8.0	
395	1/(2*(Pi-2)), the upper bound of the 3-dimensional simultaneous Diophantine approximation constant	elementary	64	exact	4	FOUR, COS, ARCCOS, INV	1.110e-16	2.5629	64.0	1/(2*(Pi - 2))
397	real part of the infinite power tower of i	special	64	not found	7	THREE, COS, ARCTANH, THREE, COS, SINH, DIVIDE	2.922e-09	0.783382	8.5	Re[-ProductLog[-Log[I]]/Log[I]]
398	breadth of the "caliper", the broadest worm of unit length	none	64	not found	7	SEVEN, TAN, COS, SQR, TANH, TAN, TAN	6.908e-09	0.749085	8.2	
399	Otter's asymptotic constant beta for the number of rooted trees	none	64	not found	7	TWO, TANH, THREE, SUBTRACT, GOLDENRATIO, GAMMA, DIVIDE	5.305e-09	0.759612	8.3	
400	Ising constant	elementary	64	exact	4	TWO, ONE, ARCSINH, DIVIDE	0.000e+00	0.0	64.0	Log[1 + Sqrt[2]]/2
401	1/log(2)-1, the mean value of a random variable following the Gauss-Kuzmin distribution	elementary	64	exact	5	NEG, TWO, LOG, INV, PLUS	0.000e+00	0.0	64.0	1/Log[2] - 1
403	1D Diophantine approximation constant	algebraic	64	exact	3	GOLDENRATIO, LOG, TANH	0.000e+00	0.0	64.0	Sqrt[5]^(-1)
404	variance of the maximum of a size 5 sample from a normal (0,1) distribution	special	64	not found	7	EULER, GAMMA, SQRT, TWO, INV, POWER, ARCTANH	2.360e-09	0.791903	8.6	1 - 25/Pi + 150*ArcCsc[Sqrt[3]]/Pi^2 + 5*Sqrt[3]*ArcSec[2*Sqrt[2/3]]/Pi^2 - 225*ArcCsc[Sqrt[3]]^2/Pi^3
405	7*sqrt(3)/27	algebraic	64	exact	6	NINE, THREE, SQRT, SEVEN, DIVIDE, DIVIDE	2.220e-16	1.676362	64.0	7Sqrt[3]/27
406	asymptotic probability of success in the full information version of the secretary problem	none	64	not found	7	FOUR, ARCTAN, SQR, ARCSINH, GAMMA, ARCCOS, SIN	2.850e-09	0.784382	8.5	
407	2^(1/2)/pi	elementary	64	exact	4	PI, TWO, SQRT, DIVIDE	2.220e-16	2.514543	64.0	2^(1/2)/Pi
408	log(Pi/2)	elementary	64	exact	3	ONE, ARCSIN, LOG	1.110e-16	3.4172	64.0	Log[Pi/2]
409	prime zeta function at 2: Sum_{p prime} 1/p^2	special	64	not found	7	PI, LOG, GOLDENRATIO, COS, PLUS, ARCCOSH, SINH	2.279e-08	0.7015	7.6	PrimeZetaP[2]
410	Product_{n>1} (1-1/n)^(1/n)	none	64	not found	7	EIGHT, ARCCOSH, GAMMA, LOG, SINH, TANH, ARCSINH	6.199e-10	0.845199	9.2	
411	e^(-pi/4)	elementary	64	exact	3	NEG, ARCTAN, EXP	0.000e+00	0.0	64.0	E^(-Pi/4)
412	c^c^c^...  where c is the constant defined in A037077	none	64	not found	7	SEVEN, LOG, SQRT, FIVE, SUBTRACT, TAN, TANH	2.150e-08	0.703819	7.7	
413	Machin Gregory series constant	elementary	64	exact	3	TWO, INV, ARCTAN	0.000e+00	0.0	64.0	ArcTan[1/2]
414	6*K/Pi^2, a constant related to the asymptotic evaluation of the number of positive squarefree integers of the form a^2 	none	64	not found	7	SEVEN, ARCTAN, NEG, ARCSINH, TAN, PLUS, SQRT	2.435e-10	0.882451	9.6	
415	(1/30)*2^(1/2)*Pi^2	elementary	64	not found	7	EIGHT, SIN, GAMMA, ARCTAN, COSH, GAMMA, ARCCOS	1.042e-08	0.732689	8.0	(Sqrt[2] Pi^2)/30
416	'etaHat', a constant used in the asymptotic evaluation of e.g.f. coefficients for the number of labeled mobiles	none	64	not found	6	SIX, SQRT, GAMMA, ARCCOSH, ARCSINH, SQR	5.317e-09	0.886113	8.3	
417	pi^(-2/3)	elementary	64	exact	6	PI, THREE, INV, PI, POWER, DIVIDE	0.000e+00	0.0	64.0	Pi^(-2/3)
418	Bloch constant upper limit	special	64	not found	7	NINE, COSH, COS, TANH, SINH, SINH, TAN	2.960e-09	0.782868	8.5	(Sqrt[(-1 + Sqrt[3])/2]*Gamma[1/3]*Gamma[11/12])/Gamma[1/4]
419	Weierstrass constant	special	64	not found	7	NINE, NEG, DIVIDE, ARCSINH, ARCTANH, INV, TAN	3.360e-09	0.777824	8.5	(2*2^(1/4)*E^(Pi/8)*Sqrt[Pi])/Gamma[1/4]^2
420	Plouffe's b-constant	none	64	not found	7	FIVE, EXP, ARCSINH, SQR, COS, TANH, SIN	4.459e-10	0.858329	9.4	
421	common logarithm of 3	elementary	64	exact	7	NEG, NINE, SUBTRACT, LOG, THREE, LOG, DIVIDE	0.000e+00	0.0	64.0	Log10[3]
422	quadtree leaf proportion constant	elementary	64	not found	7	FOUR, ARCTAN, PI, EXP, GAMMA, SIN, POWER	6.203e-09	0.75338	-0.4	-39 + 4*Pi^2
423	(6*sqrt(3) + 12*log(2+sqrt(3)) - Pi)/48	elementary	64	not found	7	NEG, ARCSIN, SINH, COSH, GOLDENRATIO, SINH, DIVIDE	3.167e-08	0.68838	7.5	(6Sqrt[3]+12Log[2+Sqrt[3]]-Pi)/48
424	(ln 2)^2	elementary	64	exact	3	TWO, LOG, SQR	1.110e-16	3.4172	64.0	Log[2]^2
425	2*zeta(3)/5	special	64	not found	7	EULER, SIN, ONE, ARCSINH, ARCSINH, SQRT, SUBTRACT	1.908e-08	0.708577	7.7	2*Zeta[3]/5
426	logarithm of golden ratio	elementary	64	exact	2	GOLDENRATIO, LOG	0.000e+00	0.0	64.0	Log[GoldenRatio]
427	Trott's third constant	none	64	not found	7	FIVE, COSH, COS, SQRT, ARCTAN, ARCTAN, ARCSINH	2.339e-09	0.792266	8.6	
428	a constant related to the expected number of vertices of the largest tree associated with a random mapping on n symbols	none	64	not found	7	SIX, TWO, SIN, TIMES, SQRT, COSH, COS	1.073e-08	0.731537	8.0	
429	2*K/Pi, a constant related to the asymptotic evaluation of the number of positive integers all of whose prime factors ar	none	64	not found	7	SIX, PI, DIVIDE, SQR, COSH, COS, SIN	2.955e-09	0.782941	8.5	
430	Gaussian twin prime constant	special	64	not found	7	THREE, COS, SQR, SINH, ARCCOSH, ARCSINH, SIN	9.535e-09	0.736239	8.0	(Pi^2*Product[Piecewise[{{((1 - 4/Prime[\[FormalK]])*(1 + Prime[\[FormalK]])^2)/(-1 + Prime[\[FormalK]])^2, Mod[Prime[\[FormalK]], 4] == 1}}, 1], {\[FormalK], 1, Infinity}])/8
431	3/(8*K), a constant related to the asymptotic evaluation of the number of positive integers that can be expressed as the	none	64	not found	7	SIX, COS, PI, DIVIDE, GAMMA, SQR, SIN	6.210e-09	0.753334	8.2	
432	variance of the maximum of a size 4 sample from a normal (0,1) distribution	special	64	not found	7	FOUR, THREE, TWO, DIVIDE, ARCSIN, SUBTRACT, GAMMA	6.301e-09	0.752757	8.2	1 + Sqrt[3]/Pi - 36*ArcSec[Sqrt[3]]^2/Pi^3
433	Shapiro-Drinfeld cyclic sum constant	special	64	not found	7	EIGHT, COS, TAN, ARCSIN, SIX, GAMMA, POWER	2.955e-09	0.782934	8.5	ConditionalExpression[Extension`ShapiroDrinfeldCyclicSumConstant == \[FormalY]/2, \[FormalY] + \[FormalY]*E^(\[FormalX]/2) == (2 + \[FormalX])/E^(\[FormalX]/2) + \[FormalX]/(1 + E^(\[FormalX]/2)) && \[FormalX] + (1 + 2*E^(\[FormalX]/2))^(-1) == Log[(4*E^\[FormalX]*Cosh[\[FormalX]/4]^2)/(1 + 2*E^(\[FormalX]/2))] && -3/2 < \[FormalX] < -1/2 && 1/2 < \[FormalY] < 1]
434	fifth (of 10) decimal selvage number	none	64	false positive	6	TWO, SEVEN, INV, SQR, PLUS, INV	0.000e+00	0.0	19.6	
435	1-gamma-gamma(1), a constant related to the asymptotic expansion of j(n), the counting function of "jagged" numbers, whe	special	64	not found	7	EIGHT, GAMMA, TAN, TAN, GAMMA, SQR, SIN	9.769e-10	0.827066	9.0	1 - EulerGamma - StieltjesGamma[1]
436	common logarithm of π	elementary	64	exact	7	NEG, NINE, SUBTRACT, LOG, PI, LOG, DIVIDE	1.110e-16	1.464514	64.0	Log10[Pi]
437	Half	rational	64	exact	2	TWO, INV	0.000e+00	0.0	64.0	1/2
438	birthday problem constant	rational	64	not found	6	EULER, PI, SQRT, ARCCOSH, SQR, DIVIDE	1.873e-08	0.827548	7.7	38093904702297390785243708291056390518886454060947061/75091883268515350125426207425223147563269805908203125
439	A245781*Pi/2	none	64	not found	7	FIVE, TWO, LOG, ARCSIN, POWER, ARCSIN, SQRT	3.762e-09	0.773315	8.4	
440	sqrt(2 - sqrt(3)), edge length of a regular dodecagon with circumradius 1	none	64	exact	5	FOUR, FIVE, ARCCOSH, DIVIDE, TANH	0.000e+00	0.0	64.0	
441	a constant related to the asymptotic expansion of the smallest Lebesgue constant corresponding to an optimal interpolati	special	64	not found	7	GOLDENRATIO, INV, ARCSINH, ARCCOS, TANH, SQR, ARCSINH	1.569e-08	0.716395	7.8	2/Pi*(2*Log[2] - Log[Pi] + EulerGamma)
442	square line-picking constant	elementary	64	not found	7	SIX, TAN, COSH, TANH, SQR, ARCTAN, ARCSINH	5.490e-09	0.75825	8.3	(2 + 5*Log[1 + Sqrt[2]] + Sqrt[2])/15
443	sixth pi	elementary	64	exact	3	SIX, PI, DIVIDE	2.220e-16	3.352724	64.0	Pi/6
444	Upper limit of backward value of 5^n	none	64	not found	7	PI, FOUR, SIN, DIVIDE, ARCCOS, INV, ARCSINH	1.541e-09	0.808901	8.8	
445	Mrs. Miniver's constant	none	64	not found	7	EULER, SQRT, TANH, TANH, ARCTAN, TANH, SIN	3.383e-09	0.777552	8.5	
446	Pythagorean triple constant for areas	special	64	not found	7	NINE, ARCCOSH, FIVE, EXP, POWER, SQR, COS	5.038e-09	0.761671	2.3	Gamma[1/4]^2/Sqrt[2*Pi^5]
447	Otter's asymptotic constant beta for the number of unrooted trees	none	64	not found	7	SEVEN, TAN, LOG, ARCTAN, EXP, INV, ARCCOSH	9.503e-09	0.736373	8.0	
448	Product_{p odd prime} 1-2/(p*(p-1)), a constant related to Artin's conjecture in the context of quadratic fields	none	64	not found	7	ONE, ARCTAN, EULER, ARCTAN, ARCCOSH, TIMES, ARCSIN	5.953e-09	0.755017	8.2	
449	2*(2 - sqrt(3))	algebraic	64	exact	5	NEG, THREE, SQRT, PLUS, SQR	2.220e-16	2.011635	64.0	2(2-Sqrt[3])
450	Li_3(1/2)	special	64	not found	7	THREE, TAN, SQR, COSH, COS, SIN, SINH	7.802e-09	0.744234	8.1	PolyLog[3, 1/2]
451	'c', one of Polya's Random Walk constants, related to the asymptotics of the number of 3-D random walks starting from an	none	64	not found	7	SEVEN, SIN, EXP, SQR, ARCTAN, SINH, LOG	7.942e-10	0.83532	9.1	
452	Ioachimescu constant	special	64	not found	7	GOLDENRATIO, ONE, SINH, SUBTRACT, ARCCOS, INV, ARCTANH	5.072e-09	0.7614	8.3	2 + Zeta[1/2]
453	cos one	elementary	64	exact	2	NEG, COS	0.000e+00	0.0	64.0	Cos[1]
454	value of the maximum of Dawson's integral D_+(x)	none	64	not found	7	FIVE, COS, ARCCOS, INV, ARCTANH, TAN, LOG	2.651e-13	1.154435	12.6	
455	Landau constant upper limit	special	64	not found	7	FOUR, COSH, NINE, ARCTAN, POWER, SQR, TAN	1.712e-09	0.804704	5.3	(Gamma[1/3]*Gamma[5/6])/Gamma[1/6]
456	Pi^2/18	elementary	64	exact	6	PI, NINE, ONE, ARCSIN, DIVIDE, TIMES	0.000e+00	0.0	64.0	Pi^2/18
457	-ln gamma	special	64	not found	7	GOLDENRATIO, SIN, TANH, SQRT, TANH, ARCTAN, ARCTAN	4.022e-09	0.770648	8.4	-Log[EulerGamma]
458	coefficient c_m in c_m*log(N), the asymptotic mean number of factors in a random factorization of n <= N	none	64	not found	7	SIX, PI, GAMMA, DIVIDE, SIN, LOG, COS	7.788e-10	0.836099	9.1	
459	probability that an integer triple is pairwise unitary coprime	none	64	not found	7	NEG, ARCTAN, NEG, COSH, INV, LOG, DIVIDE	5.361e-09	0.759192	8.3	
460	Kuijlaars-Saff constant	special	64	not found	7	SEVEN, SIX, DIVIDE, COS, ARCTAN, ARCTAN, ARCSIN	1.034e-08	0.733018	8.0	-1/2*(3^(3/4)*Zeta[1/2]*(Zeta[1/2, 1/3] - Zeta[1/2, 2/3]))/Sqrt[2*Pi]
461	smallest disk radius for which six equal disks can cover the unit disk	none	64	not found	7	EULER, ONE, SUBTRACT, INV, ARCTANH, ARCTAN, EXP	7.613e-09	0.745211	8.1	
462	1-9/(4*Pi)+sqrt(3)/(2*Pi), an extreme value constant	elementary	64	not found	7	SIX, INV, SQR, GAMMA, COS, EXP, SINH	4.115e-09	0.769735	8.4	1 - 9/(4*Pi) + Sqrt[3]/(2*Pi)
463	value of the Buchstab function at phi + 2 = (5 + sqrt(5))/2 (A296184)	elementary	64	not found	7	FIVE, SEVEN, DIVIDE, EXP, COS, ARCSINH, EXP	2.984e-09	0.782553	8.5	(1 + 2*Log[GoldenRatio] + Log[GoldenRatio]^2 - Pi^2/60)/(GoldenRatio + 2)
464	reciprocal exponential of Euler γ	special	64	not found	7	GOLDENRATIO, EULER, SEVEN, TIMES, PLUS, SIN, COS	5.516e-09	0.758057	8.3	E^(-EulerGamma)
465	one div root pi	elementary	64	exact	3	PI, INV, SQRT	0.000e+00	0.0	64.0	1/Sqrt[Pi]
466	Omega constant	special	64	not found	7	EIGHT, GOLDENRATIO, LOG, SIN, FIVE, SUBTRACT, DIVIDE	9.293e-09	0.737262	8.0	ProductLog[1]
467	infinite tetration of i absolute value	special	64	not found	7	FOUR, TANH, SIX, DIVIDE, SQRT, SIN, ARCTAN	7.526e-09	0.745671	8.1	Limit[Abs[Nest[I^#1 & , I, \[FormalN]]], \[FormalN] -> Infinity]
468	B, a constant appearing in an asymptotic formula related to the exponential divisor function sigma^(e)	none	64	not found	7	NINE, INV, EXP, GAMMA, ARCCOS, ARCTAN, SQRT	5.585e-09	0.757565	8.3	
469	(PolyGamma(1,(1+sqrt(5))/4)-PolyGamma(1,(3+sqrt(5))/4))/2	special	64	not found	7	FIVE, EXP, EIGHT, DIVIDE, EXP, TAN, LOG	1.238e-08	0.725829	7.9	(PolyGamma[1,(1+Sqrt[5])/4]-PolyGamma[1,(3+Sqrt[5])/4])/2
470	weakly carefree constant	special	64	not found	7	NEG, TWO, TAN, PLUS, INV, SIX, POWER	3.072e-08	0.689601	7.5	2*Product[1 - (-1 + 2*Prime[\[FormalK]])/Prime[\[FormalK]]^3, {\[FormalK], 1, Infinity}] - Product[1 - (-2 + 3*Prime[\[FormalK]])/Prime[\[FormalK]]^3, {\[FormalK], 1, Infinity}]
471	Product_{p prime > 2} 1-1/(p^2-3p+3), a constant related to I. M. Vinogradov's proof of the "ternary" Goldbach conjectur	none	64	not found	7	NEG, ARCTAN, EXP, SQRT, THREE, ARCTAN, SUBTRACT	5.455e-09	0.758498	8.3	
472	eta_A, a constant associated with the asymptotics of the enumeration of labeled acyclic digraphs	none	64	not found	7	EIGHT, COSH, COS, EXP, SIN, ARCSINH, ARCCOS	3.975e-09	0.771121	8.4	
473	Stephens' constant	special	64	not found	7	THREE, TANH, TWO, ARCTAN, DIVIDE, ARCTAN, ARCCOS	2.940e-08	0.691344	7.5	Product[1 - Prime[n]/(-1 + Prime[n]^3), {n, 1, Infinity}]
474	a constant related to the asymptotics of A005169	none	64	not found	7	PI, ARCTAN, FOUR, EULER, DIVIDE, POWER, SIN	1.303e-09	0.815582	8.9	
475	Euler gamma	special	64	not found	7	TWO, TANH, SINH, SIX, COS, POWER, COS	9.214e-09	0.737605	8.0	EulerGamma
476	3^(-1/2)	algebraic	64	exact	3	THREE, INV, SQRT	0.000e+00	0.0	64.0	3^(-1/2)
477	Pi/(2e)	none	64	exact	4	EULER, ONE, ARCSIN, DIVIDE	0.000e+00	0.0	64.0	
478	k3, a Diophantine approximation constant such that the conjectured volume of the "critical parallelepiped" is 2^3*k3 (th	algebraic	64	not found	7	GOLDENRATIO, EXP, COSH, SIN, SIN, ARCTAN, ARCTAN	8.561e-09	0.740535	8.1	8/7*Cos[2*Pi/7]*Cos[Pi/7]^2
479	asymptotic probability of success in one of the Secretary problems	none	64	not found	7	NEG, SIX, LOG, ARCTAN, TANH, SUBTRACT, LOG	6.243e-09	0.75312	8.2	
480	Pell constant	special	64	not found	7	GOLDENRATIO, SQR, COSH, FOUR, COSH, ARCSINH, DIVIDE	7.329e-09	0.746731	8.1	1 - QPochhammer[1/2, 1/4]
481	gamma_3, a lattice sum constant, analog of Euler's constant for 3-dimensional lattices	none	64	not found	7	PI, ARCCOSH, SIX, TAN, PLUS, INV, ARCTAN	8.221e-09	0.742151	8.1	
482	-zeta(1/2)/sqrt(2*Pi)	special	64	not found	7	NEG, ARCTAN, SQR, TANH, LOG, ARCTAN, EXP	3.267e-09	0.77894	8.5	-Zeta[1/2]/Sqrt[2*Pi]
483	first Kneser-Mahler polynomial constant	special	64	not found	7	FIVE, ARCCOSH, ARCTAN, COS, ARCTAN, SQRT, ARCSINH	3.984e-09	0.771029	8.4	(2*Catalan)/Pi
484	Logarithmic capacity of the unit disk	special	64	not found	7	NINE, ARCCOSH, COS, TANH, COS, TANH, ARCSINH	5.816e-09	0.755944	8.2	Gamma[1/4]^2/(4*Pi^(3/2))
485	Lehmer constant	special	64	not found	7	SEVEN, LOG, LOG, GAMMA, INV, ARCSIN, ARCCOS	1.389e-08	0.721252	7.9	ConditionalExpression[Extension`LehmerConstant == Cot[Sum[(-1)^\[FormalK]*ArcCot[Subscript[\[FormalC], \[FormalK]]], {\[FormalK], 0, Infinity}]], Subscript[\[FormalC], 0] == 0 && Subscript[\[FormalC], \[FormalK]] == 1 + Subscript[\[FormalC], -1 + \[FormalK]] + Subscript[\[FormalC], -1 + \[FormalK]]^2]
487	Gompertz constant	special	64	not found	7	SIX, SQRT, SQRT, NINE, TANH, DIVIDE, SIN	2.630e-09	0.787581	8.6	-(E*ExpIntegralEi[-1])
489	Champernowne base-3 constant	special	64	not found	6	FOUR, SQR, EXP, SIN, TAN, ARCSIN	9.889e-10	0.964344	9.6	ChampernowneNumber[3]
490	second lemniscate constant	special	64	not found	7	SEVEN, TANH, SIN, EXP, SIN, SQR, ARCTANH	2.239e-09	0.793998	8.6	Gamma[3/4]^2/Sqrt[2*Pi]
491	sqrt(13)/6	algebraic	64	exact	5	SIX, SEVEN, DIVIDE, ARCCOSH, SINH	2.220e-16	2.011635	64.0	Sqrt[13] / 6
492	log10(4)	elementary	64	exact	7	NEG, NINE, SUBTRACT, LOG, FOUR, LOG, DIVIDE	2.220e-16	1.436882	64.0	Log[10, 4]
493	G(1/2) where G is the Barnes G-function	special	64	not found	7	THREE, ARCSINH, ARCCOSH, ONE, SIN, DIVIDE, TANH	8.882e-10	0.830862	9.1	BarnesG[1/2]
494	sum_{n>=1} 1/(n binomial(2n, n))	elementary	64	exact	6	PI, NINE, THREE, SQRT, DIVIDE, TIMES	0.000e+00	0.0	64.0	Pi/(3*Sqrt[3])
495	QRS constant	special	64	not found	7	GOLDENRATIO, SIN, TANH, LOG, ARCTANH, SIX, POWER	8.109e-09	0.742696	8.1	Root[{Zeta[1/2, #1/2] & , 0.605443657196732749478922842447`29.782073733759695}]
496	exp minus half	elementary	64	exact	3	EULER, INV, SQRT	0.000e+00	0.0	64.0	Exp[-1/2]
497	6/Pi^2	elementary	64	exact	4	PI, SQR, SIX, DIVIDE	0.000e+00	0.0	64.0	6/Pi^2
498	Sum{p prime>=2} log(p)/(p^2-p+1)	none	64	not found	6	PI, FOUR, SUBTRACT, COSH, TWO, SUBTRACT	1.225e-09	0.954379	8.9	
499	Neville five disk constant	algebraic	64	not found	7	GOLDENRATIO, EIGHT, LOG, PLUS, SEVEN, POWER, SIN	2.770e-09	0.785524	8.6	Root[625 - 800*\[FormalX] + 22*\[FormalX]^2 - 1776*\[FormalX]^3 + 1665*\[FormalX]^4 + 1360*\[FormalX]^5 - 3480*\[FormalX]^6 + 2112*\[FormalX]^7 + 1296*\[FormalX]^8, \[FormalX], 3]
500	strongly triple-free set constant	none	28	not found	7	GOLDENRATIO, COSH, SIN, TANH, TAN, SQRT, ARCTAN	4.695e-09	0.764479	8.3	
501	best lower bound for the Steiner ratio rho_3, the least upper bound on the ratio of the length of the Steiner minimal tr	none	64	not found	7	GOLDENRATIO, FOUR, COS, INV, TANH, PLUS, ARCTAN	5.128e-09	0.760969	8.3	
502	(1/16)*Pi^2	special	64	exact	3	NEG, ARCTAN, SQR	0.000e+00	0.0	64.0	Gamma[3/2]^4
503	-1/(e^2 Ei(-1)), an increasing rooted tree enumeration constant associated with the Euler-Gompertz constant, where Ei is	special	64	not found	7	EULER, ARCCOSH, GOLDENRATIO, COSH, LOG, GAMMA, DIVIDE	6.543e-09	0.751252	8.2	-1/(E^2*ExpIntegralEi[-1])
504	Lenz-Ising constant	elementary	64	not found	7	FIVE, COS, SQR, ARCTANH, COSH, ARCTAN, SQR	5.069e-09	0.761428	8.3	1 + Pi/4 + Log[(Log[1 + Sqrt[2]]*Sqrt[2])/4]
505	Cbrt[3/4π]	elementary	64	not found	7	THREE, INV, COS, EULER, ARCCOSH, INV, POWER	6.024e-09	0.754544	8.2	CubeRoot[3/(4*Pi)]
506	1/(theta*P'(theta)), a constant appearing in the asymptotic evaluation of the coefficients q_n in 1/(1+P(x)), where P(x)	none	64	not found	7	GOLDENRATIO, LOG, GAMMA, LOG, COS, SQR, SIN	5.087e-09	0.761288	8.3	
507	'kappa', an asymptotic enumeration constant related to unit interval graphs	none	64	not found	7	EULER, TAN, ARCSIN, EXP, GAMMA, ARCCOSH, COS	1.139e-08	0.729164	7.9	
508	Golomb–Dickman constant	special	64	not found	7	THREE, SINH, EULER, DIVIDE, GOLDENRATIO, GAMMA, SUBTRACT	6.796e-09	0.749741	8.2	Integrate[E^LogIntegral[\[FormalX]], {\[FormalX], 0, 1}]
509	constant in Kac's formula	none	64	not found	7	PI, COSH, THREE, DIVIDE, GAMMA, SQRT, LOG	5.984e-09	0.754812	8.2	
510	'lambda', a constant such that exp(lambda*Pi) is the best-known upper bound (as given by Julian Gevirtz) of the John con	none	64	not found	7	SIX, SIN, PI, INV, TANH, SUBTRACT, ARCSIN	8.905e-09	0.738965	8.1	
511	Davison-Shallit constant	special	64	not found	7	SIX, SIN, THREE, EXP, ARCTAN, TANH, PLUS	8.528e-09	0.740689	8.1	ConditionalExpression[Extension`DavisonShallitConstant == Sum[(-1)^\[FormalK]/(Subscript[\[FormalQ], \[FormalK]]*Subscript[\[FormalQ], 1 + \[FormalK]]), {\[FormalK], 0, Infinity}], Subscript[\[FormalQ], 0] == 1 && Subscript[\[FormalQ], 1] == 1 && Subscript[\[FormalQ], \[FormalK]] == Subscript[\[FormalQ], -2 + \[FormalK]]*(1 + Subscript[\[FormalQ], -1 + \[FormalK]])]
512	rayleigh skewness	elementary	64	not found	7	FOUR, TANH, ARCCOS, ARCSINH, ARCCOS, GAMMA, COS	3.382e-10	0.869352	9.5	2*Sqrt[Pi]*(Pi - 3)/(4 - Pi)^(3/2)
513	1 - 1/e	elementary	64	exact	4	EULER, INV, ONE, SUBTRACT	0.000e+00	0.0	64.0	1 - 1/E
514	Hardy-Littlewood constant Product_{p prime >= 5} (1-(3*p-1)/(p-1)^3)	none	64	not found	7	EULER, GAMMA, SQRT, SIN, SQRT, COS, ARCTANH	2.903e-09	0.783645	8.5	
515	Buffon constant	elementary	64	exact	3	PI, TWO, DIVIDE	0.000e+00	0.0	64.0	2/Pi
516	(2^(1/3)-1)^(1/3)	algebraic	64	not found	7	PI, PI, TANH, SQRT, DIVIDE, SQRT, ARCTANH	7.954e-10	0.83526	9.1	Power[Power[2, (3)^-1] - 1, (3)^-1]
517	an analog of the Landau-Ramanujan constant for Loeschian numbers	none	64	not found	7	GOLDENRATIO, EIGHT, TANH, SQR, SIN, POWER, TANH	7.567e-10	0.837246	9.1	
518	first non-alternating series of reciprocal primes constant	special	64	not found	7	TWO, PI, ARCSINH, SUBTRACT, FIVE, SQR, POWER	2.567e-09	0.788557	8.6	Sum[Piecewise[{{-1, Mod[Prime[\[FormalK]], 3] == 1}, {1, Mod[Prime[\[FormalK]], 3] == 2}}, 0]/Prime[\[FormalK]], {\[FormalK], 1, Infinity}]
519	Cahen's constant	special	64	not found	7	NEG, COS, COS, EXP, SQRT, ARCSINH, ARCCOSH	1.549e-08	0.716894	7.8	ConditionalExpression[Extension`CahenConstant == Sum[(-1)^\[FormalK]/(-1 + \[FormalS][\[FormalK]]), {\[FormalK], 0, Infinity}], \[FormalS][0] == 2 && \[FormalS][\[FormalN]] == 1 - \[FormalS][-1 + \[FormalN]] + \[FormalS][-1 + \[FormalN]]^2 && \[FormalS][\[FormalN]] == 1 + Product[\[FormalS][\[FormalK]], {\[FormalK], 0, -1 + \[FormalN]}]]
520	a constant related to a conjectured value of the Masser-Gramain constant	special	64	not found	7	TWO, LOG, ARCSIN, SINH, TANH, ARCTAN, ARCSIN	1.253e-09	0.817154	8.9	Pi/4*(2*EulerGamma + 2*Log[2] + 3*Log[Pi] - 4*Log[Gamma[1/4]])
521	Integral_{x=0..Infinity} sin(x)/(x^2+1) dx	none	64	not found	7	FIVE, COS, SEVEN, DIVIDE, LOG, GAMMA, SIN	1.062e-08	0.731959	8.0	
522	unit-diameter hexagon area	algebraic	64	exact	5	THREE, TWO, ARCCOSH, TANH, POWER	2.220e-16	2.011635	64.0	(3*Sqrt[3])/8
523	Maximal unitary square-free divisor sum constant	none	64	not found	7	THREE, COSH, SIN, COSH, TAN, TAN, SQR	6.093e-09	0.754092	8.2	
524	delta = (1+alpha)/4, a constant appearing in Koecher's formula for Euler's gamma constant, where alpha is A065442, the E	none	64	not found	7	EULER, FOUR, PLUS, LOG, LOG, ARCSINH, ARCSIN	2.401e-08	0.699419	7.6	
525	negative of Granville-Soundararajan constant	special	64	not found	7	THREE, EIGHT, LOG, SINH, DIVIDE, ARCCOSH, ARCTAN	1.529e-08	0.717421	7.8	-(4*PolyLog[2, -Sqrt[E]] + Pi^2/3 + 1)
526	harmonic power tower even term limit	special	64	not found	7	GOLDENRATIO, THREE, SINH, PI, DIVIDE, PLUS, LOG	5.925e-09	0.755206	8.2	Limit[Fold[(1/#2)^#1 & , 1, Table[\[FormalI], {\[FormalI], 2*\[FormalN], 2, -1}]], \[FormalN] -> Infinity]
527	escape probability for a random walk on the 3-D cubic lattice (a Polya random walk constant)	none	64	not found	7	SIX, GOLDENRATIO, TAN, FIVE, SUBTRACT, ARCCOSH, DIVIDE	7.591e-10	0.837121	9.1	
528	Twin primes constant	special	64	not found	7	SIX, THREE, INV, SIN, COS, POWER, SIN	3.148e-10	0.872207	9.5	Product[1 - (-1 + Prime[\[FormalK]])^(-2), {\[FormalK], 2, Infinity}]
529	Feller–Tornier constant	special	64	not found	6	GOLDENRATIO, FOUR, INV, COSH, TANH, POWER	5.978e-09	0.880661	8.2	1/2 + Product[1 - 2/Prime[n]^2, {n, 1, Infinity}]/2
530	Robbins constant	elementary	64	not found	7	EIGHT, TANH, ARCSINH, NINE, TANH, COSH, SUBTRACT	1.680e-08	0.71365	7.8	(4 + 17*Sqrt[2] - 6*Sqrt[3] - 7*Pi)/105 + Log[1 + Sqrt[2]]/5 + (2*Log[2 + Sqrt[3]])/5
531	Laplace limit	special	64	not found	7	EIGHT, NINE, POWER, SIN, ONE, SUBTRACT, ARCTANH	6.588e-09	0.75098	8.2	Root[{-1 + E^Sqrt[1 + #1^2]*#1 - Sqrt[1 + #1^2] & , 0.6627434193491815809747420971092529070562335491150224175204`30.}]
532	twothirds	rational	64	exact	3	THREE, TWO, DIVIDE	0.000e+00	0.0	64.0	2/3
533	3/2 - gamma / log(2), a coin tossing constant related to the asymptotic evaluation of the expected length of the longest	special	64	not found	7	GOLDENRATIO, SIN, FOUR, TANH, ARCTAN, ARCCOS, TIMES	1.670e-08	0.713886	7.8	3/2 - EulerGamma/Log[2]
534	Shanks constant	special	64	not found	7	EIGHT, FIVE, EXP, ARCCOSH, DIVIDE, ARCSIN, ARCTAN	3.344e-10	0.869801	9.5	(Pi^2*Product[Piecewise[{{((1 - 4/Prime[\[FormalK]])*(1 + Prime[\[FormalK]])^2)/(-1 + Prime[\[FormalK]])^2, Mod[Prime[\[FormalK]], 8] == 1}}, 1], {\[FormalK], 1, Infinity}])/(16*Log[1 + Sqrt[2]])
535	sqrt(3)/(4 - sqrt(2))	algebraic	64	exact	7	TWO, SQRT, FOUR, SUBTRACT, THREE, SQRT, DIVIDE	1.110e-16	1.464514	64.0	Sqrt[3]/(4-Sqrt[2])
536	gamma_2, a lattice sum constant, analog of Euler's constant for two-dimensional lattices	none	64	not found	7	PI, TANH, INV, SQR, GAMMA, ARCTAN, ARCCOS	2.495e-09	0.789684	8.6	
537	probable error constant	special	64	not found	7	SEVEN, COS, LOG, SIN, PI, POWER, ARCSINH	5.194e-09	0.760455	8.3	InverseErf[1/2]*Sqrt[2]
538	Graham biggest little hexagon area	algebraic	64	not found	7	TWO, NINE, SIN, SINH, TANH, TIMES, ARCTAN	6.751e-09	0.750002	8.2	Root[11993 - 78488*#1 + 144464*#1^2 + 1232*#1^3 - 221360*#1^4 + 146496*#1^5 + 21056*#1^6 - 30848*#1^7 - 3008*#1^8 + 8192*#1^9 + 4096*#1^10 & , 5]
539	generalized Euler constant gamma(1,3)	special	64	not found	7	THREE, GOLDENRATIO, TWO, POWER, ARCCOSH, DIVIDE, TAN	3.220e-08	0.687724	7.5	EulerGamma/3 + Pi*Sqrt[3]/18 + Log[3]/6
540	Taniguchi constant	special	64	not found	7	NEG, ARCSINH, SQR, ARCCOS, SINH, ARCSIN, TANH	1.206e-08	0.726861	7.9	Product[1 - Prime[n]^(-6) + Prime[n]^(-5) + 2/Prime[n]^4 - 3/Prime[n]^3, {n, 1, Infinity}]
541	1 - 1/Pi	elementary	64	exact	4	PI, INV, ONE, SUBTRACT	1.110e-16	2.5629	64.0	1 - 1/Pi
542	positive solution to the equation x/(1-x) = 1+log(1/(1-x)), an auxiliary constant associated with the problem of enumera	none	64	not found	7	SIX, SQRT, LOG, ARCSINH, GOLDENRATIO, SUBTRACT, ARCTAN	7.948e-09	0.743497	8.1	
543	log e^(π/2)	elementary	64	exact	7	FOUR, FIVE, SQR, TIMES, LOG, PI, DIVIDE	1.110e-16	1.464514	64.0	Log10[E^(Pi/2)]
544	one div cbrt pi	elementary	64	exact	5	THREE, NEG, DIVIDE, PI, POWER	0.000e+00	0.0	64.0	Pi^(-1/3)
545	least x>0 having sin(4x) = (sin x)^2	none	64	not found	7	FIVE, ARCSINH, FIVE, DIVIDE, ARCTAN, TANH, ARCTAN	5.094e-09	0.761234	8.3	
546	Integral_{x=0..1} log(floor(1/x))/(1+x) dx	special	64	not found	7	FOUR, SINH, SIN, SQRT, SQRT, SIN, ARCTAN	6.715e-10	0.84201	9.2	Log[2]*Log[Khinchin]
547	-x, the real root of the equation 0 = 1 + Sum_{k>=1} prime(k) x^k. The inverse of Backhouse's constant (A072508)	none	64	not found	7	GOLDENRATIO, SINH, FIVE, GOLDENRATIO, POWER, SUBTRACT, SIN	5.162e-09	0.760701	8.3	
548	harmonic power tower odd term limit	special	64	not found	7	GOLDENRATIO, GAMMA, SINH, GOLDENRATIO, ARCSINH, ARCCOSH, DIVIDE	4.329e-09	0.767718	8.4	Limit[Fold[(1/#2)^#1 & , 1, Table[\[FormalI], {\[FormalI], 1 + 2*\[FormalN], 2, -1}]], \[FormalN] -> Infinity]
549	reciprocal of Steiner number	elementary	64	exact	4	EULER, NEG, DIVIDE, EXP	0.000e+00	0.0	64.0	E^(-E^(-1))
550	Sum_{k=1..50000} (-1)^(k+1) / k	special	64	not found	7	SEVEN, TAN, EXP, COS, ARCSINH, TAN, COS	8.331e-10	0.833413	9.1	Sum[(-1)^(k + 1)/k, {k, 1, 50000}]
551	Natural logarithm of 2	elementary	64	exact	2	TWO, LOG	0.000e+00	0.0	64.0	Log[2]
552	rank-2 Artin constant	special	64	not found	7	THREE, INV, COSH, EXP, TANH, SIN, ARCTAN	6.171e-09	0.753584	8.2	Product[1 - 1/((-1 + Prime[\[FormalK]])*Prime[\[FormalK]]^2), {\[FormalK], 1, Infinity}]
553	First continued fraction constant	special	64	not found	7	FOUR, LOG, SQRT, TWO, SIN, DIVIDE, SIN	6.506e-09	0.75148	8.2	BesselI[1, 2]/BesselI[0, 2]
554	log10(5)	elementary	64	exact	7	NEG, NINE, SUBTRACT, LOG, FIVE, LOG, DIVIDE	1.110e-16	1.464514	64.0	Log[10, 5]
555	probability that a point of an infinite (rooted) tree is fixed by every automorphism of the tree	none	64	not found	7	FIVE, ARCSINH, FOUR, SQR, ARCTAN, DIVIDE, SINH	3.583e-09	0.775254	8.4	
558	Integral_{x = 1..infinity} 1/x^x dx	none	64	not found	7	GOLDENRATIO, GAMMA, EULER, ARCSINH, INV, POWER, TAN	1.402e-08	0.72087	7.9	
559	carefree product constant	special	64	not found	6	NINE, ARCSINH, GAMMA, ARCTAN, SIN, TANH	1.872e-09	0.934662	8.7	Product[1 - 1/(Prime[\[FormalK]]*(1 + Prime[\[FormalK]])), {\[FormalK], 1, Infinity}]
560	rectilinear crossing constant	elementary	64	not found	7	TWO, ARCTAN, SIX, ARCSINH, COSH, DIVIDE, COS	3.590e-09	0.775186	8.4	1 - 35/(12*Pi^2)
561	'C' (as designated by D. Shanks), a constant appearing in the second order term of the asymptotic expansion of the numbe	none	64	not found	7	FOUR, EULER, EXP, DIVIDE, ARCTAN, INV, ARCCOS	7.953e-10	0.835265	9.1	
562	K, a constant arising in the analysis of the binary Euclidean algorithm	none	40	not found	7	EULER, COS, FIVE, SUBTRACT, SIN, ARCTAN, EXP	2.458e-09	0.790286	8.6	
563	sqrt(1/2)	algebraic	64	exact	3	NEG, ARCTAN, COS	0.000e+00	0.0	64.0	1/Sqrt[2]
564	rabbit constant	special	64	not found	7	TWO, EULER, TAN, ARCTANH, PLUS, GAMMA, TANH	9.282e-09	0.737313	8.0	Sum[2^(-Floor[\[FormalK]*GoldenRatio]), {\[FormalK], 1, Infinity}]
565	generalized Euler constant gamma(1,4)	special	64	not found	7	FIVE, SIX, ARCCOSH, TAN, INV, GAMMA, DIVIDE	5.366e-09	0.759159	8.3	EulerGamma/4 + Pi/8 + Log[2]/4
566	Hopf constant	special	64	not found	7	SEVEN, SIN, ARCSIN, ARCTAN, TANH, ARCTAN, SQRT	1.122e-08	0.729741	7.9	6/Pi^2 + Integrate[3/\[FormalTheta]^2 - (1 - \[FormalTheta]*Cot[\[FormalTheta]])^(-1), {\[FormalTheta], 0, Pi/2}]/Pi
567	1/(phi*log(4 - phi))	elementary	64	exact	7	GOLDENRATIO, GOLDENRATIO, FOUR, SUBTRACT, LOG, INV, DIVIDE	2.220e-16	1.436882	64.0	(GoldenRatio Log[4-GoldenRatio])^(-1)
568	Traveling Salesman constant	algebraic	64	not found	7	NEG, SINH, COSH, COSH, ARCTAN, ARCTAN, TANH	5.827e-09	0.755869	8.2	4/153*(1 + 2*Sqrt[2])*Sqrt[51]
569	e^(-1/3)	elementary	64	exact	4	THREE, NEG, DIVIDE, EXP	0.000e+00	0.0	64.0	E^(-1/3)
570	constant appearing in the expected number of comparisons for a successful digital tree search (negated)	none	64	not found	7	NINE, ARCCOSH, SIN, COSH, COS, COS, ARCTAN	2.786e-08	0.693501	7.6	
571	1/(2 log 2)	elementary	64	exact	3	FOUR, LOG, INV	0.000e+00	0.0	64.0	1/(2Log[2])
572	k2, a Diophantine approximation constant such that the area of the "critical parallelogram" (in this case a square) is 4	algebraic	64	exact	4	GOLDENRATIO, THREE, SUBTRACT, INV	2.220e-16	2.514543	64.0	(1+1/Sqrt[5])/2
573	Sarnak constant	special	64	not found	7	EULER, ARCTAN, SIN, COSH, TANH, ARCSINH, SIN	5.834e-09	0.755821	8.2	Product[1 - (2 + Prime[\[FormalK]])/Prime[\[FormalK]]^3, {\[FormalK], 2, Infinity}]
574	Langford constant	elementary	64	not found	6	SEVEN, LOG, LOG, ARCSINH, COS, SIN	1.084e-09	0.960074	9.0	97/150 + Pi/40
575	constant that appears in the asymptotic formula for average order of the infinitary divisors sum function (A049417)	none	64	not found	7	SEVEN, LOG, TANH, TAN, SQRT, SIN, TANH	3.543e-08	0.683911	7.5	
576	a constant related to the asymptotic evaluation of Product_{p prime congruent to 1 modulo 4} (1 + 1/p)	none	64	not found	7	GOLDENRATIO, FIVE, ARCTAN, POWER, ARCSINH, GAMMA, ARCTAN	1.089e-09	0.822753	9.0	
577	sum_{n>=1} 1/binomial(2n, n)	elementary	64	not found	7	FOUR, LOG, SEVEN, TAN, TANH, PLUS, LOG	7.180e-09	0.74755	8.1	1/3 + 2*Sqrt[3]*Pi/27
579	1/Gamma(2/3)	special	64	exact	5	THREE, TWO, DIVIDE, GAMMA, INV	1.110e-16	2.05032	64.0	1/Gamma[2/3]
580	Dottie number	special	64	not found	7	SIX, SQR, GAMMA, COS, SQR, COS, COS	8.137e-09	0.742558	0.9	Root[{Cos[#1] - #1 & , 0.7390851332151606416553120876738734040134117589007574649656`30.}]
581	densest spatial packing of spheres constant	elementary	64	exact	6	PI, SIX, TWO, SQRT, DIVIDE, TIMES	2.220e-16	1.676362	64.0	Pi/(3*Sqrt[2])
582	Rosser constant	special	64	not found	6	TWO, SINH, TAN, INV, TANH, TANH	3.070e-09	0.911657	8.5	(8*Catalan)/Pi^2
583	Sarnak product constant	special	64	not found	7	THREE, ARCCOSH, SQRT, TWO, SUBTRACT, GAMMA, INV	1.530e-09	0.809176	8.8	(5*Pi^2*Product[1 - (2 + Prime[\[FormalK]])/Prime[\[FormalK]]^3, {\[FormalK], 2, Infinity}])/48
584	s_4, a 4-dimensional Steiner ratio analog	none	64	not found	7	ONE, ARCSINH, ARCCOS, ARCSINH, SQR, ARCCOS, INV	6.112e-09	0.753968	8.2	
585	B, the coefficient of n*log(n)^2 in the asymptotic formula of Ramanujan for Sum_{k=1..n} (d(k)^2), where d(k) is the num	none	64	not found	7	EULER, GOLDENRATIO, LOG, SUBTRACT, COS, COS, ARCSINH	1.938e-09	0.799757	8.7	
586	Rényi parking constant	special	64	not found	7	PI, LOG, SINH, ARCCOSH, SEVEN, SIN, DIVIDE	2.503e-09	0.789554	8.6	Integrate[Exp[-2*(EulerGamma + Gamma[0, \[FormalT]] + Log[\[FormalT]])], {\[FormalT], 0, Infinity}]
587	exp(-gamma/2)	special	64	not found	7	EULER, ARCTAN, SQR, LOG, TANH, COS, ARCTAN	2.388e-09	0.791436	8.6	Exp[-EulerGamma/2]
588	three quarters	rational	64	exact	3	FOUR, THREE, DIVIDE	0.000e+00	0.0	64.0	3/4
589	pi^(-1/4)	elementary	64	exact	4	PI, INV, SQRT, SQRT	0.000e+00	0.0	64.0	Pi^(-1/4)
590	Sum_{n>=1} (-1)^(n-1)*H(n)/n^2, where H(n) is the n-th harmonic number	special	64	not found	7	EULER, SINH, SINH, ARCCOSH, SIN, SQRT, TANH	2.209e-09	0.794536	8.7	5*Zeta[3]/8
591	linear asymptotic constant B in Sum_{k=1..n} 1/A000688(k) = ~B*n + 	none	64	not found	7	TWO, EULER, SQR, PLUS, LOG, TANH, TANH	8.103e-09	0.742728	8.1	
592	Flajolet-Odlyzko constant	special	64	not found	7	EIGHT, EXP, EIGHT, ARCTAN, TIMES, TAN, COS	2.997e-09	0.782382	8.5	2*Integrate[1 - E^(ExpIntegralEi[-\[FormalT]]/2), {\[FormalT], 0, Infinity}]
593	constant appearing in the variance for inserting in a digital tree	none	64	false positive	7	FOUR, LOG, INV, FIVE, GAMMA, INV, PLUS	0.000e+00	0.0	22.7	
594	Landau-Ramanujan constant	none	20	not found	7	NEG, SIN, TANH, COS, GAMMA, ARCTAN, SQR	6.567e-09	0.751108	8.2	
595	Landau-Ramanujan constant	special	64	not found	7	NEG, SIN, TANH, COS, GAMMA, ARCTAN, SQR	6.567e-09	0.751108	8.2	Product[((4^2^\[FormalK]*(1 - 2^(-2^\[FormalK]))*Zeta[2^\[FormalK]])/(Zeta[2^\[FormalK], 1/4] - Zeta[2^\[FormalK], 3/4]))^2^(-1 - \[FormalK]), {\[FormalK], 1, Infinity}]/Sqrt[2]
596	analog of the Mertens constant B_2 in the asymptotic series for the variance of the number of prime factors Omega	none	64	not found	7	SIX, GOLDENRATIO, ARCTAN, PLUS, SIN, TANH, SQRT	9.530e-09	0.736262	8.0	
597	binary Liouville number	special	64	not found	7	TWO, SQRT, LOG, NINE, TANH, SUBTRACT, TAN	1.040e-09	0.82458	9.0	Sum[1/2^(n!), {n, Infinity}]
598	-x, where x is the negative solution to the equation 2^x = x^2	none	64	not found	7	SEVEN, INV, EULER, SIN, TANH, SQRT, PLUS	6.702e-10	0.842088	9.2	
599	Sum_{k>1} 1/(k*(k-1)*zeta(k)), a constant related to Niven's constant	none	64	not found	7	FOUR, EULER, COS, DIVIDE, ARCCOS, LOG, SQRT	7.761e-10	0.836239	9.1	
600	C = 2^(1/3)*e^(1/4)/A^3, a constant associated with the Gaudin-Mehta probability distribution and the Glaisher-Kinkelin 	special	64	not found	7	TWO, NINE, LOG, ARCSINH, DIVIDE, SQRT, SIN	1.028e-08	0.733234	8.0	2^(1/3)*E^(1/4)/Glaisher^3
601	trace of the Ruelle-Mayer linear operator G_2	none	64	not found	6	EIGHT, INV, COSH, SQR, SIN, ARCSINH	9.531e-10	0.966057	9.0	
602	Sum_{p prime} 1/(p*(p-1))	none	64	not found	7	NINE, SIN, EXP, SQRT, TANH, TANH, COS	1.186e-09	0.819341	8.9	
603	Flajolet-Martin constant	special	64	not found	7	GOLDENRATIO, COSH, EIGHT, ARCTAN, ARCTAN, ARCTANH, DIVIDE	9.887e-10	0.826588	9.0	(E^EulerGamma*Product[(1 + 1/(2*\[FormalK]))^(-1)^Mod[DigitCount[\[FormalK], 2, 1], 2], {\[FormalK], 1, Infinity}])/Sqrt[2]
604	Pi*G - 7*zeta(3)/4, where G = A006752	special	64	not found	7	EULER, NINE, COS, SUBTRACT, GAMMA, COSH, TANH	1.163e-08	0.728325	7.9	Pi Catalan-7Zeta[3]/4
605	lambda_3, an analog of the Stolarsky-Harborth constant for the number of elements not divisible by 3 in Pascal's triangl	none	64	not found	7	SIX, SIN, SIX, SINH, SIN, SUBTRACT, SIN	1.729e-09	0.8043	8.8	
606	strongly carefree product constant	special	64	not found	7	GOLDENRATIO, TAN, SIN, COSH, NINE, TANH, DIVIDE	3.314e-10	0.870159	9.5	Product[1 - (1 + Prime[\[FormalK]])^(-2), {\[FormalK], 1, Infinity}]
607	Bender r constant	none	51	not found	7	SIX, TANH, EXP, ARCCOSH, LOG, LOG, COS	3.502e-10	0.86796	9.5	
608	hypercube line-picking constant	special	64	not found	7	THREE, TWO, TANH, PLUS, ARCSINH, GAMMA, TANH	6.438e-09	0.751897	8.2	(-644 + 1344*Catalan + 3744*ArcCsch[Sqrt[2]] + 270*ArcSinh[1] - 3024*Im[PolyLog[2, I*(3 - 2*Sqrt[2])]] + 1773*Log[3] + 84*(PolyGamma[1, 1/12] + PolyGamma[1, 5/12]) + (6048*I)*(PolyLog[2, (1/2 - I/2)*(-2 + Sqrt[2])] - PolyLog[2, (1/2 + I/2)*(-2 + Sqrt[2])]) + (6048*I)*(PolyLog[2, I*(1 - Sqrt[2])] - PolyLog[2, I*(-1 + Sqrt[2])]) + 438*Sqrt[2] - 2448*ArcCot[2*Sqrt[2]]*Sqrt[2] - 189*(PolyGamma[1, 1/8] + PolyGamma[1, 3/8])*Sqrt[2] + 12*Pi*(-16 + 7*Pi*(-8 + 9*Sqrt[2])) + 288*Sqrt[3])/3780
609	6/(Pi^2 A086724)	none	64	not found	7	FIVE, EXP, ARCCOSH, TAN, EXP, SQRT, SINH	1.174e-10	0.911521	9.9	
610	log10(6)	elementary	64	exact	7	NEG, NINE, SUBTRACT, LOG, SIX, LOG, DIVIDE	1.110e-16	1.464514	64.0	Log[10, 6]
611	Purdom-Williams constant, a constant related to the Golomb-Dickman constant and to the asymptotic evaluation of the expe	none	64	not found	7	PI, ARCCOSH, TWO, ARCTAN, PLUS, TANH, ARCTAN	1.193e-08	0.727297	7.9	
612	first Bernoulli sophomore dream constant	special	64	not found	7	GOLDENRATIO, ARCSINH, SEVEN, LOG, SIN, PLUS, LOG	9.880e-10	0.826616	9.0	-Sum[(-\[FormalK])^(-\[FormalK]), {\[FormalK], 1, Infinity}]
613	(sqrt(3) + sqrt(5) + 2*sqrt(6))/(8*sqrt(2))	algebraic	64	not found	7	PI, TANH, NINE, POWER, THREE, POWER, COS	4.093e-09	0.769954	8.4	(Sqrt[3]+Sqrt[5]+2Sqrt[6])/(8Sqrt[2])
614	(3*sqrt(3)+sqrt(7))/10	algebraic	64	not found	7	PI, EXP, SIN, FIVE, DIVIDE, SIN, SINH	2.454e-10	0.882131	9.6	(3*Sqrt[3]+Sqrt[7])/10
615	Integral_{x = 0 to oo} Product_{m=1..oo} cos(x/m) dx	none	39	not found	7	FOUR, ARCCOSH, SINH, GAMMA, TANH, SQRT, ARCTAN	7.521e-10	0.837493	9.1	
616	pi/4	elementary	64	exact	2	ONE, ARCTAN	0.000e+00	0.0	64.0	Pi/4
617	Lüroth constant	special	64	not found	7	FIVE, EXP, FIVE, DIVIDE, ARCCOS, GAMMA, SQR	2.062e-09	0.79729	8.7	Sum[Log[\[FormalK]/(-1 + \[FormalK])]/\[FormalK], {\[FormalK], 2, Infinity}]
618	asymptotic constant eta for counts of weakly binary trees	none	64	not found	7	FOUR, GOLDENRATIO, NEG, TANH, TIMES, SIN, POWER	6.816e-10	0.841413	9.2	
619	Lal's constant: the Hardy-Littlewood constant for A217795	none	64	not found	7	GOLDENRATIO, LOG, SIN, EXP, GOLDENRATIO, ARCSINH, DIVIDE	1.490e-09	0.810241	8.8	
620	Kolakoski constant	none	64	not found	7	GOLDENRATIO, TWO, ARCTAN, DIVIDE, SQR, ARCCOS, TANH	3.855e-09	0.772338	8.4	
621	root two div pi	elementary	64	exact	4	PI, TWO, DIVIDE, SQRT	0.000e+00	0.0	64.0	Sqrt[2/Pi]
622	log 2π	elementary	64	not found	7	TWO, TANH, NEG, ARCSINH, COS, POWER, COS	2.655e-09	0.787205	8.6	Log10[2*Pi]
623	Product_{n>1} (1 - 1/n^2)^(1/n)	none	64	not found	7	SEVEN, SINH, GOLDENRATIO, SQRT, POWER, ARCSINH, TAN	4.289e-09	0.768085	8.4	
625	unique real solution of the equation Ei(x)-gamma-log(x) = 1, where Ei is the exponential integral function and gamma the	none	64	not found	7	ONE, TANH, FOUR, LOG, ARCTAN, TIMES, ARCSIN	2.279e-09	0.79329	8.6	
626	disk half-area offset constant	special	64	not found	7	EULER, ARCTAN, ONE, SUBTRACT, TANH, ARCSINH, EXP	7.671e-09	0.744909	8.1	Root[{Pi - 4*ArcCos[#1/2] + #1*Sqrt[4 - #1^2] & , 0.8079455065990344186379234801330000000000000000000000000001`29.907382069955993}]
627	Solomon parking constant	special	64	not found	7	ONE, ARCSINH, SQRT, ARCSINH, GAMMA, GAMMA, SIN	2.912e-09	0.783521	8.5	Integrate[(1 + 2*\[FormalX])*Exp[-2*(-1 + \[FormalX] + Exp[-\[FormalX]])]*Exp[-2*(EulerGamma - ExpIntegralEi[-\[FormalX]] + Log[\[FormalX]])], {\[FormalX], 0, Infinity}]
628	Alladi-Grinstead constant	special	64	not found	7	FOUR, TAN, SIN, SIX, COSH, COS, POWER	2.373e-08	0.699892	7.6	Exp[-1 - Sum[Log[1 - \[FormalK]^(-1)]/\[FormalK], {\[FormalK], 2, Infinity}]]
629	product_{n>=1} (n/(n+1))^((-1)^t(n-1)), a probabilistic counting constant, where t(n) = A010060(n) is the Thue-Morse seq	none	64	not found	7	TWO, ARCCOSH, ARCCOSH, ARCSINH, GOLDENRATIO, SUBTRACT, ARCSINH	2.108e-09	0.796405	8.7	
630	'mu', a Young-Fejér-Jackson constant linked to the positivity of certain sine sums	none	64	not found	7	FOUR, ARCCOSH, ARCTAN, EXP, ARCTAN, GAMMA, ARCSINH	1.933e-09	0.799863	8.7	
631	(1 + sqrt(6))/(3*sqrt(2))	algebraic	64	not found	7	SEVEN, TAN, ARCTANH, NINE, DIVIDE, COS, ARCSINH	1.535e-10	0.900845	9.8	(1+Sqrt[6])/(3Sqrt[2])
632	1/Gamma(3/4)	special	64	exact	5	FOUR, THREE, DIVIDE, GAMMA, INV	2.220e-16	2.011635	64.0	1/Gamma[3/4]
633	sum_{n>=0} 1/2^(2^n)	special	64	not found	6	SEVEN, LOG, LOG, TANH, SINH, COS	1.458e-08	0.839186	7.8	Sum[1/2^(2^n), {n, 0, Infinity}]
634	a2, the second of two constants associated with Djokovic's conjecture on an integral inequality	none	64	not found	7	TWO, SIN, ARCCOS, EULER, SIN, DIVIDE, SIN	2.541e-09	0.788958	8.6	
635	First Nielsen-Ramanujan constant	elementary	64	exact	5	THREE, NEG, ARCSIN, SQR, DIVIDE	0.000e+00	0.0	64.0	Pi^2/12
636	Sierpiński constant	special	64	not found	7	GOLDENRATIO, EIGHT, TANH, TANH, SINH, POWER, SINH	8.073e-09	0.742876	8.1	2*EulerGamma + 2*Log[2] + 3*Log[Pi] - 4*Log[Gamma[1/4]]
637	sigma_3, a Turán's Power Sum Constant	none	64	not found	7	SEVEN, INV, SINH, GAMMA, TAN, COS, SIN	1.595e-08	0.715742	7.8	
638	Prouhet-Thue-Morse constant	special	64	not found	7	GOLDENRATIO, ARCTAN, ARCCOSH, SINH, SQRT, COS, SQR	4.732e-10	0.855962	9.3	1 - Product[(-1 + 2^2^\[FormalK])/2^2^\[FormalK], {\[FormalK], 0, Infinity}]/2
639	Pi/8 + sqrt(3)/4	elementary	64	exact	7	FOUR, NEG, ARCSIN, THREE, SQRT, SUBTRACT, DIVIDE	0.000e+00	0.0	64.0	Pi/8+Sqrt[3]/4
640	asymptotic efficiency constant	elementary	64	exact	7	PI, THREE, TWO, ARCCOSH, TANH, TIMES, DIVIDE	2.220e-16	1.436882	64.0	(3*Sqrt[3])/(2*Pi)
641	1/zeta(3)	special	64	not found	7	ONE, ARCSIN, LOG, ARCSIN, SQRT, SINH, ARCSIN	2.954e-09	0.782953	8.5	1/Zeta[3]
642	Rosser's constant	none	64	not found	7	EULER, ARCTAN, SIN, SIX, ARCTAN, GAMMA, TIMES	8.171e-09	0.742395	8.1	
643	Gauss's constant	special	64	not found	7	SEVEN, EIGHT, INV, DIVIDE, EXP, SINH, TANH	6.233e-09	0.753188	8.2	ArithmeticGeometricMean[1, Sqrt[2]]^(-1)
644	Baker constant	elementary	64	not found	7	PI, SEVEN, POWER, NINE, TANH, TIMES, COS	2.079e-09	0.796949	8.7	(Log[2] + Pi/Sqrt[3])/3
646	Shepp's constant 'alpha', an optimal stopping constant associated with the case of a zero mean and unit variance distrib	none	64	not found	7	NINE, ARCCOSH, TANH, TAN, ARCCOSH, SQRT, SIN	1.513e-09	0.809632	8.8	
647	2*G/(Pi*log(2)), a constant appearing in the average root bifurcation ratio of binary trees, where G is Catalan's consta	special	64	not found	7	PI, ARCSINH, COS, FOUR, SUBTRACT, TANH, SIN	5.560e-09	0.757743	8.3	2 Catalan/(Pi*Log[2])
648	sin one	elementary	64	exact	2	ONE, SIN	0.000e+00	0.0	64.0	Sin[1]
649	reciprocal of the Khinchin-Lévy constant	elementary	64	exact	6	NEG, ARCSIN, SQR, EIGHT, LOG, DIVIDE	0.000e+00	0.0	64.0	(12*Log[2])/Pi^2
651	log10(7)	elementary	64	exact	7	NEG, NINE, SUBTRACT, LOG, SEVEN, LOG, DIVIDE	1.110e-16	1.464514	64.0	Log[10, 7]
652	3/(2*sqrt(Pi))	elementary	64	exact	6	TWO, PI, NINE, DIVIDE, SQRT, DIVIDE	0.000e+00	0.0	64.0	3/(2*Sqrt[Pi])
653	ubiquitous constant	special	64	not found	7	EIGHT, GAMMA, ARCCOSH, ARCSINH, GAMMA, TANH, ARCSINH	1.481e-08	0.718675	7.8	(2*Pi^(3/2))/Gamma[1/4]^2
654	Regular paperfolding sequence	special	64	not found	7	SIX, GOLDENRATIO, SQRT, TAN, SQRT, SIN, POWER	2.543e-09	0.788931	8.6	Sum[8^2^n/(-1 + 2^2^(2 + n)), {n, 0, Infinity}]
655	maximal quantum success probability of the CHSH game	algebraic	64	exact	5	EIGHT, PI, DIVIDE, COS, SQR	0.000e+00	0.0	64.0	Cos[Pi/8]^2
656	1/(2*K^2) = Product_(p prime congruent to 3 modulo 4) (1 - 1/p^2), where K is the Landau-Ramanujan constant	none	64	not found	7	FIVE, SQR, ARCTAN, LOG, GAMMA, LOG, SQRT	1.171e-09	0.819847	8.9	
657	rank-3 Artin constant	special	64	not found	7	THREE, GOLDENRATIO, ARCTAN, ARCTAN, DIVIDE, COS, ARCSINH	1.067e-09	0.823554	9.0	Product[1 - 1/((-1 + Prime[\[FormalK]])*Prime[\[FormalK]]^3), {\[FormalK], 1, Infinity}]
658	four minus pi	elementary	64	exact	3	PI, FOUR, SUBTRACT	2.220e-16	3.352724	64.0	4 - Pi
659	Champernowne base-2 constant	special	64	not found	7	FOUR, SINH, COS, EXP, ARCCOS, TANH, SQRT	7.451e-10	0.837864	9.1	ChampernowneNumber[2]
660	Steiner ratio of the Euclidean plane	algebraic	64	exact	3	TWO, ARCCOSH, TANH	0.000e+00	0.0	64.0	Sqrt[3]/2
661	log(4 - phi), where phi = A001622	elementary	64	exact	4	GOLDENRATIO, FOUR, SUBTRACT, LOG	0.000e+00	0.0	64.0	Log[4-GoldenRatio]
662	log e^2	elementary	64	exact	5	THREE, ARCSINH, COSH, LOG, INV	2.220e-16	2.011635	64.0	Log10[E^2]
663	sqrt(Pi)/(2K)*exp(-gamma/2) where K is the Landau-Ramanujan constant and gamma the Euler-Mascheroni constant	none	64	not found	7	SEVEN, ARCTAN, SQRT, LOG, COS, SINH, INV	6.133e-09	0.753833	8.2	
664	square edge line-picking constant	elementary	64	not found	7	FOUR, ARCTAN, TANH, GAMMA, SQR, SIN, SQR	7.509e-09	0.745762	8.1	(2 + 5*Log[1 + Sqrt[2]] + Sqrt[2])/9
665	integral_{0..infinity} exp(-x^2)*log(x) dx	special	64	not found	7	PI, FIVE, SUBTRACT, GOLDENRATIO, SQR, ARCCOSH, DIVIDE	2.252e-09	0.793774	8.6	-(-(1/4)*Sqrt[Pi]*( EulerGamma + 2*Log[2]))
667	product_{n>=1} (2n/(2n+1))^((-1)^t(n-1)), a probabilistic counting constant, where t(n) = A010060(n) is the Thue-Morse s	none	64	not found	7	SEVEN, EXP, SIN, ARCSIN, ARCCOS, SQRT, TANH	1.454e-10	0.903013	9.8	
668	total area of Ford circles	special	64	not found	7	THREE, SQRT, THREE, SIN, GAMMA, PLUS, SIN	1.148e-09	0.820615	8.9	(45*Zeta[3])/(2*Pi^3)
669	(5/18)*Pi	elementary	64	exact	6	FIVE, NINE, ONE, ARCSIN, DIVIDE, TIMES	0.000e+00	0.0	64.0	5Pi/18
670	a constant related to the asymptotic counting function of numbers of the form x^2 + 2*y^2 (A002479)	none	64	not found	7	FIVE, INV, ARCCOS, SEVEN, ARCTAN, SQRT, DIVIDE	1.727e-09	0.804352	8.8	
671	Integral_{x=0..Pi/2} sin(x)^(3/2) dx	special	64	not found	7	EIGHT, GOLDENRATIO, POWER, SIN, COSH, INV, ARCSINH	7.879e-09	0.743842	8.1	1/3*Sqrt[2]*EllipticK[1/2]
672	sqrt(2)/phi, where phi = (1+sqrt(5))/2	algebraic	64	exact	4	GOLDENRATIO, TWO, SQRT, DIVIDE	0.000e+00	0.0	64.0	Sqrt[2]/GoldenRatio
673	sum of reciprocal perfect powers (excluding 1)	none	64	not found	7	EIGHT, SIN, SIN, TANH, SQR, ARCTANH, COS	1.523e-09	0.809355	8.8	
674	average length of a line segment picked at random in a unit 5-cube	none	64	not found	7	GOLDENRATIO, COS, COSH, SQRT, COSH, ARCTAN, ARCSINH	1.662e-09	0.80587	8.8	
675	an Ising constant related to the triangular lattice	none	64	not found	7	EIGHT, TANH, ARCTAN, SIN, ARCSINH, TAN, SQRT	6.873e-09	0.749292	8.2	
676	quadratic class number constant	special	64	not found	7	THREE, SIN, SQR, SINH, SINH, COSH, ARCSINH	2.119e-09	0.7962	8.7	Product[1 - 1/(Prime[\[FormalK]]^2*(1 + Prime[\[FormalK]])), {\[FormalK], 1, Infinity}]
677	positive minimum of the gamma function	special	64	false positive	7	SIX, FIVE, SINH, SUBTRACT, COS, GAMMA, GAMMA	1.998e-15	1.349289	14.8	Gamma[Root[{PolyGamma[0, #1] & , 1.46163214496836234126265954233`29.164838085677864}]]
678	sqrt(Pi)/2	elementary	64	exact	3	ONE, ARCTAN, SQRT	1.110e-16	3.4172	64.0	Sqrt[Pi]/2
679	exp(gamma)/2	special	64	not found	7	SEVEN, NEG, ARCSINH, SUBTRACT, GAMMA, ARCCOS, GAMMA	1.423e-12	1.087459	11.8	E^EulerGamma/2
680	reciprocal sum of integer powers constant	special	64	not found	7	EIGHT, SINH, LOG, ARCSINH, COSH, ARCTAN, TANH	2.298e-10	0.884764	9.6	Sum[-1 + Zeta[Prime[\[FormalK]]], {\[FormalK], 1, Infinity}]
681	Gamma(4/3)	special	64	exact	4	THREE, FOUR, DIVIDE, GAMMA	2.220e-16	2.514543	64.0	Gamma[4/3]
682	Product_{p prime, p == 1 (mod 4)} (1 - 2/p^2)	none	64	not found	6	FIVE, LOG, TAN, SQR, TAN, EXP	5.637e-09	0.88339	8.2	
683	'delta', a constant arising in the asymptotics of the regularized product of the Fibonacci numbers	none	64	not found	7	SEVEN, COS, GAMMA, EULER, GAMMA, TANH, POWER	5.062e-09	0.761485	8.3	
684	Gamma(5/3)	special	64	exact	4	THREE, FIVE, DIVIDE, GAMMA	2.220e-16	2.514543	64.0	Gamma[5/3]
685	log10(8)	elementary	64	exact	7	NEG, NINE, SUBTRACT, LOG, EIGHT, LOG, DIVIDE	1.110e-16	1.464514	64.0	Log[10, 8]
686	disk line-picking constant	elementary	64	not found	7	FOUR, NEG, SINH, TANH, DIVIDE, GOLDENRATIO, POWER	8.303e-10	0.833546	9.1	128/(45*Pi)
687	Gamma(5/4)	special	64	exact	4	FOUR, FIVE, DIVIDE, GAMMA	4.441e-16	2.466187	64.0	Gamma[5/4]
688	densest planar packing of circles constant	elementary	64	exact	5	THREE, SQRT, ONE, ARCSIN, DIVIDE	0.000e+00	0.0	64.0	Pi/(2*Sqrt[3])
689	value of x such that K(x) = 2E(x)	none	64	not found	7	PI, TANH, LOG, FOUR, SUBTRACT, SQRT, SIN	2.030e-09	0.797914	8.7	
690	(sqrt(Pi)/(2^(1/4)*Gamma(5/8)*Gamma(7/8)))^2	special	64	not found	7	NEG, ARCSINH, ARCTAN, FOUR, ARCTAN, POWER, SINH	4.435e-09	0.766752	8.4	(Pi/Sqrt[2])*(1/(Gamma[5/8]*Gamma[7/8]))^2
691	(1 + sqrt(3))/3	algebraic	64	exact	6	THREE, NEG, THREE, SQRT, SUBTRACT, DIVIDE	0.000e+00	0.0	64.0	(1+Sqrt[3])/3
692	Catalan's constant	special	64	not found	7	THREE, SIX, EXP, ARCCOSH, SQRT, SUBTRACT, COS	4.108e-10	0.861598	9.4	Catalan
693	log root two pi	elementary	64	exact	5	PI, PI, PLUS, SQRT, LOG	1.110e-16	2.05032	64.0	Log[Sqrt[2*Pi]]
694	Gamma(7/4)	special	64	exact	4	FOUR, SEVEN, DIVIDE, GAMMA	2.220e-16	2.514543	64.0	Gamma[7/4]
695	position of the positive real maximum of Dawson's integral D_+(x)	none	64	not found	7	EULER, SINH, ARCTAN, LOG, TANH, COSH, ARCSINH	1.891e-09	0.800746	8.7	
696	cube face line-picking constant	elementary	64	not found	7	EIGHT, FIVE, DIVIDE, ARCSINH, EXP, ARCTAN, ARCSINH	3.558e-09	0.775535	8.4	(4 - 7*Pi + 21*Log[1 + Sqrt[2]] + 42*Log[2 + Sqrt[3]] + 17*Sqrt[2] - 6*Sqrt[3])/75
697	Product_{n>=1} (1 - 1/(4n+1)^2)	special	64	not found	7	SEVEN, TWO, DIVIDE, TANH, ONE, TANH, POWER	9.857e-09	0.734916	8.0	Product[1 - 1/(4 n + 1)^2, {n, 1, Infinity}]
698	an Ising constant related to the random coloring problem	special	64	not found	7	SIX, LOG, COS, TAN, ARCSINH, ARCCOS, GAMMA	5.315e-10	0.851333	9.3	Log[2]/2 + 2*Catalan/Pi
699	rank-4 Artin constant	special	64	not found	7	PI, TAN, ARCCOS, SQRT, ARCSINH, SIN, SQRT	7.326e-09	0.746744	8.1	Product[1 - 1/((-1 + Prime[\[FormalK]])*Prime[\[FormalK]]^4), {\[FormalK], 1, Infinity}]
700	-zeta'(2) (the first derivative of the zeta function at 2)	none	64	not found	7	TWO, SIN, GOLDENRATIO, ARCCOSH, DIVIDE, SQR, ARCTAN	6.558e-09	0.751161	8.2	
701	(4K/Pi)^2 where K is the Landau-Ramanujan constant	none	64	not found	7	TWO, ARCCOSH, TWO, DIVIDE, SQRT, TANH, SINH	1.235e-08	0.725923	7.9	
702	Pi*(1+sqrt(2))/8	elementary	64	exact	7	PI, EIGHT, ONE, ARCSINH, EXP, DIVIDE, TIMES	0.000e+00	0.0	64.0	Pi*(1+Sqrt[2])/8
703	log10(9)	elementary	64	exact	7	NEG, NINE, SUBTRACT, LOG, NINE, LOG, DIVIDE	0.000e+00	0.0	64.0	Log[10, 9]
704	3/π	elementary	64	exact	3	PI, THREE, DIVIDE	0.000e+00	0.0	64.0	3/Pi
705	Magic angle	elementary	64	exact	3	TWO, SQRT, ARCTAN	0.000e+00	0.0	64.0	ArcCos[1/Sqrt[3]]
706	(log(2) + Pi)/4	elementary	64	exact	6	FOUR, PI, TWO, LOG, PLUS, DIVIDE	0.000e+00	0.0	64.0	(Log[2]+Pi)/4
707	a limit associated with the asymptotic number of ways of writing a number as a sum of powers of 2, with each power used 	elementary	64	not found	7	FIVE, SQRT, SIN, TAN, COS, INV, SIN	9.811e-09	0.735103	8.0	3^(Log[GoldenRatio]/Log[2]) / Sqrt[5]
708	a constant related to the asymptotic expansion of the Lebesgue constant corresponding to the n-th Chebyshev polynomial	special	64	not found	7	FOUR, ONE, ARCSINH, SIN, TIMES, ARCSINH, SIN	8.361e-10	0.83327	9.1	2/Pi*(3*Log[2] - Log[Pi] + EulerGamma)
709	L(3, chi4), where L(s, chi4) is the Dirichlet L-function for the non-principal character modulo 4	elementary	64	exact	6	TWO, THREE, ONE, ARCTAN, POWER, TIMES	1.110e-16	1.7086	64.0	Pi^3/32
710	Lochs constant	elementary	64	not found	7	GOLDENRATIO, COS, COS, COSH, COSH, TANH, SQR	5.512e-09	0.758087	8.3	6*Log[2]*Log[10]/Pi^2
711	4*K/Pi, a constant appearing in the asymptotic evaluation of the number of non-hypotenuse numbers not exceeding a given 	none	64	not found	7	SIX, ARCTAN, ARCCOSH, ARCTANH, TAN, LOG, ARCTAN	5.963e-10	0.846745	9.2	
712	log 3π	elementary	64	not found	7	PI, ARCSINH, SIX, COS, DIVIDE, COSH, ARCSINH	1.913e-09	0.800274	8.7	Log10[3*Pi]
713	Elbert constant	special	64	not found	7	GOLDENRATIO, THREE, PLUS, ARCTAN, COS, ARCSINH, COS	3.861e-09	0.772282	8.4	ConditionalExpression[Extension`ElbertConstant == 1 + E^\[FormalU] - (\[FormalV]*E^\[FormalU])/2 + E^(\[FormalU] + \[FormalV]/2) - E^\[FormalV], E^\[FormalU] + 2*E^(\[FormalU] + \[FormalV]/2) + E^(\[FormalV]/2) + E^(\[FormalU] + \[FormalV]) == 2*E^\[FormalV] + E^((3*\[FormalV])/2) && 1 + (1 + \[FormalU] - \[FormalV])*E^\[FormalU] + 2*E^(\[FormalU] + \[FormalV]/2) == 2*E^\[FormalV] && -1/3 < \[FormalU] < 0 && 1/3 < \[FormalV] < 1]
714	4*sqrt(2) - 6*sqrt(6)/Pi	elementary	64	not found	7	TWO, TANH, GAMMA, ARCTAN, ARCCOS, ARCTANH, TAN	4.568e-09	0.765572	8.3	4Sqrt[2]-6Sqrt[6]/Pi
715	generalized Glaisher-Kinkelin constant A(3)	special	64	not found	7	THREE, SEVEN, SQR, COS, SINH, GAMMA, DIVIDE	2.687e-09	0.786733	8.6	Exp[-11/720 - Zeta'[-3]]
716	a parking constant related to the asymptotic expected number of cars, assuming random car lengths	none	64	not found	7	NINE, EIGHT, INV, EXP, ARCSINH, POWER, TAN	5.555e-09	0.757778	8.3	
717	a constant related to the asymptotic evaluation of Product_{p prime congruent to 3 modulo 4} (1 + 1/p)	none	64	not found	7	EULER, PI, SQRT, DIVIDE, ARCCOS, SINH, SQRT	6.986e-11	0.932226	10.2	
718	ln(Gamma(1/3))	special	64	exact	4	THREE, INV, GAMMA, LOG	2.220e-16	2.514543	64.0	LogGamma[1/3]
719	Reuleaux triangle square cutting fraction	elementary	64	not found	7	NINE, TAN, SINH, GAMMA, SQR, LOG, TANH	1.244e-09	0.817422	8.9	-3 + Pi/6 + 2*Sqrt[3]
720	logarithm of Khinchin constant	special	64	not found	7	NEG, ARCSINH, ARCSIN, TAN, EXP, ARCTANH, COS	1.287e-09	0.816074	8.9	Log[Khinchin]
721	phi(0), an auxiliary constant associated with Shapiro's cyclic sum constant lambda	none	64	not found	7	THREE, NINE, ARCCOSH, GAMMA, SUBTRACT, SQR, SIN	4.073e-10	0.861936	9.4	
722	Asymptotic behavior of Lebesgue constants	special	64	not found	7	PI, COSH, EULER, POWER, SIN, TAN, SIN	4.362e-09	0.767419	8.4	(-4*PolyGamma[0, 1/2])/Pi^2 + (8*Sum[Log[k]/(-1 + 4*k^2), {k, 1, Infinity}])/Pi^2
723	generalized Glaisher-Kinkelin constant A(4)	special	64	not found	7	THREE, EULER, ARCSINH, SUBTRACT, SINH, COSH, LOG	8.103e-09	0.742727	8.1	Exp[-3*Zeta[5]/(4*Pi^4)]
724	log π^2	elementary	64	exact	7	THREE, ARCSINH, COSH, LOG, PI, LOG, DIVIDE	2.220e-16	1.436882	64.0	Log10[Pi^2]
725	Ramanujan's first continued fraction constant	elementary	64	not found	7	NEG, EULER, COS, EXP, INV, SUBTRACT, TANH	2.818e-09	0.784836	8.6	Exp[(2*Pi)/5]*(-GoldenRatio + Sqrt[GoldenRatio*Sqrt[5]])
726	One	rational	64	exact	1	ONE	0.000e+00	0.642549	64.0	1
727	'nu', a coefficient related to the variance for searching corresponding to patricia tries	none	64	false positive	6	NINE, EULER, EXP, TANH, INV, POWER	4.441e-16	1.644124	15.7	
728	zeta(9)	special	64	not found	7	PI, GAMMA, EIGHT, COS, SIN, DIVIDE, COSH	1.905e-09	0.800435	8.7	Zeta[9]
729	side of the equilateral triangle that can cover every triangle of perimeter 2	none	64	not found	7	TWO, SIN, EIGHT, SQR, TIMES, COS, COSH	6.956e-10	0.840607	9.2	
730	generalized Stirling constant	none	64	not found	7	GOLDENRATIO, SEVEN, ARCCOSH, DIVIDE, LOG, COS, SINH	6.783e-10	0.841608	9.2	
731	Pi^3/(36*sqrt(3)) + 91*zeta(3)/216	special	64	not found	7	PI, SINH, THREE, COS, DIVIDE, ARCSIN, COSH	2.663e-09	0.787086	8.6	Pi^3/(36*Sqrt[3])+91*Zeta[3]/216
732	DeVicci's tesseract constant	algebraic	64	not found	7	SEVEN, EXP, ARCCOSH, SIN, INV, GAMMA, INV	1.127e-10	0.913176	9.9	Root[16 + 16*#1^2 - 7*#1^4 - 28*#1^6 + 4*#1^8 & , 3, 0]
733	zeta(7)	special	64	not found	7	FIVE, SQRT, LOG, SIN, GAMMA, INV, TAN	1.037e-09	0.824703	9.0	Zeta[7]
734	generalized Glaisher-Kinkelin constant A(5)	special	64	not found	7	GOLDENRATIO, THREE, LOG, ARCTAN, ARCSIN, TIMES, ARCTAN	2.022e-09	0.798075	8.7	Exp[137/15120-Zeta'[-5]]
735	Pi^3/64 + 7*zeta(3)/16	special	64	not found	7	TWO, TAN, EXP, SEVEN, LOG, ARCTAN, POWER	5.637e-09	0.757191	8.2	Pi^3/64+7Zeta[3]/16
736	Gieseking constant	special	64	not found	7	EIGHT, TANH, SIN, INV, TAN, ARCCOSH, ARCCOSH	6.730e-10	0.84192	9.2	(3*Sqrt[3]*(1 - PolyGamma[1, 2/3]/9 + PolyGamma[1, 4/3]/9))/4
737	h_3, a constant related to certain evaluations of the gamma function from elliptic integrals	special	64	not found	7	NEG, TAN, GOLDENRATIO, DIVIDE, GAMMA, SIN, COSH	1.045e-09	0.824395	9.0	4*EllipticK[4*Sqrt[3]-7]/(Sqrt[2+Sqrt[3]]*Pi)
738	2*Pi^3/(81*sqrt(3)) + 13*zeta(3)/27	special	64	not found	7	SIX, EIGHT, ARCTAN, COS, TANH, DIVIDE, EXP	7.050e-09	0.748275	8.2	2Pi^3/(81Sqrt[3])+13Zeta[3]/27
739	an Ising constant related to the hexagonal lattice	none	64	not found	7	PI, ONE, TANH, ARCSINH, PLUS, ARCSINH, GAMMA	1.249e-09	0.817283	8.9	
740	6*arcsec(sqrt(3))/Pi^(3/2), an extreme value constant	special	64	not found	7	NINE, ARCSINH, LOG, EULER, ARCTAN, ARCSINH, POWER	1.182e-09	0.819466	8.9	6*ArcSec[Sqrt[3]]/Pi^(3/2)
741	e^pi/pi^e	elementary	64	exact	6	EULER, PI, POWER, PI, EXP, DIVIDE	2.220e-16	1.676362	64.0	E^Pi/Pi^E
742	continued fraction constant (base 10)	elementary	64	not found	7	SIX, ARCTAN, ARCTAN, SIN, SINH, GAMMA, SQRT	4.837e-09	0.763291	8.3	Pi^2/(6Log[2]Log[10])
743	generalized Glaisher-Kinkelin constant A(2)	special	64	not found	7	TWO, TANH, LOG, EULER, SIN, TAN, POWER	1.589e-09	0.807674	8.8	Exp[Zeta[3]/(4*Pi^2)]
744	generalized hypergeometric function 3F2(1/2,1/2,1/2; 3/2,3/2; x) at x=1/2	special	64	not found	6	SEVEN, TANH, SQRT, SIN, ARCTANH, ARCSINH	2.130e-09	0.928651	8.7	(Pi*Log[2]/4 + Catalan)/Sqrt[2]
745	Hadamard-de la Vallee-Poussin constant	special	64	not found	7	NINE, SIN, COSH, EXP, GAMMA, TWO, DIVIDE	1.462e-10	0.90279	9.8	EulerGamma + Sum[(-1 + Prime[\[FormalK]])^(-1) + Log[1 - Prime[\[FormalK]]^(-1)], {\[FormalK], 1, Infinity}]
746	secant of 15 degrees (cosecant of 75 degrees)	algebraic	64	exact	5	TWO, SQRT, SIX, SQRT, SUBTRACT	2.220e-16	2.011635	63.6	Sec[15 Degree]
747	zeta(5)	special	64	not found	7	NEG, COS, PI, INV, COSH, COS, PLUS	4.248e-09	0.768475	8.4	Zeta[5]
748	Landau-Kolmogorov constant C(3,1) for derivatives in the case L_infinity(-infinity, infinity)	none	64	exact	6	TWO, THREE, INV, NINE, POWER, DIVIDE	0.000e+00	0.107091	64.0	
749	log10(11)	elementary	64	not found	7	GOLDENRATIO, SIX, ARCTAN, SUBTRACT, TWO, POWER, ARCSIN	6.062e-10	0.846088	9.2	Log[10, 11]
750	sec(phi), a constant related to the "broadworm" (or "caliper") problem	none	64	not found	7	SEVEN, SINH, INV, FOUR, SUBTRACT, ARCSINH, GAMMA	8.940e-11	0.922394	10.0	
751	Landau-Kolmogorov constant C(5,1) for derivatives in the case L_infinity(infinity, infinity)	none	64	not found	7	GOLDENRATIO, TANH, COS, SIN, ARCTAN, GAMMA, ARCTAN	2.579e-10	0.880158	9.6	
752	li(2) = gamma + log(log(2)) + Sum_{k>=1} log(2)^k / ( k*k! )	special	64	not found	7	SEVEN, GOLDENRATIO, TANH, POWER, ARCSINH, ARCTAN, ARCCOS	3.163e-09	0.780233	8.5	LogIntegral[2]
753	third pi	elementary	64	exact	3	THREE, PI, DIVIDE	2.220e-16	3.352724	64.0	Pi/3
754	asymptotic constant in Goebel's sequence A003504	none	64	not found	7	PI, ARCTAN, COS, COS, EIGHT, TANH, DIVIDE	1.005e-09	0.825936	9.0	
755	Sum_{i>=0} 1/(2*i+1)^3	special	64	not found	7	SIX, INV, SQRT, ARCTAN, ARCTANH, COS, SINH	1.904e-09	0.800468	8.7	7 Zeta[3]/8
756	192*K^2*G/Pi^4 = Product_{p prime congruent to 1 modulo 4} (1 + 1/p^2), where K is the Landau-Ramanujan constant and G C	none	64	not found	7	EIGHT, SIN, ARCTANH, EULER, GAMMA, ARCCOSH, POWER	1.243e-08	0.725678	7.9	
757	1/2+2/sqrt(13), a constant related to the asymptotic evaluation of the number of self-avoiding rook paths joining opposi	algebraic	64	not found	7	NINE, INV, ARCSINH, NEG, SUBTRACT, EXP, COSH	3.505e-09	0.776132	8.5	1/2 + 2/Sqrt[13]
758	an infinite product involving the ratio of n! to its Stirling approximation	special	64	not found	7	NINE, COSH, EIGHT, DIVIDE, LOG, SIN, EXP	2.041e-09	0.797686	8.7	Glaisher^3/(2^(7/12)*Pi^(1/4))
759	Twelfth root of 2	algebraic	64	exact	5	SIX, INV, TWO, SQRT, POWER	0.000e+00	0.12851	63.4	2^(1/12)
760	(3/4)*sqrt(2)	algebraic	64	exact	4	EIGHT, NINE, DIVIDE, SQRT	0.000e+00	0.160637	63.3	3 Sqrt[2]/4
761	I, a constant appearing (as I^2) in the asymptotic variance of the area of the convex hull of random points in the unit 	special	64	not found	7	TWO, ARCTAN, ARCCOSH, ARCSINH, COS, SQR, TAN	7.496e-10	0.837626	9.1	Sqrt[2]*Pi^2/Gamma[1/4]^2
762	(8*G - Pi*log(2 + sqrt(3)))/3, where G = A006752	special	64	not found	7	NINE, ARCTAN, INV, SINH, INV, ARCCOSH, TAN	2.151e-09	0.795592	8.7	(8Catalan-Pi Log[2+Sqrt[3]])/3
763	(gamma + log(16))/Pi	special	64	not found	7	FIVE, COS, SQRT, TAN, SQR, TAN, COSH	1.943e-09	0.799663	8.7	(EulerGamma + Log[16])/Pi
764	m_3, the expected number of returns to the origin in a three-dimensional random walk restricted to the region x >= y >= 	none	64	not found	7	EULER, SIN, COSH, SINH, INV, EXP, GAMMA	4.568e-10	0.857366	9.3	
765	Sum_{k >= 0} 1/(4*k+1)^2	special	64	not found	7	NINE, GOLDENRATIO, LOG, COSH, SIN, POWER, COSH	3.656e-09	0.774453	8.4	Catalan/2 + Pi^2/16
766	expected number of returns to the origin of a random walk on an 8-d lattice	none	64	not found	7	ONE, ARCSIN, SIX, LOG, ARCCOSH, TIMES, ARCTAN	1.450e-09	0.811317	8.8	
767	beta = 1.07869..., the best constant in Friedrichs' inequality in one dimension	none	64	not found	7	EIGHT, COS, NEG, COS, COSH, GAMMA, SUBTRACT	1.937e-08	0.707984	7.7	
768	Landau-Kolmogorov constant C(4,1) for derivatives in the case L_infinity(infinity, infinity)	none	64	not found	7	EIGHT, SIN, ONE, ARCTAN, GAMMA, TIMES, SQRT	1.882e-08	0.709139	7.7	
769	c = twice the maximum of Dawson's integral, a constant used in the asymptotic evaluation of the ideal hyperbolic n-cube 	none	64	not found	7	FIVE, ARCTAN, TANH, COSH, EULER, SUBTRACT, ARCSINH	8.255e-09	0.741985	8.1	
770	zeta(4) = pi^4/90	elementary	64	not found	7	ONE, SINH, GAMMA, COSH, ARCTAN, SIN, TAN	2.188e-09	0.794929	8.7	Pi^4/90
771	6*exp(gamma)/Pi^2	special	64	not found	7	FIVE, TANH, SQRT, TANH, SINH, SINH, SINH	5.357e-10	0.851018	9.3	6*Exp[EulerGamma]/Pi^2
772	Feller α coin-tossing constant	algebraic	64	not found	7	PI, GOLDENRATIO, ARCTAN, SQR, GAMMA, POWER, SINH	6.207e-12	1.028732	11.2	(2*(-1 - 2/(17 + 3*Sqrt[33])^(1/3) + (17 + 3*Sqrt[33])^(1/3)))/3
773	1/Gamma(7/4)	special	64	exact	5	FOUR, SEVEN, DIVIDE, GAMMA, INV	0.000e+00	0.12851	63.7	1/Gamma[7/4]
774	Pi*log(2)/2	elementary	64	exact	5	PI, TWO, SQRT, LOG, TIMES	0.000e+00	0.12851	63.4	Pi*Log[2]/2
776	1/2+G/Pi, the highest limiting crest of a square wave Fourier series, where G is the Gibbs-Wilbraham constant	none	64	not found	6	PI, ARCTAN, ARCCOSH, INV, SQRT, SQRT	1.189e-09	0.955758	8.9	
777	expected number of returns to the origin of a random walk on a 7-d lattice	none	64	not found	7	NINE, SIN, ARCTAN, SQRT, ARCCOS, SQRT, SINH	5.142e-09	0.760856	8.3	
778	Gamma(1/4)^4/(16*Pi^2)	special	64	not found	7	EIGHT, TWO, SINH, LOG, TAN, DIVIDE, COSH	4.890e-09	0.762862	8.3	Gamma[1/4]^4/(16Pi^2)
779	square root of 6/5	none	64	exact	4	FIVE, SIX, DIVIDE, SQRT	0.000e+00	0.160637	63.4	
780	a 5-dimensional analog of DeVicci's tesseract constant	algebraic	64	exact	5	THREE, SQRT, EIGHT, SQRT, SUBTRACT	2.220e-16	2.011635	63.4	Sqrt[11-4*Sqrt[6]]
782	ln(3)	elementary	64	exact	2	THREE, LOG	0.000e+00	0.321274	63.5	Log[3]
783	Paris constant	special	64	not found	7	EULER, INV, PI, ARCCOSH, SUBTRACT, ARCCOSH, INV	8.848e-10	0.831011	9.1	ConditionalExpression[Extension`ParisConstant == Limit[(2*GoldenRatio)^\[FormalN]*(GoldenRatio - Subscript[\[FormalCapitalF], \[FormalN]]), \[FormalN] -> Infinity]/2, Subscript[\[FormalCapitalF], 1] == 1 && Subscript[\[FormalCapitalF], \[FormalN]] == Sqrt[1 + Subscript[\[FormalCapitalF], -1 + \[FormalN]]]]
784	Lengyel constant	special	64	not found	7	EULER, TAN, EXP, INV, ARCSINH, GAMMA, INV	8.625e-10	0.83203	9.1	ConditionalExpression[Extension`LengyelConstant == Limit[(2^\[FormalN]*\[FormalN]^(1 + Log[2]/3)*Subscript[\[FormalC], \[FormalN]]*Log[2]^\[FormalN])/\[FormalN]!^2, \[FormalN] -> Infinity], Subscript[\[FormalC], 1] == 1 && Subscript[\[FormalC], \[FormalN]] == Sum[StirlingS2[\[FormalN], \[FormalK]]*Subscript[\[FormalC], \[FormalK]], {\[FormalK], 1, -1 + \[FormalN]}]]
785	log 4π	elementary	64	not found	7	FIVE, SIX, SQRT, TIMES, LOG, GAMMA, ARCSINH	3.532e-09	0.775829	8.5	Log10[4*Pi]
786	9*Sum_{k>=1} 1/(10^k-1)	none	64	not found	7	NINE, FIVE, DIVIDE, EXP, SIN, SIN, TAN	1.293e-08	0.724086	7.9	
787	1/Gamma(5/4)	special	64	exact	5	FOUR, FIVE, DIVIDE, GAMMA, INV	4.441e-16	1.972949	63.4	1/Gamma[5/4]
789	sqrt(8/Pi)*log(2), a constant related to the asymptotic evaluation of the minimum number of one-dimensional random walks	elementary	64	exact	6	ONE, ARCSIN, SQRT, FOUR, LOG, DIVIDE	0.000e+00	0.107091	64.0	Sqrt[8/Pi]*Log[2]
791	1/Gamma(5/3)	special	64	exact	5	THREE, FIVE, DIVIDE, GAMMA, INV	2.220e-16	2.011635	64.0	1/Gamma[5/3]
792	Pi/(2*sqrt(2))	none	64	exact	4	EIGHT, SQRT, PI, DIVIDE	0.000e+00	0.160637	63.6	
793	4*L/(3*Pi), a constant related to the asymptotic evaluation of the number of primes of the form a^2+b^4, where L is Gaus	none	64	not found	7	GOLDENRATIO, ARCSINH, GAMMA, LOG, COS, SIN, TAN	7.017e-09	0.748464	8.2	
794	log10(13)	elementary	64	not found	7	EIGHT, PI, GAMMA, GAMMA, INV, DIVIDE, EXP	2.381e-09	0.791544	8.6	Log[10, 13]
795	positive real root of 3*x^4 - x^3 - x^2 - 2, a constant related to quasi-isometric mappings	none	64	not found	7	THREE, COSH, TWO, TANH, SQRT, GAMMA, POWER	4.012e-09	0.770752	8.4	
796	Landau-Kolmogorov constant C(5,2) for derivatives in the case L_infinity(infinity, infinity)	none	64	not found	7	THREE, ARCTAN, INV, ARCTAN, SIX, LOG, SUBTRACT	8.947e-10	0.830568	9.0	
797	expected number of returns to the origin of a random walk on a 6-d lattice	none	64	not found	7	FOUR, COS, TAN, COS, SQR, ARCTAN, COSH	1.275e-09	0.816454	8.9	
798	Goh-Schmutz constant	special	64	not found	7	GOLDENRATIO, NINE, SQR, SIN, COS, COS, TIMES	1.551e-09	0.808639	8.8	-Sum[(E^\[FormalK]*ExpIntegralEi[-\[FormalK]])/\[FormalK], {\[FormalK], 1, Infinity}]
799	Steinitz constant of the Euclidean plane	algebraic	64	exact	3	GOLDENRATIO, LOG, COSH	0.000e+00	0.214183	63.6	Sqrt[5]/2
800	Landau-Kolmogorov constant C(5,3) for derivatives in the case L_infinity(infinity, infinity)	none	64	not found	7	FIVE, THREE, TANH, DIVIDE, THREE, ARCCOSH, POWER	3.831e-09	0.772586	8.4	
801	1/Gamma(4/3)	special	64	exact	5	THREE, FOUR, DIVIDE, GAMMA, INV	2.220e-16	2.011635	63.6	1/Gamma[4/3]
802	2*exp(-gamma)	special	64	not found	7	NEG, SIX, ARCCOSH, ARCTAN, COS, SUBTRACT, ARCSINH	6.601e-09	0.750898	8.2	2*Exp[-EulerGamma]
803	zeta(7/2)	special	64	not found	7	GOLDENRATIO, SIN, SINH, SINH, COS, THREE, POWER	5.550e-09	0.757811	8.3	Zeta[7/2]
804	2/sqrt(pi)	elementary	64	exact	4	PI, FOUR, DIVIDE, SQRT	0.000e+00	0.160637	63.4	2/Sqrt[Pi]
806	a coefficient associated with the asymptotics of the average distance between a vertex and the root of a random rooted t	none	64	not found	7	EULER, THREE, DIVIDE, GAMMA, SIN, EXP, GAMMA	1.029e-08	0.733202	8.0	
807	digital search tree β constant	special	64	not found	7	TWO, COS, NINE, COS, DIVIDE, TANH, SINH	8.195e-10	0.834071	9.1	-1 + (Log[2]*QPolyGamma[0, 1, 1/2] + QPolyGamma[1, 1, 1/2])/Log[2]^2
808	extreme value skewness	special	64	not found	7	NEG, PI, ARCTAN, SUBTRACT, SIN, INV, SQRT	9.347e-09	0.737035	8.0	12*Sqrt[6]*Zeta[3]/Pi^3
809	a function approximation constant which is the analog of Gibbs's constant 2*G/Pi (A036793) for de la Vallée-Poussin sums	none	64	not found	7	SEVEN, SIN, TAN, SIN, SQR, TAN, COSH	1.850e-09	0.80161	8.7	
810	ln(pi)	elementary	64	exact	2	PI, LOG	0.000e+00	0.321274	63.4	Log[Pi]
811	1/sqrt(tanh(1))	elementary	64	exact	4	ONE, TANH, INV, SQRT	0.000e+00	0.160637	63.5	1/Sqrt[Tanh[1]]
812	Goldbach-Vinogradov constant	special	64	not found	7	TWO, COS, SINH, SIN, EXP, SQRT, GAMMA	6.148e-09	0.753735	8.2	Product[1 + (-1 + Prime[\[FormalK]])^(-3), {\[FormalK], 1, Infinity}]/2
813	Pi^2/(16*K^2*G) = Product_{p prime congruent to 3 modulo 4} (1 + 1/p^2), where K is the Landau-Ramanujan constant and G 	none	64	not found	7	GOLDENRATIO, GAMMA, SIN, SQRT, TANH, TAN, TAN	1.233e-08	0.725984	7.9	
814	Second Hermite constant	algebraic	64	exact	4	THREE, FOUR, DIVIDE, SQRT	0.000e+00	0.160637	64.0	2/Sqrt[3]
815	expected number of returns to the origin of a random walk on a 5-d lattice	none	64	not found	7	GOLDENRATIO, COS, COS, ARCTAN, SQR, ARCTAN, COSH	1.056e-08	0.732153	8.0	
816	cubic recurrence constant	special	64	not found	7	NEG, PI, THREE, TAN, TIMES, SUBTRACT, COSH	3.335e-09	0.77812	8.5	Product[\[FormalK]^3^(-\[FormalK]), {\[FormalK], 1, Infinity}]
817	'xiHat', a constant used in the asymptotic evaluation of e.g.f. coefficients for the number of labeled mobiles	none	64	not found	7	TWO, SIN, TWO, COSH, ARCTAN, SUBTRACT, ARCCOS	1.527e-10	0.901054	9.8	
818	grazing goat constant	special	64	not found	7	THREE, SIN, LOG, INV, SIX, POWER, ARCCOS	5.504e-09	0.758147	8.3	Root[{Pi - 2*ArcCos[1 - #1^2/2] - 2*ArcCos[#1/2]*#1^2 + #1*Sqrt[4 - #1^2] & , 1.158728473018121517828233509934`30.063981678858028}]
819	Given the two curves y = exp(-x) and y = 2/(exp(x) + exp(x/2)), draw a line tangent to both. This sequence is the decima	none	64	not found	7	TWO, LOG, SIN, ARCTANH, EULER, ARCTAN, POWER	2.588e-09	0.788228	8.6	
820	expectation of the maximum of a size 5 sample from a normal (0,1) distribution	special	64	not found	7	FOUR, ARCTAN, TWO, ARCCOSH, SQR, COS, PLUS	1.165e-08	0.728261	7.9	5/Sqrt[Pi] - 15*ArcCsc[Sqrt[3]]/Pi^(3/2)
821	'c', an optimal stopping constant associated with the two choice case	none	64	not found	7	GOLDENRATIO, SQRT, EIGHT, LOG, POWER, SIN, COSH	5.583e-10	0.849367	9.3	
822	spanning tree constant of the square lattice	special	64	not found	7	GOLDENRATIO, SINH, ONE, TANH, TAN, DIVIDE, ARCCOS	8.884e-09	0.73906	8.1	4*Catalan/Pi
823	(5 + 3*sqrt(5))/10	algebraic	64	exact	5	GOLDENRATIO, THREE, SUBTRACT, GOLDENRATIO, DIVIDE	2.220e-16	2.011635	63.5	(5 + 3 Sqrt[5])/10
824	sinh one	elementary	64	exact	2	ONE, SINH	0.000e+00	0.321274	64.0	Sinh[1]
825	Salem constant	algebraic	64	not found	7	EIGHT, ARCSINH, SQRT, SINH, SIN, SINH, COSH	1.160e-09	0.820232	8.9	Root[1 + #1 - #1^3 - #1^4 - #1^5 - #1^6 - #1^7 + #1^9 + #1^10 & , 2, 0]
826	root ln four	elementary	64	exact	3	FOUR, LOG, SQRT	0.000e+00	0.214183	63.4	Sqrt[Log[4]]
827	Gibbs constant	special	64	not found	7	THREE, TAN, TWO, POWER, GAMMA, TANH, GAMMA	1.907e-09	0.800398	8.7	(2*SinIntegral[Pi])/Pi
828	Lévy's constant	elementary	64	exact	6	EIGHT, LOG, NEG, ARCSIN, SQR, DIVIDE	0.000e+00	0.107091	63.5	Pi^2/(12*Log[2])
829	Foias constant	none	64	not found	7	EULER, THREE, SUBTRACT, ARCTANH, SQR, ARCCOS, ARCSINH	1.413e-09	0.81236	8.8	
830	2^(1/4)	algebraic	64	exact	3	TWO, SQRT, SQRT	0.000e+00	0.214183	63.6	2^(1/4)
831	theta_2, one of the angles associated with the bow-and-arrow configuration used in the 2-arc smallest length problem	none	64	not found	7	EIGHT, TANH, EXP, SQR, ARCSINH, INV, ARCCOS	2.313e-09	0.79271	8.6	
832	arithmetic-geometric mean constant	special	64	not found	7	GOLDENRATIO, ARCSINH, SIN, SQR, EXP, SIN, COSH	6.065e-09	0.754276	8.2	(2*Pi^(3/2)*Sqrt[2])/Gamma[1/4]^2
833	real fixed point of coth(z)	special	64	not found	7	NINE, LOG, TAN, TANH, PI, INV, SUBTRACT	1.061e-09	0.823771	9.0	Root[{-Coth[#1] + #1 & , 1.199678640257733833916369848641`30.079064926502777}]
834	lim_{n->infinity} ((1/log(n)^2)*Product_{2 < p < n, p prime} p/(p-2))	none	64	not found	7	FIVE, ARCCOSH, ONE, TANH, LOG, TIMES, COSH	2.140e-09	0.795809	8.7	
835	sqrt(e^(1/e)) = 1.20194336847031	elementary	64	exact	4	EULER, INV, EXP, SQRT	0.000e+00	0.160637	63.9	E^(E^-1/2)
836	Apéry's constant	special	64	not found	7	EIGHT, SQRT, EXP, PI, DIVIDE, COSH, SINH	5.461e-09	0.758456	8.3	Zeta[3]
837	growth constant in random Fibonacci sequence	algebraic	64	not found	7	NEG, FIVE, INV, TAN, ARCSIN, ARCSIN, SUBTRACT	8.458e-09	0.741016	8.1	Root[#1^3 + #1^2 - #1 - 2 &, 1]
838	sqrt(A224273)	special	64	not found	7	NEG, ARCSIN, SQR, GAMMA, ONE, ARCSIN, DIVIDE	3.810e-09	0.772813	8.4	Sqrt[3] Gamma[1/3]^(3/2)/(2 Pi)
839	2/sqrt(e), a constant appearing in the expression of the asymptotic expected volume V(d) of the convex hull of randomly 	elementary	64	exact	4	EULER, FOUR, DIVIDE, SQRT	0.000e+00	0.160637	63.4	2/Sqrt[E]
840	12/Pi^2	elementary	64	exact	5	NEG, ARCSIN, SQR, THREE, DIVIDE	0.000e+00	0.12851	63.7	12/Pi^2
841	positive real root of x^4 - x - 1	algebraic	64	not found	7	THREE, GOLDENRATIO, COSH, ONE, SIN, SUBTRACT, PLUS	1.713e-09	0.804679	8.8	Root[#1^4 - #1 - 1 &, 2]
842	Mertens constant C(5,1)	none	64	not found	7	TWO, TWO, ARCCOSH, EULER, DIVIDE, DIVIDE, SINH	7.879e-09	0.743846	8.1	
843	Gamma(3/4)	special	64	exact	4	FOUR, THREE, DIVIDE, GAMMA	0.000e+00	0.160637	63.6	Gamma[3/4]
844	Fibonacci factorial constant	special	64	not found	7	EIGHT, EULER, TANH, PLUS, SQR, ARCTAN, ARCSINH	3.887e-09	0.772007	8.4	QPochhammer[-GoldenRatio^(-2)]
845	log10(17)	elementary	64	not found	7	NEG, ARCSINH, EULER, TANH, ARCSINH, ARCSINH, POWER	2.703e-08	0.694706	7.6	Log[10, 17]
846	Second Favard constant	elementary	64	exact	4	EIGHT, PI, SQR, DIVIDE	0.000e+00	0.160637	64.0	Pi^2/8
847	Feller β coin-tossing constant	algebraic	64	not found	7	TWO, NINE, SINH, PLUS, LOG, SQRT, ARCTAN	9.511e-10	0.828131	9.0	(2 + 4*(17 + 3*Sqrt[33])^(1/3) - (17 + 3*Sqrt[33])^(2/3))/(6 + 9*(17 + 3*Sqrt[33])^(1/3) - 3*(17 + 3*Sqrt[33])^(2/3))
848	expected number of returns to the origin of a random walk on a 4-d lattice	none	64	not found	7	TWO, ONE, SIN, PLUS, ARCCOSH, SQR, ARCTAN	1.091e-08	0.730854	8.0	
849	Bertrand's constant	none	46	not found	7	NINE, ARCSINH, LOG, LOG, INV, ARCCOSH, LOG	5.389e-09	0.758983	8.3	
850	root half pi	elementary	64	exact	3	ONE, ARCSIN, SQRT	2.220e-16	3.352724	63.9	Sqrt[Pi/2]
851	Khinchin-Lévy sum constant	special	64	not found	7	GOLDENRATIO, NEG, ARCSINH, EXP, SIN, POWER, EXP	4.572e-09	0.765545	8.3	Sum[Log[1 + \[FormalK]]/(\[FormalK]*(1 + \[FormalK])), {\[FormalK], 1, Infinity}]
852	Cube root of 2	algebraic	64	exact	4	THREE, INV, TWO, POWER	0.000e+00	0.160637	63.9	2^(1/3)
853	limiting length appearing in the asymptotic probability involved in the "stick breaking" problem	none	64	not found	7	GOLDENRATIO, COS, SEVEN, TANH, COSH, SUBTRACT, SQRT	1.223e-09	0.818098	8.9	
854	c*sqrt(e/2), a constant associated with Dawson's integral and the asymptotic evaluation of the ideal hyperbolic n-cube v	none	64	not found	7	EIGHT, TANH, THREE, DIVIDE, ARCCOSH, ARCTAN, SINH	9.891e-10	0.82657	9.0	
855	fractal dimension of Koch snowflake	elementary	64	exact	5	THREE, LOG, FOUR, LOG, DIVIDE	0.000e+00	0.12851	63.6	Log[4]/Log[3]
856	Vardi constant	special	64	not found	7	NINE, ARCSINH, GAMMA, SQR, COSH, SIN, ARCTANH	1.085e-08	0.731107	8.0	ConditionalExpression[Extension`VardiConstant == (Exp[Sum[2^(-1 - \[FormalK])*Log[1 + (-1 + 2*Subscript[\[FormalA], \[FormalK]])^(-2)], {\[FormalK], 1, Infinity}]]*Sqrt[6])/2, Subscript[\[FormalA], 0] == 2 && Subscript[\[FormalA], \[FormalN]] == 1 - Subscript[\[FormalA], -1 + \[FormalN]] + Subscript[\[FormalA], -1 + \[FormalN]]^2]
857	expectation of the maximum of a size 6 sample from a normal (0,1) distribution	none	64	not found	7	FIVE, SINH, SIN, SINH, TAN, COSH, ARCTAN	3.088e-09	0.78119	8.5	
858	constant c_0 appearing in the asymptotic evaluation of the n-th Lebesgue constant (related to Fourier series) as L_n ~ (	none	64	not found	7	NEG, COSH, SQR, COSH, ARCTAN, INV, COSH	1.916e-10	0.891998	9.7	
859	Ramanujan-Forsyth series constant	elementary	64	exact	3	PI, FOUR, DIVIDE	0.000e+00	0.214183	63.4	4/Pi
860	log10(19)	elementary	64	not found	7	FOUR, TAN, SQRT, FIVE, INV, ARCTANH, PLUS	4.004e-09	0.770827	8.4	Log[10, 19]
861	Glaisher-Kinkelin constant	special	64	not found	7	ONE, TANH, ARCCOS, GAMMA, COS, ARCTANH, ARCCOS	2.363e-08	0.700053	7.6	Glaisher
862	theta_1, one of the angles associated with the bow-and-arrow configuration used in the 2-arc smallest length problem	none	64	not found	7	FIVE, FOUR, INV, ARCCOS, ARCTAN, GAMMA, POWER	5.579e-10	0.849395	9.3	
863	ln(Gamma(1/4))	special	64	exact	4	FOUR, INV, GAMMA, LOG	2.220e-16	2.514543	63.4	LogGamma[1/4]
864	integral of the q-Pochhammer symbol over -1..1	elementary	64	not found	7	SEVEN, SIN, ARCSINH, GAMMA, FIVE, DIVIDE, ARCTAN	3.605e-09	0.775014	8.4	4*Sqrt[3/23]*Pi*(2*Sinh[Sqrt[23]*Pi/6] + Sqrt[2]*Sinh[Sqrt[23]*Pi/4])/(2*Cosh[Sqrt[23]*Pi/3] - 1)
865	second Bernoulli sophomore dream constant	special	64	not found	7	ONE, TAN, ARCCOSH, COS, SIN, SQR, EXP	5.365e-09	0.759164	8.3	Sum[\[FormalK]^(-\[FormalK]), {\[FormalK], 1, Infinity}]
866	(4/sqrt(Pi))*exp(-gamma/2)*K where K is the Landau-Ramanujan constant and gamma the Euler-Mascheroni constant	none	64	not found	7	THREE, LOG, SQR, ONE, ARCTAN, POWER, COSH	1.871e-09	0.801169	8.7	
867	Salem number of degree 38 (Mossinghoff)	algebraic	64	not found	7	NEG, TWO, SQRT, SINH, PLUS, ARCTAN, COSH	9.549e-09	0.736179	8.0	Root[#1^38 - #1^36 - #1^34 - #1^29 + #1^28 - #1^24 - #1^14 + #1^10 - #1^9 - #1^4 - #1^2 + 1 &, 4]
869	Mertens constant C(5,4)	none	64	not found	7	FOUR, TAN, COSH, INV, COS, ARCTAN, GAMMA	4.175e-10	0.860958	9.4	
872	Conway's constant	algebraic	64	not found	7	THREE, ARCTAN, ARCCOSH, SQRT, ARCCOS, INV, SQRT	5.611e-09	0.757378	8.3	Root[-6 + 3*#1 - 6*#1^2 + 12*#1^3 - 4*#1^4 + 7*#1^5 - 7*#1^6 + #1^7 + 5*#1^9 - 2*#1^10 - 4*#1^11 - 12*#1^12 + 2*#1^13 + 7*#1^14 + 12*#1^15 - 7*#1^16 - 10*#1^17 - 4*#1^18 + 3*#1^19 + 9*#1^20 - 7*#1^21 - 8*#1^23 + 14*#1^24 - 3*#1^25 + 9*#1^26 + 2*#1^27 - 3*#1^28 - 10*#1^29 - 2*#1^30 - 6*#1^31 + #1^32 + 10*#1^33 - 3*#1^34 + #1^35 + 7*#1^36 - 7*#1^37 + 7*#1^38 - 12*#1^39 - 5*#1^40 + 8*#1^41 + 6*#1^42 + 10*#1^43 - 8*#1^44 - 8*#1^45 - 7*#1^46 - 3*#1^47 + 9*#1^48 + #1^49 + 6*#1^50 + 6*#1^51 - 2*#1^52 - 3*#1^53 - 10*#1^54 - 2*#1^55 + 3*#1^56 + 5*#1^57 + 2*#1^58 - #1^59 - #1^60 - #1^61 - #1^62 - #1^63 + #1^64 + 2*#1^65 + 2*#1^66 - #1^67 - 2*#1^68 - #1^69 + #1^71 & , 3, 0]
873	Mills' constant	special	64	not found	7	NEG, SIN, GOLDENRATIO, DIVIDE, ARCSINH, ARCSINH, SQR	3.086e-09	0.781216	8.5	ConditionalExpression[Extension`MillsConstant == \[FormalX], ForAll[\[FormalN], Element[\[FormalN], Integers] && \[FormalN] > 0, Element[Floor[\[FormalX]^3^\[FormalN]], Primes]] && ForAll[Subscript[\[FormalX], 1], Subscript[\[FormalX], 1] < \[FormalX], Exists[\[FormalN], Element[\[FormalN], Integers] && \[FormalN] > 0, NotElement[Floor[Subscript[\[FormalX], 1]^3^\[FormalN]], Primes]]]]
874	first lemniscate constant	special	64	not found	7	EIGHT, TAN, FOUR, SINH, COS, TIMES, ARCTAN	1.122e-08	0.729762	8.0	Gamma[1/4]^2/(4*Sqrt[2*Pi])
875	Khinchin mean K_{-3}	none	64	not found	7	PI, SIX, DIVIDE, GAMMA, TANH, ARCSINH, GAMMA	3.574e-10	0.867147	9.4	
876	3^(1/4)	algebraic	64	exact	3	THREE, SQRT, SQRT	0.000e+00	0.214183	63.5	3^(1/4)
877	extended twin prime conjecture constant	special	64	not found	7	NEG, ARCTAN, EXP, TAN, SIN, SQRT, GAMMA	1.114e-09	0.821833	9.0	2*Product[1 - (-1 + Prime[\[FormalK]])^(-2), {\[FormalK], 2, Infinity}]
878	Plastic ratio	algebraic	64	not found	6	EIGHT, GAMMA, ARCCOSH, ARCTAN, INV, GAMMA	3.844e-10	1.008292	9.4	(27/2 - (3*Sqrt[69])/2)^(1/3)/3 + ((9 + Sqrt[69])/2)^(1/3)/3^(2/3)
879	pi^(1/4)	elementary	64	exact	3	PI, SQRT, SQRT	0.000e+00	0.214183	64.0	Pi^(1/4)
880	constant B3 (or B_3) related to the Mertens constant	none	64	not found	7	ONE, SINH, GAMMA, TAN, LOG, ARCSIN, EXP	4.693e-09	0.764503	8.3	
881	imaginary part of the solution of z = log z	special	64	not found	7	TWO, EULER, SUBTRACT, ARCSINH, ARCSINH, ARCSIN, GAMMA	1.402e-09	0.812668	8.9	Im[ProductLog[-1]]
882	monomer-dimer constant	special	64	not found	7	GOLDENRATIO, ARCSINH, EXP, ARCTAN, THREE, SQRT, DIVIDE	2.480e-08	0.698138	7.6	E^(Catalan/Pi)
883	totient product constant	special	64	not found	7	PI, ARCCOSH, SIN, SINH, TAN, COSH, ARCTAN	9.501e-09	0.736382	8.0	Product[1 + 1/((-1 + Prime[\[FormalK]])*Prime[\[FormalK]]^2), {\[FormalK], 1, Infinity}]
884	zeta(5/2)	special	64	not found	7	FOUR, EXP, ARCTAN, THREE, ARCTAN, DIVIDE, COSH	2.272e-09	0.793419	8.6	Zeta[5/2]
885	entropy constant related to A063443	none	18	not found	7	PI, FIVE, ARCSINH, THREE, SUBTRACT, PLUS, LOG	1.602e-08	0.715566	7.8	
886	'b', an auxiliary constant associated with the asymptotic probability of success in the full information version of the 	none	64	not found	7	GOLDENRATIO, SQRT, SIN, SQRT, COS, INV, ARCSINH	6.182e-10	0.845308	9.2	
887	Davis constant	special	64	not found	7	TWO, SINH, TAN, INV, TANH, TANH, INV	3.070e-09	0.78142	8.5	Pi^2/(8*Catalan)
888	'xi', a constant related to the second order quadratic recurrence q(0)=q(1)=1, q(n)=q(n-2)*(q(n-1)+1)	none	64	not found	7	EIGHT, ARCTAN, SINH, EULER, SINH, ARCCOSH, DIVIDE	2.737e-09	0.785992	8.6	
889	mean number of iterations in comparing two numbers via their continued fractions	none	64	not found	7	SEVEN, ARCTAN, EULER, SQRT, COS, ARCSINH, PLUS	3.614e-09	0.774913	8.4	
890	expectation of the maximum of a size 7 sample from a normal (0,1) distribution	none	64	not found	7	NINE, SIN, SINH, SIN, SQRT, ARCCOS, ARCTANH	1.510e-08	0.717904	7.8	
891	'c', an asymptotic constant related to a variation of the "Secretary problem" with a uniform distribution	none	64	not found	7	NINE, SIX, COSH, EXP, TIMES, SIN, GAMMA	1.555e-08	0.716747	-2.9	
892	Gamma(2/3)	special	64	exact	4	THREE, TWO, DIVIDE, GAMMA	2.220e-16	2.514543	64.0	Gamma[2/3]
893	golden spiral constant	elementary	64	exact	5	PI, TWO, DIVIDE, GOLDENRATIO, POWER	0.000e+00	0.12851	63.7	GoldenRatio^(2/Pi)
894	Pippenger product constant	elementary	64	exact	3	TWO, EULER, DIVIDE	0.000e+00	0.214183	64.0	E/2
895	log10(23)	elementary	64	not found	7	FOUR, SIX, COSH, POWER, SIN, ARCSINH, COSH	2.113e-09	0.796302	7.6	Log[10, 23]
896	log e^π	elementary	64	exact	6	NEG, NINE, SUBTRACT, LOG, PI, DIVIDE	1.110e-16	1.7086	64.0	Log10[E^Pi]
898	Shallit's constant	none	64	not found	7	EIGHT, SQRT, LOG, LOG, SQRT, ARCTANH, ARCCOS	3.558e-09	0.775541	8.4	
899	Hardy-Littlewood conjecture constant	special	64	not found	7	TWO, ARCTAN, FIVE, COS, PLUS, SINH, SQRT	1.384e-09	0.813183	8.9	Inactive[Product][1 - (-1)^((-1 + Prime[\[FormalK]])/2)/(-1 + Prime[\[FormalK]]), {\[FormalK], 2, Infinity}]
900	sum of 1/(p-1)^2 over all primes p	none	64	not found	7	GOLDENRATIO, COS, ONE, TANH, ARCSINH, PLUS, GAMMA	1.871e-09	0.801165	8.7	
901	Kneser-Mahler β constant	special	64	not found	7	SEVEN, INV, TAN, FIVE, INV, ARCSINH, DIVIDE	2.657e-09	0.78718	8.6	Exp[(9 - PolyGamma[1, 2/3] + PolyGamma[1, 4/3])/(4*Pi*Sqrt[3])]
902	arccosh(8)/2 = ln((3 + sqrt 7)/sqrt 2)	elementary	64	exact	4	TWO, EIGHT, ARCCOSH, DIVIDE	0.000e+00	0.160637	63.7	ArcCosh[8]/2
903	ln(4)	elementary	64	exact	2	FOUR, LOG	0.000e+00	0.321274	64.0	Log[4]
905	Gamma(1/4)^4/(4*Pi^3)	special	64	not found	6	GOLDENRATIO, SIN, SINH, EXP, ARCSINH, ARCSINH	3.996e-09	0.899389	8.4	Gamma[1/4]^4/(4*Pi^3)
906	hard hexagon entropy constant	algebraic	64	not found	7	THREE, ARCCOSH, ARCTAN, FOUR, DIVIDE, SQRT, SQRT	1.248e-08	0.725524	7.9	Root[-32751691810479015985152 + 97143135277377575190528*#1^4 - 73347491183630103871488*#1^6 - 71220809441400405884928*#1^8 + 107155448150443388043264*#1^10 - 72405670285649161617408*#1^12 + 2958015038376958230528*#1^14 + 7449488310131083100160*#1^16 + 797726698866658379776*#1^18 + 2505062311720673792*#1^20 + 2013290651222784*#1^22 + 25937424601*#1^24 &, 2]
907	e^(1/3)	elementary	64	exact	3	THREE, INV, EXP	0.000e+00	0.214183	64.0	E^(1/3)
908	unique solution of the equation sum_(p prime)(1/p^x) = 1, a constant related to the asymptotic evaluation of the number 	none	64	not found	7	GOLDENRATIO, SIN, ARCTAN, TANH, COSH, ARCTAN, ARCTANH	3.402e-09	0.777324	8.5	
909	Myrberg point	none	64	not found	7	EULER, COS, SEVEN, POWER, ARCTAN, ARCSIN, ARCCOS	1.784e-08	0.711271	7.7	
910	L = Integral_{t=0..1} 1/(1-2t^2/3) dt, an auxiliary constant associated with one of the integral inequalities studied by	elementary	64	exact	7	FOUR, FIVE, ARCCOSH, SIX, SQRT, TIMES, DIVIDE	1.110e-16	1.464514	63.7	Sqrt[3/2]*ArcTanh[Sqrt[2/3]]
911	complex Grothendieck constant upper bound	special	64	not found	7	EULER, ARCCOSH, LOG, SINH, PI, DIVIDE, ARCTAN	3.339e-10	0.869868	9.5	(-EllipticE[-1] + 2*EllipticK[-1])^(-1)
912	1 + 1/(1*3) + 1/(1*3*5) + 1/(1*3*5*7) + 	special	64	not found	7	GOLDENRATIO, LOG, TAN, TAN, SQR, ARCTANH, EXP	5.011e-09	0.761885	8.3	Sqrt[E*Pi/2] * Erf[1/Sqrt[2]]
913	Pythagoras constant	algebraic	64	exact	2	TWO, SQRT	0.000e+00	0.321274	64.0	Sqrt[2]
914	inverse of carefree constant	special	64	not found	7	NINE, ARCSINH, GAMMA, ARCTAN, SIN, TANH, INV	1.872e-09	0.801138	8.7	Product[1 + (-1 + Prime[\[FormalK]] + Prime[\[FormalK]]^2)^(-1), {\[FormalK], 1, Infinity}]
915	Sum_{m >= 0, m not a binary self number} 2^(-m)	none	64	not found	7	ONE, ARCTAN, TANH, SINH, ARCCOS, SQRT, COSH	7.080e-09	0.748105	8.1	
916	expectation of the maximum of a size 8 sample from a normal (0,1) distribution	none	64	not found	7	NINE, TWO, ARCTAN, TANH, POWER, GAMMA, ARCTAN	9.130e-10	0.829762	9.0	
917	'eta', a constant related to the second order quadratic recurrence q(0)=q(1)=1, q(n)=q(n-2)*(q(n-1)+1)	none	64	not found	6	NINE, COSH, ARCTAN, TAN, SIN, COSH	1.074e-10	1.067608	9.3	
918	exp(sqrt(Pi/24))	elementary	64	exact	6	SIX, ONE, ARCTAN, DIVIDE, SQRT, EXP	0.000e+00	0.107091	63.7	Exp[Sqrt[Pi/24]]
919	first Lebesgue constant	elementary	64	not found	7	ONE, TANH, EIGHT, EXP, ARCTAN, DIVIDE, SQRT	4.958e-09	0.762308	8.3	1/3 + (2*Sqrt[3])/Pi
920	Cube root of 3	algebraic	64	exact	4	THREE, INV, THREE, POWER	0.000e+00	0.160637	63.5	3^(1/3)
921	log2(e)	elementary	64	exact	3	TWO, LOG, INV	0.000e+00	0.214183	64.0	1/Log[2]
922	Steiner number	elementary	64	exact	3	EULER, INV, EXP	0.000e+00	0.214183	63.7	E^E^(-1)
923	Khinchin mean K_{-2}	none	64	not found	7	PI, GAMMA, SIN, EIGHT, ARCCOSH, SUBTRACT, ARCSINH	2.512e-09	0.789409	8.6	
924	Soldner constant	special	64	not found	7	FOUR, TAN, TAN, ARCCOSH, SINH, TANH, TAN	7.007e-09	0.74852	8.2	Root[{LogIntegral[#1] & , 1.4513692348833810502839684858920274494930322836480158630931`30.}]
925	Backhouse's constant	special	64	not found	7	PI, SQRT, GAMMA, THREE, SUBTRACT, TANH, TAN	1.602e-09	0.807338	8.8	ConditionalExpression[Extension`BackhouseConstant == Limit[Abs[Subscript[\[FormalQ], 1 + \[FormalN]]/Subscript[\[FormalQ], \[FormalN]]], \[FormalN] -> Infinity], Sum[\[FormalZ]^\[FormalK]*Subscript[\[FormalQ], \[FormalK]], {\[FormalK], 0, Infinity}] == (1 + Sum[\[FormalZ]^\[FormalK]*Prime[\[FormalK]], {\[FormalK], 1, Infinity}])^(-1)]
926	AGM(1, 2)	special	64	not found	7	FOUR, TANH, FIVE, LOG, TANH, COSH, POWER	7.067e-09	0.748183	8.2	ArithmeticGeometricMean[1, 2]
928	1 - ln(1 - 1/e) (random mappings)	elementary	64	exact	6	EULER, NEG, PLUS, LOG, TWO, SUBTRACT	0.000e+00	0.107091	63.8	1 - Log[1 - 1/E]
929	zeta(1/2) (negated)	special	64	not found	7	NINE, TANH, ARCSINH, ARCTAN, SINH, GOLDENRATIO, POWER	2.177e-09	0.79512	8.7	-(Zeta[1/2])
930	Baxter's four-coloring constant	special	64	not found	7	TWO, SIN, SIX, ARCTAN, SIN, COS, PLUS	3.460e-10	0.868446	9.5	3 Gamma[1/3]^3/(4 Pi^2)
931	position of the positive minimum of the gamma function	special	64	not found	7	EIGHT, SEVEN, TAN, COSH, ARCSINH, TIMES, ARCTAN	3.485e-09	0.776362	8.5	Root[{PolyGamma[0, #1] & , 1.46163214496836234126265954233`29.164838085677864}]
932	log10(29)	elementary	64	not found	7	NEG, COS, SQR, COS, THREE, SUBTRACT, ARCSINH	9.754e-09	0.735332	8.0	Log[10, 29]
933	cbrt pi	elementary	64	exact	4	THREE, INV, PI, POWER	1.110e-16	2.5629	64.0	Pi^(1/3)
934	Supergolden ratio	algebraic	64	not found	7	SEVEN, ARCSINH, ARCTAN, EULER, DIVIDE, EXP, ARCTAN	5.666e-09	0.756986	8.2	(1 + (29/2 - (3*Sqrt[93])/2)^(1/3) + ((29 + 3*Sqrt[93])/2)^(1/3))/3
935	Porter's constant	special	64	not found	7	SEVEN, INV, COS, ARCTAN, PI, LOG, DIVIDE	1.453e-08	0.719452	7.8	-1/2 + (6*Log[2]*(-2 + 4*EulerGamma + 3*Log[2] - (24*Derivative[1][Zeta][2])/Pi^2))/Pi^2
936	Product_{p prime} (1+1/p)^(1/p), an infinite product considered and computed by Marc Deléglise	none	64	not found	7	PI, LOG, SQRT, GOLDENRATIO, POWER, PI, SUBTRACT	1.511e-09	0.809683	8.8	
937	variance of the degree (valency) of the root of a random rooted tree with n vertices	none	64	not found	7	NINE, NEG, ARCSINH, SQR, COSH, PLUS, ARCTAN	3.813e-09	0.772776	8.4	
938	constant C such that Sum_{k>=1} 1/C^p(k) = 1 where p(k) is the k-th prime	none	64	not found	7	GOLDENRATIO, COSH, FOUR, INV, ARCSINH, DIVIDE, ARCCOS	2.006e-09	0.798376	8.7	
939	Landau-Kolmogorov constant C(4,3) for derivatives in the case L_infinity(infinity, infinity)	none	64	exact	6	FIVE, SIX, GAMMA, SQRT, DIVIDE, SQRT	0.000e+00	0.107091	63.9	
940	coefficient c_md in c_md*log(N)^(1/rho), the asymptotic mean number of distinct factors in a random factorization of n <	none	64	not found	7	THREE, SIX, SINH, DIVIDE, ARCCOSH, SQRT, SQRT	5.520e-09	0.758029	8.3	
941	Bateman-Grosswald constant zeta(2/3)/zeta(2), a constant (negated) arising in the asymptotic evaluation of the number of	special	64	not found	7	EULER, THREE, SINH, COSH, LOG, PLUS, ARCTAN	1.949e-09	0.799524	8.7	-(Zeta[2/3] / Zeta[2])
942	smallest positive root of the function lambda(x) = Sum_{n>=0} (-1)^n*x^n/(2^(n*(n-1)/2)*n!)	none	64	not found	7	FOUR, EIGHT, ARCCOSH, GAMMA, SUBTRACT, TAN, TAN	4.750e-10	0.855809	9.3	
943	log10(31)	elementary	64	not found	7	SIX, EULER, SINH, ARCCOSH, INV, COSH, POWER	3.920e-09	0.771675	8.4	Log[10, 31]
944	Landau-Kolmogorov constant C(5,4) for derivatives in the case L_infinity(-infinity, infinity)	none	64	exact	7	FIVE, INV, SEVEN, TWO, INV, PLUS, POWER	0.000e+00	0.091793	63.5	
945	lim_{n -> infinity} A001699(n)^(1/2^n)	none	64	not found	7	GOLDENRATIO, TANH, SIN, COS, COSH, GAMMA, ARCTANH	1.084e-09	0.822905	9.0	
946	hard square entropy constant	none	44	not found	7	GOLDENRATIO, GOLDENRATIO, COSH, SIN, SINH, PLUS, ARCSINH	4.779e-09	0.763774	8.3	
947	Greenfield-Nussbaum constant	none	64	not found	7	GOLDENRATIO, ONE, ARCSINH, POWER, GAMMA, COS, EXP	6.175e-10	0.845349	9.2	
948	Selberg-Delange constant Product_{prime p > 2} (1 + 1/(p(p-2)))	none	64	not found	7	GOLDENRATIO, FOUR, ARCTAN, ARCTAN, SQRT, ARCSIN, POWER	1.151e-10	0.912322	9.9	
949	value of Watson's integral	special	64	not found	7	GOLDENRATIO, TAN, FIVE, SUBTRACT, ARCCOSH, SIX, DIVIDE	7.591e-10	0.837121	9.1	Sqrt[6]/32/Pi^3*Gamma[1/24]*Gamma[5/24]*Gamma[7/24]*Gamma[11/24]
950	(Glaisher^12/(2^(4/3) * Pi * e^EulerGamma))^(Pi^2/8)	special	64	not found	7	GOLDENRATIO, FOUR, ARCTAN, EXP, ARCSINH, SUBTRACT, EXP	1.444e-09	0.811498	8.8	(Glaisher^12/(2^(4/3)Pi E^EulerGamma))^(Pi^2/8)
951	Bateman-Stemmler constant	special	64	not found	7	GOLDENRATIO, SQR, TANH, LOG, ARCSIN, EXP, TAN	2.367e-09	0.791789	8.6	Product[(1 - (2 + KroneckerSymbol[-3, Prime[\[FormalK]]])/Prime[\[FormalK]])/(1 - Prime[\[FormalK]]^(-1))^2, {\[FormalK], 1, Infinity}]
952	equianharmonic Weierstrass elliptic ω_2 constant	special	64	not found	7	SEVEN, FOUR, ARCCOSH, FOUR, POWER, PLUS, ARCTAN	5.870e-09	0.75558	8.2	Gamma[1/3]^3/(4*Pi)
953	exp(7*zeta(3)/(2*Pi^2))	special	64	not found	7	EIGHT, FOUR, ARCSINH, DIVIDE, ARCCOS, TWO, DIVIDE	1.246e-08	0.725573	7.9	Exp[7*Zeta[3]/(2*Pi^2)]
954	Sum_{n>=1} 1/Fibonacci(2*n)	none	64	not found	7	NEG, COS, INV, GAMMA, SINH, ARCCOSH, EXP	4.611e-09	0.7652	8.3	
955	Lieb's square ice constant	algebraic	64	exact	6	EIGHT, NINE, THREE, SQRT, DIVIDE, TIMES	1.110e-16	1.7086	63.7	8/(3*Sqrt[3])
956	Madelung 2D hexagonal lattice constant	special	64	not found	7	GOLDENRATIO, SIN, SQRT, NINE, TANH, COSH, TIMES	5.848e-09	0.755725	8.2	(-3 + Sqrt[3])*Zeta[1/2]*(Zeta[1/2, 1/6] + (1 - Sqrt[2])*Zeta[1/2, 1/3])
957	cosh one	elementary	64	exact	2	NEG, COSH	0.000e+00	0.321274	63.7	Cosh[1]
958	maximal width of a Reuleaux triangle avoiding all vertices of the integer square lattice	none	64	not found	7	PI, EXP, EULER, COSH, POWER, TAN, EXP	2.619e-09	0.787754	0.7	
959	Integral_{x=0..Pi/2} (x^2/sin(x)) dx	special	64	not found	7	TWO, ARCTAN, TANH, SEVEN, POWER, ARCCOSH, ARCSINH	5.610e-10	0.849181	9.3	2*Pi*Catalan - 7*Zeta[3]/2
960	D(1/2), where D(x) is the infinite product function defined in the formula section (or in the Finch reference)	none	64	not found	7	EIGHT, FOUR, COSH, TAN, TAN, DIVIDE, COSH	3.278e-09	0.778801	8.5	
961	Calabi ratio	algebraic	64	not found	7	NEG, ARCSIN, SEVEN, LOG, SUBTRACT, TANH, TAN	2.430e-09	0.790743	8.6	1/3 + 11/(3*2^(1/3)*(-23 + (3*I)*Sqrt[237])^(1/3)) + (-23 + (3*I)*Sqrt[237])^(1/3)/(3*2^(2/3))
962	sqrt(sqrt(2) + 1)	algebraic	64	exact	4	ONE, ARCSINH, EXP, SQRT	0.000e+00	0.160637	63.7	Sqrt[Sqrt[2] + 1]
963	c, a constant appearing in the asymptotic lower bound of the size of a restricted difference set	none	64	not found	7	TWO, TAN, COSH, SIX, TANH, POWER, ARCSIN	2.489e-09	0.789784	8.6	
964	triangular root of two	algebraic	64	exact	6	TWO, FOUR, ARCSINH, DIVIDE, SINH, SQR	1.110e-16	1.7086	63.5	(-1 + Sqrt[17])/2
965	log10(37)	elementary	64	not found	7	THREE, TWO, COS, POWER, COSH, LOG, ARCCOS	1.383e-08	0.721425	7.9	Log[10, 37]
966	2*Sum_{k=1..50000} (-1)^(k-1)/(2k-1)	special	64	false positive	6	FIVE, NEG, NINE, SUBTRACT, POWER, ARCTAN	4.441e-16	1.644124	15.4	2*Sum[(-1)^(k - 1)/(2*k - 1), {k, 1, 50000}]
967	Favard constant	elementary	64	exact	2	ONE, ARCSIN	0.000e+00	0.321274	64.0	Pi/2
968	10^(1/5)	algebraic	64	exact	6	FIVE, INV, NEG, NINE, SUBTRACT, POWER	2.220e-16	1.676362	63.7	10^(1/5)
969	Sierpiński triangle fractal dimension	elementary	64	exact	5	TWO, LOG, THREE, LOG, DIVIDE	2.220e-16	2.011635	63.5	Log[3]/Log[2]
970	Erdős–Borwein constant	special	64	not found	7	THREE, SIN, ARCSINH, SIN, GAMMA, COS, ARCTANH	4.240e-09	0.768543	8.4	(Log[2] - QPolyGamma[0, 1, 1/2])/Log[2]
971	ln(5)	elementary	64	exact	2	FIVE, LOG	0.000e+00	0.321274	63.5	Log[5]
972	exponential primorial constant	none	64	not found	7	EIGHT, GAMMA, ARCCOSH, ARCCOSH, SEVEN, DIVIDE, ARCSINH	1.353e-09	0.814078	8.9	
973	Cbrt[4π/3]	elementary	64	not found	6	THREE, INV, COS, EULER, ARCCOSH, POWER	6.024e-09	0.880301	8.2	CubeRoot[4*Pi/3]
974	log10(41)	elementary	64	not found	7	THREE, TANH, TANH, SQR, ARCCOS, EXP, SQRT	9.264e-09	0.737388	8.0	Log[10, 41]
975	z_tri, a constant related to the enumeration of spanning trees on the triangular lattice (this is different from A242968	none	64	not found	7	FIVE, COS, INV, COS, ARCTAN, ARCCOS, ARCSINH	4.592e-10	0.85716	9.3	
976	Madelung's constant M2	none	64	not found	7	EIGHT, SQRT, EXP, FOUR, SIN, DIVIDE, ARCCOS	4.428e-09	0.766816	8.4	
977	Golden ratio	algebraic	64	exact	1	GOLDENRATIO	0.000e+00	0.642549	63.7	GoldenRatio
978	Odlyzko-Wilf constant	special	64	not found	7	SIX, INV, ARCCOS, ARCTAN, ARCTANH, THREE, DIVIDE	8.537e-09	0.740648	8.1	ConditionalExpression[Extension`OdlyzkoWilfConstant == Limit[(2/3)^\[FormalN]*\[FormalS][\[FormalN]], \[FormalN] -> Infinity], \[FormalS][0] == 0 && \[FormalS][\[FormalN]] == 1 + Floor[(3*\[FormalS][-1 + \[FormalN]])/2]]
979	Product_{n>=1} (2n/(2n+1))^((-1)^t(n)), where t(n) = A010060(n) is the Thue-Morse sequence	none	64	not found	7	FIVE, COSH, FIVE, DIVIDE, EULER, SUBTRACT, SQRT	1.763e-09	0.803534	8.8	
980	log10(43)	elementary	64	not found	7	GOLDENRATIO, GOLDENRATIO, LOG, SUBTRACT, SINH, GAMMA, SQRT	3.511e-08	0.684271	7.5	Log[10, 43]
981	Erdős-Cohen constant	special	64	not found	7	SEVEN, TWO, LOG, ARCCOS, SINH, GAMMA, POWER	1.709e-10	0.896557	9.8	Sum[1/(Prime[\[FormalK]]*Log[Prime[\[FormalK]]]), {\[FormalK], 1, Infinity}]
982	2nd Lebesgue constant L2	elementary	64	not found	7	EIGHT, GAMMA, COS, ARCSINH, ARCCOS, LOG, ARCCOS	2.073e-09	0.797077	8.7	1/5 + Sqrt[25 - 2*Sqrt[5]]/Pi
983	Riemann ζ of 2	elementary	64	exact	4	SIX, PI, SQR, DIVIDE	0.000e+00	0.160637	63.6	Pi^2/6
984	Product_{k>=0} (1+1/2^(2k))^(1/2)	special	64	not found	7	SEVEN, COS, SINH, NEG, ARCTAN, ARCCOS, SUBTRACT	5.919e-09	0.755248	8.2	Sqrt[Product[1 + 1/2^(2*k), {k, 0, Infinity}]]
985	square root of e	elementary	64	exact	2	EULER, SQRT	0.000e+00	0.321274	63.7	Sqrt[E]
986	minimum value of the function s(t) = (Pi + 2*sqrt(1 + t^2))/(1 + Pi/2 + t) for t > 0	elementary	64	not found	7	EIGHT, COS, ARCSIN, EXP, TANH, TANH, INV	1.013e-09	0.8256	9.0	2(Pi+Pi^2+Sqrt[8+Pi^3+4Pi(3+Sqrt[2+Pi])+Pi^2(7+2Sqrt[2+Pi])])/(4+Pi^2+Pi(4+Sqrt[2+Pi]))
987	Somos' quadratic recurrence constant	special	64	not found	7	GOLDENRATIO, EIGHT, TAN, INV, DIVIDE, ARCSINH, ARCCOS	1.071e-09	0.823397	9.0	E^(-Derivative[1, 0][PolyLog][0, 1/2])
988	Hermite's constant gamma_6 = 2/3^(1/6)	algebraic	64	exact	6	SIX, INV, THREE, POWER, TWO, DIVIDE	0.000e+00	0.107091	63.6	2/3^(1/6)
989	log10(47)	elementary	64	not found	7	EULER, SQR, FIVE, DIVIDE, SIX, SUBTRACT, LOG	9.477e-09	0.736482	8.0	Log[10, 47]
990	a constant related to A000621 and A000624	none	64	not found	7	FOUR, THREE, TANH, SIN, COSH, PLUS, LOG	1.439e-08	0.719832	7.8	
991	zeta(3/5) * zeta(4/5) * Product_{p prime} (1 - 1/p^(8/5) - 1/p^(9/5) - 1/p^2 + 1/p^(13/5) + 1/p^(14/5))	none	64	not found	7	PI, ARCSINH, SQR, TWO, DIVIDE, TANH, EXP	5.446e-08	0.666774	7.3	
992	1 + log(2*Pi) - 2*gamma, where gamma is Euler's constant (A001620)	special	64	not found	7	NINE, GOLDENRATIO, ARCTAN, POWER, TWO, ARCSINH, TIMES	2.076e-09	0.79702	8.7	1 + Log[2*Pi] - 2*EulerGamma
993	maximal circumradius of a planar convex set containing no lattice point except for the origin where it has its circumcen	none	64	not found	7	FIVE, TWO, SQRT, TANH, GAMMA, TIMES, LOG	5.454e-09	0.758507	8.3	
994	Sum_{k>=0} 1/A007018(k)	none	64	not found	7	FOUR, LOG, INV, LOG, ARCCOS, INV, EXP	1.787e-09	0.80299	8.7	
995	Niven's constant	special	64	not found	7	PI, NINE, DIVIDE, ARCCOSH, THREE, TANH, TIMES	1.879e-08	0.709202	7.7	1 + Sum[1 - Zeta[n]^(-1), {n, 2, Infinity}]
996	Pi^2/(12*log(phi))	elementary	64	exact	6	TWO, ARCSINH, NEG, ARCSIN, SQR, DIVIDE	1.110e-16	1.7086	63.6	Pi^2/(12*Log[GoldenRatio])
997	log10(53)	elementary	64	not found	7	SEVEN, TANH, COS, ARCSINH, TAN, TANH, GAMMA	3.720e-09	0.773762	8.4	Log[10, 53]
998	Kalmar ρ composition constant	special	64	not found	7	SIX, TAN, ARCTANH, SQR, THREE, ARCSINH, SUBTRACT	5.595e-09	0.757493	8.3	Root[{-2 + Zeta[#1] & , 1.7286472389981836181351030103`29.237706376855613}]
999	Theodorus constant	algebraic	64	exact	2	THREE, SQRT	0.000e+00	0.321274	63.6	Sqrt[3]
1000	reciprocal of Euler γ	special	64	not found	7	SEVEN, FOUR, SIN, ARCSINH, GAMMA, PLUS, ARCSINH	5.983e-09	0.754818	8.2	EulerGamma^(-1)
1001	1/A347901	none	64	not found	7	EULER, TWO, ARCCOSH, EXP, TIMES, ARCSINH, SQRT	1.274e-09	0.816493	8.9	
1002	sqrt(2*Pi)*log(2), a constant associated with asymptotic evaluation of random mapping statistics	elementary	64	exact	6	FOUR, LOG, ONE, ARCSIN, SQRT, TIMES	1.110e-16	1.7086	64.0	Sqrt[2*Pi]*Log[2]
1003	value of a nonregular continued fraction giving tau/(3*tau-1), where tau is the Prouhet-Thue-Morse constant	none	64	not found	7	FIVE, TAN, INV, EXP, ARCSIN, ARCCOS, INV	1.154e-08	0.728614	7.9	
1004	'tau' (named sigma_2 by C. Pomerance), a constant associated with the expected number of random elements to generate a f	none	64	not found	7	TWO, COSH, COS, COSH, SIN, EULER, SUBTRACT	5.227e-10	0.851999	9.3	
1005	Khinchin harmonic mean	special	64	not found	7	SIX, SINH, ARCCOSH, LOG, GOLDENRATIO, SUBTRACT, ARCCOS	3.289e-09	0.778674	8.5	ConditionalExpression[Extension`KhinchinHarmonicMeanConstant == Limit[\[FormalN]/Sum[Subscript[\[FormalA], \[FormalK]]^(-1), {\[FormalK], 1, \[FormalN]}], \[FormalN] -> Infinity], Element[Subscript[\[FormalA], \[FormalK]], Integers] && Subscript[\[FormalA], \[FormalK]] > 0]
1006	Madelung constant (negated) for NaCl structure	special	64	not found	7	NEG, PI, ARCTAN, INV, ARCSINH, COS, SUBTRACT	1.239e-08	0.725811	7.9	12Pi*Sum[ Sech[Pi/2*Sqrt[(2j + 1)^2 + (2k + 1)^2]]^2, {j, 0, 40}, {k, 0, 40}]
1007	continued fraction expansion [1; 1/2, 1/3, 1/4, 1/5, 1/6, ...]	elementary	64	exact	4	NEG, COS, ARCSIN, INV	1.110e-16	2.5629	64.0	2/(Pi - 2)
1008	Feller coin-tossing constant	algebraic	64	not found	7	EIGHT, GAMMA, ARCCOSH, ARCTAN, INV, GAMMA, SQR	7.688e-10	0.836618	9.1	(2 + (25 - 3*Sqrt[69])^(1/3)/2^(1/3) + (25 + 3*Sqrt[69])^(1/3)/2^(1/3))/3
1009	nested radical constant	special	64	not found	7	FIVE, TANH, TANH, SIN, COSH, TAN, ARCCOSH	1.332e-09	0.814693	8.9	Limit[Fold[Sqrt[#1 + #2] & , Sqrt[1 + \[FormalN]], Table[\[FormalI], {\[FormalI], \[FormalN], 1, -1}]], \[FormalN] -> Infinity]
1010	log 180/π	elementary	64	not found	6	SIX, COSH, COS, INV, ARCSINH, TAN	1.900e-09	0.933982	8.7	Log10[180/Pi]
1011	Product_{n>1} (1+1/n)^(1/n)	none	64	not found	7	FIVE, INV, SINH, NINE, TANH, TAN, PLUS	2.898e-09	0.783721	8.5	
1012	constant x such that x^x = e. Inverse of W(1), where W is Lambert's function	special	64	not found	7	FOUR, ARCCOSH, EULER, SIN, POWER, GAMMA, LOG	1.090e-09	0.8227	9.0	1/ProductLog[1]
1013	'b', an optimal stopping constant associated with the secretary problem when the objective is to maximize the hiree's ex	none	64	not found	7	EULER, PI, TANH, ARCTAN, POWER, ARCTANH, EXP	1.177e-10	0.911447	9.9	
1014	log10(59)	elementary	64	not found	7	GOLDENRATIO, COSH, TAN, GOLDENRATIO, INV, COSH, SUBTRACT	9.468e-09	0.736521	8.0	Log[10, 59]
1015	Sierpiński's S^ (Ŝ or "S hat" as named by S. Finch), a constant appearing in the asymptotics of the number of representa	none	64	not found	7	SEVEN, LOG, THREE, SINH, SQR, TAN, PLUS	1.428e-08	0.720142	7.8	
1016	Carlson-Levin constant	elementary	64	exact	2	PI, SQRT	1.110e-16	5.1258	64.0	Sqrt[Pi]
1017	angle in radians at the apex of the Calabi triangle	none	64	not found	7	TWO, COSH, COSH, SQR, SIN, COS, EXP	1.057e-08	0.732128	8.0	
1018	10^(1/4)	algebraic	64	exact	4	THREE, ARCSINH, COSH, SQRT	0.000e+00	0.160637	63.9	10^(1/4)
1019	3rd Lebesgue constant L3	elementary	64	not found	7	FIVE, ARCTAN, SQR, SIN, SIN, LOG, ARCCOS	7.061e-09	0.748213	8.2	(3*Pi-14*Cos[Pi/14]+70*Cos[3*Pi/14]+154*Sin[Pi/7])/(21*Pi)
1020	exponential of Euler γ	special	64	not found	7	FIVE, GOLDENRATIO, COSH, COSH, PLUS, ARCSINH, SQRT	8.725e-09	0.739778	8.1	E^EulerGamma
1021	conjectured upper bound on Grothendieck's constant	elementary	64	exact	4	THREE, ARCCOSH, PI, DIVIDE	0.000e+00	0.160637	64.0	Pi/(2*Log[1 + Sqrt[2]])
1022	log10(61)	elementary	64	not found	7	EULER, COS, COSH, LOG, COS, EULER, SUBTRACT	2.523e-09	0.789244	8.6	Log[10, 61]
1023	Silverman constant	special	64	not found	7	TWO, SEVEN, SQRT, TANH, ARCSINH, PLUS, GAMMA	4.104e-09	0.769851	8.4	Sum[1/(DivisorSigma[1, \[FormalK]]*EulerPhi[\[FormalK]]), {\[FormalK], 1, Infinity}]
1024	Komornik–Loreti constant	special	64	not found	7	GOLDENRATIO, FOUR, ARCCOSH, ARCCOSH, DIVIDE, ARCCOS, EXP	3.422e-09	0.777092	8.5	Root[{Product[1 - 1/#1^2^\[FormalK], {\[FormalK], 0, Infinity}] - (2 - #1)/(#1 - 1) & , 1.7872316501829659330132`22.252180846784352}]
1025	2D dimer constant	special	64	not found	7	EULER, THREE, PLUS, TAN, FOUR, TAN, SUBTRACT	3.922e-09	0.771651	8.4	E^((2*Catalan)/Pi)
1026	ln(6)	elementary	64	exact	2	SIX, LOG	0.000e+00	0.321274	64.0	Log[6]
1028	Hermite's constant gamma_7 = 2^(6/7)	algebraic	64	exact	5	SEVEN, TWO, DIVIDE, EIGHT, POWER	1.110e-16	2.05032	63.9	2^(6/7)
1029	limit of a recursive sequence connected to the Plastic constant (A060006)	none	64	not found	7	SIX, COSH, INV, EXP, PI, ARCCOSH, POWER	2.398e-10	0.88306	9.6	
1030	sqrt((3+sqrt(13))/2), a constant related to the asymptotic evaluation of the number of self-avoiding rook paths joining 	algebraic	64	exact	6	TWO, THREE, DIVIDE, ARCSINH, EXP, SQRT	0.000e+00	0.107091	64.0	Sqrt[(3 + Sqrt[13])/2]
1031	Masser-Gramain constant conjectured value	special	64	not found	7	ONE, SINH, ARCCOSH, ARCTAN, COSH, SQRT, TAN	1.208e-08	0.726794	7.9	1 + 2*EulerGamma + 2*Log[2] + 3*Log[Pi] - 4*Log[Gamma[1/4]]
1032	log10(67)	elementary	64	not found	7	NINE, SIN, EULER, ARCCOSH, DIVIDE, TAN, COSH	1.079e-09	0.823092	9.0	Log[10, 67]
1033	two times the Catalan constant	special	64	not found	7	EIGHT, SQRT, TANH, GAMMA, EXP, FIVE, DIVIDE	2.114e-09	0.796285	8.7	2 Catalan
1034	ln(2 pi)	elementary	64	exact	4	PI, PI, PLUS, LOG	1.110e-16	2.5629	64.0	Log[2*Pi]
1035	Tribonacci constant	algebraic	64	not found	6	THREE, TWO, INV, TAN, ARCTANH, TIMES	6.041e-10	0.987264	9.2	(1 + (19 - 3*Sqrt[33])^(1/3) + (19 + 3*Sqrt[33])^(1/3))/3
1036	4th Madelung constant (negated)	special	64	not found	7	EULER, ARCCOSH, GAMMA, ARCCOS, ARCSIN, SINH, GAMMA	4.026e-09	0.770609	8.4	8*(5 - 3*Sqrt[2])*Zeta[1/2]*Zeta[-1/2]
1037	Landau-Kolmogorov constant	algebraic	64	not found	7	FOUR, NINE, SQR, ARCCOSH, DIVIDE, GOLDENRATIO, POWER	1.531e-08	0.71736	7.8	Sqrt[3]/(2^(1/3)*(-1 + Sqrt[2])^(1/3))
1038	Connective constant	algebraic	64	exact	5	TWO, TWO, SQRT, PLUS, SQRT	0.000e+00	0.12851	63.6	Sqrt[2 + Sqrt[2]]
1039	log10(71)	elementary	64	not found	7	EULER, ARCTAN, TANH, SIN, PI, GAMMA, POWER	1.748e-08	0.712073	7.8	Log[10, 71]
1040	Integral_{x=0..Pi} (sin(x)/x) dx	special	64	not found	7	FOUR, TWO, TAN, DIVIDE, EULER, SUBTRACT, ARCCOSH	5.116e-09	0.761059	8.3	SinIntegral[Pi]
1041	Gauss lemniscate constant	special	64	not found	7	THREE, TANH, ARCSINH, SEVEN, ARCSINH, ARCCOSH, DIVIDE	1.262e-09	0.816863	8.9	Gamma[1/4]^2/(4*Sqrt[Pi])
1042	spiral of Theodorus constant	special	64	not found	6	GOLDENRATIO, SINH, SIN, INV, SQRT, COSH	6.311e-09	0.878142	8.2	Sum[1/((1 + \[FormalK])*Sqrt[\[FormalK]]), {\[FormalK], 1, Infinity}]
1043	log10(73)	elementary	64	not found	7	FIVE, PI, EULER, TIMES, PLUS, ARCSINH, ARCCOSH	1.557e-08	0.716689	7.8	Log[10, 73]
1044	expected reciprocal Euclidean distance between two random points in the unit cube	none	64	not found	7	SIX, EIGHT, ARCTAN, ARCTAN, COS, PLUS, LOG	6.318e-09	0.752645	8.2	
1045	log10(79)	elementary	64	not found	7	THREE, INV, SIX, INV, SEVEN, SUBTRACT, POWER	7.168e-09	0.747614	8.1	Log[10, 79]
1047	Boyd constant	special	64	not found	7	GOLDENRATIO, ARCTAN, SQR, EIGHT, LOG, SIN, PLUS	6.846e-09	0.749445	8.2	Exp[(9 - PolyGamma[1, 2/3] + PolyGamma[1, 4/3])/(2*Pi*Sqrt[3])]
1048	M_5, the 5-dimensional analog of Madelung's constant (negated)	none	32	not found	7	NEG, PI, SINH, SQRT, ARCTAN, ARCTAN, SUBTRACT	6.607e-10	0.842656	9.2	
1049	6/π	elementary	64	exact	3	PI, SIX, DIVIDE	0.000e+00	0.214183	63.8	6/Pi
1050	tetrahedral bond angle	elementary	64	exact	4	THREE, NEG, DIVIDE, ARCCOS	0.000e+00	0.160637	63.7	ArcCos[-1/3]
1051	log10(83)	elementary	64	not found	7	EULER, NEG, ARCSINH, ARCSINH, COSH, SUBTRACT, SQR	8.767e-09	0.739586	8.1	Log[10, 83]
1052	tetranacci constant	algebraic	64	not found	7	GOLDENRATIO, SINH, COS, SEVEN, TANH, SINH, SUBTRACT	6.112e-09	0.753971	8.2	Root[-1 - #1 - #1^2 - #1^3 + #1^4 & , 2]
1054	Omega prime-generating constant	none	64	not found	6	NINE, TAN, NEG, COSH, SQR, PLUS	5.445e-10	0.992096	9.3	
1055	first moment of the reciprocal gamma distribution	none	64	not found	7	EULER, TANH, SQRT, SEVEN, COS, TAN, PLUS	1.072e-08	0.731582	8.0	
1056	Euler totient A constant	special	64	not found	7	FIVE, INV, ARCSINH, TWO, COSH, SUBTRACT, ARCCOSH	2.777e-08	0.693617	7.6	(315*Zeta[3])/(2*Pi^4)
1057	ln(7)	elementary	64	exact	2	SEVEN, LOG	0.000e+00	0.321274	64.0	Log[7]
1058	C_4, a constant related to sharp inequalities for the product of 4 polynomials, which was introduced by David Boyd	none	64	not found	7	SEVEN, GOLDENRATIO, INV, EXP, TAN, PLUS, ARCCOSH	7.827e-09	0.744109	8.1	
1059	log10(89)	elementary	64	not found	7	THREE, COS, SQR, GAMMA, ARCSINH, ARCSIN, TAN	2.421e-08	0.699089	7.6	Log[10, 89]
1060	Z score	special	64	not found	7	NINE, SEVEN, ARCTAN, DIVIDE, LOG, TAN, ARCCOSH	8.097e-09	0.742755	8.1	Sqrt[2]*InverseErf[19/20]
1061	reciprocal Lucas constant	special	64	not found	7	SIX, SQRT, LOG, ARCSINH, EIGHT, ARCCOSH, SUBTRACT	8.942e-09	0.738799	8.0	(-1 + EllipticTheta[3, 0, GoldenRatio^(-2)]^2)/4 + (7*Log[GoldenRatio] - Log[1 + GoldenRatio^2] - QPolyGamma[0, 1, GoldenRatio^(-4)] + 4*QPolyGamma[0, 1, GoldenRatio^(-2)] - 4*QPolyGamma[0, 1, GoldenRatio^(-1)])/(4*Log[GoldenRatio])
1062	M_6, the 6th Madelung constant	none	64	not found	7	THREE, COSH, EULER, DIVIDE, ARCSIN, LOG, COSH	1.403e-08	0.720839	7.9	
1063	pentanacci constant	algebraic	64	not found	7	NINE, LOG, EULER, TANH, SIN, POWER, EXP	3.298e-10	0.870358	9.5	Root[-1 - #1 - #1^2 - #1^3 - #1^4 + #1^5 & , 1]
1064	C_5, a constant related to sharp inequalities for the product of 5 polynomials, which was introduced by David Boyd	none	64	not found	7	THREE, COS, SQR, ARCTAN, THREE, DIVIDE, SQRT	1.453e-09	0.811245	8.8	
1065	C_6, a constant related to sharp inequalities for the product of 6 polynomials, which was introduced by David Boyd	none	64	not found	7	NINE, ARCCOSH, SIN, SQR, GAMMA, SQRT, SQRT	2.645e-09	0.787366	8.6	
1066	Gamma''(1)	none	64	not found	7	SIX, COS, ARCTAN, ARCSINH, COS, COSH, COSH	1.399e-08	0.720947	7.9	
1067	hexanacci constant	algebraic	64	not found	7	PI, EULER, TANH, SINH, ARCCOSH, PLUS, ARCCOSH	2.491e-08	0.697951	7.6	Root[-1 - #1 - #1^2 - #1^3 - #1^4 - #1^5 + #1^6 & , 2]
1068	log10(97)	elementary	64	not found	7	PI, SEVEN, SUBTRACT, LOG, ARCSINH, COS, GAMMA	1.306e-10	0.907299	9.9	Log[10, 97]
1069	heptanacci constant	algebraic	64	not found	7	SIX, TAN, ARCTANH, GAMMA, THREE, SUBTRACT, LOG	1.037e-09	0.824697	9.0	Root[-1 - #1 - #1^2 - #1^3 - #1^4 - #1^5 - #1^6 + #1^7 & , 1]
1070	integral_{x=0..Infinity} 1/x^x dx	none	64	not found	7	FIVE, TAN, COSH, INV, FOUR, ARCCOSH, SUBTRACT	6.628e-09	0.750739	8.2	
1071	Two	rational	64	exact	1	TWO	0.000e+00	0.642549	64.0	2
1072	M_7, the 7-dimensional analog of Madelung's constant (negated)	none	64	not found	7	GOLDENRATIO, GAMMA, SQRT, ARCSINH, FIVE, ARCCOSH, POWER	1.138e-08	0.729184	7.9	
1073	Sierpiński's S~ (S "tilde" as named by S. Finch), a constant appearing in the asymptotics of the number of representatio	none	64	not found	7	EULER, COS, ARCSINH, NEG, COSH, POWER, EXP	2.203e-09	0.79464	8.7	
1074	solution to the Lane-Emden equation for a sphere of polytropic index n = 3	none	32	not found	7	NINE, PI, SINH, EXP, COS, TIMES, ARCCOSH	2.600e-09	0.78804	8.6	
1075	least x > 0 satisfying x + tan(x) = 0	none	64	not found	7	PI, SQR, LOG, SINH, NINE, SUBTRACT, SQRT	3.108e-09	0.780931	8.5	
1076	figure-eight knot hyperbolic volume	special	64	not found	7	NEG, GOLDENRATIO, ARCCOSH, LOG, SQRT, COSH, SUBTRACT	8.097e-09	0.742757	8.1	((-2*Pi^2 + 3*PolyGamma[1, 1/3])*Sqrt[3])/9
1077	QRS associated constant	special	64	not found	7	NEG, NEG, TANH, SUBTRACT, ARCSIN, INV, SQRT	5.989e-09	0.754775	8.2	Zeta[3/2, Root[{Zeta[1/2, #1/2] & , 0.605443657196732749478922842447`29.782073733759695}]/2]/4
1078	'beta', a constant appearing in the random links Traveling Salesman Problem	none	64	not found	7	GOLDENRATIO, NINE, ARCSINH, LOG, POWER, SINH, COSH	9.897e-10	0.826547	9.0	
1079	Lüroth analog of Lévy constant	special	64	not found	7	EIGHT, INV, THREE, TANH, SUBTRACT, ARCTAN, EXP	1.272e-08	0.724746	7.9	Sum[Log[\[FormalK]*(1 + \[FormalK])]/(\[FormalK]*(1 + \[FormalK])), {\[FormalK], 1, Infinity}]
1080	M_8, the 8th Madelung constant (negated)	none	64	not found	7	NINE, ARCTAN, ARCTAN, SQR, GAMMA, TWO, POWER	1.508e-08	0.717963	7.8	
1081	semi-meander critical exponent	algebraic	64	not found	7	PI, TWO, INV, POWER, PI, SUBTRACT, GAMMA	6.107e-09	0.754002	8.2	1 + (Sqrt[11]*(Sqrt[5] + Sqrt[29]))/24
1082	one div ln phi	elementary	64	exact	3	GOLDENRATIO, LOG, INV	2.220e-16	3.352724	64.0	1/Log[GoldenRatio]
1083	ln(8)	elementary	64	exact	2	EIGHT, LOG	0.000e+00	0.321274	63.6	Log[8]
1084	two thirds pi	elementary	64	exact	4	TWO, NEG, DIVIDE, ARCCOS	0.000e+00	0.160637	64.0	2*Pi/3
1085	Wallis's constant	algebraic	64	not found	7	FIVE, INV, COSH, SINH, TANH, COSH, COSH	5.393e-09	0.758957	8.3	(135/2 - (3*Sqrt[1929])/2)^(1/3)/3 + ((45 + Sqrt[1929])/2)^(1/3)/3^(2/3)
1086	Brown-Wang constant	special	64	not found	7	EIGHT, SQRT, SEVEN, ARCCOSH, COS, ARCTAN, PLUS	1.399e-08	0.720956	7.9	With[{\[FormalLambda] = Root[{(1 + #1)*Pi - Tan[#1*Pi] & , 0.43029665312420275777`20.}]}, Root[{(1 + \[FormalLambda])*Pi*((#1 - 1)*PolyGamma[1 + (#1 - 1)/2] - 2*#1*PolyGamma[1 + #1/2] + (#1 + 1)*PolyGamma[1 + (#1 + 1)/2]) - 2*Sin[\[FormalLambda]*Pi] & , 2.11023396612157219646682815666`30.}]]
1087	'sigma', a constant associated with the expected number of random elements to generate a finite abelian group	none	64	not found	7	NEG, SIN, THREE, POWER, TAN, SIX, POWER	1.069e-08	0.731678	8.0	
1088	'a', an auxiliary constant associated with the asymptotic probability of success in the secretary problem when the numbe	none	64	not found	7	EULER, ARCSINH, SIN, SINH, SQR, TAN, ARCCOSH	1.309e-08	0.723603	7.9	
1089	Jacobi theta function theta_2(0, 1/2) where theta_2 is the 2nd Jacobi theta function	special	64	not found	7	TWO, TWO, COSH, DIVIDE, ARCSINH, ARCSINH, TAN	6.980e-09	0.748675	8.2	EllipticTheta[2,0,1/2]
1090	Jacobi theta function theta_3(0, 1/2) where theta_3 is the 3rd Jacobi theta function	special	64	not found	7	FIVE, SQRT, ARCTAN, EIGHT, SINH, SIN, PLUS	1.407e-10	0.904308	9.9	EllipticTheta[3,0,1/2]
1091	pi^(2/3)	elementary	64	exact	5	THREE, TWO, DIVIDE, PI, POWER	0.000e+00	0.12851	63.7	Pi^(2/3)
1092	10^(1/3)	algebraic	64	exact	6	THREE, INV, NEG, NINE, SUBTRACT, POWER	0.000e+00	0.107091	63.8	10^(1/3)
1094	Erdős-Szekeres constant	special	64	not found	7	EULER, SQRT, SIN, TAN, GAMMA, SIN, EXP	4.960e-08	0.670499	7.3	Zeta[3/2]/Zeta[3]
1095	K = exp(8*G/(3*Pi)), a Kneser-Mahler constant related to an asymptotic inequality involving Bombieri's supremum norm, wh	special	64	not found	7	SIX, ARCTAN, SIN, SIN, GAMMA, EXP, GAMMA	1.288e-08	0.724246	7.9	Exp[8*Catalan/(3*Pi)]
1096	normalized asymptotic mean of omega(m) when m is one of the values <= n taken by Euler's phi totient function	none	64	not found	7	SEVEN, SQRT, ARCTAN, SQR, TANH, SIN, EXP	9.235e-10	0.829308	9.0	
1097	a constant related to series-reduced trees	none	64	not found	7	THREE, TANH, FOUR, ARCCOSH, INV, PLUS, SQR	2.039e-08	0.705931	7.7	
1098	'theta', the expected degree (valency) of the root of a random rooted tree with n vertices	none	64	not found	7	ONE, ARCSIN, SINH, EXP, ARCCOSH, SQR, LOG	1.687e-08	0.713504	7.8	
1099	e^(pi/4)	elementary	64	exact	3	ONE, ARCTAN, EXP	0.000e+00	0.214183	63.8	E^(Pi/4)
1100	ln(9)	elementary	64	exact	2	NINE, LOG	0.000e+00	0.321274	63.9	Log[9]
1101	Lüroth analog of Khinchin constant	special	64	not found	7	TWO, COSH, ARCSINH, PI, POWER, TAN, TAN	2.488e-08	0.698006	7.6	Product[\[FormalK]^(1/(\[FormalK]*(1 + \[FormalK]))), {\[FormalK], 1, Infinity}]
1102	totient constant	special	64	not found	7	GOLDENRATIO, ARCCOSH, INV, SIN, COS, PI, POWER	2.755e-08	0.693942	7.6	Sum[1/(\[FormalK]*EulerPhi[\[FormalK]]), {\[FormalK], 1, Infinity}]
1103	Pi/2 + 2/Pi	elementary	64	exact	5	NEG, ARCSIN, INV, SIN, ARCCOS	0.000e+00	0.12851	63.8	Pi/2 + 2/Pi
1104	pi(2)^(-1/2)	elementary	64	exact	4	TWO, SQRT, PI, DIVIDE	0.000e+00	0.160637	63.7	Pi*2^(-1/2)
1105	y_3, the third of four non-explicit constants recursively derived from Khintchine's [Khinchin's] constant	none	64	not found	7	NEG, ARCSIN, SQR, GAMMA, TAN, EIGHT, DIVIDE	2.438e-09	0.790615	8.6	
1106	D(1), where D(x) is the infinite product function defined in the formula section (or in the Finch reference)	special	64	not found	7	TWO, EIGHT, PI, SINH, DIVIDE, EXP, SUBTRACT	8.907e-11	0.922543	10.1	Glaisher^6/(2^(1/6)*Sqrt[Pi])
1107	Sqrt 5	algebraic	64	exact	2	FIVE, SQRT	0.000e+00	0.321274	63.7	Sqrt[5]
1108	Takeuchi-Prellberg constant	special	25	not found	7	FIVE, TANH, TAN, THREE, ARCTAN, EXP, DIVIDE	1.003e-08	0.734229	8.0	ConditionalExpression[Extension`TakeuchiPrellbergConstant == Limit[Subscript[\[FormalCapitalT], \[FormalN]]/(BellB[\[FormalN]]*Exp[ProductLog[\[FormalN]]^2/2]), \[FormalN] -> Infinity], Subscript[\[FormalCapitalT], 0] == 0 && Subscript[\[FormalCapitalT], 1] == 1 && Subscript[\[FormalCapitalT], 2] == 4 && Subscript[\[FormalCapitalT], 3] == 14 && Subscript[\[FormalCapitalT], \[FormalN]] == Sum[Binomial[2*\[FormalK], \[FormalK]]/(1 + \[FormalK]), {\[FormalK], 1, \[FormalN]}] + Sum[Subscript[\[FormalCapitalT], -1 - \[FormalK] + \[FormalN]]*(2*Binomial[-1 + \[FormalK] + \[FormalN], \[FormalK]] - Binomial[\[FormalK] + \[FormalN], \[FormalK]]), {\[FormalK], 0, -2 + \[FormalN]}]]
1109	Sierpiński's second constant, K2 = lim_{n->oo} ((1/n) * (Sum_{i=1..n} A004018(i^2)) - 4/Pi * log(n))	special	64	not found	7	EULER, EXP, SQRT, ARCCOSH, SQRT, ARCSINH, TAN	4.761e-09	0.763925	8.3	4(12 Log[Gamma[3/4]]-9 Log[Pi]+72 Log[Glaisher]-5 Log[2]+3 EulerGamma-3)/(3 Pi)
1110	Integral_{0..oo} 1/Gamma(1+x) dx, a variation of the Fransén-Robinson constant	none	64	not found	7	SEVEN, TANH, COSH, PI, ARCTAN, DIVIDE, EXP	9.075e-09	0.73821	8.0	
1111	Landau-Kolmogorov constant C(4,1) for derivatives in L_2(0, infinity)	none	64	not found	7	GOLDENRATIO, LOG, ARCSINH, ARCCOS, SIX, SUBTRACT, ARCCOSH	1.881e-09	0.800957	8.7	
1112	1/A240969	none	64	not found	7	SEVEN, COS, TWO, COSH, COSH, ARCTAN, PLUS	1.677e-09	0.805513	8.8	
1113	first Foias constant	special	64	not found	7	FOUR, NINE, LOG, LOG, TAN, PLUS, ARCCOSH	5.772e-09	0.756247	8.2	Root[{-(1 + 1/#1)^#1 + #1 & , 2.29316628741186103150802829125000000000007305694139121664`29.360435548444247}]
1114	zeta(2)*zeta(3)*zeta(4)*	none	64	not found	7	TWO, FIVE, ARCSINH, GOLDENRATIO, ARCCOSH, POWER, TIMES	1.759e-08	0.711822	7.8	
1115	Universal parabolic constant	elementary	64	exact	5	NEG, ARCSINH, TWO, SQRT, SUBTRACT	0.000e+00	0.12851	63.8	Sqrt[2] + ArcSinh[1]
1116	product_{n>=1} (n/(n+1))^((-1)^t(n)), a probabilistic counting constant, where t(n) = A010060(n) is the Thue-Morse seque	none	64	not found	7	FIVE, ARCTAN, SINH, EULER, DIVIDE, TAN, LOG	1.686e-09	0.805299	8.8	
1117	logarithm of 10	elementary	64	exact	4	NEG, NINE, SUBTRACT, LOG	0.000e+00	0.160637	64.0	Log[10]
1118	y_1, the first of four non-explicit constants recursively derived from Khintchine's [Khinchin's] constant	none	64	not found	7	THREE, SIN, INV, SIN, EULER, ARCCOSH, DIVIDE	1.238e-08	0.725836	7.9	
1119	Klarner-Rivest polyomino constant	none	64	not found	7	PI, SEVEN, COS, GAMMA, COSH, PLUS, ARCSINH	1.311e-09	0.815329	8.9	
1120	3D lattice sum analog of Euler γ	special	64	not found	7	EIGHT, ARCSINH, PI, TANH, EXP, TAN, PLUS	3.380e-09	0.777582	8.5	(-4*Pi)/3 + (19*Log[2])/2 - 4*Sum[((3 + 3*(-1)^\[FormalM] + (-1)^(\[FormalM] + \[FormalN]))*Csch[Pi*Sqrt[\[FormalM]^2 + \[FormalN]^2]])/Sqrt[\[FormalM]^2 + \[FormalN]^2], {\[FormalM], 1, Infinity}, {\[FormalN], 1, Infinity}]
1121	constant 1 + B3 (or 1 + B_3) related to the Mertens constant	none	64	not found	7	GOLDENRATIO, TWO, NINE, TIMES, ARCCOSH, PLUS, ARCCOSH	1.178e-08	0.727823	7.9	
1122	Ti_2(2+sqrt(3)), where Ti_2 is the inverse tangent integral function	none	64	not found	7	FIVE, SQRT, SQRT, GAMMA, SIX, SUBTRACT, ARCSINH	1.130e-08	0.729483	7.9	
1123	three quarters pi	elementary	64	exact	4	PI, NEG, ARCTAN, PLUS	0.000e+00	0.160637	64.0	3*Pi/4
1124	monomer-dimer triangular constant	special	64	not found	7	EIGHT, LOG, LOG, GOLDENRATIO, EXP, SUBTRACT, TAN	8.441e-09	0.7411	8.1	Exp[Integrate[Log[6 + 2*Cos[\[FormalT]] + 2*Cos[\[FormalPhi]] + 2*Cos[\[FormalT] + \[FormalPhi]]], {\[FormalT], -Pi, Pi}, {\[FormalPhi], -Pi, Pi}]/(8*Pi^2)]
1125	pi^(3/4)	elementary	64	exact	5	THREE, PI, SQRT, SQRT, POWER	0.000e+00	0.12851	63.8	Pi^(3/4)
1126	Pi^2/(6*log 2)	elementary	64	exact	6	EIGHT, SQR, LOG, PI, SQR, DIVIDE	0.000e+00	0.107091	63.9	Pi^2/(6*Log[2])
1127	c = (7-sqrt(5))/2	algebraic	64	exact	3	GOLDENRATIO, FOUR, SUBTRACT	0.000e+00	0.214183	63.9	4 - GoldenRatio
1128	ln(11)	elementary	64	exact	4	TWO, NINE, PLUS, LOG	0.000e+00	0.160637	64.0	Log[11]
1129	asymptotic evaluation of the constrained maximum of a certain quadratic form	none	64	not found	7	FIVE, FOUR, DIVIDE, ARCCOS, NEG, COSH, DIVIDE	5.622e-09	0.757299	8.3	
1130	Narcissus constant	special	64	not found	7	FOUR, LOG, SEVEN, TANH, TAN, ARCCOSH, PLUS	2.188e-08	0.703135	7.7	Root[{1 + #1 - #1^(-1 + #1) & , 2.39838438278161142938900277955804885011`20.5225995583442}]
1131	Golden angle	elementary	64	exact	6	PI, GOLDENRATIO, SQR, TWO, DIVIDE, TIMES	2.220e-16	1.676362	64.0	(2*Pi)/GoldenRatio^2
1132	2*zeta(3)	special	64	not found	7	GOLDENRATIO, PI, ARCTAN, COS, GAMMA, SQRT, POWER	3.304e-09	0.778491	8.5	2*Zeta[3]
1133	first zero of the Bessel function J_0(z)	special	64	not found	7	NEG, SIN, PI, COSH, SQR, ARCTAN, SUBTRACT	2.447e-08	0.698661	7.6	BesselJZero[0, 1]
1134	solution to the Lane-Emden equation for a sphere of polytropic index n = 2	none	32	not found	7	EIGHT, ARCCOSH, FOUR, TANH, POWER, ARCSINH, EXP	1.813e-08	0.710624	7.7	
1135	Silver ratio	algebraic	64	exact	3	ONE, ARCSINH, EXP	0.000e+00	0.214183	64.0	1 + Sqrt[2]
1136	c = 2.4149..., a random mapping statistics constant such that the asymptotic expectation of the maximum rho length (grap	none	20	not found	7	THREE, INV, FOUR, POWER, ARCSINH, THREE, DIVIDE	2.208e-09	0.794563	8.7	
1137	prod_{n>=1} (1 + 1/n^3) = cosh(sqrt(3) pi/2)/pi	elementary	64	not found	7	GOLDENRATIO, GAMMA, SINH, SINH, GAMMA, ARCCOS, INV	1.043e-09	0.824445	9.0	Cosh[Sqrt[3]*Pi/2]/Pi
1138	a constant related to the asymptotic evaluation of the Lebesgue constants L_n	none	64	not found	7	THREE, COSH, COS, TANH, COSH, THREE, DIVIDE	7.889e-09	0.743792	8.1	
1139	theta = 2.472548..., an auxiliary constant used to compute the best constant in Friedrichs' inequality in one dimension	none	64	not found	6	TWO, SIN, ARCTANH, SQRT, SINH, SQR	2.066e-08	0.822973	7.7	
1140	Otter's weakly binary tree enumeration asymptotic constant xi	none	64	not found	7	FIVE, THREE, INV, LOG, TAN, GAMMA, DIVIDE	1.260e-08	0.725119	7.9	
1141	A1*B1, the average number of non-isomorphic semisimple rings of any order, where A1 is Product_{m>1} zeta(m) and B1 is P	none	64	not found	7	EIGHT, GOLDENRATIO, ARCCOSH, SIN, SIN, TIMES, ARCCOSH	2.419e-09	0.790925	8.6	
1142	Feigenbaum alpha	none	64	not found	7	EIGHT, COSH, SQR, COS, SQRT, PI, SUBTRACT	2.170e-08	0.703448	7.7	
1143	root two pi	elementary	64	exact	4	PI, PI, PLUS, SQRT	2.220e-16	2.514543	63.9	Sqrt[2*Pi]
1144	100^(1/5)	algebraic	64	exact	7	FIVE, TWO, DIVIDE, NEG, NINE, SUBTRACT, POWER	0.000e+00	0.091793	64.0	100^(1/5)
1145	a constant related to identity trees	none	64	not found	7	FIVE, GAMMA, LOG, TANH, EXP, ARCCOSH, SINH	1.137e-08	0.729216	7.9	
1146	doubly infinite sum N_3 = Sum_{i,j,k = -inf..inf} (-1)^(i+j+k)/(i^2+j^2+k^2), a lattice constant analog of Madelung's co	none	64	not found	7	PI, TWO, TANH, EXP, TWO, SUBTRACT, PLUS	9.588e-11	0.919602	10.0	
1147	sqrt(2)*exp(2*G/Pi), where G = A006752	special	64	not found	7	PI, GAMMA, SEVEN, COS, ARCSINH, SUBTRACT, SQR	9.650e-09	0.73576	8.0	Sqrt[2]*Exp[2Catalan/Pi]
1148	a variant of the Komornik-Loreti constant	none	64	not found	7	TWO, GOLDENRATIO, TWO, SIN, DIVIDE, ARCSINH, PLUS	1.903e-09	0.800482	8.7	
1149	(Glaisher^12/(2*Pi*e^EulerGamma))^(Pi^2/6)	special	64	not found	7	THREE, EULER, GAMMA, TAN, SUBTRACT, ARCSINH, ARCSINH	1.349e-09	0.81419	8.9	(Glaisher^12/(2Pi E^EulerGamma))^(Pi^2/6)
1150	ln(13)	elementary	64	exact	4	FOUR, NINE, PLUS, LOG	0.000e+00	0.160637	63.9	Log[13]
1151	exp(gamma)/log(2), a conjectural constant related to the asymptotic counting of Mersenne primes, where gamma is Euler's 	special	64	not found	7	EULER, TANH, ARCSIN, ARCTAN, SINH, GAMMA, EXP	1.501e-08	0.718151	7.8	Exp[EulerGamma]/Log[2]
1152	Sierpiński's constant	special	64	not found	7	GOLDENRATIO, TANH, COS, FIVE, TANH, TAN, DIVIDE	6.225e-09	0.753238	8.2	Pi*(2*EulerGamma - Log[Pi] + 4*Log[Gamma[3/4]])
1153	Barban constant	special	64	not found	7	FOUR, EXP, SIN, ARCSIN, EXP, COS, EXP	5.122e-09	0.761009	8.3	Product[1 + (-1 + 3*Prime[\[FormalK]]^2)/(Prime[\[FormalK]]*(1 + Prime[\[FormalK]])*(-1 + Prime[\[FormalK]]^2)), {\[FormalK], 1, Infinity}]
1154	twenty-vertex entropy constant	algebraic	64	exact	5	THREE, TWO, ARCCOSH, TANH, TIMES	0.000e+00	0.12851	64.0	(3*Sqrt[3])/2
1155	golden root	algebraic	64	exact	2	GOLDENRATIO, SQR	0.000e+00	0.321274	63.9	2 + 2*Cos[(2*Pi)/5]
1156	Lemniscate constant	special	64	not found	7	GOLDENRATIO, THREE, INV, ARCSINH, GAMMA, LOG, PLUS	7.108e-09	0.747948	8.1	Gamma[1/4]^2/(2*Sqrt[2*Pi])
1158	positive root of the equation 13x^4 - 7x^2 - 581 = 0	algebraic	64	not found	6	SIX, TAN, TANH, SQR, EULER, SUBTRACT	1.226e-08	0.847254	7.9	Sqrt[1/26*(7+Sqrt[30261])]
1159	sqrt(2) + sqrt(3/2)	algebraic	64	exact	6	TWO, SEVEN, ARCCOSH, EXP, DIVIDE, SQRT	0.000e+00	0.107091	63.8	Sqrt[2] + Sqrt[3/2]
1160	sqrt(7)	algebraic	64	exact	2	SEVEN, SQRT	0.000e+00	0.321274	64.0	Sqrt[7]
1161	Gelfond-Schneider constant	elementary	64	exact	4	TWO, SQRT, TWO, POWER	0.000e+00	0.160637	63.9	2^Sqrt[2]
1162	Gamma(1/3)	special	64	exact	3	THREE, INV, GAMMA	2.220e-16	3.352724	63.8	Gamma[1/3]
1163	coefficient 'gamma' (see formula) appearing in Otter's result concerning the asymptotics of T_n, the number of non-isomo	none	64	not found	7	SEVEN, EXP, TAN, SINH, COSH, GAMMA, EXP	7.415e-09	0.746263	8.1	
1164	Khinchin's constant	special	64	not found	7	THREE, ARCCOSH, SEVEN, ARCSINH, LOG, TIMES, SINH	7.281e-09	0.74699	8.1	Khinchin
1165	Landau-Kolmogorov constant C(5,1) for derivatives in L_2(0, infinity)	none	64	not found	7	SIX, TANH, TANH, ARCCOS, ARCSIN, TAN, EXP	1.431e-09	0.811838	8.8	
1166	Euler number	elementary	64	exact	1	EULER	0.000e+00	0.642549	64.0	E
1167	pi sqrt(3)/2	elementary	64	exact	5	PI, TWO, ARCCOSH, TANH, TIMES	1.110e-16	2.05032	64.0	Pi*Sqrt[3]/2
1168	log e^(2π)	elementary	64	exact	6	THREE, ARCSINH, COSH, LOG, PI, DIVIDE	0.000e+00	0.107091	64.0	Log10[E^(2*Pi)]
1169	Sum_{k>=1} sigma(k)/2^k where sigma(k) is the sum of divisors of k, 1 <= d <= k	special	64	not found	7	NINE, ARCCOSH, ARCTAN, FOUR, ARCCOSH, DIVIDE, COSH	9.474e-09	0.736497	8.0	Sum[n/(2^n - 1), {n, 1, 500}]
1170	Ramanujan nested radical constant	algebraic	64	not found	7	EIGHT, ARCCOSH, SIN, TAN, SQR, COSH, EXP	1.900e-09	0.800546	8.7	(2 + Sqrt[5] + Sqrt[15 - 6*Sqrt[5]])/2
1171	a constant related to A006196	none	64	not found	6	SIX, ARCCOSH, ARCSINH, ARCTAN, SQRT, EXP	1.365e-08	0.842252	7.9	
1172	C_{1/2}, a constant related to Kolmogorov's inequalities	special	64	not found	7	PI, FIVE, SIX, ARCTAN, SQRT, TIMES, SUBTRACT	3.490e-08	0.684518	7.5	Gamma[1/4]^2/(Pi*Gamma[3/4]^2)
1173	(1/sqrt(Pi) + e*erfc(-1))/2	special	64	not found	7	FOUR, SEVEN, INV, COS, POWER, GAMMA, EXP	3.125e-08	0.688914	7.5	(1/Sqrt[Pi]+E Erfc[-1])/2
1174	'xi', an optimal stopping auxiliary constant associated with the two choice case	none	64	not found	7	FIVE, TWO, SIN, EXP, ARCSINH, TIMES, ARCCOSH	8.937e-09	0.738821	8.0	
1175	2*Pi*phi(0), a constant appearing in connection with a study of zeros of the integral of xi(z), where phi(t) and xi(z) a	none	64	not found	7	EIGHT, COSH, LOG, COS, NINE, ARCTAN, DIVIDE	8.471e-11	0.924544	10.1	
1176	Fransén–Robinson constant	special	64	not found	7	PI, ARCTAN, ARCCOSH, TANH, COSH, FOUR, SUBTRACT	3.381e-09	0.777568	8.5	Integrate[Gamma[x]^(-1), {x, 0, Infinity}]
1177	Murata constant	special	64	not found	7	TWO, PI, INV, PI, LOG, SUBTRACT, PLUS	9.192e-10	0.829493	9.0	Product[1 + (-1 + Prime[\[FormalK]])^(-2), {\[FormalK], 1, Infinity}]
1178	ln(17)	elementary	64	exact	4	EIGHT, NINE, PLUS, LOG	0.000e+00	0.160637	64.0	Log[17]
1179	Born's basic potential Pi_0	none	64	not found	7	THREE, SINH, SIN, ARCSINH, INV, TANH, ARCCOS	5.453e-11	0.9421	10.3	
1180	constant appearing in the variance for searching in a digital tree	none	64	not found	7	FOUR, NEG, SIN, COS, SIN, TAN, TIMES	4.085e-08	0.678238	7.4	
1181	Hardy-Littlewood prime triples constant	special	64	not found	7	FOUR, ARCTAN, FIVE, ARCSINH, DIVIDE, ARCTAN, EXP	2.968e-08	0.69097	7.5	(9*Product[((-3 + Prime[\[FormalK]])*Prime[\[FormalK]]^2)/(-1 + Prime[\[FormalK]])^3, {\[FormalK], 3, Infinity}])/2
1182	(diagonal)/(shortest side) of 2nd electrum rectangle	none	64	exact	6	NEG, THREE, SQRT, SUBTRACT, ARCSINH, COSH	2.220e-16	1.676362	63.8	
1183	a second variant of the Komornik-Loreti constant	none	64	not found	7	SEVEN, ARCTAN, ARCCOSH, EULER, DIVIDE, SQR, ARCCOSH	1.116e-08	0.72996	8.0	
1184	ln(19)	elementary	64	exact	5	THREE, FOUR, SQR, PLUS, LOG	0.000e+00	0.12851	63.9	Log[19]
1185	Otter's rooted tree constant	none	64	not found	7	EIGHT, TANH, SINH, GAMMA, SINH, PI, DIVIDE	4.601e-09	0.765291	8.3	
1186	Landau-Kolmogorov constant C(4,2) for derivatives in L_2(0, infinity)	none	64	not found	7	NINE, FIVE, TANH, SINH, ARCTAN, PLUS, ARCCOSH	8.943e-09	0.738796	8.0	
1187	B, a constant related to the Goh-Schmutz constant and the asymptotic expected order of a random permutation	none	64	not found	7	NINE, FOUR, TAN, TANH, DIVIDE, EXP, EXP	1.585e-09	0.807763	8.8	
1188	oloid volume constant	special	64	not found	7	SEVEN, PI, GAMMA, INV, TANH, TAN, TIMES	1.586e-09	0.807756	8.8	(2*(2*EllipticE[3/4] + EllipticK[3/4]))/3
1189	Landau-Kolmogorov constant C(3,1) for derivatives in the case L_infinity(0, infinity)	algebraic	64	exact	7	TWO, THREE, FIVE, DIVIDE, THREE, POWER, DIVIDE	2.220e-16	1.436882	64.0	(243/8)^(1/3)
1190	sqrt(480)/7	algebraic	64	exact	7	TWO, SEVEN, SIX, GAMMA, SQRT, DIVIDE, TIMES	0.000e+00	0.091793	64.0	Sqrt[480]/7
1191	ln(23)	elementary	64	exact	5	NEG, FIVE, GAMMA, PLUS, LOG	0.000e+00	0.12851	63.8	Log[23]
1192	Ramanujan's π-approximation constant	elementary	64	false positive	1	PI	0.000e+00	0.642549	16.2	Log[262537412640768000]/Sqrt[163]
1193	Pi	elementary	64	exact	1	PI	0.000e+00	0.642549	64.0	Pi
1194	mean value over all positive integers of a function giving the least quadratic nonresidue modulo a given odd integer (th	none	64	not found	7	PI, NEG, PLUS, PI, SQR, ARCTAN, TIMES	5.188e-09	0.760503	8.3	
1195	10^(1/2)	algebraic	64	exact	3	THREE, ARCSINH, COSH	1.110e-16	3.4172	64.0	10^(1/2)
1196	C = log(2*Pi) + B_3 (where B_3 is A083343), one of Euler totient constants	none	64	not found	7	EULER, PI, COSH, COS, TAN, POWER, GAMMA	9.416e-09	0.736741	8.0	
1197	plate constant	special	64	not found	7	FIVE, GOLDENRATIO, TANH, ARCSINH, SQR, ARCSINH, TIMES	1.049e-08	0.73242	8.0	ConditionalExpression[Extension`PlateConstant == \[FormalX], BesselI[1, \[FormalX]]*BesselJ[0, \[FormalX]] + BesselI[0, \[FormalX]]*BesselJ[1, \[FormalX]] == 0 && 3 < \[FormalX] < 7/2]
1198	square of the constant A130834	special	64	not found	7	TWO, EULER, ARCTAN, COSH, DIVIDE, ARCSIN, EXP	2.582e-08	0.696519	7.6	Exp[4*Catalan/Pi]
1199	1 + sqrt(5)	algebraic	64	exact	3	GOLDENRATIO, GOLDENRATIO, PLUS	0.000e+00	0.214183	63.9	1 + Sqrt[5]
1200	Pálfy's constant c_3	elementary	64	not found	7	GOLDENRATIO, FIVE, DIVIDE, SINH, ARCCOSH, ARCSINH, COSH	8.348e-09	0.741541	8.1	5/3 + Log[9, 32]
1201	rayleigh kurtosis	elementary	64	not found	7	TWO, SINH, SQR, TAN, TAN, INV, TAN	1.093e-08	0.730782	8.0	(32 - 3*Pi^2)/(4 - Pi)^2
1202	silver root	algebraic	64	exact	7	FOUR, SEVEN, PI, DIVIDE, COS, SQR, TIMES	0.000e+00	0.091793	64.0	2 + 2*Cos[(2*Pi)/7]
1203	Lévy's constant 2	elementary	64	exact	7	EIGHT, LOG, NEG, ARCSIN, SQR, DIVIDE, EXP	0.000e+00	0.091793	64.0	E^(Pi^2/(12*Log[2]))
1204	a constant related to A000620, A000622, A000623 and A000625	none	64	not found	7	TWO, FIVE, GAMMA, ARCTAN, TANH, TAN, PLUS	1.021e-08	0.733525	8.0	
1205	y_2, the second of four non-explicit constants recursively derived from Khintchine's [Khinchin's] constant	none	64	not found	7	FOUR, NINE, COS, COS, PLUS, GAMMA, ARCCOSH	2.750e-08	0.694014	7.6	
1206	sqrt(11)	algebraic	64	exact	4	TWO, NINE, PLUS, SQRT	0.000e+00	0.160637	64.0	Sqrt[11]
1207	average value of the Yekutieli-Mandelbrot parameter, that is the average number of maximal subtrees of an ordered binary	special	64	not found	7	THREE, SQRT, TWO, SQRT, COS, TIMES, GAMMA	1.137e-08	0.729232	7.9	2*Catalan/(Pi*Log[2])+5/2
1208	Reciprocal Fibonacci constant	special	64	not found	7	TWO, LOG, FIVE, SINH, LOG, TAN, DIVIDE	9.279e-09	0.737324	8.0	(Sqrt[5]*(EllipticTheta[2, 0, GoldenRatio^(-2)]^2 + (Log[5] + 2*QPolyGamma[0, 1, GoldenRatio^(-4)] - 4*QPolyGamma[0, 1, GoldenRatio^(-2)])/(2*Log[(1 + Sqrt[5])/2])))/4
1209	van der Corput constant	special	64	not found	7	SIX, FIVE, LOG, POWER, ARCCOSH, SQRT, COSH	1.721e-09	0.804494	8.8	With[{\[FormalX] = Root[{Cos[#1]*FresnelS[Sqrt[1 - (2*#1)/Pi]] + FresnelC[Sqrt[1 - (2*#1)/Pi]]*Sin[#1] & , -0.726643246813242509590219555941985563257278933469994008688`30.}]}, 2*(Cos[\[FormalX]]*FresnelC[Sqrt[1 - (2*\[FormalX])/Pi]] - FresnelS[Sqrt[1 - (2*\[FormalX])/Pi]]*Sin[\[FormalX]])*Sqrt[Pi]]
1210	ln(29)	elementary	64	exact	5	FOUR, FIVE, SQR, PLUS, LOG	0.000e+00	0.12851	64.0	Log[29]
1211	Magata constant	special	64	not found	7	THREE, ONE, TAN, SQRT, GAMMA, ARCSIN, TIMES	1.563e-09	0.808321	8.8	ConditionalExpression[Extension`MagataConstant == Limit[Sum[Subscript[\[FormalC], \[FormalK]], {\[FormalK], 1, \[FormalN]}], \[FormalN] -> Infinity], Sum[Subscript[\[FormalC], \[FormalK]]*Product[-1 - \[FormalJ] + \[FormalM], {\[FormalJ], 0, -1 + \[FormalK]}], {\[FormalK], 0, -1 + \[FormalN]}] == Prime[\[FormalM]] && \[FormalM] <= \[FormalN]]
1212	meander critical exponent	algebraic	64	not found	7	EIGHT, INV, COSH, GOLDENRATIO, SQRT, SUBTRACT, GAMMA	8.520e-09	0.740727	8.1	(29 + Sqrt[145])/12
1213	ln(31)	elementary	64	exact	5	FIVE, SIX, SQR, SUBTRACT, LOG	0.000e+00	0.12851	63.9	Log[31]
1214	y_4, the last of four non-explicit constants recursively derived from Khintchine's [Khinchin's] constant	none	64	not found	7	SIX, SINH, COS, ARCSINH, TAN, FOUR, POWER	2.637e-09	0.787475	8.6	
1215	1 + sqrt(6)	algebraic	64	exact	4	NEG, SIX, SQRT, SUBTRACT	0.000e+00	0.160637	64.0	1+Sqrt[6]
1216	best constant K for the integral inequality integral_{0..1} f(x)^2*f'(x)^2 dx <= K*integral_{0..1} f'(x)^4 dx	none	64	not found	7	PI, ARCCOSH, ARCSINH, COS, TAN, EXP, EXP	1.604e-08	0.715498	7.8	
1217	Product_{k>=1} (1-1/2^k)^(-1)	special	64	not found	7	SEVEN, FIVE, GAMMA, TAN, SQR, TIMES, LOG	1.454e-08	0.719429	7.8	1/QPochhammer[1/2, 1/2]
1218	square root of 12	algebraic	64	exact	4	TWO, THREE, SQRT, TIMES	0.000e+00	0.160637	64.0	Sqrt[12]
1219	C, a coin tossing constant related to the asymptotic variance of the length of the longest run of consecutive heads	elementary	64	not found	7	FIVE, TWO, TAN, COSH, GAMMA, PLUS, ARCSINH	2.603e-09	0.788004	8.6	1/12 + Pi^2/(6*Log[2]^2)
1220	gamma = 8*lambda^2, a critical threshold of a boundary value problem, where lambda is Laplace's limit constant A033259	none	64	not found	6	SEVEN, ARCSINH, SQRT, LOG, FOUR, SUBTRACT	4.670e-09	0.892144	8.3	
1221	infinite product constant	special	64	not found	7	SIX, ARCSINH, SEVEN, ARCSINH, COS, COSH, TIMES	2.482e-08	0.698099	7.6	Product[(1 + \[FormalK]^(-1))^\[FormalK]^(-1), {\[FormalK], 1, Infinity}]
1222	log 10800/π	elementary	64	not found	7	EULER, GAMMA, COSH, GOLDENRATIO, ARCTAN, SQR, PLUS	3.490e-08	0.68451	7.5	Log10[10800/Pi]
1223	accumulation point of the logistic map	none	64	not found	7	SIX, EULER, ARCTAN, TANH, TANH, TANH, TIMES	1.206e-09	0.818664	8.9	
1224	sqrt(13)	algebraic	64	exact	4	FOUR, NINE, PLUS, SQRT	0.000e+00	0.160637	64.0	Sqrt[13]
1225	4*(8 - 4*sqrt(2) - log(2))/(2*sqrt(2) - 1)	elementary	64	not found	7	NINE, ARCCOSH, GOLDENRATIO, TWO, TANH, TIMES, POWER	9.522e-09	0.736295	8.0	4(8-4Sqrt[2]-Log[2])/(2Sqrt[2]-1)
1226	ln(37)	elementary	64	exact	5	NEG, SIX, SQR, SUBTRACT, LOG	0.000e+00	0.12851	64.0	Log[37]
1227	2 + phi, with the golden section phi from A001622	algebraic	64	exact	3	GOLDENRATIO, TWO, PLUS	0.000e+00	0.214183	64.0	2 + GoldenRatio
1228	Gamma(1/4)	special	64	exact	3	FOUR, INV, GAMMA	1.110e-16	3.4172	63.9	Gamma[1/4]
1229	'theta', the unique positive root of the equation polygamma(x) = log(Pi), where polygamma(x) gives gamma'(x)/gamma(x), t	none	64	not found	7	FOUR, ARCCOSH, SIN, ARCTAN, GOLDENRATIO, COSH, DIVIDE	1.418e-08	0.720416	7.8	
1230	(65 + 9*sqrt(3))/22	algebraic	64	not found	7	FOUR, ARCSINH, EXP, SIN, ARCCOS, ARCCOS, EXP	1.563e-09	0.808341	8.8	(65+9Sqrt[3])/22
1231	Sum_{n>=1} prime(n)/(2^n)	special	64	not found	7	NEG, SIN, ARCSINH, ARCSINH, INV, SQR, SINH	2.323e-08	0.700747	7.6	Sum[Prime[i]/2^i,{i,1000}]
1232	ln(41)	elementary	64	exact	5	FIVE, SIX, SQR, PLUS, LOG	0.000e+00	0.12851	64.0	Log[41]
1233	ln(43)	elementary	64	exact	5	SIX, SEVEN, SQR, SUBTRACT, LOG	0.000e+00	0.12851	64.0	Log[43]
1234	ln(47)	elementary	64	exact	5	TWO, SEVEN, SQR, SUBTRACT, LOG	0.000e+00	0.12851	64.0	Log[47]
1235	an optimal stopping constant related to the Secretary problem	none	64	not found	7	SEVEN, COS, NINE, ARCSINH, EXP, DIVIDE, ARCSINH	1.692e-08	0.713373	7.8	
1236	2D lattice sum analog of Euler γ	special	64	not found	7	TWO, SIN, PI, FOUR, ARCTAN, PLUS, POWER	3.844e-09	0.772458	8.4	-2*Zeta[1/2]*(Zeta[1/2, 1/4] - Zeta[1/2, 3/4])
1237	-zeta'(1/2)	special	64	not found	7	THREE, FIVE, EULER, EXP, TIMES, DIVIDE, ARCSINH	4.111e-08	0.677981	7.4	-Derivative[1][Zeta][1/2]
1238	ln(53)	elementary	64	exact	5	FOUR, SEVEN, SQR, PLUS, LOG	0.000e+00	0.12851	64.0	Log[53]
1239	1000^(1/5)	algebraic	64	exact	7	FIVE, THREE, DIVIDE, NEG, NINE, SUBTRACT, POWER	1.110e-16	1.464514	64.0	1000^(1/5)
1241	ln(59)	elementary	64	exact	5	FIVE, EIGHT, SQR, SUBTRACT, LOG	0.000e+00	0.12851	64.0	Log[59]
1242	ln(61)	elementary	64	exact	5	THREE, EIGHT, SQR, SUBTRACT, LOG	0.000e+00	0.12851	64.0	Log[61]
1243	sqrt(17)	algebraic	64	exact	3	FOUR, ARCSINH, COSH	2.220e-16	3.352724	64.0	Sqrt[17]
1244	sqrt(2*Pi*e)	elementary	64	exact	6	PI, EULER, EULER, PLUS, TIMES, SQRT	0.000e+00	0.107091	64.0	Sqrt[2Pi E]
1245	Hardy-Littlewood prime quadruples constant	special	64	not found	7	GOLDENRATIO, SIN, ARCSINH, SIX, POWER, COSH, LOG	4.565e-08	0.673812	7.3	(27*Product[((-4 + Prime[\[FormalK]])*Prime[\[FormalK]]^3)/(-1 + Prime[\[FormalK]])^4, {\[FormalK], 3, Infinity}])/2
1246	four thirds pi	elementary	64	exact	5	PI, THREE, PI, DIVIDE, PLUS	2.220e-16	2.011635	64.0	4*Pi/3
1247	ln(67)	elementary	64	exact	5	THREE, EIGHT, SQR, PLUS, LOG	0.000e+00	0.12851	64.0	Log[67]
1248	(4*sqrt(2)*Pi^2)/gamma(1/4)^2	special	64	not found	7	SIX, SINH, ARCCOSH, LOG, EULER, COSH, DIVIDE	4.296e-09	0.768025	8.4	(4*Sqrt[2]*Pi^2)/Gamma[1/4]^2
1249	ln(71)	elementary	64	exact	5	SEVEN, EIGHT, SQR, PLUS, LOG	0.000e+00	0.12851	64.0	Log[71]
1250	Pi*e/2	elementary	64	exact	4	EULER, ONE, ARCSIN, TIMES	2.220e-16	2.514543	64.0	(Pi*E)/2
1251	ln(73)	elementary	64	exact	5	EIGHT, NINE, SQR, SUBTRACT, LOG	0.000e+00	0.12851	64.0	Log[73]
1252	asymptotic value of the second raw moment of the maximal exponent in the prime factorizations of n (A051903)	special	64	not found	7	GOLDENRATIO, FIVE, ARCSINH, ARCCOSH, TANH, TIMES, EXP	2.125e-08	0.704285	7.7	1 + Sum[(2*j - 1)*(1 - 1/Zeta[j]), {j, 2, 400}]
1253	Korn constant	rational	64	exact	6	SEVEN, INV, TWO, SUBTRACT, EIGHT, DIVIDE	0.000e+00	0.107091	64.0	56/13
1254	alpha, the unique solution on [2,oo) of the equation alpha*log((2*e)/alpha)=1	special	64	not found	6	EIGHT, ARCCOSH, FIVE, TANH, TAN, TIMES	2.549e-08	0.813219	7.6	-1/ProductLog[-1/(2*E)]
1255	sqrt(19)	algebraic	64	exact	5	THREE, FOUR, SQR, PLUS, SQRT	0.000e+00	0.12851	64.0	Sqrt[19]
1256	ln(79)	elementary	64	exact	5	TWO, NINE, SQR, SUBTRACT, LOG	0.000e+00	0.12851	64.0	Log[79]
1257	Hayman constant	special	64	not found	7	THREE, TANH, ARCCOS, SQRT, EXP, SIX, DIVIDE	1.153e-09	0.820446	8.9	Gamma[1/4]^4/(4*Pi^2)
1258	ln(83)	elementary	64	exact	5	TWO, NINE, SQR, PLUS, LOG	0.000e+00	0.12851	64.0	Log[83]
1259	pi(2)^(1/2)	elementary	64	exact	4	PI, TWO, SQRT, TIMES	0.000e+00	0.160637	64.0	Pi*2^(1/2)
1260	ln(89)	elementary	64	exact	5	EIGHT, NINE, SQR, PLUS, LOG	0.000e+00	0.12851	64.0	Log[89]
1261	Freiman constant	algebraic	64	not found	7	SIX, EIGHT, TWO, TANH, TIMES, TIMES, ARCSINH	3.100e-09	0.781024	8.5	(2221564096 + 283748*Sqrt[462])/491993569
1262	Van der Pauw constant	elementary	64	exact	4	TWO, LOG, PI, DIVIDE	0.000e+00	0.160637	64.0	Pi/Log[2]
1263	Gasper constant	algebraic	64	not found	7	FOUR, NEG, TANH, INV, SIN, COS, PLUS	2.051e-08	0.705714	7.7	Root[-1134 - 3780*#1 - 5013*#1^2 - 3247*#1^3 - 948*#1^4 - 14*#1^5 + 55*#1^6 + 9*#1^7 & , 1]
1264	ln(97)	elementary	64	exact	6	TWO, SEVEN, ARCCOSH, TIMES, COSH, LOG	0.000e+00	0.107091	64.0	Log[97]
1265	2ln(10)	elementary	64	exact	5	FOUR, FIVE, SQR, TIMES, LOG	0.000e+00	0.12851	64.0	2*Log[10]
1266	100^(1/3)	algebraic	64	exact	7	THREE, TWO, DIVIDE, NEG, NINE, SUBTRACT, POWER	2.220e-16	1.436882	64.0	100^(1/3)
1267	Product_{p prime} (1 + 1/p^(4/3) + 1/p^(5/3))	none	64	not found	7	FOUR, SINH, SEVEN, TAN, DIVIDE, ARCCOS, EXP	1.951e-08	0.707689	7.7	
1268	Feigenbaum delta	none	64	not found	7	NEG, EIGHT, ARCTAN, PLUS, ARCSIN, INV, SQR	1.883e-08	0.709103	7.7	
1269	3pi/2	elementary	64	exact	4	PI, ONE, ARCSIN, PLUS	0.000e+00	0.160637	64.0	3*Pi/2
1270	rod constant	special	64	not found	7	NEG, EULER, COSH, TAN, EXP, SUBTRACT, ARCCOSH	2.141e-08	0.703999	7.7	Root[{-1 + Cos[#1]*Cosh[#1] & , 4.730040744862704026`19.67486488179338}]
1271	sqrt(23)	algebraic	64	exact	5	NEG, FIVE, GAMMA, PLUS, SQRT	0.000e+00	0.12851	64.0	Sqrt[23]
1272	John constant lower bound	special	64	exact	3	PI, EXP, SQRT	0.000e+00	0.214183	64.0	I^(-I)
1273	two-arc beam detection constant	special	64	not found	7	ONE, ARCSINH, GOLDENRATIO, SINH, POWER, SEVEN, SUBTRACT	3.910e-08	0.679982	7.4	ConditionalExpression[Extension`TwoArcApproximationBeamDetectionConstant == -2*\[FormalA] - \[FormalB] + 2*Pi - Cos[\[FormalB]/2] + Sec[\[FormalB]/2] + 2*Tan[\[FormalA]/2] + Sin[\[FormalB]/2]*Tan[\[FormalA]/2], \[FormalA] == 4*ArcTan[Sqrt[\[FormalC]]] && \[FormalB] == 2*ArcSin[2*Cos[\[FormalA]]] && \[FormalB] == 2*ArcSin[2*Cos[\[FormalA]]] && \[FormalC] == Root[1 + 65*\[FormalX] - 2139*\[FormalX]^2 + 20476*\[FormalX]^3 - 78054*\[FormalX]^4 + 126214*\[FormalX]^5 - 78054*\[FormalX]^6 + 20476*\[FormalX]^7 - 2139*\[FormalX]^8 + 65*\[FormalX]^9 + \[FormalX]^10, \[FormalX], 4]]
1274	second moment of the reciprocal gamma distribution	none	64	not found	7	FOUR, FIVE, ARCSINH, GOLDENRATIO, DIVIDE, SQRT, PLUS	3.019e-08	0.690296	7.5	
1275	unique solution > 1 of the equation x*log(x)=2(x-1)	none	64	not found	7	THREE, GOLDENRATIO, TAN, SINH, TAN, GAMMA, TIMES	1.579e-09	0.80793	3.9	
1276	xi_3 = 5*G, the volume of an ideal hyperbolic cube, where G is Gieseking's constant	none	64	not found	7	GOLDENRATIO, GOLDENRATIO, SIN, ARCTAN, DIVIDE, EXP, EXP	3.543e-09	0.775701	8.5	
1277	'lambda', a Sobolev isoperimetric constant related to the "rod inequality", arising from the elasticity study of a rod t	none	64	not found	7	FIVE, NINE, GOLDENRATIO, GAMMA, TAN, DIVIDE, PLUS	4.269e-09	0.768275	8.4	
1278	Lower limit of backward value of 5^n	none	64	not found	7	EULER, FIVE, SQR, PLUS, INV, GAMMA, SQRT	3.383e-10	0.869341	9.5	
1279	hypersphere maximal volume dimension constant	special	64	not found	7	FOUR, GOLDENRATIO, ARCSINH, GAMMA, SQRT, ARCSIN, PLUS	2.967e-09	0.782782	8.5	Root[{-2 + Log[Pi]*#1 - PolyGamma[0, #1/2]*#1 & , 5.25694640486057678013283838869`29.720733549361597}]
1280	2*Pi^2*log(2) - 7*zeta(3)	special	64	not found	7	SEVEN, ARCCOSH, TANH, LOG, TAN, COS, ARCTANH	3.109e-08	0.689121	7.5	2Pi^2Log[2]-7Zeta[3]
1281	log 648000/π	elementary	64	not found	7	GOLDENRATIO, ARCTAN, GAMMA, EIGHT, LOG, SQR, PLUS	4.118e-10	0.861503	9.4	Log10[648000/Pi]
1282	Pi*csc(Pi/5)	elementary	64	exact	6	FIVE, PI, DIVIDE, SIN, PI, DIVIDE	1.110e-16	1.7086	64.0	Pi*Csc[Pi/5]
1283	sqrt(29)	algebraic	64	exact	5	FOUR, FIVE, SQR, PLUS, SQRT	0.000e+00	0.12851	64.0	Sqrt[29]
1284	analog of Lévy's constant in case of the nearest integer continued fraction of -1/2<x<1/2	elementary	64	exact	7	TWO, ARCSINH, NEG, ARCSIN, SQR, DIVIDE, EXP	1.110e-16	1.464514	64.0	Exp[Pi^2/(12*Log[GoldenRatio])]
1285	sqrt(31)	algebraic	64	exact	5	FIVE, SIX, SQR, SUBTRACT, SQRT	0.000e+00	0.12851	64.0	Sqrt[31]
1286	pi^(3/2)	elementary	64	exact	4	PI, PI, SQRT, TIMES	1.110e-16	2.5629	64.0	Pi^(3/2)
1287	1000^(1/4)	algebraic	64	exact	6	THREE, THREE, ARCSINH, COSH, SQRT, POWER	1.110e-16	1.7086	64.0	1000^(1/4)
1288	a constant related to A000151	none	64	not found	7	SEVEN, TWO, ARCCOSH, ARCSINH, SQRT, ARCTAN, TIMES	2.251e-08	0.702	7.6	
1289	c for which b(n+1) = c^(b(n)/n) neither explodes nor converges (A278453)	none	64	not found	7	THREE, SIN, NINE, LOG, ARCTAN, TIMES, GAMMA	9.029e-09	0.738413	8.0	
1290	'lambda', a Sobolev isoperimetric constant related to the "membrane inequality", arising from the study of a vibrating m	none	64	not found	7	THREE, SIX, TWO, SIN, TIMES, POWER, ARCSINH	5.838e-10	0.847589	9.2	
1291	zeta(3/4) * Product_{p prime} (1 + 1/p^(5/4) - 1/p^2 - 1/p^(9/4)) (negated)	none	64	not found	6	SEVEN, ARCTAN, LOG, SQR, SIX, SUBTRACT	7.197e-08	0.76494	7.1	
1292	sqrt(37)	algebraic	64	exact	3	SIX, ARCSINH, COSH	2.220e-16	3.352724	64.0	Sqrt[37]
1293	Tau	elementary	64	exact	3	PI, PI, PLUS	0.000e+00	0.214183	64.0	2*Pi
1294	2 Pi/sin(arctan(2 Pi))	elementary	64	exact	5	PI, PI, PLUS, ARCSINH, COSH	0.000e+00	0.12851	64.0	2*Pi/Sin[ArcTan[2*Pi]]
1295	sqrt(41)	algebraic	64	exact	5	FIVE, SIX, SQR, PLUS, SQRT	0.000e+00	0.12851	64.0	Sqrt[41]
1296	sqrt(43)	algebraic	64	exact	5	SIX, SEVEN, SQR, SUBTRACT, SQRT	0.000e+00	0.12851	64.0	Sqrt[43]
1297	Froda constant	elementary	64	exact	3	EULER, TWO, POWER	1.110e-16	3.4172	64.0	2^E
1298	(real) period of the elliptic function sn(x,1/2)	special	64	not found	7	SIX, TAN, EXP, COSH, EXP, SQRT, EXP	1.371e-08	0.721774	7.9	8*EllipticK[-1/3]/Sqrt[3]
1299	sqrt(47)	algebraic	64	exact	5	TWO, SEVEN, SQR, SUBTRACT, SQRT	0.000e+00	0.12851	64.0	Sqrt[47]
1300	3ln(10)	elementary	64	exact	6	THREE, NEG, NINE, SUBTRACT, LOG, TIMES	2.220e-16	1.676362	64.0	3*Log[10]
1301	John constant upper bound	special	64	not found	7	FOUR, FIVE, ARCCOSH, SUBTRACT, SIN, ARCTANH, SQR	4.586e-09	0.765415	8.3	ConditionalExpression[Extension`JohnConstantUpperBound == Exp[\[FormalLambda]*Pi], Pi/Exp[2*\[FormalLambda]*Pi] == Sum[(\[FormalK]*Exp[-1/2*(\[FormalK]*Pi)/\[FormalLambda]])/(\[FormalK]^2 + \[FormalLambda]^2), {\[FormalK], 1, Infinity}]]
1302	hypersphere maximal surface area dimension constant	special	64	not found	7	SIX, GOLDENRATIO, ARCSINH, GAMMA, SQRT, ARCSIN, PLUS	2.149e-09	0.795635	8.7	Root[{Log[Pi] - PolyGamma[0, #1/2] & , 7.25694640486057678013283838869`29.860753915673623}]
1303	sqrt(53)	algebraic	64	exact	5	FOUR, SEVEN, SQR, PLUS, SQRT	0.000e+00	0.12851	64.0	Sqrt[53]
1304	c_o, coefficient associated with the asymptotic evaluation c_o*2^(n^2/4) of the number of subspaces of the n-dimensional	none	64	not found	6	SEVEN, EULER, SQR, ARCCOSH, INV, PLUS	1.105e-08	0.852106	8.0	
1305	c_e, coefficient associated with the asymptotic evaluation c_e*2^(n^2/4) of the number of subspaces of the n-dimensional	none	64	not found	7	FIVE, TAN, EXP, COS, SQR, EXP, SQR	1.459e-08	0.719282	7.8	
1306	e^2	elementary	64	exact	2	EULER, SQR	1.110e-16	5.1258	64.0	E^2
1307	sqrt(59)	algebraic	64	exact	5	FIVE, EIGHT, SQR, SUBTRACT, SQRT	0.000e+00	0.12851	64.0	Sqrt[59]
1308	digital search tree θ constant	special	64	not found	7	EULER, SQR, ARCTAN, SEVEN, COSH, LOG, PLUS	4.066e-10	0.862014	9.4	Sum[(2^(((-1 + \[FormalK])*\[FormalK])/2)*\[FormalK]*Sum[(-1 + 2^\[FormalI])^(-1), {\[FormalI], 1, \[FormalK]}])/Product[-1 + 2^\[FormalJ], {\[FormalJ], 1, \[FormalK]}], {\[FormalK], 1, Infinity}]
1309	sqrt(61)	algebraic	64	exact	5	THREE, EIGHT, SQR, SUBTRACT, SQRT	0.000e+00	0.12851	64.0	Sqrt[61]
1310	Sierpiński's third constant, K3 = lim_{n->oo} ((1/n) * (Sum_{i=1..n} (A004018(i))^2) - 4 * log(n))	special	64	not found	7	SEVEN, TAN, SQRT, NINE, SINH, ARCCOSH, SUBTRACT	4.688e-10	0.856337	9.3	4/3 (24*Log[Gamma[3/4]] - 12*Log[Pi] + 72*Log[Glaisher] - 5*Log[2] + 6*EulerGamma - 3)
1311	sqrt(67)	algebraic	64	exact	5	THREE, EIGHT, SQR, PLUS, SQRT	0.000e+00	0.12851	64.0	Sqrt[67]
1312	sqrt(71)	algebraic	64	exact	5	SEVEN, EIGHT, SQR, PLUS, SQRT	0.000e+00	0.12851	64.0	Sqrt[71]
1313	sqrt(73)	algebraic	64	exact	5	EIGHT, NINE, SQR, SUBTRACT, SQRT	0.000e+00	0.12851	64.0	Sqrt[73]
1314	polygon circumscription constant	special	64	not found	7	EIGHT, EULER, ARCTAN, GAMMA, DIVIDE, ARCCOS, TAN	2.459e-08	0.698465	7.6	Product[Sec[Pi/\[FormalK]], {\[FormalK], 3, Infinity}]
1315	sqrt(79)	algebraic	64	exact	5	TWO, NINE, SQR, SUBTRACT, SQRT	0.000e+00	0.12851	64.0	Sqrt[79]
1316	sqrt(83)	algebraic	64	exact	5	TWO, NINE, SQR, PLUS, SQRT	0.000e+00	0.12851	64.0	Sqrt[83]
1317	4ln(10)	elementary	64	exact	6	FOUR, NEG, NINE, SUBTRACT, LOG, TIMES	0.000e+00	0.107091	64.0	4*Log[10]
1318	Varga's constant	none	64	not found	7	NINE, PI, PI, INV, PLUS, INV, PLUS	1.044e-09	0.824414	9.0	
1319	3pi	elementary	64	exact	3	PI, THREE, TIMES	0.000e+00	0.214183	64.0	3*Pi
1320	sqrt(89)	algebraic	64	exact	5	EIGHT, NINE, SQR, PLUS, SQRT	0.000e+00	0.12851	64.0	Sqrt[89]
1321	Wagon's constant	none	64	not found	7	NINE, TWO, SQRT, EXP, ARCCOSH, INV, PLUS	2.072e-08	0.705295	7.7	
1322	Product_{p prime} (1 + 1/p^(5/4) + 1/p^(3/2) + 1/p^(7/4))	none	64	not found	7	NINE, EULER, SQR, ARCTAN, TANH, GAMMA, TIMES	7.188e-09	0.747502	8.1	
1323	sqrt(97)	algebraic	64	exact	6	TWO, SEVEN, ARCCOSH, TIMES, COSH, SQRT	2.220e-16	1.676362	64.0	Sqrt[97]
1324	π^2	elementary	64	exact	2	PI, SQR	0.000e+00	0.321274	64.0	Pi^2
1325	smallest number > 1 with the same digits in decimal and binary	none	64	not found	7	GOLDENRATIO, NINE, FIVE, TANH, EXP, PLUS, SUBTRACT	5.703e-09	0.75673	8.2	
1326	2*zeta(3/2)^4/(3*sqrt(2*Pi)*zeta(3))	special	64	not found	7	SEVEN, FOUR, ARCTAN, POWER, FIVE, SINH, DIVIDE	7.923e-09	0.743621	8.1	2*Zeta[3/2]^4/(3*Sqrt[2*Pi]*Zeta[3])
1327	e^(Pi^2/(6*log(2)))	elementary	64	exact	7	EIGHT, LOG, PI, SQR, DIVIDE, EXP, SQRT	0.000e+00	0.183585	63.4	E^(Pi^2/(6Log[2]))
1328	z_c = phi^5 (where phi is the golden ratio), a lattice statistics constant which is the exact value of the critical acti	algebraic	64	exact	3	FIVE, GOLDENRATIO, POWER	2.220e-16	3.352724	63.5	GoldenRatio^5
1329	5ln(10)	elementary	64	exact	6	FIVE, NEG, NINE, SUBTRACT, LOG, TIMES	2.220e-16	1.676362	63.4	5*Log[10]
1330	4pi	elementary	64	exact	3	PI, FOUR, TIMES	0.000e+00	0.428366	64.0	4*Pi
1331	6ln(10)	elementary	64	exact	6	SIX, NEG, NINE, SUBTRACT, LOG, TIMES	2.220e-16	1.676362	63.5	6*Log[10]
1332	Imaginary part of first non-trivial zero of zeta function	special	64	not found	7	GOLDENRATIO, THREE, SIN, TIMES, COS, EXP, EXP	1.575e-07	0.624441	6.8	Im[ZetaZero[1]]
1333	Product_{j>=1, j!=2} zeta(j/2) (negated)	none	64	not found	6	TWO, LOG, SIN, NEG, SUBTRACT, TAN	8.251e-08	0.758582	7.1	
1334	exponential reiterated constant	elementary	64	exact	2	EULER, EXP	1.110e-16	5.1258	63.6	E^E
1335	5pi	elementary	64	exact	3	PI, FIVE, TIMES	0.000e+00	0.428366	64.0	5*Pi
1336	7ln(10)	elementary	64	exact	6	SEVEN, NEG, NINE, SUBTRACT, LOG, TIMES	0.000e+00	0.214183	63.7	7*Log[10]
1337	Product_{p prime} (1 + 1/p^(6/5) + 1/p^(7/5) - 1/p^2 - 1/p^(11/5) - 1/p^(12/5)) (negated)	none	64	not found	7	FOUR, EIGHT, ARCCOSH, SQRT, PLUS, EXP, SQRT	3.342e-08	0.68624	7.5	
1338	8ln(10)	elementary	64	exact	6	EIGHT, NEG, NINE, SUBTRACT, LOG, TIMES	0.000e+00	0.214183	63.9	8*Log[10]
1339	6pi	elementary	64	exact	3	PI, SIX, TIMES	0.000e+00	0.428366	63.7	6*Pi
1340	Product_{p prime} (1 + 1/p^(6/5) + 1/p^(7/5) + 1/p^(8/5) + 1/p^(9/5))	none	64	not found	7	NINE, NINE, SQR, COS, POWER, TWO, DIVIDE	4.634e-08	0.673213	7.3	
1341	e^pi - pi	elementary	64	exact	4	PI, PI, EXP, SUBTRACT	2.220e-16	2.514543	63.9	E^Pi - Pi
1342	e^3	elementary	64	exact	2	THREE, EXP	0.000e+00	0.642549	64.0	E^3
1343	9ln(10)	elementary	64	exact	6	NINE, NEG, NINE, SUBTRACT, LOG, TIMES	2.220e-16	1.676362	64.0	9*Log[10]
1344	imaginary part of 2nd nontrivial zero of Riemann zeta function	none	64	not found	7	GOLDENRATIO, ARCCOSH, COS, TWO, COSH, SINH, SUBTRACT	8.417e-09	0.741213	8.1	
1345	7pi	elementary	64	exact	3	PI, SEVEN, TIMES	0.000e+00	0.428366	63.8	7*Pi
1346	pi pow e	elementary	64	exact	3	EULER, PI, POWER	1.110e-16	3.4172	63.7	Pi^E
1347	Gelfond's constant	elementary	64	exact	2	PI, EXP	1.110e-16	5.1258	64.0	E^Pi
1348	imaginary part of 3rd nontrivial zero of Riemann zeta function	none	64	not found	7	SEVEN, EULER, COS, COS, EIGHT, POWER, TIMES	8.791e-09	0.73948	8.1	
1349	8pi	elementary	64	exact	3	PI, EIGHT, TIMES	0.000e+00	0.428366	64.0	8*Pi
1350	9pi	elementary	64	exact	3	PI, NINE, TIMES	0.000e+00	0.428366	64.0	9*Pi
1351	pi cubed	elementary	64	exact	3	THREE, PI, POWER	1.110e-16	3.4172	63.9	Pi^3
1352	π^π	elementary	64	exact	3	PI, PI, POWER	2.220e-16	3.352724	64.0	Pi^Pi
1353	e^4	elementary	64	exact	2	FOUR, EXP	0.000e+00	0.642549	64.0	E^4
1354	radian	elementary	64	exact	6	PI, FOUR, SEVEN, GAMMA, DIVIDE, DIVIDE	0.000e+00	0.214183	64.0	180/Pi
1355	pi^4	elementary	64	exact	3	FOUR, PI, POWER	3.331e-16	3.315009	64.0	Pi^4
1356	Product_{j>=1, j!=3} zeta(j/3)	none	64	not found	7	SIX, FIVE, LOG, TIMES, LOG, SINH, EXP	3.135e-08	0.688787	7.5	
1357	Golden angle degrees	algebraic	64	exact	7	TWO, GOLDENRATIO, SQR, SEVEN, GAMMA, DIVIDE, DIVIDE	0.000e+00	0.275378	63.7	180*(3 - Sqrt[5])
1358	e^5	elementary	64	exact	2	FIVE, EXP	0.000e+00	0.963823	64.0	E^5
1359	pi^5	elementary	64	exact	3	FIVE, PI, POWER	2.220e-16	3.352724	64.0	Pi^5
1360	e^6	elementary	64	exact	2	SIX, EXP	0.000e+00	0.963823	64.0	E^6
1361	e^(2pi)	elementary	64	exact	3	PI, EXP, SQR	2.220e-16	3.352724	64.0	E^(2*Pi)
1362	Jenny constant	elementary	64	not found	7	FIVE, TANH, LOG, ARCCOS, FIVE, COSH, POWER	1.661e-07	0.622328	6.8	(-9 + 7^(-E^(-1) + E))*Pi^2
1363	pi^6	elementary	64	exact	3	SIX, PI, POWER	2.220e-16	3.352724	64.0	Pi^6
1364	e^7	elementary	64	exact	2	SEVEN, EXP	0.000e+00	1.285097	63.7	E^7
1365	e^8	elementary	64	exact	2	EIGHT, EXP	0.000e+00	1.285097	63.9	E^8
1366	pi^7	elementary	64	exact	3	SEVEN, PI, POWER	3.331e-16	3.315009	63.9	Pi^7
1367	10800/π	elementary	64	not found	7	THREE, TWO, COSH, SQRT, SINH, COSH, POWER	8.891e-08	0.647236	7.1	10800/Pi
1368	e^9	elementary	64	exact	2	NINE, EXP	0.000e+00	1.285097	64.0	E^9
1369	Gram point crossover constant	special	64	not found	7	NINE, EXP, NINE, ARCSINH, LOG, SQR, TIMES	2.146e-06	0.520311	5.7	Root[{-RiemannSiegelTheta[#1] + Pi*#1 & , 9146.69819317145926586619766347`29.961264349227967}]
1370	pi^8	elementary	64	exact	3	EIGHT, PI, POWER	3.331e-16	3.315009	64.0	Pi^8
1371	e^(3pi)	elementary	64	exact	4	PI, THREE, EXP, POWER	3.331e-16	2.486256	63.6	E^(3*Pi)
1372	e^10	elementary	64	exact	3	FIVE, EXP, SQR	1.110e-16	3.4172	63.7	E^10
1373	pi^9	elementary	64	exact	3	NINE, PI, POWER	3.331e-16	3.315009	64.0	Pi^9
1374	pi^10	elementary	64	exact	4	FIVE, PI, SQR, POWER	3.331e-16	2.486256	64.0	Pi^10
1375	648000/π	elementary	64	not found	7	NEG, ARCTAN, GAMMA, EXP, TWO, DIVIDE, SQR	9.466e-07	0.552942	6.0	648000/Pi
1376	e^(4pi)	elementary	64	exact	4	PI, FOUR, EXP, POWER	5.551e-16	2.450619	64.0	E^(4*Pi)
1377	e^(5pi)	elementary	64	exact	4	PI, FIVE, EXP, POWER	6.661e-16	2.4379	64.0	E^(5*Pi)
1378	e^(6pi)	elementary	64	exact	4	PI, SIX, EXP, POWER	7.772e-16	2.427146	63.9	E^(6*Pi)
1379	e^(7pi)	elementary	64	exact	4	PI, SEVEN, EXP, POWER	1.221e-15	2.395613	64.0	E^(7*Pi)
1380	e^(8pi)	elementary	64	exact	4	PI, EIGHT, EXP, POWER	1.110e-15	2.402263	64.0	E^(8*Pi)
1381	e^(9pi)	elementary	64	exact	4	PI, NINE, EXP, POWER	9.992e-16	2.409613	64.0	E^(9*Pi)
1382	e^(10pi)	elementary	64	exact	5	PI, FIVE, EXP, SQR, POWER	1.554e-15	1.903031	64.0	E^(10*Pi)
1383	Ramanujan's constant	elementary	64	not found	7	EULER, ARCSINH, ARCSINH, EXP, SINH, SEVEN, POWER	8.073e-06	0.467495	5.1	E^(Sqrt[163]*Pi)
