id	name	class	digits	verdict	total	LHS	RHS	REL_ERR	candidates	ms	agree	solved	formula
1	conic constant	elementary	64	exact	4	x, SQR	FOUR, EXP	0.000e+00	18	0.0	64.0	True	-E^2
2	log π/648000	elementary	64	not found	9	x, SIN, TAN, SQR, SQR	EIGHT, COSH, SIN, ARCSIN	9.590e-10	0	12.1	9.0	True	Log10[Pi/648000]
3	log π/10800	elementary	64	not found	9	x, SIN, ARCTANH, ARCTANH, ARCTAN	EULER, TAN, EXP, SQR	2.506e-10	0	11.9	9.6	True	Log10[Pi/10800]
4	log e^(-2π)	elementary	64	exact	7	x, PI, DIVIDE	THREE, ARCTAN, COS, LOG	0.000e+00	42	11.6	64.0	True	Log10[E^(-2*Pi)]
5	(1 + 1/e)/(1/e - 1) = -coth(1/2)	elementary	64	exact	6	x, INV	TWO, NEG, DIVIDE, TANH	0.000e+00	77	0.6	63.9	True	(1 + 1/E)/(1/E - 1)
6	Madelung 6D square lattice constant	special	64	not found	9	x, ARCSINH, NEG, SUBTRACT, ARCCOS	ONE, ARCTAN, INV, SQRT	3.631e-10	2	12.0	9.4	True	(3*(4*DirichletBeta[5/2]*(-1 + Sqrt[2])*Zeta[1/2] - DirichletBeta[1/2]*(-1 + 4*Sqrt[2])*Zeta[5/2]))/Pi^2
7	Madelung 4D square lattice constant	special	64	not found	9	x, TANH, SQR, COSH, TAN	EULER, TANH, EXP, COSH	4.762e-10	2	12.0	9.3	True	-8*(5 - 3*Sqrt[2])*Zeta[-1/2]*Zeta[1/2]
8	log π/180	elementary	64	not found	9	GOLDENRATIO, GAMMA, INV, x, PLUS	NEG, SIN, TANH, ARCSINH	4.565e-10	0	12.2	9.3	True	Log10[Pi/180]
9	Madelung 2D square lattice constant	special	64	not found	9	FIVE, x, ARCSINH, INV, POWER	EIGHT, SQRT, TAN, ARCSINH	2.935e-10	0	11.2	9.5	True	4*DirichletBeta[1/2]*(-1 + Sqrt[2])*Zeta[1/2]
10	Bateman-Grosswald constant	special	64	not found	9	x, TAN, THREE, TIMES, SIN	EIGHT, ARCCOSH, SINH, TANH	1.755e-10	0	12.6	9.8	True	Zeta[2/3]/Zeta[2]
11	log e^(-π)	elementary	64	exact	8	x, ONE, ARCSIN, DIVIDE	THREE, ARCTAN, COS, LOG	0.000e+00	25	12.3	64.0	True	Log10[E^(-Pi)]
12	log 1/4π	elementary	64	exact	9	x, NEG, NINE, SUBTRACT, POWER	PI, FOUR, TIMES, INV	0.000e+00	2	12.3	63.8	True	Log10[1/(4*Pi)]
13	generalized Stirling constant	special	64	not found	9	NEG, TAN, x, TAN, DIVIDE	EULER, ARCSINH, SIN, GAMMA	2.173e-10	0	11.7	9.7	True	EulerGamma^2/4 - Pi^2/48 + StieltjesGamma[1]/2 - Log[2*Pi]^2/4
14	Neg	rational	64	exact	2	x	NEG	0.000e+00	3	0.0	64.0	True	-1
15	log 1/π^2	elementary	64	exact	6	x, THREE, ARCTAN, COS, POWER	PI	0.000e+00	41	13.1	64.0	True	Log10[1/Pi^2]
16	log 1/3π	elementary	64	exact	9	x, NEG, NINE, SUBTRACT, POWER	PI, THREE, INV, DIVIDE	0.000e+00	3	13.5	64.0	True	Log10[1/(3*Pi)]
17	zeta'(2)	special	64	not found	9	x, SINH, THREE, POWER, TANH	FIVE, COS, SINH, ARCTANH	1.505e-10	0	14.1	9.8	True	Derivative[1][Zeta][2]
18	log 1/e^2	elementary	64	exact	6	x, INV	THREE, ARCTAN, COS, LOG	0.000e+00	32	0.7	64.0	True	Log10[1/E^2]
19	log 1/2π	elementary	64	exact	9	x, NEG, NINE, SUBTRACT, POWER	PI, PI, PLUS, INV	0.000e+00	2	14.4	64.0	True	Log10[1/(2*Pi)]
20	infinite tetration of reciprocal root 2	special	64	not found	9	x, EXP, PI, DIVIDE, SQRT	GOLDENRATIO, SQRT, SIN, EXP	3.308e-10	0	14.7	9.5	True	(-2*ProductLog[Log[2]/2])/Log[2]
21	log e^(-π/2)	elementary	64	exact	8	x, ONE, ARCTAN, DIVIDE	THREE, ARCTAN, COS, LOG	0.000e+00	18	14.5	64.0	True	Log10[E^(-Pi/2)]
22	Granville-Soundararajan constant	special	64	not found	9	x, ARCSIN, ARCTANH, SQR, ARCSIN	NINE, ARCCOSH, GAMMA, TANH	9.646e-10	0	14.7	9.0	True	1 + Pi^2/3 + 4*PolyLog[2, -Sqrt[E]]
23	ln(gamma)	special	64	not found	9	x, GAMMA, SINH, COS, ARCCOS	EULER, ARCSINH, SQRT, SIN	1.336e-09	0	14.5	8.9	True	Log[EulerGamma]
24	log 1/π	elementary	64	exact	7	x, NEG, NINE, SUBTRACT, POWER	PI, INV	0.000e+00	26	14.5	64.0	True	Log10[1/Pi]
25	log 1/e	elementary	64	exact	7	x, NEG, DIVIDE	NEG, NINE, SUBTRACT, LOG	0.000e+00	139	14.6	64.0	True	Log10[1/E]
26	log Sqrt[1/2π]	elementary	64	not found	9	x, ARCSIN, GAMMA, COSH, SIN	PI, GAMMA, SQRT, TANH	2.382e-09	0	14.6	8.6	True	Log10[Sqrt[1/(2*Pi)]]
27	ln ln two	elementary	64	exact	4	x	TWO, LOG, LOG	0.000e+00	20	0.0	64.0	True	Log[Log[2]]
28	log M = log e	elementary	64	not found	9	x, SEVEN, PLUS, ARCTAN, COS	EULER, INV, ARCTANH, SQR	6.191e-10	0	14.3	9.2	True	Log10[Log10[E]]
29	log π/6	elementary	64	exact	8	x, NEG, NINE, SUBTRACT, POWER	SIX, PI, DIVIDE	0.000e+00	6	14.4	64.0	True	Log10[Pi/6]
31	Airy function constant	special	64	not found	9	x, TANH, INV, SIN, TANH	FOUR, TANH, GOLDENRATIO, SUBTRACT	7.229e-10	0	14.4	9.1	True	-(1/(3^(1/3)*Gamma[1/3]))
32	log Sqrt[1/π]	elementary	64	exact	8	x, NEG, NINE, SUBTRACT, POWER	PI, INV, SQRT	0.000e+00	6	14.5	63.8	True	Log10[Sqrt[1/Pi]]
33	log γ	special	64	not found	9	x, SIX, TIMES, COS, ARCTAN	SEVEN, GAMMA, ARCCOSH, INV	5.481e-09	0	14.8	8.3	True	Log10[EulerGamma]
34	log Sqrt[1/e]	elementary	64	exact	8	x, FOUR, TIMES, INV	THREE, ARCTAN, COS, LOG	0.000e+00	36	14.3	64.0	True	Log10[Sqrt[1/E]]
35	log Cbrt[3/4π]	elementary	64	not found	9	x, FIVE, PLUS, TAN, COS	EULER, SQRT, SQR, TANH	2.087e-10	0	14.5	9.7	True	Log10[CubeRoot[3/(4*Pi)]]
36	log 2/π	elementary	64	exact	8	x, NEG, NINE, SUBTRACT, POWER	ONE, ARCSIN, INV	0.000e+00	6	14.0	64.0	True	Log10[2/Pi]
37	log Cbrt[1/π]	elementary	64	exact	9	x, THREE, ARCTAN, COS, POWER	SIX, INV, PI, POWER	0.000e+00	3	14.1	64.0	True	Log10[CubeRoot[1/Pi]]
38	log Cbrt[1/e]	elementary	64	exact	8	x, SIX, TIMES, INV	THREE, ARCTAN, COS, LOG	0.000e+00	21	14.4	63.8	True	Log10[CubeRoot[1/E]]
39	ln(Gamma(4/3))	special	64	exact	6	x, EXP	THREE, FOUR, DIVIDE, GAMMA	0.000e+00	12	0.6	63.4	True	LogGamma[4/3]
40	log π/4	elementary	64	exact	8	x, INV, ONE, ARCTAN, POWER	NEG, NINE, SUBTRACT	1.323e-16	10	14.0	63.6	True	Log10[Pi/4]
41	ln(Gamma(5/3))	special	64	exact	6	x, EXP	THREE, LOG, COSH, GAMMA	0.000e+00	4	0.6	63.9	True	LogGamma[5/3]
42	ln(Gamma(5/4))	special	64	exact	6	x, EXP	TWO, LOG, COSH, GAMMA	0.000e+00	6	0.6	64.0	True	LogGamma[5/4]
43	log Sqrt[2/π]	elementary	64	exact	9	x, NEG, NINE, SUBTRACT, POWER	ONE, ARCSIN, INV, SQRT	0.000e+00	2	13.8	64.0	True	Log10[Sqrt[2/Pi]]
44	ln(Gamma(7/4))	special	64	exact	6	x, EXP	FOUR, SEVEN, DIVIDE, GAMMA	0.000e+00	5	0.6	64.0	True	LogGamma[7/4]
45	Stieltjes constant	special	64	not found	8	x, GOLDENRATIO, DIVIDE, COS	SIX, SIN, PI, TIMES	1.056e-09	0	13.2	9.0	True	1 + EulerGamma^2 - Pi^2/8 + 2*StieltjesGamma[1]
46	Gauchman constant	special	64	not found	9	x, ARCSIN, THREE, DIVIDE, SIN	SIX, ARCTAN, COSH, TANH	4.713e-09	0	12.5	8.3	True	ConditionalExpression[Extension`GauchmanConstant == \[FormalX], E^(\[FormalU]/2) + 2*E^\[FormalU] + E^((3*\[FormalU])/2) + E^(\[FormalU] + \[FormalV]) == E^\[FormalV] + 2*E^(\[FormalU]/2 + \[FormalV]) && 2*(1 + \[FormalX] + E^(\[FormalU]/2 - \[FormalV])) == 4/E^(\[FormalU]/2) + (-2 + \[FormalU])/E^\[FormalV] && 1 + \[FormalU] + 6*E^(\[FormalU]/2) + 4*E^\[FormalU] + 4*E^(\[FormalU]/2 + \[FormalV]) == \[FormalV] + 9*E^\[FormalV] && -1/40 < \[FormalX] < 0]
47	log 3/π	elementary	64	exact	8	x, NEG, NINE, SUBTRACT, POWER	PI, THREE, DIVIDE	0.000e+00	3	12.4	64.0	True	Log10[3/Pi]
48	Zero	rational	64	exact	3	x, EXP	ONE	0.000e+00	14	0.0	64.0	True	0
49	e^(-10pi)	elementary	64	exact	6	EIGHT, x, LOG, DIVIDE, TAN	NEG	1.528e-15	738	11.9	64.0	True	E^(-10*Pi)
50	e^(-9pi)	elementary	64	exact	6	x, INV, LOG	PI, NINE, TIMES	0.000e+00	42	0.5	64.0	True	E^(-9*Pi)
51	'chi', a constant appearing in the asymptotic variance of the number of comparisons required for updating a digital sear	none	64	not found	9	NINE, x, DIVIDE, EXP, ARCCOSH	EULER, EXP, TANH, ARCCOS	4.562e-14	0	12.1	nan	False	
52	e^(-8pi)	elementary	64	exact	6	x, INV, LOG	PI, EIGHT, TIMES	0.000e+00	57	0.5	63.9	True	E^(-8*Pi)
53	e^(-7pi)	elementary	64	exact	6	x, INV, LOG	PI, SEVEN, TIMES	0.000e+00	44	0.5	64.0	True	E^(-7*Pi)
54	e^(-6pi)	elementary	64	exact	6	x, INV, LOG	PI, SIX, TIMES	0.000e+00	57	0.5	64.0	True	E^(-6*Pi)
55	e^(-5pi)	elementary	64	exact	6	x, INV, LOG	PI, FIVE, TIMES	0.000e+00	60	0.5	63.6	True	E^(-5*Pi)
56	e^(-4pi)	elementary	64	exact	6	x, LOG	NEG, ARCSIN, EIGHT, TIMES	0.000e+00	100	0.5	64.0	True	E^(-4*Pi)
57	1 arcsecond in radians	elementary	64	not found	9	x, GAMMA, LOG, SQR, SIN	PI, SQR, NINE, SUBTRACT	2.498e-09	2	12.9	8.6	True	Pi/648000
58	pi^-10	elementary	64	exact	6	x, SQRT, INV	FIVE, PI, POWER	0.000e+00	46	0.5	63.5	True	Pi^(-10)
59	pi^-9	elementary	64	exact	5	x	NINE, PI, POWER, INV	4.040e-16	22	0.0	63.8	True	Pi^(-9)
60	e^-10	elementary	64	exact	5	x	FIVE, EXP, SQR, INV	0.000e+00	57	0.0	64.0	True	E^(-10)
61	e^(-3pi)	elementary	64	exact	6	x, LOG	NEG, ARCSIN, SIX, TIMES	0.000e+00	66	0.5	64.0	True	E^(-3*Pi)
62	pi^-8	elementary	64	exact	5	x	EIGHT, PI, POWER, INV	3.858e-16	32	0.0	63.5	True	Pi^(-8)
63	sum_{r in Z}(1/r^3) where Z is the set of all nontrivial zeros r of the Riemann zeta function	special	64	not found	8	x, LOG, TAN, SQR, GAMMA	FIVE, SINH, SQRT	1.715e-10	18	13.0	9.8	True	-(-7*Zeta[3]/8 + EulerGamma^3 + 3*EulerGamma*StieltjesGamma[1] + 3/2*StieltjesGamma[2] + 1)
64	e^-9	elementary	64	exact	4	x, INV	NINE, EXP	0.000e+00	18	0.0	63.4	True	E^(-9)
65	6th du Bois-Reymond constant	none	64	not found	9	NINE, SINH, x, TIMES, SINH	NINE, ARCTAN, ARCTAN, GAMMA	4.643e-09	5	13.2	8.3	True	
66	1 arcminute in radians	elementary	64	exact	9	x, THREE, TIMES, FIVE, TIMES	SEVEN, GAMMA, PI, DIVIDE	0.000e+00	15	13.2	64.0	True	Pi/10800
67	pi^-7	elementary	64	exact	5	x	SEVEN, PI, POWER, INV	3.275e-16	23	0.0	64.0	True	Pi^(-7)
68	e^-8	elementary	64	exact	4	x	EIGHT, EXP, INV	0.000e+00	35	0.0	64.0	True	E^(-8)
69	zeta'(-5) (the derivative of Riemann's zeta function at -5) (negated)	special	64	not found	9	x, EULER, ARCSINH, DIVIDE, SIN	SIX, ARCSINH, SQR, TANH	4.388e-09	3	13.4	8.4	True	-(Zeta'[-5])
70	zeta'(-7) (the derivative of Riemann's zeta function at -7) (negated)	special	64	not found	9	SIX, x, POWER, LOG, TAN	FOUR, ARCSINH, LOG, COS	3.619e-09	2	13.4	8.4	True	-(Zeta'[-7])
71	5th Stieltjes constant gamma_5	special	64	not found	9	x, LOG, SQR, TAN, ARCTAN	NEG, COS, ARCTAN, SQRT	5.801e-09	2	13.5	8.2	True	-(-StieltjesGamma[5])
72	e^-7	elementary	64	exact	4	x	SEVEN, EXP, INV	0.000e+00	21	0.0	64.0	True	E^(-7)
73	pi^-6	elementary	64	exact	5	x	SIX, PI, POWER, INV	2.085e-16	24	0.0	63.5	True	Pi^(-6)
74	5th du Bois-Reymond constant	none	64	not found	9	x, SEVEN, LOG, DIVIDE, SIN	SIX, ARCCOSH, SQR, TANH	1.688e-09	3	13.2	8.8	True	
75	Heath-Brown–Moroz constant	special	64	not found	9	x, INV, ARCCOSH, TAN, COSH	THREE, TAN, THREE, PLUS	5.445e-10	7	13.5	9.3	True	Product[(1 - Prime[n]^(-1))^7*(1 + (1 + 7*Prime[n])/Prime[n]^2), {n, 1, Infinity}]
76	e^(-2pi)	elementary	64	exact	5	x	PI, EXP, INV, SQR	0.000e+00	44	0.0	63.8	True	E^(-2*Pi)
77	'mu', a Sobolev isoperimetric constant related to the "rod inequality", arising from the elasticity study of a rod that 	none	64	not found	9	x, ARCSIN, THREE, DIVIDE, COS	FOUR, LOG, TAN, TANH	4.773e-10	3	13.4	9.3	True	
78	3rd Stieltjes constant gamma_3	special	64	not found	9	x, LOG, SEVEN, PLUS, SQR	NEG, SIN, SQR, ARCSINH	2.665e-10	3	13.5	9.6	True	-(-StieltjesGamma[3])
79	4th Stieltjes constant gamma_4	special	64	not found	9	x, GAMMA, INV, GAMMA, SIN	SIX, PI, POWER, COS	3.356e-09	9	13.5	8.5	True	-(-StieltjesGamma[4])
80	e^-6	elementary	64	exact	4	x	SIX, EXP, INV	0.000e+00	23	0.0	64.0	True	E^(-6)
82	pi^-5	elementary	64	exact	5	x, INV	FIVE, PI, POWER	0.000e+00	24	0.0	64.0	True	Pi^(-5)
83	16/(9*sqrt(184607))	algebraic	64	not found	9	SIX, TANH, ARCCOS, x, DIVIDE	EULER, THREE, DIVIDE, ARCTAN	9.934e-10	3	13.6	9.0	True	16/(9Sqrt[184607])
84	4th du Bois-Reymond constant	elementary	64	not found	9	SIX, TANH, ARCCOS, x, DIVIDE	NINE, INV, EXP, SQRT	2.738e-09	3	13.7	8.6	True	(E^4 - 4E^2 - 25)/8
85	zeta'(-3) (the derivative of Riemann's zeta function at -3)	special	64	not found	9	x, LOG, SINH, SIN, ARCSINH	SEVEN, EIGHT, TIMES, COS	1.257e-09	5	13.8	8.9	True	Zeta'[-3]
86	zeta'(-6) (the derivative of Riemann's zeta function at -6) (negated)	special	64	not found	9	x, SIN, PI, DIVIDE, SIN	THREE, TAN, INV, TANH	5.125e-10	5	13.8	9.3	True	-(Zeta'[-6])
87	zeta''(0)+2, the coefficient of z^2 in the Laurent expansion of zeta(z) at the origin	special	64	not found	9	x, LOG, TAN, FOUR, DIVIDE	SEVEN, EXP, ARCSINH, ARCTAN	1.463e-09	3	14.0	8.8	True	-(Zeta''[0]+2)
88	e^-5	elementary	64	exact	4	x	FIVE, EXP, INV	0.000e+00	22	0.0	64.0	True	E^(-5)
89	Wyler constant	special	64	not found	9	x, SQRT, ARCSINH, INV, COS	GOLDENRATIO, TANH, SIN, TANH	1.752e-10	3	14.0	9.8	True	(9*(5!^(-1))^(1/4))/(16*Pi^(11/4))
90	zeta'(-4) (the derivative of Riemann's zeta function at -4)	special	64	not found	9	x, PI, TIMES, INV, SIN	THREE, COSH, SIN, COS	3.115e-09	3	14.1	8.5	True	Zeta'[-4]
91	zeta'(-8) (the derivative of Riemann's zeta function at -8)	special	64	not found	9	FOUR, x, LOG, TAN, SUBTRACT	NINE, ARCTAN, EXP, GAMMA	3.312e-10	3	14.0	9.5	True	Zeta'[-8]
92	sum of the alternating series tau(3), with tau(n) = Sum_{k>0} (-1)^k*log(k)^n/k	none	64	not found	9	x, SINH, EIGHT, DIVIDE, SIN	EIGHT, SIN, LOG, COS	4.315e-10	3	14.2	9.4	True	
93	'mu', an isoperimetric constant associated with the study of a vibrating, homogeneous plate clamped at the boundary of t	none	64	not found	9	x, LOG, SIN, GAMMA, ARCCOSH	EIGHT, SQR, PI, DIVIDE	1.593e-09	3	14.0	8.8	True	
94	2nd Stieltjes constant gamma_2 (negated)	special	64	not found	9	x, PI, TIMES, GAMMA, SIN	FOUR, LOG, ARCCOSH, ARCSINH	5.208e-09	3	14.0	8.3	True	-StieltjesGamma[2]
95	pi^-4	elementary	64	exact	5	x	PI, SQR, INV, SQR	0.000e+00	59	0.0	63.7	True	Pi^(-4)
96	p_3 (so named by S. Finch), a probability related to Vallée's constant	none	64	not found	9	x, SQR, LOG, COS, SQR	NINE, ARCTAN, LOG, COS	4.508e-10	9	14.1	9.3	True	
97	16/(207*sqrt(53))	algebraic	64	not found	9	x, SQRT, SQRT, ARCCOS, SQR	TWO, COSH, EXP, ARCTAN	3.122e-10	9	14.3	9.5	True	16/(207Sqrt[53])
98	cube tetrahedron-picking constant	elementary	64	not found	9	x, LOG, SIN, SQR, INV	FIVE, ARCCOSH, ARCCOSH, SQRT	3.175e-09	4	16.2	8.5	True	3977/216000 - Pi^2/2160
99	2*zeta(3)/Pi^2 - 11/18 + log(Pi)/3	special	64	not found	9	x, INV, ARCSINH, SQRT, SINH	PI, ARCSINH, EULER, PLUS	3.643e-09	3	16.8	8.4	True	2Zeta[3]/Pi^2-11/18+Log[Pi]/3
100	b_3, a constant associated with the 3rd Du Bois Reymond constant	none	64	not found	9	x, ARCSINH, INV, SIN, GAMMA	PI, ARCSINH, GAMMA, INV	2.698e-10	5	16.1	9.6	True	
101	tetrahedron tetrahedron-picking constant	elementary	64	not found	9	x, SIN, INV, SQRT, SIN	EULER, GOLDENRATIO, SQR, DIVIDE	5.815e-09	5	15.1	8.2	True	13/720 - Pi^2/15015
102	number of radians in one degree	elementary	64	exact	7	FOUR, x, DIVIDE	SEVEN, GAMMA, PI, DIVIDE	0.000e+00	211	14.8	64.0	True	Pi/180
103	sum of the alternating series tau(4), with tau(n) = Sum_{k>0} (-1)^k*log(k)^n/k	none	64	not found	9	NINE, x, SQRT, GAMMA, DIVIDE	TWO, COSH, TAN, SINH	1.152e-08	2	15.9	nan	False	
104	e^-4	elementary	64	exact	4	x	FOUR, EXP, INV	1.894e-16	26	0.0	64.0	True	E^(-4)
105	log π/3	elementary	64	exact	8	x, NEG, NINE, SUBTRACT, POWER	TWO, INV, ARCCOS	0.000e+00	2	15.3	64.0	True	Log10[Pi/3]
106	a Shapiro-Drinfeld constant, known as Gauchman's constant, related to the difference of cyclic sums (negated)	none	64	not found	9	x, LOG, TANH, GAMMA, SIN	FIVE, ARCCOSH, EXP, TANH	3.627e-10	0	15.2	9.4	True	
107	lambda(1) in Li's criterion	special	64	not found	9	x, GAMMA, SIN, COSH, SQRT	PI, TANH, EXP, ARCTAN	1.182e-08	1	15.3	nan	False	EulerGamma/2 + 1 - Log[4 Pi]/2
108	triple integral of ({x/y}{y/z}{z/x})^2 over the unit cube	special	64	not found	9	x, SIX, SIN, DIVIDE, TAN	FIVE, COS, SQRT, SQRT	8.671e-10	0	15.8	9.1	True	1 - Zeta[2]/2 - Zeta[3]/2 + 7*Zeta[6]/48 + Zeta[2]*Zeta[3]/18 + Zeta[3]^2/18 + Zeta[3]*Zeta[4]/12
109	sum of the alternating series tau(5), with tau(n) = Sum_{k>0} (-1)^k*log(k)^n/k	none	64	not found	9	x, EXP, ARCCOSH, LOG, TAN	FIVE, SINH, SIN, GAMMA	2.477e-09	0	15.8	8.6	True	
110	Matthews' constant C_4, an analog of Artin's constant for primitive roots	none	64	not found	9	x, ARCCOS, TAN, COS, COS	NINE, LOG, INV, SQRT	1.097e-09	4	15.4	9.0	True	
111	3rd du Bois-Reymond constant	none	64	not found	9	x, SINH, TWO, DIVIDE, SIN	PI, SQRT, COSH, TANH	1.019e-09	6	15.2	9.0	True	
112	sum of reciprocals of squares of perfect numbers	none	64	not found	9	x, TAN, GAMMA, COS, COS	FOUR, ARCCOSH, SIN, ARCTAN	3.227e-09	3	15.2	8.5	True	
113	pi^-3	elementary	64	exact	5	x, INV	THREE, PI, POWER	0.000e+00	34	0.0	63.9	True	Pi^(-3)
114	1/2 - log(2)/4 - G/Pi, where G = A006752	special	64	not found	9	x, TWO, DIVIDE, COS, EXP	GOLDENRATIO, ARCCOSH, EULER, DIVIDE	1.796e-09	0	15.3	8.7	True	1/2-Log[2]/4-Catalan/Pi
115	percolation cluster density constant	algebraic	64	not found	9	x, FOUR, EXP, DIVIDE, SIN	SEVEN, TANH, TAN, SIN	2.141e-10	0	15.4	9.7	True	-41/16 + (3*Sqrt[3])/2
116	1/4 - 7*zeta(3)/(4*Pi^2)	special	64	not found	9	x, ARCCOS, TAN, SIN, EXP	THREE, ARCSINH, EXP, ARCCOSH	4.238e-10	0	16.2	9.4	True	1/4-7Zeta[3]/(4Pi^2)
117	a constant 'v' such that the asymptotic variance of the distribution of the longest cycle given a random n-permutation e	none	64	not found	9	x, SEVEN, TIMES, GAMMA, SIN	EULER, NEG, DIVIDE, ARCTAN	1.153e-11	0	16.3	10.9	True	
118	H(1/2,1), a constant appearing in the asymptotic variance of the largest component of random mappings on n symbols, expr	none	64	not found	9	FIVE, x, TAN, INV, SUBTRACT	EULER, ARCSINH, SIX, POWER	4.129e-09	0	15.3	8.4	True	
119	'v', a parking constant associated with the asymptotic variance of the number of cars that can be parked in a given inte	none	30	not found	9	x, GAMMA, COS, GOLDENRATIO, PLUS	EIGHT, TANH, TAN, COSH	2.213e-10	0	15.3	9.7	True	
120	Integral_{0..1/2} log(gamma(x+1)) dx (negated)	special	64	not found	9	x, GAMMA, SIN, COS, SQR	ONE, ARCSIN, INV, TANH	2.227e-09	0	15.5	8.7	True	-(-1/2 - (7/24)*Log[2] + (1/4)*Log[Pi] + (3/2) * Log[Glaisher])
121	e^(-1pi)	elementary	64	exact	4	x	PI, EXP, INV	0.000e+00	22	0.0	64.0	True	E^(-1*Pi)
122	16/(9*sqrt(1609))	algebraic	64	not found	9	x, SQR, EULER, DIVIDE, SIN	SEVEN, NINE, TANH, POWER	1.077e-09	0	15.2	9.0	True	16/(9Sqrt[1609])
123	pi^-e	elementary	64	exact	5	x	EULER, PI, POWER, INV	1.558e-16	24	0.0	64.0	True	Pi^(-E)
124	sum_{r in Z}(1/r^2) where Z is the set of all nontrivial zeros r of the Riemann zeta function	special	64	not found	9	x, GAMMA, COS, COS, TANH	ONE, SIN, ARCTANH, ARCCOSH	5.816e-10	0	15.0	9.2	True	-(-Pi^2/8 + EulerGamma^2 + 2*StieltjesGamma[1] + 1)
125	Mertens constant M(4,3) arising in the formula for the sum of reciprocals of primes p == 1 (mod 4)	none	64	not found	9	x, FOUR, DIVIDE, SIN, ARCSINH	FOUR, TAN, TWO, SUBTRACT	7.981e-10	4	15.0	9.1	True	
126	p_2, a probability associated with continuant polynomials	none	64	not found	9	x, EIGHT, POWER, SQR, LOG	EULER, TAN, SQR, ARCSINH	1.465e-10	4	15.2	9.8	True	
127	a constant related to the variance of the number of vertices of the largest tree associated with a random mapping on n s	none	64	not found	8	x, GOLDENRATIO, SQR, DIVIDE, COS	TWO, SINH, COS	1.352e-09	4	15.1	8.9	True	
128	e^-3	elementary	64	exact	4	x	THREE, EXP, INV	0.000e+00	25	0.0	64.0	True	E^(-3)
129	Integral_{x=0..Infinity} x*cos(x)/(1+x^2)	none	64	not found	9	x, SQRT, NINE, EXP, POWER	EULER, SINH, COSH, ARCSINH	3.884e-10	6	15.1	9.4	True	
130	ball tetrahedron-picking constant	elementary	64	not found	9	x, GAMMA, TANH, ARCSIN, COS	PI, SIN, EXP, ARCCOSH	1.941e-10	16	15.2	nan	False	(12*Pi)/715
131	(9*sqrt(65) - 55)/320	algebraic	64	not found	9	x, SINH, TAN, INV, SINH	TWO, SIX, TIMES, GAMMA	7.919e-09	5	15.4	8.1	True	(9Sqrt[65]-55)/320
132	log ln π	elementary	64	exact	7	x, NEG, NINE, SUBTRACT, POWER	PI, LOG	0.000e+00	9	15.2	64.0	True	Log10[Log[Pi]]
133	constant A*B in the asymptotic expression of the summatory function Sum_{n=1..N} (1/phi(n)) as A(log(N)+B) + O(log(N)/N)	none	64	not found	9	x, ARCTANH, INV, COS, TANH	GOLDENRATIO, COSH, TAN, ARCSIN	2.319e-09	0	15.2	8.6	True	
134	Matthews' constant C_3, an analog of Artin's constant for primitive roots	none	64	not found	8	x, SQRT, GAMMA, LOG	TWO, ARCCOSH, INV, COSH	8.038e-10	0	15.3	9.1	True	
135	Norton constant	special	64	not found	9	FOUR, COSH, x, TIMES, GAMMA	SIX, LOG, ARCCOSH, SIN	4.056e-10	0	15.7	9.4	True	(-Pi^2 + 6*Log[2]*(-3 + 2*EulerGamma + Log[2] + 24*Log[Glaisher] - 2*Log[Pi]))/Pi^2
136	Sum_{k > 0} (-1)^k*log(k)^2/k	none	64	not found	9	x, GAMMA, COS, GOLDENRATIO, PLUS	EULER, COSH, SIN, GAMMA	8.274e-10	0	15.4	9.1	True	
137	analog of the Gibbs-Wilbraham constant for L_1 trigonometric polynomial approximation	none	64	not found	9	x, EULER, DIVIDE, SQR, SIN	NEG, SEVEN, TIMES, TANH	4.578e-10	0	15.3	9.3	True	
138	e^-e	elementary	64	exact	4	x	EULER, EXP, INV	0.000e+00	22	0.0	64.0	True	E^(-E)
139	Pythagorean triple constant for perimeters	elementary	64	exact	6	PI, SQR, x, TIMES	TWO, LOG	0.000e+00	25	0.6	64.0	True	Log[2]/Pi^2
140	(sqrt(13) - 1)/36	algebraic	64	exact	9	x, INV, THREE, SUBTRACT, SQR	THREE, SIX, GAMMA, SUBTRACT	0.000e+00	3	16.0	64.0	True	(Sqrt[13]-1)/36
141	1st Stieltjes constant gamma_1 (negated)	none	64	not found	9	x, GAMMA, SQRT, SINH, LOG	THREE, INV, ARCSIN, INV	9.226e-11	6	15.5	10.0	True	
142	probability that a random walk on an 8-d lattice returns to the origin	none	64	not found	8	x, GAMMA, SIN, SINH	EULER, SIN, ARCSINH, SQRT	5.516e-11	6	15.7	10.3	True	
143	disk triangle-picking constant	elementary	64	exact	9	x, SIX, LOG, SINH, DIVIDE	PI, PI, PLUS, SQR	0.000e+00	7	15.8	64.0	True	35/(48*Pi^2)
144	1/4π	elementary	64	exact	5	x	PI, FOUR, TIMES, INV	0.000e+00	44	0.0	64.0	True	1/(4*Pi)
145	-Integral {x=1..2} log Gamma(x) dx	special	64	exact	8	x, ONE, SUBTRACT, EXP, SQR	PI, PI, PLUS	0.000e+00	15	15.7	64.0	True	-Integrate[ Log[ Gamma[ x]], {x, 1, 2}]
146	-Zeta'(-1)/2	special	64	not found	9	NINE, INV, ARCTANH, x, DIVIDE	EULER, TWO, DIVIDE, COS	2.444e-09	2	15.9	8.6	True	-(1/24 - Log[Glaisher]/2)
147	solution to the Heilbronn triangle problem for seven points in a unit square	none	64	not found	9	x, INV, COS, SINH, ARCSIN	SIX, COS, ARCTANH, ARCTAN	2.228e-09	2	15.8	8.7	True	
148	1-Catalan	special	64	not found	9	x, INV, COS, ARCSINH, COS	GOLDENRATIO, LOG, SQRT, SINH	1.113e-09	2	18.1	9.0	True	1 - Catalan
149	probability that a random walk on a 7-d lattice returns to the origin	none	64	not found	9	x, SEVEN, TIMES, SQRT, ARCSIN	FOUR, ARCTAN, ARCCOSH, SQRT	5.520e-10	5	15.3	9.3	True	
150	Erdős–Tenenbaum–Ford constant	elementary	64	exact	9	x, ONE, SUBTRACT, TWO, POWER	EULER, TWO, POWER, LOG	0.000e+00	17	15.3	64.0	True	1 - (1 + Log[Log[2]])/Log[2]
151	1/2-G/Pi, the lowest limiting trough of a square wave Fourier series, where G is the Gibbs-Wilbraham constant. [negated]	none	64	not found	9	x, NINE, SUBTRACT, EXP, SIN	SIX, SQRT, SINH, TANH	2.240e-10	2	15.4	9.6	True	
152	integral_{0..infinity} x*log(x)*(1-eta(x)^2) dx, where the function 'eta' is a solution of the Painlevé III differential	special	64	not found	9	x, ARCTANH, NINE, SUBTRACT, SIN	NEG, COS, ARCSINH, SIN	1.208e-09	2	15.7	8.9	True	-(1/4 + (7/12)*Log[2] - 3*Log[Glaisher])
153	lambda(2) in Li's criterion	none	64	not found	9	x, ARCTANH, ARCTANH, LOG, TAN	SIX, TAN, TANH, COS	2.320e-09	2	15.5	8.6	True	
154	e^(-Pi^2/(6*log(2)))	elementary	64	exact	9	EIGHT, LOG, x, POWER, LOG	NEG, ARCSIN, PI, TIMES	0.000e+00	14	15.5	64.0	True	E^(-Pi^2/(6Log[2]))
155	second non-alternating series of reciprocal primes constant	special	64	not found	9	x, TANH, NINE, TIMES, COSH	GOLDENRATIO, SQRT, SQRT, SINH	9.550e-12	2	16.1	11.0	True	Sum[(-2 + Mod[Prime[\[FormalK]], 4])/Prime[\[FormalK]]^2, {\[FormalK], 2, Infinity}]
156	area of the convex hull of a circle of circumference 1 and a line segment of length 1/2 with midpoint at the circle cent	elementary	64	not found	9	x, ARCTAN, ARCTAN, ARCSINH, EXP	THREE, ARCTAN, INV, ARCTANH	3.962e-10	2	15.8	9.4	True	(Sqrt[Pi^2-4]+Pi-2ArcCos[2/Pi])/(4Pi^2)
157	log Sqrt[π/2]	elementary	64	exact	8	x, NEG, NINE, SUBTRACT, POWER	ONE, ARCSIN, SQRT	0.000e+00	6	15.6	64.0	True	Log10[Sqrt[Pi/2]]
158	Sum_{n>=0} 1/10^(3^n), a transcendental number	none	64	not found	9	x, LOG, PI, DIVIDE, TAN	SEVEN, EIGHT, LOG, SUBTRACT	1.406e-09	6	15.8	8.9	True	
159	pi^-2	elementary	64	exact	4	x	PI, SQR, INV	0.000e+00	39	0.0	64.0	True	Pi^(-2)
160	value of the Dickman function at phi + 1 = phi^2 = (3 + sqrt(5))/2 (A104457)	elementary	64	not found	9	x, SIX, TIMES, SIN, ARCCOS	GOLDENRATIO, ARCSINH, SQRT, GAMMA	3.638e-09	7	16.0	8.4	True	1 - 2*Log[GoldenRatio] + Log[GoldenRatio]^2 - Pi^2/60
161	Quinn-Rand-Strogatz constant c2 (negated)	none	64	not found	9	x, EIGHT, TIMES, COSH, SQRT	FOUR, COS, COS, GAMMA	7.078e-10	7	15.8	9.2	True	
162	probability that a random walk on a 6-d lattice returns to the origin	none	64	not found	9	x, ARCTAN, SQRT, ARCSINH, ARCCOS	PI, SQR, ARCSINH, ARCTAN	3.533e-10	7	16.1	9.5	True	
163	log 4/π	elementary	64	exact	8	x, NEG, NINE, SUBTRACT, POWER	ONE, ARCTAN, INV	0.000e+00	12	17.6	63.6	True	Log10[4/Pi]
164	1/3π	elementary	64	exact	5	x	PI, THREE, TIMES, INV	0.000e+00	55	0.0	63.4	True	1/(3*Pi)
165	one-ninth constant	special	64	not found	9	SIX, x, GAMMA, DIVIDE, ARCCOSH	SIX, ARCCOSH, SINH, COS	2.161e-09	7	16.0	8.7	True	With[{\[FormalX] = Root[{-2*EllipticE[#1^2] + EllipticK[#1^2] & , 0.908908557548541478236118908745`29.9585201924082}]}, Exp[-((Pi*EllipticK[1 - \[FormalX]^2])/EllipticK[\[FormalX]^2])]]
166	Michael Trott's constant: continued fraction expansion (allowing 0's) begins in same way as decimal expansion	none	53	not found	9	x, SEVEN, DIVIDE, SIN, TAN	EIGHT, LOG, PI, DIVIDE	1.529e-09	3	15.9	8.8	True	
167	Liouville's constant	special	64	not found	9	x, SEVEN, DIVIDE, SQR, COS	SEVEN, COSH, TAN, TANH	1.704e-10	3	16.1	9.8	True	Sum[10^(-n!), {n, 1, Infinity}]
168	1/sqrt(80) = sqrt(5)/20	algebraic	64	exact	5	x	NINE, INV, ARCSIN, TAN	0.000e+00	86	0.0	63.6	True	1/Sqrt[80]
169	mean cluster density for bond percolation on the triangular lattice	algebraic	64	not found	9	x, ARCSIN, EXP, TAN, SQR	SEVEN, TAN, ARCTANH, TAN	2.661e-10	3	16.1	9.6	True	35/4 - 3/(2*Sin[Pi/18])
170	Kepler–Bouwkamp constant	special	64	not found	9	x, ARCSIN, INV, TAN, COS	THREE, TANH, COS, TAN	3.444e-09	3	16.0	8.5	True	Product[Cos[Pi/n], {n, 3, Infinity}]
171	Given the two curves y = (1 - exp(x/2))/(exp(x) + exp(x/2)) and y = (exp(-x) - 1)/2, draw a line tangent to both. This s	none	64	not found	9	EULER, x, ARCCOS, POWER, SINH	NINE, INV, EIGHT, SUBTRACT	2.148e-09	3	16.3	8.7	True	
172	C_2 (so named by S. Finch), a constant which is an analog of Niven's constant when mean of exponents is considered inste	none	64	not found	9	x, ARCSINH, EIGHT, TIMES, ARCSIN	FIVE, INV, THREE, POWER	1.177e-09	3	16.2	8.9	True	
173	4*Pi/105	elementary	64	exact	8	SIX, LOG, SINH, x, TIMES	NINE, PI, DIVIDE	0.000e+00	14	15.9	63.9	True	4*Pi/105
174	2/(5*sqrt(11))	algebraic	64	exact	9	x, FIVE, TIMES, ARCSIN, TAN	SEVEN, FOUR, DIVIDE, SQRT	0.000e+00	9	15.9	63.6	True	2/(5Sqrt[11])
175	3*zeta(3)/2 + 12*log(2) - 10	special	64	not found	9	x, ARCSINH, INV, TAN, SIN	PI, INV, LOG, ARCTAN	1.799e-09	3	15.8	8.7	True	3Zeta[3]/2+12Log[2]-10
176	50*Pi/1296	elementary	64	exact	8	NINE, SQR, x, TIMES, TAN	NEG, ARCSINH, EXP	0.000e+00	9	16.3	63.4	True	50Pi/1296
177	sqrt(Pi^2 - 4)/(2*Pi^2)	elementary	64	exact	8	PI, SQR, x, TIMES	ONE, ARCSIN, ARCCOSH, SINH	0.000e+00	9	15.8	64.0	True	Sqrt[Pi^2-4]/(2Pi^2)
178	Champernowne constant	special	64	not found	9	x, TWO, DIVIDE, FIVE, TIMES	NINE, COSH, ARCSINH, SQR	1.512e-09	3	15.8	8.8	True	ChampernowneNumber[]
179	first (of 10) decimal selvage numbers	none	64	not found	9	x, SEVEN, DIVIDE, COS, SIN	PI, SEVEN, POWER, COS	1.359e-09	3	16.9	8.9	True	
180	Product_{k >= 1} (k*(k+1))^(-1/(k*(k+1))), a constant related to the alternating Lüroth representations of real numbers	none	64	not found	9	x, ARCSIN, GAMMA, SIN, ARCTANH	EULER, INV, TAN, ARCCOS	2.510e-09	3	17.1	8.6	True	
181	3*sqrt(3)/(4*Pi^2)	elementary	64	exact	9	SEVEN, ARCCOSH, SINH, x, TIMES	PI, THREE, DIVIDE, SQR	2.109e-16	8	16.0	63.7	True	3Sqrt[3]/(4Pi^2)
182	harmonic oscillator tunneling constant	special	64	not found	9	x, GAMMA, SIN, SQRT, ARCSIN	PI, ARCTAN, ARCTAN, SQRT	2.817e-10	7	16.1	9.6	True	2/(3^(2/3)*Gamma[1/3]^2)
183	probability that a random walk on the 5-d simple cubic (hypercubic) lattice returns to the origin	none	64	not found	9	x, TAN, GAMMA, GAMMA, SIN	GOLDENRATIO, SIX, PLUS, TANH	3.743e-10	7	16.5	9.4	True	
184	e^-2	elementary	64	exact	4	x	EULER, INV, SQR	0.000e+00	30	0.0	63.5	True	E^(-2)
185	probability that an integer 4-tuple is pairwise unitary coprime	none	64	not found	9	x, SIX, DIVIDE, COS, SQR	FOUR, TAN, COS, COS	2.604e-10	7	16.1	9.6	True	
186	Given the two curves y = (1 - exp(x/2))/(exp(x) + exp(x/2)) and y = (exp(-x) - 1)/2, draw a line tangent to both. This s	none	64	not found	9	x, ARCTANH, ARCTAN, SQRT, LOG	EULER, EIGHT, DIVIDE, COS	5.819e-10	3	16.0	9.2	True	
187	pi minus three	elementary	64	exact	4	x	THREE, SIN, ARCSIN	0.000e+00	42	0.0	64.0	True	Pi - 3
188	Pi^4/15 + Pi^2*log(2)^2/4 - log(2)^4/4 - 21*log(2)*zeta(3)/4 - 6*Li_4(1/2)	special	64	not found	9	x, ARCSINH, EULER, ARCCOSH, DIVIDE	EULER, GAMMA, SQR, EXP	6.150e-11	3	16.3	10.2	True	Pi^4/15+Pi^2Log[2]^2/4-Log[2]^4/4-21Log[2]Zeta[3]/4-6PolyLog[4,1/2]
189	log Cbrt[e]	elementary	64	exact	8	x, SIX, TIMES, INV	THREE, ARCSINH, COSH, LOG	0.000e+00	38	16.0	63.8	True	Log10[CubeRoot[E]]
190	Matthews' constant C_2, an analog of Artin's constant for primitive roots	none	64	not found	9	x, EULER, GAMMA, COS, SUBTRACT	THREE, TAN, ARCSIN, ARCTANH	1.025e-09	3	15.9	9.0	True	
191	arctan(1/2)/Pi	elementary	64	exact	6	x, PI, TIMES	TWO, INV, ARCTAN	0.000e+00	36	0.7	63.6	True	ArcTan[1/2]/Pi
192	(1-C_2)/e, a constant connected with two-sided generalized Fibonacci sequences, where C_2 is the Euler-Gompertz constant	none	64	not found	8	x, FIVE, TIMES, ARCTAN	SEVEN, COS, SQR, TAN	2.979e-10	3	16.0	9.5	True	
193	Given the two curves y = exp(-x) and y = 2/(exp(x) + exp(x/2)), draw a line tangent to both. This sequence is the decima	none	64	not found	9	x, SQR, SEVEN, DIVIDE, SIN	PI, SQRT, ARCCOSH, ARCSINH	5.207e-10	3	15.8	9.3	True	
194	9*zeta(3)/Pi^2 - 93*zeta(5)/(2*Pi^4) - log(2) + 1/4	special	64	not found	9	x, EIGHT, TIMES, SINH, LOG	FOUR, COS, THREE, POWER	2.676e-09	7	15.8	8.6	True	9Zeta[3]/Pi^2-93Zeta[5]/(2Pi^4)-Log[2]+1/4
195	Sum_{k >= 0} 1/(4*k+3)^2	special	64	not found	9	x, ARCSINH, INV, COSH, SIN	THREE, SIX, TANH, POWER	5.132e-10	6	15.8	9.3	True	Pi^2/16 - Catalan/2
196	Pythagorean triple constant for hypotenuses	elementary	64	exact	5	x	PI, PI, PLUS, INV	0.000e+00	57	0.0	63.6	True	1/(2*Pi)
197	Sum_{k>=1} (-1)^k*log(k)/k	special	64	not found	9	x, SIN, GAMMA, LOG, SQR	NINE, GAMMA, ARCSINH, ARCCOSH	3.426e-10	6	15.8	9.5	True	EulerGamma*Log[2] - Log[2]^2/2
198	Euler-Kronecker constant (as named by P. Moree) for hypotenuse numbers	none	64	not found	8	x, SINH, TAN, GAMMA, TAN	SEVEN, GAMMA, COS	1.558e-09	3	15.9	8.8	True	
199	log Cbrt[π]	elementary	64	exact	9	x, THREE, ARCSINH, COSH, POWER	SIX, INV, PI, POWER	0.000e+00	8	15.8	64.0	True	Log10[CubeRoot[Pi]]
200	sixth	rational	64	exact	3	x	SIX, INV	0.000e+00	7	0.0	63.7	True	1/6
201	Hall-Montgomery constant	special	64	not found	9	x, GOLDENRATIO, TANH, DIVIDE, GAMMA	THREE, ARCSINH, EIGHT, POWER	2.118e-10	3	16.0	9.7	True	1 + Pi^2/6 + 2*PolyLog[2, -Sqrt[E]]
202	(-2*Catalan + Pi*log(2))/2	special	64	not found	9	FOUR, x, DIVIDE, GAMMA, COS	NINE, COSH, COS, LOG	1.593e-09	3	16.2	8.8	True	Pi*Log[2]/2 - Catalan
203	'mu', a Sobolev isoperimetric constant related to the "membrane inequality", arising from the study of a vibrating membr	none	64	not found	9	x, ARCSINH, ARCCOS, TAN, TAN	FIVE, ARCSINH, EXP, SIN	4.331e-10	3	16.0	9.4	True	
204	log(2)/4	elementary	64	exact	5	x	FOUR, TWO, LOG, DIVIDE	0.000e+00	60	0.1	63.8	True	Log[2]/4
205	probability that three positive integers are pairwise not coprime	none	64	not found	9	FIVE, x, SINH, GAMMA, SUBTRACT	FIVE, SINH, ARCCOSH, COS	5.213e-10	3	16.1	9.3	True	
206	H, an auxiliary constant used to evaluate some Ising-related constants on triangular and hexagonal lattices (negated)	none	64	not found	9	x, GAMMA, FOUR, ARCTAN, TIMES	PI, TANH, SEVEN, POWER	9.679e-11	3	16.1	10.0	True	
207	Gibbs-Wilbraham constant	special	64	not found	9	FIVE, SQR, x, TIMES, TAN	SIX, ARCTAN, EULER, PLUS	1.046e-09	3	16.4	9.0	True	-1 + (2*SinIntegral[Pi])/Pi
208	pi^(-3/2)	elementary	64	exact	6	x, INV	THREE, PI, POWER, SQRT	0.000e+00	120	0.8	63.8	True	Pi^(-3/2)
209	Markoff number asymptotic density constant	none	64	not found	9	FIVE, SQRT, x, INV, SUBTRACT	EULER, FOUR, TIMES, SQRT	1.321e-10	3	16.0	9.9	True	
210	a1, the first of two constants associated with Djokovic's conjecture on an integral inequality	none	64	not found	9	x, ARCSINH, INV, TAN, SQR	EULER, TAN, COSH, ARCSINH	1.985e-11	3	16.3	10.7	True	
211	G/2 - Pi*log(2)/8, where G = A006752	special	64	not found	9	x, INV, ARCCOSH, SIN, ARCTAN	TWO, COS, COS, COS	1.715e-10	3	18.1	9.8	True	Catalan/2-Pi Log[2]/8
212	Hardy-Littlewood constant C_6 = Product_{p prime > 6} 1/(1-1/p)^6 (1-6/p)	none	64	not found	9	x, ARCTANH, INV, SIN, ARCCOS	FIVE, SIN, TAN, GAMMA	5.841e-10	3	17.2	9.2	True	
213	MRB constant	special	64	not found	9	x, INV, SIN, GAMMA, COS	GOLDENRATIO, COS, ARCTANH, COS	1.517e-09	3	16.4	8.8	True	Sum[(-1)^n*(-1 + n^n^(-1)), {n, 1, Infinity}]
214	9*zeta(3)/(2*Pi^2) - log(2) + 1/3	special	64	not found	9	GOLDENRATIO, x, POWER, GAMMA, SINH	EULER, SINH, COSH, SQR	2.837e-10	3	16.6	9.5	True	9Zeta[3]/(2Pi^2)-Log[2]+1/3
215	entropy of folding of the triangular lattice constant	special	64	not found	9	x, ARCSINH, TAN, ARCTANH, EXP	THREE, TANH, TANH, GAMMA	1.075e-09	3	16.3	9.0	True	Log[(Gamma[1/3]^(3/2)*Sqrt[3])/(2*Pi)]
216	gamma^3	special	64	not found	9	x, EXP, SINH, SINH, GAMMA	GOLDENRATIO, GAMMA, TWO, SUBTRACT	1.634e-09	3	16.4	8.8	True	EulerGamma^3
217	1/sqrt(27)	algebraic	64	exact	5	x	NINE, THREE, SQRT, DIVIDE	1.442e-16	50	0.1	63.7	True	1/Sqrt[27]
218	q of the maximum of the Dedekind eta function	none	64	not found	9	x, SEVEN, ARCCOSH, TAN, DIVIDE	TWO, NEG, ARCSINH, SUBTRACT	8.711e-11	3	16.5	10.1	True	
219	probability that a random walk on a 4-d lattice returns to the origin	none	64	not found	9	x, INV, COS, SINH, ARCTAN	GOLDENRATIO, SIN, COSH, LOG	1.036e-10	3	16.3	10.0	True	
220	Second du Bois-Reymond constant	elementary	64	exact	7	EULER, x, THREE, PLUS, DIVIDE	ONE, SINH	0.000e+00	85	16.0	63.7	True	(-7 + E^2)/2
221	log π/2	elementary	64	exact	8	x, INV, ONE, ARCSIN, POWER	NEG, NINE, SUBTRACT	0.000e+00	9	16.2	64.0	True	Log10[Pi/2]
222	Pi/16	none	64	exact	5	x	FOUR, SQR, PI, DIVIDE	0.000e+00	35	0.1	64.0	True	
223	Vallée constant	none	24	not found	9	x, SEVEN, DIVIDE, COS, COSH	TWO, EULER, SUBTRACT, INV	2.093e-10	3	16.6	9.7	True	
224	Erdős-Lebensold constant	special	24	not found	9	x, ARCTAN, INV, SIN, SQR	NINE, EXP, ARCTAN, GAMMA	2.923e-10	3	16.2	9.5	True	Sum[1/(Prime[\[FormalK]]^\[FormalS]*Log[Prime[\[FormalK]]^\[FormalS]]), {\[FormalS], 1, Infinity}, {\[FormalK], 1, Infinity}]
225	(6/Pi^2) Sum_{p prime} 1/(p(p+1)), a Meissel-Mertens constant related to the asymptotic density of certain sequences of 	none	64	not found	9	GOLDENRATIO, x, GAMMA, SUBTRACT, GAMMA	FIVE, LOG, SQRT, COSH	2.003e-09	3	16.2	8.7	True	
226	Given the two curves y = exp(-x) and y = 2/(exp(x) + exp(x/2)), draw a line tangent to both. This sequence is the decima	none	64	not found	9	x, SINH, THREE, ARCCOSH, POWER	SEVEN, SIN, GAMMA, ARCSINH	1.115e-10	3	16.3	10.0	True	
227	White House switchboard constant	elementary	64	not found	9	EULER, ARCCOSH, x, PLUS, ARCSINH	GOLDENRATIO, ARCSINH, COSH, SQRT	2.598e-10	3	16.5	9.6	True	Exp[-(1 + 8^(-1 + E)^(-1))^Pi^(-1)]
228	Rumor's constant	special	64	not found	9	x, INV, COSH, LOG, TAN	FOUR, EULER, COSH, DIVIDE	8.458e-12	3	16.1	11.1	True	-ProductLog[ -2/E^2]/2
229	ln(Gamma(3/4))	special	64	exact	6	x, EXP	TWO, LOG, SINH, GAMMA	0.000e+00	5	0.7	64.0	True	LogGamma[3/4]
230	sum of the reciprocals of the perfect numbers	none	64	not found	9	x, SIN, INV, LOG, ARCSINH	TWO, ARCTAN, SIN, TAN	2.459e-10	3	16.1	9.6	True	
231	log Cbrt[4π/3]	elementary	64	not found	9	x, FIVE, SUBTRACT, TAN, COS	EULER, SQRT, SQR, TANH	2.087e-10	3	16.0	9.7	True	Log10[CubeRoot[4*Pi/3]]
232	lambda(3) in Li's criterion	none	64	not found	9	x, FIVE, SUBTRACT, TAN, COS	EIGHT, ARCCOSH, TANH, SQRT	1.268e-09	3	16.0	8.9	True	
233	e^(-pi/2)	elementary	64	exact	4	x, LOG	NEG, ARCSIN	0.000e+00	24	0.0	63.7	True	E^(-Pi/2)
234	-zeta(-1/2)	special	64	not found	8	x, ARCTANH, ARCTANH, COSH, COSH	NINE, COSH, ARCTAN	2.264e-09	3	16.0	8.6	True	-Zeta[-1/2]
235	a constant related to A000621	none	64	not found	9	TWO, ARCCOSH, LOG, x, POWER	NINE, TAN, TANH, EXP	7.146e-11	6	17.0	10.1	True	
236	log Sqrt[e]	elementary	64	exact	7	x, INV, EXP	NEG, NINE, SUBTRACT, SQR	0.000e+00	77	15.9	64.0	True	Log10[Sqrt[E]]
237	Lochs-Porter constant	special	64	not found	9	x, FOUR, INV, TAN, DIVIDE	SIX, LOG, LOG, COSH	1.481e-09	3	16.2	8.8	True	3/4 - (3*Log[2]*(-2 + 4*EulerGamma + 3*Log[2] - (24*Derivative[1][Zeta][2])/Pi^2))/Pi^2 - (6*Log[2]*(-1/2 + (6*Derivative[1][Zeta][2])/Pi^2))/Pi^2
238	B (negated), a constant related to Glaisher's constant A and the Gaussian unitary ensemble hypothesis	none	64	not found	9	x, SEVEN, DIVIDE, COS, SINH	THREE, SQRT, COS, COS	1.709e-09	4	16.3	8.8	True	
239	2*log(2) - 4*Catalan/Pi	special	64	not found	9	x, SIN, GAMMA, COS, ARCTANH	TWO, EIGHT, ARCTAN, SUBTRACT	4.475e-10	3	16.3	9.3	True	2*Log[2] - 4*Catalan/Pi
240	gamma^e	special	64	not found	9	x, SQRT, GAMMA, COSH, TAN	NINE, GOLDENRATIO, DIVIDE, SIN	5.447e-11	3	16.3	10.3	True	EulerGamma^E
241	7*zeta(3)/(2*Pi^2) - log(2) + 1/2	special	64	not found	9	x, FIVE, TIMES, ARCTAN, SIN	TWO, ARCTAN, GAMMA, ARCTAN	1.055e-10	3	16.5	10.0	True	7Zeta[3]/(2Pi^2)-Log[2]+1/2
242	Conway-Guy constant	special	64	not found	9	x, GAMMA, GAMMA, SIN, SQR	FIVE, TANH, COS, COS	3.548e-10	3	17.0	9.4	True	ConditionalExpression[Extension`ConwayGuyConstant == Limit[\[FormalV][\[FormalN]]/2^\[FormalN], \[FormalN] -> Infinity], \[FormalV][0] == 0 && \[FormalV][1] == 1 && \[FormalV][\[FormalN]] == 2*\[FormalV][-1 + \[FormalN]] - \[FormalV][-1 + \[FormalN] - Floor[1/2 + Sqrt[2*(-1 + \[FormalN])]]]]
243	Copeland–Erdős constant	special	64	not found	9	x, GAMMA, INV, SQRT, COS	GOLDENRATIO, TANH, SINH, SIN	2.385e-10	3	16.4	9.6	True	Sum[10^(-\[FormalK] - Sum[Floor[Log[10, Prime[\[FormalJ]]]], {\[FormalJ], 1, \[FormalK]}])*Prime[\[FormalK]], {\[FormalK], 1, Infinity}]
244	Pi*(3 - gamma)/32, where gamma is Euler's constant A001620	special	64	not found	9	x, GAMMA, EULER, DIVIDE, ARCTAN	THREE, ARCSINH, INV, ARCTANH	1.733e-10	3	16.4	9.8	True	Pi*(3 - EulerGamma)/32
245	quadtree constant	special	64	not found	9	x, GAMMA, EULER, SIN, TIMES	NINE, TANH, SQR, TAN	2.652e-09	3	16.6	8.6	True	228 - 26*Pi^2 + 24*Zeta[3]
246	1/sqrt(2*Pi*e), one of the Traveling Salesman constants	elementary	64	exact	8	x, PI, TIMES, SQR	EULER, ONE, ARCSIN, DIVIDE	0.000e+00	50	17.2	64.0	True	1/Sqrt[2*Pi*E]
247	a(F_5), the maximum inradius of all triangles that lie in a regular pentagon of width 1	none	64	not found	9	x, INV, SQR, ARCSINH, SIN	TWO, GOLDENRATIO, SUBTRACT, ARCTAN	1.060e-09	3	16.5	9.0	True	
248	rayleigh kurtosis excess	elementary	64	not found	9	x, ARCTAN, NINE, DIVIDE, COS	GOLDENRATIO, ARCCOSH, SQR, ARCSINH	4.787e-10	3	16.5	9.3	True	-(6*Pi^2 - 24*Pi + 16)/(4 - Pi)^2
250	second (of 10) decimal selvage numbers	none	64	not found	9	x, GAMMA, EXP, SQR, SIN	NINE, ARCSINH, SQR, TANH	4.649e-11	3	16.6	10.3	True	
251	log Sqrt[π]	elementary	64	exact	7	x, NEG, NINE, SUBTRACT, POWER	PI, SQRT	2.233e-16	19	16.2	63.8	True	Log10[Sqrt[Pi]]
252	logarithm of Glaisher's constant	special	64	not found	9	x, EIGHT, NINE, DIVIDE, SUBTRACT	THREE, ARCSINH, ARCTAN, SIN	1.253e-09	3	16.3	8.9	True	Log[Glaisher]
253	a multiplicative constant related to A006196	none	64	not found	9	SEVEN, x, FOUR, TIMES, POWER	EIGHT, SQR, ARCTAN, ARCCOSH	4.705e-10	5	17.0	9.3	True	
254	self number density constant	special	64	not found	9	x, GOLDENRATIO, DIVIDE, ARCCOSH, LOG	THREE, TAN, GOLDENRATIO, POWER	4.532e-10	3	16.4	9.3	True	Sum[Piecewise[{{1, SatisfiableQ[\[FormalK] == Sum[(1 + 2^\[FormalN])*\[FormalA][\[FormalK], \[FormalN]], {\[FormalN], 1, Infinity}] && ForAll[\[FormalN], Element[\[FormalN], Integers] && \[FormalN] > 0, Element[\[FormalA][\[FormalK], \[FormalN]], Integers]], {\[FormalA]}]}}, 0]/2^\[FormalK], {\[FormalK], 1, Infinity}]^2/8
255	(1/384)*Pi^4	elementary	64	exact	8	x, SIX, TIMES, SQRT	EIGHT, PI, SQR, DIVIDE	0.000e+00	25	16.0	64.0	True	Pi^4/ 384
256	Flajolet-Prodinger constant 'K', a constant related to asymptotically enumerating level number sequences for binary tree	none	64	not found	9	x, ARCTAN, ARCCOS, EXP, TAN	THREE, COSH, TAN, SIN	7.490e-11	3	16.4	10.1	True	
257	third (of 10) decimal selvage numbers	none	64	not found	9	x, ARCCOS, SQRT, LOG, SQR	FOUR, EXP, INV, SINH	2.947e-10	4	16.7	9.5	True	
258	Meissel-Mertens constant	special	64	not found	9	x, FIVE, TIMES, COSH, LOG	FOUR, SIN, EXP, SQRT	1.178e-10	4	16.7	9.9	True	EulerGamma + Sum[Log[1 - Prime[n]^(-1)] + Prime[n]^(-1), {n, 1, Infinity}]
259	Pi/12	none	64	exact	5	x	THREE, ONE, ARCTAN, DIVIDE	2.120e-16	43	0.0	64.0	True	
260	Mrs. Miniver constant	special	64	not found	9	x, NINE, SUBTRACT, COSH, SIN	SEVEN, EULER, SUBTRACT, TANH	1.012e-10	6	16.1	10.0	True	Root[{#1 - Sin[Pi/6 - #1*Sqrt[1 - #1^2]] & , 0.264932084602776862`17.423134556719873}]
261	Ti_2(2-sqrt(3)), where Ti_2 is the inverse tangent integral function	none	64	not found	9	x, SIN, ARCSINH, INV, COS	FOUR, COS, SINH, SINH	1.061e-10	6	16.2	10.0	True	
262	unforgeable word constant	special	64	not found	9	x, PI, DIVIDE, SEVEN, SUBTRACT	EIGHT, ARCSINH, COSH, TAN	1.889e-11	6	16.0	10.7	True	Sum[(2*(-1)^(-1 + \[FormalK])*Product[2^(-1 + 2^\[FormalJ])/(-1 + 2^(-1 + 2^\[FormalJ])), {\[FormalJ], 2, \[FormalK]}])/(-1 + 2^(-1 + 2^(1 + \[FormalK]))), {\[FormalK], 1, Infinity}]
263	volume of a regular ideal hyperbolic 4-simplex	elementary	64	not found	9	x, INV, TAN, SINH, SIN	SEVEN, FOUR, DIVIDE, TAN	2.831e-10	6	16.5	9.5	True	10*Pi/3*ArcSin[1/3] - Pi^2/3
265	one of the Pell-Stevenhagen constants	none	64	not found	9	x, TWO, DIVIDE, EXP, SIN	NINE, EIGHT, TANH, POWER	6.425e-11	6	16.7	10.2	True	
266	1/(8*log(2)*A005597), where A005597 is the twin prime constant C_2	none	64	not found	9	x, TANH, TANH, TAN, LOG	GOLDENRATIO, COSH, COS, ARCTANH	1.717e-10	5	16.3	9.8	True	
267	constant appearing in the expected number of comparisons for an unsuccessful digital tree search (negated)	none	64	not found	9	x, ARCSIN, SINH, INV, GAMMA	FOUR, EULER, SINH, SUBTRACT	1.372e-10	4	16.1	9.9	True	
269	(6/Pi^2)*Sum_{n>=1} 1/prime(n)^2	special	64	not found	9	x, TAN, GOLDENRATIO, TIMES, INV	NINE, ARCCOSH, SINH, LOG	2.012e-11	6	17.9	10.7	True	6*PrimeZetaP[2]/Pi^2
270	1/Gamma(1/4)	special	64	exact	5	x	FOUR, INV, GAMMA, INV	0.000e+00	22	0.1	64.0	True	1/Gamma[1/4]
271	rho_c = (5-sqrt(5))/10, the asymptotic critical density for the hard hexagon model	algebraic	64	exact	5	x	GOLDENRATIO, ARCTAN, COS, SQR	0.000e+00	56	0.0	63.8	True	(5 - Sqrt[5])/10
272	Bernstein's constant	none	50	not found	9	THREE, GOLDENRATIO, SUBTRACT, x, DIVIDE	FIVE, NEG, DIVIDE, ARCTANH	1.884e-10	4	17.0	9.7	True	
273	Series-parallel networks constant	none	22	not found	9	x, ARCCOS, ARCCOSH, GAMMA, SQR	NINE, ARCTAN, SIN, TAN	5.224e-10	4	16.1	9.3	True	
274	log 6/π	elementary	64	exact	8	x, NEG, NINE, SUBTRACT, POWER	PI, SIX, DIVIDE	0.000e+00	10	15.9	64.0	True	Log10[6/Pi]
275	((5 - 2*sqrt(2))*Pi)/24	elementary	64	not found	9	x, SINH, SIX, DIVIDE, SIN	FOUR, SINH, GAMMA, SIN	1.229e-10	4	16.3	nan	False	((5-2*Sqrt[2])*Pi)/24
276	Mertens constant M(3,2) arising in the formula for the sum of reciprocals of primes p == 2 (mod 3)	none	64	not found	9	x, EULER, SQR, DIVIDE, COS	PI, TANH, SIN, SQR	2.620e-10	4	16.0	9.6	True	
277	Mertens constant M(4,1) arising in the formula for the sum of reciprocals of primes p == 1 (mod 4) (negated)	none	64	not found	9	x, LOG, TAN, NINE, DIVIDE	PI, SEVEN, INV, SUBTRACT	5.121e-10	4	15.9	9.3	True	
278	strongly carefree constant	special	64	not found	9	x, TAN, SQRT, TANH, ARCSINH	TWO, SQRT, TANH, ARCCOS	2.194e-10	4	16.7	9.7	True	Product[1 - (-2 + 3*Prime[\[FormalK]])/Prime[\[FormalK]]^3, {\[FormalK], 1, Infinity}]
279	digital search tree Q constant	special	64	not found	9	x, ONE, PLUS, EXP, SQRT	EULER, FOUR, PLUS, LOG	1.549e-10	6	16.2	9.8	True	QPochhammer[1/2, 1/2]
280	Sum_{k>=0} (k!/(k+2)!)^2	elementary	64	exact	7	x, THREE, PLUS	THREE, PI, SQR, DIVIDE	0.000e+00	63	15.9	63.9	True	Pi^2/3 - 3
281	domino tiling constant	special	64	not found	9	x, INV, GAMMA, GAMMA, SIN	SEVEN, GAMMA, ARCSINH, SIN	1.158e-09	4	16.2	8.9	True	Catalan/Pi
282	d_0, the constant term in the asymptotic expansion of the average number of registers needed to evaluate a binary tree	none	64	not found	9	x, THREE, TIMES, TAN, ARCCOSH	THREE, TWO, SINH, SUBTRACT	1.831e-09	4	16.1	8.7	True	
283	(1/105)*Pi^3	elementary	64	not found	9	x, SQR, LOG, TAN, COS	EULER, SIN, EXP, INV	3.799e-11	4	16.1	10.4	True	Pi^3/105
284	Pythagorean triple second-order constant for areas	special	64	not found	9	x, PI, SINH, DIVIDE, SIN	PI, COSH, ARCTAN, TANH	8.204e-10	4	16.1	9.1	True	-(((1 + 2^(-1/3))*Zeta[1/3])/((1 + 2^(-2/3))*Zeta[4/3]))
285	a constant that appears in flux/diffusion problems with trapping surfaces	special	64	not found	9	THREE, x, TAN, INV, SUBTRACT	FOUR, COSH, SEVEN, DIVIDE	1.231e-09	4	16.3	8.9	True	-1/Pi * Integrate[Log[(6/x^2) * (1 - Sin[x]/x)]/x^2, {x, 0, Infinity}]
286	Wadsworth constant	rational	64	exact	6	x, INV	THREE, INV, THREE, PLUS	0.000e+00	297	0.7	64.0	True	3/10
287	Sum_{m,n >= 1} (-1)^(m + n)/(m*n*(m + n))	none	64	not found	9	x, INV, NEG, SUBTRACT, SIN	THREE, ARCCOSH, ARCSINH, ARCTAN	2.762e-09	5	16.0	8.6	True	
288	log10(2)	elementary	64	exact	6	x, NEG, NINE, SUBTRACT, POWER	TWO	0.000e+00	43	16.0	64.0	True	Log[10, 2]
289	ln(Gamma(2/3))	special	64	exact	6	x, EXP	THREE, TWO, DIVIDE, GAMMA	0.000e+00	5	0.7	63.9	True	LogGamma[2/3]
290	coefficient c appearing in the asymptotic evaluation of the number of prime additive compositions of n as c*(1/xi)^n, wh	none	64	not found	9	FIVE, x, SQRT, ARCCOS, POWER	FOUR, ARCCOSH, TANH, SQR	1.769e-10	4	16.4	9.8	True	
291	Gauss-Kuzmin-Wirsing constant	special	64	not found	9	x, PI, INV, SUBTRACT, LOG	SEVEN, EIGHT, ARCSINH, SUBTRACT	3.896e-10	4	16.5	9.4	True	Inactive[Limit][Inactive[Part][SortBy[N][Abs[Eigenvalues[Inactive[Table][((-1)^\[FormalJ]*Inactive[Sum][(-2)^\[FormalI]*Binomial[\[FormalK], \[FormalI]]*Pochhammer[2 + \[FormalI], \[FormalJ]]*(-2^(2 + \[FormalI] + \[FormalJ]) + (-1 + 2^(2 + \[FormalI] + \[FormalJ]))*Zeta[2 + \[FormalI] + \[FormalJ]]), {\[FormalI], 0, \[FormalK]}])/((-2)^\[FormalK]*\[FormalJ]!), {\[FormalJ], 0, -1 + \[FormalN]}, {\[FormalK], 0, -1 + \[FormalN]}]]]], -2], \[FormalN] -> Infinity]
292	3/pi^2	elementary	64	exact	5	x	PI, SQR, THREE, DIVIDE	0.000e+00	25	0.0	64.0	True	3/Pi^2
293	radius of convergence of the generating function of A000625 (alcohol stereoisomers enumeration)	none	64	not found	9	x, ARCSIN, PI, TIMES, TAN	SEVEN, SQRT, ARCTAN, SQR	2.746e-11	4	16.3	10.6	True	
294	1 - log(2)	elementary	64	exact	5	x	TWO, LOG, ONE, SUBTRACT	0.000e+00	59	0.0	64.0	True	1-Log[2]
295	Hardy-Littlewood constant Product_{p prime >= 5} (1-(6*p^2-4*p+1)/(p-1)^4)	none	64	not found	9	GOLDENRATIO, EXP, x, TIMES, INV	EULER, COS, GOLDENRATIO, POWER	1.328e-09	4	16.3	8.9	True	
296	coefficient c_v in c_v*log(N), the asymptotic variance of the number of factors in a random factorization of n <= N	none	64	not found	9	x, SIX, DIVIDE, COS, TANH	SEVEN, COS, COS, ARCSINH	1.092e-10	4	16.5	10.0	True	
297	Littlewood-Salem-Izumi constant	special	64	not found	9	x, ARCSINH, ARCSIN, LOG, GAMMA	SIX, INV, ARCTANH, GAMMA	1.507e-10	4	16.4	9.8	True	Root[{HypergeometricPFQ[{1/2 - #1/2}, {1/2, 3/2 - #1/2}, (-(1/16))*(9*Pi^2)] & , 0.3084437795619860030341969509860000000000000000000000000001`29.489176016177844}]
298	sin(Pi/10) (angle of 18 degrees)	algebraic	64	exact	5	x, GOLDENRATIO, TIMES	TWO, INV	0.000e+00	55	0.1	63.8	True	Sin[18 Degree]
299	-(8*(EulerGamma - log(2)))/3	special	64	not found	9	x, INV, EXP, COS, SINH	PI, ARCTAN, ARCTAN, ARCSIN	2.920e-11	4	16.4	10.5	True	-(8*(EulerGamma - Log[2]))/3
300	Zolotarev-Schur constant	special	64	not found	8	x, ARCTANH, ARCTAN, SIN	THREE, ARCTAN, COS, ARCTAN	6.839e-10	4	16.4	9.2	True	With[{\[FormalX] = Root[{EllipticE[#1^2]^3 - 3*EllipticE[#1^2]^2*EllipticK[#1^2] + EllipticK[#1^2]*(-1 - EllipticK[#1^2]^2 + #1^2) + EllipticE[#1^2]*(1 + 3*EllipticK[#1^2]^2 + #1^2) & , 0.9155020553896763963055240364016622896543129422884607667501`30.102999566398122}]}, (1 - EllipticE[\[FormalX]^2]/EllipticK[\[FormalX]^2])^2/\[FormalX]^2]
301	k_3 = 3/(2*Pi*m_3), a constant associated with the asymptotic expansion of the probability that a three-dimensional rand	none	64	not found	9	x, LOG, TAN, TAN, SQR	EULER, FOUR, PLUS, ARCTAN	2.864e-10	6	16.6	9.5	True	
302	(negated) constant in the expansion of the prime zeta function about s = 1	none	64	not found	9	x, SIN, EXP, TAN, ARCCOSH	EULER, INV, NINE, POWER	3.672e-10	6	16.3	9.4	True	
303	Atkinson-Negro-Santoro constant	special	64	not found	9	x, EULER, SINH, SIN, DIVIDE	PI, SEVEN, PLUS, ARCCOSH	1.172e-09	6	16.4	8.9	True	ConditionalExpression[Extension`AtkinsonNegroSantoroConstant == Limit[\[FormalU][\[FormalN]]/2^\[FormalN], \[FormalN] -> Infinity], \[FormalU][0] == 0 && \[FormalU][1] == 1 && \[FormalU][\[FormalN]] == 2*\[FormalU][-1 + \[FormalN]] - \[FormalU][-1 + \[FormalN] - Floor[1 + (-1 + \[FormalN])/2]]]
304	real part of the solution of z = log z	special	64	not found	9	x, EXP, COSH, SIN, ARCTANH	GOLDENRATIO, COSH, LOG, ARCSIN	1.324e-10	6	17.0	9.9	True	Re[-ProductLog[-1]]
305	Kalmar composition constant	special	64	not found	9	FIVE, COS, x, POWER, TANH	GOLDENRATIO, SINH, SIN, ARCSINH	1.497e-10	6	16.5	9.8	True	ConditionalExpression[Extension`KalmarCompositionConstant == -(1/(\[FormalRho]*Derivative[1][Zeta][\[FormalRho]])), \[FormalRho] == Root[{-2 + Zeta[#1] & , 1.7286472389981836181351030103`29.237706376855613}]]
306	reciprocal of π	elementary	64	exact	3	x	PI, INV	0.000e+00	6	0.0	64.0	True	Pi^(-1)
307	a constant related to a certain Sobolev isoperimetric inequality	none	64	not found	9	x, ARCTAN, ARCTAN, INV, COSH	EIGHT, SQRT, FIVE, TIMES	7.950e-11	6	16.4	10.1	True	
308	eta/xi = A086318/A086317, a coefficient associated with the asymptotics of the number of weakly binary trees	none	64	not found	9	SIX, x, SQRT, GAMMA, DIVIDE	TWO, TANH, ARCCOS, TANH	9.948e-10	6	16.6	9.0	True	
309	Feller-Tornier product constant	special	64	not found	9	x, ARCTANH, NINE, DIVIDE, SIN	NINE, SIN, ARCCOS, ARCSINH	3.624e-10	6	16.4	9.4	True	Product[1 - 2/Prime[\[FormalK]]^2, {\[FormalK], 1, Infinity}]
310	second Kneser-Mahler polynomial constant	special	64	not found	9	x, TAN, TAN, FIVE, TIMES	GOLDENRATIO, INV, ARCTAN, EXP	1.197e-09	6	16.4	8.9	True	(9 - PolyGamma[1, 2/3] + PolyGamma[1, 4/3])/(4*Pi*Sqrt[3])
311	1/(4*K), a constant related to the asymptotic evaluation of the number of positive integers all of whose prime factors a	none	64	not found	9	x, SINH, INV, FOUR, SUBTRACT	SIX, SIN, SQR, COS	8.426e-10	5	16.8	9.1	True	
312	infinite product of (j/Pi)*sin(Pi/j), for j >= 2, a constant similar to the Kepler-Bouwkamp constant	none	64	not found	9	x, FIVE, TIMES, SQR, EXP	PI, ARCSINH, EIGHT, TIMES	6.875e-10	4	16.7	9.2	True	
313	constant that appears in the asymptotic formula for average order of an infinitary analog of Euler's phi function (A0917	none	64	not found	9	x, EXP, FIVE, PLUS, SIN	PI, THREE, TIMES, INV	4.645e-11	4	16.6	10.3	True	
314	Given the two curves y = (1 + exp(x))/2 and y = (1 + exp(x))/(1 + exp(x/2)), draw a line tangent to both. This sequence 	none	64	not found	9	NINE, x, SUBTRACT, TAN, ARCSIN	THREE, ARCTAN, SQR, ARCSINH	2.729e-10	4	16.6	9.6	True	
315	9099999999923/27500000000000	rational	64	not found	9	x, FIVE, LOG, COSH, DIVIDE	SEVEN, INV, EIGHT, SUBTRACT	8.461e-12	4	16.8	11.1	True	9099999999923/27500000000000
316	euler sqr	special	64	not found	9	x, ARCTANH, SEVEN, ARCCOSH, TIMES	EIGHT, GAMMA, TAN, GAMMA	1.011e-09	4	16.7	9.0	True	EulerGamma^2
317	log(A085851)	none	64	not found	9	x, EIGHT, TIMES, TAN, TAN	EULER, SIX, TIMES, SIN	1.812e-10	4	16.6	9.7	True	
318	third	rational	64	exact	3	x	THREE, INV	0.000e+00	6	0.0	64.0	True	1/3
319	Sum_{k>=2} c(k)/prime(k), where c(k) = -1 if p == 1 (mod 4) and c(k) = +1 if p == 3 (mod 4)	none	64	not found	9	x, TWO, TIMES, ARCTANH, ARCTANH	TWO, ARCSINH, GAMMA, INV	1.554e-10	4	16.8	9.8	True	
320	radius of convergence of g.f. for unlabeled trees (A000055)	none	64	not found	9	x, FOUR, ARCTAN, TANH, SUBTRACT	GOLDENRATIO, TANH, TANH, SQR	1.373e-10	4	16.9	9.9	True	
321	probability that a random walk on a 3-D lattice returns to the origin	special	64	not found	9	THREE, x, TAN, POWER, ARCTANH	EULER, ARCSINH, ARCTAN, LOG	3.523e-10	6	16.8	9.5	True	1 - (16*Sqrt[2/3]*Pi^3) / (Gamma[1/24]*Gamma[5/24]*Gamma[7/24]*Gamma[11/24])
322	2*sin(Pi/18)	algebraic	64	exact	8	TWO, x, DIVIDE, ARCSIN	NINE, ONE, ARCSIN, DIVIDE	1.598e-16	8	16.4	64.0	True	2Sin[Pi/18]
323	sqrt(5^(1/3)-4^(1/3))	algebraic	64	not found	9	x, SINH, TWO, DIVIDE, COS	FIVE, SQRT, TANH, ARCTAN	3.397e-10	4	16.8	9.5	True	Sqrt[Surd[5, 3] - Surd[4, 3]]
324	meander connective constant	special	64	not found	9	SEVEN, x, THREE, TIMES, POWER	NEG, SIN, INV, SQR	1.752e-11	4	16.6	10.8	True	Product[1 - 2^(-2^\[FormalK]), {\[FormalK], 0, Infinity}]
325	lim_{N->infinity} (1/N^2 Sum_{n=1..N} K(n)), where K(n) is the squarefree kernel of n	none	64	not found	9	x, SQR, EXP, EXP, SIN	FIVE, INV, SIN, SQR	1.511e-10	4	16.6	9.8	True	
326	a coefficient associated with the asymptotics of the variance of the distance between a vertex and the root of a random 	none	64	not found	8	x, TANH, EIGHT, COS, DIVIDE	TWO, COS, ARCSIN	4.679e-11	4	17.9	10.3	True	
327	Hafner–Sarnak–McCurley constant	none	64	not found	8	x, GAMMA, SIN, SQRT, SQRT	GOLDENRATIO, ARCCOSH, SIN	5.755e-10	4	16.9	9.2	True	
328	radius of convergence of the generating function of A000598, the number of rooted ternary trees of n vertices	none	64	not found	9	x, LOG, GAMMA, FOUR, DIVIDE	SEVEN, ARCTAN, COS, TAN	1.272e-09	4	16.6	8.9	True	
330	imaginary part of the infinite power tower of i	special	64	not found	9	PI, x, SINH, COSH, DIVIDE	PI, SQR, EXP, TAN	3.625e-11	5	16.9	9.7	True	Im[-ProductLog[-Log[I]]/Log[I]]
331	log 1/M = ln 10	elementary	64	exact	9	x, NEG, NINE, SUBTRACT, POWER	NEG, NINE, SUBTRACT, LOG	0.000e+00	5	16.4	63.9	True	Log10[Log[10]]
332	equilateral triangle line-picking constant	elementary	64	not found	9	GOLDENRATIO, x, ARCCOS, POWER, SIN	EULER, ARCTAN, ARCSINH, INV	1.350e-09	4	16.7	8.9	True	(4 + 3*Log[3])/20
333	(3*sqrt(6) - 7)*Pi/3	elementary	64	not found	9	x, SQRT, ARCSIN, EXP, COSH	NINE, ARCTAN, TWO, PLUS	5.387e-10	4	16.4	9.3	True	(3Sqrt[6]-7)Pi/3
334	standard Gumbel distribution median	elementary	64	exact	5	x, EXP	TWO, LOG, INV	0.000e+00	31	0.0	64.0	True	-Log[Log[2]]
335	constant that appears in the asymptotic formula for average order of the number of  infinitary divisors function (A03744	none	64	not found	9	x, ARCTANH, SIX, POWER, GAMMA	PI, GOLDENRATIO, SIN, POWER	3.058e-10	4	16.6	9.5	True	
336	reciprocal of e	elementary	64	exact	3	x	EULER, INV	0.000e+00	6	0.0	64.0	True	E^(-1)
337	Hardy-Littlewood constant C_7 = Product_{p prime > 7} 1/(1-1/p)^7 (1-7/p)	none	64	not found	9	x, SQR, TANH, INV, SIN	NINE, LOG, ARCCOSH, GAMMA	3.310e-09	6	16.4	8.5	True	
338	fourth (of 10) decimal selvage number	none	64	not found	9	x, ARCSINH, GAMMA, SINH, COS	GOLDENRATIO, ARCCOSH, SQRT, SIN	7.753e-10	6	16.4	9.1	True	
339	constant c appearing in the expected number of pair of twin vacancies in a digital tree	none	64	not found	9	x, ARCTAN, EIGHT, TIMES, COS	FOUR, ARCCOSH, TAN, SIN	1.313e-09	6	16.8	8.9	True	
340	variance of the maximum of a size 8 sample from a normal (0,1) distribution	none	64	not found	9	x, EULER, ARCTAN, DIVIDE, TAN	TWO, ARCSINH, COS, ARCTAN	5.063e-11	6	16.6	10.3	True	
341	(1/144)*3^(1/2)*Pi^3	elementary	64	not found	9	x, SEVEN, ARCCOSH, POWER, INV	GOLDENRATIO, TANH, COS, ARCTANH	5.325e-10	6	16.4	9.3	True	Sqrt[3]*Pi^3/144
342	1/Gamma(1/3)	special	64	exact	5	x	THREE, INV, GAMMA, INV	0.000e+00	22	0.0	64.0	True	1/Gamma[1/3]
343	first positive solution to exp(1-1/x)/x = 1/2, a binary search tree constant	special	64	not found	9	x, ONE, SUBTRACT, SINH, ARCTANH	FOUR, EULER, DIVIDE, TAN	9.143e-10	6	16.4	9.0	True	-1/ProductLog[-1, -1/(2*E)]
344	Artin's constant	special	64	not found	9	x, NINE, POWER, LOG, ARCTAN	THREE, FOUR, ARCCOSH, DIVIDE	1.510e-09	6	16.8	8.8	True	Product[1 - 1/((-1 + Prime[n])*Prime[n]), {n, 1, Infinity}]
345	64/169, the upper bound (as given by S. Finch) of the 2-dimensional simultaneous Diophantine approximation constant	none	64	exact	7	x, SQRT, EIGHT, DIVIDE	FOUR, NINE, PLUS	0.000e+00	57	16.1	64.0	True	
346	upper bound of the 6-dimensional simultaneous Diophantine approximation constant	none	64	not found	9	x, SEVEN, SINH, POWER, SIN	FIVE, SQR, LOG, COS	3.588e-10	5	16.4	9.4	True	
347	expected distance from a randomly selected point in the unit square to its center: (sqrt(2) + log(1 + sqrt(2)))/6	elementary	64	not found	9	TWO, ARCCOSH, x, POWER, INV	FOUR, EULER, SINH, SUBTRACT	4.095e-10	5	16.7	9.4	True	(Sqrt[2] + Log[1 + Sqrt[2]])/6
348	Given the two curves y = (1 + exp(x))/2 and y = (1 + exp(x))/(1 + exp(x/2)), draw a line tangent to both. This sequence 	none	64	not found	9	x, TAN, GAMMA, SQR, ARCSINH	SEVEN, INV, EXP, TAN	5.355e-10	4	16.5	9.3	True	
349	upper bound of the 5-dimensional simultaneous Diophantine approximation constant	elementary	64	not found	9	x, ARCTAN, ARCTAN, SQRT, TAN	NINE, TAN, EXP, SINH	1.563e-10	4	16.5	9.8	True	3/(208 + 72*Pi - 96*Sqrt[2]*Pi)
350	variance of the maximum of a size 7 sample from a normal (0,1) distribution	none	64	not found	9	EIGHT, SQR, ARCCOSH, x, TIMES	PI, GOLDENRATIO, EXP, SUBTRACT	1.046e-09	4	16.5	9.0	True	
351	1 - 6/pi^2	elementary	64	exact	7	x, ONE, SUBTRACT	PI, SQR, SIX, DIVIDE	0.000e+00	49	16.2	64.0	True	1 - 6/Pi^2
352	Pi/8	none	64	exact	4	x	EIGHT, PI, DIVIDE	0.000e+00	20	0.0	64.0	True	
353	A(rectangles), an analog of Moser's worm constant, which is associated with the class of rectangular regions of the plan	none	64	not found	9	x, TAN, GAMMA, LOG, LOG	SIX, SIN, ARCSINH, ARCSIN	4.636e-10	4	16.5	9.3	True	
354	radius of convergence of the generating function for the enumeration of rooted identity trees (A004111)	none	50	not found	9	x, ARCSIN, INV, SINH, COS	EULER, ARCTAN, ARCSINH, SIN	5.704e-10	4	16.7	9.2	True	
355	Pi*G - 33*zeta(3)/16, where G = A006752	special	64	not found	9	x, SIX, SINH, POWER, SIN	NINE, LOG, ARCSINH, TANH	2.012e-10	4	16.5	9.7	True	Pi Catalan-33Zeta[3]/16
356	one div root two pi	elementary	64	exact	6	x, SQR	PI, PI, PLUS, INV	0.000e+00	126	0.7	64.0	True	1/Sqrt[2*Pi]
357	log Sqrt[2π]	elementary	64	exact	9	x, NEG, NINE, SUBTRACT, POWER	PI, PI, PLUS, SQRT	1.391e-16	5	16.4	64.0	True	Log10[Sqrt[2*Pi]]
358	'lambda', a Somos quadratic recurrence constant mentioned by Steven Finch	none	64	not found	9	FIVE, TANH, x, POWER, ARCSIN	FOUR, SQR, ARCTAN, LOG	1.053e-10	4	16.4	10.0	True	
359	Feigenbaum's constant 0.399535	none	64	not found	9	x, EXP, ARCCOSH, ARCSINH, SQR	SEVEN, GOLDENRATIO, EXP, DIVIDE	1.095e-09	4	16.7	9.0	True	
360	Li_3(2 - phi)	special	64	not found	9	x, COSH, SQR, GAMMA, LOG	GOLDENRATIO, TAN, GOLDENRATIO, DIVIDE	3.776e-10	4	16.5	9.4	True	PolyLog[3,2-GoldenRatio]
361	radius of convergence of Wedderburn-Etherington numbers g.f	none	64	not found	9	x, INV, SINH, COS, ARCSIN	PI, EXP, ARCTAN, SQRT	7.010e-10	4	16.6	9.2	True	
362	'mu', a percolation constant associated with the asymptotic threshold for 3-dimensional bootstrap percolation	none	64	not found	9	TWO, SQRT, COSH, x, TIMES	GOLDENRATIO, SIN, SQR, ARCSINH	4.002e-10	4	17.0	9.4	True	
363	log(A085850)	none	41	not found	9	x, INV, TAN, SQR, ARCCOS	FIVE, INV, COS, SIN	2.260e-10	2	16.8	9.6	True	
364	m_2 = (2-1/e)/4, one of Renyi's parking constants, the mean car density in case "monomer with nearest neighbor exclusion	elementary	64	exact	7	x, FOUR, TIMES	EULER, INV, TWO, SUBTRACT	0.000e+00	51	16.6	64.0	True	(2 - 1/E)/4
365	upper bound of the 4-dimensional simultaneous Diophantine approximation constant	elementary	64	not found	8	x, GAMMA, SINH, TAN, ARCSINH	NEG, COS, GAMMA	7.878e-11	2	16.7	10.1	True	27/(4*(8*Sqrt[3]*Pi - 27))
366	Euler-Kronecker constant (as named by P. Moree) for non-hypotenuse numbers	none	64	not found	9	x, EULER, DIVIDE, TAN, SQRT	SEVEN, ARCCOSH, SQR, SIN	3.906e-11	2	17.3	10.4	True	
367	lower bound of the Berry-Esseen constant	elementary	64	not found	9	x, SINH, GOLDENRATIO, SUBTRACT, ARCTAN	FOUR, ARCCOSH, ARCCOSH, TANH	7.975e-10	2	16.7	9.1	True	(3 + Sqrt[10])/(6*Sqrt[2*Pi])
368	Hardy-Littlewood constant C_5 = Product_{p prime > 5} 1/(1-1/p)^5 (1-5/p)	none	64	not found	9	THREE, x, ARCCOS, POWER, EXP	SEVEN, PI, SINH, SUBTRACT	6.186e-10	2	16.5	9.2	True	
369	sqrt(2)*(sqrt(6) - 1)/5	algebraic	64	exact	7	TWO, ARCCOSH, x, ARCTANH, SUBTRACT	NEG, ARCSINH	0.000e+00	63	16.4	64.0	True	Sqrt[2](Sqrt[6]-1)/5
370	Prouhet–Thue–Morse constant	special	64	not found	9	THREE, TANH, x, DIVIDE, ARCSIN	THREE, LOG, ARCCOSH, ARCSINH	5.711e-10	2	16.8	9.2	True	(2 - Product[(-1 + 2^2^\[FormalK])/2^2^\[FormalK], {\[FormalK], 0, Infinity}])/4
371	1/(eta*P'(eta)), a constant related to the asymptotic evaluation of the number of prime multiplicative compositions, whe	none	30	not found	9	x, ARCCOS, TWO, TIMES, COSH	GOLDENRATIO, SIN, FIVE, POWER	1.541e-09	2	16.6	8.8	True	
372	sqrt(2) - 1	algebraic	64	exact	4	x	NEG, ARCSINH, EXP	0.000e+00	26	0.0	64.0	True	Sqrt[2] - 1
373	isosceles triangle line-picking constant	elementary	64	not found	9	EULER, SQRT, TANH, x, TIMES	EULER, SINH, SQRT, SIN	1.426e-10	2	16.6	9.8	True	(2 + 4*Sqrt[2] + ArcSinh[1]*(4 + Sqrt[2]))/30
374	Prime constant	special	64	not found	9	x, GAMMA, SEVEN, TIMES, SIN	GOLDENRATIO, GAMMA, SQR, ARCTAN	3.348e-10	2	16.7	9.5	True	Sum[2^(-Prime[n]), {n, 1, Infinity}]
375	variance of the maximum of a size 6 sample from a normal (0,1) distribution	none	64	not found	9	x, TAN, LOG, SIN, ARCTANH	NEG, ARCSINH, ARCSIN, INV	2.231e-10	2	16.5	9.7	True	
376	volume of the Meissner Body	elementary	64	not found	9	x, EXP, ARCCOSH, SQRT, ARCCOS	FOUR, TAN, SINH, COS	1.094e-09	4	16.8	9.0	True	(2/3 - Sqrt[3]/4 * ArcCos[1/3])* Pi
377	Minkowski-Bower constant	special	64	not found	9	x, ARCSIN, LOG, ARCTANH, SQR	NINE, COSH, LOG, ARCTAN	2.656e-10	4	16.6	9.6	True	Inactive[Root][{#1 - MinkowskiQuestionMark[#1] & , 0.420372339423223075640993`23.623634131640042}]
378	Schlüter ten disk constant	algebraic	64	not found	9	EULER, INV, x, SUBTRACT, SQRT	FOUR, GOLDENRATIO, TANH, DIVIDE	2.774e-11	4	17.2	10.6	True	Root[819200 - 14172160*\[FormalX] + 114038784*\[FormalX]^2 - 563649536*\[FormalX]^3 + 1899131648*\[FormalX]^4 - 4564076288*\[FormalX]^5 + 7918461504*\[FormalX]^6 - 9722063488*\[FormalX]^7 + 7803109440*\[FormalX]^8 - 2960321792*\[FormalX]^9 - 1038261808*\[FormalX]^10 + 1526909568*\[FormalX]^11 + 227573920*\[FormalX]^12 - 1398966480*\[FormalX]^13 + 1145811528*\[FormalX]^14 - 462103584*\[FormalX]^15 + 98015844*\[FormalX]^16 - 11436428*\[FormalX]^17 + 1180129*\[FormalX]^18, \[FormalX], 1]
379	logarithmic capacity of the unit equilateral triangle	none	64	not found	9	x, SQR, FIVE, DIVIDE, COS	FOUR, SINH, LOG, COS	2.162e-10	4	16.6	9.7	True	
380	c_1, a constant associated with the computation of the maximal modulus of an algebraic integer	none	64	not found	9	x, SIX, TIMES, EXP, COS	SEVEN, INV, GAMMA, TANH	3.647e-10	4	16.8	9.4	True	
381	Reuleaux tetrahedron volume	elementary	64	not found	9	x, ARCTAN, LOG, SQR, ARCTANH	SIX, SIN, ARCCOS, ARCCOSH	1.257e-09	4	16.7	8.9	True	(8*Pi)/3 - (27*ArcCos[1/3])/4 + Sqrt[2]/4
382	1 - gamma, where gamma is Euler's constant (or the Euler-Mascheroni constant)	special	64	not found	9	x, INV, EXP, SEVEN, SUBTRACT	EULER, COS, FOUR, TIMES	2.503e-10	4	16.8	9.6	True	1 - EulerGamma
383	pi^(-3/4)	elementary	64	exact	6	x, PI, TIMES	PI, SQRT, SQRT	1.310e-16	71	0.7	64.0	True	Pi^(-3/4)
384	Dawson's integral at the inflection point	none	64	not found	9	x, ARCSIN, EIGHT, POWER, ARCSINH	SIX, SINH, SIN, INV	2.490e-09	4	17.3	8.6	True	
385	(2/3)*x where x is the real solution of the equation x^2 + 2*sqrt(1 - x^2) = 2*x*(x + arccos(x))	none	64	not found	9	x, PI, NINE, TIMES, POWER	NINE, ARCTAN, EULER, PLUS	7.001e-10	4	16.8	9.2	True	
386	gamma', the analog of Euler's constant when 1/x is replaced by 1/(x*log(x))	none	64	not found	9	x, ARCTANH, ARCTANH, GAMMA, EXP	FOUR, TANH, SIX, DIVIDE	1.189e-10	4	16.7	9.9	True	
387	carefree constant	special	64	not found	9	x, LOG, FIVE, POWER, ARCSINH	FOUR, INV, ARCSINH, ARCTANH	7.716e-10	4	16.6	9.1	True	Product[1 - (-1 + 2*Prime[\[FormalK]])/Prime[\[FormalK]]^3, {\[FormalK], 1, Infinity}]
388	'lambda', a Young-Fejér-Jackson constant linked to the positivity of certain sine sums	none	64	not found	9	THREE, INV, x, ARCSIN, POWER	EIGHT, ARCTAN, INV, ARCSIN	1.571e-11	4	17.5	10.8	True	
389	2*arccsch(2)/sqrt(5)	none	64	exact	7	GOLDENRATIO, LOG, x, DIVIDE	TWO, ARCTAN, SIN	0.000e+00	125	16.4	64.0	True	
390	m = (1-1/e^2)/2, one of Renyi's parking constants	elementary	64	exact	5	x	EULER, ONE, SINH, DIVIDE	0.000e+00	15	0.0	64.0	True	(1 - 1/E^2)/2
391	Bloch constant lower limit	algebraic	64	not found	9	x, ARCSIN, FIVE, INV, PLUS	NINE, TANH, COSH, INV	2.867e-10	3	16.6	9.5	True	1/5000 + Sqrt[3]/4
392	common logarithm of e	elementary	64	exact	6	x, INV	NEG, NINE, SUBTRACT, LOG	0.000e+00	24	0.7	64.0	True	Log10[E]
393	asymptotic probability of success in the full-information secretary problem with uniform distribution when the number of	none	64	not found	9	x, SIX, DIVIDE, SQR, SIN	FIVE, TAN, EXP, COS	9.140e-10	3	16.7	9.0	True	
394	a constant related to the [dimensionless] electrical capacitance of the ring torus without hole (with unit circle radius	none	64	not found	9	x, SQRT, ARCTANH, COS, SINH	GOLDENRATIO, INV, SIN, SQRT	3.794e-11	3	16.6	10.4	True	
395	1/(2*(Pi-2)), the upper bound of the 3-dimensional simultaneous Diophantine approximation constant	elementary	64	exact	5	x, INV	FOUR, COS, ARCCOS	0.000e+00	36	0.0	64.0	True	1/(2*(Pi - 2))
397	real part of the infinite power tower of i	special	64	not found	9	SIX, GAMMA, COS, x, POWER	TWO, ARCTAN, GOLDENRATIO, SUBTRACT	1.254e-09	2	16.7	8.9	True	Re[-ProductLog[-Log[I]]/Log[I]]
398	breadth of the "caliper", the broadest worm of unit length	none	64	not found	9	SEVEN, COS, x, INV, SUBTRACT	TWO, COSH, COSH, ARCTAN	1.677e-09	2	16.6	8.8	True	
399	Otter's asymptotic constant beta for the number of rooted trees	none	64	not found	9	FIVE, SIN, x, PLUS, SIN	SIX, EXP, SINH, COS	2.378e-10	2	16.8	nan	False	
400	Ising constant	elementary	64	exact	5	x	TWO, ONE, ARCSINH, DIVIDE	0.000e+00	65	0.0	64.0	True	Log[1 + Sqrt[2]]/2
401	1/log(2)-1, the mean value of a random variable following the Gauss-Kuzmin distribution	elementary	64	exact	6	x, TWO, POWER	TWO, EULER, DIVIDE	0.000e+00	63	0.7	64.0	True	1/Log[2] - 1
403	1D Diophantine approximation constant	algebraic	64	exact	4	x	FIVE, INV, SQRT	0.000e+00	55	0.0	64.0	True	Sqrt[5]^(-1)
404	variance of the maximum of a size 5 sample from a normal (0,1) distribution	special	64	not found	9	x, SEVEN, TIMES, THREE, SUBTRACT	FIVE, SQR, SIN, SINH	1.961e-09	2	16.2	8.7	True	1 - 25/Pi + 150*ArcCsc[Sqrt[3]]/Pi^2 + 5*Sqrt[3]*ArcSec[2*Sqrt[2/3]]/Pi^2 - 225*ArcCsc[Sqrt[3]]^2/Pi^3
405	7*sqrt(3)/27	algebraic	64	exact	7	x, NINE, TIMES	THREE, SQRT, SEVEN, DIVIDE	0.000e+00	132	16.0	64.0	True	7Sqrt[3]/27
406	asymptotic probability of success in the full information version of the secretary problem	none	64	not found	9	x, ARCSINH, LOG, COSH, TAN	PI, SQRT, EULER, TIMES	1.256e-09	2	16.5	8.9	True	
407	2^(1/2)/pi	elementary	64	exact	5	x	PI, TWO, SQRT, DIVIDE	1.233e-16	16	0.0	64.0	True	2^(1/2)/Pi
408	log(Pi/2)	elementary	64	exact	4	x, EXP	ONE, ARCSIN	0.000e+00	22	0.0	64.0	True	Log[Pi/2]
409	prime zeta function at 2: Sum_{p prime} 1/p^2	special	64	not found	9	x, ARCSIN, EXP, EXP, COS	EIGHT, PI, ARCSINH, DIVIDE	1.665e-09	2	16.0	8.8	True	PrimeZetaP[2]
410	Product_{n>1} (1-1/n)^(1/n)	none	64	not found	9	x, GAMMA, SQR, TAN, ARCSIN	SIX, ARCTAN, ARCSINH, INV	4.762e-10	2	16.1	9.3	True	
411	e^(-pi/4)	elementary	64	exact	4	x	NEG, ARCTAN, EXP	0.000e+00	22	0.0	64.0	True	E^(-Pi/4)
412	c^c^c^...  where c is the constant defined in A037077	none	64	not found	9	FIVE, ARCCOSH, x, TIMES, ARCCOSH	GOLDENRATIO, ARCCOSH, ARCCOSH, ARCSINH	4.009e-10	4	16.6	9.4	True	
413	Machin Gregory series constant	elementary	64	exact	4	x	TWO, INV, ARCTAN	0.000e+00	27	0.0	64.0	True	ArcTan[1/2]
414	6*K/Pi^2, a constant related to the asymptotic evaluation of the number of positive squarefree integers of the form a^2 	none	64	not found	9	FOUR, x, ARCTANH, POWER, GAMMA	FIVE, THREE, EXP, SUBTRACT	8.369e-11	2	16.6	10.1	True	
415	(1/30)*2^(1/2)*Pi^2	elementary	64	exact	9	SEVEN, ARCSINH, COSH, x, TIMES	THREE, PI, SQR, DIVIDE	1.193e-16	5	16.4	64.0	True	(Sqrt[2] Pi^2)/30
416	'etaHat', a constant used in the asymptotic evaluation of e.g.f. coefficients for the number of labeled mobiles	none	64	not found	9	x, SQRT, GOLDENRATIO, SIN, TIMES	EULER, ARCTAN, INV, COS	7.521e-10	2	16.5	9.1	True	
417	pi^(-2/3)	elementary	64	exact	6	THREE, x, POWER	PI, SQR, INV	0.000e+00	84	0.8	64.0	True	Pi^(-2/3)
418	Bloch constant upper limit	special	64	not found	9	x, TWO, POWER, COS, ARCSINH	FIVE, TWO, SIN, DIVIDE	1.746e-10	2	16.4	9.8	True	(Sqrt[(-1 + Sqrt[3])/2]*Gamma[1/3]*Gamma[11/12])/Gamma[1/4]
419	Weierstrass constant	special	64	not found	9	x, SINH, LOG, ARCTANH, COS	THREE, SEVEN, POWER, TAN	5.671e-10	4	16.3	9.2	True	(2*2^(1/4)*E^(Pi/8)*Sqrt[Pi])/Gamma[1/4]^2
420	Plouffe's b-constant	none	64	not found	9	x, SEVEN, TIMES, INV, ARCSINH	SEVEN, GAMMA, SIN, SQR	3.623e-11	4	16.3	10.4	True	
421	common logarithm of 3	elementary	64	exact	6	x, NEG, NINE, SUBTRACT, POWER	THREE	0.000e+00	43	16.2	64.0	True	Log10[3]
422	quadtree leaf proportion constant	elementary	64	false negative	9	FOUR, x, THREE, PLUS, DIVIDE	NINE, PI, SQR, SUBTRACT	5.569e-15	4	16.3	64.0	True	-39 + 4*Pi^2
423	(6*sqrt(3) + 12*log(2+sqrt(3)) - Pi)/48	elementary	64	not found	9	x, FOUR, DIVIDE, LOG, GAMMA	GOLDENRATIO, GAMMA, INV, SQRT	4.038e-10	4	16.3	9.4	True	(6Sqrt[3]+12Log[2+Sqrt[3]]-Pi)/48
424	(ln 2)^2	elementary	64	exact	4	x, SQRT	TWO, LOG	0.000e+00	24	0.0	64.0	True	Log[2]^2
425	2*zeta(3)/5	special	64	not found	9	x, TANH, LOG, SINH, COSH	NINE, TAN, ARCCOS, SQRT	1.254e-09	5	16.3	8.9	True	2*Zeta[3]/5
426	logarithm of golden ratio	elementary	64	exact	3	x	GOLDENRATIO, LOG	0.000e+00	5	0.0	64.0	True	Log[GoldenRatio]
427	Trott's third constant	none	64	not found	9	x, TANH, EULER, TIMES, SINH	GOLDENRATIO, SIN, GAMMA, COSH	4.804e-10	4	16.7	9.3	True	
428	a constant related to the expected number of vertices of the largest tree associated with a random mapping on n symbols	none	64	not found	9	x, SINH, TAN, LOG, ARCSIN	NEG, SIN, TANH, ARCSINH	7.405e-11	4	16.6	10.1	True	
429	2*K/Pi, a constant related to the asymptotic evaluation of the number of positive integers all of whose prime factors ar	none	64	not found	9	x, ARCSIN, THREE, TIMES, ARCTAN	THREE, SIN, TANH, COS	3.355e-10	3	16.3	9.5	True	
430	Gaussian twin prime constant	special	64	not found	9	x, INV, SQRT, TAN, SIN	SEVEN, ARCCOSH, LOG, ARCTAN	5.567e-10	3	16.6	9.3	True	(Pi^2*Product[Piecewise[{{((1 - 4/Prime[\[FormalK]])*(1 + Prime[\[FormalK]])^2)/(-1 + Prime[\[FormalK]])^2, Mod[Prime[\[FormalK]], 4] == 1}}, 1], {\[FormalK], 1, Infinity}])/8
431	3/(8*K), a constant related to the asymptotic evaluation of the number of positive integers that can be expressed as the	none	64	not found	9	x, COS, SQR, ARCCOS, ARCTANH	NINE, LOG, TANH, SIN	5.382e-10	3	16.3	9.3	True	
432	variance of the maximum of a size 4 sample from a normal (0,1) distribution	special	64	not found	9	GOLDENRATIO, x, ARCTANH, GAMMA, DIVIDE	SEVEN, SQRT, SQRT, ARCTAN	9.687e-11	3	16.4	10.0	True	1 + Sqrt[3]/Pi - 36*ArcSec[Sqrt[3]]^2/Pi^3
433	Shapiro-Drinfeld cyclic sum constant	special	64	not found	9	x, EULER, SEVEN, SUBTRACT, SUBTRACT	SEVEN, ARCTAN, SQR, SINH	4.509e-10	2	16.8	9.3	True	ConditionalExpression[Extension`ShapiroDrinfeldCyclicSumConstant == \[FormalY]/2, \[FormalY] + \[FormalY]*E^(\[FormalX]/2) == (2 + \[FormalX])/E^(\[FormalX]/2) + \[FormalX]/(1 + E^(\[FormalX]/2)) && \[FormalX] + (1 + 2*E^(\[FormalX]/2))^(-1) == Log[(4*E^\[FormalX]*Cosh[\[FormalX]/4]^2)/(1 + 2*E^(\[FormalX]/2))] && -3/2 < \[FormalX] < -1/2 && 1/2 < \[FormalY] < 1]
434	fifth (of 10) decimal selvage number	none	64	false positive	7	x, SQRT, ARCSIN	SEVEN, ARCTAN, SIN, ARCTAN	0.000e+00	75	16.1	19.6	True	
435	1-gamma-gamma(1), a constant related to the asymptotic expansion of j(n), the counting function of "jagged" numbers, whe	special	64	not found	9	x, LOG, SQR, SQR, LOG	EIGHT, GOLDENRATIO, SUBTRACT, ARCTAN	5.533e-10	2	16.3	9.3	True	1 - EulerGamma - StieltjesGamma[1]
436	common logarithm of π	elementary	64	exact	6	x, NEG, NINE, SUBTRACT, POWER	PI	0.000e+00	40	15.9	64.0	True	Log10[Pi]
437	Half	rational	64	exact	3	x	TWO, INV	0.000e+00	5	0.0	64.0	True	1/2
438	birthday problem constant	rational	64	not found	9	SEVEN, x, ARCCOS, POWER, COS	TWO, COSH, INV, ARCSINH	2.631e-09	2	16.4	8.6	True	38093904702297390785243708291056390518886454060947061/75091883268515350125426207425223147563269805908203125
439	A245781*Pi/2	none	64	not found	9	SIX, x, SUBTRACT, SIN, SINH	EULER, ARCSINH, ARCTAN, TANH	5.154e-10	2	16.1	9.3	True	
440	sqrt(2 - sqrt(3)), edge length of a regular dodecagon with circumradius 1	none	64	exact	5	x, SQR, LOG, COSH	TWO	2.145e-16	242	0.7	64.0	True	
441	a constant related to the asymptotic expansion of the smallest Lebesgue constant corresponding to an optimal interpolati	special	64	not found	9	x, SIX, COS, GAMMA, DIVIDE	FIVE, PI, LOG, POWER	1.145e-09	2	16.2	8.9	True	2/Pi*(2*Log[2] - Log[Pi] + EulerGamma)
442	square line-picking constant	elementary	64	not found	9	x, ARCTANH, ARCCOS, INV, SQR	EIGHT, ARCSINH, SQRT, ARCCOSH	7.774e-11	2	16.3	10.1	True	(2 + 5*Log[1 + Sqrt[2]] + Sqrt[2])/15
443	sixth pi	elementary	64	exact	4	x	TWO, INV, ARCSIN	0.000e+00	39	0.0	64.0	True	Pi/6
444	Upper limit of backward value of 5^n	none	64	not found	9	x, ARCSIN, TANH, THREE, TIMES	PI, LOG, COS, EXP	9.801e-10	2	16.2	9.0	True	
445	Mrs. Miniver's constant	none	64	not found	9	x, TAN, ARCCOS, TAN, SINH	GOLDENRATIO, SQRT, PI, SUBTRACT	2.166e-10	2	16.1	9.7	True	
446	Pythagorean triple constant for areas	special	64	not found	9	x, ARCSIN, LOG, ARCTAN, COSH	THREE, SIN, ONE, PLUS	5.202e-10	2	16.3	9.3	True	Gamma[1/4]^2/Sqrt[2*Pi^5]
447	Otter's asymptotic constant beta for the number of unrooted trees	none	64	not found	9	FIVE, SQR, x, TIMES, COS	PI, GAMMA, LOG, ARCTAN	1.497e-10	2	16.2	9.8	True	
448	Product_{p odd prime} 1-2/(p*(p-1)), a constant related to Artin's conjecture in the context of quadratic fields	none	64	not found	9	x, INV, TAN, SINH, INV	FIVE, SQR, LOG, SIN	1.306e-10	2	16.3	9.9	True	
449	2*(2 - sqrt(3))	algebraic	64	exact	6	x, TWO, DIVIDE	TWO, ARCCOSH, EXP	0.000e+00	86	0.7	64.0	True	2(2-Sqrt[3])
450	Li_3(1/2)	special	64	not found	9	x, ARCSINH, ARCSIN, PI, DIVIDE	NEG, COSH, COSH, COSH	3.814e-10	2	16.7	9.4	True	PolyLog[3, 1/2]
451	'c', one of Polya's Random Walk constants, related to the asymptotics of the number of 3-D random walks starting from an	none	64	not found	9	THREE, LOG, TAN, x, TIMES	NINE, SIN, COS, GAMMA	4.569e-10	2	16.5	9.3	True	
452	Ioachimescu constant	special	64	not found	9	x, SQRT, ARCSIN, SQR, LOG	SIX, ARCCOSH, SINH, TAN	1.744e-10	2	16.3	9.8	True	2 + Zeta[1/2]
453	cos one	elementary	64	exact	3	x	NEG, COS	0.000e+00	3	0.0	64.0	True	Cos[1]
454	value of the maximum of Dawson's integral D_+(x)	none	64	not found	8	x, EXP, ARCTAN, TANH	FIVE, COS, ARCCOS, INV	2.656e-13	3	16.2	12.6	True	
455	Landau constant upper limit	special	64	not found	9	x, FIVE, SUBTRACT, THREE, DIVIDE	THREE, LOG, ARCTAN, COS	5.540e-10	2	16.4	9.3	True	(Gamma[1/3]*Gamma[5/6])/Gamma[1/6]
456	Pi^2/18	elementary	64	exact	7	PI, x, DIVIDE	NINE, ONE, ARCSIN, DIVIDE	0.000e+00	394	16.2	64.0	True	Pi^2/18
457	-ln gamma	special	64	not found	9	x, ARCSIN, TAN, GAMMA, ARCTAN	SEVEN, SIN, COSH, SIN	1.211e-09	2	16.1	8.9	True	-Log[EulerGamma]
458	coefficient c_m in c_m*log(N), the asymptotic mean number of factors in a random factorization of n <= N	none	64	not found	9	x, COSH, LOG, ARCCOS, ARCCOSH	SEVEN, COS, COS, TAN	4.244e-10	2	16.3	9.4	True	
459	probability that an integer triple is pairwise unitary coprime	none	64	not found	9	THREE, x, ARCTANH, POWER, ARCTAN	SIX, NINE, POWER, SIN	3.820e-10	2	16.2	9.4	True	
460	Kuijlaars-Saff constant	special	64	not found	9	x, INV, COS, SIN, ARCCOS	EIGHT, ARCCOSH, FIVE, DIVIDE	4.122e-10	2	22.0	9.4	True	-1/2*(3^(3/4)*Zeta[1/2]*(Zeta[1/2, 1/3] - Zeta[1/2, 2/3]))/Sqrt[2*Pi]
461	smallest disk radius for which six equal disks can cover the unit disk	none	64	not found	9	x, TANH, EULER, DIVIDE, TAN	NEG, SINH, INV, ARCTANH	1.062e-10	2	16.1	10.0	True	
462	1-9/(4*Pi)+sqrt(3)/(2*Pi), an extreme value constant	elementary	64	not found	9	x, SQR, TANH, TANH, ARCTAN	GOLDENRATIO, SQRT, COS, TANH	1.044e-11	2	17.0	11.0	True	1 - 9/(4*Pi) + Sqrt[3]/(2*Pi)
463	value of the Buchstab function at phi + 2 = (5 + sqrt(5))/2 (A296184)	elementary	64	not found	9	x, ARCSIN, EULER, SIN, POWER	TWO, SQRT, LOG, SQRT	6.075e-10	2	16.0	9.2	True	(1 + 2*Log[GoldenRatio] + Log[GoldenRatio]^2 - Pi^2/60)/(GoldenRatio + 2)
464	reciprocal exponential of Euler γ	special	64	not found	9	TWO, SIN, x, TIMES, TAN	SIX, SINH, LOG, COS	6.517e-10	2	15.9	9.2	True	E^(-EulerGamma)
465	one div root pi	elementary	64	exact	4	x	PI, INV, SQRT	0.000e+00	28	0.0	64.0	True	1/Sqrt[Pi]
466	Omega constant	special	64	not found	9	x, TAN, EXP, EXP, SIN	SIX, ARCTAN, LOG, ARCSINH	8.826e-12	2	16.2	11.1	True	ProductLog[1]
467	infinite tetration of i absolute value	special	64	not found	9	x, SIN, EXP, SINH, GAMMA	ONE, SINH, TAN, ARCCOSH	7.860e-10	2	16.1	9.1	True	Limit[Abs[Nest[I^#1 & , I, \[FormalN]]], \[FormalN] -> Infinity]
468	B, a constant appearing in an asymptotic formula related to the exponential divisor function sigma^(e)	none	64	not found	9	x, ARCSINH, SQR, SIN, GAMMA	EULER, PI, POWER, LOG	3.039e-10	2	16.1	9.5	True	
469	(PolyGamma(1,(1+sqrt(5))/4)-PolyGamma(1,(3+sqrt(5))/4))/2	special	64	not found	9	x, THREE, SUBTRACT, INV, ARCTANH	EULER, SIN, ARCSIN, ARCSIN	1.174e-09	2	16.7	8.9	True	(PolyGamma[1,(1+Sqrt[5])/4]-PolyGamma[1,(3+Sqrt[5])/4])/2
470	weakly carefree constant	special	64	not found	9	x, PI, DIVIDE, COSH, SIN	FOUR, COSH, EXP, SIN	6.772e-11	2	16.7	nan	False	2*Product[1 - (-1 + 2*Prime[\[FormalK]])/Prime[\[FormalK]]^3, {\[FormalK], 1, Infinity}] - Product[1 - (-2 + 3*Prime[\[FormalK]])/Prime[\[FormalK]]^3, {\[FormalK], 1, Infinity}]
471	Product_{p prime > 2} 1-1/(p^2-3p+3), a constant related to I. M. Vinogradov's proof of the "ternary" Goldbach conjectur	none	64	not found	9	x, TANH, SIN, ARCCOS, SQRT	GOLDENRATIO, TANH, SIN, TAN	3.760e-09	2	16.1	8.4	True	
472	eta_A, a constant associated with the asymptotics of the enumeration of labeled acyclic digraphs	none	64	not found	9	GOLDENRATIO, x, SQR, GAMMA, SUBTRACT	PI, COSH, INV, EXP	5.045e-10	2	16.0	9.3	True	
473	Stephens' constant	special	64	not found	9	x, SEVEN, PLUS, SIN, ARCTANH	GOLDENRATIO, GAMMA, COSH, SINH	1.169e-09	2	16.1	8.9	True	Product[1 - Prime[n]/(-1 + Prime[n]^3), {n, 1, Infinity}]
474	a constant related to the asymptotics of A005169	none	64	not found	9	x, TAN, ARCTANH, SQRT, GAMMA	TWO, COSH, ARCTAN, ARCSINH	5.661e-11	2	16.0	10.2	True	
475	Euler gamma	special	64	not found	9	x, SQRT, EXP, SINH, TAN	PI, LOG, ARCCOSH, EXP	5.489e-10	2	16.0	9.3	True	EulerGamma
476	3^(-1/2)	algebraic	64	exact	4	x	THREE, INV, SQRT	0.000e+00	44	0.0	64.0	True	3^(-1/2)
477	Pi/(2e)	none	64	exact	5	x	EULER, ONE, ARCSIN, DIVIDE	0.000e+00	18	0.0	64.0	True	
478	k3, a Diophantine approximation constant such that the conjectured volume of the "critical parallelepiped" is 2^3*k3 (th	algebraic	64	not found	9	x, TAN, SQRT, ARCTANH, SQR	SIX, EULER, SINH, DIVIDE	1.421e-09	2	16.6	8.8	True	8/7*Cos[2*Pi/7]*Cos[Pi/7]^2
479	asymptotic probability of success in one of the Secretary problems	none	64	not found	9	x, SINH, ARCSIN, SQR, ARCTANH	ONE, ARCSIN, LOG, SINH	6.745e-10	2	17.6	9.2	True	
480	Pell constant	special	64	not found	9	x, EULER, PLUS, COSH, TAN	SEVEN, GAMMA, SQRT, ARCTAN	3.640e-10	2	16.6	9.4	True	1 - QPochhammer[1/2, 1/4]
481	gamma_3, a lattice sum constant, analog of Euler's constant for 3-dimensional lattices	none	64	not found	9	EIGHT, COSH, x, TIMES, COS	SIX, TANH, GAMMA, INV	3.433e-10	2	16.5	9.5	True	
482	-zeta(1/2)/sqrt(2*Pi)	special	64	not found	9	x, ARCCOS, TAN, ARCCOSH, ARCCOS	SEVEN, INV, COSH, COS	2.553e-10	2	16.7	9.6	True	-Zeta[1/2]/Sqrt[2*Pi]
483	first Kneser-Mahler polynomial constant	special	64	not found	9	x, ARCTANH, ARCSINH, GOLDENRATIO, TIMES	FIVE, EIGHT, DIVIDE, ARCTAN	1.011e-09	2	16.6	9.0	True	(2*Catalan)/Pi
484	Logarithmic capacity of the unit disk	special	64	not found	9	x, ARCTANH, EULER, DIVIDE, TAN	PI, GAMMA, LOG, ARCTANH	1.417e-10	2	16.7	9.8	True	Gamma[1/4]^2/(4*Pi^(3/2))
485	Lehmer constant	special	64	not found	9	GOLDENRATIO, x, GAMMA, SUBTRACT, GAMMA	NINE, FOUR, COS, SUBTRACT	4.814e-11	2	16.5	10.3	True	ConditionalExpression[Extension`LehmerConstant == Cot[Sum[(-1)^\[FormalK]*ArcCot[Subscript[\[FormalC], \[FormalK]]], {\[FormalK], 0, Infinity}]], Subscript[\[FormalC], 0] == 0 && Subscript[\[FormalC], \[FormalK]] == 1 + Subscript[\[FormalC], -1 + \[FormalK]] + Subscript[\[FormalC], -1 + \[FormalK]]^2]
487	Gompertz constant	special	64	not found	8	x, ARCTAN, ARCTANH, ARCSIN, GAMMA	SEVEN, LOG, SQRT	2.164e-12	2	17.6	11.7	True	-(E*ExpIntegralEi[-1])
489	Champernowne base-3 constant	special	64	not found	9	x, GAMMA, FIVE, ARCCOSH, SUBTRACT	NEG, TAN, INV, COS	1.631e-10	2	17.1	9.8	True	ChampernowneNumber[3]
490	second lemniscate constant	special	64	not found	9	x, FIVE, SUBTRACT, SQR, TAN	ONE, TANH, TANH, ARCTAN	7.459e-12	2	17.8	11.1	True	Gamma[3/4]^2/Sqrt[2*Pi]
491	sqrt(13)/6	algebraic	64	exact	6	x, ARCTAN	SEVEN, SIX, DIVIDE, ARCCOS	0.000e+00	62	0.8	64.0	True	Sqrt[13] / 6
492	log10(4)	elementary	64	exact	6	x, THREE, ARCSINH, COSH, POWER	TWO	0.000e+00	61	17.3	64.0	True	Log[10, 4]
493	G(1/2) where G is the Barnes G-function	special	64	not found	9	PI, x, POWER, FOUR, TIMES	SEVEN, COSH, SINH, COS	8.998e-11	2	16.7	nan	False	BarnesG[1/2]
494	sum_{n>=1} 1/(n binomial(2n, n))	elementary	64	exact	7	PI, x, DIVIDE	NINE, THREE, SQRT, DIVIDE	0.000e+00	248	16.4	64.0	True	Pi/(3*Sqrt[3])
495	QRS constant	special	64	not found	9	x, ARCTANH, TWO, POWER, SINH	EIGHT, LOG, SQR, TAN	1.039e-10	2	18.0	10.0	True	Root[{Zeta[1/2, #1/2] & , 0.605443657196732749478922842447`29.782073733759695}]
496	exp minus half	elementary	64	exact	4	x	EULER, INV, SQRT	0.000e+00	29	0.0	64.0	True	Exp[-1/2]
497	6/Pi^2	elementary	64	exact	5	x	PI, SQR, SIX, DIVIDE	0.000e+00	24	0.1	64.0	True	6/Pi^2
498	Sum{p prime>=2} log(p)/(p^2-p+1)	none	64	not found	9	FIVE, SQRT, TANH, x, POWER	NINE, ARCTAN, LOG, SQRT	5.796e-10	2	18.3	9.2	True	
499	Neville five disk constant	algebraic	64	not found	9	x, SINH, TWO, TIMES, ARCCOSH	PI, INV, SQRT, SQRT	3.440e-11	2	18.3	10.5	True	Root[625 - 800*\[FormalX] + 22*\[FormalX]^2 - 1776*\[FormalX]^3 + 1665*\[FormalX]^4 + 1360*\[FormalX]^5 - 3480*\[FormalX]^6 + 2112*\[FormalX]^7 + 1296*\[FormalX]^8, \[FormalX], 3]
500	strongly triple-free set constant	none	28	not found	9	x, GAMMA, ARCCOSH, SQR, ARCTANH	EULER, GAMMA, TWO, DIVIDE	6.300e-10	2	20.4	9.2	True	
501	best lower bound for the Steiner ratio rho_3, the least upper bound on the ratio of the length of the Steiner minimal tr	none	64	not found	9	GOLDENRATIO, SQRT, x, SUBTRACT, ARCSIN	FOUR, COS, ARCSINH, ARCTANH	3.370e-10	3	18.0	9.5	True	
502	(1/16)*Pi^2	special	64	exact	4	x	NEG, ARCTAN, SQR	0.000e+00	22	0.0	64.0	True	Gamma[3/2]^4
503	-1/(e^2 Ei(-1)), an increasing rooted tree enumeration constant associated with the Euler-Gompertz constant, where Ei is	special	64	not found	9	x, TAN, ARCSIN, GAMMA, ARCCOSH	ONE, ARCTAN, ARCTAN, ARCTAN	6.872e-11	2	17.7	10.2	True	-1/(E^2*ExpIntegralEi[-1])
504	Lenz-Ising constant	elementary	64	not found	9	GOLDENRATIO, SIN, x, TIMES, SQR	FOUR, TAN, LOG, SQRT	2.470e-10	2	17.0	9.6	True	1 + Pi/4 + Log[(Log[1 + Sqrt[2]]*Sqrt[2])/4]
505	Cbrt[3/4π]	elementary	64	exact	7	THREE, x, POWER, INV, TAN	THREE, SQRT	0.000e+00	25	16.3	64.0	True	CubeRoot[3/(4*Pi)]
506	1/(theta*P'(theta)), a constant appearing in the asymptotic evaluation of the coefficients q_n in 1/(1+P(x)), where P(x)	none	64	not found	9	x, PI, DIVIDE, COS, ARCSIN	EULER, ARCSINH, INV, SQR	1.705e-09	2	16.6	8.8	True	
507	'kappa', an asymptotic enumeration constant related to unit interval graphs	none	64	not found	9	x, SQRT, EIGHT, SIN, SUBTRACT	FIVE, INV, SIN, SINH	3.109e-10	2	16.8	9.5	True	
508	Golomb–Dickman constant	special	64	not found	9	x, SQR, COS, ARCTANH, ARCCOSH	SEVEN, SIN, ARCTANH, ARCTANH	1.625e-09	2	16.6	8.8	True	Integrate[E^LogIntegral[\[FormalX]], {\[FormalX], 0, 1}]
509	constant in Kac's formula	none	64	not found	9	x, SQRT, SIN, SINH, ARCSIN	GOLDENRATIO, TANH, INV, SIN	4.516e-10	2	16.5	9.3	True	
510	'lambda', a constant such that exp(lambda*Pi) is the best-known upper bound (as given by Julian Gevirtz) of the John con	none	64	not found	9	FIVE, x, GAMMA, ARCCOSH, POWER	TWO, SIN, COS, SIN	1.136e-10	2	16.5	9.9	True	
511	Davison-Shallit constant	special	64	not found	9	x, GOLDENRATIO, ARCCOSH, SUBTRACT, SIN	EULER, ARCSINH, GAMMA, ARCCOS	4.395e-10	2	16.6	9.4	True	ConditionalExpression[Extension`DavisonShallitConstant == Sum[(-1)^\[FormalK]/(Subscript[\[FormalQ], \[FormalK]]*Subscript[\[FormalQ], 1 + \[FormalK]]), {\[FormalK], 0, Infinity}], Subscript[\[FormalQ], 0] == 1 && Subscript[\[FormalQ], 1] == 1 && Subscript[\[FormalQ], \[FormalK]] == Subscript[\[FormalQ], -2 + \[FormalK]]*(1 + Subscript[\[FormalQ], -1 + \[FormalK]])]
512	rayleigh skewness	elementary	64	not found	9	x, EIGHT, PLUS, SQR, TAN	FOUR, ARCTAN, LOG, LOG	3.448e-10	2	16.5	9.5	True	2*Sqrt[Pi]*(Pi - 3)/(4 - Pi)^(3/2)
513	1 - 1/e	elementary	64	exact	5	x	EULER, INV, ONE, SUBTRACT	0.000e+00	35	0.0	64.0	True	1 - 1/E
514	Hardy-Littlewood constant Product_{p prime >= 5} (1-(3*p-1)/(p-1)^3)	none	64	not found	9	x, GAMMA, COS, EIGHT, TIMES	PI, ARCSINH, GAMMA, ARCSIN	1.266e-10	2	16.4	9.9	True	
515	Buffon constant	elementary	64	exact	4	x	ONE, ARCSIN, INV	0.000e+00	24	0.0	64.0	True	2/Pi
516	(2^(1/3)-1)^(1/3)	algebraic	64	exact	9	THREE, x, POWER, ONE, PLUS	THREE, INV, TWO, POWER	0.000e+00	1	16.4	64.0	True	Power[Power[2, (3)^-1] - 1, (3)^-1]
517	an analog of the Landau-Ramanujan constant for Loeschian numbers	none	64	not found	9	x, ARCSIN, ARCSIN, THREE, DIVIDE	PI, EIGHT, TIMES, ARCSINH	1.494e-10	0	16.4	9.8	True	
518	first non-alternating series of reciprocal primes constant	special	64	not found	9	x, ARCCOS, TANH, ARCSINH, ARCTANH	NINE, INV, GAMMA, SIN	1.208e-09	0	16.6	8.9	True	Sum[Piecewise[{{-1, Mod[Prime[\[FormalK]], 3] == 1}, {1, Mod[Prime[\[FormalK]], 3] == 2}}, 0]/Prime[\[FormalK]], {\[FormalK], 1, Infinity}]
519	Cahen's constant	special	64	not found	9	x, TAN, TAN, ARCTANH, COSH	NINE, LOG, TAN, GAMMA	1.831e-12	0	16.4	11.7	True	ConditionalExpression[Extension`CahenConstant == Sum[(-1)^\[FormalK]/(-1 + \[FormalS][\[FormalK]]), {\[FormalK], 0, Infinity}], \[FormalS][0] == 2 && \[FormalS][\[FormalN]] == 1 - \[FormalS][-1 + \[FormalN]] + \[FormalS][-1 + \[FormalN]]^2 && \[FormalS][\[FormalN]] == 1 + Product[\[FormalS][\[FormalK]], {\[FormalK], 0, -1 + \[FormalN]}]]
520	a constant related to a conjectured value of the Masser-Gramain constant	special	64	not found	9	x, ARCTAN, NINE, TIMES, SIN	FIVE, COS, LOG, ARCTAN	1.716e-10	0	16.8	9.8	True	Pi/4*(2*EulerGamma + 2*Log[2] + 3*Log[Pi] - 4*Log[Gamma[1/4]])
521	Integral_{x=0..Infinity} sin(x)/(x^2+1) dx	none	64	not found	9	x, INV, SINH, GAMMA, SQR	PI, THREE, DIVIDE, ARCSIN	3.595e-10	0	16.4	9.4	True	
522	unit-diameter hexagon area	algebraic	64	exact	7	THREE, x, DIVIDE	EIGHT, THREE, SQRT, DIVIDE	0.000e+00	270	16.2	64.0	True	(3*Sqrt[3])/8
523	Maximal unitary square-free divisor sum constant	none	64	not found	9	x, SINH, ARCCOS, INV, TAN	SEVEN, TANH, FOUR, SUBTRACT	1.741e-10	0	16.3	9.8	True	
524	delta = (1+alpha)/4, a constant appearing in Koecher's formula for Euler's gamma constant, where alpha is A065442, the E	none	64	not found	9	x, COSH, SQR, ARCCOSH, GAMMA	TWO, SIN, GAMMA, SQRT	9.328e-10	0	16.5	9.0	True	
525	negative of Granville-Soundararajan constant	special	64	not found	9	x, ARCSIN, ARCTANH, SQR, ARCSIN	NINE, ARCCOSH, GAMMA, TANH	9.646e-10	0	16.7	9.0	True	-(4*PolyLog[2, -Sqrt[E]] + Pi^2/3 + 1)
526	harmonic power tower even term limit	special	64	not found	9	x, EXP, EXP, SIN, COSH	EIGHT, COS, EXP, TAN	5.631e-10	0	16.5	9.2	True	Limit[Fold[(1/#2)^#1 & , 1, Table[\[FormalI], {\[FormalI], 2*\[FormalN], 2, -1}]], \[FormalN] -> Infinity]
527	escape probability for a random walk on the 3-D cubic lattice (a Polya random walk constant)	none	64	not found	8	NINE, x, TAN, TAN, POWER	FOUR, SINH, SIN	5.666e-10	0	16.6	9.2	True	
528	Twin primes constant	special	64	not found	9	PI, ARCSINH, x, DIVIDE, COS	SIX, EIGHT, SIN, POWER	1.279e-10	0	16.5	9.9	True	Product[1 - (-1 + Prime[\[FormalK]])^(-2), {\[FormalK], 2, Infinity}]
529	Feller–Tornier constant	special	64	not found	9	x, ARCTANH, PI, TIMES, SIN	EULER, INV, ARCSINH, SQRT	6.774e-12	0	16.8	11.2	True	1/2 + Product[1 - 2/Prime[n]^2, {n, 1, Infinity}]/2
530	Robbins constant	elementary	64	not found	9	x, GAMMA, EXP, TAN, INV	TWO, ARCSINH, SQR, GAMMA	5.470e-10	0	16.9	9.3	True	(4 + 17*Sqrt[2] - 6*Sqrt[3] - 7*Pi)/105 + Log[1 + Sqrt[2]]/5 + (2*Log[2 + Sqrt[3]])/5
531	Laplace limit	special	64	not found	9	NINE, ARCCOSH, TANH, x, TIMES	PI, ARCTAN, TANH, COS	2.629e-10	0	16.3	9.6	True	Root[{-1 + E^Sqrt[1 + #1^2]*#1 - Sqrt[1 + #1^2] & , 0.6627434193491815809747420971092529070562335491150224175204`30.}]
532	twothirds	rational	64	exact	4	x	THREE, TWO, DIVIDE	0.000e+00	22	0.0	64.0	True	2/3
533	3/2 - gamma / log(2), a coin tossing constant related to the asymptotic evaluation of the expected length of the longest	special	64	not found	9	x, ARCTANH, ARCTANH, TAN, SIN	ONE, SIN, GAMMA, INV	1.042e-10	0	16.3	10.0	True	3/2 - EulerGamma/Log[2]
534	Shanks constant	special	64	not found	9	x, TAN, SIN, EIGHT, TIMES	FIVE, EULER, POWER, ARCCOSH	3.344e-10	0	16.9	9.5	True	(Pi^2*Product[Piecewise[{{((1 - 4/Prime[\[FormalK]])*(1 + Prime[\[FormalK]])^2)/(-1 + Prime[\[FormalK]])^2, Mod[Prime[\[FormalK]], 8] == 1}}, 1], {\[FormalK], 1, Infinity}])/(16*Log[1 + Sqrt[2]])
535	sqrt(3)/(4 - sqrt(2))	algebraic	64	exact	8	x, THREE, SQRT, DIVIDE	TWO, SQRT, FOUR, SUBTRACT	1.657e-16	3	16.3	64.0	True	Sqrt[3]/(4-Sqrt[2])
536	gamma_2, a lattice sum constant, analog of Euler's constant for two-dimensional lattices	none	64	not found	9	x, EIGHT, PLUS, EXP, COS	SEVEN, INV, GAMMA, TANH	2.632e-10	0	16.4	9.6	True	
537	probable error constant	special	64	not found	9	x, SQR, ARCTANH, GOLDENRATIO, SUBTRACT	SEVEN, ARCCOSH, LOG, SINH	8.219e-10	0	16.9	9.1	True	InverseErf[1/2]*Sqrt[2]
538	Graham biggest little hexagon area	algebraic	64	not found	9	NINE, x, SQR, COSH, POWER	FOUR, COS, ARCTANH, ARCCOS	1.719e-10	0	16.8	9.8	True	Root[11993 - 78488*#1 + 144464*#1^2 + 1232*#1^3 - 221360*#1^4 + 146496*#1^5 + 21056*#1^6 - 30848*#1^7 - 3008*#1^8 + 8192*#1^9 + 4096*#1^10 & , 5]
539	generalized Euler constant gamma(1,3)	special	64	not found	9	FOUR, INV, x, COSH, SUBTRACT	FIVE, SQRT, TANH, SQRT	7.158e-10	0	16.9	9.1	True	EulerGamma/3 + Pi*Sqrt[3]/18 + Log[3]/6
540	Taniguchi constant	special	64	not found	9	x, SINH, GAMMA, SINH, SIN	TWO, COSH, TANH, SQRT	1.018e-10	0	16.6	10.0	True	Product[1 - Prime[n]^(-6) + Prime[n]^(-5) + 2/Prime[n]^4 - 3/Prime[n]^3, {n, 1, Infinity}]
541	1 - 1/Pi	elementary	64	exact	5	x	PI, INV, ONE, SUBTRACT	1.629e-16	36	0.0	64.0	True	1 - 1/Pi
542	positive solution to the equation x/(1-x) = 1+log(1/(1-x)), an auxiliary constant associated with the problem of enumera	none	64	not found	9	PI, x, ARCTANH, ARCSIN, POWER	EULER, ARCTAN, SQRT, ARCSINH	6.805e-11	0	16.9	10.2	True	
543	log e^(π/2)	elementary	64	exact	8	x, NEG, ARCTAN, DIVIDE	THREE, ARCTAN, COS, LOG	0.000e+00	24	16.2	64.0	True	Log10[E^(Pi/2)]
544	one div cbrt pi	elementary	64	exact	5	THREE, x, POWER	PI, INV	0.000e+00	14	0.0	64.0	True	Pi^(-1/3)
545	least x>0 having sin(4x) = (sin x)^2	none	64	not found	9	x, FOUR, SIN, SUBTRACT, TAN	EIGHT, EULER, SIN, SUBTRACT	7.763e-11	0	16.8	10.1	True	
546	Integral_{x=0..1} log(floor(1/x))/(1+x) dx	special	64	not found	9	EIGHT, x, TAN, ARCSIN, POWER	FOUR, SINH, SIN, SQR	6.715e-10	0	16.7	9.2	True	Log[2]*Log[Khinchin]
547	-x, the real root of the equation 0 = 1 + Sum_{k>=1} prime(k) x^k. The inverse of Backhouse's constant (A072508)	none	64	not found	9	x, SIN, SIN, SQRT, COS	ONE, ARCTAN, ARCCOS, SINH	9.007e-10	0	16.8	9.0	True	
548	harmonic power tower odd term limit	special	64	not found	9	SEVEN, x, POWER, NINE, TIMES	PI, ONE, ARCSINH, POWER	1.549e-10	0	16.9	9.8	True	Limit[Fold[(1/#2)^#1 & , 1, Table[\[FormalI], {\[FormalI], 1 + 2*\[FormalN], 2, -1}]], \[FormalN] -> Infinity]
549	reciprocal of Steiner number	elementary	64	exact	5	x	EULER, INV, EXP, INV	0.000e+00	47	0.0	64.0	True	E^(-E^(-1))
550	Sum_{k=1..50000} (-1)^(k+1) / k	special	64	not found	9	x, ARCSIN, ARCCOS, INV, ARCSINH	PI, SQRT, ARCSINH, SQRT	2.291e-10	0	16.8	9.6	True	Sum[(-1)^(k + 1)/k, {k, 1, 50000}]
551	Natural logarithm of 2	elementary	64	exact	3	x	TWO, LOG	0.000e+00	5	0.0	64.0	True	Log[2]
552	rank-2 Artin constant	special	64	not found	8	x, TWO, DIVIDE, SIN, EXP	TWO, COSH, ARCTAN	4.563e-10	0	16.7	9.3	True	Product[1 - 1/((-1 + Prime[\[FormalK]])*Prime[\[FormalK]]^2), {\[FormalK], 1, Infinity}]
553	First continued fraction constant	special	64	not found	9	FIVE, ARCSINH, COS, x, POWER	SEVEN, ARCSINH, SQRT, SQRT	9.216e-11	0	16.7	10.0	True	BesselI[1, 2]/BesselI[0, 2]
554	log10(5)	elementary	64	exact	6	x, NEG, NINE, SUBTRACT, POWER	FIVE	0.000e+00	32	16.3	64.0	True	Log[10, 5]
555	probability that a point of an infinite (rooted) tree is fixed by every automorphism of the tree	none	64	not found	9	x, ARCCOS, SQR, ARCTANH, SQRT	NINE, ARCTAN, ARCSINH, ARCTAN	3.938e-11	0	16.7	10.4	True	
558	Integral_{x = 1..infinity} 1/x^x dx	none	64	not found	9	x, EXP, SQR, TAN, TANH	EULER, GAMMA, ARCTAN, ARCSINH	3.730e-10	0	16.6	9.4	True	
559	carefree product constant	special	64	not found	9	x, ARCSINH, PI, ARCCOSH, POWER	THREE, SIN, GOLDENRATIO, SUBTRACT	1.517e-09	0	16.5	8.8	True	Product[1 - 1/(Prime[\[FormalK]]*(1 + Prime[\[FormalK]])), {\[FormalK], 1, Infinity}]
560	rectilinear crossing constant	elementary	64	not found	9	x, SIN, SQR, LOG, COSH	EIGHT, LOG, COSH, LOG	2.312e-09	0	17.2	8.6	True	1 - 35/(12*Pi^2)
561	'C' (as designated by D. Shanks), a constant appearing in the second order term of the asymptotic expansion of the numbe	none	64	not found	9	x, ARCTANH, SIN, TAN, ARCTANH	TWO, COSH, TAN, EXP	1.946e-10	0	16.5	9.7	True	
562	K, a constant arising in the analysis of the binary Euclidean algorithm	none	40	not found	9	SIX, SIN, x, PLUS, COS	EULER, ARCCOSH, SQRT, ARCTAN	3.499e-10	0	16.5	9.5	True	
563	sqrt(1/2)	algebraic	64	exact	4	x	NEG, ARCTAN, COS	0.000e+00	45	0.0	64.0	True	1/Sqrt[2]
564	rabbit constant	special	64	not found	9	ONE, SINH, x, ARCTANH, POWER	SIX, EXP, SINH, SIN	1.701e-10	0	16.7	nan	False	Sum[2^(-Floor[\[FormalK]*GoldenRatio]), {\[FormalK], 1, Infinity}]
565	generalized Euler constant gamma(1,4)	special	64	not found	9	x, TANH, ARCSINH, ARCCOS, TAN	SEVEN, SIN, EXP, ARCSINH	1.053e-09	0	16.8	9.0	True	EulerGamma/4 + Pi/8 + Log[2]/4
566	Hopf constant	special	64	not found	9	x, EXP, GAMMA, ARCCOSH, COS	NEG, TANH, ARCCOS, TANH	3.587e-10	0	16.7	9.4	True	6/Pi^2 + Integrate[3/\[FormalTheta]^2 - (1 - \[FormalTheta]*Cot[\[FormalTheta]])^(-1), {\[FormalTheta], 0, Pi/2}]/Pi
567	1/(phi*log(4 - phi))	elementary	64	exact	8	x, GOLDENRATIO, INV, DIVIDE	GOLDENRATIO, FOUR, SUBTRACT, LOG	0.000e+00	10	16.2	64.0	True	(GoldenRatio Log[4-GoldenRatio])^(-1)
568	Traveling Salesman constant	algebraic	64	not found	9	PI, x, EXP, COS, DIVIDE	EIGHT, COS, ARCSIN, ARCTAN	1.962e-12	0	17.0	11.7	True	4/153*(1 + 2*Sqrt[2])*Sqrt[51]
569	e^(-1/3)	elementary	64	exact	5	x	THREE, INV, EXP, INV	0.000e+00	70	0.0	64.0	True	E^(-1/3)
570	constant appearing in the expected number of comparisons for a successful digital tree search (negated)	none	64	not found	9	EULER, GAMMA, ARCSINH, x, DIVIDE	PI, INV, COS, COS	4.915e-11	0	16.6	10.3	True	
571	1/(2 log 2)	elementary	64	exact	4	x	FOUR, LOG, INV	0.000e+00	22	0.0	64.0	True	1/(2Log[2])
572	k2, a Diophantine approximation constant such that the area of the "critical parallelogram" (in this case a square) is 4	algebraic	64	exact	5	x	FIVE, SQRT, GOLDENRATIO, DIVIDE	0.000e+00	67	0.0	64.0	True	(1+1/Sqrt[5])/2
573	Sarnak constant	special	64	not found	9	x, SINH, ARCSIN, SQR, ARCTAN	FIVE, LOG, LOG, SQRT	2.946e-10	0	16.7	9.5	True	Product[1 - (2 + Prime[\[FormalK]])/Prime[\[FormalK]]^3, {\[FormalK], 2, Infinity}]
574	Langford constant	elementary	64	not found	8	x, INV, EXP, GAMMA, COS	TWO, INV, COS	7.379e-10	0	16.8	9.1	True	97/150 + Pi/40
575	constant that appears in the asymptotic formula for average order of the infinitary divisors sum function (A049417)	none	64	not found	9	x, SINH, ARCSIN, ARCSINH, EXP	THREE, TWO, ARCCOSH, POWER	1.359e-10	0	16.6	9.9	True	
576	a constant related to the asymptotic evaluation of Product_{p prime congruent to 1 modulo 4} (1 + 1/p)	none	64	not found	9	TWO, TANH, x, DIVIDE, GAMMA	ONE, TANH, SINH, ARCTANH	5.268e-10	0	16.5	9.3	True	
577	sum_{n>=1} 1/binomial(2n, n)	elementary	64	not found	9	x, TANH, ARCSINH, ARCCOS, SQR	THREE, LOG, SQR, ARCTAN	3.271e-10	0	16.6	9.5	True	1/3 + 2*Sqrt[3]*Pi/27
579	1/Gamma(2/3)	special	64	exact	6	x, INV	THREE, TWO, DIVIDE, GAMMA	0.000e+00	5	0.7	64.0	True	1/Gamma[2/3]
580	Dottie number	special	64	not found	9	TWO, ARCSINH, x, TIMES, ARCCOSH	EULER, EIGHT, SIN, DIVIDE	2.778e-10	0	16.7	9.6	True	Root[{Cos[#1] - #1 & , 0.7390851332151606416553120876738734040134117589007574649656`30.}]
581	densest spatial packing of spheres constant	elementary	64	exact	7	x, THREE, TIMES	TWO, SQRT, PI, DIVIDE	0.000e+00	322	16.4	64.0	True	Pi/(3*Sqrt[2])
582	Rosser constant	special	64	not found	9	THREE, ARCSINH, x, POWER, ARCTANH	FIVE, SQRT, SIN, ARCCOS	2.800e-10	0	16.8	9.6	True	(8*Catalan)/Pi^2
583	Sarnak product constant	special	64	not found	9	x, ARCTANH, ARCCOS, FOUR, TIMES	EULER, INV, SQR, EXP	4.805e-12	0	16.8	11.3	True	(5*Pi^2*Product[1 - (2 + Prime[\[FormalK]])/Prime[\[FormalK]]^3, {\[FormalK], 2, Infinity}])/48
584	s_4, a 4-dimensional Steiner ratio analog	none	64	not found	9	FOUR, TAN, x, SUBTRACT, SINH	EIGHT, EXP, TAN, ARCSINH	2.860e-10	0	16.7	9.5	True	
585	B, the coefficient of n*log(n)^2 in the asymptotic formula of Ramanujan for Sum_{k=1..n} (d(k)^2), where d(k) is the num	none	64	not found	9	SEVEN, x, SINH, POWER, ARCTAN	FIVE, TAN, SIN, SIN	1.028e-10	0	16.5	10.0	True	
586	Rényi parking constant	special	64	not found	9	x, ARCSIN, EXP, ARCSINH, GAMMA	THREE, SIN, ARCCOS, TANH	7.653e-10	0	16.9	9.1	True	Integrate[Exp[-2*(EulerGamma + Gamma[0, \[FormalT]] + Log[\[FormalT]])], {\[FormalT], 0, Infinity}]
587	exp(-gamma/2)	special	64	not found	9	x, ARCSIN, TWO, DIVIDE, TAN	GOLDENRATIO, TAN, ARCTAN, ARCTAN	1.079e-09	0	16.5	9.0	True	Exp[-EulerGamma/2]
588	three quarters	rational	64	exact	4	x	TWO, LOG, SINH	0.000e+00	28	0.0	64.0	True	3/4
589	pi^(-1/4)	elementary	64	exact	5	x	PI, INV, SQRT, SQRT	0.000e+00	57	0.0	64.0	True	Pi^(-1/4)
590	Sum_{n>=1} (-1)^(n-1)*H(n)/n^2, where H(n) is the n-th harmonic number	special	64	not found	9	x, SEVEN, POWER, TAN, INV	TWO, EXP, COS, TANH	1.059e-09	0	16.6	9.0	True	5*Zeta[3]/8
591	linear asymptotic constant B in Sum_{k=1..n} 1/A000688(k) = ~B*n + 	none	64	not found	9	x, ARCCOS, TAN, SQR, TAN	FOUR, LOG, SIN, SQR	4.868e-12	0	17.2	11.3	True	
592	Flajolet-Odlyzko constant	special	64	not found	9	x, THREE, ARCSINH, DIVIDE, GAMMA	TWO, SIN, ARCTAN, GAMMA	1.301e-10	0	16.7	9.9	True	2*Integrate[1 - E^(ExpIntegralEi[-\[FormalT]]/2), {\[FormalT], 0, Infinity}]
593	constant appearing in the variance for inserting in a digital tree	special	64	false positive	8	FOUR, LOG, INV, x, SUBTRACT	FIVE, GAMMA, INV	0.000e+00	4	16.3	22.7	True	1/Log[4] + 1/24 + (4*Pi^2/Log[2]^2)*Sum[DivisorSigma[1, n]*Exp[-4*Pi^2*n/Log[2]], {n, 1, 6}]
594	Landau-Ramanujan constant	special	64	not found	9	x, LOG, FIVE, DIVIDE, COS	THREE, ARCSINH, GAMMA, SQRT	2.043e-10	0	16.4	9.7	True	Product[((4^2^\[FormalK]*(1 - 2^(-2^\[FormalK]))*Zeta[2^\[FormalK]])/(Zeta[2^\[FormalK], 1/4] - Zeta[2^\[FormalK], 3/4]))^2^(-1 - \[FormalK]), {\[FormalK], 1, Infinity}]/Sqrt[2]
595	analog of the Mertens constant B_2 in the asymptotic series for the variance of the number of prime factors Omega	none	64	not found	9	NEG, SINH, x, POWER, TAN	PI, ARCTAN, SQR, EXP	1.575e-10	0	16.8	9.8	True	
596	binary Liouville number	special	64	not found	9	x, FOUR, SUBTRACT, GAMMA, ARCCOSH	PI, SIN, SQRT, ARCCOS	2.020e-10	0	16.4	nan	False	Sum[1/2^(n!), {n, Infinity}]
597	-x, where x is the negative solution to the equation 2^x = x^2	none	64	not found	9	x, ARCTANH, FIVE, TANH, TIMES	EIGHT, TANH, TAN, ARCCOSH	2.164e-10	0	16.9	9.7	True	
598	Sum_{k>1} 1/(k*(k-1)*zeta(k)), a constant related to Niven's constant	none	64	not found	9	x, ARCSINH, INV, TANH, SQRT	EIGHT, LOG, ARCTAN, GAMMA	3.530e-10	0	16.6	9.5	True	
599	C = 2^(1/3)*e^(1/4)/A^3, a constant associated with the Gaudin-Mehta probability distribution and the Glaisher-Kinkelin 	special	64	not found	9	THREE, SIN, SIN, x, SUBTRACT	EIGHT, ARCTAN, SQRT, ARCCOSH	8.294e-11	0	16.6	10.1	True	2^(1/3)*E^(1/4)/Glaisher^3
600	trace of the Ruelle-Mayer linear operator G_2	none	64	not found	9	x, ARCTAN, PI, TANH, SUBTRACT	SEVEN, TAN, ARCSIN, ARCCOSH	7.606e-11	0	16.4	10.1	True	
601	Sum_{p prime} 1/(p*(p-1))	none	64	not found	9	x, SINH, ARCCOS, TANH, INV	TWO, LOG, INV, SINH	8.341e-12	0	16.5	11.1	True	
602	Flajolet-Martin constant	special	64	not found	9	x, ARCSINH, GOLDENRATIO, SIN, DIVIDE	GOLDENRATIO, ARCSINH, SIN, TAN	6.595e-11	0	16.7	10.2	True	(E^EulerGamma*Product[(1 + 1/(2*\[FormalK]))^(-1)^Mod[DigitCount[\[FormalK], 2, 1], 2], {\[FormalK], 1, Infinity}])/Sqrt[2]
603	Pi*G - 7*zeta(3)/4, where G = A006752	special	64	not found	9	x, LOG, ARCTANH, INV, TAN	THREE, INV, LOG, TANH	2.158e-10	0	16.4	9.7	True	Pi Catalan-7Zeta[3]/4
604	lambda_3, an analog of the Stolarsky-Harborth constant for the number of elements not divisible by 3 in Pascal's triangl	none	64	not found	9	x, ARCTANH, ARCSINH, TAN, SQR	PI, ARCSINH, LOG, INV	2.525e-10	0	16.4	9.6	True	
605	strongly carefree product constant	special	64	not found	9	x, TANH, SQR, ARCSIN, TAN	EULER, SIN, TAN, ARCTANH	6.345e-11	0	16.6	10.2	True	Product[1 - (1 + Prime[\[FormalK]])^(-2), {\[FormalK], 1, Infinity}]
606	Bender r constant	none	51	not found	9	x, ARCCOS, EXP, INV, EXP	SIX, TANH, EXP, ARCCOSH	3.502e-10	0	16.5	9.5	True	
607	hypercube line-picking constant	special	64	not found	9	x, SIN, ONE, SIN, PLUS	SIX, TANH, GAMMA, COSH	2.501e-10	0	16.5	9.6	True	(-644 + 1344*Catalan + 3744*ArcCsch[Sqrt[2]] + 270*ArcSinh[1] - 3024*Im[PolyLog[2, I*(3 - 2*Sqrt[2])]] + 1773*Log[3] + 84*(PolyGamma[1, 1/12] + PolyGamma[1, 5/12]) + (6048*I)*(PolyLog[2, (1/2 - I/2)*(-2 + Sqrt[2])] - PolyLog[2, (1/2 + I/2)*(-2 + Sqrt[2])]) + (6048*I)*(PolyLog[2, I*(1 - Sqrt[2])] - PolyLog[2, I*(-1 + Sqrt[2])]) + 438*Sqrt[2] - 2448*ArcCot[2*Sqrt[2]]*Sqrt[2] - 189*(PolyGamma[1, 1/8] + PolyGamma[1, 3/8])*Sqrt[2] + 12*Pi*(-16 + 7*Pi*(-8 + 9*Sqrt[2])) + 288*Sqrt[3])/3780
608	6/(Pi^2 A086724)	none	64	not found	9	x, ARCTANH, TAN, TWO, SUBTRACT	PI, ARCTAN, COS, TANH	2.985e-11	0	16.8	10.5	True	
609	log10(6)	elementary	64	exact	6	x, NEG, NINE, SUBTRACT, POWER	SIX	0.000e+00	38	16.2	64.0	True	Log[10, 6]
610	Purdom-Williams constant, a constant related to the Golomb-Dickman constant and to the asymptotic evaluation of the expe	none	64	not found	9	x, ARCCOS, ARCTANH, ARCTANH, COSH	GOLDENRATIO, SIN, EXP, ARCSINH	1.594e-10	0	16.6	9.8	True	
611	first Bernoulli sophomore dream constant	special	64	not found	9	x, SINH, COSH, TWO, TIMES	EULER, NINE, ARCTAN, POWER	6.551e-11	0	16.5	10.2	True	-Sum[(-\[FormalK])^(-\[FormalK]), {\[FormalK], 1, Infinity}]
612	(sqrt(3) + sqrt(5) + 2*sqrt(6))/(8*sqrt(2))	algebraic	64	not found	9	x, NINE, POWER, COS, ARCSINH	EULER, GAMMA, GAMMA, TANH	3.674e-10	0	17.4	9.4	True	(Sqrt[3]+Sqrt[5]+2Sqrt[6])/(8Sqrt[2])
613	(3*sqrt(3)+sqrt(7))/10	algebraic	64	not found	9	x, SQRT, FIVE, POWER, TAN	NINE, TANH, GOLDENRATIO, TIMES	4.300e-11	0	16.4	10.4	True	(3*Sqrt[3]+Sqrt[7])/10
614	Integral_{x = 0 to oo} Product_{m=1..oo} cos(x/m) dx	none	39	not found	9	x, ARCSIN, SQR, ARCTANH, TAN	EIGHT, SQR, ARCSINH, SQRT	1.138e-09	0	16.4	8.9	True	
615	pi/4	elementary	64	exact	3	x	ONE, ARCTAN	0.000e+00	3	0.0	64.0	True	Pi/4
616	Lüroth constant	special	64	not found	9	x, SQR, SIN, GOLDENRATIO, TIMES	TWO, GOLDENRATIO, DIVIDE, ARCSIN	1.426e-10	0	16.6	9.8	True	Sum[Log[\[FormalK]/(-1 + \[FormalK])]/\[FormalK], {\[FormalK], 2, Infinity}]
617	asymptotic constant eta for counts of weakly binary trees	none	64	not found	9	x, SQR, SQR, TAN, ARCTANH	NINE, ARCTAN, COSH, INV	3.219e-10	0	16.2	9.5	True	
618	Lal's constant: the Hardy-Littlewood constant for A217795	none	64	not found	9	x, SINH, NINE, DIVIDE, TAN	NINE, SIN, ARCSIN, COSH	5.515e-10	0	16.0	9.3	True	
619	Kolakoski constant	none	64	not found	9	GOLDENRATIO, COSH, x, POWER, EXP	NINE, LOG, ARCTAN, COSH	5.587e-10	0	16.5	9.3	True	
620	root two div pi	elementary	64	exact	5	x	ONE, ARCSIN, INV, SQRT	0.000e+00	57	0.0	64.0	True	Sqrt[2/Pi]
621	log 2π	elementary	64	exact	8	x, NEG, NINE, SUBTRACT, POWER	PI, PI, PLUS	0.000e+00	2	16.3	64.0	True	Log10[2*Pi]
622	Product_{n>1} (1 - 1/n^2)^(1/n)	none	64	not found	9	SIX, COS, TAN, x, POWER	TWO, SINH, TAN, SQRT	8.661e-11	0	16.1	10.1	True	
624	unique real solution of the equation Ei(x)-gamma-log(x) = 1, where Ei is the exponential integral function and gamma the	none	64	not found	9	x, ARCCOS, GAMMA, ARCCOSH, ARCCOS	FOUR, INV, ARCSINH, SQRT	8.201e-11	0	16.1	10.1	True	
625	disk half-area offset constant	special	64	not found	9	x, FOUR, TIMES, GAMMA, SIN	PI, COSH, COS, ARCSIN	9.943e-12	0	17.1	11.0	True	Root[{Pi - 4*ArcCos[#1/2] + #1*Sqrt[4 - #1^2] & , 0.8079455065990344186379234801330000000000000000000000000001`29.907382069955993}]
626	Solomon parking constant	special	64	not found	9	ONE, SIN, x, DIVIDE, EXP	PI, TANH, GOLDENRATIO, PLUS	9.804e-11	0	16.9	10.0	True	Integrate[(1 + 2*\[FormalX])*Exp[-2*(-1 + \[FormalX] + Exp[-\[FormalX]])]*Exp[-2*(EulerGamma - ExpIntegralEi[-\[FormalX]] + Log[\[FormalX]])], {\[FormalX], 0, Infinity}]
627	Alladi-Grinstead constant	special	64	not found	8	TWO, TANH, x, POWER	FIVE, ARCTAN, INV, ARCSIN	3.223e-10	0	16.3	9.5	True	Exp[-1 - Sum[Log[1 - \[FormalK]^(-1)]/\[FormalK], {\[FormalK], 2, Infinity}]]
628	product_{n>=1} (n/(n+1))^((-1)^t(n-1)), a probabilistic counting constant, where t(n) = A010060(n) is the Thue-Morse seq	none	64	not found	9	x, SINH, INV, ARCCOSH, COS	TWO, SINH, ARCTAN, GAMMA	2.487e-11	0	16.5	10.6	True	
629	'mu', a Young-Fejér-Jackson constant linked to the positivity of certain sine sums	none	64	not found	9	x, TAN, EULER, ARCTAN, TIMES	FIVE, COS, ARCSINH, ARCCOS	1.556e-10	0	16.2	9.8	True	
630	(1 + sqrt(6))/(3*sqrt(2))	algebraic	64	exact	9	THREE, INV, SQRT, x, SUBTRACT	SIX, TWO, SQRT, DIVIDE	0.000e+00	2	15.9	64.0	True	(1+Sqrt[6])/(3Sqrt[2])
631	1/Gamma(3/4)	special	64	exact	6	x, INV	TWO, LOG, SINH, GAMMA	0.000e+00	5	0.7	64.0	True	1/Gamma[3/4]
632	sum_{n>=0} 1/2^(2^n)	special	64	not found	9	x, ARCSIN, GOLDENRATIO, TIMES, INV	PI, SIX, DIVIDE, LOG	2.309e-10	0	16.1	9.6	True	Sum[1/2^(2^n), {n, 0, Infinity}]
633	a2, the second of two constants associated with Djokovic's conjecture on an integral inequality	none	64	not found	9	FOUR, x, EXP, SUBTRACT, GAMMA	FOUR, ARCTAN, FOUR, SUBTRACT	4.316e-10	0	16.2	9.4	True	
634	First Nielsen-Ramanujan constant	elementary	64	exact	6	x, THREE, TIMES	NEG, ARCSIN, SQR	0.000e+00	84	0.7	64.0	True	Pi^2/12
635	Sierpiński constant	special	64	not found	9	x, EIGHT, COSH, POWER, COS	EIGHT, TANH, GAMMA, INV	1.385e-11	0	16.3	10.9	True	2*EulerGamma + 2*Log[2] + 3*Log[Pi] - 4*Log[Gamma[1/4]]
636	sigma_3, a Turán's Power Sum Constant	none	64	not found	9	x, GAMMA, SINH, TAN, COS	NINE, LOG, LOG, SINH	4.170e-10	0	16.1	9.4	True	
637	Prouhet-Thue-Morse constant	special	64	not found	9	x, SQR, EXP, SINH, TAN	SIX, SIX, ARCCOSH, DIVIDE	2.916e-10	0	16.5	9.5	True	1 - Product[(-1 + 2^2^\[FormalK])/2^2^\[FormalK], {\[FormalK], 0, Infinity}]/2
638	Pi/8 + sqrt(3)/4	elementary	64	exact	7	x, FOUR, TIMES, SIN	THREE, SQRT, COS	0.000e+00	38	16.5	64.0	True	Pi/8+Sqrt[3]/4
639	asymptotic efficiency constant	elementary	64	exact	8	x, THREE, SQRT, DIVIDE	TWO, NEG, DIVIDE, ARCCOS	0.000e+00	49	17.5	64.0	True	(3*Sqrt[3])/(2*Pi)
640	1/zeta(3)	special	64	not found	9	x, TWO, POWER, TAN, SIN	THREE, SEVEN, TANH, POWER	5.800e-11	0	17.0	10.2	True	1/Zeta[3]
641	Rosser's constant	none	64	not found	9	x, SINH, FOUR, LOG, SUBTRACT	GOLDENRATIO, SQRT, EXP, TAN	5.413e-10	0	16.3	9.3	True	
642	Gauss's constant	special	64	not found	9	SIX, LOG, COS, x, PLUS	EULER, TAN, ARCTANH, EXP	1.573e-09	0	16.3	8.8	True	ArithmeticGeometricMean[1, Sqrt[2]]^(-1)
643	Baker constant	elementary	64	not found	9	x, SINH, INV, ARCCOSH, SQRT	THREE, TANH, COS, TAN	6.095e-10	0	16.4	9.2	True	(Log[2] + Pi/Sqrt[3])/3
645	Shepp's constant 'alpha', an optimal stopping constant associated with the case of a zero mean and unit variance distrib	none	64	not found	9	THREE, SQRT, SINH, x, POWER	SEVEN, SIN, ARCTAN, ARCSIN	2.426e-10	0	16.2	9.6	True	
646	2*G/(Pi*log(2)), a constant appearing in the average root bifurcation ratio of binary trees, where G is Catalan's consta	special	64	not found	9	x, COSH, COS, THREE, TIMES	THREE, INV, ARCSIN, SQRT	7.265e-11	0	16.1	10.1	True	2 Catalan/(Pi*Log[2])
647	sin one	elementary	64	exact	3	x	ONE, SIN	0.000e+00	3	0.0	64.0	True	Sin[1]
648	reciprocal of the Khinchin-Lévy constant	elementary	64	exact	7	x, EIGHT, LOG, DIVIDE	NEG, ARCSIN, SQR	0.000e+00	74	15.9	64.0	True	(12*Log[2])/Pi^2
650	log10(7)	elementary	64	exact	6	x, NEG, NINE, SUBTRACT, POWER	SEVEN	0.000e+00	34	15.7	64.0	True	Log[10, 7]
651	3/(2*sqrt(Pi))	elementary	64	exact	6	x, PI, TIMES, SQR, TAN	ONE	0.000e+00	280	16.0	64.0	True	3/(2*Sqrt[Pi])
652	ubiquitous constant	special	64	exact	9	PI, SQRT, x, TIMES, SQRT	TWO, LOG, SINH, GAMMA	0.000e+00	1	16.1	64.0	True	(2*Pi^(3/2))/Gamma[1/4]^2
653	Regular paperfolding sequence	special	64	not found	9	x, EXP, SQR, EXP, SIN	SEVEN, COSH, ARCTAN, SIN	1.003e-10	0	16.1	10.0	True	Sum[8^2^n/(-1 + 2^2^(2 + n)), {n, 0, Infinity}]
654	maximal quantum success probability of the CHSH game	algebraic	64	exact	6	x, SQRT	EIGHT, PI, DIVIDE, COS	0.000e+00	72	0.7	64.0	True	Cos[Pi/8]^2
655	1/(2*K^2) = Product_(p prime congruent to 3 modulo 4) (1 - 1/p^2), where K is the Landau-Ramanujan constant	none	64	not found	9	x, LOG, COSH, SEVEN, POWER	SIX, INV, SEVEN, PLUS	3.079e-10	0	16.4	9.5	True	
656	rank-3 Artin constant	special	64	not found	9	x, GOLDENRATIO, SUBTRACT, SINH, ARCSIN	EIGHT, INV, COSH, INV	4.515e-10	0	15.9	9.3	True	Product[1 - 1/((-1 + Prime[\[FormalK]])*Prime[\[FormalK]]^3), {\[FormalK], 1, Infinity}]
657	four minus pi	elementary	64	exact	4	x	FOUR, TAN, ARCTAN	0.000e+00	42	0.0	64.0	True	4 - Pi
658	Champernowne base-2 constant	special	64	not found	9	EULER, SINH, x, TIMES, SIN	FOUR, SINH, SIX, DIVIDE	5.601e-10	0	15.9	9.3	True	ChampernowneNumber[2]
659	Steiner ratio of the Euclidean plane	algebraic	64	exact	4	x	TWO, ARCCOSH, TANH	1.282e-16	30	0.0	64.0	True	Sqrt[3]/2
660	log(4 - phi), where phi = A001622	elementary	64	exact	5	x	GOLDENRATIO, FOUR, SUBTRACT, LOG	0.000e+00	20	0.0	64.0	True	Log[4-GoldenRatio]
661	log e^2	elementary	64	exact	6	x, INV	THREE, ARCSINH, COSH, LOG	0.000e+00	30	0.7	64.0	True	Log10[E^2]
662	sqrt(Pi)/(2K)*exp(-gamma/2) where K is the Landau-Ramanujan constant and gamma the Euler-Mascheroni constant	none	64	not found	9	PI, x, POWER, ARCTAN, ARCTANH	SIX, ARCSINH, PI, SUBTRACT	1.003e-09	0	16.5	9.0	True	
663	square edge line-picking constant	elementary	64	not found	9	x, ARCSIN, TWO, ARCTAN, TIMES	SEVEN, COSH, SIN, SINH	2.032e-10	0	18.8	9.7	True	(2 + 5*Log[1 + Sqrt[2]] + Sqrt[2])/9
664	integral_{0..infinity} exp(-x^2)*log(x) dx	special	64	not found	9	x, SIN, ARCSINH, SQR, SINH	EULER, SIX, ARCTAN, DIVIDE	5.149e-10	0	16.1	9.3	True	-(-(1/4)*Sqrt[Pi]*( EulerGamma + 2*Log[2]))
666	product_{n>=1} (2n/(2n+1))^((-1)^t(n-1)), a probabilistic counting constant, where t(n) = A010060(n) is the Thue-Morse s	none	64	not found	9	x, FIVE, POWER, GAMMA, COS	SIX, COS, GAMMA, INV	6.559e-10	0	16.3	9.2	True	
667	total area of Ford circles	special	64	not found	9	x, GAMMA, NEG, ARCTAN, PLUS	NINE, EULER, DIVIDE, SINH	5.133e-11	0	16.3	10.3	True	(45*Zeta[3])/(2*Pi^3)
668	(5/18)*Pi	elementary	64	exact	6	x, THREE, TIMES, SIN	TWO, INV	0.000e+00	30	0.7	64.0	True	5Pi/18
669	a constant related to the asymptotic counting function of numbers of the form x^2 + 2*y^2 (A002479)	none	64	not found	9	THREE, x, POWER, GOLDENRATIO, SUBTRACT	FOUR, TANH, TANH, TAN	4.128e-10	0	16.1	9.4	True	
670	Integral_{x=0..Pi/2} sin(x)^(3/2) dx	special	64	not found	9	x, INV, ONE, SUBTRACT, EXP	SEVEN, LOG, SIN, SQR	9.533e-11	0	16.1	10.0	True	1/3*Sqrt[2]*EllipticK[1/2]
671	sqrt(2)/phi, where phi = (1+sqrt(5))/2	algebraic	64	exact	5	x	GOLDENRATIO, TWO, SQRT, DIVIDE	0.000e+00	22	0.0	64.0	True	Sqrt[2]/GoldenRatio
672	sum of reciprocal perfect powers (excluding 1)	none	64	not found	9	EULER, x, ARCCOS, COSH, POWER	FOUR, TAN, GOLDENRATIO, DIVIDE	3.962e-10	0	16.5	9.4	True	
673	average length of a line segment picked at random in a unit 5-cube	none	64	not found	9	x, ARCSINH, GOLDENRATIO, POWER, ARCCOSH	FIVE, ARCCOSH, ARCTAN, GAMMA	1.334e-10	0	16.0	9.9	True	
674	an Ising constant related to the triangular lattice	none	64	not found	9	x, ARCTANH, ARCCOSH, INV, ARCSINH	THREE, TANH, SQR, INV	1.120e-10	0	16.0	10.0	True	
675	quadratic class number constant	special	64	not found	9	x, SIX, ARCTAN, SUBTRACT, EXP	EIGHT, LOG, GAMMA, TAN	1.145e-10	0	16.2	9.9	True	Product[1 - 1/(Prime[\[FormalK]]^2*(1 + Prime[\[FormalK]])), {\[FormalK], 1, Infinity}]
676	positive minimum of the gamma function	special	64	not found	9	THREE, ARCCOSH, x, SUBTRACT, SQR	THREE, TANH, ARCSINH, SIN	4.892e-10	0	15.9	9.3	True	Gamma[Root[{PolyGamma[0, #1] & , 1.46163214496836234126265954233`29.164838085677864}]]
677	sqrt(Pi)/2	elementary	64	exact	4	x, SQR	ONE, ARCTAN	0.000e+00	21	0.0	64.0	True	Sqrt[Pi]/2
678	exp(gamma)/2	special	64	not found	9	THREE, TANH, x, TIMES, SQR	FOUR, TANH, SQRT, ARCTAN	5.313e-11	0	15.9	10.3	True	E^EulerGamma/2
679	reciprocal sum of integer powers constant	special	64	not found	9	SIX, x, ARCSIN, COS, POWER	SIX, GAMMA, INV, SIN	4.376e-11	0	15.8	10.4	True	Sum[-1 + Zeta[Prime[\[FormalK]]], {\[FormalK], 1, Infinity}]
680	Gamma(4/3)	special	64	exact	5	x	THREE, FOUR, DIVIDE, GAMMA	0.000e+00	7	0.0	64.0	True	Gamma[4/3]
681	Product_{p prime, p == 1 (mod 4)} (1 - 2/p^2)	none	64	not found	9	GOLDENRATIO, SQRT, x, TAN, DIVIDE	SEVEN, SIN, GAMMA, SIN	3.905e-10	0	15.9	9.4	True	
682	'delta', a constant arising in the asymptotics of the regularized product of the Fibonacci numbers	none	64	not found	9	x, COS, SIN, TANH, ARCCOS	SEVEN, COS, ARCTANH, INV	2.351e-10	0	16.2	9.6	True	
683	Gamma(5/3)	special	64	exact	5	x	THREE, LOG, COSH, GAMMA	0.000e+00	3	0.0	64.0	True	Gamma[5/3]
684	log10(8)	elementary	64	exact	6	x, NEG, NINE, SUBTRACT, POWER	EIGHT	0.000e+00	41	15.7	64.0	True	Log[10, 8]
685	disk line-picking constant	elementary	64	not found	8	SEVEN, x, POWER, ARCCOS	NEG, COSH, GOLDENRATIO, DIVIDE	3.571e-10	0	16.3	9.4	True	128/(45*Pi)
686	Gamma(5/4)	special	64	exact	5	x	TWO, LOG, COSH, GAMMA	0.000e+00	4	0.0	64.0	True	Gamma[5/4]
687	densest planar packing of circles constant	elementary	64	exact	6	THREE, SQRT, x, TIMES	ONE, ARCSIN	0.000e+00	54	0.7	64.0	True	Pi/(2*Sqrt[3])
688	value of x such that K(x) = 2E(x)	none	64	not found	9	x, FOUR, SUBTRACT, TAN, ARCSIN	GOLDENRATIO, EULER, GAMMA, SUBTRACT	8.623e-11	0	16.1	10.1	True	
689	(sqrt(Pi)/(2^(1/4)*Gamma(5/8)*Gamma(7/8)))^2	special	64	not found	9	SEVEN, x, POWER, ARCTAN, ARCSINH	NINE, SINH, COS, ARCSIN	2.812e-10	0	16.1	9.6	True	(Pi/Sqrt[2])*(1/(Gamma[5/8]*Gamma[7/8]))^2
690	(1 + sqrt(3))/3	algebraic	64	exact	7	x, THREE, TIMES	THREE, SQRT, ONE, PLUS	0.000e+00	135	15.8	64.0	True	(1+Sqrt[3])/3
691	Catalan's constant	special	64	not found	8	x, ARCCOS, THREE, SUBTRACT	SIX, EXP, ARCCOSH, SQRT	4.108e-10	0	16.1	9.4	True	Catalan
692	log root two pi	elementary	64	exact	6	x, EXP, SQR	PI, PI, PLUS	0.000e+00	33	0.7	64.0	True	Log[Sqrt[2*Pi]]
693	Gamma(7/4)	special	64	exact	5	x	FOUR, SEVEN, DIVIDE, GAMMA	0.000e+00	4	0.0	64.0	True	Gamma[7/4]
694	position of the positive real maximum of Dawson's integral D_+(x)	none	64	not found	9	x, NINE, POWER, GAMMA, SIN	EULER, EIGHT, PLUS, TANH	2.127e-11	0	16.4	10.7	True	
695	cube face line-picking constant	elementary	64	not found	9	EULER, COSH, x, TIMES, SIN	FOUR, SINH, SIN, SQR	9.645e-11	0	16.1	10.0	True	(4 - 7*Pi + 21*Log[1 + Sqrt[2]] + 42*Log[2 + Sqrt[3]] + 17*Sqrt[2] - 6*Sqrt[3])/75
696	Product_{n>=1} (1 - 1/(4n+1)^2)	special	64	not found	9	x, SQRT, SIX, PLUS, COS	GOLDENRATIO, GOLDENRATIO, ARCSINH, DIVIDE	4.517e-10	0	16.5	9.3	True	Product[1 - 1/(4 n + 1)^2, {n, 1, Infinity}]
697	an Ising constant related to the random coloring problem	special	64	not found	9	x, ARCTANH, SQR, ARCCOSH, INV	SEVEN, TANH, COS, TAN	4.017e-10	0	16.2	9.4	True	Log[2]/2 + 2*Catalan/Pi
698	rank-4 Artin constant	special	64	not found	9	x, SQR, PI, POWER, GAMMA	SIX, TANH, INV, COSH	8.338e-11	0	16.1	10.1	True	Product[1 - 1/((-1 + Prime[\[FormalK]])*Prime[\[FormalK]]^4), {\[FormalK], 1, Infinity}]
699	-zeta'(2) (the first derivative of the zeta function at 2)	none	64	not found	9	x, COSH, TAN, SQRT, SINH	EIGHT, THREE, EXP, SUBTRACT	1.524e-10	0	16.3	9.8	True	
700	(4K/Pi)^2 where K is the Landau-Ramanujan constant	none	64	not found	8	x, TWO, COSH, DIVIDE, SIN	EULER, COS, ARCTAN	2.051e-10	1	16.4	9.7	True	
701	Pi*(1+sqrt(2))/8	elementary	64	exact	8	NEG, ARCSINH, EXP, x, TIMES	EIGHT, PI, DIVIDE	0.000e+00	20	15.9	64.0	True	Pi*(1+Sqrt[2])/8
702	log10(9)	elementary	64	exact	6	x, THREE, ARCSINH, COSH, POWER	THREE	0.000e+00	59	15.9	64.0	True	Log[10, 9]
703	3/π	elementary	64	exact	4	x	PI, THREE, DIVIDE	0.000e+00	21	0.0	64.0	True	3/Pi
704	Magic angle	elementary	64	exact	4	x	TWO, SQRT, ARCTAN	0.000e+00	24	0.0	64.0	True	ArcCos[1/Sqrt[3]]
705	(log(2) + Pi)/4	elementary	64	exact	7	x, FOUR, TIMES	TWO, LOG, PI, PLUS	0.000e+00	106	16.1	64.0	True	(Log[2]+Pi)/4
706	a limit associated with the asymptotic number of ways of writing a number as a sum of powers of 2, with each power used 	elementary	64	not found	9	x, SINH, SINH, COSH, LOG	PI, SQRT, GAMMA, TANH	1.330e-10	0	16.5	9.9	True	3^(Log[GoldenRatio]/Log[2]) / Sqrt[5]
707	a constant related to the asymptotic expansion of the Lebesgue constant corresponding to the n-th Chebyshev polynomial	special	64	not found	9	x, EXP, COSH, COS, SINH	SEVEN, TANH, TAN, TANH	8.696e-11	0	16.2	10.1	True	2/Pi*(3*Log[2] - Log[Pi] + EulerGamma)
708	L(3, chi4), where L(s, chi4) is the Dirichlet L-function for the non-principal character modulo 4	elementary	64	exact	7	ONE, ARCSIN, x, DIVIDE	NEG, ARCTAN, SQR	0.000e+00	98	15.6	64.0	True	Pi^3/32
709	Lochs constant	elementary	64	not found	9	x, ARCTANH, LOG, SINH, COS	NINE, TAN, EXP, ARCSIN	2.914e-11	0	15.9	10.5	True	6*Log[2]*Log[10]/Pi^2
710	4*K/Pi, a constant appearing in the asymptotic evaluation of the number of non-hypotenuse numbers not exceeding a given 	none	64	not found	9	x, INV, THREE, ARCTAN, SUBTRACT	TWO, ARCTAN, SINH, COS	1.258e-10	0	15.4	9.9	True	
711	log 3π	elementary	64	exact	8	x, NEG, NINE, SUBTRACT, POWER	PI, THREE, TIMES	0.000e+00	2	15.1	64.0	True	Log10[3*Pi]
712	Elbert constant	special	64	not found	9	x, ARCCOS, TAN, ARCSIN, SINH	GOLDENRATIO, THREE, PLUS, INV	8.222e-12	2	15.2	11.1	True	ConditionalExpression[Extension`ElbertConstant == 1 + E^\[FormalU] - (\[FormalV]*E^\[FormalU])/2 + E^(\[FormalU] + \[FormalV]/2) - E^\[FormalV], E^\[FormalU] + 2*E^(\[FormalU] + \[FormalV]/2) + E^(\[FormalV]/2) + E^(\[FormalU] + \[FormalV]) == 2*E^\[FormalV] + E^((3*\[FormalV])/2) && 1 + (1 + \[FormalU] - \[FormalV])*E^\[FormalU] + 2*E^(\[FormalU] + \[FormalV]/2) == 2*E^\[FormalV] && -1/3 < \[FormalU] < 0 && 1/3 < \[FormalV] < 1]
713	4*sqrt(2) - 6*sqrt(6)/Pi	elementary	64	not found	9	x, TAN, SINH, GAMMA, INV	EULER, SQRT, ARCSINH, SIN	8.585e-11	2	15.4	10.1	True	4Sqrt[2]-6Sqrt[6]/Pi
714	generalized Glaisher-Kinkelin constant A(3)	special	64	not found	9	x, ARCTANH, ARCTAN, ARCSINH, SQR	EIGHT, ARCSINH, COSH, SIN	4.554e-11	0	15.3	10.3	True	Exp[-11/720 - Zeta'[-3]]
715	a parking constant related to the asymptotic expected number of cars, assuming random car lengths	none	64	not found	9	NEG, COSH, x, ARCSIN, DIVIDE	EIGHT, SQRT, COS, SQR	3.717e-10	0	14.4	9.4	True	
716	a constant related to the asymptotic evaluation of Product_{p prime congruent to 3 modulo 4} (1 + 1/p)	none	64	not found	9	x, SQR, ARCSINH, COS, SQR	EULER, SQR, PI, DIVIDE	6.986e-11	0	14.4	10.2	True	
717	ln(Gamma(1/3))	special	64	exact	5	x, EXP	THREE, INV, GAMMA	0.000e+00	20	0.0	64.0	True	LogGamma[1/3]
718	Reuleaux triangle square cutting fraction	elementary	64	not found	9	EULER, TANH, SQRT, x, DIVIDE	GOLDENRATIO, THREE, TANH, POWER	9.823e-11	0	14.6	10.0	True	-3 + Pi/6 + 2*Sqrt[3]
719	logarithm of Khinchin constant	special	64	not found	9	EIGHT, TANH, LOG, x, PLUS	SIX, ARCTAN, ARCCOSH, SINH	1.067e-10	0	14.3	10.0	True	Log[Khinchin]
720	phi(0), an auxiliary constant associated with Shapiro's cyclic sum constant lambda	none	64	not found	8	x, ARCSIN, SQRT, THREE, SUBTRACT	NINE, ARCCOSH, GAMMA	4.073e-10	0	14.4	9.4	True	
721	Asymptotic behavior of Lebesgue constants	special	64	not found	9	EULER, SQRT, TAN, x, POWER	NINE, ARCTAN, COSH, GAMMA	2.029e-10	0	14.5	9.7	True	(-4*PolyGamma[0, 1/2])/Pi^2 + (8*Sum[Log[k]/(-1 + 4*k^2), {k, 1, Infinity}])/Pi^2
722	generalized Glaisher-Kinkelin constant A(4)	special	64	not found	9	x, GAMMA, COS, TAN, ARCSIN	NINE, EXP, ARCTAN, INV	9.026e-10	0	14.4	9.0	True	Exp[-3*Zeta[5]/(4*Pi^4)]
723	log π^2	elementary	64	exact	6	x, THREE, ARCSINH, COSH, POWER	PI	1.117e-16	44	14.1	64.0	True	Log10[Pi^2]
724	Ramanujan's first continued fraction constant	elementary	64	not found	9	TWO, ARCCOSH, SIN, x, POWER	GOLDENRATIO, GOLDENRATIO, SIN, POWER	1.212e-10	0	13.7	9.9	True	Exp[(2*Pi)/5]*(-GoldenRatio + Sqrt[GoldenRatio*Sqrt[5]])
725	One	rational	64	exact	2	x	ONE	0.000e+00	10	0.0	64.0	True	1
726	'nu', a coefficient related to the variance for searching corresponding to patricia tries	none	64	false positive	7	x, INV, SQR	GOLDENRATIO, SQR, EXP, TANH	6.661e-16	66	12.9	15.2	True	
727	zeta(9)	special	64	not found	9	x, COSH, EXP, GAMMA, ARCSINH	PI, SQRT, TWO, POWER	2.729e-10	0	13.4	9.6	True	Zeta[9]
728	side of the equilateral triangle that can cover every triangle of perimeter 2	none	64	not found	8	x, TAN, FIVE, PLUS, TAN	NEG, COS, SQR	1.610e-10	0	13.4	9.8	True	
729	generalized Stirling constant	none	64	not found	9	ONE, TAN, x, TAN, DIVIDE	EULER, ARCSINH, SIN, GAMMA	2.173e-10	0	13.5	9.7	True	
730	Pi^3/(36*sqrt(3)) + 91*zeta(3)/216	special	64	not found	9	NINE, x, DIVIDE, GAMMA, SIN	PI, LOG, GAMMA, SIN	2.945e-10	0	13.5	9.5	True	Pi^3/(36*Sqrt[3])+91*Zeta[3]/216
731	DeVicci's tesseract constant	algebraic	64	not found	9	x, SEVEN, POWER, SIN, SINH	SEVEN, GAMMA, TAN, COS	4.193e-10	0	13.5	9.4	True	Root[16 + 16*#1^2 - 7*#1^4 - 28*#1^6 + 4*#1^8 & , 3, 0]
732	zeta(7)	special	64	not found	9	x, ARCTAN, COSH, TAN, INV	FOUR, INV, ARCSIN, TANH	6.127e-11	0	13.5	10.2	True	Zeta[7]
733	generalized Glaisher-Kinkelin constant A(5)	special	64	not found	9	SIX, x, SEVEN, DIVIDE, SUBTRACT	EIGHT, ARCSINH, ARCCOSH, TANH	1.272e-10	0	13.4	9.9	True	Exp[137/15120-Zeta'[-5]]
734	Pi^3/64 + 7*zeta(3)/16	special	64	not found	9	x, TANH, ARCTAN, SQR, GAMMA	FOUR, INV, COS, ARCTANH	4.710e-10	0	13.4	9.3	True	Pi^3/64+7Zeta[3]/16
735	Gieseking constant	special	64	not found	9	x, COSH, COSH, ARCTAN, ARCCOSH	EIGHT, TANH, COS, ARCTANH	6.730e-10	0	13.6	9.2	True	(3*Sqrt[3]*(1 - PolyGamma[1, 2/3]/9 + PolyGamma[1, 4/3]/9))/4
736	h_3, a constant related to certain evaluations of the gamma function from elliptic integrals	special	64	not found	9	x, EULER, DIVIDE, LOG, ARCTANH	EULER, EIGHT, PLUS, LOG	4.347e-11	0	14.1	10.4	True	4*EllipticK[4*Sqrt[3]-7]/(Sqrt[2+Sqrt[3]]*Pi)
737	2*Pi^3/(81*sqrt(3)) + 13*zeta(3)/27	special	64	not found	8	x, ARCCOSH, EIGHT, ARCTAN, POWER	PI, ARCSINH, ARCTAN	8.117e-10	0	14.1	9.1	True	2Pi^3/(81Sqrt[3])+13Zeta[3]/27
738	an Ising constant related to the hexagonal lattice	none	64	not found	9	THREE, x, POWER, SINH, COS	FIVE, COS, ARCTAN, ARCTAN	1.231e-10	0	14.8	9.9	True	
739	6*arcsec(sqrt(3))/Pi^(3/2), an extreme value constant	special	64	not found	9	x, EIGHT, GAMMA, DIVIDE, SIN	EIGHT, ARCCOSH, SQR, TANH	2.295e-10	0	14.3	9.6	True	6*ArcSec[Sqrt[3]]/Pi^(3/2)
740	e^pi/pi^e	elementary	64	exact	7	x, PI, EXP, DIVIDE	EULER, PI, POWER	2.155e-16	26	14.0	64.0	True	E^Pi/Pi^E
741	continued fraction constant (base 10)	elementary	64	not found	9	x, ARCCOSH, ARCSINH, FOUR, DIVIDE	GOLDENRATIO, SQRT, NINE, POWER	4.357e-10	0	14.1	9.4	True	Pi^2/(6Log[2]Log[10])
742	generalized Glaisher-Kinkelin constant A(2)	special	64	not found	9	x, SQRT, COS, LOG, ARCSIN	FIVE, ARCSINH, GOLDENRATIO, SUBTRACT	1.515e-11	0	14.1	10.8	True	Exp[Zeta[3]/(4*Pi^2)]
743	generalized hypergeometric function 3F2(1/2,1/2,1/2; 3/2,3/2; x) at x=1/2	special	64	not found	9	x, TAN, NEG, PLUS, COSH	SIX, SIN, COSH, SINH	1.597e-10	0	15.1	9.8	True	(Pi*Log[2]/4 + Catalan)/Sqrt[2]
744	Hadamard-de la Vallee-Poussin constant	special	64	not found	9	x, NINE, POWER, COSH, SIN	FIVE, TAN, SQR, TANH	2.228e-12	0	15.0	11.7	True	EulerGamma + Sum[(-1 + Prime[\[FormalK]])^(-1) + Log[1 - Prime[\[FormalK]]^(-1)], {\[FormalK], 1, Infinity}]
745	secant of 15 degrees (cosecant of 75 degrees)	algebraic	64	exact	6	TWO, SQRT, x, PLUS	SIX, SQRT	0.000e+00	60	0.7	63.6	True	Sec[15 Degree]
746	zeta(5)	special	64	not found	9	x, GOLDENRATIO, INV, TAN, SUBTRACT	GOLDENRATIO, SQRT, ARCCOSH, LOG	1.264e-10	0	15.0	9.9	True	Zeta[5]
747	Landau-Kolmogorov constant C(3,1) for derivatives in the case L_infinity(-infinity, infinity)	none	64	exact	6	THREE, x, POWER	EIGHT, NINE, DIVIDE	0.000e+00	26	0.7	64.0	True	
748	log10(11)	elementary	64	exact	8	x, NEG, NINE, SUBTRACT, POWER	TWO, NINE, PLUS	0.000e+00	2	15.5	63.5	True	Log[10, 11]
749	sec(phi), a constant related to the "broadworm" (or "caliper") problem	none	64	not found	9	x, SQR, TAN, SIN, EXP	EULER, TWO, POWER, SQRT	2.873e-11	0	15.2	10.5	True	
750	Landau-Kolmogorov constant C(5,1) for derivatives in the case L_infinity(infinity, infinity)	none	64	not found	9	x, LOG, GAMMA, LOG, GAMMA	NINE, THREE, EXP, DIVIDE	3.087e-10	0	15.0	9.5	True	
751	li(2) = gamma + log(log(2)) + Sum_{k>=1} log(2)^k / ( k*k! )	special	64	not found	9	SEVEN, TAN, TAN, x, PLUS	NEG, COS, LOG, ARCCOS	9.690e-11	0	15.0	10.0	True	LogIntegral[2]
752	third pi	elementary	64	exact	4	x	TWO, INV, ARCCOS	0.000e+00	39	0.0	64.0	True	Pi/3
753	asymptotic constant in Goebel's sequence A003504	none	64	not found	9	PI, SEVEN, x, POWER, DIVIDE	NEG, ARCTAN, EXP, ARCSINH	3.347e-10	0	15.2	9.5	True	
754	Sum_{i>=0} 1/(2*i+1)^3	special	64	not found	9	x, SQR, ARCSINH, SQR, ARCTAN	EULER, COS, ARCTAN, COS	7.072e-10	0	15.0	9.2	True	7 Zeta[3]/8
755	192*K^2*G/Pi^4 = Product_{p prime congruent to 1 modulo 4} (1 + 1/p^2), where K is the Landau-Ramanujan constant and G C	none	64	not found	9	EULER, SQR, x, GAMMA, POWER	FOUR, ARCSINH, GAMMA, ARCTAN	6.793e-10	2	15.0	9.2	True	
756	1/2+2/sqrt(13), a constant related to the asymptotic evaluation of the number of self-avoiding rook paths joining opposi	algebraic	64	exact	9	TWO, INV, x, SUBTRACT, ARCSIN	THREE, TWO, DIVIDE, ARCTAN	0.000e+00	5	15.0	63.5	True	1/2 + 2/Sqrt[13]
757	an infinite product involving the ratio of n! to its Stirling approximation	special	64	not found	9	PI, x, POWER, LOG, SINH	GOLDENRATIO, SINH, COSH, INV	3.923e-10	0	15.2	9.4	True	Glaisher^3/(2^(7/12)*Pi^(1/4))
758	Twelfth root of 2	algebraic	64	exact	5	SIX, x, POWER	TWO, SQRT	0.000e+00	12	0.1	63.4	True	2^(1/12)
759	(3/4)*sqrt(2)	algebraic	64	exact	5	x	TWO, SQRT, LOG, COSH	0.000e+00	100	0.0	63.3	True	3 Sqrt[2]/4
760	I, a constant appearing (as I^2) in the asymptotic variance of the area of the convex hull of random points in the unit 	special	64	exact	9	TWO, SQRT, x, TIMES, SQRT	TWO, LOG, SINH, GAMMA	0.000e+00	1	14.9	63.5	True	Sqrt[2]*Pi^2/Gamma[1/4]^2
761	(8*G - Pi*log(2 + sqrt(3)))/3, where G = A006752	special	64	not found	9	NINE, x, DIVIDE, GAMMA, SQRT	SEVEN, ARCSINH, ARCSINH, COSH	8.073e-10	0	15.0	9.1	True	(8Catalan-Pi Log[2+Sqrt[3]])/3
762	(gamma + log(16))/Pi	special	64	not found	9	x, EIGHT, SINH, POWER, COS	NINE, COSH, LOG, TANH	5.596e-11	1	15.2	10.3	True	(EulerGamma + Log[16])/Pi
763	m_3, the expected number of returns to the origin in a three-dimensional random walk restricted to the region x >= y >= 	none	64	not found	9	x, SEVEN, PLUS, COSH, SIN	SEVEN, ARCSINH, COSH, TANH	9.095e-12	0	15.3	11.0	True	
764	Sum_{k >= 0} 1/(4*k+1)^2	special	64	not found	9	PI, LOG, ARCCOSH, x, TIMES	FOUR, LOG, LOG, SQRT	7.748e-11	2	14.8	10.1	True	Catalan/2 + Pi^2/16
765	expected number of returns to the origin of a random walk on an 8-d lattice	none	64	not found	9	x, ARCCOSH, SQR, ARCSIN, EXP	NEG, COSH, ARCTAN, SINH	6.193e-10	2	15.0	9.2	True	
766	beta = 1.07869..., the best constant in Friedrichs' inequality in one dimension	none	64	not found	9	x, TAN, COS, ONE, SUBTRACT	EULER, GAMMA, SQR, GAMMA	8.868e-11	2	15.0	10.1	True	
767	Landau-Kolmogorov constant C(4,1) for derivatives in the case L_infinity(infinity, infinity)	none	64	not found	9	FIVE, x, ARCSINH, POWER, ARCCOS	SIX, ARCTAN, ARCTAN, ARCTAN	3.137e-10	2	15.0	9.5	True	
768	c = twice the maximum of Dawson's integral, a constant used in the asymptotic evaluation of the ideal hyperbolic n-cube 	none	64	not found	9	x, EXP, SQRT, ARCTAN, TANH	FIVE, COS, ARCCOS, INV	2.656e-13	0	14.8	12.6	True	
769	zeta(4) = pi^4/90	elementary	64	exact	9	PI, SQR, SQR, x, DIVIDE	SEVEN, GAMMA, EIGHT, DIVIDE	0.000e+00	4	14.6	63.4	True	Pi^4/90
770	6*exp(gamma)/Pi^2	special	64	not found	9	x, SQR, ARCTAN, LOG, SQR	EIGHT, COS, SQR, ARCTANH	2.865e-11	0	15.0	10.5	True	6*Exp[EulerGamma]/Pi^2
771	Feller α coin-tossing constant	algebraic	64	not found	9	PI, INV, x, ARCSINH, POWER	GOLDENRATIO, ARCTAN, SQR, GAMMA	6.207e-12	0	14.8	11.2	True	(2*(-1 - 2/(17 + 3*Sqrt[33])^(1/3) + (17 + 3*Sqrt[33])^(1/3)))/3
772	1/Gamma(7/4)	special	64	exact	6	x, INV	FOUR, SEVEN, DIVIDE, GAMMA	0.000e+00	5	0.7	63.7	True	1/Gamma[7/4]
773	Pi*log(2)/2	elementary	64	exact	6	x, EXP	PI, TWO, POWER, SQRT	0.000e+00	138	0.7	63.4	True	Pi*Log[2]/2
775	1/2+G/Pi, the highest limiting crest of a square wave Fourier series, where G is the Gibbs-Wilbraham constant	none	64	not found	9	x, ARCCOSH, TWO, SIN, SUBTRACT	NEG, SIN, ARCTAN, SQR	2.599e-11	0	14.8	10.6	True	
776	expected number of returns to the origin of a random walk on a 7-d lattice	none	64	not found	9	PI, x, ARCTAN, ARCSIN, POWER	SEVEN, ARCTAN, LOG, COS	7.492e-10	0	15.3	9.1	True	
777	Gamma(1/4)^4/(16*Pi^2)	special	64	not found	9	TWO, SQRT, x, DIVIDE, SIN	EIGHT, SIN, TANH, ARCSINH	3.433e-10	0	15.3	9.5	True	Gamma[1/4]^4/(16Pi^2)
778	square root of 6/5	none	64	exact	5	x	FIVE, SIX, DIVIDE, SQRT	0.000e+00	49	0.1	63.4	True	
779	a 5-dimensional analog of DeVicci's tesseract constant	algebraic	64	exact	6	THREE, SQRT, x, PLUS	EIGHT, SQRT	0.000e+00	13	0.7	63.4	True	Sqrt[11-4*Sqrt[6]]
781	ln(3)	elementary	64	exact	3	x	THREE, LOG	0.000e+00	4	0.0	63.5	True	Log[3]
782	Paris constant	special	64	not found	9	PI, x, PI, TIMES, POWER	SEVEN, SINH, ARCCOSH, SQR	2.200e-10	0	14.8	9.7	True	ConditionalExpression[Extension`ParisConstant == Limit[(2*GoldenRatio)^\[FormalN]*(GoldenRatio - Subscript[\[FormalCapitalF], \[FormalN]]), \[FormalN] -> Infinity]/2, Subscript[\[FormalCapitalF], 1] == 1 && Subscript[\[FormalCapitalF], \[FormalN]] == Sqrt[1 + Subscript[\[FormalCapitalF], -1 + \[FormalN]]]]
783	Lengyel constant	special	64	not found	8	GOLDENRATIO, EXP, x, POWER, ARCCOSH	GOLDENRATIO, ARCSINH, ARCSINH	1.978e-11	0	15.0	10.7	True	ConditionalExpression[Extension`LengyelConstant == Limit[(2^\[FormalN]*\[FormalN]^(1 + Log[2]/3)*Subscript[\[FormalC], \[FormalN]]*Log[2]^\[FormalN])/\[FormalN]!^2, \[FormalN] -> Infinity], Subscript[\[FormalC], 1] == 1 && Subscript[\[FormalC], \[FormalN]] == Sum[StirlingS2[\[FormalN], \[FormalK]]*Subscript[\[FormalC], \[FormalK]], {\[FormalK], 1, -1 + \[FormalN]}]]
784	log 4π	elementary	64	exact	8	x, NEG, NINE, SUBTRACT, POWER	PI, FOUR, TIMES	0.000e+00	2	14.8	63.8	True	Log10[4*Pi]
785	9*Sum_{k>=1} 1/(10^k-1)	none	64	not found	9	x, ARCSINH, INV, TAN, SQR	GOLDENRATIO, ARCCOSH, TWO, PLUS	3.165e-11	0	14.8	10.5	True	
786	1/Gamma(5/4)	special	64	exact	6	x, INV	TWO, LOG, COSH, GAMMA	0.000e+00	23	0.7	63.4	True	1/Gamma[5/4]
788	sqrt(8/Pi)*log(2), a constant related to the asymptotic evaluation of the minimum number of one-dimensional random walks	elementary	64	exact	7	x, FOUR, LOG, DIVIDE	ONE, ARCSIN, SQRT	0.000e+00	42	14.6	64.0	True	Sqrt[8/Pi]*Log[2]
790	1/Gamma(5/3)	special	64	exact	6	x, INV	THREE, LOG, COSH, GAMMA	0.000e+00	4	0.7	64.0	True	1/Gamma[5/3]
791	Pi/(2*sqrt(2))	none	64	exact	5	x	EIGHT, SQRT, PI, DIVIDE	0.000e+00	17	0.0	63.6	True	
792	4*L/(3*Pi), a constant related to the asymptotic evaluation of the number of primes of the form a^2+b^4, where L is Gaus	none	64	not found	9	FOUR, x, POWER, SIX, POWER	EULER, COSH, EIGHT, PLUS	3.866e-10	0	14.9	9.4	True	
793	log10(13)	elementary	64	exact	8	x, NEG, NINE, SUBTRACT, POWER	FOUR, NINE, PLUS	0.000e+00	2	15.2	64.0	True	Log[10, 13]
794	positive real root of 3*x^4 - x^3 - x^2 - 2, a constant related to quasi-isometric mappings	none	64	not found	9	x, TAN, LOG, ARCSIN, ARCSIN	SIX, SQR, ARCTAN, TANH	1.429e-09	0	14.6	8.8	True	
795	Landau-Kolmogorov constant C(5,2) for derivatives in the case L_infinity(infinity, infinity)	none	64	not found	9	x, NINE, TIMES, TAN, TAN	NEG, COS, ARCTAN, COS	2.053e-10	0	14.7	9.7	True	
796	expected number of returns to the origin of a random walk on a 6-d lattice	none	64	not found	9	THREE, x, SINH, POWER, TAN	FOUR, GOLDENRATIO, SUBTRACT, SIN	1.594e-10	0	14.8	9.8	True	
797	Goh-Schmutz constant	special	64	not found	9	THREE, x, POWER, INV, ARCTANH	SIX, EULER, DIVIDE, COS	5.599e-10	0	15.3	9.3	True	-Sum[(E^\[FormalK]*ExpIntegralEi[-\[FormalK]])/\[FormalK], {\[FormalK], 1, Infinity}]
798	Steinitz constant of the Euclidean plane	algebraic	64	exact	4	x	GOLDENRATIO, LOG, COSH	0.000e+00	24	0.0	63.6	True	Sqrt[5]/2
799	Landau-Kolmogorov constant C(5,3) for derivatives in the case L_infinity(infinity, infinity)	none	64	exact	9	FIVE, x, POWER, TWO, TIMES	FOUR, LOG, SINH, SQR	0.000e+00	1	15.4	63.9	True	
800	1/Gamma(4/3)	special	64	exact	6	x, INV	THREE, LOG, SINH, GAMMA	0.000e+00	29	0.7	63.6	True	1/Gamma[4/3]
801	2*exp(-gamma)	special	64	not found	9	x, THREE, TANH, DIVIDE, SQR	FOUR, TANH, SQRT, ARCTAN	5.313e-11	0	15.0	10.3	True	2*Exp[-EulerGamma]
802	zeta(7/2)	special	64	not found	9	SIX, x, POWER, THREE, SUBTRACT	GOLDENRATIO, COS, SIN, EXP	9.308e-10	0	14.9	9.0	True	Zeta[7/2]
803	2/sqrt(pi)	elementary	64	exact	5	x	ONE, ARCTAN, INV, SQRT	0.000e+00	59	0.0	63.4	True	2/Sqrt[Pi]
805	a coefficient associated with the asymptotics of the average distance between a vertex and the root of a random rooted t	none	64	not found	9	x, TANH, ARCCOS, SQRT, ARCSIN	NEG, TAN, COSH, LOG	1.546e-10	0	14.9	9.8	True	
806	digital search tree β constant	special	64	not found	9	x, COSH, SINH, LOG, TAN	SEVEN, GOLDENRATIO, POWER, ARCTAN	2.078e-10	0	14.9	9.7	True	-1 + (Log[2]*QPolyGamma[0, 1, 1/2] + QPolyGamma[1, 1, 1/2])/Log[2]^2
807	extreme value skewness	special	64	not found	9	x, PI, SUBTRACT, TAN, TAN	EIGHT, SQR, SIN, COSH	3.779e-10	0	14.8	9.4	True	12*Sqrt[6]*Zeta[3]/Pi^3
808	a function approximation constant which is the analog of Gibbs's constant 2*G/Pi (A036793) for de la Vallée-Poussin sums	none	64	not found	9	SEVEN, ARCSINH, SQR, x, POWER	FOUR, PI, ARCTAN, POWER	2.113e-10	0	14.7	9.7	True	
809	ln(pi)	elementary	64	exact	3	x	PI, LOG	0.000e+00	4	0.0	63.4	True	Log[Pi]
810	1/sqrt(tanh(1))	elementary	64	exact	5	x	ONE, TANH, INV, SQRT	0.000e+00	52	0.0	63.5	True	1/Sqrt[Tanh[1]]
811	Goldbach-Vinogradov constant	special	64	not found	9	x, ARCCOSH, SQR, LOG, SQR	SEVEN, ARCTAN, SQRT, SINH	1.588e-11	0	14.8	10.8	True	Product[1 + (-1 + Prime[\[FormalK]])^(-3), {\[FormalK], 1, Infinity}]/2
812	Pi^2/(16*K^2*G) = Product_{p prime congruent to 3 modulo 4} (1 + 1/p^2), where K is the Landau-Ramanujan constant and G 	none	64	not found	9	x, LOG, GAMMA, SIX, DIVIDE	NINE, ARCSINH, ARCCOSH, GAMMA	2.518e-10	0	14.7	9.6	True	
813	Second Hermite constant	algebraic	64	exact	5	x	TWO, INV, ARCTANH, COSH	0.000e+00	168	0.1	64.0	True	2/Sqrt[3]
814	expected number of returns to the origin of a random walk on a 5-d lattice	none	64	not found	9	x, TAN, COS, SQR, TAN	SEVEN, TANH, TAN, LOG	9.627e-11	0	15.0	10.0	True	
815	cubic recurrence constant	special	64	not found	9	x, COS, ARCSINH, INV, GAMMA	SIX, TANH, SIN, COSH	1.813e-10	0	14.7	9.7	True	Product[\[FormalK]^3^(-\[FormalK]), {\[FormalK], 1, Infinity}]
816	'xiHat', a constant used in the asymptotic evaluation of e.g.f. coefficients for the number of labeled mobiles	none	64	not found	8	x, COS, TWO, SIN, PLUS	TWO, COSH, ARCTAN	1.527e-10	0	14.7	9.8	True	
817	grazing goat constant	special	64	not found	9	x, INV, GAMMA, ARCSINH, ARCTANH	PI, PI, PLUS, LOG	1.424e-11	0	14.7	10.8	True	Root[{Pi - 2*ArcCos[1 - #1^2/2] - 2*ArcCos[#1/2]*#1^2 + #1*Sqrt[4 - #1^2] & , 1.158728473018121517828233509934`30.063981678858028}]
818	Given the two curves y = exp(-x) and y = 2/(exp(x) + exp(x/2)), draw a line tangent to both. This sequence is the decima	none	64	not found	9	x, TWO, TANH, SINH, SUBTRACT	SEVEN, ARCTAN, ARCTAN, LOG	5.046e-11	0	14.7	10.3	True	
819	expectation of the maximum of a size 5 sample from a normal (0,1) distribution	special	64	not found	9	x, COS, SQRT, SINH, ARCCOS	SIX, ARCSINH, LOG, SQR	1.457e-10	0	14.7	9.8	True	5/Sqrt[Pi] - 15*ArcCsc[Sqrt[3]]/Pi^(3/2)
820	'c', an optimal stopping constant associated with the two choice case	none	64	not found	9	SIX, ARCSINH, x, DIVIDE, TANH	FIVE, ARCCOSH, COS, SQR	3.544e-10	0	14.9	9.5	True	
821	spanning tree constant of the square lattice	special	64	not found	9	x, SINH, SQR, EULER, SUBTRACT	NEG, SIN, COS, SIN	4.144e-11	0	14.7	10.4	True	4*Catalan/Pi
822	(5 + 3*sqrt(5))/10	algebraic	64	exact	6	x, GOLDENRATIO, SUBTRACT	TWO, ARCTAN, COS	0.000e+00	140	0.7	63.5	True	(5 + 3 Sqrt[5])/10
823	sinh one	elementary	64	exact	3	x	ONE, SINH	0.000e+00	4	0.0	64.0	True	Sinh[1]
824	Salem constant	algebraic	64	not found	9	GOLDENRATIO, THREE, PLUS, x, DIVIDE	NINE, FIVE, ARCCOSH, DIVIDE	2.438e-10	0	15.0	9.6	True	Root[1 + #1 - #1^3 - #1^4 - #1^5 - #1^6 - #1^7 + #1^9 + #1^10 & , 2, 0]
825	root ln four	elementary	64	exact	4	x	FOUR, LOG, SQRT	0.000e+00	20	0.0	63.4	True	Sqrt[Log[4]]
826	Gibbs constant	special	64	not found	9	x, COS, EXP, SQR, SIN	FOUR, TAN, SIN, SQR	5.376e-10	0	14.8	9.3	True	(2*SinIntegral[Pi])/Pi
827	Lévy's constant	elementary	64	exact	7	EIGHT, LOG, x, TIMES	NEG, ARCSIN, SQR	0.000e+00	105	14.6	63.5	True	Pi^2/(12*Log[2])
828	Foias constant	none	64	not found	9	SEVEN, EXP, x, TIMES, SIN	ONE, TAN, SIN, SQRT	1.107e-10	0	14.8	10.0	True	
829	2^(1/4)	algebraic	64	exact	4	x	TWO, SQRT, SQRT	0.000e+00	20	0.0	63.6	True	2^(1/4)
830	theta_2, one of the angles associated with the bow-and-arrow configuration used in the 2-arc smallest length problem	none	64	not found	9	x, TWO, SUBTRACT, SQR, ARCCOS	GOLDENRATIO, TWO, SIN, POWER	2.174e-10	0	15.1	9.7	True	
831	arithmetic-geometric mean constant	special	64	not found	9	SIX, x, SUBTRACT, TAN, SQRT	FOUR, ARCCOSH, GOLDENRATIO, TIMES	1.567e-10	0	15.3	9.8	True	(2*Pi^(3/2)*Sqrt[2])/Gamma[1/4]^2
832	real fixed point of coth(z)	special	64	not found	9	x, SQR, ARCCOSH, COS, SINH	NINE, LOG, LOG, TANH	2.373e-10	0	14.7	9.6	True	Root[{-Coth[#1] + #1 & , 1.199678640257733833916369848641`30.079064926502777}]
833	lim_{n->infinity} ((1/log(n)^2)*Product_{2 < p < n, p prime} p/(p-2))	none	64	not found	9	x, TANH, ARCCOS, GAMMA, SQR	FIVE, EXP, SIN, ARCCOS	6.798e-10	0	15.1	9.2	True	
834	sqrt(e^(1/e)) = 1.20194336847031	elementary	64	exact	5	x	EULER, INV, EXP, SQRT	0.000e+00	39	0.1	63.9	True	E^(E^-1/2)
835	Apéry's constant	special	64	not found	9	x, LOG, SIN, FIVE, TIMES	FIVE, COSH, ARCTAN, TANH	2.749e-10	0	14.9	9.6	True	Zeta[3]
836	growth constant in random Fibonacci sequence	algebraic	64	not found	9	EULER, x, SIN, POWER, SQR	NINE, TANH, TANH, SIN	2.336e-11	0	14.8	10.6	True	Root[#1^3 + #1^2 - #1 - 2 &, 1]
837	sqrt(A224273)	special	64	not found	9	x, TAN, TAN, ONE, PLUS	EULER, SIN, ARCSIN, ARCTANH	1.507e-10	0	14.8	9.8	True	Sqrt[3] Gamma[1/3]^(3/2)/(2 Pi)
838	2/sqrt(e), a constant appearing in the expression of the asymptotic expected volume V(d) of the convex hull of randomly 	elementary	64	exact	5	x	EULER, FOUR, DIVIDE, SQRT	0.000e+00	38	0.0	63.4	True	2/Sqrt[E]
839	12/Pi^2	elementary	64	exact	6	x, THREE, DIVIDE	NEG, ARCSIN, SQR	0.000e+00	68	0.7	63.7	True	12/Pi^2
840	positive real root of x^4 - x - 1	algebraic	64	not found	9	x, TAN, COS, ARCTAN, ARCTAN	THREE, COS, TANH, TANH	1.483e-10	0	14.9	9.8	True	Root[#1^4 - #1 - 1 &, 2]
841	Mertens constant C(5,1)	none	64	not found	9	THREE, ARCTAN, COSH, x, DIVIDE	EIGHT, GAMMA, SIN, TANH	1.193e-10	0	14.9	9.9	True	
842	Gamma(3/4)	special	64	exact	5	x	TWO, LOG, SINH, GAMMA	0.000e+00	3	0.0	63.6	True	Gamma[3/4]
843	Fibonacci factorial constant	special	64	not found	9	THREE, ARCSINH, ARCSINH, x, DIVIDE	GOLDENRATIO, SIN, ARCTAN, ARCSIN	3.658e-10	0	14.9	9.4	True	QPochhammer[-GoldenRatio^(-2)]
844	log10(17)	elementary	64	exact	8	x, THREE, ARCSINH, COSH, POWER	FOUR, ARCSINH, COSH	0.000e+00	5	14.6	63.6	True	Log[10, 17]
845	Second Favard constant	elementary	64	exact	5	x	EIGHT, PI, SQR, DIVIDE	0.000e+00	26	0.1	64.0	True	Pi^2/8
846	Feller β coin-tossing constant	algebraic	64	not found	9	x, INV, ARCTANH, COS, INV	PI, GAMMA, COSH, ARCSINH	5.117e-10	0	15.0	9.3	True	(2 + 4*(17 + 3*Sqrt[33])^(1/3) - (17 + 3*Sqrt[33])^(2/3))/(6 + 9*(17 + 3*Sqrt[33])^(1/3) - 3*(17 + 3*Sqrt[33])^(2/3))
847	expected number of returns to the origin of a random walk on a 4-d lattice	none	64	not found	9	x, LOG, TAN, EIGHT, POWER	EULER, SQRT, ARCTAN, COSH	1.590e-09	0	14.8	8.8	True	
848	Bertrand's constant	none	46	not found	9	THREE, x, DIVIDE, SIN, SQRT	THREE, ARCCOSH, LOG, TAN	2.423e-11	0	14.7	10.6	True	
849	root half pi	elementary	64	exact	4	x, SQR	ONE, ARCSIN	0.000e+00	20	0.0	63.9	True	Sqrt[Pi/2]
850	Khinchin-Lévy sum constant	special	64	not found	9	x, NEG, SUBTRACT, SQR, COS	NINE, COS, COS, SQR	6.610e-10	0	14.7	9.2	True	Sum[Log[1 + \[FormalK]]/(\[FormalK]*(1 + \[FormalK])), {\[FormalK], 1, Infinity}]
851	Cube root of 2	algebraic	64	exact	4	THREE, x, POWER	TWO	0.000e+00	33	0.1	63.9	True	2^(1/3)
852	limiting length appearing in the asymptotic probability involved in the "stick breaking" problem	none	64	not found	9	x, LOG, ARCSINH, NINE, POWER	FIVE, ARCSINH, TAN, COSH	1.186e-10	0	14.8	9.9	True	
853	c*sqrt(e/2), a constant associated with Dawson's integral and the asymptotic evaluation of the ideal hyperbolic n-cube v	none	64	not found	8	SIX, EXP, x, TIMES, COS	SIX, TANH, SQRT	3.282e-10	0	14.8	9.5	True	
854	fractal dimension of Koch snowflake	elementary	64	exact	4	x, THREE, POWER	FOUR	0.000e+00	16	0.0	63.6	True	Log[4]/Log[3]
855	Vardi constant	special	64	not found	9	x, SQR, TANH, TAN, COSH	EIGHT, TANH, ONE, PLUS	3.912e-11	0	14.7	10.4	True	ConditionalExpression[Extension`VardiConstant == (Exp[Sum[2^(-1 - \[FormalK])*Log[1 + (-1 + 2*Subscript[\[FormalA], \[FormalK]])^(-2)], {\[FormalK], 1, Infinity}]]*Sqrt[6])/2, Subscript[\[FormalA], 0] == 2 && Subscript[\[FormalA], \[FormalN]] == 1 - Subscript[\[FormalA], -1 + \[FormalN]] + Subscript[\[FormalA], -1 + \[FormalN]]^2]
856	expectation of the maximum of a size 6 sample from a normal (0,1) distribution	none	64	not found	9	x, INV, GAMMA, THREE, SUBTRACT	NINE, ARCTAN, SQRT, COSH	4.661e-11	0	14.8	10.3	True	
857	constant c_0 appearing in the asymptotic evaluation of the n-th Lebesgue constant (related to Fourier series) as L_n ~ (	none	64	not found	9	EULER, x, ARCCOSH, POWER, EXP	ONE, TANH, EXP, ARCSINH	4.293e-11	0	14.9	10.4	True	
858	Ramanujan-Forsyth series constant	elementary	64	exact	4	x	ONE, ARCTAN, INV	0.000e+00	19	0.0	63.4	True	4/Pi
859	log10(19)	elementary	64	exact	9	x, NEG, NINE, SUBTRACT, POWER	FOUR, SQR, THREE, PLUS	0.000e+00	1	14.8	63.6	True	Log[10, 19]
860	Glaisher-Kinkelin constant	special	64	not found	9	x, LOG, FIVE, DIVIDE, SIN	TWO, ARCCOSH, INV, TAN	6.127e-10	0	14.8	9.2	True	Glaisher
861	theta_1, one of the angles associated with the bow-and-arrow configuration used in the 2-arc smallest length problem	none	64	not found	9	x, LOG, SIN, COSH, SQR	FOUR, ARCCOSH, NEG, PLUS	4.712e-10	2	14.7	9.3	True	
862	ln(Gamma(1/4))	special	64	exact	5	x	FOUR, INV, GAMMA, LOG	0.000e+00	18	0.0	63.4	True	LogGamma[1/4]
863	integral of the q-Pochhammer symbol over -1..1	elementary	64	not found	9	x, ARCCOSH, COS, TANH, SQRT	ONE, TANH, ARCSINH, ARCCOS	3.602e-10	2	14.9	9.4	True	4*Sqrt[3/23]*Pi*(2*Sinh[Sqrt[23]*Pi/6] + Sqrt[2]*Sinh[Sqrt[23]*Pi/4])/(2*Cosh[Sqrt[23]*Pi/3] - 1)
864	second Bernoulli sophomore dream constant	special	64	not found	9	x, COS, SINH, SQRT, ARCCOS	EULER, ARCCOSH, ARCTAN, SQRT	1.208e-10	2	15.3	9.9	True	Sum[\[FormalK]^(-\[FormalK]), {\[FormalK], 1, Infinity}]
865	(4/sqrt(Pi))*exp(-gamma/2)*K where K is the Landau-Ramanujan constant and gamma the Euler-Mascheroni constant	none	64	not found	9	x, EIGHT, POWER, ARCSINH, GAMMA	FIVE, TAN, GAMMA, INV	5.220e-10	2	14.8	9.3	True	
866	Salem number of degree 38 (Mossinghoff)	algebraic	64	not found	9	x, SINH, GOLDENRATIO, TIMES, TAN	ONE, TANH, ARCTAN, LOG	4.784e-10	0	14.8	9.3	True	Root[#1^38 - #1^36 - #1^34 - #1^29 + #1^28 - #1^24 - #1^14 + #1^10 - #1^9 - #1^4 - #1^2 + 1 &, 4]
868	Mertens constant C(5,4)	none	64	not found	9	x, SINH, SEVEN, TIMES, SIN	EULER, THREE, PLUS, TAN	1.785e-11	0	14.8	10.7	True	
871	Conway's constant	algebraic	64	not found	9	x, GAMMA, GAMMA, LOG, INV	EIGHT, LOG, SEVEN, TIMES	3.922e-10	0	14.8	9.4	True	Root[-6 + 3*#1 - 6*#1^2 + 12*#1^3 - 4*#1^4 + 7*#1^5 - 7*#1^6 + #1^7 + 5*#1^9 - 2*#1^10 - 4*#1^11 - 12*#1^12 + 2*#1^13 + 7*#1^14 + 12*#1^15 - 7*#1^16 - 10*#1^17 - 4*#1^18 + 3*#1^19 + 9*#1^20 - 7*#1^21 - 8*#1^23 + 14*#1^24 - 3*#1^25 + 9*#1^26 + 2*#1^27 - 3*#1^28 - 10*#1^29 - 2*#1^30 - 6*#1^31 + #1^32 + 10*#1^33 - 3*#1^34 + #1^35 + 7*#1^36 - 7*#1^37 + 7*#1^38 - 12*#1^39 - 5*#1^40 + 8*#1^41 + 6*#1^42 + 10*#1^43 - 8*#1^44 - 8*#1^45 - 7*#1^46 - 3*#1^47 + 9*#1^48 + #1^49 + 6*#1^50 + 6*#1^51 - 2*#1^52 - 3*#1^53 - 10*#1^54 - 2*#1^55 + 3*#1^56 + 5*#1^57 + 2*#1^58 - #1^59 - #1^60 - #1^61 - #1^62 - #1^63 + #1^64 + 2*#1^65 + 2*#1^66 - #1^67 - 2*#1^68 - #1^69 + #1^71 & , 3, 0]
872	Mills' constant	special	64	not found	9	x, FIVE, DIVIDE, TAN, ARCTAN	GOLDENRATIO, ARCCOSH, ARCTAN, COS	1.285e-10	0	14.6	9.9	True	ConditionalExpression[Extension`MillsConstant == \[FormalX], ForAll[\[FormalN], Element[\[FormalN], Integers] && \[FormalN] > 0, Element[Floor[\[FormalX]^3^\[FormalN]], Primes]] && ForAll[Subscript[\[FormalX], 1], Subscript[\[FormalX], 1] < \[FormalX], Exists[\[FormalN], Element[\[FormalN], Integers] && \[FormalN] > 0, NotElement[Floor[Subscript[\[FormalX], 1]^3^\[FormalN]], Primes]]]]
873	first lemniscate constant	special	64	not found	9	FIVE, TANH, x, SQR, DIVIDE	FOUR, TANH, EULER, SUBTRACT	1.898e-10	0	14.8	9.7	True	Gamma[1/4]^2/(4*Sqrt[2*Pi])
874	Khinchin mean K_{-3}	none	64	not found	9	x, ARCTAN, ARCCOS, THREE, POWER	NEG, COSH, SIN, TAN	6.216e-11	0	15.2	10.2	True	
875	3^(1/4)	algebraic	64	exact	4	x	THREE, SQRT, SQRT	0.000e+00	23	0.0	63.5	True	3^(1/4)
876	extended twin prime conjecture constant	special	64	not found	9	x, COSH, TAN, SQR, ARCSINH	FOUR, FIVE, TIMES, TAN	1.600e-10	0	14.7	9.8	True	2*Product[1 - (-1 + Prime[\[FormalK]])^(-2), {\[FormalK], 2, Infinity}]
877	Plastic ratio	algebraic	64	not found	8	NINE, x, POWER, COS	SEVEN, INV, GAMMA, TANH	1.026e-10	0	14.7	10.0	True	(27/2 - (3*Sqrt[69])/2)^(1/3)/3 + ((9 + Sqrt[69])/2)^(1/3)/3^(2/3)
878	pi^(1/4)	elementary	64	exact	4	x	PI, SQRT, SQRT	0.000e+00	22	0.0	64.0	True	Pi^(1/4)
879	constant B3 (or B_3) related to the Mertens constant	none	64	not found	9	SIX, x, EXP, SQR, DIVIDE	EIGHT, LOG, SIN, EXP	1.739e-10	2	14.8	9.8	True	
880	imaginary part of the solution of z = log z	special	64	not found	9	GOLDENRATIO, SQR, ARCCOSH, x, DIVIDE	FOUR, ARCTAN, ARCTAN, ARCSINH	2.118e-10	2	14.6	9.7	True	Im[ProductLog[-1]]
881	monomer-dimer constant	special	64	not found	9	x, SIN, ARCSINH, ARCSINH, ARCTAN	EULER, SINH, FIVE, DIVIDE	3.908e-11	2	14.9	10.4	True	E^(Catalan/Pi)
882	totient product constant	special	64	not found	9	SIX, COSH, INV, x, SUBTRACT	EIGHT, SQR, LOG, ARCTAN	3.509e-10	2	14.7	9.5	True	Product[1 + 1/((-1 + Prime[\[FormalK]])*Prime[\[FormalK]]^2), {\[FormalK], 1, Infinity}]
883	zeta(5/2)	special	64	not found	9	x, SIX, ARCTAN, COSH, SUBTRACT	GOLDENRATIO, GAMMA, GAMMA, ARCTAN	2.082e-10	2	14.7	9.7	True	Zeta[5/2]
884	entropy constant related to A063443	none	18	not found	9	TWO, ARCTAN, x, POWER, ARCCOSH	EIGHT, COS, THREE, POWER	4.482e-10	2	15.2	9.3	True	
885	'b', an auxiliary constant associated with the asymptotic probability of success in the full information version of the 	none	64	not found	9	SEVEN, x, TAN, DIVIDE, SINH	GOLDENRATIO, GAMMA, SIN, ARCTAN	6.082e-10	2	14.6	9.2	True	
886	Davis constant	special	64	not found	9	x, GOLDENRATIO, SUBTRACT, TANH, SQRT	NINE, GAMMA, SIN, SQR	1.198e-09	0	15.0	8.9	True	Pi^2/(8*Catalan)
887	'xi', a constant related to the second order quadratic recurrence q(0)=q(1)=1, q(n)=q(n-2)*(q(n-1)+1)	none	64	not found	9	x, SIN, PI, SUBTRACT, ARCCOSH	SIX, SQRT, SIN, GAMMA	3.130e-10	0	14.7	9.5	True	
888	mean number of iterations in comparing two numbers via their continued fractions	none	64	not found	9	EULER, ARCTAN, TANH, x, DIVIDE	SIX, EULER, COSH, SUBTRACT	3.399e-11	0	14.8	10.5	True	
889	expectation of the maximum of a size 7 sample from a normal (0,1) distribution	none	64	not found	9	x, SQRT, ARCCOSH, TAN, TAN	GOLDENRATIO, TANH, SIN, ARCSINH	1.305e-11	1	14.5	10.9	True	
890	'c', an asymptotic constant related to a variation of the "Secretary problem" with a uniform distribution	none	64	not found	9	x, SEVEN, TAN, SUBTRACT, EXP	FOUR, LOG, INV, TANH	4.516e-11	0	14.4	10.3	True	
891	Gamma(2/3)	special	64	exact	5	x	THREE, TWO, DIVIDE, GAMMA	0.000e+00	4	0.1	64.0	True	Gamma[2/3]
892	golden spiral constant	elementary	64	exact	5	PI, x, POWER	GOLDENRATIO, SQR	0.000e+00	6	0.0	63.7	True	GoldenRatio^(2/Pi)
893	Pippenger product constant	elementary	64	exact	4	x	TWO, EULER, DIVIDE	0.000e+00	19	0.0	64.0	True	E/2
894	log10(23)	elementary	64	exact	9	x, NEG, NINE, SUBTRACT, POWER	FOUR, SQR, SEVEN, PLUS	0.000e+00	1	14.5	63.5	True	Log[10, 23]
895	log e^π	elementary	64	exact	7	x, PI, DIVIDE, EXP	NEG, NINE, SUBTRACT	0.000e+00	47	15.3	64.0	True	Log10[E^Pi]
896	Shallit constant	special	64	not found	9	x, COS, TWO, ARCTAN, TIMES	NEG, SIN, SIX, POWER	2.190e-10	0	15.2	9.7	True	ConditionalExpression[Extension`ShallitConstant == Limit[3*\[FormalN] - Min[Sum[Subscript[\[FormalX], \[FormalK]], {\[FormalK], 1, \[FormalN]}] + Sum[Product[Subscript[\[FormalX], \[FormalJ]]^(-1), {\[FormalJ], \[FormalI], \[FormalK]}], {\[FormalK], 1, \[FormalN]}, {\[FormalI], 1, \[FormalK]}]], \[FormalN] -> Infinity], Element[Subscript[\[FormalX], \[FormalJ]], Reals] && Subscript[\[FormalX], \[FormalJ]] > 0]
897	Hardy-Littlewood conjecture constant	special	64	not found	9	x, SQR, LOG, SINH, TAN	SEVEN, TAN, SQRT, SIN	6.818e-10	1	14.7	9.2	True	Inactive[Product][1 - (-1)^((-1 + Prime[\[FormalK]])/2)/(-1 + Prime[\[FormalK]]), {\[FormalK], 2, Infinity}]
898	sum of 1/(p-1)^2 over all primes p	none	64	not found	9	SEVEN, SQRT, x, POWER, GAMMA	PI, SINH, LOG, ARCTAN	5.784e-10	0	14.6	9.2	True	
899	Kneser-Mahler β constant	special	64	not found	8	x, FIVE, TIMES, EXP, COS	EIGHT, TANH, SQR	6.078e-10	0	14.5	9.2	True	Exp[(9 - PolyGamma[1, 2/3] + PolyGamma[1, 4/3])/(4*Pi*Sqrt[3])]
900	arccosh(8)/2 = ln((3 + sqrt 7)/sqrt 2)	elementary	64	exact	5	x	TWO, EIGHT, ARCCOSH, DIVIDE	0.000e+00	42	0.1	63.7	True	ArcCosh[8]/2
901	ln(4)	elementary	64	exact	3	x	FOUR, LOG	0.000e+00	5	0.0	64.0	True	Log[4]
903	Gamma(1/4)^4/(4*Pi^3)	special	64	exact	9	x, PI, DIVIDE, SQRT, SQRT	TWO, LOG, SINH, GAMMA	0.000e+00	1	14.4	64.0	True	Gamma[1/4]^4/(4*Pi^3)
904	hard hexagon entropy constant	algebraic	64	not found	9	x, LOG, NINE, COSH, POWER	EULER, EIGHT, ARCCOSH, POWER	2.477e-10	0	14.4	9.6	True	Root[-32751691810479015985152 + 97143135277377575190528*#1^4 - 73347491183630103871488*#1^6 - 71220809441400405884928*#1^8 + 107155448150443388043264*#1^10 - 72405670285649161617408*#1^12 + 2958015038376958230528*#1^14 + 7449488310131083100160*#1^16 + 797726698866658379776*#1^18 + 2505062311720673792*#1^20 + 2013290651222784*#1^22 + 25937424601*#1^24 &, 2]
905	e^(1/3)	elementary	64	exact	4	x	THREE, INV, EXP	0.000e+00	23	0.0	64.0	True	E^(1/3)
906	unique solution of the equation sum_(p prime)(1/p^x) = 1, a constant related to the asymptotic evaluation of the number 	none	64	not found	9	x, SQR, LOG, SQRT, GAMMA	EIGHT, COSH, SIN, SINH	1.834e-10	0	14.5	9.7	True	
907	Myrberg point	none	64	not found	9	x, PI, SQR, DIVIDE, TAN	NEG, COS, INV, TANH	1.349e-10	0	14.5	9.9	True	
908	L = Integral_{t=0..1} 1/(1-2t^2/3) dt, an auxiliary constant associated with one of the integral inequalities studied by	elementary	64	exact	8	SIX, SQRT, x, DIVIDE	FOUR, FIVE, ARCCOSH, DIVIDE	0.000e+00	35	14.5	63.7	True	Sqrt[3/2]*ArcTanh[Sqrt[2/3]]
909	complex Grothendieck constant upper bound	special	64	not found	9	x, EIGHT, COS, SUBTRACT, INV	FOUR, COS, SINH, SIN	3.453e-11	2	14.7	10.5	True	(-EllipticE[-1] + 2*EllipticK[-1])^(-1)
910	1 + 1/(1*3) + 1/(1*3*5) + 1/(1*3*5*7) + 	special	64	not found	9	GOLDENRATIO, SIN, x, ARCSINH, DIVIDE	FIVE, ARCTAN, SIN, SINH	3.429e-10	2	14.6	9.5	True	Sqrt[E*Pi/2] * Erf[1/Sqrt[2]]
911	Pythagoras constant	algebraic	64	exact	3	x	TWO, SQRT	0.000e+00	3	0.0	64.0	True	Sqrt[2]
912	inverse of carefree constant	special	64	not found	9	x, ARCSINH, GOLDENRATIO, TANH, DIVIDE	NINE, COSH, SIN, SQR	3.021e-12	0	14.5	11.6	True	Product[1 + (-1 + Prime[\[FormalK]] + Prime[\[FormalK]]^2)^(-1), {\[FormalK], 1, Infinity}]
913	Sum_{m >= 0, m not a binary self number} 2^(-m)	none	64	not found	9	GOLDENRATIO, x, DIVIDE, ARCTANH, INV	EULER, SQRT, TANH, TANH	4.736e-11	0	14.4	10.3	True	
914	expectation of the maximum of a size 8 sample from a normal (0,1) distribution	none	64	not found	9	x, SINH, ONE, TANH, DIVIDE	EULER, SIN, ARCSINH, SIN	4.162e-10	0	14.7	9.4	True	
915	'eta', a constant related to the second order quadratic recurrence q(0)=q(1)=1, q(n)=q(n-2)*(q(n-1)+1)	none	64	not found	9	GOLDENRATIO, TAN, EXP, x, PLUS	NINE, COSH, SIN, COSH	2.178e-11	0	14.7	10.7	True	
916	exp(sqrt(Pi/24))	elementary	64	exact	7	x, LOG, SQR	FIVE, GAMMA, PI, DIVIDE	0.000e+00	127	14.2	63.7	True	Exp[Sqrt[Pi/24]]
917	first Lebesgue constant	elementary	64	not found	9	GOLDENRATIO, ARCTAN, x, COSH, SUBTRACT	FIVE, LOG, COSH, ARCTAN	1.455e-10	0	14.6	9.8	True	1/3 + (2*Sqrt[3])/Pi
918	Cube root of 3	algebraic	64	exact	4	THREE, x, POWER	THREE	0.000e+00	24	0.1	63.5	True	3^(1/3)
919	log2(e)	elementary	64	exact	4	x	TWO, LOG, INV	0.000e+00	20	0.0	64.0	True	1/Log[2]
920	Steiner number	elementary	64	exact	4	x	EULER, INV, EXP	0.000e+00	21	0.0	63.7	True	E^E^(-1)
921	Khinchin mean K_{-2}	none	64	not found	9	EULER, ARCCOSH, x, SINH, SUBTRACT	THREE, ARCSINH, LOG, SQR	6.833e-11	0	14.7	10.2	True	
922	Soldner constant	special	64	not found	9	EULER, GAMMA, COSH, x, DIVIDE	NEG, ARCTAN, TWO, POWER	1.691e-10	0	14.6	9.8	True	Root[{LogIntegral[#1] & , 1.4513692348833810502839684858920274494930322836480158630931`30.}]
923	Backhouse's constant	special	64	not found	9	x, SQR, SINH, SINH, LOG	EULER, ONE, ARCSIN, POWER	5.122e-10	0	14.6	9.3	True	ConditionalExpression[Extension`BackhouseConstant == Limit[Abs[Subscript[\[FormalQ], 1 + \[FormalN]]/Subscript[\[FormalQ], \[FormalN]]], \[FormalN] -> Infinity], Sum[\[FormalZ]^\[FormalK]*Subscript[\[FormalQ], \[FormalK]], {\[FormalK], 0, Infinity}] == (1 + Sum[\[FormalZ]^\[FormalK]*Prime[\[FormalK]], {\[FormalK], 1, Infinity}])^(-1)]
924	AGM(1, 2)	special	64	not found	9	x, LOG, ARCSINH, INV, LOG	TWO, SQRT, TAN, TANH	1.476e-10	0	14.6	9.8	True	ArithmeticGeometricMean[1, 2]
926	1 - ln(1 - 1/e) (random mappings)	elementary	64	exact	7	x, TWO, SUBTRACT	EULER, NEG, PLUS, LOG	0.000e+00	42	14.9	63.8	True	1 - Log[1 - 1/E]
927	zeta(1/2) (negated)	special	64	not found	9	x, SEVEN, SUBTRACT, SINH, SIN	EULER, COSH, EXP, SIN	1.575e-09	2	14.4	8.8	True	-(Zeta[1/2])
928	Baxter's four-coloring constant	special	64	not found	9	x, EIGHT, SIN, DIVIDE, GAMMA	EULER, PI, DIVIDE, SQR	1.314e-10	2	14.6	9.9	True	3 Gamma[1/3]^3/(4 Pi^2)
929	position of the positive minimum of the gamma function	special	64	not found	9	x, ARCCOSH, SQR, TAN, SIN	FIVE, TANH, SIN, SQRT	1.008e-10	2	14.8	10.0	True	Root[{PolyGamma[0, #1] & , 1.46163214496836234126265954233`29.164838085677864}]
930	log10(29)	elementary	64	exact	9	x, NEG, NINE, SUBTRACT, POWER	FIVE, GAMMA, FIVE, PLUS	0.000e+00	3	14.7	63.6	True	Log[10, 29]
931	cbrt pi	elementary	64	exact	4	THREE, x, POWER	PI	1.516e-16	20	0.0	64.0	True	Pi^(1/3)
932	Supergolden ratio	algebraic	64	not found	9	x, COSH, COSH, GAMMA, COS	EULER, ARCSINH, TAN, TANH	1.310e-10	3	14.5	9.9	True	(1 + (29/2 - (3*Sqrt[93])/2)^(1/3) + ((29 + 3*Sqrt[93])/2)^(1/3))/3
933	Porter's constant	special	64	not found	9	SIX, COSH, ARCTAN, x, DIVIDE	EIGHT, ARCSINH, SIN, COS	1.039e-10	2	14.4	10.0	True	-1/2 + (6*Log[2]*(-2 + 4*EulerGamma + 3*Log[2] - (24*Derivative[1][Zeta][2])/Pi^2))/Pi^2
934	Product_{p prime} (1+1/p)^(1/p), an infinite product considered and computed by Marc Deléglise	none	64	not found	9	GOLDENRATIO, COSH, x, TAN, DIVIDE	EULER, SINH, LOG, SINH	7.144e-11	2	14.5	10.1	True	
935	variance of the degree (valency) of the root of a random rooted tree with n vertices	none	64	not found	9	x, ARCCOSH, SIX, SIN, PLUS	PI, ARCTAN, INV, TANH	5.700e-10	0	14.5	9.2	True	
936	constant C such that Sum_{k>=1} 1/C^p(k) = 1 where p(k) is the k-th prime	none	64	not found	9	GOLDENRATIO, x, SUBTRACT, EXP, ARCSIN	NINE, TAN, COSH, SQRT	1.756e-10	0	14.5	9.8	True	
937	Landau-Kolmogorov constant C(4,3) for derivatives in the case L_infinity(infinity, infinity)	none	64	exact	7	x, SQR, SQR	FIVE, INV, FIVE, SUBTRACT	0.000e+00	203	14.4	63.9	True	
938	coefficient c_md in c_md*log(N)^(1/rho), the asymptotic mean number of distinct factors in a random factorization of n <	none	64	not found	9	x, THREE, TANH, ARCTAN, SUBTRACT	PI, SINH, SIN, ARCTAN	8.811e-10	0	14.4	9.1	True	
939	Bateman-Grosswald constant zeta(2/3)/zeta(2), a constant (negated) arising in the asymptotic evaluation of the number of	special	64	not found	9	x, LOG, SQR, GAMMA, COS	TWO, INV, GAMMA, GAMMA	3.064e-11	0	14.6	10.5	True	-(Zeta[2/3] / Zeta[2])
940	smallest positive root of the function lambda(x) = Sum_{n>=0} (-1)^n*x^n/(2^(n*(n-1)/2)*n!)	none	64	not found	9	FIVE, x, EIGHT, DIVIDE, SUBTRACT	SEVEN, ARCTAN, COS, SQRT	7.665e-10	0	14.6	9.1	True	
941	log10(31)	elementary	64	exact	9	x, NEG, NINE, SUBTRACT, POWER	FIVE, GAMMA, SEVEN, PLUS	0.000e+00	1	14.6	64.0	True	Log[10, 31]
942	Landau-Kolmogorov constant C(5,4) for derivatives in the case L_infinity(-infinity, infinity)	none	64	exact	7	FIVE, x, POWER	TWO, INV, SEVEN, PLUS	0.000e+00	56	14.4	63.5	True	
943	lim_{n -> infinity} A001699(n)^(1/2^n)	none	64	not found	9	NINE, x, SIN, POWER, ARCSIN	EIGHT, SQR, ARCSINH, ARCTAN	5.839e-10	3	14.5	9.2	True	
944	hard square entropy constant	none	44	not found	9	x, COSH, SQR, COS, TAN	THREE, ARCSINH, ARCSINH, ARCTAN	1.019e-10	3	14.6	10.0	True	
945	Greenfield-Nussbaum constant	none	64	not found	9	x, COS, ARCTAN, EULER, DIVIDE	SEVEN, GAMMA, LOG, SQR	1.321e-11	2	14.7	10.9	True	
946	Selberg-Delange constant Product_{prime p > 2} (1 + 1/(p(p-2)))	none	64	not found	9	GOLDENRATIO, INV, x, POWER, SIN	FOUR, ARCTAN, ARCTAN, SQRT	1.151e-10	3	14.5	9.9	True	
947	value of Watson's integral	special	64	not found	9	x, ARCCOSH, ARCSIN, GAMMA, ARCSIN	TWO, ARCSINH, ARCCOSH, INV	3.354e-10	2	14.4	9.5	True	Sqrt[6]/32/Pi^3*Gamma[1/24]*Gamma[5/24]*Gamma[7/24]*Gamma[11/24]
948	(Glaisher^12/(2^(4/3) * Pi * e^EulerGamma))^(Pi^2/8)	special	64	not found	9	x, LOG, INV, TAN, SQR	THREE, TAN, ARCSINH, EXP	9.235e-10	2	14.4	9.0	True	(Glaisher^12/(2^(4/3)Pi E^EulerGamma))^(Pi^2/8)
949	Bateman-Stemmler constant	special	64	not found	9	TWO, x, EXP, DIVIDE, ARCCOSH	EULER, INV, TAN, EXP	1.804e-10	2	14.4	9.7	True	Product[(1 - (2 + KroneckerSymbol[-3, Prime[\[FormalK]]])/Prime[\[FormalK]])/(1 - Prime[\[FormalK]]^(-1))^2, {\[FormalK], 1, Infinity}]
950	equianharmonic Weierstrass elliptic ω_2 constant	special	64	not found	9	x, ARCTAN, ARCCOS, ARCSINH, SQRT	NINE, PI, DIVIDE, ARCSIN	8.420e-10	0	13.5	9.1	True	Gamma[1/3]^3/(4*Pi)
951	exp(7*zeta(3)/(2*Pi^2))	special	64	not found	9	NEG, SIN, x, PLUS, ARCSIN	EIGHT, TANH, GAMMA, TANH	9.903e-10	0	13.6	9.0	True	Exp[7*Zeta[3]/(2*Pi^2)]
952	Sum_{n>=1} 1/Fibonacci(2*n)	none	64	not found	9	x, COSH, SINH, SIN, EXP	PI, SQRT, LOG, ARCSINH	4.331e-10	0	13.5	9.4	True	
953	Lieb's square ice constant	algebraic	64	exact	7	x, EIGHT, DIVIDE	THREE, THREE, POWER, SQRT	0.000e+00	319	13.4	63.7	True	8/(3*Sqrt[3])
954	Madelung 2D hexagonal lattice constant	special	64	not found	9	x, EXP, NINE, SUBTRACT, GAMMA	FOUR, TAN, EIGHT, PLUS	1.844e-11	0	13.6	10.7	True	(-3 + Sqrt[3])*Zeta[1/2]*(Zeta[1/2, 1/6] + (1 - Sqrt[2])*Zeta[1/2, 1/3])
955	cosh one	elementary	64	exact	3	x	NEG, COSH	0.000e+00	4	0.0	63.7	True	Cosh[1]
956	maximal width of a Reuleaux triangle avoiding all vertices of the integer square lattice	none	64	not found	9	x, ARCTAN, ARCSIN, COSH, COSH	NEG, SIN, INV, GAMMA	4.257e-10	0	13.5	9.4	True	
957	Integral_{x=0..Pi/2} (x^2/sin(x)) dx	special	64	not found	9	x, PI, SINH, POWER, COS	SEVEN, SINH, SIN, SQR	1.403e-10	0	13.5	9.9	True	2*Pi*Catalan - 7*Zeta[3]/2
958	D(1/2), where D(x) is the infinite product function defined in the formula section (or in the Finch reference)	none	64	not found	9	x, TWO, POWER, SIN, INV	TWO, ARCCOSH, SIX, SUBTRACT	5.578e-11	0	13.6	10.3	True	
959	Calabi ratio	algebraic	64	not found	9	THREE, TANH, COSH, x, DIVIDE	EULER, INV, SQR, COSH	4.154e-10	0	13.5	9.4	True	1/3 + 11/(3*2^(1/3)*(-23 + (3*I)*Sqrt[237])^(1/3)) + (-23 + (3*I)*Sqrt[237])^(1/3)/(3*2^(2/3))
960	sqrt(sqrt(2) + 1)	algebraic	64	exact	5	x	ONE, ARCSINH, EXP, SQRT	0.000e+00	52	0.0	63.7	True	Sqrt[Sqrt[2] + 1]
961	c, a constant appearing in the asymptotic lower bound of the size of a restricted difference set	none	64	not found	9	x, SQR, COSH, THREE, PLUS	FIVE, NEG, COSH, POWER	9.231e-10	0	13.4	9.0	True	
962	triangular root of two	algebraic	64	exact	7	x, SQRT, ARCSINH	TWO, FOUR, ARCSINH, DIVIDE	0.000e+00	76	13.2	63.5	True	(-1 + Sqrt[17])/2
963	log10(37)	elementary	64	exact	8	x, THREE, ARCSINH, COSH, POWER	SIX, ARCSINH, COSH	1.416e-16	7	13.0	63.9	True	Log[10, 37]
964	2*Sum_{k=1..50000} (-1)^(k-1)/(2k-1)	special	64	not found	9	x, COSH, TAN, COS, ARCTANH	EULER, ARCCOSH, ARCSINH, SIN	4.066e-10	0	13.0	9.4	True	2*Sum[(-1)^(k - 1)/(2*k - 1), {k, 1, 50000}]
965	Favard constant	elementary	64	exact	3	x	ONE, ARCSIN	0.000e+00	4	0.0	64.0	True	Pi/2
966	10^(1/5)	algebraic	64	exact	6	FIVE, x, POWER	NEG, NINE, SUBTRACT	0.000e+00	14	0.6	63.7	True	10^(1/5)
967	Sierpiński triangle fractal dimension	elementary	64	exact	4	x, TWO, POWER	THREE	0.000e+00	13	0.0	63.5	True	Log[3]/Log[2]
968	Erdős–Borwein constant	special	64	not found	9	SEVEN, ARCCOSH, x, SINH, DIVIDE	NINE, ARCCOSH, SQRT, GAMMA	2.486e-10	2	13.8	9.6	True	(Log[2] - QPolyGamma[0, 1, 1/2])/Log[2]
969	ln(5)	elementary	64	exact	3	x	FIVE, LOG	0.000e+00	4	0.0	63.5	True	Log[5]
970	exponential primorial constant	none	64	not found	9	x, SQR, SIN, LOG, ARCCOS	FOUR, SINH, SQRT, SQRT	4.401e-11	2	13.1	10.4	True	
971	Cbrt[4π/3]	elementary	64	exact	6	THREE, x, POWER, TAN	THREE, SQRT	0.000e+00	7	0.6	63.6	True	CubeRoot[4*Pi/3]
972	log10(41)	elementary	64	exact	9	x, NEG, NINE, SUBTRACT, POWER	SIX, SQR, FIVE, PLUS	0.000e+00	3	13.1	64.0	True	Log[10, 41]
973	z_tri, a constant related to the enumeration of spanning trees on the triangular lattice (this is different from A242968	none	64	not found	9	x, TANH, EXP, GAMMA, COSH	EULER, SIN, FIVE, TIMES	8.751e-11	2	13.3	10.1	True	
974	Madelung's constant M2	none	64	not found	9	FIVE, x, ARCSINH, INV, POWER	EIGHT, SQRT, SIN, ARCTANH	2.935e-10	2	13.3	9.5	True	
975	Golden ratio	algebraic	64	exact	2	x	GOLDENRATIO	0.000e+00	3	0.0	63.7	True	GoldenRatio
976	Odlyzko-Wilf constant	special	64	not found	9	x, ARCTAN, GAMMA, ARCTANH, ARCTAN	GOLDENRATIO, PI, SUBTRACT, ARCSINH	3.166e-10	2	13.8	9.5	True	ConditionalExpression[Extension`OdlyzkoWilfConstant == Limit[(2/3)^\[FormalN]*\[FormalS][\[FormalN]], \[FormalN] -> Infinity], \[FormalS][0] == 0 && \[FormalS][\[FormalN]] == 1 + Floor[(3*\[FormalS][-1 + \[FormalN]])/2]]
977	Product_{n>=1} (2n/(2n+1))^((-1)^t(n)), where t(n) = A010060(n) is the Thue-Morse sequence	none	64	not found	9	x, INV, ARCCOS, TANH, ARCCOS	THREE, SIN, COSH, TANH	1.896e-10	4	14.2	9.7	True	
978	log10(43)	elementary	64	exact	9	x, NEG, NINE, SUBTRACT, POWER	SIX, SQR, SEVEN, PLUS	0.000e+00	5	14.1	64.0	True	Log[10, 43]
979	Erdős-Cohen constant	special	64	not found	9	x, TWO, SUBTRACT, ARCSIN, SINH	EULER, SIN, ARCSINH, ARCTAN	1.838e-11	4	14.4	10.7	True	Sum[1/(Prime[\[FormalK]]*Log[Prime[\[FormalK]]]), {\[FormalK], 1, Infinity}]
980	2nd Lebesgue constant L2	elementary	64	not found	9	TWO, ARCSINH, x, ARCSINH, DIVIDE	EIGHT, TAN, SIN, COS	1.527e-10	4	14.2	9.8	True	1/5 + Sqrt[25 - 2*Sqrt[5]]/Pi
981	Riemann ζ of 2	elementary	64	exact	5	x	SIX, PI, SQR, DIVIDE	0.000e+00	25	0.0	63.6	True	Pi^2/6
982	Product_{k>=0} (1+1/2^(2k))^(1/2)	special	64	not found	9	PI, SINH, LOG, x, DIVIDE	SIX, EULER, DIVIDE, SQRT	1.295e-10	2	14.2	9.9	True	Sqrt[Product[1 + 1/2^(2*k), {k, 0, Infinity}]]
983	square root of e	elementary	64	exact	3	x	EULER, SQRT	0.000e+00	6	0.0	63.7	True	Sqrt[E]
984	minimum value of the function s(t) = (Pi + 2*sqrt(1 + t^2))/(1 + Pi/2 + t) for t > 0	elementary	64	not found	9	x, PI, DIVIDE, SQR, TAN	EULER, TWO, ARCCOSH, DIVIDE	2.458e-10	2	14.3	9.6	True	2(Pi+Pi^2+Sqrt[8+Pi^3+4Pi(3+Sqrt[2+Pi])+Pi^2(7+2Sqrt[2+Pi])])/(4+Pi^2+Pi(4+Sqrt[2+Pi]))
985	Somos' quadratic recurrence constant	special	64	not found	9	x, TAN, INV, TANH, INV	EIGHT, TAN, GOLDENRATIO, TIMES	4.290e-11	2	14.8	10.4	True	E^(-Derivative[1, 0][PolyLog][0, 1/2])
986	Hermite's constant gamma_6 = 2/3^(1/6)	algebraic	64	exact	6	SIX, x, TWO, DIVIDE, POWER	THREE	0.000e+00	104	14.2	63.6	True	2/3^(1/6)
987	log10(47)	elementary	64	exact	9	x, NEG, NINE, SUBTRACT, POWER	TWO, SEVEN, SQR, SUBTRACT	0.000e+00	3	14.5	63.8	True	Log[10, 47]
988	a constant related to A000621 and A000624	none	64	not found	9	x, COSH, SIN, ARCSINH, GAMMA	EULER, GAMMA, ONE, PLUS	8.564e-11	2	14.6	10.1	True	
989	zeta(3/5) * zeta(4/5) * Product_{p prime} (1 - 1/p^(8/5) - 1/p^(9/5) - 1/p^2 + 1/p^(13/5) + 1/p^(14/5))	none	64	not found	9	x, ARCCOSH, INV, ARCCOS, SINH	EULER, SQR, COS, ARCSIN	6.892e-10	2	14.5	9.2	True	
990	1 + log(2*Pi) - 2*gamma, where gamma is Euler's constant (A001620)	special	64	not found	9	x, SINH, GAMMA, ARCSINH, ARCCOSH	THREE, COSH, SIN, EXP	3.978e-11	2	14.4	10.4	True	1 + Log[2*Pi] - 2*EulerGamma
991	maximal circumradius of a planar convex set containing no lattice point except for the origin where it has its circumcen	none	64	not found	9	x, EXP, SEVEN, DIVIDE, COS	SIX, EXP, COS, TAN	1.005e-09	2	14.3	9.0	True	
992	Sum_{k>=0} 1/A007018(k)	none	64	not found	9	FIVE, TAN, x, TAN, DIVIDE	TWO, LOG, PI, SUBTRACT	3.323e-10	2	14.3	9.5	True	
993	Niven's constant	special	64	not found	9	EIGHT, x, DIVIDE, TANH, SQRT	THREE, COS, ARCTAN, EXP	4.300e-10	2	15.9	9.4	True	1 + Sum[1 - Zeta[n]^(-1), {n, 2, Infinity}]
994	Pi^2/(12*log(phi))	elementary	64	exact	7	TWO, ARCSINH, x, TIMES	NEG, ARCSIN, SQR	0.000e+00	72	14.0	63.6	True	Pi^2/(12*Log[GoldenRatio])
995	log10(53)	elementary	64	exact	9	x, NEG, NINE, SUBTRACT, POWER	SEVEN, SQR, FOUR, PLUS	0.000e+00	3	14.2	63.9	True	Log[10, 53]
996	Kalmar ρ composition constant	special	64	not found	9	x, TWO, TIMES, TAN, INV	ONE, SIN, TAN, EXP	1.668e-11	2	14.1	10.8	True	Root[{-2 + Zeta[#1] & , 1.7286472389981836181351030103`29.237706376855613}]
997	Theodorus constant	algebraic	64	exact	3	x	THREE, SQRT	0.000e+00	5	0.0	63.6	True	Sqrt[3]
998	reciprocal of Euler γ	special	64	not found	9	NINE, LOG, LOG, x, SUBTRACT	FIVE, ARCSINH, ARCCOSH, ARCCOSH	5.453e-10	2	14.0	9.3	True	EulerGamma^(-1)
999	1/A347901	none	64	not found	9	x, EXP, COS, ARCTANH, INV	FIVE, ARCSINH, GAMMA, ARCTAN	5.419e-10	4	14.1	9.3	True	
1000	sqrt(2*Pi)*log(2), a constant associated with asymptotic evaluation of random mapping statistics	elementary	64	exact	7	FOUR, LOG, x, DIVIDE	ONE, ARCSIN, SQRT	1.278e-16	51	13.7	64.0	True	Sqrt[2*Pi]*Log[2]
1001	value of a nonregular continued fraction giving tau/(3*tau-1), where tau is the Prouhet-Thue-Morse constant	none	64	not found	9	EIGHT, TAN, x, TIMES, TAN	EIGHT, SQRT, SQRT, TANH	9.953e-11	4	14.0	10.0	True	
1002	'tau' (named sigma_2 by C. Pomerance), a constant associated with the expected number of random elements to generate a f	none	64	not found	9	x, THREE, SUBTRACT, GAMMA, TAN	SEVEN, LOG, COSH, LOG	2.166e-10	4	14.7	9.7	True	
1003	Khinchin harmonic mean	special	64	not found	9	x, SINH, ARCTAN, ARCCOSH, ARCTANH	ONE, TAN, GAMMA, SQR	1.298e-10	2	14.1	9.9	True	ConditionalExpression[Extension`KhinchinHarmonicMeanConstant == Limit[\[FormalN]/Sum[Subscript[\[FormalA], \[FormalK]]^(-1), {\[FormalK], 1, \[FormalN]}], \[FormalN] -> Infinity], Element[Subscript[\[FormalA], \[FormalK]], Integers] && Subscript[\[FormalA], \[FormalK]] > 0]
1004	Madelung constant (negated) for NaCl structure	special	64	not found	9	x, EXP, SIN, ONE, SUBTRACT	NINE, LOG, COSH, LOG	7.637e-10	2	14.1	9.1	True	12Pi*Sum[ Sech[Pi/2*Sqrt[(2j + 1)^2 + (2k + 1)^2]]^2, {j, 0, 40}, {k, 0, 40}]
1005	continued fraction expansion [1; 1/2, 1/3, 1/4, 1/5, 1/6, ...]	elementary	64	exact	5	x, INV	NEG, COS, ARCSIN	0.000e+00	39	0.1	64.0	True	2/(Pi - 2)
1006	Feller coin-tossing constant	algebraic	64	not found	9	NINE, x, POWER, SQRT, COS	SEVEN, INV, GAMMA, TANH	2.051e-10	2	14.0	9.7	True	(2 + (25 - 3*Sqrt[69])^(1/3)/2^(1/3) + (25 + 3*Sqrt[69])^(1/3)/2^(1/3))/3
1007	nested radical constant	special	64	not found	9	NINE, x, DIVIDE, TWO, TIMES	PI, TANH, SINH, COS	3.434e-11	2	14.0	10.5	True	Limit[Fold[Sqrt[#1 + #2] & , Sqrt[1 + \[FormalN]], Table[\[FormalI], {\[FormalI], \[FormalN], 1, -1}]], \[FormalN] -> Infinity]
1008	log 180/π	elementary	64	not found	9	x, GOLDENRATIO, GAMMA, INV, SUBTRACT	NEG, SIN, TANH, ARCSINH	4.565e-10	2	13.9	9.3	True	Log10[180/Pi]
1009	Product_{n>1} (1+1/n)^(1/n)	none	64	not found	9	x, FIVE, ARCSINH, SUBTRACT, TANH	FOUR, SIN, SIN, EXP	2.405e-10	2	13.9	9.6	True	
1010	constant x such that x^x = e. Inverse of W(1), where W is Lambert's function	special	64	not found	9	x, COS, ARCTAN, ARCCOS, EXP	PI, SINH, LOG, COSH	1.415e-10	2	14.5	9.8	True	1/ProductLog[1]
1011	'b', an optimal stopping constant associated with the secretary problem when the objective is to maximize the hiree's ex	none	64	not found	9	x, EXP, ARCCOSH, EXP, SIN	FIVE, TAN, EULER, DIVIDE	7.665e-10	2	17.2	9.1	True	
1012	log10(59)	elementary	64	exact	9	x, NEG, NINE, SUBTRACT, POWER	FIVE, EIGHT, SQR, SUBTRACT	0.000e+00	4	14.8	63.8	True	Log[10, 59]
1013	Sierpiński's S^ (Ŝ or "S hat" as named by S. Finch), a constant appearing in the asymptotics of the number of representa	none	64	not found	9	FOUR, TAN, x, LOG, DIVIDE	FOUR, TANH, COS, TANH	8.869e-10	2	14.2	9.1	True	
1014	Carlson-Levin constant	elementary	64	exact	3	x	PI, SQRT	1.253e-16	6	0.0	64.0	True	Sqrt[Pi]
1015	angle in radians at the apex of the Calabi triangle	none	64	not found	9	GOLDENRATIO, SIN, x, SINH, DIVIDE	FIVE, LOG, ARCCOSH, EXP	3.200e-10	2	14.1	9.5	True	
1016	10^(1/4)	algebraic	64	exact	5	x	THREE, ARCSINH, COSH, SQRT	0.000e+00	26	0.0	63.9	True	10^(1/4)
1017	3rd Lebesgue constant L3	elementary	64	not found	9	FOUR, TAN, SINH, x, DIVIDE	FOUR, ARCSINH, LOG, GAMMA	3.781e-10	2	14.1	9.4	True	(3*Pi-14*Cos[Pi/14]+70*Cos[3*Pi/14]+154*Sin[Pi/7])/(21*Pi)
1018	exponential of Euler γ	special	64	not found	9	x, COS, GAMMA, SEVEN, PLUS	NINE, ARCTAN, ARCSINH, SQR	4.685e-10	2	14.1	9.3	True	E^EulerGamma
1019	conjectured upper bound on Grothendieck's constant	elementary	64	exact	5	x	THREE, ARCCOSH, PI, DIVIDE	0.000e+00	13	0.0	64.0	True	Pi/(2*Log[1 + Sqrt[2]])
1020	log10(61)	elementary	64	exact	9	x, NEG, NINE, SUBTRACT, POWER	THREE, EIGHT, SQR, SUBTRACT	0.000e+00	3	14.1	63.7	True	Log[10, 61]
1021	Silverman constant	special	64	not found	9	x, SEVEN, DIVIDE, SINH, COS	SIX, COSH, LOG, TANH	1.775e-11	2	14.1	10.8	True	Sum[1/(DivisorSigma[1, \[FormalK]]*EulerPhi[\[FormalK]]), {\[FormalK], 1, Infinity}]
1022	Komornik–Loreti constant	special	64	not found	9	x, TAN, SIN, SQR, TAN	NINE, TAN, COS, ARCTANH	1.018e-09	2	14.1	9.0	True	Root[{Product[1 - 1/#1^2^\[FormalK], {\[FormalK], 0, Infinity}] - (2 - #1)/(#1 - 1) & , 1.7872316501829659330132`22.252180846784352}]
1023	2D dimer constant	special	64	not found	9	GOLDENRATIO, x, TANH, POWER, ARCSINH	SEVEN, SIN, SIN, COS	1.469e-10	2	13.9	9.8	True	E^((2*Catalan)/Pi)
1024	ln(6)	elementary	64	exact	3	x	SIX, LOG	0.000e+00	4	0.0	64.0	True	Log[6]
1026	Hermite's constant gamma_7 = 2^(6/7)	algebraic	64	exact	5	SEVEN, x, POWER	EIGHT, SQR	0.000e+00	11	0.1	63.9	True	2^(6/7)
1027	limit of a recursive sequence connected to the Plastic constant (A060006)	none	64	not found	9	PI, TANH, ARCSINH, x, SUBTRACT	EIGHT, INV, SQRT, COS	3.484e-10	4	13.9	9.5	True	
1028	sqrt((3+sqrt(13))/2), a constant related to the asymptotic evaluation of the number of self-avoiding rook paths joining 	algebraic	64	exact	7	x, SQR, LOG, SINH	TWO, THREE, DIVIDE	0.000e+00	41	13.7	64.0	True	Sqrt[(3 + Sqrt[13])/2]
1029	Masser-Gramain constant conjectured value	special	64	not found	9	EIGHT, LOG, x, SQR, SUBTRACT	EULER, EIGHT, DIVIDE, ARCTAN	6.210e-12	4	14.0	11.2	True	1 + 2*EulerGamma + 2*Log[2] + 3*Log[Pi] - 4*Log[Gamma[1/4]]
1030	log10(67)	elementary	64	exact	9	x, NEG, NINE, SUBTRACT, POWER	EIGHT, SQR, THREE, PLUS	0.000e+00	5	13.9	63.6	True	Log[10, 67]
1031	two times the Catalan constant	special	64	not found	9	NINE, LOG, x, TIMES, TAN	PI, COSH, ARCTAN, SQRT	2.862e-10	2	14.3	9.5	True	2 Catalan
1032	ln(2 pi)	elementary	64	exact	5	x, EXP	PI, PI, PLUS	0.000e+00	18	0.0	64.0	True	Log[2*Pi]
1033	Tribonacci constant	algebraic	64	not found	9	x, LOG, ARCSIN, ARCTANH, ARCCOS	NINE, SIX, POWER, COS	2.029e-11	5	14.4	10.7	True	(1 + (19 - 3*Sqrt[33])^(1/3) + (19 + 3*Sqrt[33])^(1/3))/3
1034	4th Madelung constant (negated)	special	64	not found	9	x, SINH, GAMMA, TAN, INV	GOLDENRATIO, EXP, SQRT, COS	4.712e-10	5	14.5	9.3	True	8*(5 - 3*Sqrt[2])*Zeta[1/2]*Zeta[-1/2]
1035	Landau-Kolmogorov constant	algebraic	64	not found	9	x, ARCCOSH, TAN, ARCCOSH, SQRT	GOLDENRATIO, TANH, SQRT, ARCSIN	1.243e-09	2	14.3	8.9	True	Sqrt[3]/(2^(1/3)*(-1 + Sqrt[2])^(1/3))
1036	Connective constant	algebraic	64	exact	6	x, SQR	TWO, SQRT, TWO, PLUS	0.000e+00	68	0.7	63.6	True	Sqrt[2 + Sqrt[2]]
1037	log10(71)	elementary	64	exact	9	x, NEG, NINE, SUBTRACT, POWER	EIGHT, SQR, SEVEN, PLUS	0.000e+00	3	14.2	64.0	True	Log[10, 71]
1038	Integral_{x=0..Pi} (sin(x)/x) dx	special	64	not found	9	x, ARCSINH, SQRT, TWO, SUBTRACT	GOLDENRATIO, SINH, ARCTAN, TANH	6.725e-10	2	14.2	9.2	True	SinIntegral[Pi]
1039	Gauss lemniscate constant	special	64	not found	9	SEVEN, ARCSINH, ARCCOSH, x, DIVIDE	THREE, TANH, ARCSINH, INV	1.262e-09	2	14.2	8.9	True	Gamma[1/4]^2/(4*Sqrt[Pi])
1040	spiral of Theodorus constant	special	64	not found	9	x, SQR, FOUR, SUBTRACT, ARCCOS	PI, SEVEN, TANH, POWER	3.510e-10	2	14.3	9.5	True	Sum[1/((1 + \[FormalK])*Sqrt[\[FormalK]]), {\[FormalK], 1, Infinity}]
1041	log10(73)	elementary	64	exact	9	x, NEG, NINE, SUBTRACT, POWER	EIGHT, SQR, NINE, PLUS	0.000e+00	3	14.3	63.6	True	Log[10, 73]
1042	expected reciprocal Euclidean distance between two random points in the unit cube	none	64	not found	9	x, SIN, SQR, ARCSIN, SQR	NINE, COS, ARCTAN, COSH	1.232e-09	2	14.7	8.9	True	
1043	log10(79)	elementary	64	exact	9	x, NEG, NINE, SUBTRACT, POWER	TWO, NINE, SQR, SUBTRACT	0.000e+00	3	14.4	63.8	True	Log[10, 79]
1045	Boyd constant	special	64	not found	9	x, EXP, TWO, EXP, SUBTRACT	EULER, THREE, ARCCOSH, DIVIDE	1.449e-10	4	14.6	9.8	True	Exp[(9 - PolyGamma[1, 2/3] + PolyGamma[1, 4/3])/(2*Pi*Sqrt[3])]
1046	M_5, the 5-dimensional analog of Madelung's constant (negated)	none	32	not found	8	SEVEN, x, GAMMA, POWER, ARCSIN	GOLDENRATIO, ARCTAN, ARCSINH	4.952e-10	2	14.6	9.3	True	
1047	6/π	elementary	64	exact	4	x	PI, SIX, DIVIDE	0.000e+00	20	0.0	63.8	True	6/Pi
1048	tetrahedral bond angle	elementary	64	exact	4	x, TAN, SQR	EIGHT	0.000e+00	70	0.0	63.7	True	ArcCos[-1/3]
1049	log10(83)	elementary	64	exact	9	x, NEG, NINE, SUBTRACT, POWER	NINE, SQR, TWO, PLUS	0.000e+00	3	14.5	63.6	True	Log[10, 83]
1050	tetranacci constant	algebraic	64	not found	9	x, SINH, TAN, COSH, SQRT	EULER, SQRT, ARCTAN, SQRT	5.653e-11	2	14.7	10.2	True	Root[-1 - #1 - #1^2 - #1^3 + #1^4 & , 2]
1052	Omega prime-generating constant	none	64	not found	9	NEG, COSH, SQR, x, SUBTRACT	NINE, TANH, ARCTANH, TAN	2.780e-10	2	14.6	9.3	True	
1053	first moment of the reciprocal gamma distribution	none	64	not found	9	x, SQRT, ARCTAN, SIN, GAMMA	TWO, COSH, LOG, SQRT	8.193e-10	2	14.5	9.1	True	
1054	Euler totient A constant	special	64	not found	9	x, EIGHT, SQR, SIN, DIVIDE	NEG, COS, SIN, TANH	1.199e-11	2	14.6	10.9	True	(315*Zeta[3])/(2*Pi^4)
1055	ln(7)	elementary	64	exact	3	x	SEVEN, LOG	0.000e+00	4	0.0	64.0	True	Log[7]
1056	C_4, a constant related to sharp inequalities for the product of 4 polynomials, which was introduced by David Boyd	none	64	not found	9	x, COS, EXP, ARCSIN, EXP	SEVEN, COS, GOLDENRATIO, DIVIDE	3.229e-10	2	14.5	9.5	True	
1057	log10(89)	elementary	64	exact	9	x, NEG, NINE, SUBTRACT, POWER	NINE, SQR, EIGHT, PLUS	0.000e+00	3	14.5	64.0	True	Log[10, 89]
1058	Z score	special	64	not found	9	x, ARCTAN, THREE, LOG, DIVIDE	FIVE, TANH, SQR, SQR	6.172e-10	4	14.5	9.2	True	Sqrt[2]*InverseErf[19/20]
1059	reciprocal Lucas constant	special	64	not found	9	x, GOLDENRATIO, PLUS, GAMMA, TAN	FIVE, LOG, SIN, COS	1.030e-09	4	14.5	9.0	True	(-1 + EllipticTheta[3, 0, GoldenRatio^(-2)]^2)/4 + (7*Log[GoldenRatio] - Log[1 + GoldenRatio^2] - QPolyGamma[0, 1, GoldenRatio^(-4)] + 4*QPolyGamma[0, 1, GoldenRatio^(-2)] - 4*QPolyGamma[0, 1, GoldenRatio^(-1)])/(4*Log[GoldenRatio])
1060	M_6, the 6th Madelung constant	none	64	not found	9	TWO, x, ARCSINH, DIVIDE, SQRT	PI, INV, SQRT, COS	3.631e-10	4	14.5	9.4	True	
1061	pentanacci constant	algebraic	64	not found	9	x, COS, NINE, INV, SUBTRACT	FIVE, ARCTAN, TANH, ARCCOS	1.190e-10	4	14.5	9.9	True	Root[-1 - #1 - #1^2 - #1^3 - #1^4 + #1^5 & , 1]
1062	C_5, a constant related to sharp inequalities for the product of 5 polynomials, which was introduced by David Boyd	none	64	not found	9	THREE, x, SIN, POWER, ARCTANH	TWO, TANH, SINH, SQRT	2.851e-10	2	14.6	9.5	True	
1063	C_6, a constant related to sharp inequalities for the product of 6 polynomials, which was introduced by David Boyd	none	64	not found	9	x, ARCCOSH, TAN, COS, SINH	FOUR, COSH, LOG, COS	2.135e-10	2	15.9	9.7	True	
1064	Gamma''(1)	none	64	not found	9	x, ARCCOSH, SQRT, TAN, SQR	NEG, ARCTAN, FOUR, SUBTRACT	5.170e-11	3	14.7	10.3	True	
1065	hexanacci constant	algebraic	64	not found	8	x, ARCSINH, TAN, ARCSINH, GAMMA	GOLDENRATIO, SIN, COSH	5.022e-10	2	14.4	9.3	True	Root[-1 - #1 - #1^2 - #1^3 - #1^4 - #1^5 + #1^6 & , 2]
1066	log10(97)	elementary	64	not found	9	x, SIX, TIMES, TAN, COS	TWO, LOG, ARCTANH, SQR	1.514e-10	2	14.5	9.8	True	Log[10, 97]
1067	heptanacci constant	algebraic	64	not found	9	x, COS, TAN, GAMMA, TAN	FOUR, SINH, COS, SIN	9.144e-11	2	14.6	10.0	True	Root[-1 - #1 - #1^2 - #1^3 - #1^4 - #1^5 - #1^6 + #1^7 & , 1]
1068	integral_{x=0..Infinity} 1/x^x dx	none	64	not found	9	x, TANH, SQR, SQR, ARCTANH	NINE, SIN, COS, TAN	3.788e-12	2	14.4	11.4	True	
1069	Two	rational	64	exact	2	x	TWO	0.000e+00	8	0.0	64.0	True	2
1070	M_7, the 7-dimensional analog of Madelung's constant (negated)	none	64	not found	9	x, COSH, FIVE, SUBTRACT, SQR	EULER, INV, TANH, EXP	3.703e-10	2	14.2	9.4	True	
1071	Sierpiński's S~ (S "tilde" as named by S. Finch), a constant appearing in the asymptotics of the number of representatio	none	64	not found	9	x, COSH, TAN, ARCSINH, GAMMA	FIVE, SQR, ARCTAN, SQRT	7.912e-10	2	15.7	9.1	True	
1072	solution to the Lane-Emden equation for a sphere of polytropic index n = 3	none	32	not found	9	SEVEN, x, SIN, POWER, SQRT	EULER, GAMMA, SQRT, ARCCOSH	2.988e-10	2	14.3	9.5	True	
1073	least x > 0 satisfying x + tan(x) = 0	none	64	not found	9	x, EXP, EXP, COS, SQR	PI, GAMMA, EXP, TANH	4.407e-11	3	14.5	10.4	True	
1074	figure-eight knot hyperbolic volume	special	64	not found	9	TWO, ARCTAN, x, SQR, SUBTRACT	SIX, SQR, SIN, ARCCOS	3.136e-10	3	14.3	9.5	True	((-2*Pi^2 + 3*PolyGamma[1, 1/3])*Sqrt[3])/9
1075	QRS associated constant	special	64	not found	9	x, TAN, THREE, PLUS, SQR	SIX, SIN, TANH, COSH	3.051e-10	3	14.2	9.5	True	Zeta[3/2, Root[{Zeta[1/2, #1/2] & , 0.605443657196732749478922842447`29.782073733759695}]/2]/4
1076	'beta', a constant appearing in the random links Traveling Salesman Problem	none	64	not found	9	x, PI, POWER, COSH, SIN	PI, EIGHT, PLUS, TANH	1.675e-13	3	14.1	12.8	True	
1077	Lüroth analog of Lévy constant	special	64	not found	9	x, ARCSINH, NINE, ARCTAN, DIVIDE	PI, ARCSINH, COSH, TANH	2.113e-10	3	14.2	9.7	True	Sum[Log[\[FormalK]*(1 + \[FormalK])]/(\[FormalK]*(1 + \[FormalK])), {\[FormalK], 1, Infinity}]
1078	M_8, the 8th Madelung constant (negated)	none	64	not found	9	SEVEN, COS, SQR, x, SUBTRACT	PI, SINH, INV, ARCCOS	1.977e-11	3	14.3	10.7	True	
1079	semi-meander critical exponent	algebraic	64	not found	9	NINE, SINH, INV, x, SUBTRACT	NINE, INV, EXP, TAN	1.696e-10	3	14.3	9.8	True	1 + (Sqrt[11]*(Sqrt[5] + Sqrt[29]))/24
1080	one div ln phi	elementary	64	exact	4	x, INV	GOLDENRATIO, LOG	0.000e+00	22	0.0	64.0	True	1/Log[GoldenRatio]
1081	ln(8)	elementary	64	exact	3	x	EIGHT, LOG	0.000e+00	3	0.0	63.6	True	Log[8]
1082	two thirds pi	elementary	64	exact	4	x, TAN, SQR	THREE	0.000e+00	94	0.1	64.0	True	2*Pi/3
1083	Wallis's constant	algebraic	64	not found	9	x, LOG, ARCTANH, ARCSINH, ARCCOS	SEVEN, LOG, INV, TAN	1.076e-10	4	14.3	10.0	True	(135/2 - (3*Sqrt[1929])/2)^(1/3)/3 + ((45 + Sqrt[1929])/2)^(1/3)/3^(2/3)
1084	Brown-Wang constant	special	64	not found	9	x, PI, TIMES, SQR, COS	PI, TANH, COSH, SIN	2.159e-09	4	16.0	8.7	True	With[{\[FormalLambda] = Root[{(1 + #1)*Pi - Tan[#1*Pi] & , 0.43029665312420275777`20.}]}, Root[{(1 + \[FormalLambda])*Pi*((#1 - 1)*PolyGamma[1 + (#1 - 1)/2] - 2*#1*PolyGamma[1 + #1/2] + (#1 + 1)*PolyGamma[1 + (#1 + 1)/2]) - 2*Sin[\[FormalLambda]*Pi] & , 2.11023396612157219646682815666`30.}]]
1085	'sigma', a constant associated with the expected number of random elements to generate a finite abelian group	none	64	not found	9	GOLDENRATIO, x, DIVIDE, ARCCOSH, ARCCOS	EULER, ARCTAN, ARCCOSH, SINH	1.640e-09	4	15.5	8.8	True	
1086	'a', an auxiliary constant associated with the asymptotic probability of success in the secretary problem when the numbe	none	64	not found	9	x, SQRT, THREE, POWER, GAMMA	FIVE, FOUR, SINH, SUBTRACT	1.011e-10	4	14.5	10.0	True	
1087	Jacobi theta function theta_2(0, 1/2) where theta_2 is the 2nd Jacobi theta function	special	64	not found	9	x, LOG, TAN, SINH, GAMMA	NINE, THREE, TANH, POWER	3.437e-10	2	14.7	9.5	True	EllipticTheta[2,0,1/2]
1088	Jacobi theta function theta_3(0, 1/2) where theta_3 is the 3rd Jacobi theta function	special	64	not found	8	FIVE, SQRT, ARCTAN, x, SUBTRACT	EIGHT, SINH, SIN	1.407e-10	2	14.4	9.9	True	EllipticTheta[3,0,1/2]
1089	pi^(2/3)	elementary	64	exact	5	THREE, x, POWER	PI, SQR	0.000e+00	15	0.1	63.7	True	Pi^(2/3)
1090	10^(1/3)	algebraic	64	exact	6	THREE, x, POWER	NEG, NINE, SUBTRACT	0.000e+00	24	0.6	63.8	True	10^(1/3)
1092	Erdős-Szekeres constant	special	64	not found	9	SEVEN, SIN, ARCTAN, x, TIMES	NEG, TAN, SQR, GAMMA	1.369e-10	4	14.6	9.9	True	Zeta[3/2]/Zeta[3]
1093	K = exp(8*G/(3*Pi)), a Kneser-Mahler constant related to an asymptotic inequality involving Bombieri's supremum norm, wh	special	64	not found	9	x, FIVE, PLUS, SIN, SINH	SEVEN, COS, ARCSINH, ARCTANH	7.021e-10	4	14.3	9.2	True	Exp[8*Catalan/(3*Pi)]
1094	normalized asymptotic mean of omega(m) when m is one of the values <= n taken by Euler's phi totient function	none	64	not found	9	GOLDENRATIO, x, SUBTRACT, ARCSINH, EXP	EIGHT, TAN, INV, ARCCOS	9.275e-11	3	14.4	10.0	True	
1095	a constant related to series-reduced trees	none	64	not found	9	x, FOUR, TIMES, SIN, TAN	PI, FIVE, SQRT, DIVIDE	4.585e-10	2	13.9	9.3	True	
1096	'theta', the expected degree (valency) of the root of a random rooted tree with n vertices	none	64	not found	9	NINE, x, LOG, POWER, TANH	ONE, SIN, TAN, LOG	2.510e-10	2	13.9	9.6	True	
1097	e^(pi/4)	elementary	64	exact	4	x	ONE, ARCTAN, EXP	0.000e+00	21	0.0	63.8	True	E^(Pi/4)
1098	ln(9)	elementary	64	exact	3	x	NINE, LOG	0.000e+00	4	0.0	63.9	True	Log[9]
1099	Lüroth analog of Khinchin constant	special	64	not found	9	x, ARCCOSH, ARCCOSH, SIX, TIMES	TWO, ARCTAN, COSH, EXP	2.469e-10	4	14.4	9.6	True	Product[\[FormalK]^(1/(\[FormalK]*(1 + \[FormalK]))), {\[FormalK], 1, Infinity}]
1100	totient constant	special	64	not found	9	x, SQR, LOG, SINH, SIN	GOLDENRATIO, ARCSINH, INV, ARCSINH	2.738e-09	2	13.9	8.6	True	Sum[1/(\[FormalK]*EulerPhi[\[FormalK]]), {\[FormalK], 1, Infinity}]
1101	Pi/2 + 2/Pi	elementary	64	exact	6	x, COS	NEG, ARCSIN, INV, SIN	0.000e+00	70	0.7	63.8	True	Pi/2 + 2/Pi
1102	pi(2)^(-1/2)	elementary	64	exact	5	x	TWO, SQRT, PI, DIVIDE	0.000e+00	20	0.0	63.7	True	Pi*2^(-1/2)
1103	y_3, the third of four non-explicit constants recursively derived from Khintchine's [Khinchin's] constant	none	64	not found	9	x, GAMMA, EIGHT, ARCTAN, SUBTRACT	EULER, GOLDENRATIO, GAMMA, DIVIDE	5.258e-11	2	14.0	10.3	True	
1104	D(1), where D(x) is the infinite product function defined in the formula section (or in the Finch reference)	special	64	not found	8	x, TWO, PLUS, LOG	EIGHT, PI, SINH, DIVIDE	8.907e-11	2	14.0	10.1	True	Glaisher^6/(2^(1/6)*Sqrt[Pi])
1105	Sqrt 5	algebraic	64	exact	3	x	FIVE, SQRT	0.000e+00	4	0.0	63.7	True	Sqrt[5]
1106	Takeuchi-Prellberg constant	special	25	not found	9	x, SIN, PI, POWER, ARCCOSH	EULER, SQRT, SIN, TAN	2.853e-10	2	13.8	9.5	True	ConditionalExpression[Extension`TakeuchiPrellbergConstant == Limit[Subscript[\[FormalCapitalT], \[FormalN]]/(BellB[\[FormalN]]*Exp[ProductLog[\[FormalN]]^2/2]), \[FormalN] -> Infinity], Subscript[\[FormalCapitalT], 0] == 0 && Subscript[\[FormalCapitalT], 1] == 1 && Subscript[\[FormalCapitalT], 2] == 4 && Subscript[\[FormalCapitalT], 3] == 14 && Subscript[\[FormalCapitalT], \[FormalN]] == Sum[Binomial[2*\[FormalK], \[FormalK]]/(1 + \[FormalK]), {\[FormalK], 1, \[FormalN]}] + Sum[Subscript[\[FormalCapitalT], -1 - \[FormalK] + \[FormalN]]*(2*Binomial[-1 + \[FormalK] + \[FormalN], \[FormalK]] - Binomial[\[FormalK] + \[FormalN], \[FormalK]]), {\[FormalK], 0, -2 + \[FormalN]}]]
1107	Sierpiński's second constant, K2 = lim_{n->oo} ((1/n) * (Sum_{i=1..n} A004018(i^2)) - 4/Pi * log(n))	special	64	not found	9	EULER, TANH, x, POWER, ARCCOSH	EIGHT, INV, SINH, ARCCOS	1.314e-10	2	13.8	9.9	True	4(12 Log[Gamma[3/4]]-9 Log[Pi]+72 Log[Glaisher]-5 Log[2]+3 EulerGamma-3)/(3 Pi)
1108	Integral_{0..oo} 1/Gamma(1+x) dx, a variation of the Fransén-Robinson constant	none	64	not found	9	x, COS, TAN, FIVE, POWER	FIVE, SIN, GAMMA, SIN	4.393e-10	2	14.0	9.4	True	
1109	Landau-Kolmogorov constant C(4,1) for derivatives in L_2(0, infinity)	none	64	not found	9	ONE, TANH, LOG, x, POWER	PI, SQRT, ARCSINH, ARCCOSH	7.821e-10	2	13.9	9.1	True	
1110	1/A240969	none	64	not found	9	x, THREE, SUBTRACT, SQRT, ARCCOS	PI, GAMMA, GAMMA, ARCCOSH	1.368e-10	4	13.9	9.9	True	
1111	first Foias constant	special	64	not found	9	GOLDENRATIO, ARCCOSH, x, POWER, COS	NINE, COS, ARCSINH, ARCSINH	5.604e-10	3	13.9	9.3	True	Root[{-(1 + 1/#1)^#1 + #1 & , 2.29316628741186103150802829125000000000007305694139121664`29.360435548444247}]
1112	zeta(2)*zeta(3)*zeta(4)*	none	64	not found	9	NINE, x, EXP, SUBTRACT, GAMMA	EULER, SIN, COS, SINH	4.685e-10	3	13.8	9.3	True	
1113	Universal parabolic constant	elementary	64	exact	6	x, TWO, SQRT, SUBTRACT	NEG, ARCSINH	0.000e+00	11	0.7	63.8	True	Sqrt[2] + ArcSinh[1]
1114	product_{n>=1} (n/(n+1))^((-1)^t(n)), a probabilistic counting constant, where t(n) = A010060(n) is the Thue-Morse seque	none	64	not found	9	NINE, x, EXP, SUBTRACT, SQRT	PI, GAMMA, COSH, TANH	1.847e-10	5	13.9	9.7	True	
1115	logarithm of 10	elementary	64	exact	5	x	NEG, NINE, SUBTRACT, LOG	0.000e+00	21	0.0	64.0	True	Log[10]
1116	y_1, the first of four non-explicit constants recursively derived from Khintchine's [Khinchin's] constant	none	64	not found	9	x, SQR, SIX, DIVIDE, ARCCOSH	EIGHT, SEVEN, DIVIDE, ARCCOS	3.618e-10	5	13.9	9.4	True	
1117	Klarner-Rivest polyomino constant	none	64	not found	9	EIGHT, x, DIVIDE, GAMMA, GAMMA	FOUR, TANH, COSH, SINH	8.551e-11	3	14.0	10.1	True	
1118	3D lattice sum analog of Euler γ	special	64	not found	9	x, NINE, DIVIDE, LOG, TAN	EULER, ARCSINH, EIGHT, DIVIDE	8.313e-11	3	13.9	10.1	True	(-4*Pi)/3 + (19*Log[2])/2 - 4*Sum[((3 + 3*(-1)^\[FormalM] + (-1)^(\[FormalM] + \[FormalN]))*Csch[Pi*Sqrt[\[FormalM]^2 + \[FormalN]^2]])/Sqrt[\[FormalM]^2 + \[FormalN]^2], {\[FormalM], 1, Infinity}, {\[FormalN], 1, Infinity}]
1119	constant 1 + B3 (or 1 + B_3) related to the Mertens constant	none	64	not found	9	x, GAMMA, TANH, EXP, TAN	TWO, COS, EULER, TIMES	3.270e-11	4	14.0	10.5	True	
1120	Ti_2(2+sqrt(3)), where Ti_2 is the inverse tangent integral function	none	64	not found	9	x, TAN, TWO, TIMES, TAN	TWO, COSH, LOG, SQR	2.445e-10	4	14.0	9.6	True	
1121	three quarters pi	elementary	64	exact	3	x, TAN	NEG	0.000e+00	8	0.0	64.0	True	3*Pi/4
1122	monomer-dimer triangular constant	special	64	not found	9	SIX, ARCTAN, x, SUBTRACT, COSH	EIGHT, SIN, SQR, TAN	5.013e-11	4	13.8	10.3	True	Exp[Integrate[Log[6 + 2*Cos[\[FormalT]] + 2*Cos[\[FormalPhi]] + 2*Cos[\[FormalT] + \[FormalPhi]]], {\[FormalT], -Pi, Pi}, {\[FormalPhi], -Pi, Pi}]/(8*Pi^2)]
1123	pi^(3/4)	elementary	64	exact	6	x, SQR	PI, SQRT, PI, TIMES	0.000e+00	85	0.7	63.8	True	Pi^(3/4)
1124	Pi^2/(6*log 2)	elementary	64	exact	7	x, EIGHT, POWER	PI, SQR, EXP, SQRT	0.000e+00	138	13.6	63.9	True	Pi^2/(6*Log[2])
1125	c = (7-sqrt(5))/2	algebraic	64	exact	4	x	GOLDENRATIO, FOUR, SUBTRACT	0.000e+00	16	0.0	63.9	True	4 - GoldenRatio
1126	ln(11)	elementary	64	exact	5	x	TWO, NINE, PLUS, LOG	0.000e+00	18	0.0	64.0	True	Log[11]
1127	asymptotic evaluation of the constrained maximum of a certain quadratic form	none	64	not found	9	NINE, COSH, x, TIMES, SIN	GOLDENRATIO, SQR, COSH, TANH	1.703e-10	2	14.6	9.8	True	
1128	Narcissus constant	special	64	not found	9	SEVEN, x, SIN, SINH, POWER	NINE, EIGHT, SIN, DIVIDE	1.300e-10	2	14.0	9.9	True	Root[{1 + #1 - #1^(-1 + #1) & , 2.39838438278161142938900277955804885011`20.5225995583442}]
1129	Golden angle	elementary	64	exact	7	PI, x, DIVIDE	GOLDENRATIO, SQR, TWO, DIVIDE	0.000e+00	200	13.7	64.0	True	(2*Pi)/GoldenRatio^2
1130	2*zeta(3)	special	64	not found	9	FOUR, TANH, TANH, x, SUBTRACT	EULER, FOUR, SUBTRACT, SQR	3.417e-11	2	13.9	10.5	True	2*Zeta[3]
1131	first zero of the Bessel function J_0(z)	special	64	not found	9	FIVE, GAMMA, x, TIMES, SIN	TWO, LOG, ARCTAN, ARCCOS	1.155e-10	2	14.0	9.9	True	BesselJZero[0, 1]
1132	solution to the Lane-Emden equation for a sphere of polytropic index n = 2	none	32	not found	9	x, TAN, SQR, ARCSINH, SQRT	NINE, SQR, COS, SINH	6.404e-10	2	14.1	9.2	True	
1133	Silver ratio	algebraic	64	exact	4	x	ONE, ARCSINH, EXP	0.000e+00	22	0.0	64.0	True	1 + Sqrt[2]
1134	c = 2.4149..., a random mapping statistics constant such that the asymptotic expectation of the maximum rho length (grap	none	20	not found	9	x, SQR, TAN, COSH, SQR	THREE, TWO, COSH, DIVIDE	1.333e-10	2	14.0	9.9	True	
1135	prod_{n>=1} (1 + 1/n^3) = cosh(sqrt(3) pi/2)/pi	elementary	64	not found	9	x, FIVE, TAN, SUBTRACT, SIN	NINE, SINH, COS, SINH	8.055e-12	2	14.0	11.1	True	Cosh[Sqrt[3]*Pi/2]/Pi
1136	a constant related to the asymptotic evaluation of the Lebesgue constants L_n	none	64	not found	9	x, SINH, SQRT, GAMMA, SINH	EULER, SQRT, SINH, ARCCOSH	3.607e-10	2	14.2	9.4	True	
1137	theta = 2.472548..., an auxiliary constant used to compute the best constant in Friedrichs' inequality in one dimension	none	64	not found	9	x, COSH, ARCTAN, LOG, SQR	SIX, TWO, LOG, DIVIDE	5.173e-10	2	13.7	9.3	True	
1138	Otter's weakly binary tree enumeration asymptotic constant xi	none	64	not found	9	EIGHT, x, POWER, LOG, SINH	SEVEN, GAMMA, THREE, PLUS	2.856e-14	4	13.9	13.5	True	
1139	A1*B1, the average number of non-isomorphic semisimple rings of any order, where A1 is Product_{m>1} zeta(m) and B1 is P	none	64	not found	9	EULER, SQRT, x, POWER, INV	SEVEN, EULER, POWER, TAN	1.396e-10	4	14.0	9.9	True	
1140	Feigenbaum alpha	none	64	not found	9	x, TAN, ARCSINH, SQR, SINH	FIVE, SIX, SQRT, DIVIDE	8.921e-11	4	13.9	10.0	True	
1141	root two pi	elementary	64	exact	5	x, SQR	PI, PI, PLUS	0.000e+00	28	0.1	63.9	True	Sqrt[2*Pi]
1142	100^(1/5)	algebraic	64	exact	7	FIVE, x, POWER	NEG, NINE, SUBTRACT, SQR	0.000e+00	70	13.5	64.0	True	100^(1/5)
1143	a constant related to identity trees	none	64	not found	9	x, ARCCOSH, SQR, TAN, TANH	GOLDENRATIO, COSH, TAN, ARCTANH	8.381e-10	4	13.9	9.1	True	
1144	doubly infinite sum N_3 = Sum_{i,j,k = -inf..inf} (-1)^(i+j+k)/(i^2+j^2+k^2), a lattice constant analog of Madelung's co	none	64	not found	8	x, SIN, ARCSIN, TWO, PLUS	TWO, TANH, EXP	9.588e-11	4	13.7	10.0	True	
1145	sqrt(2)*exp(2*G/Pi), where G = A006752	special	64	not found	9	FOUR, ARCSINH, x, SIN, DIVIDE	GOLDENRATIO, LOG, TAN, SQR	2.743e-10	6	14.0	9.6	True	Sqrt[2]*Exp[2Catalan/Pi]
1146	a variant of the Komornik-Loreti constant	none	64	not found	9	x, GAMMA, ARCCOSH, EXP, SIN	NEG, ARCSINH, COS, ARCTANH	1.392e-10	6	13.8	9.9	True	
1147	(Glaisher^12/(2*Pi*e^EulerGamma))^(Pi^2/6)	special	64	not found	9	EULER, x, ARCCOSH, DIVIDE, ARCTANH	SEVEN, SIN, SQRT, TANH	3.611e-11	6	13.7	10.4	True	(Glaisher^12/(2Pi E^EulerGamma))^(Pi^2/6)
1148	ln(13)	elementary	64	exact	5	x	FOUR, NINE, PLUS, LOG	0.000e+00	15	0.0	63.9	True	Log[13]
1149	exp(gamma)/log(2), a conjectural constant related to the asymptotic counting of Mersenne primes, where gamma is Euler's 	special	64	not found	9	SIX, GOLDENRATIO, x, POWER, DIVIDE	SIX, INV, COSH, TANH	1.108e-10	6	13.7	10.0	True	Exp[EulerGamma]/Log[2]
1150	Sierpiński's constant	special	64	not found	8	SEVEN, x, POWER, SIN	THREE, TAN, INV, TANH	2.574e-11	4	13.7	10.6	True	Pi*(2*EulerGamma - Log[Pi] + 4*Log[Gamma[3/4]])
1151	Barban constant	special	64	not found	9	FOUR, SIN, x, COS, DIVIDE	NINE, ARCTAN, ARCTAN, SINH	3.131e-10	5	13.8	9.5	True	Product[1 + (-1 + 3*Prime[\[FormalK]]^2)/(Prime[\[FormalK]]*(1 + Prime[\[FormalK]])*(-1 + Prime[\[FormalK]]^2)), {\[FormalK], 1, Infinity}]
1152	twenty-vertex entropy constant	algebraic	64	exact	6	x, SQR	FOUR, INV, SEVEN, SUBTRACT	0.000e+00	138	0.7	64.0	True	(3*Sqrt[3])/2
1153	golden root	algebraic	64	exact	3	x	GOLDENRATIO, SQR	0.000e+00	4	0.0	63.9	True	2 + 2*Cos[(2*Pi)/5]
1154	Lemniscate constant	special	64	not found	9	x, ONE, SUBTRACT, GAMMA, GAMMA	PI, ARCCOSH, THREE, SUBTRACT	1.121e-09	5	13.8	9.0	True	Gamma[1/4]^2/(2*Sqrt[2*Pi])
1156	positive root of the equation 13x^4 - 7x^2 - 581 = 0	algebraic	64	not found	9	x, SQR, SIN, SINH, GAMMA	PI, LOG, TANH, COSH	6.103e-10	6	13.6	9.2	True	Sqrt[1/26*(7+Sqrt[30261])]
1157	sqrt(2) + sqrt(3/2)	algebraic	64	exact	7	TWO, SQRT, x, TIMES	TWO, ARCCOSH, EXP	0.000e+00	102	13.7	63.8	True	Sqrt[2] + Sqrt[3/2]
1158	sqrt(7)	algebraic	64	exact	3	x	SEVEN, SQRT	0.000e+00	3	0.0	64.0	True	Sqrt[7]
1159	Gelfond-Schneider constant	elementary	64	exact	5	x	TWO, SQRT, TWO, POWER	0.000e+00	9	0.0	63.9	True	2^Sqrt[2]
1160	Gamma(1/3)	special	64	exact	4	x	THREE, INV, GAMMA	1.658e-16	16	0.0	63.8	True	Gamma[1/3]
1161	coefficient 'gamma' (see formula) appearing in Otter's result concerning the asymptotics of T_n, the number of non-isomo	none	64	not found	9	x, EXP, SIN, COSH, COSH	GOLDENRATIO, THREE, TIMES, SQRT	1.670e-10	6	13.6	9.8	True	
1162	Khinchin's constant	special	64	not found	9	x, SQR, COS, ARCSINH, COSH	NINE, INV, COS, SINH	9.164e-11	6	13.9	10.0	True	Khinchin
1163	Landau-Kolmogorov constant C(5,1) for derivatives in L_2(0, infinity)	none	64	not found	9	x, LOG, COS, TWO, TIMES	PI, SQRT, TANH, SINH	9.985e-10	6	13.7	9.0	True	
1164	Euler number	elementary	64	exact	2	x	EULER	0.000e+00	4	0.0	64.0	True	E
1165	pi sqrt(3)/2	elementary	64	exact	6	PI, x, DIVIDE	TWO, ARCCOSH, TANH	0.000e+00	74	0.7	64.0	True	Pi*Sqrt[3]/2
1166	log e^(2π)	elementary	64	exact	7	x, PI, DIVIDE, EXP, ARCCOSH	THREE, ARCSINH	0.000e+00	46	13.4	64.0	True	Log10[E^(2*Pi)]
1167	Sum_{k>=1} sigma(k)/2^k where sigma(k) is the sum of divisors of k, 1 <= d <= k	special	64	not found	9	x, SIN, TAN, EXP, ARCTAN	TWO, ARCCOSH, SIN, SQRT	3.045e-10	4	13.5	9.5	True	Sum[n/(2^n - 1), {n, 1, 500}]
1168	Ramanujan nested radical constant	algebraic	64	not found	9	FIVE, SINH, INV, x, PLUS	GOLDENRATIO, TANH, THREE, POWER	8.639e-11	4	13.4	10.1	True	(2 + Sqrt[5] + Sqrt[15 - 6*Sqrt[5]])/2
1169	a constant related to A006196	none	64	not found	9	TWO, COS, x, TAN, DIVIDE	TWO, TAN, EXP, COS	4.418e-10	4	13.5	9.4	True	
1170	C_{1/2}, a constant related to Kolmogorov's inequalities	special	64	not found	9	x, SIN, SIN, LOG, COS	NEG, SIN, SIN, EXP	1.020e-10	4	13.9	10.0	True	Gamma[1/4]^2/(Pi*Gamma[3/4]^2)
1171	(1/sqrt(Pi) + e*erfc(-1))/2	special	64	not found	9	x, SIN, ARCSINH, ARCSIN, ARCTANH	THREE, COS, EXP, SIN	2.091e-11	4	14.0	10.7	True	(1/Sqrt[Pi]+E Erfc[-1])/2
1172	'xi', an optimal stopping auxiliary constant associated with the two choice case	none	64	not found	9	x, NEG, PLUS, EULER, SUBTRACT	TWO, COSH, LOG, ARCTAN	2.103e-11	5	13.6	10.7	True	
1173	2*Pi*phi(0), a constant appearing in connection with a study of zeros of the integral of xi(z), where phi(t) and xi(z) a	none	64	not found	9	x, ARCCOSH, SQR, SIN, TAN	TWO, SINH, INV, ARCTANH	5.631e-14	4	13.8	13.2	True	
1174	Fransén–Robinson constant	special	64	not found	9	GOLDENRATIO, GAMMA, x, POWER, LOG	NEG, SINH, COSH, GAMMA	3.199e-10	5	13.7	9.5	True	Integrate[Gamma[x]^(-1), {x, 0, Infinity}]
1175	Murata constant	special	64	not found	9	x, SINH, SIN, EXP, ARCTAN	NEG, COS, COS, INV	5.366e-11	4	13.6	10.3	True	Product[1 + (-1 + Prime[\[FormalK]])^(-2), {\[FormalK], 1, Infinity}]
1176	ln(17)	elementary	64	exact	5	x	EIGHT, NINE, PLUS, LOG	0.000e+00	18	0.0	64.0	True	Log[17]
1177	Born's basic potential Pi_0	none	64	not found	8	x, COS, ARCTANH, INV, SINH	THREE, SINH, SIN	5.453e-11	4	13.7	10.3	True	
1178	constant appearing in the variance for searching in a digital tree	none	64	not found	9	THREE, ARCCOSH, x, SUBTRACT, ARCSINH	SEVEN, ARCCOSH, LOG, SQR	7.278e-11	4	13.6	10.1	True	
1179	Hardy-Littlewood prime triples constant	special	64	not found	9	x, SIN, SEVEN, GAMMA, POWER	FIVE, ARCCOSH, FOUR, PLUS	1.760e-10	4	13.7	9.8	True	(9*Product[((-3 + Prime[\[FormalK]])*Prime[\[FormalK]]^2)/(-1 + Prime[\[FormalK]])^3, {\[FormalK], 3, Infinity}])/2
1180	(diagonal)/(shortest side) of 2nd electrum rectangle	none	64	exact	7	x, ARCCOSH, SINH	THREE, SQRT, ONE, PLUS	0.000e+00	64	13.7	63.8	True	
1181	a second variant of the Komornik-Loreti constant	none	64	not found	9	x, GAMMA, NEG, PLUS, COS	TWO, COSH, TAN, ARCSINH	8.868e-10	6	13.9	9.1	True	
1182	ln(19)	elementary	64	exact	6	x, EXP	FOUR, SQR, THREE, PLUS	0.000e+00	74	0.7	63.9	True	Log[19]
1183	Otter's rooted tree constant	none	64	not found	9	x, SIN, FOUR, TIMES, ARCTANH	PI, TANH, ARCSIN, ARCCOSH	2.521e-10	6	13.8	9.6	True	
1184	Landau-Kolmogorov constant C(4,2) for derivatives in L_2(0, infinity)	none	64	not found	9	x, SIN, FOUR, TIMES, INV	NINE, INV, COSH, COSH	3.829e-11	4	13.6	10.4	True	
1185	B, a constant related to the Goh-Schmutz constant and the asymptotic expected order of a random permutation	none	64	not found	9	x, SIN, NINE, COS, TIMES	SEVEN, TAN, LOG, ARCSINH	5.090e-10	4	13.5	9.3	True	
1186	oloid volume constant	special	64	not found	8	x, NINE, COSH, DIVIDE, SIN	EIGHT, TANH, SQR	5.418e-12	5	12.2	11.3	True	(2*(2*EllipticE[3/4] + EllipticK[3/4]))/3
1187	Landau-Kolmogorov constant C(3,1) for derivatives in the case L_infinity(0, infinity)	algebraic	64	exact	7	THREE, x, NINE, DIVIDE, POWER	FIVE, GAMMA	0.000e+00	33	12.4	64.0	True	(243/8)^(1/3)
1188	sqrt(480)/7	algebraic	64	exact	8	x, INV, ARCSINH, EXP	FOUR, LOG, SINH, SQRT	0.000e+00	49	12.3	64.0	True	Sqrt[480]/7
1189	ln(23)	elementary	64	exact	6	x, EXP	FOUR, SQR, SEVEN, PLUS	0.000e+00	68	0.6	63.8	True	Log[23]
1190	Ramanujan's π-approximation constant	elementary	64	false positive	2	x	PI	0.000e+00	5	0.0	16.2	True	Log[262537412640768000]/Sqrt[163]
1191	Pi	elementary	64	exact	2	x	PI	0.000e+00	5	0.0	64.0	True	Pi
1192	mean value over all positive integers of a function giving the least quadratic nonresidue modulo a given odd integer (th	none	64	not found	9	x, PI, PLUS, EXP, SIN	EIGHT, SQR, GAMMA, SIN	4.388e-11	6	12.8	nan	False	
1193	10^(1/2)	algebraic	64	exact	4	x	THREE, ARCSINH, COSH	0.000e+00	18	0.0	64.0	True	10^(1/2)
1194	C = log(2*Pi) + B_3 (where B_3 is A083343), one of Euler totient constants	none	64	not found	8	NEG, TANH, x, SUBTRACT, TAN	THREE, TAN, COSH	2.564e-10	6	13.0	9.6	True	
1195	plate constant	special	64	not found	9	x, ARCCOSH, EXP, COS, ARCSIN	ONE, SINH, TAN, ARCCOSH	3.351e-12	4	12.9	11.5	True	ConditionalExpression[Extension`PlateConstant == \[FormalX], BesselI[1, \[FormalX]]*BesselJ[0, \[FormalX]] + BesselI[0, \[FormalX]]*BesselJ[1, \[FormalX]] == 0 && 3 < \[FormalX] < 7/2]
1196	square of the constant A130834	special	64	not found	9	GOLDENRATIO, x, SINH, DIVIDE, SIN	TWO, PI, SUBTRACT, ARCSINH	3.520e-10	4	12.7	9.5	True	Exp[4*Catalan/Pi]
1197	1 + sqrt(5)	algebraic	64	exact	4	x	GOLDENRATIO, GOLDENRATIO, PLUS	0.000e+00	15	0.0	63.9	True	1 + Sqrt[5]
1198	Pálfy's constant c_3	elementary	64	not found	9	x, EIGHT, EXP, DIVIDE, SIN	GOLDENRATIO, SIX, PLUS, TANH	2.315e-10	4	13.6	9.6	True	5/3 + Log[9, 32]
1199	rayleigh kurtosis	elementary	64	not found	9	THREE, x, SUBTRACT, LOG, GAMMA	SEVEN, ARCCOSH, SQRT, COSH	6.444e-11	4	13.7	10.2	True	(32 - 3*Pi^2)/(4 - Pi)^2
1200	silver root	algebraic	64	exact	8	FOUR, x, DIVIDE, SQRT	SEVEN, PI, DIVIDE, COS	0.000e+00	10	13.5	64.0	True	2 + 2*Cos[(2*Pi)/7]
1201	Lévy's constant 2	elementary	64	exact	8	EIGHT, LOG, x, POWER	NEG, ARCSIN, SQR, EXP	0.000e+00	18	13.3	64.0	True	E^(Pi^2/(12*Log[2]))
1202	a constant related to A000620, A000622, A000623 and A000625	none	64	not found	9	x, ARCCOSH, PI, TIMES, COS	NINE, COSH, COS, COS	1.302e-10	4	13.5	9.9	True	
1203	y_2, the second of four non-explicit constants recursively derived from Khintchine's [Khinchin's] constant	none	64	not found	9	x, SINH, SIN, ARCTAN, SQRT	FOUR, TANH, SQR, SIN	4.734e-11	4	14.0	10.3	True	
1204	sqrt(11)	algebraic	64	exact	5	x	TWO, NINE, PLUS, SQRT	0.000e+00	30	0.1	64.0	True	Sqrt[11]
1205	average value of the Yekutieli-Mandelbrot parameter, that is the average number of maximal subtrees of an ordered binary	special	64	not found	9	PI, x, POWER, LOG, GAMMA	FOUR, COSH, ARCTAN, EXP	6.846e-11	4	13.7	10.2	True	2*Catalan/(Pi*Log[2])+5/2
1206	Reciprocal Fibonacci constant	special	64	not found	9	x, TANH, ARCCOS, ARCSIN, SQRT	EULER, SQR, EXP, TAN	5.202e-11	4	13.6	10.3	True	(Sqrt[5]*(EllipticTheta[2, 0, GoldenRatio^(-2)]^2 + (Log[5] + 2*QPolyGamma[0, 1, GoldenRatio^(-4)] - 4*QPolyGamma[0, 1, GoldenRatio^(-2)])/(2*Log[(1 + Sqrt[5])/2])))/4
1207	van der Corput constant	special	64	not found	9	SEVEN, x, GAMMA, LOG, POWER	PI, TANH, SQR, ARCSIN	8.329e-10	4	13.6	9.1	True	With[{\[FormalX] = Root[{Cos[#1]*FresnelS[Sqrt[1 - (2*#1)/Pi]] + FresnelC[Sqrt[1 - (2*#1)/Pi]]*Sin[#1] & , -0.726643246813242509590219555941985563257278933469994008688`30.}]}, 2*(Cos[\[FormalX]]*FresnelC[Sqrt[1 - (2*\[FormalX])/Pi]] - FresnelS[Sqrt[1 - (2*\[FormalX])/Pi]]*Sin[\[FormalX]])*Sqrt[Pi]]
1208	ln(29)	elementary	64	exact	6	x, EXP	FIVE, GAMMA, FIVE, PLUS	0.000e+00	64	0.6	64.0	True	Log[29]
1209	Magata constant	special	64	not found	9	EIGHT, x, LOG, POWER, LOG	PI, LOG, SQRT, COSH	4.365e-14	4	13.6	13.4	True	ConditionalExpression[Extension`MagataConstant == Limit[Sum[Subscript[\[FormalC], \[FormalK]], {\[FormalK], 1, \[FormalN]}], \[FormalN] -> Infinity], Sum[Subscript[\[FormalC], \[FormalK]]*Product[-1 - \[FormalJ] + \[FormalM], {\[FormalJ], 0, -1 + \[FormalK]}], {\[FormalK], 0, -1 + \[FormalN]}] == Prime[\[FormalM]] && \[FormalM] <= \[FormalN]]
1210	meander critical exponent	algebraic	64	not found	9	x, TWO, INV, ARCCOS, DIVIDE	EIGHT, SIX, SQRT, DIVIDE	3.317e-10	4	13.7	9.5	True	(29 + Sqrt[145])/12
1211	ln(31)	elementary	64	exact	6	x, EXP	FIVE, GAMMA, SEVEN, PLUS	0.000e+00	65	0.7	63.9	True	Log[31]
1212	y_4, the last of four non-explicit constants recursively derived from Khintchine's [Khinchin's] constant	none	64	not found	8	x, COS, SQR, SQR, ARCTANH	FIVE, ARCTAN, SQRT	6.475e-10	4	13.7	9.2	True	
1213	1 + sqrt(6)	algebraic	64	exact	5	x	SIX, SQRT, ONE, PLUS	0.000e+00	36	0.0	64.0	True	1+Sqrt[6]
1214	best constant K for the integral inequality integral_{0..1} f(x)^2*f'(x)^2 dx <= K*integral_{0..1} f'(x)^4 dx	none	64	not found	9	GOLDENRATIO, EXP, COS, x, TIMES	NEG, COS, TANH, COSH	1.753e-11	4	13.6	10.8	True	
1215	Product_{k>=1} (1-1/2^k)^(-1)	special	64	not found	9	NINE, SIN, x, TIMES, TAN	TWO, SIN, SIX, PLUS	3.819e-10	6	13.9	9.4	True	1/QPochhammer[1/2, 1/2]
1216	square root of 12	algebraic	64	exact	5	x	TWO, SIX, TIMES, SQRT	0.000e+00	68	0.1	64.0	True	Sqrt[12]
1217	C, a coin tossing constant related to the asymptotic variance of the length of the longest run of consecutive heads	elementary	64	not found	9	x, EIGHT, TIMES, ARCSINH, SIN	EULER, COS, TAN, INV	6.522e-10	4	13.6	9.2	True	1/12 + Pi^2/(6*Log[2]^2)
1218	gamma = 8*lambda^2, a critical threshold of a boundary value problem, where lambda is Laplace's limit constant A033259	none	64	not found	9	x, SQR, TWO, TIMES, COS	EIGHT, EXP, TAN, COS	8.296e-10	4	13.6	9.1	True	
1219	infinite product constant	special	64	not found	9	x, TAN, TAN, INV, TANH	TWO, LOG, SQRT, ARCSIN	2.474e-09	4	13.7	8.6	True	Product[(1 + \[FormalK]^(-1))^\[FormalK]^(-1), {\[FormalK], 1, Infinity}]
1220	log 10800/π	elementary	64	not found	9	x, TAN, ARCSINH, ARCTANH, ARCTAN	EULER, TAN, EXP, SQR	2.506e-10	4	13.7	9.6	True	Log10[10800/Pi]
1221	accumulation point of the logistic map	none	64	not found	9	x, EIGHT, SQRT, DIVIDE, SIN	PI, GAMMA, THREE, SUBTRACT	2.483e-10	4	13.7	9.6	True	
1222	sqrt(13)	algebraic	64	exact	5	x	FOUR, NINE, PLUS, SQRT	0.000e+00	25	0.1	64.0	True	Sqrt[13]
1223	4*(8 - 4*sqrt(2) - log(2))/(2*sqrt(2) - 1)	elementary	64	not found	9	x, TAN, SINH, COS, LOG	EIGHT, COS, TAN, SIN	1.430e-09	6	13.7	8.8	True	4(8-4Sqrt[2]-Log[2])/(2Sqrt[2]-1)
1224	ln(37)	elementary	64	exact	6	x, EXP	SIX, SQR, ONE, PLUS	0.000e+00	90	0.6	64.0	True	Log[37]
1225	2 + phi, with the golden section phi from A001622	algebraic	64	exact	4	x	GOLDENRATIO, TWO, PLUS	0.000e+00	18	0.0	64.0	True	2 + GoldenRatio
1226	Gamma(1/4)	special	64	exact	4	x	FOUR, INV, GAMMA	0.000e+00	15	0.0	63.9	True	Gamma[1/4]
1227	'theta', the unique positive root of the equation polygamma(x) = log(Pi), where polygamma(x) gives gamma'(x)/gamma(x), t	none	64	not found	9	x, GAMMA, PI, TIMES, COS	SEVEN, SQR, EXP, SIN	4.859e-10	8	13.7	nan	False	
1228	(65 + 9*sqrt(3))/22	algebraic	64	exact	9	x, FIVE, SUBTRACT, NINE, DIVIDE	THREE, SQRT, FIVE, PLUS	0.000e+00	6	13.6	64.0	True	(65+9Sqrt[3])/22
1229	Sum_{n>=1} prime(n)/(2^n)	special	64	not found	9	x, SIN, EIGHT, PLUS, TAN	THREE, TAN, COS, ARCTANH	2.837e-10	5	13.6	9.5	True	Sum[Prime[i]/2^i,{i,1000}]
1230	ln(41)	elementary	64	exact	6	x, EXP	SIX, SQR, FIVE, PLUS	0.000e+00	61	0.6	64.0	True	Log[41]
1231	ln(43)	elementary	64	exact	6	x, EXP	SIX, SQR, SEVEN, PLUS	0.000e+00	54	0.6	64.0	True	Log[43]
1232	ln(47)	elementary	64	exact	6	x, EXP	TWO, SEVEN, SQR, SUBTRACT	0.000e+00	48	0.6	64.0	True	Log[47]
1233	an optimal stopping constant related to the Secretary problem	none	64	not found	9	x, SEVEN, TAN, EXP, DIVIDE	FOUR, LOG, INV, TANH	6.111e-11	4	13.4	10.2	True	
1234	2D lattice sum analog of Euler γ	special	64	not found	9	x, GAMMA, SQRT, SQRT, SINH	EIGHT, LOG, SQR, ARCSINH	2.389e-10	3	13.4	9.6	True	-2*Zeta[1/2]*(Zeta[1/2, 1/4] - Zeta[1/2, 3/4])
1235	-zeta'(1/2)	special	64	not found	9	SIX, SQRT, x, TAN, POWER	GOLDENRATIO, SQR, TANH, SQR	5.187e-12	3	13.3	11.3	True	-Derivative[1][Zeta][1/2]
1236	ln(53)	elementary	64	exact	6	x, EXP	SEVEN, SQR, FOUR, PLUS	0.000e+00	45	0.6	64.0	True	Log[53]
1237	1000^(1/5)	algebraic	64	exact	8	SIX, FIVE, DIVIDE, x, POWER	THREE, ARCSINH, COSH	0.000e+00	15	13.2	64.0	True	1000^(1/5)
1239	ln(59)	elementary	64	exact	6	x, EXP	FIVE, EIGHT, SQR, SUBTRACT	0.000e+00	45	0.6	64.0	True	Log[59]
1240	ln(61)	elementary	64	exact	6	x, EXP	THREE, EIGHT, SQR, SUBTRACT	0.000e+00	45	0.6	64.0	True	Log[61]
1241	sqrt(17)	algebraic	64	exact	4	x	FOUR, ARCSINH, COSH	0.000e+00	21	0.0	64.0	True	Sqrt[17]
1242	sqrt(2*Pi*e)	elementary	64	exact	7	PI, x, SQR, DIVIDE	EULER, EULER, PLUS	0.000e+00	94	13.1	64.0	True	Sqrt[2Pi E]
1243	Hardy-Littlewood prime quadruples constant	special	64	not found	9	x, TAN, EULER, SUBTRACT, SQR	ONE, SINH, EXP, ARCTAN	9.863e-11	3	13.4	10.0	True	(27*Product[((-4 + Prime[\[FormalK]])*Prime[\[FormalK]]^3)/(-1 + Prime[\[FormalK]])^4, {\[FormalK], 3, Infinity}])/2
1244	four thirds pi	elementary	64	exact	4	x, TAN	THREE, SQRT	0.000e+00	7	0.0	64.0	True	4*Pi/3
1245	ln(67)	elementary	64	exact	6	x, EXP	EIGHT, SQR, THREE, PLUS	0.000e+00	44	0.6	64.0	True	Log[67]
1246	(4*sqrt(2)*Pi^2)/gamma(1/4)^2	special	64	exact	9	EIGHT, SQRT, x, DIVIDE, SQRT	TWO, LOG, SINH, GAMMA	0.000e+00	6	13.3	64.0	True	(4*Sqrt[2]*Pi^2)/Gamma[1/4]^2
1247	ln(71)	elementary	64	exact	6	x, EXP	EIGHT, SQR, SEVEN, PLUS	0.000e+00	52	0.6	64.0	True	Log[71]
1248	Pi*e/2	elementary	64	exact	5	x	ONE, ARCSIN, EULER, TIMES	2.080e-16	16	0.0	64.0	True	(Pi*E)/2
1249	ln(73)	elementary	64	exact	6	x, EXP	EIGHT, SQR, NINE, PLUS	0.000e+00	50	0.6	64.0	True	Log[73]
1250	asymptotic value of the second raw moment of the maximal exponent in the prime factorizations of n (A051903)	special	64	not found	9	x, ARCCOSH, PI, TIMES, SIN	FIVE, ARCCOSH, TAN, COS	6.201e-10	5	13.2	9.2	True	1 + Sum[(2*j - 1)*(1 - 1/Zeta[j]), {j, 2, 400}]
1251	Korn constant	rational	64	exact	7	x, EIGHT, DIVIDE	SEVEN, INV, TWO, SUBTRACT	0.000e+00	112	13.3	64.0	True	56/13
1252	alpha, the unique solution on [2,oo) of the equation alpha*log((2*e)/alpha)=1	special	64	not found	9	x, INV, ARCSINH, NINE, POWER	FIVE, ARCSINH, TAN, COSH	5.111e-10	8	13.3	9.3	True	-1/ProductLog[-1/(2*E)]
1253	sqrt(19)	algebraic	64	exact	6	x, SQR	FOUR, SQR, THREE, PLUS	0.000e+00	90	0.6	64.0	True	Sqrt[19]
1254	ln(79)	elementary	64	exact	6	x, EXP	TWO, NINE, SQR, SUBTRACT	0.000e+00	43	0.6	64.0	True	Log[79]
1255	Hayman constant	special	64	exact	9	x, SQRT, PI, DIVIDE, SQRT	TWO, LOG, SINH, GAMMA	0.000e+00	4	13.0	64.0	True	Gamma[1/4]^4/(4*Pi^2)
1256	ln(83)	elementary	64	exact	6	x, EXP	NINE, SQR, TWO, PLUS	0.000e+00	40	0.6	64.0	True	Log[83]
1257	pi(2)^(1/2)	elementary	64	exact	5	x	TWO, SQRT, PI, TIMES	0.000e+00	15	0.0	64.0	True	Pi*2^(1/2)
1258	ln(89)	elementary	64	exact	6	x, EXP	NINE, SQR, EIGHT, PLUS	0.000e+00	30	0.6	64.0	True	Log[89]
1259	Freiman constant	algebraic	64	not found	9	x, GAMMA, INV, SEVEN, POWER	NEG, COSH, SIN, SINH	4.678e-10	3	12.9	9.3	True	(2221564096 + 283748*Sqrt[462])/491993569
1260	Van der Pauw constant	elementary	64	exact	5	x	TWO, LOG, PI, DIVIDE	0.000e+00	26	0.0	64.0	True	Pi/Log[2]
1261	Gasper constant	algebraic	64	not found	9	x, COSH, NINE, TIMES, COS	FIVE, EIGHT, TANH, POWER	4.761e-10	3	12.5	9.3	True	Root[-1134 - 3780*#1 - 5013*#1^2 - 3247*#1^3 - 948*#1^4 - 14*#1^5 + 55*#1^6 + 9*#1^7 & , 1]
1262	ln(97)	elementary	64	exact	7	x, EXP, ARCCOSH	TWO, ARCCOSH, FOUR, TIMES	0.000e+00	100	11.9	64.0	True	Log[97]
1263	2ln(10)	elementary	64	exact	6	x, EXP	NEG, NINE, SUBTRACT, SQR	0.000e+00	59	0.6	64.0	True	2*Log[10]
1264	100^(1/3)	algebraic	64	exact	7	THREE, x, POWER	NEG, NINE, SUBTRACT, SQR	0.000e+00	72	12.0	64.0	True	100^(1/3)
1265	Product_{p prime} (1 + 1/p^(4/3) + 1/p^(5/3))	none	64	not found	9	SEVEN, TAN, x, PLUS, COS	GOLDENRATIO, TANH, SQR, SQR	5.957e-10	6	12.1	9.2	True	
1266	Feigenbaum delta	none	64	not found	9	EIGHT, LOG, SQR, x, SUBTRACT	NEG, COSH, ARCSINH, COS	1.785e-10	6	12.1	9.7	True	
1267	3pi/2	elementary	64	exact	5	x	NEG, ARCSIN, PI, SUBTRACT	0.000e+00	45	0.0	64.0	True	3*Pi/2
1268	rod constant	special	64	not found	9	FIVE, COS, ARCTAN, x, TIMES	GOLDENRATIO, SIX, DIVIDE, ARCTAN	1.846e-09	6	12.1	8.7	True	Root[{-1 + Cos[#1]*Cosh[#1] & , 4.730040744862704026`19.67486488179338}]
1269	sqrt(23)	algebraic	64	exact	6	x, ARCSINH	FIVE, GAMMA, SQRT, ARCCOSH	0.000e+00	128	0.6	64.0	True	Sqrt[23]
1270	John constant lower bound	special	64	exact	4	x	PI, EXP, SQRT	0.000e+00	24	0.0	64.0	True	I^(-I)
1271	two-arc beam detection constant	special	64	not found	9	x, GAMMA, SQRT, ARCSINH, INV	SIX, EIGHT, ARCSINH, DIVIDE	1.793e-09	5	12.0	8.7	True	ConditionalExpression[Extension`TwoArcApproximationBeamDetectionConstant == -2*\[FormalA] - \[FormalB] + 2*Pi - Cos[\[FormalB]/2] + Sec[\[FormalB]/2] + 2*Tan[\[FormalA]/2] + Sin[\[FormalB]/2]*Tan[\[FormalA]/2], \[FormalA] == 4*ArcTan[Sqrt[\[FormalC]]] && \[FormalB] == 2*ArcSin[2*Cos[\[FormalA]]] && \[FormalB] == 2*ArcSin[2*Cos[\[FormalA]]] && \[FormalC] == Root[1 + 65*\[FormalX] - 2139*\[FormalX]^2 + 20476*\[FormalX]^3 - 78054*\[FormalX]^4 + 126214*\[FormalX]^5 - 78054*\[FormalX]^6 + 20476*\[FormalX]^7 - 2139*\[FormalX]^8 + 65*\[FormalX]^9 + \[FormalX]^10, \[FormalX], 4]]
1272	second moment of the reciprocal gamma distribution	none	64	not found	9	THREE, EIGHT, x, DIVIDE, POWER	SIX, LOG, SIN, ARCCOS	3.791e-10	7	12.1	9.4	True	
1273	unique solution > 1 of the equation x*log(x)=2(x-1)	none	64	not found	8	x, COSH, LOG, TAN	FOUR, EULER, COSH, DIVIDE	8.458e-12	3	12.6	11.1	True	
1274	xi_3 = 5*G, the volume of an ideal hyperbolic cube, where G is Gieseking's constant	none	64	not found	9	x, SIX, SUBTRACT, GAMMA, SQR	SEVEN, ARCTAN, SINH, ARCTAN	6.884e-10	4	12.8	9.2	True	
1275	'lambda', a Sobolev isoperimetric constant related to the "rod inequality", arising from the elasticity study of a rod t	none	64	not found	9	x, TANH, ARCTANH, COS, GAMMA	EIGHT, LOG, SQR, ARCCOSH	7.611e-11	3	12.8	10.1	True	
1276	Lower limit of backward value of 5^n	none	64	not found	9	TWO, x, SUBTRACT, PI, DIVIDE	EIGHT, GAMMA, SIN, TAN	2.736e-11	3	13.3	10.6	True	
1277	hypersphere maximal volume dimension constant	special	64	not found	9	x, COS, SIN, FIVE, TIMES	THREE, ARCTAN, GAMMA, EXP	6.188e-10	3	13.0	9.2	True	Root[{-2 + Log[Pi]*#1 - PolyGamma[0, #1/2]*#1 & , 5.25694640486057678013283838869`29.720733549361597}]
1278	2*Pi^2*log(2) - 7*zeta(3)	special	64	not found	9	x, PI, DIVIDE, GAMMA, SIN	THREE, ARCSINH, SQR, TANH	1.231e-09	3	13.0	8.9	True	2Pi^2Log[2]-7Zeta[3]
1279	log 648000/π	elementary	64	not found	8	GOLDENRATIO, ARCTAN, GAMMA, x, SUBTRACT	EIGHT, LOG, SQR	4.118e-10	3	13.2	9.4	True	Log10[648000/Pi]
1280	Pi*csc(Pi/5)	elementary	64	exact	7	x, PI, DIVIDE	FIVE, PI, DIVIDE, SIN	1.662e-16	51	12.9	64.0	True	Pi*Csc[Pi/5]
1281	sqrt(29)	algebraic	64	exact	6	x, SQR	FIVE, GAMMA, FIVE, PLUS	0.000e+00	80	0.6	64.0	True	Sqrt[29]
1282	analog of Lévy's constant in case of the nearest integer continued fraction of -1/2<x<1/2	elementary	64	exact	8	TWO, ARCSINH, x, POWER	NEG, ARCSIN, SQR, EXP	0.000e+00	21	12.8	64.0	True	Exp[Pi^2/(12*Log[GoldenRatio])]
1283	sqrt(31)	algebraic	64	exact	6	x, SQR	FIVE, GAMMA, SEVEN, PLUS	0.000e+00	85	0.6	64.0	True	Sqrt[31]
1284	pi^(3/2)	elementary	64	exact	5	x	THREE, PI, POWER, SQRT	0.000e+00	37	0.0	64.0	True	Pi^(3/2)
1285	1000^(1/4)	algebraic	64	exact	8	x, FIVE, DIVIDE, SQR	EIGHT, FIVE, DIVIDE, SQRT	0.000e+00	40	12.8	64.0	True	1000^(1/4)
1286	a constant related to A000151	none	64	not found	9	x, ARCSINH, GOLDENRATIO, ARCCOSH, DIVIDE	ONE, ARCSIN, LOG, SIN	5.766e-10	3	13.0	9.2	True	
1287	c for which b(n+1) = c^(b(n)/n) neither explodes nor converges (A278453)	none	64	not found	9	x, GAMMA, ARCSINH, COS, ARCSINH	PI, SINH, FOUR, DIVIDE	3.677e-10	3	13.0	9.4	True	
1288	'lambda', a Sobolev isoperimetric constant related to the "membrane inequality", arising from the study of a vibrating m	none	64	not found	9	x, SIN, ARCSIN, ARCSINH, SQR	FIVE, FOUR, TAN, DIVIDE	7.806e-11	3	13.3	10.1	True	
1289	zeta(3/4) * Product_{p prime} (1 + 1/p^(5/4) - 1/p^2 - 1/p^(9/4)) (negated)	none	64	not found	9	x, SQRT, GOLDENRATIO, TIMES, TAN	EIGHT, ARCSINH, LOG, GAMMA	1.117e-09	5	13.0	9.0	True	
1290	sqrt(37)	algebraic	64	exact	4	x, ARCCOSH	SIX, ARCSINH	0.000e+00	22	0.0	64.0	True	Sqrt[37]
1291	Tau	elementary	64	exact	4	x	PI, PI, PLUS	0.000e+00	13	0.0	64.0	True	2*Pi
1292	2 Pi/sin(arctan(2 Pi))	elementary	64	exact	6	x, ARCCOSH	PI, PI, PLUS, ARCSINH	0.000e+00	20	0.6	64.0	True	2*Pi/Sin[ArcTan[2*Pi]]
1293	sqrt(41)	algebraic	64	exact	6	x, SQR	SIX, SQR, FIVE, PLUS	0.000e+00	87	0.6	64.0	True	Sqrt[41]
1294	sqrt(43)	algebraic	64	exact	6	x, SQR	SIX, SQR, SEVEN, PLUS	0.000e+00	57	0.6	64.0	True	Sqrt[43]
1295	Froda constant	elementary	64	exact	4	x	EULER, TWO, POWER	1.350e-16	16	0.0	64.0	True	2^E
1296	(real) period of the elliptic function sn(x,1/2)	special	64	not found	9	x, TAN, ARCSIN, TAN, ARCTANH	GOLDENRATIO, ARCSINH, ARCCOSH, SIN	1.206e-10	3	13.2	9.9	True	8*EllipticK[-1/3]/Sqrt[3]
1297	sqrt(47)	algebraic	64	exact	6	x, SQR	TWO, SEVEN, SQR, SUBTRACT	0.000e+00	81	0.6	64.0	True	Sqrt[47]
1298	3ln(10)	elementary	64	exact	7	SIX, x, DIVIDE	THREE, ARCSINH, COSH, LOG	0.000e+00	106	12.9	64.0	True	3*Log[10]
1299	John constant upper bound	special	64	not found	9	x, PI, PLUS, EXP, SIN	EULER, ARCCOSH, TAN, TANH	8.242e-11	3	13.0	9.9	True	ConditionalExpression[Extension`JohnConstantUpperBound == Exp[\[FormalLambda]*Pi], Pi/Exp[2*\[FormalLambda]*Pi] == Sum[(\[FormalK]*Exp[-1/2*(\[FormalK]*Pi)/\[FormalLambda]])/(\[FormalK]^2 + \[FormalLambda]^2), {\[FormalK], 1, Infinity}]]
1300	hypersphere maximal surface area dimension constant	special	64	not found	9	x, COS, EXP, ARCSINH, SIN	GOLDENRATIO, ARCCOSH, INV, SQRT	6.796e-11	3	13.0	10.2	True	Root[{Log[Pi] - PolyGamma[0, #1/2] & , 7.25694640486057678013283838869`29.860753915673623}]
1301	sqrt(53)	algebraic	64	exact	6	x, SQR	SEVEN, SQR, FOUR, PLUS	0.000e+00	56	0.6	64.0	True	Sqrt[53]
1302	c_o, coefficient associated with the asymptotic evaluation c_o*2^(n^2/4) of the number of subspaces of the n-dimensional	none	64	not found	9	x, SIN, ARCCOS, TWO, SUBTRACT	SEVEN, LOG, GAMMA, COSH	1.760e-10	3	13.0	9.8	True	
1303	c_e, coefficient associated with the asymptotic evaluation c_e*2^(n^2/4) of the number of subspaces of the n-dimensional	none	64	not found	9	x, TAN, LOG, FIVE, POWER	EULER, INV, ARCTAN, INV	5.202e-10	3	12.9	9.3	True	
1304	e^2	elementary	64	exact	3	x	TWO, EXP	0.000e+00	7	0.0	64.0	True	E^2
1305	sqrt(59)	algebraic	64	exact	6	x, SQR	FIVE, EIGHT, SQR, SUBTRACT	0.000e+00	48	0.5	64.0	True	Sqrt[59]
1306	digital search tree θ constant	special	64	not found	9	x, SQRT, SINH, SIN, ARCTANH	SIX, TANH, SIN, EXP	2.793e-10	3	12.2	9.6	True	Sum[(2^(((-1 + \[FormalK])*\[FormalK])/2)*\[FormalK]*Sum[(-1 + 2^\[FormalI])^(-1), {\[FormalI], 1, \[FormalK]}])/Product[-1 + 2^\[FormalJ], {\[FormalJ], 1, \[FormalK]}], {\[FormalK], 1, Infinity}]
1307	sqrt(61)	algebraic	64	exact	6	x, SQR	THREE, EIGHT, SQR, SUBTRACT	0.000e+00	55	0.6	64.0	True	Sqrt[61]
1308	Sierpiński's third constant, K3 = lim_{n->oo} ((1/n) * (Sum_{i=1..n} (A004018(i))^2) - 4 * log(n))	special	64	not found	8	SEVEN, TAN, SQRT, x, PLUS	NINE, SINH, ARCCOSH	4.688e-10	3	11.8	9.3	True	4/3 (24*Log[Gamma[3/4]] - 12*Log[Pi] + 72*Log[Glaisher] - 5*Log[2] + 6*EulerGamma - 3)
1309	sqrt(67)	algebraic	64	exact	6	x, SQR	EIGHT, SQR, THREE, PLUS	0.000e+00	46	0.6	64.0	True	Sqrt[67]
1310	sqrt(71)	algebraic	64	exact	6	x, SQR	EIGHT, SQR, SEVEN, PLUS	0.000e+00	59	0.6	64.0	True	Sqrt[71]
1311	sqrt(73)	algebraic	64	exact	6	x, SQR	EIGHT, SQR, NINE, PLUS	0.000e+00	68	0.6	64.0	True	Sqrt[73]
1312	polygon circumscription constant	special	64	not found	9	x, SIN, SQR, FIVE, POWER	TWO, COS, TAN, ARCCOS	2.411e-10	5	12.7	9.6	True	Product[Sec[Pi/\[FormalK]], {\[FormalK], 3, Infinity}]
1313	sqrt(79)	algebraic	64	exact	6	x, ARCSINH	NINE, ARCCOSH, SINH, ARCCOSH	0.000e+00	80	0.6	64.0	True	Sqrt[79]
1314	sqrt(83)	algebraic	64	exact	6	x, SQR	NINE, SQR, TWO, PLUS	0.000e+00	81	0.6	64.0	True	Sqrt[83]
1315	4ln(10)	elementary	64	exact	7	EIGHT, x, DIVIDE	THREE, ARCSINH, COSH, LOG	0.000e+00	100	11.6	64.0	True	4*Log[10]
1316	Varga's constant	none	64	not found	9	x, ONE, TANH, SUBTRACT, TAN	PI, TAN, ARCCOS, SQRT	7.050e-10	6	11.7	9.2	True	
1317	3pi	elementary	64	exact	4	x	PI, THREE, TIMES	0.000e+00	13	0.0	64.0	True	3*Pi
1318	sqrt(89)	algebraic	64	exact	6	x, SQR	NINE, SQR, EIGHT, PLUS	0.000e+00	39	0.6	64.0	True	Sqrt[89]
1319	Wagon's constant	none	64	not found	9	NINE, x, SUBTRACT, ARCCOS, TANH	FIVE, ARCTAN, GAMMA, SQR	1.806e-10	7	11.6	9.7	True	
1320	Product_{p prime} (1 + 1/p^(5/4) + 1/p^(3/2) + 1/p^(7/4))	none	64	not found	9	SEVEN, GAMMA, x, SUBTRACT, SINH	EIGHT, TAN, SINH, SINH	0.000e+00	6	11.7	nan	False	
1321	sqrt(97)	algebraic	64	exact	7	x, LOG, TANH	SEVEN, ARCCOSH, TANH, SQR	0.000e+00	208	12.6	64.0	True	Sqrt[97]
1322	π^2	elementary	64	exact	3	x	PI, SQR	0.000e+00	6	0.0	64.0	True	Pi^2
1323	smallest number > 1 with the same digits in decimal and binary	none	64	not found	9	SEVEN, GAMMA, x, SUBTRACT, SINH	EIGHT, TAN, SINH, SINH	0.000e+00	2	12.5	nan	False	
1324	2*zeta(3/2)^4/(3*sqrt(2*Pi)*zeta(3))	special	64	not found	9	SEVEN, GAMMA, x, SUBTRACT, SINH	EIGHT, TAN, SINH, SINH	0.000e+00	3	12.7	nan	False	2*Zeta[3/2]^4/(3*Sqrt[2*Pi]*Zeta[3])
1325	e^(Pi^2/(6*log(2)))	elementary	64	exact	8	EIGHT, LOG, x, POWER	PI, SQR, EXP, SQRT	0.000e+00	34	11.5	63.4	True	E^(Pi^2/(6Log[2]))
1326	z_c = phi^5 (where phi is the golden ratio), a lattice statistics constant which is the exact value of the critical acti	algebraic	64	exact	4	x	FIVE, GOLDENRATIO, POWER	1.602e-16	15	0.0	63.5	True	GoldenRatio^5
1327	5ln(10)	elementary	64	exact	7	FIVE, x, DIVIDE	NEG, NINE, SUBTRACT, LOG	0.000e+00	31	12.3	63.4	True	5*Log[10]
1328	4pi	elementary	64	exact	4	x	PI, FOUR, TIMES	0.000e+00	14	0.0	64.0	True	4*Pi
1329	6ln(10)	elementary	64	exact	7	SIX, x, DIVIDE	NEG, NINE, SUBTRACT, LOG	0.000e+00	53	11.0	63.5	True	6*Log[10]
1330	Imaginary part of first non-trivial zero of zeta function	special	64	not found	9	SEVEN, GAMMA, x, SIN, POWER	SIX, COSH, SQRT, SIN	2.366e-09	2	11.2	8.6	True	Im[ZetaZero[1]]
1331	Product_{j>=1, j!=2} zeta(j/2) (negated)	none	64	not found	9	x, SIN, ARCTANH, SEVEN, TIMES	SIX, ARCTAN, EIGHT, PLUS	3.922e-10	6	11.7	9.4	True	
1332	exponential reiterated constant	elementary	64	exact	3	x	EULER, EXP	1.172e-16	6	0.0	63.6	True	E^E
1333	5pi	elementary	64	exact	4	x	PI, FIVE, TIMES	0.000e+00	15	0.0	64.0	True	5*Pi
1334	7ln(10)	elementary	64	exact	7	SEVEN, x, DIVIDE	NEG, NINE, SUBTRACT, LOG	0.000e+00	45	10.7	63.7	True	7*Log[10]
1335	Product_{p prime} (1 + 1/p^(6/5) + 1/p^(7/5) - 1/p^2 - 1/p^(11/5) - 1/p^(12/5)) (negated)	none	64	not found	9	x, TANH, SQRT, ARCSIN, COS	EIGHT, EIGHT, POWER, INV	6.051e-11	19	10.9	nan	False	
1336	8ln(10)	elementary	64	exact	7	EIGHT, x, DIVIDE	NEG, NINE, SUBTRACT, LOG	0.000e+00	60	10.7	63.9	True	8*Log[10]
1337	6pi	elementary	64	exact	4	x	PI, SIX, TIMES	0.000e+00	15	0.0	63.7	True	6*Pi
1338	Product_{p prime} (1 + 1/p^(6/5) + 1/p^(7/5) + 1/p^(8/5) + 1/p^(9/5))	none	64	not found	8	x, SIN, TWO, SQRT, TIMES	FOUR, COS, COS	5.754e-10	4	10.7	9.2	True	
1339	e^pi - pi	elementary	64	exact	5	x	PI, PI, EXP, SUBTRACT	1.776e-16	15	0.0	63.9	True	E^Pi - Pi
1340	e^3	elementary	64	exact	3	x	THREE, EXP	0.000e+00	7	0.0	64.0	True	E^3
1341	9ln(10)	elementary	64	exact	7	NINE, x, DIVIDE, EXP	NEG, NINE, SUBTRACT	0.000e+00	38	10.6	64.0	True	9*Log[10]
1342	imaginary part of 2nd nontrivial zero of Riemann zeta function	none	64	not found	8	x, SIN, ARCTANH, INV	TWO, INV, TAN, COS	2.657e-10	6	10.6	9.6	True	
1343	7pi	elementary	64	exact	4	x	PI, SEVEN, TIMES	0.000e+00	11	0.0	63.8	True	7*Pi
1344	pi pow e	elementary	64	exact	4	x	EULER, PI, POWER	1.582e-16	13	0.0	63.7	True	Pi^E
1345	Gelfond's constant	elementary	64	exact	3	x	PI, EXP	1.535e-16	5	0.0	64.0	True	E^Pi
1346	imaginary part of 3rd nontrivial zero of Riemann zeta function	none	64	not found	8	x, NEG, SUBTRACT, SIN	PI, EXP, ARCCOSH, COS	6.890e-10	5	10.2	9.2	True	
1347	8pi	elementary	64	exact	4	x	PI, EIGHT, TIMES	0.000e+00	10	0.0	64.0	True	8*Pi
1348	9pi	elementary	64	exact	4	x	PI, NINE, TIMES	0.000e+00	12	0.0	64.0	True	9*Pi
1349	pi cubed	elementary	64	exact	4	x	THREE, PI, POWER	1.146e-16	15	0.0	63.9	True	Pi^3
1350	π^π	elementary	64	exact	4	x	PI, PI, POWER	1.949e-16	10	0.0	64.0	True	Pi^Pi
1351	e^4	elementary	64	exact	3	x	FOUR, EXP	0.000e+00	7	0.0	64.0	True	E^4
1352	radian	elementary	64	exact	7	x, FIVE, DIVIDE	SIX, SQR, PI, DIVIDE	0.000e+00	220	8.1	64.0	True	180/Pi
1353	pi^4	elementary	64	exact	4	x	PI, SQR, SQR	1.459e-16	18	0.0	64.0	True	Pi^4
1354	Product_{j>=1, j!=3} zeta(j/3)	none	64	not found	9	x, ARCCOSH, SINH, SQR, COS	EIGHT, ARCCOSH, SQR, TANH	2.826e-10	3	8.0	9.6	True	
1355	Golden angle degrees	algebraic	64	exact	8	x, SIX, GAMMA, DIVIDE	THREE, GOLDENRATIO, SQR, DIVIDE	0.000e+00	35	7.9	63.7	True	180*(3 - Sqrt[5])
1356	e^5	elementary	64	exact	3	x	FIVE, EXP	0.000e+00	6	0.0	64.0	True	E^5
1357	pi^5	elementary	64	exact	4	x	FIVE, PI, POWER	1.858e-16	9	0.0	64.0	True	Pi^5
1358	e^6	elementary	64	exact	3	x	SIX, EXP	0.000e+00	7	0.0	64.0	True	E^6
1359	e^(2pi)	elementary	64	exact	4	x	PI, EXP, SQR	2.123e-16	15	0.0	64.0	True	E^(2*Pi)
1360	Jenny constant	elementary	64	not found	9	x, LOG, EIGHT, SUBTRACT, SQR	SEVEN, SQRT, TANH, TAN	6.875e-10	3	7.9	9.2	True	(-9 + 7^(-E^(-1) + E))*Pi^2
1361	pi^6	elementary	64	exact	4	x	SIX, PI, POWER	2.365e-16	11	0.0	64.0	True	Pi^6
1362	e^7	elementary	64	exact	3	x	SEVEN, EXP	0.000e+00	5	0.0	63.7	True	E^7
1363	e^8	elementary	64	exact	3	x	EIGHT, EXP	0.000e+00	9	0.0	63.9	True	E^8
1364	pi^7	elementary	64	exact	4	x	SEVEN, PI, POWER	3.011e-16	9	0.0	63.9	True	Pi^7
1365	10800/π	elementary	64	exact	9	x, THREE, DIVIDE, FIVE, TIMES	SEVEN, GAMMA, PI, DIVIDE	0.000e+00	8	7.7	64.0	True	10800/Pi
1366	e^9	elementary	64	exact	3	x	NINE, EXP	0.000e+00	6	0.0	64.0	True	E^9
1367	Gram point crossover constant	special	64	not found	9	x, GOLDENRATIO, PLUS, COS, INV	EIGHT, TAN, GAMMA, COSH	1.733e-10	7	7.8	9.8	True	Root[{-RiemannSiegelTheta[#1] + Pi*#1 & , 9146.69819317145926586619766347`29.961264349227967}]
1368	pi^8	elementary	64	exact	4	x	EIGHT, PI, POWER	3.834e-16	12	0.0	64.0	True	Pi^8
1369	e^(3pi)	elementary	64	exact	5	x, LOG	PI, THREE, TIMES	0.000e+00	26	0.1	63.6	True	E^(3*Pi)
1370	e^10	elementary	64	exact	4	x, SQRT	FIVE, EXP	0.000e+00	18	0.0	63.7	True	E^10
1371	pi^9	elementary	64	exact	4	x	NINE, PI, POWER	3.661e-16	11	0.0	64.0	True	Pi^9
1372	pi^10	elementary	64	exact	5	x	FIVE, PI, POWER, SQR	3.108e-16	17	0.0	64.0	True	Pi^10
1373	648000/π	elementary	64	not found	9	x, ARCSINH, COS, ARCTANH, SQR	PI, SQRT, GOLDENRATIO, TIMES	4.900e-09	0	7.6	8.3	True	648000/Pi
1374	e^(4pi)	elementary	64	exact	5	x, LOG	PI, FOUR, TIMES	0.000e+00	41	0.0	64.0	True	E^(4*Pi)
1375	e^(5pi)	elementary	64	exact	5	x, LOG	PI, FIVE, TIMES	0.000e+00	26	0.0	64.0	True	E^(5*Pi)
1376	e^(6pi)	elementary	64	exact	5	x, LOG	PI, SIX, TIMES	0.000e+00	24	0.0	63.9	True	E^(6*Pi)
1377	e^(7pi)	elementary	64	exact	5	x, LOG	PI, SEVEN, TIMES	0.000e+00	21	0.0	64.0	True	E^(7*Pi)
1378	e^(8pi)	elementary	64	exact	5	x, LOG	PI, EIGHT, TIMES	0.000e+00	26	0.0	64.0	True	E^(8*Pi)
1379	e^(9pi)	elementary	64	exact	5	x, LOG	PI, NINE, TIMES	0.000e+00	22	0.0	64.0	True	E^(9*Pi)
1380	e^(10pi)	elementary	64	exact	6	x, SQRT, LOG	PI, FIVE, TIMES	0.000e+00	111	0.4	64.0	True	E^(10*Pi)
1381	Ramanujan's constant	elementary	64	not found	8	x, ARCTAN, TAN, FIVE, SUBTRACT	NEG, ARCSIN, TAN	5.906e-15	45	6.9	nan	False	E^(Sqrt[163]*Pi)
