id	name	class	digits	verdict	total	LHS	RHS	REL_ERR	candidates	ms	agree	solved	formula
1	conic constant	elementary	64	exact	4	x, SQR	FOUR, EXP	0.000e+00	3	0.0	64.0	True	-E^2
2	log π/648000	elementary	64	not found	9	x, TWO, PLUS, INV	EIGHT, ARCTAN, PI, LOG, SUBTRACT	5.682e-10	0	0.0	9.2	True	Log10[Pi/648000]
3	log π/10800	elementary	64	not found	9	x, GAMMA, INV, TAN	NEG, SIN, THREE, SQRT, PLUS	1.356e-10	0	0.0	9.9	True	Log10[Pi/10800]
4	log e^(-2π)	elementary	64	exact	7	x, PI, DIVIDE	THREE, ARCTAN, COS, LOG	0.000e+00	2	0.0	64.0	True	Log10[E^(-2*Pi)]
5	(1 + 1/e)/(1/e - 1) = -coth(1/2)	elementary	64	exact	6	x	TWO, NEG, DIVIDE, TANH, INV	0.000e+00	6	0.0	63.9	True	(1 + 1/E)/(1/E - 1)
6	Madelung 6D square lattice constant	special	64	not found	9	x, ARCSINH, NEG, SUBTRACT	ONE, ARCTAN, INV, SQRT, COS	3.631e-10	0	0.0	9.4	True	(3*(4*DirichletBeta[5/2]*(-1 + Sqrt[2])*Zeta[1/2] - DirichletBeta[1/2]*(-1 + 4*Sqrt[2])*Zeta[5/2]))/Pi^2
7	Madelung 4D square lattice constant	special	64	not found	9	x, TANH, SQR, COSH	EULER, TANH, EXP, COSH, ARCTAN	4.762e-10	0	0.0	9.3	True	-8*(5 - 3*Sqrt[2])*Zeta[-1/2]*Zeta[1/2]
8	log π/180	elementary	64	not found	9	x, COS, EXP, ARCTANH	NINE, TANH, GAMMA, SIN, INV	8.013e-10	0	0.0	9.1	True	Log10[Pi/180]
9	Madelung 2D square lattice constant	special	64	not found	9	x, TWO, DIVIDE, GAMMA	EULER, FIVE, TIMES, SQRT, GAMMA	1.287e-10	0	0.0	9.9	True	4*DirichletBeta[1/2]*(-1 + Sqrt[2])*Zeta[1/2]
10	Bateman-Grosswald constant	special	64	not found	9	x, SINH, ARCTAN, COSH	SIX, ARCTAN, ARCSINH, GAMMA, ARCTANH	1.000e-09	0	0.0	9.0	True	Zeta[2/3]/Zeta[2]
11	log e^(-π)	elementary	64	exact	8	x, PI, DIVIDE	THREE, ARCTAN, COS, SQR, LOG	0.000e+00	4	0.0	64.0	True	Log10[E^(-Pi)]
12	log 1/4π	elementary	64	not found	9	x, COS, TAN, INV	TWO, COS, ARCTANH, ARCSIN, ARCCOS	2.111e-10	0	0.0	9.7	True	Log10[1/(4*Pi)]
13	generalized Stirling constant	special	64	not found	9	x, EXP, SQRT, COSH	NEG, COSH, TANH, EXP, ARCTAN	2.067e-09	0	0.0	8.7	True	EulerGamma^2/4 - Pi^2/48 + StieltjesGamma[1]/2 - Log[2*Pi]^2/4
14	Neg	rational	64	exact	2	x	NEG	0.000e+00	1	0.0	64.0	True	-1
15	log 1/π^2	elementary	64	exact	7	x, INV, PI, POWER	THREE, ARCTAN, COS	0.000e+00	2	0.0	64.0	True	Log10[1/Pi^2]
16	log 1/3π	elementary	64	not found	9	x, TAN, SINH, SQR	GOLDENRATIO, PI, SQRT, EXP, SUBTRACT	5.826e-10	0	0.0	9.2	True	Log10[1/(3*Pi)]
17	zeta'(2)	special	64	not found	9	x, ARCTANH, GAMMA, INV	NEG, COSH, NEG, COS, POWER	1.202e-10	0	0.0	9.9	True	Derivative[1][Zeta][2]
18	log 1/e^2	elementary	64	exact	6	x, INV	THREE, ARCTAN, COS, LOG	0.000e+00	4	0.0	64.0	True	Log10[1/E^2]
19	log 1/2π	elementary	64	not found	9	x, FOUR, COS, DIVIDE	SEVEN, EIGHT, TIMES, TAN, COS	9.145e-11	0	0.0	10.0	True	Log10[1/(2*Pi)]
20	infinite tetration of reciprocal root 2	special	64	not found	9	x, PI, LOG, SUBTRACT	GOLDENRATIO, SQRT, SIN, TWO, TIMES	3.308e-10	0	0.0	9.5	True	(-2*ProductLog[Log[2]/2])/Log[2]
21	log e^(-π/2)	elementary	64	exact	8	x, ONE, ARCTAN, DIVIDE	THREE, ARCTAN, COS, LOG	0.000e+00	4	0.0	64.0	True	Log10[E^(-Pi/2)]
22	Granville-Soundararajan constant	special	64	not found	9	x, ARCSIN, ARCTANH, SQR	NINE, ARCCOSH, GAMMA, TANH, SIN	9.646e-10	0	0.0	9.0	True	1 + Pi^2/3 + 4*PolyLog[2, -Sqrt[E]]
23	ln(gamma)	special	64	not found	9	x, GAMMA, SINH, SIN	EULER, ARCSINH, SQRT, SIN, SIN	1.336e-09	0	0.0	8.9	True	Log[EulerGamma]
24	log 1/π	elementary	64	exact	8	x, INV, PI, POWER	THREE, ARCTAN, COS, SQR	0.000e+00	2	0.0	64.0	True	Log10[1/Pi]
25	log 1/e	elementary	64	exact	7	x, INV	THREE, ARCTAN, COS, SQR, LOG	0.000e+00	5	0.0	64.0	True	Log10[1/E]
26	log Sqrt[1/2π]	elementary	64	not found	9	x, TANH, SIN, ARCCOS	THREE, ARCSINH, ARCCOSH, GOLDENRATIO, TIMES	9.340e-10	0	0.0	9.0	True	Log10[Sqrt[1/(2*Pi)]]
27	ln ln two	elementary	64	exact	4	x	TWO, LOG, LOG	0.000e+00	2	0.0	64.0	True	Log[Log[2]]
28	log M = log e	elementary	64	not found	9	x, TAN, COS, SINH	EULER, INV, ARCSINH, ARCSIN, COSH	1.076e-09	0	0.0	9.0	True	Log10[Log10[E]]
29	log π/6	elementary	64	not found	9	x, INV, FOUR, PLUS	GOLDENRATIO, TANH, COSH, COSH, INV	9.906e-10	0	0.0	9.0	True	Log10[Pi/6]
31	Airy function constant	special	64	not found	9	x, TANH, INV, SIN	FOUR, TANH, GOLDENRATIO, SUBTRACT, ARCTANH	7.229e-10	0	0.0	9.1	True	-(1/(3^(1/3)*Gamma[1/3]))
32	log Sqrt[1/π]	elementary	64	exact	9	x, INV, PI, POWER	THREE, ARCTAN, COS, SQR, SQR	0.000e+00	1	0.0	63.8	True	Log10[Sqrt[1/Pi]]
33	log γ	special	64	not found	9	x, SIX, DIVIDE, COS	NINE, ARCCOSH, ARCCOSH, EXP, TANH	2.425e-09	0	0.0	8.6	True	Log10[EulerGamma]
34	log Sqrt[1/e]	elementary	64	exact	8	x, INV, EXP	NEG, NINE, SUBTRACT, SQR, INV	0.000e+00	7	0.0	64.0	True	Log10[Sqrt[1/E]]
35	log Cbrt[3/4π]	elementary	64	not found	9	x, FOUR, POWER, INV	TWO, ARCCOSH, COS, PI, POWER	6.421e-10	0	0.0	9.2	True	Log10[CubeRoot[3/(4*Pi)]]
36	log 2/π	elementary	64	not found	9	x, INV, TAN, SQR	FOUR, COSH, INV, SIX, PLUS	2.217e-09	0	0.0	8.7	True	Log10[2/Pi]
37	log Cbrt[1/π]	elementary	64	exact	9	x, INV, PI, POWER	SIX, THREE, ARCTAN, COS, POWER	0.000e+00	1	0.0	64.0	True	Log10[CubeRoot[1/Pi]]
38	log Cbrt[1/e]	elementary	64	exact	8	x, SIX, TIMES	THREE, ARCTAN, COS, LOG, INV	0.000e+00	4	0.0	63.8	True	Log10[CubeRoot[1/E]]
39	ln(Gamma(4/3))	special	64	exact	6	x	THREE, LOG, SINH, GAMMA, LOG	6.130e-16	2	0.0	63.4	True	LogGamma[4/3]
40	log π/4	elementary	64	not found	9	x, PI, LOG, SUBTRACT	EULER, SQRT, PI, LOG, POWER	8.675e-10	0	0.0	9.1	True	Log10[Pi/4]
41	ln(Gamma(5/3))	special	64	exact	6	x, EXP	THREE, LOG, COSH, GAMMA	0.000e+00	2	0.0	63.9	True	LogGamma[5/3]
42	ln(Gamma(5/4))	special	64	exact	6	x, EXP	TWO, LOG, COSH, GAMMA	0.000e+00	2	0.0	64.0	True	LogGamma[5/4]
43	log Sqrt[2/π]	elementary	64	not found	9	x, INV, SIN, TAN	THREE, SQRT, COS, ONE, PLUS	7.123e-10	0	0.0	9.1	True	Log10[Sqrt[2/Pi]]
44	ln(Gamma(7/4))	special	64	exact	6	x	FOUR, SEVEN, DIVIDE, GAMMA, LOG	0.000e+00	2	0.0	64.0	True	LogGamma[7/4]
45	Stieltjes constant	special	64	not found	9	x, GAMMA, COS, SQR	GOLDENRATIO, GAMMA, GAMMA, SQR, SIN	7.304e-09	0	0.0	8.1	True	1 + EulerGamma^2 - Pi^2/8 + 2*StieltjesGamma[1]
46	Gauchman constant	special	64	not found	9	x, TAN, FIVE, TIMES	EULER, TANH, ONE, ARCSINH, SUBTRACT	1.809e-09	0	0.0	8.7	True	ConditionalExpression[Extension`GauchmanConstant == \[FormalX], E^(\[FormalU]/2) + 2*E^\[FormalU] + E^((3*\[FormalU])/2) + E^(\[FormalU] + \[FormalV]) == E^\[FormalV] + 2*E^(\[FormalU]/2 + \[FormalV]) && 2*(1 + \[FormalX] + E^(\[FormalU]/2 - \[FormalV])) == 4/E^(\[FormalU]/2) + (-2 + \[FormalU])/E^\[FormalV] && 1 + \[FormalU] + 6*E^(\[FormalU]/2) + 4*E^\[FormalU] + 4*E^(\[FormalU]/2 + \[FormalV]) == \[FormalV] + 9*E^\[FormalV] && -1/40 < \[FormalX] < 0]
47	log 3/π	elementary	64	not found	9	x, ARCSIN, SEVEN, POWER	PI, SEVEN, TAN, DIVIDE, COS	3.206e-09	0	0.0	8.5	True	Log10[3/Pi]
48	Zero	rational	64	exact	3	x, EXP	ONE	0.000e+00	1	0.0	64.0	True	0
49	e^(-10pi)	elementary	64	exact	7	x, LOG	NINE, NEG, SUBTRACT, PI, TIMES	0.000e+00	6	0.0	64.0	True	E^(-10*Pi)
50	e^(-9pi)	elementary	64	exact	6	x, INV, LOG	PI, NINE, TIMES	0.000e+00	3	0.0	64.0	True	E^(-9*Pi)
51	'chi', a constant appearing in the asymptotic variance of the number of comparisons required for updating a digital sear	none	64	not found	9	x, LOG, TAN, LOG	EIGHT, ARCTAN, TANH, COSH, COS	6.709e-09	0	0.0	8.2	True	
52	e^(-8pi)	elementary	64	exact	6	x, INV, LOG	PI, EIGHT, TIMES	0.000e+00	3	0.0	63.9	True	E^(-8*Pi)
53	e^(-7pi)	elementary	64	exact	6	x, INV, LOG	PI, SEVEN, TIMES	0.000e+00	3	0.0	64.0	True	E^(-7*Pi)
54	e^(-6pi)	elementary	64	exact	6	x, INV, LOG	PI, SIX, TIMES	0.000e+00	3	0.0	64.0	True	E^(-6*Pi)
55	e^(-5pi)	elementary	64	exact	6	x, INV, LOG	PI, FIVE, TIMES	0.000e+00	3	0.0	63.6	True	E^(-5*Pi)
56	e^(-4pi)	elementary	64	exact	6	x	PI, EXP, INV, SQR, SQR	0.000e+00	10	0.0	64.0	True	E^(-4*Pi)
57	1 arcsecond in radians	elementary	64	not found	9	x, LOG, SIN, TANH	EIGHT, EXP, ARCCOSH, EULER, DIVIDE	1.985e-08	0	0.0	nan	False	Pi/648000
58	pi^-10	elementary	64	exact	6	x, SQRT, INV	FIVE, PI, POWER	0.000e+00	5	0.0	63.5	True	Pi^(-10)
59	pi^-9	elementary	64	exact	5	x	NINE, PI, POWER, INV	4.040e-16	2	0.0	63.8	True	Pi^(-9)
60	e^-10	elementary	64	exact	5	x	FIVE, EXP, SQR, INV	0.000e+00	5	0.0	64.0	True	E^(-10)
61	e^(-3pi)	elementary	64	exact	6	x	THREE, PI, EXP, INV, POWER	0.000e+00	5	0.0	64.0	True	E^(-3*Pi)
62	pi^-8	elementary	64	exact	5	x	EIGHT, PI, POWER, INV	3.858e-16	2	0.0	63.5	True	Pi^(-8)
63	sum_{r in Z}(1/r^3) where Z is the set of all nontrivial zeros r of the Riemann zeta function	special	64	not found	9	x, SQR, LOG, TAN	EIGHT, ARCCOSH, ARCTAN, TANH, SIN	3.656e-08	6	0.0	nan	False	-(-7*Zeta[3]/8 + EulerGamma^3 + 3*EulerGamma*StieltjesGamma[1] + 3/2*StieltjesGamma[2] + 1)
64	e^-9	elementary	64	exact	4	x, INV	NINE, EXP	0.000e+00	2	0.0	63.4	True	E^(-9)
65	6th du Bois-Reymond constant	none	64	not found	9	NINE, SINH, x, TIMES	NINE, ARCTAN, ARCTAN, GAMMA, ARCSINH	4.643e-09	0	0.0	8.3	True	
66	1 arcminute in radians	elementary	64	exact	9	SEVEN, GAMMA, x, TIMES	FIVE, TWO, INV, ARCCOS, DIVIDE	0.000e+00	2	0.0	64.0	True	Pi/10800
67	pi^-7	elementary	64	exact	5	x	SEVEN, PI, POWER, INV	3.275e-16	2	0.0	64.0	True	Pi^(-7)
68	e^-8	elementary	64	exact	4	x	EIGHT, EXP, INV	0.000e+00	2	0.0	64.0	True	E^(-8)
69	zeta'(-5) (the derivative of Riemann's zeta function at -5) (negated)	special	64	not found	9	x, LOG, TAN, TAN	NINE, SQR, COS, ARCTAN, ARCCOS	2.958e-08	0	0.0	nan	False	-(Zeta'[-5])
70	zeta'(-7) (the derivative of Riemann's zeta function at -7) (negated)	special	64	not found	9	x, LOG, TAN, SQR	TWO, LOG, ARCSINH, GAMMA, SINH	1.421e-07	0	0.0	nan	False	-(Zeta'[-7])
71	5th Stieltjes constant gamma_5	special	64	not found	9	x, TWO, DIVIDE, SQRT	FIVE, GAMMA, FIVE, COSH, SUBTRACT	1.141e-07	0	0.0	nan	False	-(-StieltjesGamma[5])
72	e^-7	elementary	64	exact	4	x	SEVEN, EXP, INV	0.000e+00	2	0.0	64.0	True	E^(-7)
73	pi^-6	elementary	64	exact	5	x	SIX, PI, POWER, INV	2.085e-16	2	0.0	63.5	True	Pi^(-6)
74	5th du Bois-Reymond constant	none	64	not found	9	x, INV, SQRT, SIN	EULER, COS, ARCSINH, ARCTAN, ARCTAN	3.522e-09	0	0.0	8.5	True	
75	Heath-Brown–Moroz constant	special	64	not found	9	x, INV, ARCCOSH, TAN	THREE, TAN, THREE, PLUS, ARCCOSH	5.445e-10	0	0.0	9.3	True	Product[(1 - Prime[n]^(-1))^7*(1 + (1 + 7*Prime[n])/Prime[n]^2), {n, 1, Infinity}]
76	e^(-2pi)	elementary	64	exact	5	x	PI, EXP, INV, SQR	0.000e+00	5	0.0	63.8	True	E^(-2*Pi)
77	'mu', a Sobolev isoperimetric constant related to the "rod inequality", arising from the elasticity study of a rod that 	none	64	not found	9	x, LOG, COS, ARCTANH	EULER, SIN, TANH, THREE, PLUS	1.228e-08	0	0.0	nan	False	
78	3rd Stieltjes constant gamma_3	special	64	not found	9	x, LOG, SEVEN, PLUS	NEG, SIN, SQR, ARCSINH, SQRT	2.665e-10	0	0.0	9.6	True	-(-StieltjesGamma[3])
79	4th Stieltjes constant gamma_4	special	64	not found	9	x, SQRT, LOG, GAMMA	NINE, GAMMA, SIN, SEVEN, TIMES	1.406e-08	0	0.0	nan	False	-(-StieltjesGamma[4])
80	e^-6	elementary	64	exact	4	x	SIX, EXP, INV	0.000e+00	2	0.0	64.0	True	E^(-6)
82	pi^-5	elementary	64	exact	5	x, INV	FIVE, PI, POWER	0.000e+00	2	0.0	64.0	True	Pi^(-5)
83	16/(9*sqrt(184607))	algebraic	64	not found	9	x, SINH, GAMMA, SQRT	NINE, COS, TAN, GAMMA, COSH	1.792e-08	0	0.0	nan	False	16/(9Sqrt[184607])
84	4th du Bois-Reymond constant	elementary	64	not found	9	x, SQRT, SIN, INV	EIGHT, TANH, EULER, PLUS, SQR	8.104e-09	0	0.0	8.1	True	(E^4 - 4E^2 - 25)/8
85	zeta'(-3) (the derivative of Riemann's zeta function at -3)	special	64	not found	9	FIVE, SQR, x, TIMES	EULER, FIVE, PLUS, COS, TANH	1.459e-08	0	0.0	nan	False	Zeta'[-3]
86	zeta'(-6) (the derivative of Riemann's zeta function at -6) (negated)	special	64	not found	9	x, SQRT, INV, SIN	FOUR, TANH, ARCCOS, SQRT, SQRT	1.237e-08	0	0.0	nan	False	-(Zeta'[-6])
87	zeta''(0)+2, the coefficient of z^2 in the Laurent expansion of zeta(z) at the origin	special	64	not found	9	x, INV, LOG, TAN	EULER, ARCTAN, FIVE, TAN, DIVIDE	2.340e-09	0	0.0	8.6	True	-(Zeta''[0]+2)
88	e^-5	elementary	64	exact	4	x	FIVE, EXP, INV	0.000e+00	2	0.0	64.0	True	E^(-5)
89	Wyler constant	special	64	not found	9	x, SINH, GOLDENRATIO, TIMES	EULER, TAN, INV, EXP, SQR	9.362e-10	0	0.0	9.0	True	(9*(5!^(-1))^(1/4))/(16*Pi^(11/4))
90	zeta'(-4) (the derivative of Riemann's zeta function at -4)	special	64	not found	8	SIX, SQR, x, TIMES	FIVE, COS, SIN, TAN	1.048e-08	0	0.0	nan	False	Zeta'[-4]
91	zeta'(-8) (the derivative of Riemann's zeta function at -8)	special	64	not found	9	x, SINH, LOG, TAN	GOLDENRATIO, SQR, ARCCOSH, EIGHT, TIMES	1.255e-08	0	0.0	nan	False	Zeta'[-8]
92	sum of the alternating series tau(3), with tau(n) = Sum_{k>0} (-1)^k*log(k)^n/k	none	64	not found	9	x, THREE, ARCCOSH, DIVIDE	NINE, ARCTAN, SIX, SQR, POWER	2.875e-08	0	0.0	nan	False	
93	'mu', an isoperimetric constant associated with the study of a vibrating, homogeneous plate clamped at the boundary of t	none	64	not found	9	x, LOG, SIN, GAMMA	EIGHT, SQR, PI, DIVIDE, COSH	1.593e-09	0	0.0	8.8	True	
94	2nd Stieltjes constant gamma_2 (negated)	special	64	not found	9	x, LOG, COS, SQR	SEVEN, COSH, PI, DIVIDE, TANH	2.880e-08	0	0.0	nan	False	-StieltjesGamma[2]
95	pi^-4	elementary	64	exact	5	x	PI, SQR, INV, SQR	0.000e+00	5	0.0	63.7	True	Pi^(-4)
96	p_3 (so named by S. Finch), a probability related to Vallée's constant	none	64	not found	9	x, LOG, SQR, TAN	NINE, LOG, SQR, PI, SUBTRACT	2.390e-09	0	0.0	8.6	True	
97	16/(207*sqrt(53))	algebraic	64	not found	9	x, SQRT, SQRT, ARCCOS	TWO, COSH, EXP, ARCTAN, SQRT	3.122e-10	0	0.0	9.5	True	16/(207Sqrt[53])
98	cube tetrahedron-picking constant	elementary	64	not found	9	x, LOG, SIN, INV	FIVE, ARCCOSH, ARCCOSH, SQRT, SQRT	3.175e-09	0	0.0	8.5	True	3977/216000 - Pi^2/2160
99	2*zeta(3)/Pi^2 - 11/18 + log(Pi)/3	special	64	not found	9	x, INV, ARCSINH, SQRT	PI, ARCSINH, EULER, PLUS, ARCSINH	3.643e-09	0	0.0	8.4	True	2Zeta[3]/Pi^2-11/18+Log[Pi]/3
100	b_3, a constant associated with the 3rd Du Bois Reymond constant	none	64	not found	9	x, LOG, GAMMA, COSH	EIGHT, INV, PI, SUBTRACT, ARCTAN	3.102e-09	0	0.0	8.5	True	
101	tetrahedron tetrahedron-picking constant	elementary	64	not found	9	x, LOG, SIN, TAN	EIGHT, INV, ARCTANH, ARCTANH, COSH	7.372e-09	0	0.0	8.1	True	13/720 - Pi^2/15015
102	number of radians in one degree	elementary	64	exact	7	FOUR, x, DIVIDE	SEVEN, GAMMA, PI, DIVIDE	0.000e+00	10	0.0	64.0	True	Pi/180
103	sum of the alternating series tau(4), with tau(n) = Sum_{k>0} (-1)^k*log(k)^n/k	none	64	not found	9	THREE, x, INV, SUBTRACT	SIX, SQR, NINE, ARCTAN, TIMES	6.328e-09	0	0.0	8.2	True	
104	e^-4	elementary	64	exact	4	x	FOUR, EXP, INV	1.894e-16	2	0.0	64.0	True	E^(-4)
105	log π/3	elementary	64	not found	9	x, SIX, POWER, SINH	PI, FIVE, GAMMA, ARCSINH, DIVIDE	1.447e-09	0	0.0	8.8	True	Log10[Pi/3]
106	a Shapiro-Drinfeld constant, known as Gauchman's constant, related to the difference of cyclic sums (negated)	none	64	not found	9	x, TAN, FIVE, TIMES	EULER, TANH, NEG, ARCSINH, PLUS	1.809e-09	0	0.0	8.7	True	
107	lambda(1) in Li's criterion	special	64	not found	9	x, LOG, SINH, COS	THREE, GOLDENRATIO, TAN, POWER, COS	1.451e-08	0	0.0	nan	False	EulerGamma/2 + 1 - Log[4 Pi]/2
108	triple integral of ({x/y}{y/z}{z/x})^2 over the unit cube	special	64	not found	9	x, FIVE, TIMES, SQRT	GOLDENRATIO, EXP, EULER, ARCSINH, DIVIDE	1.388e-08	0	0.0	nan	False	1 - Zeta[2]/2 - Zeta[3]/2 + 7*Zeta[6]/48 + Zeta[2]*Zeta[3]/18 + Zeta[3]^2/18 + Zeta[3]*Zeta[4]/12
109	sum of the alternating series tau(5), with tau(n) = Sum_{k>0} (-1)^k*log(k)^n/k	none	64	not found	9	x, EXP, ARCCOSH, LOG	FIVE, SINH, SIN, GAMMA, ARCTAN	2.477e-09	0	0.0	8.6	True	
110	Matthews' constant C_4, an analog of Artin's constant for primitive roots	none	64	not found	9	x, GAMMA, ARCSINH, GAMMA	NEG, SIN, COSH, FIVE, POWER	2.793e-09	0	0.0	8.6	True	
111	3rd du Bois-Reymond constant	none	64	not found	9	x, LOG, SIN, EXP	GOLDENRATIO, ARCTAN, TANH, SQR, GAMMA	8.286e-09	0	0.0	8.1	True	
112	sum of reciprocals of squares of perfect numbers	none	64	not found	9	x, FIVE, COS, DIVIDE	SIX, SINH, TAN, NINE, PLUS	9.110e-10	0	0.0	9.0	True	
113	pi^-3	elementary	64	exact	5	x, INV	THREE, PI, POWER	0.000e+00	2	0.0	63.9	True	Pi^(-3)
114	1/2 - log(2)/4 - G/Pi, where G = A006752	special	64	not found	8	x, SINH, GAMMA, COS	EULER, GOLDENRATIO, PLUS, SIN	2.699e-09	0	0.0	8.6	True	1/2-Log[2]/4-Catalan/Pi
115	percolation cluster density constant	algebraic	64	not found	9	FOUR, x, SUBTRACT, GAMMA	THREE, LOG, GAMMA, TANH, GAMMA	2.667e-09	0	0.0	8.6	True	-41/16 + (3*Sqrt[3])/2
116	1/4 - 7*zeta(3)/(4*Pi^2)	special	64	not found	9	x, ARCCOS, TAN, SIN	THREE, ARCSINH, EXP, ARCCOSH, LOG	4.238e-10	0	0.0	9.4	True	1/4-7Zeta[3]/(4Pi^2)
117	a constant 'v' such that the asymptotic variance of the distribution of the longest cycle given a random n-permutation e	none	64	not found	9	x, INV, SIN, ARCTAN	FOUR, ARCCOSH, SQR, ARCTAN, INV	1.666e-09	0	0.0	8.8	True	
118	H(1/2,1), a constant appearing in the asymptotic variance of the largest component of random mappings on n symbols, expr	none	64	not found	9	x, LOG, COSH, COS	GOLDENRATIO, ARCCOSH, ARCSINH, COS, ARCSINH	1.131e-08	0	0.0	nan	False	
119	'v', a parking constant associated with the asymptotic variance of the number of cars that can be parked in a given inte	none	30	not found	9	ONE, ARCTAN, x, TIMES	THREE, TAN, INV, EXP, SQRT	2.755e-09	0	0.0	8.6	True	
120	Integral_{0..1/2} log(gamma(x+1)) dx (negated)	special	64	not found	9	x, GAMMA, SIN, COS	ONE, ARCSIN, INV, TANH, SQRT	2.227e-09	0	0.0	8.7	True	-(-1/2 - (7/24)*Log[2] + (1/4)*Log[Pi] + (3/2) * Log[Glaisher])
121	e^(-1pi)	elementary	64	exact	4	x	PI, EXP, INV	0.000e+00	2	0.0	64.0	True	E^(-1*Pi)
122	16/(9*sqrt(1609))	algebraic	64	not found	9	x, SIN, LOG, GAMMA	THREE, INV, TANH, INV, ARCTAN	4.986e-11	0	0.0	10.3	True	16/(9Sqrt[1609])
123	pi^-e	elementary	64	exact	5	x	EULER, PI, POWER, INV	1.558e-16	2	0.0	64.0	True	Pi^(-E)
124	sum_{r in Z}(1/r^2) where Z is the set of all nontrivial zeros r of the Riemann zeta function	special	64	not found	9	x, GAMMA, COS, COS	ONE, SIN, ARCTANH, ARCCOSH, ARCTANH	5.816e-10	0	0.0	9.2	True	-(-Pi^2/8 + EulerGamma^2 + 2*StieltjesGamma[1] + 1)
125	Mertens constant M(4,3) arising in the formula for the sum of reciprocals of primes p == 1 (mod 4)	none	64	not found	9	x, SINH, INV, SIN	FOUR, LOG, GAMMA, ARCTANH, ARCTAN	1.556e-09	0	0.0	8.8	True	
126	p_2, a probability associated with continuant polynomials	none	64	not found	9	x, EIGHT, POWER, SQR	EULER, TAN, SQR, ARCSINH, EXP	1.465e-10	0	0.0	9.8	True	
127	a constant related to the variance of the number of vertices of the largest tree associated with a random mapping on n s	none	64	not found	8	x, GAMMA, SIN	SEVEN, ARCCOSH, TANH, COS, SQRT	1.919e-10	0	0.0	9.7	True	
128	e^-3	elementary	64	exact	4	x	THREE, EXP, INV	0.000e+00	2	0.0	64.0	True	E^(-3)
129	Integral_{x=0..Infinity} x*cos(x)/(1+x^2)	none	64	not found	9	x, SQRT, NINE, TIMES	EULER, SINH, COSH, ARCSINH, LOG	3.884e-10	0	0.0	9.4	True	
130	ball tetrahedron-picking constant	elementary	64	not found	9	x, GAMMA, COS, ARCTANH	EIGHT, LOG, GAMMA, SINH, SINH	4.136e-09	8	0.0	8.4	True	(12*Pi)/715
131	(9*sqrt(65) - 55)/320	algebraic	64	not found	9	x, INV, COS, ARCSIN	FIVE, PI, DIVIDE, ARCCOS, SQRT	8.230e-10	5	0.0	9.1	True	(9Sqrt[65]-55)/320
132	log ln π	elementary	64	not found	9	x, LOG, SINH, TAN	THREE, TANH, TAN, EXP, ARCTAN	1.038e-10	0	0.0	10.0	True	Log10[Log[Pi]]
133	constant A*B in the asymptotic expression of the summatory function Sum_{n=1..N} (1/phi(n)) as A(log(N)+B) + O(log(N)/N)	none	64	not found	9	x, ARCTANH, INV, COS	GOLDENRATIO, COSH, TAN, ARCSIN, ARCTANH	2.319e-09	0	0.0	8.6	True	
134	Matthews' constant C_3, an analog of Artin's constant for primitive roots	none	64	not found	9	x, SQRT, GAMMA, LOG	SEVEN, ARCCOSH, TWO, DIVIDE, COSH	8.038e-10	0	0.0	9.1	True	
135	Norton constant	special	64	not found	9	x, GAMMA, COS, TAN	FOUR, ARCCOSH, FIVE, ARCTAN, SUBTRACT	2.974e-09	0	0.0	8.5	True	(-Pi^2 + 6*Log[2]*(-3 + 2*EulerGamma + Log[2] + 24*Log[Glaisher] - 2*Log[Pi]))/Pi^2
136	Sum_{k > 0} (-1)^k*log(k)^2/k	none	64	not found	9	x, SQRT, ARCSIN, ARCCOS	SIX, INV, GAMMA, LOG, ARCSINH	1.490e-08	0	0.0	nan	False	
137	analog of the Gibbs-Wilbraham constant for L_1 trigonometric polynomial approximation	none	64	not found	9	x, GAMMA, SIN, SQR	EIGHT, ARCCOSH, SINH, LOG, LOG	4.544e-09	0	0.0	8.3	True	
138	e^-e	elementary	64	exact	4	x	EULER, EXP, INV	0.000e+00	2	0.0	64.0	True	E^(-E)
139	Pythagorean triple constant for perimeters	elementary	64	exact	6	x	PI, SQR, TWO, LOG, DIVIDE	0.000e+00	3	0.0	64.0	True	Log[2]/Pi^2
140	(sqrt(13) - 1)/36	algebraic	64	exact	9	THREE, x, INV, SUBTRACT	THREE, SIX, GAMMA, SUBTRACT, SQRT	0.000e+00	1	0.0	64.0	True	(Sqrt[13]-1)/36
141	1st Stieltjes constant gamma_1 (negated)	none	64	not found	9	x, GAMMA, SQRT, SINH	THREE, INV, ARCSIN, INV, EXP	9.226e-11	0	0.0	10.0	True	
142	probability that a random walk on an 8-d lattice returns to the origin	none	64	not found	8	x, GAMMA, SIN	EULER, SIN, ARCSINH, SQRT, ARCSINH	5.516e-11	0	0.0	10.3	True	
143	disk triangle-picking constant	elementary	64	exact	9	PI, SQR, x, TIMES	FOUR, SIX, LOG, SINH, DIVIDE	0.000e+00	1	0.0	64.0	True	35/(48*Pi^2)
144	1/4π	elementary	64	exact	5	x	PI, FOUR, TIMES, INV	0.000e+00	4	0.0	64.0	True	1/(4*Pi)
145	-Integral {x=1..2} log Gamma(x) dx	special	64	exact	8	x, ONE, SUBTRACT	PI, PI, PLUS, SQRT, LOG	1.370e-15	2	0.0	64.0	True	-Integrate[ Log[ Gamma[ x]], {x, 1, 2}]
146	-Zeta'(-1)/2	special	64	not found	9	x, GAMMA, COS, ARCCOS	EIGHT, ARCTAN, ARCSINH, SQR, SIN	7.573e-10	0	0.0	9.1	True	-(1/24 - Log[Glaisher]/2)
147	solution to the Heilbronn triangle problem for seven points in a unit square	none	64	not found	9	x, INV, TAN, COS	EIGHT, ARCTAN, GOLDENRATIO, ARCCOSH, DIVIDE	4.587e-10	0	0.0	9.3	True	
148	1-Catalan	special	64	not found	9	x, INV, COS, ARCSINH	GOLDENRATIO, LOG, SQRT, SINH, ARCCOS	1.113e-09	0	0.0	9.0	True	1 - Catalan
149	probability that a random walk on a 7-d lattice returns to the origin	none	64	not found	9	x, SEVEN, TIMES, SQRT	FOUR, ARCTAN, ARCCOSH, SQRT, SIN	5.520e-10	0	0.0	9.3	True	
150	Erdős–Tenenbaum–Ford constant	elementary	64	exact	9	x, TWO, POWER, INV	EULER, TWO, POWER, SQRT, LOG	0.000e+00	1	0.0	64.0	True	1 - (1 + Log[Log[2]])/Log[2]
151	1/2-G/Pi, the lowest limiting trough of a square wave Fourier series, where G is the Gibbs-Wilbraham constant. [negated]	none	64	not found	9	x, SINH, GAMMA, SQRT	EIGHT, ARCTAN, COS, PI, PLUS	1.052e-09	0	0.0	9.0	True	
152	integral_{0..infinity} x*log(x)*(1-eta(x)^2) dx, where the function 'eta' is a solution of the Painlevé III differential	special	64	not found	9	x, COS, ARCTANH, TAN	FOUR, SINH, LOG, SQR, COS	1.980e-10	0	0.0	9.7	True	-(1/4 + (7/12)*Log[2] - 3*Log[Glaisher])
153	lambda(2) in Li's criterion	none	64	not found	9	x, ARCTANH, GAMMA, TAN	PI, LOG, FOUR, LOG, DIVIDE	1.698e-09	0	0.0	8.8	True	
154	e^(-Pi^2/(6*log(2)))	elementary	64	exact	9	PI, x, LOG, DIVIDE	EIGHT, LOG, NEG, ARCSIN, DIVIDE	0.000e+00	6	0.0	64.0	True	E^(-Pi^2/(6Log[2]))
155	second non-alternating series of reciprocal primes constant	special	64	not found	9	x, TANH, NINE, TIMES	GOLDENRATIO, SQRT, SQRT, SINH, ARCCOSH	9.550e-12	0	0.0	11.0	True	Sum[(-2 + Mod[Prime[\[FormalK]], 4])/Prime[\[FormalK]]^2, {\[FormalK], 2, Infinity}]
156	area of the convex hull of a circle of circumference 1 and a line segment of length 1/2 with midpoint at the circle cent	elementary	64	not found	9	x, ARCTAN, ARCTAN, ARCSINH	THREE, ARCTAN, INV, ARCTANH, LOG	3.962e-10	0	0.0	9.4	True	(Sqrt[Pi^2-4]+Pi-2ArcCos[2/Pi])/(4Pi^2)
157	log Sqrt[π/2]	elementary	64	not found	9	x, INV, SIN, TAN	THREE, SQRT, COS, NEG, SUBTRACT	7.123e-10	0	0.0	9.1	True	Log10[Sqrt[Pi/2]]
158	Sum_{n>=0} 1/10^(3^n), a transcendental number	none	64	not found	9	x, LOG, PI, DIVIDE	SEVEN, EIGHT, LOG, SUBTRACT, ARCTAN	1.406e-09	0	0.0	8.9	True	
159	pi^-2	elementary	64	exact	4	x	PI, SQR, INV	0.000e+00	3	0.0	64.0	True	Pi^(-2)
160	value of the Dickman function at phi + 1 = phi^2 = (3 + sqrt(5))/2 (A104457)	elementary	64	not found	9	x, TWO, TIMES, INV	FOUR, SIN, TAN, ARCTANH, TAN	2.261e-09	0	0.0	8.6	True	1 - 2*Log[GoldenRatio] + Log[GoldenRatio]^2 - Pi^2/60
161	Quinn-Rand-Strogatz constant c2 (negated)	none	64	not found	9	x, EIGHT, TIMES, COSH	FOUR, COS, COS, GAMMA, SQR	7.078e-10	0	0.0	9.2	True	
162	probability that a random walk on a 6-d lattice returns to the origin	none	64	not found	9	x, ARCTAN, SQRT, ARCSINH	PI, SQR, ARCSINH, ARCTAN, COS	3.533e-10	0	0.0	9.5	True	
163	log 4/π	elementary	64	not found	9	x, EXP, SINH, ARCCOSH	PI, LOG, SIN, COS, COS	1.995e-10	0	0.0	9.7	True	Log10[4/Pi]
164	1/3π	elementary	64	exact	5	x	PI, THREE, TIMES, INV	0.000e+00	4	0.0	63.4	True	1/(3*Pi)
165	one-ninth constant	special	64	not found	9	x, GAMMA, SQRT, COSH	EIGHT, COSH, COS, TWO, DIVIDE	1.238e-09	0	0.0	8.9	True	With[{\[FormalX] = Root[{-2*EllipticE[#1^2] + EllipticK[#1^2] & , 0.908908557548541478236118908745`29.9585201924082}]}, Exp[-((Pi*EllipticK[1 - \[FormalX]^2])/EllipticK[\[FormalX]^2])]]
166	Michael Trott's constant: continued fraction expansion (allowing 0's) begins in same way as decimal expansion	none	53	not found	9	x, THREE, POWER, TAN	PI, SINH, ARCTAN, EXP, SQRT	1.610e-09	0	0.0	8.8	True	
167	Liouville's constant	special	64	not found	9	x, ARCTANH, INV, SIN	EULER, COSH, ARCTAN, SQRT, COS	1.481e-09	0	0.0	8.8	True	Sum[10^(-n!), {n, 1, Infinity}]
168	1/sqrt(80) = sqrt(5)/20	algebraic	64	exact	5	x	NINE, INV, ARCSIN, TAN	0.000e+00	7	0.0	63.6	True	1/Sqrt[80]
169	mean cluster density for bond percolation on the triangular lattice	algebraic	64	not found	9	x, ARCSIN, EXP, TAN	SEVEN, TAN, ARCTANH, TAN, SQRT	2.661e-10	0	0.0	9.6	True	35/4 - 3/(2*Sin[Pi/18])
170	Kepler–Bouwkamp constant	special	64	not found	9	x, TANH, LOG, SQR	EIGHT, TANH, TAN, PI, PLUS	2.310e-09	0	0.0	8.6	True	Product[Cos[Pi/n], {n, 3, Infinity}]
171	Given the two curves y = (1 - exp(x/2))/(exp(x) + exp(x/2)) and y = (exp(-x) - 1)/2, draw a line tangent to both. This s	none	64	not found	9	x, SINH, INV, TAN	FIVE, TWO, SQRT, SUBTRACT, ARCTAN	9.385e-10	0	0.0	9.0	True	
172	C_2 (so named by S. Finch), a constant which is an analog of Niven's constant when mean of exponents is considered inste	none	64	not found	9	x, ARCSINH, EIGHT, TIMES	FIVE, INV, THREE, POWER, SIN	1.177e-09	0	0.0	8.9	True	
173	4*Pi/105	elementary	64	exact	8	x, NINE, TIMES	SIX, LOG, SINH, PI, DIVIDE	0.000e+00	2	0.0	63.9	True	4*Pi/105
174	2/(5*sqrt(11))	algebraic	64	exact	9	x, FIVE, TIMES, SQR	FOUR, INV, THREE, SUBTRACT, INV	0.000e+00	6	0.0	63.6	True	2/(5Sqrt[11])
175	3*zeta(3)/2 + 12*log(2) - 10	special	64	not found	9	x, GOLDENRATIO, DIVIDE, TAN	EULER, SIN, SIN, SIN, COSH	7.745e-10	0	0.0	9.1	True	3Zeta[3]/2+12Log[2]-10
176	50*Pi/1296	elementary	64	not found	9	x, ARCTAN, INV, TAN	PI, SIX, TANH, GAMMA, SUBTRACT	2.959e-09	0	0.0	8.5	True	50Pi/1296
177	sqrt(Pi^2 - 4)/(2*Pi^2)	elementary	64	exact	8	PI, SQR, x, TIMES	ONE, ARCSIN, ARCCOSH, SINH	0.000e+00	2	0.0	64.0	True	Sqrt[Pi^2-4]/(2Pi^2)
178	Champernowne constant	special	64	not found	9	x, TWO, DIVIDE, COS	NEG, SEVEN, TIMES, TANH, ARCSINH	2.081e-09	0	0.0	8.7	True	ChampernowneNumber[]
179	first (of 10) decimal selvage numbers	none	64	not found	9	x, FOUR, TIMES, TAN	THREE, TAN, TWO, PLUS, INV	1.379e-09	0	0.0	8.9	True	
180	Product_{k >= 1} (k*(k+1))^(-1/(k*(k+1))), a constant related to the alternating Lüroth representations of real numbers	none	64	not found	9	x, FOUR, TIMES, ARCSIN	EULER, SQRT, SIX, DIVIDE, TAN	2.169e-09	0	0.0	8.7	True	
181	3*sqrt(3)/(4*Pi^2)	elementary	64	exact	9	PI, SQR, x, TIMES	SEVEN, ARCCOSH, SINH, NINE, DIVIDE	2.109e-16	1	0.0	63.7	True	3Sqrt[3]/(4Pi^2)
182	harmonic oscillator tunneling constant	special	64	not found	9	x, GAMMA, SIN, SQRT	PI, ARCTAN, ARCTAN, SQRT, SIN	2.817e-10	0	0.0	9.6	True	2/(3^(2/3)*Gamma[1/3]^2)
183	probability that a random walk on the 5-d simple cubic (hypercubic) lattice returns to the origin	none	64	not found	9	x, GAMMA, SIN, ARCCOS	EULER, TANH, TANH, GAMMA, GAMMA	6.899e-11	0	0.0	10.2	True	
184	e^-2	elementary	64	exact	4	x	EULER, INV, SQR	0.000e+00	3	0.0	63.5	True	E^(-2)
185	probability that an integer 4-tuple is pairwise unitary coprime	none	64	not found	9	x, INV, SIN, ARCSIN	EULER, ARCCOSH, SEVEN, DIVIDE, TANH	2.088e-09	0	0.0	8.7	True	
186	Given the two curves y = (1 - exp(x/2))/(exp(x) + exp(x/2)) and y = (exp(-x) - 1)/2, draw a line tangent to both. This s	none	64	not found	9	x, ARCTANH, ARCTAN, SQRT	EULER, EIGHT, DIVIDE, COS, EXP	5.819e-10	0	0.0	9.2	True	
187	pi minus three	elementary	64	exact	4	x	THREE, SIN, ARCSIN	0.000e+00	2	0.0	64.0	True	Pi - 3
188	Pi^4/15 + Pi^2*log(2)^2/4 - log(2)^4/4 - 21*log(2)*zeta(3)/4 - 6*Li_4(1/2)	special	64	not found	9	x, PI, POWER, ARCCOSH	NEG, ARCSIN, ARCSINH, SIN, COS	9.134e-10	0	0.0	9.0	True	Pi^4/15+Pi^2Log[2]^2/4-Log[2]^4/4-21Log[2]Zeta[3]/4-6PolyLog[4,1/2]
189	log Cbrt[e]	elementary	64	exact	8	x, INV, EXP	SIX, THREE, ARCSINH, COSH, POWER	0.000e+00	7	0.0	63.8	True	Log10[CubeRoot[E]]
190	Matthews' constant C_2, an analog of Artin's constant for primitive roots	none	64	not found	9	x, SINH, SINH, INV	NEG, TAN, COSH, EULER, TIMES	1.846e-09	0	0.0	8.7	True	
191	arctan(1/2)/Pi	elementary	64	exact	6	x	PI, TWO, INV, ARCTAN, DIVIDE	0.000e+00	3	0.0	63.6	True	ArcTan[1/2]/Pi
192	(1-C_2)/e, a constant connected with two-sided generalized Fibonacci sequences, where C_2 is the Euler-Gompertz constant	none	64	not found	9	x, LOG, NEG, SUBTRACT	THREE, PI, POWER, TAN, COS	6.511e-11	0	0.0	10.2	True	
193	Given the two curves y = exp(-x) and y = 2/(exp(x) + exp(x/2)), draw a line tangent to both. This sequence is the decima	none	64	not found	8	x, NINE, TIMES, COSH	PI, EULER, TIMES, LOG	1.210e-09	0	0.0	8.9	True	
194	9*zeta(3)/Pi^2 - 93*zeta(5)/(2*Pi^4) - log(2) + 1/4	special	64	not found	9	PI, x, POWER, INV	FIVE, COSH, SIX, EXP, SUBTRACT	4.130e-10	0	0.0	9.4	True	9Zeta[3]/Pi^2-93Zeta[5]/(2Pi^4)-Log[2]+1/4
195	Sum_{k >= 0} 1/(4*k+3)^2	special	64	not found	9	x, EIGHT, TIMES, TAN	EULER, GAMMA, FOUR, ARCCOSH, TIMES	5.463e-09	0	0.0	8.3	True	Pi^2/16 - Catalan/2
196	Pythagorean triple constant for hypotenuses	elementary	64	exact	5	x	PI, PI, PLUS, INV	0.000e+00	4	0.0	63.6	True	1/(2*Pi)
197	Sum_{k>=1} (-1)^k*log(k)/k	special	64	not found	9	x, SIN, GAMMA, LOG	NINE, GAMMA, ARCSINH, ARCCOSH, SQRT	3.426e-10	0	0.0	9.5	True	EulerGamma*Log[2] - Log[2]^2/2
198	Euler-Kronecker constant (as named by P. Moree) for hypotenuse numbers	none	64	not found	9	x, LOG, COSH, LOG	THREE, TAN, FOUR, TANH, SUBTRACT	2.230e-09	0	0.0	8.7	True	
199	log Cbrt[π]	elementary	64	exact	9	x, INV, PI, POWER	SIX, THREE, ARCSINH, COSH, POWER	0.000e+00	1	0.0	64.0	True	Log10[CubeRoot[Pi]]
200	sixth	rational	64	exact	3	x	SIX, INV	0.000e+00	1	0.0	63.7	True	1/6
201	Hall-Montgomery constant	special	64	not found	9	x, ARCSINH, COSH, LOG	NINE, SINH, COS, EXP, COS	8.815e-10	0	0.0	9.1	True	1 + Pi^2/6 + 2*PolyLog[2, -Sqrt[E]]
202	(-2*Catalan + Pi*log(2))/2	special	64	not found	9	x, ARCSINH, THREE, TIMES	TWO, SQRT, ARCTAN, EXP, SIN	2.866e-09	0	0.0	8.5	True	Pi*Log[2]/2 - Catalan
203	'mu', a Sobolev isoperimetric constant related to the "membrane inequality", arising from the study of a vibrating membr	none	64	not found	9	x, SIN, SEVEN, DIVIDE	TWO, SINH, SQRT, SEVEN, POWER	2.694e-10	0	0.0	9.6	True	
204	log(2)/4	elementary	64	exact	5	x	FOUR, TWO, LOG, DIVIDE	0.000e+00	5	0.0	63.8	True	Log[2]/4
205	probability that three positive integers are pairwise not coprime	none	64	not found	9	x, SIN, GAMMA, COS	EULER, EXP, ARCSINH, FOUR, SUBTRACT	1.584e-10	0	0.0	9.8	True	
206	H, an auxiliary constant used to evaluate some Ising-related constants on triangular and hexagonal lattices (negated)	none	64	not found	9	THREE, TAN, x, POWER	PI, SQRT, SQRT, LOG, ARCCOS	2.302e-09	0	0.0	8.6	True	
207	Gibbs-Wilbraham constant	special	64	not found	9	x, SEVEN, SIN, DIVIDE	SIX, ARCTAN, ARCTAN, EULER, PLUS	5.364e-10	0	0.0	9.3	True	-1 + (2*SinIntegral[Pi])/Pi
208	pi^(-3/2)	elementary	64	exact	6	x	THREE, PI, POWER, SQRT, INV	0.000e+00	9	0.0	63.8	True	Pi^(-3/2)
209	Markoff number asymptotic density constant	none	64	not found	9	x, LOG, GAMMA, LOG	PI, TANH, SQR, SIN, SINH	1.153e-09	0	0.0	8.9	True	
210	a1, the first of two constants associated with Djokovic's conjecture on an integral inequality	none	64	not found	9	PI, x, GAMMA, DIVIDE	SIX, ARCTAN, ARCTAN, EXP, SQRT	3.335e-10	0	0.0	9.5	True	
211	G/2 - Pi*log(2)/8, where G = A006752	special	64	not found	9	x, INV, ARCCOSH, SIN	TWO, COS, COS, COS, TAN	1.715e-10	0	0.0	9.8	True	Catalan/2-Pi Log[2]/8
212	Hardy-Littlewood constant C_6 = Product_{p prime > 6} 1/(1-1/p)^6 (1-6/p)	none	64	not found	9	x, ARCTANH, INV, SIN	FIVE, SIN, TAN, GAMMA, COS	5.841e-10	0	0.0	9.2	True	
213	MRB constant	special	64	not found	9	x, SIX, TIMES, SQR	GOLDENRATIO, FIVE, ARCCOSH, ARCTAN, POWER	1.259e-09	0	0.0	8.9	True	Sum[(-1)^n*(-1 + n^n^(-1)), {n, 1, Infinity}]
214	9*zeta(3)/(2*Pi^2) - log(2) + 1/3	special	64	not found	9	x, GAMMA, COS, TAN	TWO, TAN, SIN, ONE, PLUS	1.238e-10	0	0.0	9.9	True	9Zeta[3]/(2Pi^2)-Log[2]+1/3
215	entropy of folding of the triangular lattice constant	special	64	not found	9	x, ARCSINH, TAN, ARCTANH	THREE, TANH, TANH, GAMMA, LOG	1.075e-09	0	0.0	9.0	True	Log[(Gamma[1/3]^(3/2)*Sqrt[3])/(2*Pi)]
216	gamma^3	special	64	not found	9	x, LOG, ARCSINH, GAMMA	EULER, SIN, ARCSINH, NINE, TIMES	4.810e-10	0	0.0	9.3	True	EulerGamma^3
217	1/sqrt(27)	algebraic	64	exact	5	x	NINE, THREE, SQRT, DIVIDE	1.442e-16	2	0.0	63.7	True	1/Sqrt[27]
218	q of the maximum of the Dedekind eta function	none	64	not found	9	x, INV, SQRT, SIN	GOLDENRATIO, THREE, POWER, TANH, TANH	1.263e-09	0	0.0	8.9	True	
219	probability that a random walk on a 4-d lattice returns to the origin	none	64	not found	9	x, INV, COS, TANH	GOLDENRATIO, SIN, COSH, LOG, SIN	1.036e-10	0	0.0	10.0	True	
220	Second du Bois-Reymond constant	elementary	64	exact	7	x, TWO, TIMES	SEVEN, TWO, EXP, SUBTRACT	4.280e-16	2	0.0	63.7	True	(-7 + E^2)/2
221	log π/2	elementary	64	not found	9	x, INV, TAN, SQR	FOUR, COSH, INV, SIX, PLUS	2.217e-09	0	0.0	8.7	True	Log10[Pi/2]
222	Pi/16	none	64	exact	5	x	FOUR, SQR, PI, DIVIDE	0.000e+00	4	0.0	64.0	True	
223	Vallée constant	none	24	not found	9	x, TAN, SIN, ARCTAN	FOUR, ARCSINH, ARCCOSH, COS, SIN	9.084e-10	0	0.0	9.0	True	
224	Erdős-Lebensold constant	special	24	not found	9	x, GAMMA, GAMMA, COS	SEVEN, ARCTAN, GAMMA, TAN, SIN	8.177e-10	0	0.0	9.1	True	Sum[1/(Prime[\[FormalK]]^\[FormalS]*Log[Prime[\[FormalK]]^\[FormalS]]), {\[FormalS], 1, Infinity}, {\[FormalK], 1, Infinity}]
225	(6/Pi^2) Sum_{p prime} 1/(p(p+1)), a Meissel-Mertens constant related to the asymptotic density of certain sequences of 	none	64	not found	9	x, ARCSIN, GAMMA, COS	GOLDENRATIO, SIX, SIN, DIVIDE, SIN	3.100e-09	0	0.0	8.5	True	
226	Given the two curves y = exp(-x) and y = 2/(exp(x) + exp(x/2)), draw a line tangent to both. This sequence is the decima	none	64	not found	9	x, INV, SIX, SUBTRACT	NINE, PI, TANH, POWER, GAMMA	1.500e-09	0	0.0	8.8	True	
227	White House switchboard constant	elementary	64	not found	9	x, ARCSIN, TANH, INV	NINE, COSH, TAN, SEVEN, PLUS	8.736e-11	0	0.0	10.1	True	Exp[-(1 + 8^(-1 + E)^(-1))^Pi^(-1)]
228	Rumor's constant	special	64	not found	9	x, ARCSINH, SIX, TIMES	GOLDENRATIO, COS, COS, TANH, GAMMA	3.814e-10	0	0.0	9.4	True	-ProductLog[ -2/E^2]/2
229	ln(Gamma(3/4))	special	64	exact	6	x	TWO, LOG, SINH, GAMMA, LOG	0.000e+00	2	0.0	64.0	True	LogGamma[3/4]
230	sum of the reciprocals of the perfect numbers	none	64	not found	9	x, SIN, INV, LOG	TWO, ARCTAN, SIN, TAN, SINH	2.459e-10	0	0.0	9.6	True	
231	log Cbrt[4π/3]	elementary	64	not found	8	x, FOUR, POWER	TWO, ARCCOSH, COS, PI, POWER	6.421e-10	0	0.0	9.2	True	Log10[CubeRoot[4*Pi/3]]
232	lambda(3) in Li's criterion	none	64	not found	9	x, TAN, SQRT, ARCSIN	NEG, TANH, SEVEN, ARCSINH, POWER	6.632e-10	0	0.0	9.2	True	
233	e^(-pi/2)	elementary	64	exact	4	x, LOG	NEG, ARCSIN	0.000e+00	2	0.0	63.7	True	E^(-Pi/2)
234	-zeta(-1/2)	special	64	not found	9	EULER, TANH, x, PLUS	EULER, COSH, SIN, ARCTAN, GAMMA	1.991e-09	0	0.0	8.7	True	-Zeta[-1/2]
235	a constant related to A000621	none	64	not found	9	x, GAMMA, EXP, SQR	EULER, ARCSINH, EIGHT, GAMMA, SUBTRACT	5.771e-10	0	0.0	9.2	True	
236	log Sqrt[e]	elementary	64	exact	7	x, INV	NEG, NINE, SUBTRACT, SQR, LOG	0.000e+00	3	0.0	64.0	True	Log10[Sqrt[E]]
237	Lochs-Porter constant	special	64	not found	9	x, TAN, INV, TAN	GOLDENRATIO, SQR, SIX, POWER, ARCSINH	2.784e-09	0	0.0	8.6	True	3/4 - (3*Log[2]*(-2 + 4*EulerGamma + 3*Log[2] - (24*Derivative[1][Zeta][2])/Pi^2))/Pi^2 - (6*Log[2]*(-1/2 + (6*Derivative[1][Zeta][2])/Pi^2))/Pi^2
238	B (negated), a constant related to Glaisher's constant A and the Gaussian unitary ensemble hypothesis	none	64	not found	9	x, ARCSINH, ARCTAN, INV	PI, SQRT, SQRT, SIX, SUBTRACT	1.176e-09	0	0.0	8.9	True	
239	2*log(2) - 4*Catalan/Pi	special	64	not found	9	x, SIN, GAMMA, COS	TWO, EIGHT, ARCTAN, SUBTRACT, TANH	4.475e-10	0	0.0	9.3	True	2*Log[2] - 4*Catalan/Pi
240	gamma^e	special	64	not found	9	x, GAMMA, TAN, SINH	EIGHT, ARCCOSH, TANH, COS, EXP	1.115e-09	0	0.0	9.0	True	EulerGamma^E
241	7*zeta(3)/(2*Pi^2) - log(2) + 1/2	special	64	not found	9	x, FIVE, TIMES, ARCTAN	TWO, ARCTAN, GAMMA, ARCTAN, ARCSIN	1.055e-10	0	0.0	10.0	True	7Zeta[3]/(2Pi^2)-Log[2]+1/2
242	Conway-Guy constant	special	64	not found	9	x, SIN, GOLDENRATIO, POWER	SIX, COSH, ARCTAN, SQRT, SQRT	4.441e-10	0	0.0	9.4	True	ConditionalExpression[Extension`ConwayGuyConstant == Limit[\[FormalV][\[FormalN]]/2^\[FormalN], \[FormalN] -> Infinity], \[FormalV][0] == 0 && \[FormalV][1] == 1 && \[FormalV][\[FormalN]] == 2*\[FormalV][-1 + \[FormalN]] - \[FormalV][-1 + \[FormalN] - Floor[1/2 + Sqrt[2*(-1 + \[FormalN])]]]]
243	Copeland–Erdős constant	special	64	not found	9	x, GAMMA, INV, SQRT	GOLDENRATIO, TANH, SINH, SIN, ARCCOS	2.385e-10	0	0.0	9.6	True	Sum[10^(-\[FormalK] - Sum[Floor[Log[10, Prime[\[FormalJ]]]], {\[FormalJ], 1, \[FormalK]}])*Prime[\[FormalK]], {\[FormalK], 1, Infinity}]
244	Pi*(3 - gamma)/32, where gamma is Euler's constant A001620	special	64	not found	9	x, GAMMA, EULER, DIVIDE	THREE, ARCSINH, INV, ARCTANH, TAN	1.733e-10	0	0.0	9.8	True	Pi*(3 - EulerGamma)/32
245	quadtree constant	special	64	not found	9	x, SEVEN, POWER, EXP	PI, ARCSINH, SEVEN, ARCSINH, TIMES	1.538e-09	0	0.0	8.8	True	228 - 26*Pi^2 + 24*Zeta[3]
246	1/sqrt(2*Pi*e), one of the Traveling Salesman constants	elementary	64	exact	8	x, INV, SQR	PI, PI, PLUS, EULER, TIMES	0.000e+00	7	0.0	64.0	True	1/Sqrt[2*Pi*E]
247	a(F_5), the maximum inradius of all triangles that lie in a regular pentagon of width 1	none	64	not found	9	x, TWO, ARCTAN, DIVIDE	NINE, INV, ARCTANH, LOG, COSH	1.556e-09	0	0.0	8.8	True	
248	rayleigh kurtosis excess	elementary	64	not found	9	x, COS, ARCTANH, SQR	FIVE, LOG, EIGHT, ARCSINH, PLUS	4.100e-10	0	0.0	9.4	True	-(6*Pi^2 - 24*Pi + 16)/(4 - Pi)^2
250	second (of 10) decimal selvage numbers	none	64	not found	8	x, SIX, TIMES	THREE, GOLDENRATIO, TAN, SUBTRACT, TAN	2.159e-10	0	0.0	9.7	True	
251	log Sqrt[π]	elementary	64	exact	8	x, INV, PI, POWER	NEG, NINE, SUBTRACT, SQR	0.000e+00	2	0.0	63.8	True	Log10[Sqrt[Pi]]
252	logarithm of Glaisher's constant	special	64	not found	9	NINE, ARCSINH, x, TIMES	FOUR, COS, FIVE, ARCTAN, PLUS	7.583e-10	0	0.0	9.1	True	Log[Glaisher]
253	a multiplicative constant related to A006196	none	64	not found	9	x, THREE, DIVIDE, SIN	EULER, ARCSINH, TWO, PLUS, SIN	2.326e-10	0	0.0	9.6	True	
254	self number density constant	special	64	not found	9	x, GOLDENRATIO, DIVIDE, ARCCOSH	THREE, TAN, GOLDENRATIO, POWER, EXP	4.532e-10	0	0.0	9.3	True	Sum[Piecewise[{{1, SatisfiableQ[\[FormalK] == Sum[(1 + 2^\[FormalN])*\[FormalA][\[FormalK], \[FormalN]], {\[FormalN], 1, Infinity}] && ForAll[\[FormalN], Element[\[FormalN], Integers] && \[FormalN] > 0, Element[\[FormalA][\[FormalK], \[FormalN]], Integers]], {\[FormalA]}]}}, 0]/2^\[FormalK], {\[FormalK], 1, Infinity}]^2/8
255	(1/384)*Pi^4	elementary	64	exact	8	x, SIX, TIMES	EIGHT, PI, SQR, DIVIDE, SQR	0.000e+00	3	0.0	64.0	True	Pi^4/ 384
256	Flajolet-Prodinger constant 'K', a constant related to asymptotically enumerating level number sequences for binary tree	none	64	not found	9	x, LOG, GAMMA, SIN	GOLDENRATIO, TANH, TANH, INV, LOG	1.383e-10	0	0.0	9.9	True	
257	third (of 10) decimal selvage numbers	none	64	not found	9	x, ARCCOS, SQRT, LOG	FOUR, EXP, INV, SINH, SQRT	2.947e-10	0	0.0	9.5	True	
258	Meissel-Mertens constant	special	64	not found	9	x, FIVE, TIMES, COSH	FOUR, SIN, EXP, SQRT, EXP	1.178e-10	0	0.0	9.9	True	EulerGamma + Sum[Log[1 - Prime[n]^(-1)] + Prime[n]^(-1), {n, 1, Infinity}]
259	Pi/12	none	64	exact	5	x	THREE, ONE, ARCTAN, DIVIDE	2.120e-16	3	0.0	64.0	True	
260	Mrs. Miniver constant	special	64	not found	9	x, TAN, EXP, ARCCOSH	EIGHT, SINH, COS, COSH, TANH	2.453e-09	0	0.0	8.6	True	Root[{#1 - Sin[Pi/6 - #1*Sqrt[1 - #1^2]] & , 0.264932084602776862`17.423134556719873}]
261	Ti_2(2-sqrt(3)), where Ti_2 is the inverse tangent integral function	none	64	not found	9	x, ARCTANH, GAMMA, SINH	EIGHT, SIN, TAN, NINE, TIMES	1.614e-09	0	0.0	8.8	True	
262	unforgeable word constant	special	64	not found	9	x, INV, TAN, ARCTANH	SEVEN, ARCSINH, ARCCOSH, INV, COS	7.256e-10	0	0.0	9.1	True	Sum[(2*(-1)^(-1 + \[FormalK])*Product[2^(-1 + 2^\[FormalJ])/(-1 + 2^(-1 + 2^\[FormalJ])), {\[FormalJ], 2, \[FormalK]}])/(-1 + 2^(-1 + 2^(1 + \[FormalK]))), {\[FormalK], 1, Infinity}]
263	volume of a regular ideal hyperbolic 4-simplex	elementary	64	not found	9	x, INV, TAN, SINH	SEVEN, FOUR, DIVIDE, TAN, ARCSIN	2.831e-10	0	0.0	9.5	True	10*Pi/3*ArcSin[1/3] - Pi^2/3
265	one of the Pell-Stevenhagen constants	none	64	not found	9	x, FOUR, DIVIDE, SIN	THREE, COSH, TAN, ARCSINH, COS	7.083e-11	0	0.0	10.1	True	
266	1/(8*log(2)*A005597), where A005597 is the twin prime constant C_2	none	64	not found	9	x, TANH, TANH, TAN	GOLDENRATIO, COSH, COS, ARCTANH, EXP	1.717e-10	0	0.0	9.8	True	
267	constant appearing in the expected number of comparisons for an unsuccessful digital tree search (negated)	none	64	not found	9	x, ARCSINH, SQRT, ARCSIN	EULER, SQRT, COSH, LOG, COS	1.008e-09	0	0.0	9.0	True	
269	(6/Pi^2)*Sum_{n>=1} 1/prime(n)^2	special	64	not found	9	x, TAN, INV, EXP	GOLDENRATIO, NINE, ARCCOSH, SINH, POWER	2.012e-11	0	0.0	10.7	True	6*PrimeZetaP[2]/Pi^2
270	1/Gamma(1/4)	special	64	exact	5	x	FOUR, INV, GAMMA, INV	0.000e+00	2	0.0	64.0	True	1/Gamma[1/4]
271	rho_c = (5-sqrt(5))/10, the asymptotic critical density for the hard hexagon model	algebraic	64	exact	5	x	GOLDENRATIO, TWO, PLUS, INV	0.000e+00	4	0.0	63.8	True	(5 - Sqrt[5])/10
272	Bernstein's constant	none	50	not found	9	FIVE, SQRT, x, DIVIDE	GOLDENRATIO, FIVE, INV, ARCTANH, DIVIDE	1.884e-10	0	0.0	9.7	True	
273	Series-parallel networks constant	none	22	not found	9	x, EXP, TAN, TAN	SEVEN, COS, ARCTAN, LOG, COSH	3.152e-10	0	0.0	9.5	True	
274	log 6/π	elementary	64	not found	9	x, INV, FOUR, SUBTRACT	GOLDENRATIO, TANH, COSH, COSH, INV	9.906e-10	0	0.0	9.0	True	Log10[6/Pi]
275	((5 - 2*sqrt(2))*Pi)/24	elementary	64	not found	9	NINE, ARCTAN, x, TIMES	FOUR, COSH, ARCTAN, LOG, SIN	6.698e-10	0	0.0	9.2	True	((5-2*Sqrt[2])*Pi)/24
276	Mertens constant M(3,2) arising in the formula for the sum of reciprocals of primes p == 2 (mod 3)	none	64	not found	9	x, INV, TAN, EXP	PI, NEG, PLUS, TANH, TAN	1.167e-09	0	0.0	8.9	True	
277	Mertens constant M(4,1) arising in the formula for the sum of reciprocals of primes p == 1 (mod 4) (negated)	none	64	not found	9	x, SQR, GOLDENRATIO, DIVIDE	PI, INV, GAMMA, SEVEN, TIMES	1.262e-09	0	0.0	8.9	True	
278	strongly carefree constant	special	64	not found	9	x, TAN, SQRT, TANH	TWO, SQRT, TANH, ARCCOS, SINH	2.194e-10	0	0.0	9.7	True	Product[1 - (-2 + 3*Prime[\[FormalK]])/Prime[\[FormalK]]^3, {\[FormalK], 1, Infinity}]
279	digital search tree Q constant	special	64	not found	9	x, EXP, EULER, TIMES	EULER, FOUR, PLUS, LOG, SQR	1.549e-10	0	0.0	9.8	True	QPochhammer[1/2, 1/2]
280	Sum_{k>=0} (k!/(k+2)!)^2	elementary	64	exact	7	x, THREE, PLUS	THREE, PI, SQR, DIVIDE	0.000e+00	2	0.0	63.9	True	Pi^2/3 - 3
281	domino tiling constant	special	64	not found	9	x, PI, TIMES, TANH	EULER, TAN, ARCSIN, EXP, TAN	1.719e-09	0	0.0	8.8	True	Catalan/Pi
282	d_0, the constant term in the asymptotic expansion of the average number of registers needed to evaluate a binary tree	none	64	not found	9	x, ARCCOS, ARCCOSH, ARCSIN	PI, SQRT, NINE, SUBTRACT, SIN	1.441e-10	0	0.0	9.8	True	
283	(1/105)*Pi^3	elementary	64	not found	9	x, SQR, LOG, TAN	EULER, SIN, EXP, INV, ARCCOS	3.799e-11	0	0.0	10.4	True	Pi^3/105
284	Pythagorean triple second-order constant for areas	special	64	not found	9	x, INV, GAMMA, LOG	EIGHT, ARCTAN, SQRT, GAMMA, SINH	1.068e-09	0	0.0	9.0	True	-(((1 + 2^(-1/3))*Zeta[1/3])/((1 + 2^(-2/3))*Zeta[4/3]))
285	a constant that appears in flux/diffusion problems with trapping surfaces	special	64	not found	9	x, GAMMA, SQR, LOG	FIVE, COS, COS, TAN, COSH	1.500e-09	0	0.0	8.8	True	-1/Pi * Integrate[Log[(6/x^2) * (1 - Sin[x]/x)]/x^2, {x, 0, Infinity}]
286	Wadsworth constant	rational	64	exact	6	x	THREE, INV, THREE, PLUS, INV	0.000e+00	18	0.0	64.0	True	3/10
287	Sum_{m,n >= 1} (-1)^(m + n)/(m*n*(m + n))	none	64	not found	9	x, FOUR, DIVIDE, TAN	SEVEN, INV, THREE, POWER, SIN	3.804e-10	0	0.0	9.4	True	
288	log10(2)	elementary	64	exact	7	x, INV, TWO, POWER	NEG, NINE, SUBTRACT	0.000e+00	3	0.0	64.0	True	Log[10, 2]
289	ln(Gamma(2/3))	special	64	exact	6	x, EXP	THREE, TWO, DIVIDE, GAMMA	0.000e+00	2	0.0	63.9	True	LogGamma[2/3]
290	coefficient c appearing in the asymptotic evaluation of the number of prime additive compositions of n as c*(1/xi)^n, wh	none	64	not found	9	NINE, x, COS, POWER	SIX, COS, TAN, TAN, SIN	4.087e-10	0	0.0	9.4	True	
291	Gauss-Kuzmin-Wirsing constant	special	64	not found	9	PI, x, INV, SUBTRACT	ONE, ARCSIN, ARCCOSH, LOG, SQRT	3.882e-10	0	0.0	9.4	True	Inactive[Limit][Inactive[Part][SortBy[N][Abs[Eigenvalues[Inactive[Table][((-1)^\[FormalJ]*Inactive[Sum][(-2)^\[FormalI]*Binomial[\[FormalK], \[FormalI]]*Pochhammer[2 + \[FormalI], \[FormalJ]]*(-2^(2 + \[FormalI] + \[FormalJ]) + (-1 + 2^(2 + \[FormalI] + \[FormalJ]))*Zeta[2 + \[FormalI] + \[FormalJ]]), {\[FormalI], 0, \[FormalK]}])/((-2)^\[FormalK]*\[FormalJ]!), {\[FormalJ], 0, -1 + \[FormalN]}, {\[FormalK], 0, -1 + \[FormalN]}]]]], -2], \[FormalN] -> Infinity]
292	3/pi^2	elementary	64	exact	5	x	PI, SQR, THREE, DIVIDE	0.000e+00	2	0.0	64.0	True	3/Pi^2
293	radius of convergence of the generating function of A000625 (alcohol stereoisomers enumeration)	none	64	not found	9	x, ARCSIN, PI, TIMES	SEVEN, SQRT, ARCTAN, SQR, ARCTAN	2.746e-11	0	0.0	10.6	True	
294	1 - log(2)	elementary	64	exact	5	x	TWO, LOG, ONE, SUBTRACT	0.000e+00	3	0.0	64.0	True	1-Log[2]
295	Hardy-Littlewood constant Product_{p prime >= 5} (1-(6*p^2-4*p+1)/(p-1)^4)	none	64	not found	9	GOLDENRATIO, EXP, x, TIMES	EULER, COS, GOLDENRATIO, POWER, INV	1.328e-09	0	0.0	8.9	True	
296	coefficient c_v in c_v*log(N), the asymptotic variance of the number of factors in a random factorization of n <= N	none	64	not found	9	x, SIX, DIVIDE, COS	SEVEN, COS, COS, ARCSINH, ARCTANH	1.092e-10	0	0.0	10.0	True	
297	Littlewood-Salem-Izumi constant	special	64	not found	9	x, THREE, INV, POWER	THREE, TANH, INV, SIN, SQR	1.578e-09	0	0.0	8.8	True	Root[{HypergeometricPFQ[{1/2 - #1/2}, {1/2, 3/2 - #1/2}, (-(1/16))*(9*Pi^2)] & , 0.3084437795619860030341969509860000000000000000000000000001`29.489176016177844}]
298	sin(Pi/10) (angle of 18 degrees)	algebraic	64	exact	5	x, GOLDENRATIO, TIMES	TWO, INV	0.000e+00	4	0.0	63.8	True	Sin[18 Degree]
299	-(8*(EulerGamma - log(2)))/3	special	64	not found	9	x, INV, EXP, COS	PI, ARCTAN, ARCTAN, ARCSIN, ARCSINH	2.920e-11	0	0.0	10.5	True	-(8*(EulerGamma - Log[2]))/3
300	Zolotarev-Schur constant	special	64	not found	9	x, ARCTANH, INV, ARCTAN	THREE, ARCTAN, COS, ARCTAN, ARCCOS	6.839e-10	0	0.0	9.2	True	With[{\[FormalX] = Root[{EllipticE[#1^2]^3 - 3*EllipticE[#1^2]^2*EllipticK[#1^2] + EllipticK[#1^2]*(-1 - EllipticK[#1^2]^2 + #1^2) + EllipticE[#1^2]*(1 + 3*EllipticK[#1^2]^2 + #1^2) & , 0.9155020553896763963055240364016622896543129422884607667501`30.102999566398122}]}, (1 - EllipticE[\[FormalX]^2]/EllipticK[\[FormalX]^2])^2/\[FormalX]^2]
301	k_3 = 3/(2*Pi*m_3), a constant associated with the asymptotic expansion of the probability that a three-dimensional rand	none	64	not found	9	x, LOG, TAN, TAN	EULER, FOUR, PLUS, ARCTAN, SQRT	2.864e-10	0	0.0	9.5	True	
302	(negated) constant in the expansion of the prime zeta function about s = 1	none	64	not found	9	x, SIN, EXP, TAN	EULER, INV, NINE, POWER, COSH	3.672e-10	0	0.0	9.4	True	
303	Atkinson-Negro-Santoro constant	special	64	not found	9	x, PI, DIVIDE, TAN	FIVE, SQRT, SINH, TANH, COS	1.217e-09	0	0.0	8.9	True	ConditionalExpression[Extension`AtkinsonNegroSantoroConstant == Limit[\[FormalU][\[FormalN]]/2^\[FormalN], \[FormalN] -> Infinity], \[FormalU][0] == 0 && \[FormalU][1] == 1 && \[FormalU][\[FormalN]] == 2*\[FormalU][-1 + \[FormalN]] - \[FormalU][-1 + \[FormalN] - Floor[1 + (-1 + \[FormalN])/2]]]
304	real part of the solution of z = log z	special	64	not found	9	x, EXP, COSH, SIN	GOLDENRATIO, COSH, LOG, ARCSIN, TANH	1.324e-10	0	0.0	9.9	True	Re[-ProductLog[-1]]
305	Kalmar composition constant	special	64	not found	9	FIVE, COS, x, POWER	GOLDENRATIO, SINH, SIN, ARCSINH, ARCTANH	1.497e-10	0	0.0	9.8	True	ConditionalExpression[Extension`KalmarCompositionConstant == -(1/(\[FormalRho]*Derivative[1][Zeta][\[FormalRho]])), \[FormalRho] == Root[{-2 + Zeta[#1] & , 1.7286472389981836181351030103`29.237706376855613}]]
306	reciprocal of π	elementary	64	exact	3	x	PI, INV	0.000e+00	1	0.0	64.0	True	Pi^(-1)
307	a constant related to a certain Sobolev isoperimetric inequality	none	64	not found	9	x, ARCTAN, ARCTAN, INV	EIGHT, SQRT, FIVE, TIMES, ARCCOSH	7.950e-11	0	0.0	10.1	True	
308	eta/xi = A086318/A086317, a coefficient associated with the asymptotics of the number of weakly binary trees	none	64	not found	9	x, ARCCOS, ARCCOSH, GAMMA	EIGHT, INV, ARCSIN, NINE, POWER	5.745e-10	0	0.0	9.2	True	
309	Feller-Tornier product constant	special	64	not found	9	x, TANH, TANH, LOG	SIX, SQRT, EXP, SIN, ARCTANH	1.022e-09	0	0.0	9.0	True	Product[1 - 2/Prime[\[FormalK]]^2, {\[FormalK], 1, Infinity}]
310	second Kneser-Mahler polynomial constant	special	64	not found	9	x, INV, GAMMA, GAMMA	SEVEN, SQR, COS, SQR, EXP	9.091e-10	0	0.0	9.0	True	(9 - PolyGamma[1, 2/3] + PolyGamma[1, 4/3])/(4*Pi*Sqrt[3])
311	1/(4*K), a constant related to the asymptotic evaluation of the number of positive integers all of whose prime factors a	none	64	not found	9	x, SQR, GAMMA, SIN	FIVE, ARCCOSH, GAMMA, ARCCOSH, SIN	1.275e-09	0	0.0	8.9	True	
312	infinite product of (j/Pi)*sin(Pi/j), for j >= 2, a constant similar to the Kepler-Bouwkamp constant	none	64	not found	9	x, FIVE, TIMES, SQR	PI, ARCSINH, EIGHT, TIMES, LOG	6.875e-10	0	0.0	9.2	True	
313	constant that appears in the asymptotic formula for average order of an infinitary analog of Euler's phi function (A0917	none	64	not found	9	x, COSH, SIN, SQR	EIGHT, INV, ONE, ARCSINH, SUBTRACT	2.941e-10	0	0.0	9.5	True	
314	Given the two curves y = (1 + exp(x))/2 and y = (1 + exp(x))/(1 + exp(x/2)), draw a line tangent to both. This sequence 	none	64	not found	9	x, GAMMA, LOG, ARCTANH	SEVEN, ARCTAN, COSH, TAN, GAMMA	2.121e-10	0	0.0	9.7	True	
315	9099999999923/27500000000000	rational	64	not found	9	x, TAN, ARCSINH, INV	GOLDENRATIO, ARCSINH, COS, SIN, GAMMA	1.313e-09	0	0.0	8.9	True	9099999999923/27500000000000
316	euler sqr	special	64	not found	9	x, INV, TAN, SINH	THREE, SIN, SIX, PLUS, SIN	5.282e-10	0	0.0	9.3	True	EulerGamma^2
317	log(A085851)	none	64	not found	9	x, EIGHT, TIMES, TAN	EULER, SIX, TIMES, SIN, ARCTAN	1.812e-10	0	0.0	9.7	True	
318	third	rational	64	exact	3	x	THREE, INV	0.000e+00	1	0.0	64.0	True	1/3
319	Sum_{k>=2} c(k)/prime(k), where c(k) = -1 if p == 1 (mod 4) and c(k) = +1 if p == 3 (mod 4)	none	64	not found	9	x, TWO, TIMES, ARCTANH	TWO, ARCSINH, GAMMA, INV, TANH	1.554e-10	0	0.0	9.8	True	
320	radius of convergence of g.f. for unlabeled trees (A000055)	none	64	not found	9	x, TANH, SQR, GAMMA	EIGHT, ARCCOSH, TANH, NINE, TIMES	4.292e-09	0	0.0	8.4	True	
321	probability that a random walk on a 3-D lattice returns to the origin	special	64	not found	9	THREE, x, TAN, POWER	EULER, ARCSINH, ARCTAN, LOG, TANH	3.523e-10	0	0.0	9.5	True	1 - (16*Sqrt[2/3]*Pi^3) / (Gamma[1/24]*Gamma[5/24]*Gamma[7/24]*Gamma[11/24])
322	2*sin(Pi/18)	algebraic	64	exact	8	TWO, x, DIVIDE	NINE, ONE, ARCSIN, DIVIDE, SIN	1.598e-16	2	0.0	64.0	True	2Sin[Pi/18]
323	sqrt(5^(1/3)-4^(1/3))	algebraic	64	not found	9	x, ONE, ARCSINH, DIVIDE	EULER, ARCTAN, TANH, THREE, TIMES	4.083e-10	0	0.0	9.4	True	Sqrt[Surd[5, 3] - Surd[4, 3]]
324	meander connective constant	special	64	not found	9	x, SINH, ARCCOS, ARCSINH	NINE, COS, SIN, TAN, SQR	6.487e-10	0	0.0	9.2	True	Product[1 - 2^(-2^\[FormalK]), {\[FormalK], 0, Infinity}]
325	lim_{N->infinity} (1/N^2 Sum_{n=1..N} K(n)), where K(n) is the squarefree kernel of n	none	64	not found	9	GOLDENRATIO, x, EXP, DIVIDE	EIGHT, SQRT, GAMMA, TANH, SQR	2.944e-10	0	0.0	9.5	True	
326	a coefficient associated with the asymptotics of the variance of the distance between a vertex and the root of a random 	none	64	not found	9	x, FOUR, TIMES, INV	GOLDENRATIO, SIX, PLUS, LOG, LOG	2.181e-09	0	0.0	8.7	True	
327	Hafner–Sarnak–McCurley constant	none	64	not found	8	x, GAMMA, SIN	GOLDENRATIO, ARCCOSH, SIN, SQR, SQR	5.755e-10	0	0.0	9.2	True	
328	radius of convergence of the generating function of A000598, the number of rooted ternary trees of n vertices	none	64	not found	9	TWO, ARCSINH, x, DIVIDE	NINE, ARCSINH, GAMMA, SIN, ARCCOS	1.702e-09	0	0.0	8.8	True	
330	imaginary part of the infinite power tower of i	special	64	not found	9	x, SQR, GAMMA, SIN	PI, INV, ARCCOS, ARCCOSH, ARCCOS	3.932e-10	0	0.0	9.4	True	Im[-ProductLog[-Log[I]]/Log[I]]
331	log 1/M = ln 10	elementary	64	not found	9	x, TAN, COS, SINH	EULER, INV, ARCSINH, ARCSIN, COSH	1.076e-09	0	0.0	9.0	True	Log10[Log[10]]
332	equilateral triangle line-picking constant	elementary	64	not found	9	x, ARCTANH, INV, LOG	NINE, SIN, FIVE, ARCTAN, SUBTRACT	1.271e-09	0	0.0	8.9	True	(4 + 3*Log[3])/20
333	(3*sqrt(6) - 7)*Pi/3	elementary	64	not found	9	x, SQRT, ARCSIN, EXP	NINE, ARCTAN, TWO, PLUS, ARCCOSH	5.387e-10	0	0.0	9.3	True	(3Sqrt[6]-7)Pi/3
334	standard Gumbel distribution median	elementary	64	exact	5	x, EXP	TWO, LOG, INV	0.000e+00	3	0.0	64.0	True	-Log[Log[2]]
335	constant that appears in the asymptotic formula for average order of the number of  infinitary divisors function (A03744	none	64	not found	9	x, SQRT, SQRT, ARCTANH	NINE, ARCSINH, SQRT, COSH, LOG	9.502e-10	0	0.0	9.0	True	
336	reciprocal of e	elementary	64	exact	3	x	EULER, INV	0.000e+00	1	0.0	64.0	True	E^(-1)
337	Hardy-Littlewood constant C_7 = Product_{p prime > 7} 1/(1-1/p)^7 (1-7/p)	none	64	not found	9	x, LOG, ARCSIN, SQR	TWO, ARCCOSH, PI, ARCCOSH, POWER	1.116e-09	0	0.0	9.0	True	
338	fourth (of 10) decimal selvage number	none	64	not found	9	x, SEVEN, TAN, SUBTRACT	NINE, TANH, GOLDENRATIO, PLUS, SIN	5.994e-11	0	0.0	10.2	True	
339	constant c appearing in the expected number of pair of twin vacancies in a digital tree	none	64	not found	9	NINE, LOG, x, DIVIDE	SIX, FIVE, SIN, TANH, POWER	6.370e-10	0	0.0	9.2	True	
340	variance of the maximum of a size 8 sample from a normal (0,1) distribution	none	64	not found	9	x, EIGHT, LOG, POWER	FIVE, COS, ARCTAN, ARCSINH, EXP	4.576e-10	0	0.0	9.3	True	
341	(1/144)*3^(1/2)*Pi^3	elementary	64	not found	9	x, SINH, EXP, SQR	TWO, SINH, TAN, GOLDENRATIO, PLUS	1.240e-10	0	0.0	9.9	True	Sqrt[3]*Pi^3/144
342	1/Gamma(1/3)	special	64	exact	5	x	THREE, INV, GAMMA, INV	0.000e+00	2	0.0	64.0	True	1/Gamma[1/3]
343	first positive solution to exp(1-1/x)/x = 1/2, a binary search tree constant	special	64	not found	9	x, ONE, SUBTRACT, SINH	FOUR, EULER, DIVIDE, TAN, TANH	9.143e-10	0	0.0	9.0	True	-1/ProductLog[-1, -1/(2*E)]
344	Artin's constant	special	64	not found	9	x, NINE, POWER, LOG	THREE, FOUR, ARCCOSH, DIVIDE, TAN	1.510e-09	0	0.0	8.8	True	Product[1 - 1/((-1 + Prime[n])*Prime[n]), {n, 1, Infinity}]
345	64/169, the upper bound (as given by S. Finch) of the 2-dimensional simultaneous Diophantine approximation constant	none	64	exact	7	x, SQRT	FOUR, NINE, PLUS, EIGHT, DIVIDE	0.000e+00	2	0.0	64.0	True	
346	upper bound of the 6-dimensional simultaneous Diophantine approximation constant	none	64	not found	9	x, GAMMA, COS, TAN	SIX, LOG, SQR, COS, SIN	2.243e-09	0	0.0	8.6	True	
347	expected distance from a randomly selected point in the unit square to its center: (sqrt(2) + log(1 + sqrt(2)))/6	elementary	64	exact	8	x, SIX, TIMES	NEG, ARCSINH, TWO, SQRT, SUBTRACT	0.000e+00	1	0.0	64.0	True	(Sqrt[2] + Log[1 + Sqrt[2]])/6
348	Given the two curves y = (1 + exp(x))/2 and y = (1 + exp(x))/(1 + exp(x/2)), draw a line tangent to both. This sequence 	none	64	not found	9	x, TAN, GAMMA, SQR	SEVEN, INV, EXP, TAN, SINH	5.355e-10	0	0.0	9.3	True	
349	upper bound of the 5-dimensional simultaneous Diophantine approximation constant	elementary	64	not found	9	x, ARCTAN, ARCTAN, SQRT	NINE, TAN, EXP, TANH, ARCSIN	1.563e-10	0	0.0	9.8	True	3/(208 + 72*Pi - 96*Sqrt[2]*Pi)
350	variance of the maximum of a size 7 sample from a normal (0,1) distribution	none	64	not found	9	x, ARCTANH, INV, GAMMA	GOLDENRATIO, SIN, SIN, ARCTAN, COSH	1.082e-09	0	0.0	9.0	True	
351	1 - 6/pi^2	elementary	64	exact	7	x, ONE, SUBTRACT	PI, SQR, SIX, DIVIDE	0.000e+00	1	0.0	64.0	True	1 - 6/Pi^2
352	Pi/8	none	64	exact	4	x	EIGHT, PI, DIVIDE	0.000e+00	1	0.0	64.0	True	
353	A(rectangles), an analog of Moser's worm constant, which is associated with the class of rectangular regions of the plan	none	64	not found	9	x, GAMMA, SIN, ARCTANH	GOLDENRATIO, SINH, SQRT, GOLDENRATIO, DIVIDE	2.116e-11	0	0.0	10.7	True	
354	radius of convergence of the generating function for the enumeration of rooted identity trees (A004111)	none	50	not found	9	x, ARCSINH, EXP, ARCCOSH	NEG, COS, SIN, COSH, GAMMA	4.053e-10	0	0.0	9.4	True	
355	Pi*G - 33*zeta(3)/16, where G = A006752	special	64	not found	9	x, TWO, DIVIDE, EXP	SEVEN, TAN, EXP, SQR, COSH	8.657e-10	0	0.0	9.1	True	Pi Catalan-33Zeta[3]/16
356	one div root two pi	elementary	64	exact	6	x	PI, PI, PLUS, INV, SQRT	0.000e+00	9	0.0	64.0	True	1/Sqrt[2*Pi]
357	log Sqrt[2π]	elementary	64	not found	9	x, SIX, DIVIDE, TAN	FIVE, GAMMA, SQR, SIN, ARCSINH	5.776e-10	0	0.0	9.2	True	Log10[Sqrt[2*Pi]]
358	'lambda', a Somos quadratic recurrence constant mentioned by Steven Finch	none	64	not found	9	FIVE, TANH, x, POWER	FOUR, SQR, ARCTAN, LOG, SIN	1.053e-10	0	0.0	10.0	True	
359	Feigenbaum's constant 0.399535	none	64	not found	9	x, EXP, ARCCOSH, ARCSINH	SEVEN, GOLDENRATIO, EXP, DIVIDE, SQRT	1.095e-09	0	0.0	9.0	True	
360	Li_3(2 - phi)	special	64	not found	9	TWO, SIN, x, DIVIDE	SIX, TANH, SINH, GOLDENRATIO, SUBTRACT	2.248e-10	0	0.0	9.6	True	PolyLog[3,2-GoldenRatio]
361	radius of convergence of Wedderburn-Etherington numbers g.f	none	64	not found	9	x, INV, SINH, COS	PI, EXP, ARCTAN, SQRT, SIN	7.010e-10	0	0.0	9.2	True	
362	'mu', a percolation constant associated with the asymptotic threshold for 3-dimensional bootstrap percolation	none	64	not found	9	x, INV, GAMMA, SQR	GOLDENRATIO, GAMMA, THREE, ARCSINH, POWER	4.601e-10	0	0.0	9.3	True	
363	log(A085850)	none	41	not found	9	x, INV, TAN, SQR	FIVE, INV, COS, SIN, COS	2.260e-10	0	0.0	9.6	True	
364	m_2 = (2-1/e)/4, one of Renyi's parking constants, the mean car density in case "monomer with nearest neighbor exclusion	elementary	64	exact	7	x, FOUR, TIMES	EULER, INV, TWO, SUBTRACT	0.000e+00	1	0.0	64.0	True	(2 - 1/E)/4
365	upper bound of the 4-dimensional simultaneous Diophantine approximation constant	elementary	64	not found	8	x, GAMMA, SINH, TAN	NEG, COS, GAMMA, SINH	7.878e-11	0	0.0	10.1	True	27/(4*(8*Sqrt[3]*Pi - 27))
366	Euler-Kronecker constant (as named by P. Moree) for non-hypotenuse numbers	none	64	not found	9	x, EULER, DIVIDE, TAN	SEVEN, ARCCOSH, SQR, SIN, SQR	3.906e-11	0	0.0	10.4	True	
367	lower bound of the Berry-Esseen constant	elementary	64	not found	9	x, SINH, GOLDENRATIO, SUBTRACT	FOUR, ARCCOSH, ARCCOSH, TANH, TAN	7.975e-10	0	0.0	9.1	True	(3 + Sqrt[10])/(6*Sqrt[2*Pi])
368	Hardy-Littlewood constant C_5 = Product_{p prime > 5} 1/(1-1/p)^5 (1-5/p)	none	64	not found	9	THREE, x, ARCCOS, POWER	SEVEN, PI, SINH, SUBTRACT, LOG	6.186e-10	0	0.0	9.2	True	
369	sqrt(2)*(sqrt(6) - 1)/5	algebraic	64	exact	7	x, ARCTANH	NEG, ARCSINH, TWO, ARCCOSH, PLUS	2.708e-16	4	0.0	64.0	True	Sqrt[2](Sqrt[6]-1)/5
370	Prouhet–Thue–Morse constant	special	64	not found	9	THREE, TANH, x, DIVIDE	THREE, LOG, ARCCOSH, ARCSINH, SIN	5.711e-10	0	0.0	9.2	True	(2 - Product[(-1 + 2^2^\[FormalK])/2^2^\[FormalK], {\[FormalK], 0, Infinity}])/4
371	1/(eta*P'(eta)), a constant related to the asymptotic evaluation of the number of prime multiplicative compositions, whe	none	30	not found	9	x, ARCCOS, TWO, TIMES	GOLDENRATIO, SIN, FIVE, POWER, ARCCOSH	1.541e-09	0	0.0	8.8	True	
372	sqrt(2) - 1	algebraic	64	exact	4	x	NEG, ARCSINH, EXP	0.000e+00	2	0.0	64.0	True	Sqrt[2] - 1
373	isosceles triangle line-picking constant	elementary	64	not found	9	x, GAMMA, GAMMA, SQR	EIGHT, ARCSINH, LOG, COS, COSH	1.803e-09	0	0.0	8.7	True	(2 + 4*Sqrt[2] + ArcSinh[1]*(4 + Sqrt[2]))/30
374	Prime constant	special	64	not found	9	x, LOG, SINH, ARCCOS	GOLDENRATIO, NINE, ARCTAN, POWER, SINH	1.849e-09	0	0.0	8.7	True	Sum[2^(-Prime[n]), {n, 1, Infinity}]
375	variance of the maximum of a size 6 sample from a normal (0,1) distribution	none	64	not found	9	x, TAN, LOG, TAN	NEG, ARCSINH, ARCSIN, INV, SINH	2.231e-10	0	0.0	9.7	True	
376	volume of the Meissner Body	elementary	64	not found	9	x, EXP, TAN, SIN	SEVEN, SIN, EXP, SQR, TANH	3.272e-10	0	0.0	9.5	True	(2/3 - Sqrt[3]/4 * ArcCos[1/3])* Pi
377	Minkowski-Bower constant	special	64	not found	9	x, ARCSINH, LOG, SQR	NEG, ARCTAN, THREE, PLUS, SIN	2.479e-10	0	0.0	9.6	True	Inactive[Root][{#1 - MinkowskiQuestionMark[#1] & , 0.420372339423223075640993`23.623634131640042}]
378	Schlüter ten disk constant	algebraic	64	not found	9	EULER, INV, x, SUBTRACT	FOUR, GOLDENRATIO, TANH, DIVIDE, SQR	2.774e-11	0	0.0	10.6	True	Root[819200 - 14172160*\[FormalX] + 114038784*\[FormalX]^2 - 563649536*\[FormalX]^3 + 1899131648*\[FormalX]^4 - 4564076288*\[FormalX]^5 + 7918461504*\[FormalX]^6 - 9722063488*\[FormalX]^7 + 7803109440*\[FormalX]^8 - 2960321792*\[FormalX]^9 - 1038261808*\[FormalX]^10 + 1526909568*\[FormalX]^11 + 227573920*\[FormalX]^12 - 1398966480*\[FormalX]^13 + 1145811528*\[FormalX]^14 - 462103584*\[FormalX]^15 + 98015844*\[FormalX]^16 - 11436428*\[FormalX]^17 + 1180129*\[FormalX]^18, \[FormalX], 1]
379	logarithmic capacity of the unit equilateral triangle	none	64	not found	9	x, ARCTANH, FIVE, TIMES	FOUR, SIN, EXP, EULER, SUBTRACT	6.203e-11	0	0.0	10.2	True	
380	c_1, a constant associated with the computation of the maximal modulus of an algebraic integer	none	64	not found	9	PI, INV, x, POWER	GOLDENRATIO, SEVEN, PLUS, SINH, TAN	1.343e-09	0	0.0	8.9	True	
381	Reuleaux tetrahedron volume	elementary	64	not found	9	x, ARCTAN, LOG, SQR	SIX, SIN, ARCCOS, ARCCOSH, TANH	1.257e-09	0	0.0	8.9	True	(8*Pi)/3 - (27*ArcCos[1/3])/4 + Sqrt[2]/4
382	1 - gamma, where gamma is Euler's constant (or the Euler-Mascheroni constant)	special	64	not found	9	x, NINE, TANH, SUBTRACT	SIX, TAN, TAN, COS, COS	9.481e-10	0	0.0	9.0	True	1 - EulerGamma
383	pi^(-3/4)	elementary	64	exact	6	x	PI, PI, SQRT, SQRT, DIVIDE	1.310e-16	3	0.0	64.0	True	Pi^(-3/4)
384	Dawson's integral at the inflection point	none	64	not found	9	GOLDENRATIO, x, POWER, GAMMA	EIGHT, ARCTAN, TANH, FOUR, TIMES	2.427e-09	0	0.0	8.6	True	
385	(2/3)*x where x is the real solution of the equation x^2 + 2*sqrt(1 - x^2) = 2*x*(x + arccos(x))	none	64	not found	9	x, INV, SQR, COS	FOUR, SQR, SIN, EXP, SIN	2.611e-09	0	0.0	8.6	True	
386	gamma', the analog of Euler's constant when 1/x is replaced by 1/(x*log(x))	none	64	not found	9	x, ARCTANH, ARCTANH, GAMMA	FOUR, TANH, SIX, DIVIDE, LOG	1.189e-10	0	0.0	9.9	True	
387	carefree constant	special	64	not found	9	x, FOUR, TIMES, COSH	FOUR, ARCCOSH, TAN, ONE, SUBTRACT	2.829e-11	0	0.0	10.5	True	Product[1 - (-1 + 2*Prime[\[FormalK]])/Prime[\[FormalK]]^3, {\[FormalK], 1, Infinity}]
388	'lambda', a Young-Fejér-Jackson constant linked to the positivity of certain sine sums	none	64	not found	9	x, ARCSINH, ARCSIN, INV	NINE, COS, COSH, ARCSINH, TAN	1.475e-10	0	0.0	9.8	True	
389	2*arccsch(2)/sqrt(5)	none	64	exact	7	x, EXP	TWO, ARCTAN, SIN, GOLDENRATIO, POWER	0.000e+00	4	0.0	64.0	True	
390	m = (1-1/e^2)/2, one of Renyi's parking constants	elementary	64	exact	5	x	EULER, ONE, SINH, DIVIDE	0.000e+00	2	0.0	64.0	True	(1 - 1/E^2)/2
391	Bloch constant lower limit	algebraic	64	not found	9	x, PI, SUBTRACT, LOG	GOLDENRATIO, SIN, EXP, ARCCOSH, SIN	1.202e-09	0	0.0	8.9	True	1/5000 + Sqrt[3]/4
392	common logarithm of e	elementary	64	exact	6	x, INV	NEG, NINE, SUBTRACT, LOG	0.000e+00	3	0.0	64.0	True	Log10[E]
393	asymptotic probability of success in the full-information secretary problem with uniform distribution when the number of	none	64	not found	8	x, SINH, ARCCOS	SEVEN, LOG, ARCCOSH, TANH, GAMMA	1.735e-09	0	0.0	8.8	True	
394	a constant related to the [dimensionless] electrical capacitance of the ring torus without hole (with unit circle radius	none	64	not found	9	x, SQRT, ARCTANH, COS	GOLDENRATIO, INV, SIN, SQRT, ARCSINH	3.794e-11	0	0.0	10.4	True	
395	1/(2*(Pi-2)), the upper bound of the 3-dimensional simultaneous Diophantine approximation constant	elementary	64	exact	5	x, INV	FOUR, COS, ARCCOS	0.000e+00	3	0.0	64.0	True	1/(2*(Pi - 2))
397	real part of the infinite power tower of i	special	64	not found	9	x, LOG, INV, GAMMA	PI, LOG, SQR, SIX, DIVIDE	6.853e-10	0	0.0	9.2	True	Re[-ProductLog[-Log[I]]/Log[I]]
398	breadth of the "caliper", the broadest worm of unit length	none	64	not found	9	x, SQR, SIN, ARCSINH	SEVEN, THREE, ARCCOSH, ARCSINH, DIVIDE	1.096e-09	0	0.0	9.0	True	
399	Otter's asymptotic constant beta for the number of rooted trees	none	64	not found	9	x, PI, INV, SUBTRACT	SEVEN, SQR, SIN, GAMMA, TAN	5.433e-10	0	0.0	9.3	True	
400	Ising constant	elementary	64	exact	5	x	FOUR, THREE, ARCCOSH, DIVIDE	0.000e+00	6	0.0	64.0	True	Log[1 + Sqrt[2]]/2
401	1/log(2)-1, the mean value of a random variable following the Gauss-Kuzmin distribution	elementary	64	exact	6	x	TWO, LOG, INV, NEG, PLUS	0.000e+00	4	0.0	64.0	True	1/Log[2] - 1
403	1D Diophantine approximation constant	algebraic	64	exact	4	x	FIVE, INV, SQRT	0.000e+00	5	0.0	64.0	True	Sqrt[5]^(-1)
404	variance of the maximum of a size 5 sample from a normal (0,1) distribution	special	64	not found	9	x, SINH, EIGHT, POWER	GOLDENRATIO, SQR, ARCCOSH, ONE, PLUS	9.147e-10	0	0.0	9.0	True	1 - 25/Pi + 150*ArcCsc[Sqrt[3]]/Pi^2 + 5*Sqrt[3]*ArcSec[2*Sqrt[2/3]]/Pi^2 - 225*ArcCsc[Sqrt[3]]^2/Pi^3
405	7*sqrt(3)/27	algebraic	64	exact	7	x, NINE, TIMES	THREE, SQRT, SEVEN, DIVIDE	0.000e+00	5	0.0	64.0	True	7Sqrt[3]/27
406	asymptotic probability of success in the full information version of the secretary problem	none	64	not found	9	x, NINE, POWER, COSH	EIGHT, ARCCOSH, ARCTAN, NINE, DIVIDE	3.765e-10	0	0.0	9.4	True	
407	2^(1/2)/pi	elementary	64	exact	5	x	PI, TWO, SQRT, DIVIDE	1.233e-16	2	0.0	64.0	True	2^(1/2)/Pi
408	log(Pi/2)	elementary	64	exact	4	x, EXP	ONE, ARCSIN	0.000e+00	2	0.0	64.0	True	Log[Pi/2]
409	prime zeta function at 2: Sum_{p prime} 1/p^2	special	64	not found	9	x, SQR, GAMMA, LOG	EIGHT, ARCSINH, ARCCOSH, INV, GAMMA	9.651e-10	0	0.0	9.0	True	PrimeZetaP[2]
410	Product_{n>1} (1-1/n)^(1/n)	none	64	not found	9	x, GAMMA, SQR, TAN	SIX, ARCTAN, ARCSINH, INV, SIN	4.762e-10	0	0.0	9.3	True	
411	e^(-pi/4)	elementary	64	exact	4	x	NEG, ARCTAN, EXP	0.000e+00	2	0.0	64.0	True	E^(-Pi/4)
412	c^c^c^...  where c is the constant defined in A037077	none	64	not found	9	x, ARCCOS, ARCSINH, ARCTANH	PI, SINH, SIN, INV, COSH	1.137e-10	0	0.0	9.9	True	
413	Machin Gregory series constant	elementary	64	exact	4	x	TWO, INV, ARCTAN	0.000e+00	2	0.0	64.0	True	ArcTan[1/2]
414	6*K/Pi^2, a constant related to the asymptotic evaluation of the number of positive squarefree integers of the form a^2 	none	64	not found	9	x, TWO, SUBTRACT, ARCCOSH	GOLDENRATIO, SQRT, EXP, ARCSINH, GAMMA	7.443e-10	0	0.0	9.1	True	
415	(1/30)*2^(1/2)*Pi^2	elementary	64	exact	9	x, PI, SQR, DIVIDE	SEVEN, ARCSINH, COSH, THREE, TIMES	0.000e+00	2	0.0	64.0	True	(Sqrt[2] Pi^2)/30
416	'etaHat', a constant used in the asymptotic evaluation of e.g.f. coefficients for the number of labeled mobiles	none	64	not found	9	x, TANH, COS, ARCTANH	TWO, SIN, FIVE, ARCTAN, DIVIDE	1.438e-10	0	0.0	9.8	True	
417	pi^(-2/3)	elementary	64	exact	6	THREE, x, POWER	PI, SQR, INV	0.000e+00	9	0.0	64.0	True	Pi^(-2/3)
418	Bloch constant upper limit	special	64	not found	9	x, TWO, POWER, COS	FIVE, TWO, SIN, DIVIDE, SINH	1.746e-10	0	0.0	9.8	True	(Sqrt[(-1 + Sqrt[3])/2]*Gamma[1/3]*Gamma[11/12])/Gamma[1/4]
419	Weierstrass constant	special	64	not found	9	x, INV, TAN, GAMMA	EULER, SINH, THREE, SINH, SUBTRACT	8.444e-10	0	0.0	9.1	True	(2*2^(1/4)*E^(Pi/8)*Sqrt[Pi])/Gamma[1/4]^2
420	Plouffe's b-constant	none	64	not found	9	x, SEVEN, TIMES, INV	SEVEN, GAMMA, SIN, SQR, SINH	3.623e-11	0	0.0	10.4	True	
421	common logarithm of 3	elementary	64	exact	7	x, INV, THREE, POWER	NEG, NINE, SUBTRACT	0.000e+00	3	0.0	64.0	True	Log10[3]
422	quadtree leaf proportion constant	elementary	64	not found	9	x, SINH, SQR, COS	NINE, COS, COSH, SQR, TANH	7.117e-10	0	0.0	9.1	True	-39 + 4*Pi^2
423	(6*sqrt(3) + 12*log(2+sqrt(3)) - Pi)/48	elementary	64	not found	9	x, ARCTAN, INV, LOG	EIGHT, ARCTAN, SINH, ARCTAN, TANH	1.235e-09	0	0.0	8.9	True	(6Sqrt[3]+12Log[2+Sqrt[3]]-Pi)/48
424	(ln 2)^2	elementary	64	exact	4	x, SQRT	TWO, LOG	0.000e+00	2	0.0	64.0	True	Log[2]^2
425	2*zeta(3)/5	special	64	not found	9	x, COSH, SQR, ARCSINH	TWO, ARCTAN, ARCTAN, SQRT, SINH	1.557e-09	0	0.0	8.8	True	2*Zeta[3]/5
426	logarithm of golden ratio	elementary	64	exact	3	x	GOLDENRATIO, LOG	0.000e+00	1	0.0	64.0	True	Log[GoldenRatio]
427	Trott's third constant	none	64	not found	9	x, TANH, EULER, TIMES	GOLDENRATIO, SIN, GAMMA, COSH, ARCSINH	4.804e-10	0	0.0	9.3	True	
428	a constant related to the expected number of vertices of the largest tree associated with a random mapping on n symbols	none	64	not found	9	x, SINH, TAN, LOG	NEG, SIN, TANH, ARCSINH, SIN	7.405e-11	0	0.0	10.1	True	
429	2*K/Pi, a constant related to the asymptotic evaluation of the number of positive integers all of whose prime factors ar	none	64	not found	9	x, INV, COS, SINH	PI, NEG, SUBTRACT, TWO, DIVIDE	6.846e-11	0	0.0	10.2	True	
430	Gaussian twin prime constant	special	64	not found	9	x, GOLDENRATIO, TIMES, COS	EULER, INV, ARCSIN, SQRT, TAN	6.722e-10	0	0.0	9.2	True	(Pi^2*Product[Piecewise[{{((1 - 4/Prime[\[FormalK]])*(1 + Prime[\[FormalK]])^2)/(-1 + Prime[\[FormalK]])^2, Mod[Prime[\[FormalK]], 4] == 1}}, 1], {\[FormalK], 1, Infinity}])/8
431	3/(8*K), a constant related to the asymptotic evaluation of the number of positive integers that can be expressed as the	none	64	not found	9	x, TANH, GAMMA, LOG	TWO, EULER, EXP, SUBTRACT, TAN	1.053e-10	0	0.0	10.0	True	
432	variance of the maximum of a size 4 sample from a normal (0,1) distribution	special	64	not found	9	x, ARCSIN, ARCTANH, ARCSINH	TWO, COS, GAMMA, TANH, COS	1.429e-09	0	0.0	8.8	True	1 + Sqrt[3]/Pi - 36*ArcSec[Sqrt[3]]^2/Pi^3
433	Shapiro-Drinfeld cyclic sum constant	special	64	not found	9	x, ARCTANH, INV, SINH	ONE, ARCSINH, GAMMA, TWO, PLUS	1.737e-09	0	0.0	8.8	True	ConditionalExpression[Extension`ShapiroDrinfeldCyclicSumConstant == \[FormalY]/2, \[FormalY] + \[FormalY]*E^(\[FormalX]/2) == (2 + \[FormalX])/E^(\[FormalX]/2) + \[FormalX]/(1 + E^(\[FormalX]/2)) && \[FormalX] + (1 + 2*E^(\[FormalX]/2))^(-1) == Log[(4*E^\[FormalX]*Cosh[\[FormalX]/4]^2)/(1 + 2*E^(\[FormalX]/2))] && -3/2 < \[FormalX] < -1/2 && 1/2 < \[FormalY] < 1]
434	fifth (of 10) decimal selvage number	none	64	false positive	7	x, SQRT	SEVEN, ARCTAN, SIN, ARCTAN, SIN	0.000e+00	6	0.0	19.6	True	
435	1-gamma-gamma(1), a constant related to the asymptotic expansion of j(n), the counting function of "jagged" numbers, whe	special	64	not found	9	x, LOG, SQR, SQR	EIGHT, GOLDENRATIO, SUBTRACT, ARCTAN, EXP	5.533e-10	0	0.0	9.3	True	1 - EulerGamma - StieltjesGamma[1]
436	common logarithm of π	elementary	64	exact	7	x, INV, PI, POWER	NEG, NINE, SUBTRACT	0.000e+00	3	0.0	64.0	True	Log10[Pi]
437	Half	rational	64	exact	3	x	TWO, INV	0.000e+00	1	0.0	64.0	True	1/2
438	birthday problem constant	rational	64	not found	9	x, ARCSIN, ARCTAN, ARCSIN	NINE, SINH, SIN, TANH, SQR	1.558e-09	0	0.0	8.8	True	38093904702297390785243708291056390518886454060947061/75091883268515350125426207425223147563269805908203125
439	A245781*Pi/2	none	64	not found	9	SIX, x, SUBTRACT, SIN	EULER, ARCSINH, ARCTAN, TANH, ARCSINH	5.154e-10	0	0.0	9.3	True	
440	sqrt(2 - sqrt(3)), edge length of a regular dodecagon with circumradius 1	none	64	exact	5	x, SQR, LOG, COSH	TWO	2.145e-16	15	0.0	64.0	True	
441	a constant related to the asymptotic expansion of the smallest Lebesgue constant corresponding to an optimal interpolati	special	64	not found	9	x, GAMMA, COSH, ARCTAN	GOLDENRATIO, LOG, LOG, SIN, COSH	5.864e-10	0	0.0	9.2	True	2/Pi*(2*Log[2] - Log[Pi] + EulerGamma)
442	square line-picking constant	elementary	64	not found	9	x, ARCSIN, ARCCOS, SQRT	THREE, COSH, INV, TANH, COS	7.059e-11	0	0.0	10.2	True	(2 + 5*Log[1 + Sqrt[2]] + Sqrt[2])/15
443	sixth pi	elementary	64	exact	4	x	TWO, INV, ARCSIN	0.000e+00	2	0.0	64.0	True	Pi/6
444	Upper limit of backward value of 5^n	none	64	not found	9	FIVE, x, GAMMA, SUBTRACT	TWO, ARCSINH, NINE, POWER, TAN	1.266e-09	0	0.0	8.9	True	
445	Mrs. Miniver's constant	none	64	not found	9	x, TAN, ARCCOS, TAN	GOLDENRATIO, SQRT, PI, SUBTRACT, ARCSINH	2.166e-10	0	0.0	9.7	True	
446	Pythagorean triple constant for areas	special	64	not found	9	x, EIGHT, DIVIDE, SIN	EULER, SEVEN, TANH, DIVIDE, SQRT	3.230e-10	0	0.0	9.5	True	Gamma[1/4]^2/Sqrt[2*Pi^5]
447	Otter's asymptotic constant beta for the number of unrooted trees	none	64	not found	9	x, TAN, ARCCOS, ARCCOS	PI, ONE, ARCTAN, ARCSINH, POWER	1.655e-09	0	0.0	8.8	True	
448	Product_{p odd prime} 1-2/(p*(p-1)), a constant related to Artin's conjecture in the context of quadratic fields	none	64	not found	9	x, INV, TAN, SINH	FIVE, SQR, LOG, SIN, INV	1.306e-10	0	0.0	9.9	True	
449	2*(2 - sqrt(3))	algebraic	64	exact	6	x, SQRT, ONE, PLUS	THREE, SQRT	0.000e+00	5	0.0	64.0	True	2(2-Sqrt[3])
450	Li_3(1/2)	special	64	not found	9	x, SINH, ARCSIN, TAN	EULER, GAMMA, ARCSINH, INV, ARCTAN	6.139e-10	0	0.0	9.2	True	PolyLog[3, 1/2]
451	'c', one of Polya's Random Walk constants, related to the asymptotics of the number of 3-D random walks starting from an	none	64	not found	9	x, LOG, TAN, SQR	PI, GOLDENRATIO, POWER, SINH, SIN	1.341e-10	0	0.0	9.9	True	
452	Ioachimescu constant	special	64	not found	9	x, SQRT, ARCSIN, SQR	SIX, ARCCOSH, SINH, TAN, EXP	1.744e-10	0	0.0	9.8	True	2 + Zeta[1/2]
453	cos one	elementary	64	exact	3	x	NEG, COS	0.000e+00	1	0.0	64.0	True	Cos[1]
454	value of the maximum of Dawson's integral D_+(x)	none	64	not found	8	x, EXP, ARCTAN	FIVE, COS, ARCCOS, INV, ARCTANH	2.653e-13	0	0.0	12.6	True	
455	Landau constant upper limit	special	64	not found	9	x, ARCCOS, ARCTANH, COS	FIVE, GOLDENRATIO, TAN, DIVIDE, TANH	1.694e-09	0	0.0	8.8	True	(Gamma[1/3]*Gamma[5/6])/Gamma[1/6]
456	Pi^2/18	elementary	64	exact	7	PI, x, DIVIDE	NINE, ONE, ARCSIN, DIVIDE	0.000e+00	15	0.0	64.0	True	Pi^2/18
457	-ln gamma	special	64	not found	9	x, ARCSIN, ARCTANH, GAMMA	FIVE, SINH, TAN, COS, COSH	2.645e-10	0	0.0	9.6	True	-Log[EulerGamma]
458	coefficient c_m in c_m*log(N), the asymptotic mean number of factors in a random factorization of n <= N	none	64	not found	9	x, COSH, LOG, ARCCOS	SEVEN, COS, COS, TAN, COSH	4.244e-10	0	0.0	9.4	True	
459	probability that an integer triple is pairwise unitary coprime	none	64	not found	9	x, ARCSIN, COS, ARCSINH	EULER, ARCTAN, GOLDENRATIO, TANH, DIVIDE	2.500e-10	0	0.0	9.6	True	
460	Kuijlaars-Saff constant	special	64	not found	9	x, INV, COS, COS	EIGHT, ARCCOSH, FIVE, DIVIDE, SIN	4.122e-10	0	0.0	9.4	True	-1/2*(3^(3/4)*Zeta[1/2]*(Zeta[1/2, 1/3] - Zeta[1/2, 2/3]))/Sqrt[2*Pi]
461	smallest disk radius for which six equal disks can cover the unit disk	none	64	not found	9	x, SQR, ARCCOS, ARCTAN	FOUR, TAN, GAMMA, COSH, TANH	4.751e-10	0	0.0	9.3	True	
462	1-9/(4*Pi)+sqrt(3)/(2*Pi), an extreme value constant	elementary	64	not found	9	x, SQR, TANH, TANH	GOLDENRATIO, SQRT, COS, TANH, TAN	1.044e-11	0	0.0	11.0	True	1 - 9/(4*Pi) + Sqrt[3]/(2*Pi)
463	value of the Buchstab function at phi + 2 = (5 + sqrt(5))/2 (A296184)	elementary	64	not found	9	x, GAMMA, LOG, COS	THREE, TWO, DIVIDE, ARCSINH, ARCCOS	2.579e-09	0	0.0	8.6	True	(1 + 2*Log[GoldenRatio] + Log[GoldenRatio]^2 - Pi^2/60)/(GoldenRatio + 2)
464	reciprocal exponential of Euler γ	special	64	not found	9	TWO, SIN, x, TIMES	SIX, SINH, LOG, COS, ARCTAN	6.517e-10	0	0.0	9.2	True	E^(-EulerGamma)
465	one div root pi	elementary	64	exact	4	x	PI, INV, SQRT	0.000e+00	3	0.0	64.0	True	1/Sqrt[Pi]
466	Omega constant	special	64	not found	9	THREE, ARCCOSH, x, TIMES	TWO, COSH, EXP, ARCTAN, SIN	1.780e-09	0	0.0	8.7	True	ProductLog[1]
467	infinite tetration of i absolute value	special	64	not found	9	x, ARCTAN, EXP, SINH	GOLDENRATIO, GAMMA, TAN, SINH, COSH	2.114e-09	0	0.0	8.7	True	Limit[Abs[Nest[I^#1 & , I, \[FormalN]]], \[FormalN] -> Infinity]
468	B, a constant appearing in an asymptotic formula related to the exponential divisor function sigma^(e)	none	64	not found	9	x, COSH, THREE, POWER	SIX, TANH, ARCSINH, EULER, PLUS	1.086e-09	0	0.0	9.0	True	
469	(PolyGamma(1,(1+sqrt(5))/4)-PolyGamma(1,(3+sqrt(5))/4))/2	special	64	not found	9	x, ARCSIN, TANH, ARCCOS	SIX, COSH, PI, DIVIDE, COSH	2.050e-10	0	0.0	9.7	True	(PolyGamma[1,(1+Sqrt[5])/4]-PolyGamma[1,(3+Sqrt[5])/4])/2
470	weakly carefree constant	special	64	not found	9	x, ARCSIN, SQR, LOG	TWO, TWO, COSH, TANH, SUBTRACT	4.512e-10	0	0.0	9.3	True	2*Product[1 - (-1 + 2*Prime[\[FormalK]])/Prime[\[FormalK]]^3, {\[FormalK], 1, Infinity}] - Product[1 - (-2 + 3*Prime[\[FormalK]])/Prime[\[FormalK]]^3, {\[FormalK], 1, Infinity}]
471	Product_{p prime > 2} 1-1/(p^2-3p+3), a constant related to I. M. Vinogradov's proof of the "ternary" Goldbach conjectur	none	64	not found	9	x, EXP, COSH, SIN	FOUR, ARCTAN, THREE, SIN, DIVIDE	1.973e-09	0	0.0	8.7	True	
472	eta_A, a constant associated with the asymptotics of the enumeration of labeled acyclic digraphs	none	64	not found	9	x, INV, COSH, ARCSINH	THREE, ARCSINH, EIGHT, SIN, TIMES	1.574e-09	0	0.0	8.8	True	
473	Stephens' constant	special	64	not found	9	x, SEVEN, PLUS, TAN	GOLDENRATIO, GAMMA, COSH, SINH, SINH	1.169e-09	0	0.0	8.9	True	Product[1 - Prime[n]/(-1 + Prime[n]^3), {n, 1, Infinity}]
474	a constant related to the asymptotics of A005169	none	64	not found	9	x, TANH, ARCCOS, SQR	THREE, ARCCOSH, TANH, SIN, TAN	5.434e-10	0	0.0	9.3	True	
475	Euler gamma	special	64	not found	9	x, ARCSIN, ARCCOS, ARCSIN	EIGHT, ARCSINH, INV, SQR, EXP	7.036e-10	0	0.0	9.2	True	EulerGamma
476	3^(-1/2)	algebraic	64	exact	4	x	THREE, INV, SQRT	0.000e+00	3	0.0	64.0	True	3^(-1/2)
477	Pi/(2e)	none	64	exact	5	x	EULER, ONE, ARCSIN, DIVIDE	0.000e+00	2	0.0	64.0	True	
478	k3, a Diophantine approximation constant such that the conjectured volume of the "critical parallelepiped" is 2^3*k3 (th	algebraic	64	not found	9	x, INV, NEG, SUBTRACT	SIX, ARCSINH, EIGHT, TAN, DIVIDE	3.079e-10	0	0.0	9.5	True	8/7*Cos[2*Pi/7]*Cos[Pi/7]^2
479	asymptotic probability of success in one of the Secretary problems	none	64	not found	9	x, SINH, ARCSIN, SQR	ONE, ARCSIN, LOG, SINH, TANH	6.745e-10	0	0.0	9.2	True	
480	Pell constant	special	64	not found	9	NINE, x, COS, POWER	NEG, TANH, GAMMA, NEG, DIVIDE	4.244e-11	0	0.0	10.4	True	1 - QPochhammer[1/2, 1/4]
481	gamma_3, a lattice sum constant, analog of Euler's constant for 3-dimensional lattices	none	64	not found	9	x, PI, POWER, EXP	EULER, GAMMA, ARCTAN, SIX, PLUS	1.633e-09	0	0.0	8.8	True	
482	-zeta(1/2)/sqrt(2*Pi)	special	64	not found	9	x, ARCCOS, TAN, ARCCOSH	SEVEN, INV, COSH, COS, COS	2.553e-10	0	0.0	9.6	True	-Zeta[1/2]/Sqrt[2*Pi]
483	first Kneser-Mahler polynomial constant	special	64	not found	9	FIVE, x, POWER, LOG	GOLDENRATIO, NEG, ARCSINH, ARCSIN, SUBTRACT	2.748e-10	0	0.0	9.6	True	(2*Catalan)/Pi
484	Logarithmic capacity of the unit disk	special	64	not found	9	x, INV, COSH, SIN	GOLDENRATIO, GAMMA, FOUR, SUBTRACT, INV	1.180e-09	0	0.0	8.9	True	Gamma[1/4]^2/(4*Pi^(3/2))
485	Lehmer constant	special	64	not found	9	x, ONE, PLUS, LOG	NEG, TANH, EXP, SINH, SIN	1.146e-09	0	0.0	8.9	True	ConditionalExpression[Extension`LehmerConstant == Cot[Sum[(-1)^\[FormalK]*ArcCot[Subscript[\[FormalC], \[FormalK]]], {\[FormalK], 0, Infinity}]], Subscript[\[FormalC], 0] == 0 && Subscript[\[FormalC], \[FormalK]] == 1 + Subscript[\[FormalC], -1 + \[FormalK]] + Subscript[\[FormalC], -1 + \[FormalK]]^2]
487	Gompertz constant	special	64	not found	9	x, SINH, INV, SINH	NEG, SIN, INV, SINH, COSH	3.187e-10	0	0.0	9.5	True	-(E*ExpIntegralEi[-1])
489	Champernowne base-3 constant	special	64	not found	9	x, ARCTANH, SINH, TAN	EULER, SIN, GAMMA, GAMMA, INV	3.711e-10	0	0.0	9.4	True	ChampernowneNumber[3]
490	second lemniscate constant	special	64	not found	9	x, ARCTANH, INV, COSH	PI, TANH, FIVE, DIVIDE, SQRT	1.192e-09	0	0.0	8.9	True	Gamma[3/4]^2/Sqrt[2*Pi]
491	sqrt(13)/6	algebraic	64	exact	6	x, ARCTAN	SEVEN, SIX, DIVIDE, ARCCOS	0.000e+00	5	0.0	64.0	True	Sqrt[13] / 6
492	log10(4)	elementary	64	exact	7	x, INV, TWO, POWER	THREE, ARCSINH, COSH	0.000e+00	6	0.0	64.0	True	Log[10, 4]
493	G(1/2) where G is the Barnes G-function	special	64	not found	9	GOLDENRATIO, x, POWER, ARCTAN	GOLDENRATIO, SEVEN, SIN, ARCTAN, POWER	1.111e-10	0	0.0	10.0	True	BarnesG[1/2]
494	sum_{n>=1} 1/(n binomial(2n, n))	elementary	64	exact	7	PI, x, DIVIDE	NINE, THREE, SQRT, DIVIDE	0.000e+00	8	0.0	64.0	True	Pi/(3*Sqrt[3])
495	QRS constant	special	64	not found	9	x, ARCTANH, TWO, POWER	EIGHT, LOG, SQR, TAN, ARCSINH	1.039e-10	0	0.0	10.0	True	Root[{Zeta[1/2, #1/2] & , 0.605443657196732749478922842447`29.782073733759695}]
496	exp minus half	elementary	64	exact	4	x	EULER, INV, SQRT	0.000e+00	3	0.0	64.0	True	Exp[-1/2]
497	6/Pi^2	elementary	64	exact	5	x	PI, SQR, SIX, DIVIDE	0.000e+00	2	0.0	64.0	True	6/Pi^2
498	Sum{p prime>=2} log(p)/(p^2-p+1)	none	64	not found	9	x, GOLDENRATIO, TIMES, ARCTANH	TWO, SIN, GAMMA, COSH, SINH	1.224e-09	0	0.0	8.9	True	
499	Neville five disk constant	algebraic	64	not found	9	x, SINH, TWO, TIMES	PI, INV, SQRT, SQRT, COSH	3.440e-11	0	0.0	10.5	True	Root[625 - 800*\[FormalX] + 22*\[FormalX]^2 - 1776*\[FormalX]^3 + 1665*\[FormalX]^4 + 1360*\[FormalX]^5 - 3480*\[FormalX]^6 + 2112*\[FormalX]^7 + 1296*\[FormalX]^8, \[FormalX], 3]
500	strongly triple-free set constant	none	28	not found	9	x, ARCSIN, COSH, SINH	FIVE, TANH, ARCCOS, ARCSIN, ARCCOS	2.139e-10	0	0.0	9.7	True	
501	best lower bound for the Steiner ratio rho_3, the least upper bound on the ratio of the length of the Steiner minimal tr	none	64	not found	9	GOLDENRATIO, SQRT, x, SUBTRACT	FOUR, COS, ARCSINH, ARCTANH, SIN	3.370e-10	0	0.0	9.5	True	
502	(1/16)*Pi^2	special	64	exact	4	x	NEG, ARCTAN, SQR	0.000e+00	2	0.0	64.0	True	Gamma[3/2]^4
503	-1/(e^2 Ei(-1)), an increasing rooted tree enumeration constant associated with the Euler-Gompertz constant, where Ei is	special	64	not found	9	x, TAN, ARCSIN, GAMMA	NEG, ARCTAN, ARCTAN, ARCTAN, COSH	6.872e-11	0	0.0	10.2	True	-1/(E^2*ExpIntegralEi[-1])
504	Lenz-Ising constant	elementary	64	not found	9	GOLDENRATIO, SIN, x, TIMES	FOUR, TAN, LOG, SQRT, SQRT	2.470e-10	0	0.0	9.6	True	1 + Pi/4 + Log[(Log[1 + Sqrt[2]]*Sqrt[2])/4]
505	Cbrt[3/4π]	elementary	64	exact	8	THREE, x, POWER	PI, FOUR, TIMES, THREE, DIVIDE	0.000e+00	1	0.0	64.0	True	CubeRoot[3/(4*Pi)]
506	1/(theta*P'(theta)), a constant appearing in the asymptotic evaluation of the coefficients q_n in 1/(1+P(x)), where P(x)	none	64	not found	9	x, SQR, SIN, COS	GOLDENRATIO, EXP, ARCCOSH, ARCTAN, GAMMA	4.050e-10	0	0.0	9.4	True	
507	'kappa', an asymptotic enumeration constant related to unit interval graphs	none	64	not found	9	x, COSH, SQR, COSH	PI, ARCCOSH, ONE, TAN, POWER	9.986e-10	0	0.0	9.0	True	
508	Golomb–Dickman constant	special	64	not found	9	x, SQR, COS, ARCTANH	SEVEN, SIN, ARCTANH, ARCTANH, COSH	1.625e-09	0	0.0	8.8	True	Integrate[E^LogIntegral[\[FormalX]], {\[FormalX], 0, 1}]
509	constant in Kac's formula	none	64	not found	9	x, SQRT, SIN, SINH	GOLDENRATIO, TANH, INV, SIN, SIN	4.516e-10	0	0.0	9.3	True	
510	'lambda', a constant such that exp(lambda*Pi) is the best-known upper bound (as given by Julian Gevirtz) of the John con	none	64	not found	9	TWO, x, SUBTRACT, GAMMA	THREE, ARCSINH, GAMMA, THREE, POWER	3.050e-11	0	0.0	10.5	True	
511	Davison-Shallit constant	special	64	not found	9	x, GOLDENRATIO, ARCCOSH, SUBTRACT	EULER, ARCSINH, GAMMA, ARCCOS, ARCSIN	4.395e-10	0	0.0	9.4	True	ConditionalExpression[Extension`DavisonShallitConstant == Sum[(-1)^\[FormalK]/(Subscript[\[FormalQ], \[FormalK]]*Subscript[\[FormalQ], 1 + \[FormalK]]), {\[FormalK], 0, Infinity}], Subscript[\[FormalQ], 0] == 1 && Subscript[\[FormalQ], 1] == 1 && Subscript[\[FormalQ], \[FormalK]] == Subscript[\[FormalQ], -2 + \[FormalK]]*(1 + Subscript[\[FormalQ], -1 + \[FormalK]])]
512	rayleigh skewness	elementary	64	not found	9	NEG, TANH, x, PLUS	EIGHT, COS, TANH, GAMMA, INV	5.415e-10	0	0.0	9.3	True	2*Sqrt[Pi]*(Pi - 3)/(4 - Pi)^(3/2)
513	1 - 1/e	elementary	64	exact	5	x	EULER, INV, ONE, SUBTRACT	0.000e+00	2	0.0	64.0	True	1 - 1/E
514	Hardy-Littlewood constant Product_{p prime >= 5} (1-(3*p-1)/(p-1)^3)	none	64	not found	9	x, GAMMA, EXP, GAMMA	TWO, COS, COSH, EIGHT, SUBTRACT	8.111e-10	0	0.0	9.1	True	
515	Buffon constant	elementary	64	exact	4	x	ONE, ARCSIN, INV	0.000e+00	2	0.0	64.0	True	2/Pi
516	(2^(1/3)-1)^(1/3)	algebraic	64	not found	8	x, TANH, SQR	PI, PI, TANH, SQRT, DIVIDE	7.954e-10	0	0.0	9.1	True	Power[Power[2, (3)^-1] - 1, (3)^-1]
517	an analog of the Landau-Ramanujan constant for Loeschian numbers	none	64	not found	9	x, ARCTANH, SQR, GAMMA	PI, GAMMA, COSH, COSH, ARCTAN	5.675e-10	0	0.0	9.2	True	
518	first non-alternating series of reciprocal primes constant	special	64	not found	9	x, ARCCOS, TANH, ARCSINH	NINE, INV, GAMMA, SIN, TANH	1.208e-09	0	0.0	8.9	True	Sum[Piecewise[{{-1, Mod[Prime[\[FormalK]], 3] == 1}, {1, Mod[Prime[\[FormalK]], 3] == 2}}, 0]/Prime[\[FormalK]], {\[FormalK], 1, Infinity}]
519	Cahen's constant	special	64	not found	9	x, TAN, TAN, ARCTANH	NINE, LOG, TAN, GAMMA, ARCCOSH	1.831e-12	0	0.0	11.7	True	ConditionalExpression[Extension`CahenConstant == Sum[(-1)^\[FormalK]/(-1 + \[FormalS][\[FormalK]]), {\[FormalK], 0, Infinity}], \[FormalS][0] == 2 && \[FormalS][\[FormalN]] == 1 - \[FormalS][-1 + \[FormalN]] + \[FormalS][-1 + \[FormalN]]^2 && \[FormalS][\[FormalN]] == 1 + Product[\[FormalS][\[FormalK]], {\[FormalK], 0, -1 + \[FormalN]}]]
520	a constant related to a conjectured value of the Masser-Gramain constant	special	64	not found	8	x, SIN, TAN	TWO, LOG, ARCSIN, SINH, TANH	1.253e-09	0	0.0	8.9	True	Pi/4*(2*EulerGamma + 2*Log[2] + 3*Log[Pi] - 4*Log[Gamma[1/4]])
521	Integral_{x=0..Infinity} sin(x)/(x^2+1) dx	none	64	not found	9	x, INV, SINH, GAMMA	PI, THREE, DIVIDE, ARCSIN, SQRT	3.595e-10	0	0.0	9.4	True	
522	unit-diameter hexagon area	algebraic	64	exact	6	x	THREE, TWO, ARCCOSH, TANH, POWER	1.709e-16	1	0.0	64.0	True	(3*Sqrt[3])/8
523	Maximal unitary square-free divisor sum constant	none	64	not found	9	x, SINH, ARCCOS, INV	SEVEN, TANH, FOUR, SUBTRACT, ARCTAN	1.741e-10	0	0.0	9.8	True	
524	delta = (1+alpha)/4, a constant appearing in Koecher's formula for Euler's gamma constant, where alpha is A065442, the E	none	64	not found	9	x, GAMMA, SEVEN, POWER	FIVE, TANH, ARCTANH, TAN, COSH	1.033e-09	0	0.0	9.0	True	
525	negative of Granville-Soundararajan constant	special	64	not found	9	x, ARCSIN, TAN, SINH	EIGHT, COS, EULER, DIVIDE, COS	2.057e-11	0	0.0	10.7	True	-(4*PolyLog[2, -Sqrt[E]] + Pi^2/3 + 1)
526	harmonic power tower even term limit	special	64	not found	9	x, EXP, EXP, SIN	EIGHT, COS, EXP, TAN, ARCCOSH	5.631e-10	0	0.0	9.2	True	Limit[Fold[(1/#2)^#1 & , 1, Table[\[FormalI], {\[FormalI], 2*\[FormalN], 2, -1}]], \[FormalN] -> Infinity]
527	escape probability for a random walk on the 3-D cubic lattice (a Polya random walk constant)	none	64	not found	9	x, ARCSIN, SINH, ARCCOS	SIX, INV, SINH, FOUR, TIMES	2.703e-10	0	0.0	9.6	True	
528	Twin primes constant	special	64	not found	9	PI, ARCSINH, x, DIVIDE	SIX, EIGHT, SIN, POWER, ARCCOS	1.279e-10	0	0.0	9.9	True	Product[1 - (-1 + Prime[\[FormalK]])^(-2), {\[FormalK], 2, Infinity}]
529	Feller–Tornier constant	special	64	not found	9	x, ARCTAN, ARCCOS, ARCCOS	FIVE, THREE, LOG, TANH, POWER	3.432e-10	0	0.0	9.5	True	1/2 + Product[1 - 2/Prime[n]^2, {n, 1, Infinity}]/2
530	Robbins constant	elementary	64	not found	9	x, GAMMA, EXP, TAN	TWO, ARCSINH, SQR, GAMMA, INV	5.470e-10	0	0.0	9.3	True	(4 + 17*Sqrt[2] - 6*Sqrt[3] - 7*Pi)/105 + Log[1 + Sqrt[2]]/5 + (2*Log[2 + Sqrt[3]])/5
531	Laplace limit	special	64	not found	9	x, ARCTANH, LOG, ARCCOS	NEG, COS, INV, SINH, ARCCOSH	6.181e-10	0	0.0	9.2	True	Root[{-1 + E^Sqrt[1 + #1^2]*#1 - Sqrt[1 + #1^2] & , 0.6627434193491815809747420971092529070562335491150224175204`30.}]
532	twothirds	rational	64	exact	4	x	THREE, TWO, DIVIDE	0.000e+00	1	0.0	64.0	True	2/3
533	3/2 - gamma / log(2), a coin tossing constant related to the asymptotic evaluation of the expected length of the longest	special	64	not found	9	x, ARCSIN, INV, SQR	SEVEN, ARCCOSH, COS, ONE, SUBTRACT	3.432e-10	0	0.0	9.5	True	3/2 - EulerGamma/Log[2]
534	Shanks constant	special	64	not found	8	x, TAN, SIN	EIGHT, FIVE, EXP, ARCCOSH, DIVIDE	3.344e-10	0	0.0	9.5	True	(Pi^2*Product[Piecewise[{{((1 - 4/Prime[\[FormalK]])*(1 + Prime[\[FormalK]])^2)/(-1 + Prime[\[FormalK]])^2, Mod[Prime[\[FormalK]], 8] == 1}}, 1], {\[FormalK], 1, Infinity}])/(16*Log[1 + Sqrt[2]])
535	sqrt(3)/(4 - sqrt(2))	algebraic	64	exact	8	x, THREE, SQRT, DIVIDE	TWO, SQRT, FOUR, SUBTRACT	1.657e-16	2	0.0	64.0	True	Sqrt[3]/(4-Sqrt[2])
536	gamma_2, a lattice sum constant, analog of Euler's constant for two-dimensional lattices	none	64	not found	9	x, ARCTANH, FIVE, PLUS	NEG, ARCSINH, EIGHT, POWER, GAMMA	7.987e-10	0	0.0	9.1	True	
537	probable error constant	special	64	not found	9	x, SINH, ARCTANH, SQRT	EIGHT, TANH, SIX, TIMES, COS	2.249e-10	0	0.0	9.6	True	InverseErf[1/2]*Sqrt[2]
538	Graham biggest little hexagon area	algebraic	64	not found	9	x, ARCTANH, ARCTANH, ARCCOSH	SIX, SIN, SEVEN, POWER, ARCSINH	1.808e-10	0	0.0	9.7	True	Root[11993 - 78488*#1 + 144464*#1^2 + 1232*#1^3 - 221360*#1^4 + 146496*#1^5 + 21056*#1^6 - 30848*#1^7 - 3008*#1^8 + 8192*#1^9 + 4096*#1^10 & , 5]
539	generalized Euler constant gamma(1,3)	special	64	not found	9	x, SQR, SEVEN, POWER	EULER, TANH, ARCSIN, LOG, GAMMA	4.748e-10	0	0.0	9.3	True	EulerGamma/3 + Pi*Sqrt[3]/18 + Log[3]/6
540	Taniguchi constant	special	64	not found	9	x, TAN, ARCTANH, SQR	THREE, ARCTAN, SIX, ARCSINH, SUBTRACT	7.624e-10	0	0.0	9.1	True	Product[1 - Prime[n]^(-6) + Prime[n]^(-5) + 2/Prime[n]^4 - 3/Prime[n]^3, {n, 1, Infinity}]
541	1 - 1/Pi	elementary	64	exact	5	x	PI, INV, ONE, SUBTRACT	1.629e-16	2	0.0	64.0	True	1 - 1/Pi
542	positive solution to the equation x/(1-x) = 1+log(1/(1-x)), an auxiliary constant associated with the problem of enumera	none	64	not found	9	x, ARCTANH, ARCSINH, ARCSINH	FIVE, SIN, COSH, TAN, COS	8.370e-11	0	0.0	10.1	True	
543	log e^(π/2)	elementary	64	exact	8	x, NEG, ARCTAN, DIVIDE	THREE, ARCTAN, COS, LOG	0.000e+00	5	0.0	64.0	True	Log10[E^(Pi/2)]
544	one div cbrt pi	elementary	64	exact	5	THREE, x, POWER	PI, INV	0.000e+00	4	0.0	64.0	True	Pi^(-1/3)
545	least x>0 having sin(4x) = (sin x)^2	none	64	not found	9	x, FOUR, SIN, SUBTRACT	EIGHT, EULER, SIN, SUBTRACT, ARCTAN	7.763e-11	0	0.0	10.1	True	
546	Integral_{x=0..1} log(floor(1/x))/(1+x) dx	special	64	not found	9	x, COS, ARCTANH, SQR	FOUR, COS, EULER, SIN, SUBTRACT	1.097e-10	0	0.0	10.0	True	Log[2]*Log[Khinchin]
547	-x, the real root of the equation 0 = 1 + Sum_{k>=1} prime(k) x^k. The inverse of Backhouse's constant (A072508)	none	64	not found	9	x, ARCTANH, TAN, ARCCOSH	FOUR, SINH, TAN, GOLDENRATIO, POWER	5.252e-10	0	0.0	9.3	True	
548	harmonic power tower odd term limit	special	64	not found	9	x, ARCSIN, ARCSINH, COS	THREE, THREE, POWER, SIN, ARCTAN	1.024e-09	0	0.0	9.0	True	Limit[Fold[(1/#2)^#1 & , 1, Table[\[FormalI], {\[FormalI], 1 + 2*\[FormalN], 2, -1}]], \[FormalN] -> Infinity]
549	reciprocal of Steiner number	elementary	64	exact	5	x	EULER, INV, EXP, INV	0.000e+00	5	0.0	64.0	True	E^(-E^(-1))
550	Sum_{k=1..50000} (-1)^(k+1) / k	special	64	not found	9	x, ARCSIN, ARCCOS, INV	PI, SQRT, ARCSINH, SQRT, SINH	2.291e-10	0	0.0	9.6	True	Sum[(-1)^(k + 1)/k, {k, 1, 50000}]
551	Natural logarithm of 2	elementary	64	exact	3	x	TWO, LOG	0.000e+00	1	0.0	64.0	True	Log[2]
552	rank-2 Artin constant	special	64	not found	8	x, TWO, DIVIDE, SIN	TWO, COSH, ARCTAN, LOG	4.563e-10	0	0.0	9.3	True	Product[1 - 1/((-1 + Prime[\[FormalK]])*Prime[\[FormalK]]^2), {\[FormalK], 1, Infinity}]
553	First continued fraction constant	special	64	not found	9	NINE, x, POWER, SQR	SEVEN, GAMMA, TWO, ARCTAN, DIVIDE	7.558e-11	0	0.0	10.1	True	BesselI[1, 2]/BesselI[0, 2]
554	log10(5)	elementary	64	exact	7	x, INV, FIVE, POWER	NEG, NINE, SUBTRACT	0.000e+00	4	0.0	64.0	True	Log[10, 5]
555	probability that a point of an infinite (rooted) tree is fixed by every automorphism of the tree	none	64	not found	9	x, ARCCOS, SQR, ARCTANH	NINE, ARCTAN, ARCSINH, ARCTAN, SQR	3.938e-11	0	0.0	10.4	True	
558	Integral_{x = 1..infinity} 1/x^x dx	none	64	not found	9	x, EXP, SQR, EXP	FOUR, TAN, TAN, SIX, POWER	8.447e-11	0	0.0	10.1	True	
559	carefree product constant	special	64	not found	9	x, ARCTANH, ARCTANH, SINH	NINE, SINH, ARCCOSH, ARCSINH, GAMMA	1.441e-09	0	0.0	8.8	True	Product[1 - 1/(Prime[\[FormalK]]*(1 + Prime[\[FormalK]])), {\[FormalK], 1, Infinity}]
560	rectilinear crossing constant	elementary	64	not found	9	PI, ARCCOSH, x, TIMES	EULER, SIN, LOG, ARCTAN, COSH	6.311e-10	0	0.0	9.2	True	1 - 35/(12*Pi^2)
561	'C' (as designated by D. Shanks), a constant appearing in the second order term of the asymptotic expansion of the numbe	none	64	not found	9	x, ARCTANH, SIN, TAN	TWO, COSH, TAN, EXP, TANH	1.946e-10	0	0.0	9.7	True	
562	K, a constant arising in the analysis of the binary Euclidean algorithm	none	40	not found	9	SIX, SIN, x, PLUS	EULER, ARCCOSH, SQRT, ARCTAN, ARCCOS	3.499e-10	0	0.0	9.5	True	
563	sqrt(1/2)	algebraic	64	exact	4	x	NEG, ARCTAN, COS	0.000e+00	6	0.0	64.0	True	1/Sqrt[2]
564	rabbit constant	special	64	not found	9	x, TWO, POWER, TAN	THREE, TAN, NINE, LOG, DIVIDE	6.282e-10	0	0.0	9.2	True	Sum[2^(-Floor[\[FormalK]*GoldenRatio]), {\[FormalK], 1, Infinity}]
565	generalized Euler constant gamma(1,4)	special	64	not found	9	x, TANH, ARCSINH, ARCCOS	SEVEN, SIN, EXP, ARCSINH, ARCTAN	1.053e-09	0	0.0	9.0	True	EulerGamma/4 + Pi/8 + Log[2]/4
566	Hopf constant	special	64	not found	9	x, EXP, GAMMA, ARCCOSH	NEG, TANH, ARCCOS, TANH, ARCCOS	3.587e-10	0	0.0	9.4	True	6/Pi^2 + Integrate[3/\[FormalTheta]^2 - (1 - \[FormalTheta]*Cot[\[FormalTheta]])^(-1), {\[FormalTheta], 0, Pi/2}]/Pi
567	1/(phi*log(4 - phi))	elementary	64	exact	8	x, INV, EXP	GOLDENRATIO, GOLDENRATIO, FOUR, SUBTRACT, POWER	0.000e+00	4	0.0	64.0	True	(GoldenRatio Log[4-GoldenRatio])^(-1)
568	Traveling Salesman constant	algebraic	64	not found	9	x, ARCTANH, INV, ARCCOSH	SEVEN, LOG, GOLDENRATIO, TANH, DIVIDE	8.695e-10	0	0.0	9.1	True	4/153*(1 + 2*Sqrt[2])*Sqrt[51]
569	e^(-1/3)	elementary	64	exact	5	x	THREE, INV, EXP, INV	0.000e+00	6	0.0	64.0	True	E^(-1/3)
570	constant appearing in the expected number of comparisons for a successful digital tree search (negated)	none	64	not found	9	x, SQR, TAN, SIN	EIGHT, ARCCOSH, COS, TANH, SQR	9.061e-10	0	0.0	9.0	True	
571	1/(2 log 2)	elementary	64	exact	4	x	FOUR, LOG, INV	0.000e+00	2	0.0	64.0	True	1/(2Log[2])
572	k2, a Diophantine approximation constant such that the area of the "critical parallelogram" (in this case a square) is 4	algebraic	64	exact	5	x	FIVE, SQRT, GOLDENRATIO, DIVIDE	0.000e+00	6	0.0	64.0	True	(1+1/Sqrt[5])/2
573	Sarnak constant	special	64	not found	9	x, SINH, ARCSIN, SQR	FIVE, LOG, LOG, SQRT, TAN	2.946e-10	0	0.0	9.5	True	Product[1 - (2 + Prime[\[FormalK]])/Prime[\[FormalK]]^3, {\[FormalK], 2, Infinity}]
574	Langford constant	elementary	64	not found	9	x, SINH, SINH, SINH	SEVEN, EXP, ARCSINH, INV, COS	1.414e-10	0	0.0	9.8	True	97/150 + Pi/40
575	constant that appears in the asymptotic formula for average order of the infinitary divisors sum function (A049417)	none	64	not found	9	x, SINH, ARCSIN, ARCSINH	THREE, TWO, ARCCOSH, POWER, LOG	1.359e-10	0	0.0	9.9	True	
576	a constant related to the asymptotic evaluation of Product_{p prime congruent to 1 modulo 4} (1 + 1/p)	none	64	not found	9	x, SIX, SIN, DIVIDE	EULER, ARCTAN, EXP, THREE, SUBTRACT	1.108e-09	0	0.0	9.0	True	
577	sum_{n>=1} 1/binomial(2n, n)	elementary	64	not found	9	x, TANH, ARCSINH, ARCCOS	THREE, LOG, SQR, ARCTAN, SQRT	3.271e-10	0	0.0	9.5	True	1/3 + 2*Sqrt[3]*Pi/27
579	1/Gamma(2/3)	special	64	exact	6	x	THREE, TWO, DIVIDE, GAMMA, INV	0.000e+00	2	0.0	64.0	True	1/Gamma[2/3]
580	Dottie number	special	64	not found	9	TWO, ARCSINH, x, TIMES	EULER, EIGHT, SIN, DIVIDE, COSH	2.778e-10	0	0.0	9.6	True	Root[{Cos[#1] - #1 & , 0.7390851332151606416553120876738734040134117589007574649656`30.}]
581	densest spatial packing of spheres constant	elementary	64	exact	7	x, THREE, TIMES	TWO, SQRT, PI, DIVIDE	0.000e+00	9	0.0	64.0	True	Pi/(3*Sqrt[2])
582	Rosser constant	special	64	not found	9	SEVEN, x, LOG, POWER	NINE, SINH, NEG, SIN, DIVIDE	6.711e-11	0	0.0	10.2	True	(8*Catalan)/Pi^2
583	Sarnak product constant	special	64	not found	9	SIX, ARCCOSH, x, POWER	FOUR, TANH, GOLDENRATIO, TIMES, LOG	1.018e-10	0	0.0	10.0	True	(5*Pi^2*Product[1 - (2 + Prime[\[FormalK]])/Prime[\[FormalK]]^3, {\[FormalK], 2, Infinity}])/48
584	s_4, a 4-dimensional Steiner ratio analog	none	64	not found	9	FOUR, TAN, x, SUBTRACT	EIGHT, EXP, TAN, ARCSINH, ARCSINH	2.860e-10	0	0.0	9.5	True	
585	B, the coefficient of n*log(n)^2 in the asymptotic formula of Ramanujan for Sum_{k=1..n} (d(k)^2), where d(k) is the num	none	64	not found	9	SEVEN, x, SINH, POWER	FIVE, TAN, SIN, SIN, TAN	1.028e-10	0	0.0	10.0	True	
586	Rényi parking constant	special	64	not found	9	x, COS, ARCTANH, ARCTANH	TWO, ARCSINH, EIGHT, ARCTAN, POWER	5.472e-10	0	0.0	9.3	True	Integrate[Exp[-2*(EulerGamma + Gamma[0, \[FormalT]] + Log[\[FormalT]])], {\[FormalT], 0, Infinity}]
587	exp(-gamma/2)	special	64	not found	9	x, ARCCOS, ARCCOS, ARCTANH	EIGHT, THREE, TAN, DIVIDE, COS	3.769e-10	0	0.0	9.4	True	Exp[-EulerGamma/2]
588	three quarters	rational	64	exact	4	x	TWO, LOG, SINH	0.000e+00	2	0.0	64.0	True	3/4
589	pi^(-1/4)	elementary	64	exact	5	x	PI, INV, SQRT, SQRT	0.000e+00	6	0.0	64.0	True	Pi^(-1/4)
590	Sum_{n>=1} (-1)^(n-1)*H(n)/n^2, where H(n) is the n-th harmonic number	special	64	not found	9	x, ARCSIN, ARCTANH, EXP	ONE, TANH, ARCSINH, FIVE, TIMES	1.032e-09	0	0.0	9.0	True	5*Zeta[3]/8
591	linear asymptotic constant B in Sum_{k=1..n} 1/A000688(k) = ~B*n + 	none	64	not found	9	x, ARCCOS, TAN, SQR	FOUR, LOG, SIN, SQR, ARCTAN	4.868e-12	0	0.0	11.3	True	
592	Flajolet-Odlyzko constant	special	64	not found	9	THREE, x, POWER, ARCCOS	NEG, ARCTAN, ARCSINH, EXP, COSH	8.683e-10	0	0.0	9.1	True	2*Integrate[1 - E^(ExpIntegralEi[-\[FormalT]]/2), {\[FormalT], 0, Infinity}]
593	constant appearing in the variance for inserting in a digital tree	special	64	not found	9	x, COS, SIN, SINH	EIGHT, FIVE, DIVIDE, SQRT, SIN	9.565e-11	0	0.0	10.0	True	1/Log[4] + 1/24 + (4*Pi^2/Log[2]^2)*Sum[DivisorSigma[1, n]*Exp[-4*Pi^2*n/Log[2]], {n, 1, 6}]
594	Landau-Ramanujan constant	special	64	not found	9	x, SEVEN, POWER, SQRT	TWO, TANH, FIVE, SUBTRACT, ARCSINH	2.154e-10	0	0.0	9.7	True	Product[((4^2^\[FormalK]*(1 - 2^(-2^\[FormalK]))*Zeta[2^\[FormalK]])/(Zeta[2^\[FormalK], 1/4] - Zeta[2^\[FormalK], 3/4]))^2^(-1 - \[FormalK]), {\[FormalK], 1, Infinity}]/Sqrt[2]
595	analog of the Mertens constant B_2 in the asymptotic series for the variance of the number of prime factors Omega	none	64	not found	9	NEG, SINH, x, POWER	PI, ARCTAN, SQR, EXP, ARCTAN	1.575e-10	0	0.0	9.8	True	
596	binary Liouville number	special	64	not found	9	x, SIX, POWER, TAN	NINE, SIN, TWO, ARCSINH, SUBTRACT	2.850e-12	0	0.0	11.5	True	Sum[1/2^(n!), {n, Infinity}]
597	-x, where x is the negative solution to the equation 2^x = x^2	none	64	not found	9	PI, LOG, x, PLUS	GOLDENRATIO, SQRT, SIN, TWO, TIMES	3.308e-10	0	0.0	9.5	True	
598	Sum_{k>1} 1/(k*(k-1)*zeta(k)), a constant related to Niven's constant	none	64	not found	9	x, ARCSINH, INV, TANH	EIGHT, LOG, ARCTAN, GAMMA, SQR	3.530e-10	0	0.0	9.5	True	
599	C = 2^(1/3)*e^(1/4)/A^3, a constant associated with the Gaudin-Mehta probability distribution and the Glaisher-Kinkelin 	special	64	not found	9	x, TAN, ARCCOS, LOG	NINE, NINE, COS, GAMMA, DIVIDE	4.403e-10	0	0.0	9.4	True	2^(1/3)*E^(1/4)/Glaisher^3
600	trace of the Ruelle-Mayer linear operator G_2	none	64	not found	9	x, TAN, SIN, ARCTANH	EULER, COSH, TANH, INV, SINH	3.873e-10	0	0.0	9.4	True	
601	Sum_{p prime} 1/(p*(p-1))	none	64	not found	9	x, SINH, ARCCOS, TANH	TWO, LOG, INV, SINH, INV	8.341e-12	0	0.0	11.1	True	
602	Flajolet-Martin constant	special	64	not found	9	x, ARCTANH, INV, ARCTANH	FIVE, GOLDENRATIO, NINE, PLUS, DIVIDE	7.164e-10	0	0.0	9.1	True	(E^EulerGamma*Product[(1 + 1/(2*\[FormalK]))^(-1)^Mod[DigitCount[\[FormalK], 2, 1], 2], {\[FormalK], 1, Infinity}])/Sqrt[2]
603	Pi*G - 7*zeta(3)/4, where G = A006752	special	64	not found	9	FIVE, x, EXP, DIVIDE	EULER, PI, LOG, DIVIDE, SINH	4.160e-10	0	0.0	9.4	True	Pi Catalan-7Zeta[3]/4
604	lambda_3, an analog of the Stolarsky-Harborth constant for the number of elements not divisible by 3 in Pascal's triangl	none	64	not found	9	x, ARCTANH, ARCSINH, TAN	PI, ARCSINH, LOG, INV, SQRT	2.525e-10	0	0.0	9.6	True	
605	strongly carefree product constant	special	64	not found	9	x, TANH, SQR, ARCTANH	EULER, SIN, TAN, ARCTANH, ARCSINH	6.345e-11	0	0.0	10.2	True	Product[1 - (1 + Prime[\[FormalK]])^(-2), {\[FormalK], 1, Infinity}]
606	Bender r constant	none	51	not found	9	x, ARCCOS, EXP, INV	SIX, TANH, EXP, ARCCOSH, LOG	3.502e-10	0	0.0	9.5	True	
607	hypercube line-picking constant	special	64	not found	9	x, SQR, ARCTANH, EXP	EULER, INV, ARCSINH, SEVEN, POWER	1.004e-10	0	0.0	10.0	True	(-644 + 1344*Catalan + 3744*ArcCsch[Sqrt[2]] + 270*ArcSinh[1] - 3024*Im[PolyLog[2, I*(3 - 2*Sqrt[2])]] + 1773*Log[3] + 84*(PolyGamma[1, 1/12] + PolyGamma[1, 5/12]) + (6048*I)*(PolyLog[2, (1/2 - I/2)*(-2 + Sqrt[2])] - PolyLog[2, (1/2 + I/2)*(-2 + Sqrt[2])]) + (6048*I)*(PolyLog[2, I*(1 - Sqrt[2])] - PolyLog[2, I*(-1 + Sqrt[2])]) + 438*Sqrt[2] - 2448*ArcCot[2*Sqrt[2]]*Sqrt[2] - 189*(PolyGamma[1, 1/8] + PolyGamma[1, 3/8])*Sqrt[2] + 12*Pi*(-16 + 7*Pi*(-8 + 9*Sqrt[2])) + 288*Sqrt[3])/3780
608	6/(Pi^2 A086724)	none	64	not found	8	x, ARCSINH, SQR	FIVE, EXP, ARCCOSH, TAN, EXP	1.174e-10	0	0.0	9.9	True	
609	log10(6)	elementary	64	exact	7	x, INV, SIX, POWER	NEG, NINE, SUBTRACT	0.000e+00	3	0.0	64.0	True	Log[10, 6]
610	Purdom-Williams constant, a constant related to the Golomb-Dickman constant and to the asymptotic evaluation of the expe	none	64	not found	9	x, ARCCOS, ARCTANH, ARCTANH	GOLDENRATIO, SIN, EXP, ARCSINH, ARCCOSH	1.594e-10	0	0.0	9.8	True	
611	first Bernoulli sophomore dream constant	special	64	not found	9	x, SQR, SINH, TANH	EIGHT, SQRT, TANH, COS, SINH	1.623e-10	0	0.0	9.8	True	-Sum[(-\[FormalK])^(-\[FormalK]), {\[FormalK], 1, Infinity}]
612	(sqrt(3) + sqrt(5) + 2*sqrt(6))/(8*sqrt(2))	algebraic	64	not found	9	x, INV, TAN, LOG	EIGHT, LOG, SIX, ARCCOSH, DIVIDE	1.004e-10	0	0.0	10.0	True	(Sqrt[3]+Sqrt[5]+2Sqrt[6])/(8Sqrt[2])
613	(3*sqrt(3)+sqrt(7))/10	algebraic	64	not found	9	x, THREE, SINH, POWER	FOUR, LOG, SQR, ARCSINH, TAN	2.164e-10	0	0.0	9.7	True	(3*Sqrt[3]+Sqrt[7])/10
614	Integral_{x = 0 to oo} Product_{m=1..oo} cos(x/m) dx	none	39	not found	9	EIGHT, x, TAN, POWER	EULER, SQRT, SIN, TAN, SIN	4.866e-11	0	0.0	10.3	True	
615	pi/4	elementary	64	exact	3	x	ONE, ARCTAN	0.000e+00	1	0.0	64.0	True	Pi/4
616	Lüroth constant	special	64	not found	9	EULER, x, POWER, TANH	EULER, COS, SQR, ARCTAN, SQR	2.231e-10	0	0.0	9.7	True	Sum[Log[\[FormalK]/(-1 + \[FormalK])]/\[FormalK], {\[FormalK], 2, Infinity}]
617	asymptotic constant eta for counts of weakly binary trees	none	64	not found	9	x, SQR, SQR, TAN	NINE, ARCTAN, COSH, INV, TANH	3.219e-10	0	0.0	9.5	True	
618	Lal's constant: the Hardy-Littlewood constant for A217795	none	64	not found	9	x, INV, SIN, SQR	EULER, SINH, SINH, SIN, ARCTANH	5.807e-10	0	0.0	9.2	True	
619	Kolakoski constant	none	64	not found	9	GOLDENRATIO, COSH, x, POWER	NINE, LOG, ARCTAN, COSH, LOG	5.587e-10	0	0.0	9.3	True	
620	root two div pi	elementary	64	exact	5	x	ONE, ARCSIN, INV, SQRT	0.000e+00	5	0.0	64.0	True	Sqrt[2/Pi]
621	log 2π	elementary	64	not found	9	x, ARCTANH, GOLDENRATIO, SUBTRACT	SEVEN, ARCCOSH, ARCCOSH, ARCTAN, COS	7.426e-10	0	0.0	9.1	True	Log10[2*Pi]
622	Product_{n>1} (1 - 1/n^2)^(1/n)	none	64	not found	9	x, ARCSIN, SINH, TAN	NINE, INV, SIX, SINH, POWER	2.915e-10	0	0.0	9.5	True	
624	unique real solution of the equation Ei(x)-gamma-log(x) = 1, where Ei is the exponential integral function and gamma the	none	64	not found	9	x, ARCCOS, GAMMA, ARCCOSH	FOUR, INV, ARCSINH, SQRT, COS	8.201e-11	0	0.0	10.1	True	
625	disk half-area offset constant	special	64	not found	9	x, LOG, TAN, ARCSIN	EULER, ARCTAN, NINE, TANH, SUBTRACT	1.333e-11	0	0.0	10.9	True	Root[{Pi - 4*ArcCos[#1/2] + #1*Sqrt[4 - #1^2] & , 0.8079455065990344186379234801330000000000000000000000000001`29.907382069955993}]
626	Solomon parking constant	special	64	not found	9	ONE, SIN, x, DIVIDE	PI, TANH, GOLDENRATIO, PLUS, LOG	9.804e-11	0	0.0	10.0	True	Integrate[(1 + 2*\[FormalX])*Exp[-2*(-1 + \[FormalX] + Exp[-\[FormalX]])]*Exp[-2*(EulerGamma - ExpIntegralEi[-\[FormalX]] + Log[\[FormalX]])], {\[FormalX], 0, Infinity}]
627	Alladi-Grinstead constant	special	64	not found	9	TWO, TANH, x, POWER	FIVE, ARCTAN, ARCCOSH, TANH, ARCCOS	3.223e-10	0	0.0	9.5	True	Exp[-1 - Sum[Log[1 - \[FormalK]^(-1)]/\[FormalK], {\[FormalK], 2, Infinity}]]
628	product_{n>=1} (n/(n+1))^((-1)^t(n-1)), a probabilistic counting constant, where t(n) = A010060(n) is the Thue-Morse seq	none	64	not found	9	x, SINH, INV, ARCCOSH	TWO, TANH, ARCSIN, GAMMA, ARCCOS	2.487e-11	0	0.0	10.6	True	
629	'mu', a Young-Fejér-Jackson constant linked to the positivity of certain sine sums	none	64	not found	8	NINE, x, POWER, INV	NEG, COSH, EIGHT, SUBTRACT	3.885e-10	0	0.0	9.4	True	
630	(1 + sqrt(6))/(3*sqrt(2))	algebraic	64	exact	9	THREE, SQRT, x, TIMES	SIX, INV, SQRT, ONE, PLUS	1.365e-16	1	0.0	64.0	True	(1+Sqrt[6])/(3Sqrt[2])
631	1/Gamma(3/4)	special	64	exact	6	x, INV	TWO, LOG, SINH, GAMMA	0.000e+00	2	0.0	64.0	True	1/Gamma[3/4]
632	sum_{n>=0} 1/2^(2^n)	special	64	not found	9	x, ARCSIN, GOLDENRATIO, TIMES	PI, SIX, DIVIDE, LOG, INV	2.309e-10	0	0.0	9.6	True	Sum[1/2^(2^n), {n, 0, Infinity}]
633	a2, the second of two constants associated with Djokovic's conjecture on an integral inequality	none	64	not found	9	x, EXP, EXP, COS	THREE, TANH, SQRT, ARCTANH, COS	5.871e-10	0	0.0	9.2	True	
634	First Nielsen-Ramanujan constant	elementary	64	exact	6	x	THREE, NEG, ARCSIN, SQR, DIVIDE	0.000e+00	3	0.0	64.0	True	Pi^2/12
635	Sierpiński constant	special	64	not found	9	x, SQRT, ARCCOS, INV	TWO, SQRT, COSH, SQRT, COSH	5.392e-10	0	0.0	9.3	True	2*EulerGamma + 2*Log[2] + 3*Log[Pi] - 4*Log[Gamma[1/4]]
636	sigma_3, a Turán's Power Sum Constant	none	64	not found	9	x, ARCSIN, NINE, TIMES	FIVE, COSH, LOG, ARCSINH, EXP	6.569e-10	0	0.0	9.2	True	
637	Prouhet-Thue-Morse constant	special	64	not found	9	x, ARCSIN, GOLDENRATIO, TIMES	SIX, EXP, ARCSINH, EXP, ARCTAN	2.000e-10	0	0.0	9.7	True	1 - Product[(-1 + 2^2^\[FormalK])/2^2^\[FormalK], {\[FormalK], 0, Infinity}]/2
638	Pi/8 + sqrt(3)/4	elementary	64	exact	7	x, FOUR, TIMES, SIN	THREE, SQRT, COS	0.000e+00	2	0.0	64.0	True	Pi/8+Sqrt[3]/4
639	asymptotic efficiency constant	elementary	64	exact	8	x, THREE, SQRT, DIVIDE	TWO, NEG, DIVIDE, ARCCOS	0.000e+00	5	0.0	64.0	True	(3*Sqrt[3])/(2*Pi)
640	1/zeta(3)	special	64	not found	9	NINE, TANH, x, TIMES	EIGHT, TAN, FOUR, DIVIDE, COS	3.281e-10	0	0.0	9.5	True	1/Zeta[3]
641	Rosser's constant	none	64	not found	9	x, PI, SQRT, DIVIDE	EULER, FIVE, DIVIDE, SINH, GAMMA	3.028e-10	0	0.0	9.5	True	
642	Gauss's constant	special	64	not found	9	x, ARCSINH, ARCTANH, SQR	NINE, THREE, SINH, SUBTRACT, GAMMA	9.552e-11	0	0.0	10.0	True	ArithmeticGeometricMean[1, Sqrt[2]]^(-1)
643	Baker constant	elementary	64	not found	9	x, EXP, GAMMA, SQR	FIVE, COS, ARCSIN, THREE, POWER	7.841e-11	0	0.0	10.1	True	(Log[2] + Pi/Sqrt[3])/3
645	Shepp's constant 'alpha', an optimal stopping constant associated with the case of a zero mean and unit variance distrib	none	64	not found	9	x, ARCSIN, ARCSIN, ARCSINH	EIGHT, SIX, ARCTAN, DIVIDE, EXP	5.239e-10	0	0.0	9.3	True	
646	2*G/(Pi*log(2)), a constant appearing in the average root bifurcation ratio of binary trees, where G is Catalan's consta	special	64	not found	9	x, COSH, COS, SQR	NINE, THREE, INV, ARCSIN, DIVIDE	7.265e-11	0	0.0	10.1	True	2 Catalan/(Pi*Log[2])
647	sin one	elementary	64	exact	3	x	ONE, SIN	0.000e+00	1	0.0	64.0	True	Sin[1]
648	reciprocal of the Khinchin-Lévy constant	elementary	64	exact	7	x, EIGHT, LOG, DIVIDE	NEG, ARCSIN, SQR	0.000e+00	10	0.0	64.0	True	(12*Log[2])/Pi^2
650	log10(7)	elementary	64	exact	7	x, INV, SEVEN, POWER	NEG, NINE, SUBTRACT	0.000e+00	3	0.0	64.0	True	Log[10, 7]
651	3/(2*sqrt(Pi))	elementary	64	exact	7	x, SQR	PI, FOUR, TIMES, NINE, DIVIDE	0.000e+00	11	0.0	64.0	True	3/(2*Sqrt[Pi])
652	ubiquitous constant	special	64	exact	9	PI, SQRT, x, TIMES	TWO, LOG, SINH, GAMMA, SQR	1.310e-16	1	0.0	64.0	True	(2*Pi^(3/2))/Gamma[1/4]^2
653	Regular paperfolding sequence	special	64	not found	9	SEVEN, x, COS, POWER	EIGHT, NEG, COSH, LOG, DIVIDE	1.139e-11	0	0.0	10.9	True	Sum[8^2^n/(-1 + 2^2^(2 + n)), {n, 0, Infinity}]
654	maximal quantum success probability of the CHSH game	algebraic	64	exact	6	x	EIGHT, PI, DIVIDE, COS, SQR	0.000e+00	5	0.0	64.0	True	Cos[Pi/8]^2
655	1/(2*K^2) = Product_(p prime congruent to 3 modulo 4) (1 - 1/p^2), where K is the Landau-Ramanujan constant	none	64	not found	9	x, ARCTANH, COS, SIN	FIVE, TANH, FIVE, DIVIDE, COS	2.451e-11	0	0.0	10.6	True	
656	rank-3 Artin constant	special	64	not found	9	x, GOLDENRATIO, SUBTRACT, SINH	EIGHT, INV, COSH, INV, SIN	4.515e-10	0	0.0	9.3	True	Product[1 - 1/((-1 + Prime[\[FormalK]])*Prime[\[FormalK]]^3), {\[FormalK], 1, Infinity}]
657	four minus pi	elementary	64	exact	4	x	FOUR, TAN, ARCTAN	0.000e+00	2	0.0	64.0	True	4 - Pi
658	Champernowne base-2 constant	special	64	not found	8	x, SQR, ARCTANH, COS	FOUR, SINH, COS, EXP	7.451e-10	0	0.0	9.1	True	ChampernowneNumber[2]
659	Steiner ratio of the Euclidean plane	algebraic	64	exact	4	x	TWO, ARCCOSH, TANH	0.000e+00	2	0.0	64.0	True	Sqrt[3]/2
660	log(4 - phi), where phi = A001622	elementary	64	exact	5	x	GOLDENRATIO, FOUR, SUBTRACT, LOG	0.000e+00	2	0.0	64.0	True	Log[4-GoldenRatio]
661	log e^2	elementary	64	exact	6	x, INV	THREE, ARCSINH, COSH, LOG	0.000e+00	4	0.0	64.0	True	Log10[E^2]
662	sqrt(Pi)/(2K)*exp(-gamma/2) where K is the Landau-Ramanujan constant and gamma the Euler-Mascheroni constant	none	64	not found	9	PI, x, POWER, ARCTAN	SIX, ARCSINH, PI, SUBTRACT, TANH	1.003e-09	0	0.0	9.0	True	
663	square edge line-picking constant	elementary	64	not found	9	x, COSH, PI, DIVIDE	SEVEN, COS, FOUR, PLUS, ARCCOSH	8.060e-10	0	0.0	9.1	True	(2 + 5*Log[1 + Sqrt[2]] + Sqrt[2])/9
664	integral_{0..infinity} exp(-x^2)*log(x) dx	special	64	not found	9	x, SINH, TWO, TIMES	SIX, EXP, ARCTAN, LOG, GAMMA	9.387e-11	0	0.0	10.0	True	-(-(1/4)*Sqrt[Pi]*( EulerGamma + 2*Log[2]))
666	product_{n>=1} (2n/(2n+1))^((-1)^t(n-1)), a probabilistic counting constant, where t(n) = A010060(n) is the Thue-Morse s	none	64	not found	8	x, ARCTANH, SQR	SEVEN, EXP, SIN, ARCSIN, ARCCOS	1.454e-10	0	0.0	9.8	True	
667	total area of Ford circles	special	64	not found	9	x, ARCCOS, INV, TANH	GOLDENRATIO, INV, EXP, COS, COS	3.415e-10	0	0.0	9.5	True	(45*Zeta[3])/(2*Pi^3)
668	(5/18)*Pi	elementary	64	exact	6	x, THREE, TIMES, SIN	TWO, INV	0.000e+00	7	0.0	64.0	True	5Pi/18
669	a constant related to the asymptotic counting function of numbers of the form x^2 + 2*y^2 (A002479)	none	64	not found	9	x, COS, ARCTANH, ARCSIN	THREE, SINH, LOG, TANH, ARCSINH	4.129e-10	0	0.0	9.4	True	
670	Integral_{x=0..Pi/2} sin(x)^(3/2) dx	special	64	not found	9	THREE, SINH, x, POWER	SIX, FIVE, TANH, TAN, DIVIDE	5.707e-12	0	0.0	11.2	True	1/3*Sqrt[2]*EllipticK[1/2]
671	sqrt(2)/phi, where phi = (1+sqrt(5))/2	algebraic	64	exact	5	x	GOLDENRATIO, TWO, SQRT, DIVIDE	0.000e+00	2	0.0	64.0	True	Sqrt[2]/GoldenRatio
672	sum of reciprocal perfect powers (excluding 1)	none	64	not found	9	x, TAN, TAN, SIN	FIVE, ARCCOSH, ARCSINH, INV, TANH	4.857e-10	0	0.0	9.3	True	
673	average length of a line segment picked at random in a unit 5-cube	none	64	not found	9	x, ARCSINH, GOLDENRATIO, POWER	FIVE, ARCCOSH, ARCTAN, GAMMA, COSH	1.334e-10	0	0.0	9.9	True	
674	an Ising constant related to the triangular lattice	none	64	not found	9	x, ARCTANH, ARCCOSH, INV	THREE, TANH, SQR, INV, SINH	1.120e-10	0	0.0	10.0	True	
675	quadratic class number constant	special	64	not found	9	x, ARCTANH, INV, GAMMA	FIVE, ARCCOSH, COS, SINH, COSH	8.895e-11	0	0.0	10.1	True	Product[1 - 1/(Prime[\[FormalK]]^2*(1 + Prime[\[FormalK]])), {\[FormalK], 1, Infinity}]
676	positive minimum of the gamma function	special	64	not found	9	x, TAN, ARCCOSH, ARCCOS	NINE, EXP, COS, ARCTAN, COS	4.686e-10	0	0.0	9.3	True	Gamma[Root[{PolyGamma[0, #1] & , 1.46163214496836234126265954233`29.164838085677864}]]
677	sqrt(Pi)/2	elementary	64	exact	4	x, SQR	ONE, ARCTAN	0.000e+00	2	0.0	64.0	True	Sqrt[Pi]/2
678	exp(gamma)/2	special	64	not found	9	THREE, TANH, x, TIMES	FOUR, TANH, SQRT, ARCTAN, SQRT	5.313e-11	0	0.0	10.3	True	E^EulerGamma/2
679	reciprocal sum of integer powers constant	special	64	not found	9	x, SIX, TIMES, COS	NEG, COS, COS, TANH, TANH	7.860e-11	0	0.0	10.1	True	Sum[-1 + Zeta[Prime[\[FormalK]]], {\[FormalK], 1, Infinity}]
680	Gamma(4/3)	special	64	exact	5	x	THREE, LOG, SINH, GAMMA	1.243e-16	1	0.0	64.0	True	Gamma[4/3]
681	Product_{p prime, p == 1 (mod 4)} (1 - 2/p^2)	none	64	not found	9	x, GAMMA, TAN, SINH	NEG, TANH, COSH, FOUR, DIVIDE	4.008e-10	0	0.0	9.4	True	
682	'delta', a constant arising in the asymptotics of the regularized product of the Fibonacci numbers	none	64	not found	9	x, COS, SIN, TANH	SEVEN, COS, ARCTANH, INV, COS	2.351e-10	0	0.0	9.6	True	
683	Gamma(5/3)	special	64	exact	5	x	THREE, LOG, COSH, GAMMA	0.000e+00	1	0.0	64.0	True	Gamma[5/3]
684	log10(8)	elementary	64	exact	7	x, INV, EIGHT, POWER	NEG, NINE, SUBTRACT	0.000e+00	3	0.0	64.0	True	Log[10, 8]
685	disk line-picking constant	elementary	64	not found	8	SEVEN, x, POWER	NEG, COSH, GOLDENRATIO, DIVIDE, COS	3.571e-10	0	0.0	9.4	True	128/(45*Pi)
686	Gamma(5/4)	special	64	exact	5	x	TWO, LOG, COSH, GAMMA	0.000e+00	1	0.0	64.0	True	Gamma[5/4]
687	densest planar packing of circles constant	elementary	64	exact	6	x	THREE, SQRT, ONE, ARCSIN, DIVIDE	0.000e+00	3	0.0	64.0	True	Pi/(2*Sqrt[3])
688	value of x such that K(x) = 2E(x)	none	64	not found	9	x, FOUR, SUBTRACT, TAN	GOLDENRATIO, EULER, GAMMA, SUBTRACT, SIN	8.623e-11	0	0.0	10.1	True	
689	(sqrt(Pi)/(2^(1/4)*Gamma(5/8)*Gamma(7/8)))^2	special	64	not found	9	x, ARCTANH, ARCSINH, ARCTAN	SIX, TAN, ONE, TAN, POWER	1.241e-10	0	0.0	9.9	True	(Pi/Sqrt[2])*(1/(Gamma[5/8]*Gamma[7/8]))^2
690	(1 + sqrt(3))/3	algebraic	64	exact	7	x, THREE, TIMES	THREE, SQRT, ONE, PLUS	0.000e+00	2	0.0	64.0	True	(1+Sqrt[3])/3
691	Catalan's constant	special	64	not found	8	x, ARCCOS, THREE, SUBTRACT	SIX, EXP, ARCCOSH, SQRT	4.108e-10	0	0.0	9.4	True	Catalan
692	log root two pi	elementary	64	exact	6	x, EXP, SQR	PI, PI, PLUS	0.000e+00	3	0.0	64.0	True	Log[Sqrt[2*Pi]]
693	Gamma(7/4)	special	64	exact	5	x	FOUR, SEVEN, DIVIDE, GAMMA	0.000e+00	1	0.0	64.0	True	Gamma[7/4]
694	position of the positive real maximum of Dawson's integral D_+(x)	none	64	not found	9	x, TAN, ARCCOSH, TAN	THREE, ARCTAN, SIX, TANH, POWER	1.076e-10	0	0.0	10.0	True	
695	cube face line-picking constant	elementary	64	not found	9	x, ARCSINH, ARCCOS, ARCTANH	GOLDENRATIO, SQRT, TANH, ARCSINH, ARCCOS	2.978e-10	0	0.0	9.5	True	(4 - 7*Pi + 21*Log[1 + Sqrt[2]] + 42*Log[2 + Sqrt[3]] + 17*Sqrt[2] - 6*Sqrt[3])/75
696	Product_{n>=1} (1 - 1/(4n+1)^2)	special	64	not found	9	x, EULER, ARCSINH, SUBTRACT	GOLDENRATIO, SINH, EXP, NINE, DIVIDE	3.428e-10	0	0.0	9.5	True	Product[1 - 1/(4 n + 1)^2, {n, 1, Infinity}]
697	an Ising constant related to the random coloring problem	special	64	not found	9	x, ARCTANH, SQR, ARCCOSH	SEVEN, TANH, COS, TAN, INV	4.017e-10	0	0.0	9.4	True	Log[2]/2 + 2*Catalan/Pi
698	rank-4 Artin constant	special	64	not found	9	x, SQR, SIN, SIN	EIGHT, COS, INV, COS, SQR	1.651e-10	0	0.0	9.8	True	Product[1 - 1/((-1 + Prime[\[FormalK]])*Prime[\[FormalK]]^4), {\[FormalK], 1, Infinity}]
699	-zeta'(2) (the first derivative of the zeta function at 2)	none	64	not found	9	x, COSH, TAN, SQRT	EIGHT, THREE, EXP, SUBTRACT, ARCSINH	1.524e-10	0	0.0	9.8	True	
700	(4K/Pi)^2 where K is the Landau-Ramanujan constant	none	64	not found	9	x, EIGHT, POWER, SIN	EULER, TANH, ARCTAN, ARCSINH, ARCCOS	3.573e-10	0	0.0	9.4	True	
701	Pi*(1+sqrt(2))/8	elementary	64	exact	8	PI, x, DIVIDE	EIGHT, ONE, ARCSINH, EXP, DIVIDE	0.000e+00	5	0.0	64.0	True	Pi*(1+Sqrt[2])/8
702	log10(9)	elementary	64	exact	7	x, INV, THREE, POWER	THREE, ARCSINH, COSH	0.000e+00	6	0.0	64.0	True	Log[10, 9]
703	3/π	elementary	64	exact	4	x	PI, THREE, DIVIDE	0.000e+00	1	0.0	64.0	True	3/Pi
704	Magic angle	elementary	64	exact	4	x	TWO, SQRT, ARCTAN	0.000e+00	2	0.0	64.0	True	ArcCos[1/Sqrt[3]]
705	(log(2) + Pi)/4	elementary	64	exact	7	x, FOUR, TIMES	TWO, LOG, PI, PLUS	0.000e+00	4	0.0	64.0	True	(Log[2]+Pi)/4
706	a limit associated with the asymptotic number of ways of writing a number as a sum of powers of 2, with each power used 	elementary	64	not found	9	x, SINH, SINH, COSH	PI, SQRT, GAMMA, TANH, EXP	1.330e-10	0	0.0	9.9	True	3^(Log[GoldenRatio]/Log[2]) / Sqrt[5]
707	a constant related to the asymptotic expansion of the Lebesgue constant corresponding to the n-th Chebyshev polynomial	special	64	not found	9	x, EXP, COSH, COS	SEVEN, TANH, TAN, TANH, ARCSINH	8.696e-11	0	0.0	10.1	True	2/Pi*(3*Log[2] - Log[Pi] + EulerGamma)
708	L(3, chi4), where L(s, chi4) is the Dirichlet L-function for the non-principal character modulo 4	elementary	64	exact	7	ONE, ARCSIN, x, DIVIDE	NEG, ARCTAN, SQR	0.000e+00	4	0.0	64.0	True	Pi^3/32
709	Lochs constant	elementary	64	not found	9	x, ARCTANH, LOG, SINH	NINE, TAN, EXP, ARCSIN, ARCCOS	2.914e-11	0	0.0	10.5	True	6*Log[2]*Log[10]/Pi^2
710	4*K/Pi, a constant appearing in the asymptotic evaluation of the number of non-hypotenuse numbers not exceeding a given 	none	64	not found	8	x, TAN, EXP, ARCTAN	SIX, ARCTAN, ARCCOSH, ARCTANH	5.963e-10	0	0.0	9.2	True	
711	log 3π	elementary	64	not found	9	x, EXP, COSH, COS	NINE, TANH, SINH, TAN, SIN	9.224e-11	0	0.0	10.0	True	Log10[3*Pi]
712	Elbert constant	special	64	not found	9	x, ARCTAN, ARCSIN, ARCSIN	TWO, SQRT, GOLDENRATIO, ARCCOSH, POWER	4.083e-12	0	0.0	11.4	True	ConditionalExpression[Extension`ElbertConstant == 1 + E^\[FormalU] - (\[FormalV]*E^\[FormalU])/2 + E^(\[FormalU] + \[FormalV]/2) - E^\[FormalV], E^\[FormalU] + 2*E^(\[FormalU] + \[FormalV]/2) + E^(\[FormalV]/2) + E^(\[FormalU] + \[FormalV]) == 2*E^\[FormalV] + E^((3*\[FormalV])/2) && 1 + (1 + \[FormalU] - \[FormalV])*E^\[FormalU] + 2*E^(\[FormalU] + \[FormalV]/2) == 2*E^\[FormalV] && -1/3 < \[FormalU] < 0 && 1/3 < \[FormalV] < 1]
713	4*sqrt(2) - 6*sqrt(6)/Pi	elementary	64	not found	9	x, TAN, SINH, GAMMA	EULER, SQRT, ARCSINH, SIN, INV	8.585e-11	0	0.0	10.1	True	4Sqrt[2]-6Sqrt[6]/Pi
714	generalized Glaisher-Kinkelin constant A(3)	special	64	not found	9	x, ARCTANH, ARCTAN, ARCSINH	EIGHT, ARCSINH, COSH, SIN, SQRT	4.554e-11	0	0.0	10.3	True	Exp[-11/720 - Zeta'[-3]]
715	a parking constant related to the asymptotic expected number of cars, assuming random car lengths	none	64	not found	9	x, TAN, SQR, COS	FIVE, COSH, SQRT, COS, ARCSINH	5.653e-10	0	0.0	9.2	True	
716	a constant related to the asymptotic evaluation of Product_{p prime congruent to 3 modulo 4} (1 + 1/p)	none	64	not found	8	x, SQR, ARCSINH	EULER, PI, SQRT, DIVIDE, ARCCOS	6.986e-11	0	0.0	10.2	True	
717	ln(Gamma(1/3))	special	64	exact	5	x, EXP	THREE, INV, GAMMA	0.000e+00	2	0.0	64.0	True	LogGamma[1/3]
718	Reuleaux triangle square cutting fraction	elementary	64	not found	9	FIVE, ARCTAN, x, POWER	FOUR, INV, ARCSINH, COSH, GAMMA	1.063e-11	0	0.0	11.0	True	-3 + Pi/6 + 2*Sqrt[3]
719	logarithm of Khinchin constant	special	64	not found	9	x, ARCTANH, LOG, SINH	GOLDENRATIO, THREE, SUBTRACT, GAMMA, GAMMA	3.413e-10	0	0.0	9.5	True	Log[Khinchin]
720	phi(0), an auxiliary constant associated with Shapiro's cyclic sum constant lambda	none	64	not found	9	x, ARCTANH, LOG, SINH	FOUR, ARCCOSH, INV, SIN, COSH	2.715e-11	0	0.0	10.6	True	
721	Asymptotic behavior of Lebesgue constants	special	64	not found	9	FOUR, SINH, x, POWER	FOUR, ARCSINH, EULER, GAMMA, DIVIDE	2.757e-10	0	0.0	9.6	True	(-4*PolyGamma[0, 1/2])/Pi^2 + (8*Sum[Log[k]/(-1 + 4*k^2), {k, 1, Infinity}])/Pi^2
722	generalized Glaisher-Kinkelin constant A(4)	special	64	not found	9	EULER, x, POWER, SQRT	PI, GAMMA, GAMMA, LOG, COS	1.097e-10	0	0.0	10.0	True	Exp[-3*Zeta[5]/(4*Pi^4)]
723	log π^2	elementary	64	exact	7	x, INV, PI, POWER	THREE, ARCSINH, COSH	1.117e-16	3	0.0	64.0	True	Log10[Pi^2]
724	Ramanujan's first continued fraction constant	elementary	64	not found	9	x, ARCTAN, ARCCOS, SQRT	SEVEN, TAN, GOLDENRATIO, SUBTRACT, SINH	9.762e-10	0	0.0	9.0	True	Exp[(2*Pi)/5]*(-GoldenRatio + Sqrt[GoldenRatio*Sqrt[5]])
725	One	rational	64	exact	2	x	ONE	0.000e+00	1	0.0	64.0	True	1
726	'nu', a coefficient related to the variance for searching corresponding to patricia tries	none	64	false positive	7	x, INV	NINE, EULER, EXP, TANH, POWER	4.441e-16	4	0.0	15.7	True	
727	zeta(9)	special	64	not found	9	x, COSH, EXP, GAMMA	PI, SQRT, TWO, POWER, SINH	2.729e-10	0	0.0	9.6	True	Zeta[9]
728	side of the equilateral triangle that can cover every triangle of perimeter 2	none	64	not found	9	x, SEVEN, POWER, GAMMA	PI, SQRT, COSH, NINE, POWER	5.653e-11	0	0.0	10.2	True	
729	generalized Stirling constant	none	64	not found	8	x, ARCSINH, ARCCOS, EXP	GOLDENRATIO, SEVEN, ARCCOSH, DIVIDE	6.783e-10	0	0.0	9.2	True	
730	Pi^3/(36*sqrt(3)) + 91*zeta(3)/216	special	64	not found	9	THREE, SINH, x, POWER	NINE, ARCSINH, LOG, INV, GAMMA	7.012e-11	0	0.0	10.2	True	Pi^3/(36*Sqrt[3])+91*Zeta[3]/216
731	DeVicci's tesseract constant	algebraic	64	not found	9	x, SEVEN, POWER, SIN	SEVEN, GAMMA, TAN, COS, ARCSINH	4.193e-10	0	0.0	9.4	True	Root[16 + 16*#1^2 - 7*#1^4 - 28*#1^6 + 4*#1^8 & , 3, 0]
732	zeta(7)	special	64	not found	9	x, ARCTAN, COSH, TAN	FOUR, INV, ARCSIN, TANH, INV	6.127e-11	0	0.0	10.2	True	Zeta[7]
733	generalized Glaisher-Kinkelin constant A(5)	special	64	not found	9	x, TANH, TAN, INV	GOLDENRATIO, SINH, THREE, DIVIDE, ARCSINH	1.440e-10	0	0.0	9.8	True	Exp[137/15120-Zeta'[-5]]
734	Pi^3/64 + 7*zeta(3)/16	special	64	not found	9	x, SQR, COS, SIN	TWO, TANH, GOLDENRATIO, LOG, DIVIDE	6.131e-10	0	0.0	9.2	True	Pi^3/64+7Zeta[3]/16
735	Gieseking constant	special	64	not found	9	EIGHT, x, INV, POWER	PI, THREE, POWER, ARCTAN, GAMMA	4.198e-10	0	0.0	9.4	True	(3*Sqrt[3]*(1 - PolyGamma[1, 2/3]/9 + PolyGamma[1, 4/3]/9))/4
736	h_3, a constant related to certain evaluations of the gamma function from elliptic integrals	special	64	not found	9	x, EULER, DIVIDE, LOG	EULER, EIGHT, PLUS, LOG, TANH	4.348e-11	0	0.0	10.4	True	4*EllipticK[4*Sqrt[3]-7]/(Sqrt[2+Sqrt[3]]*Pi)
737	2*Pi^3/(81*sqrt(3)) + 13*zeta(3)/27	special	64	not found	9	x, SINH, TAN, GAMMA	GOLDENRATIO, ARCCOSH, TAN, GAMMA, COSH	1.049e-09	0	0.0	9.0	True	2Pi^3/(81Sqrt[3])+13Zeta[3]/27
738	an Ising constant related to the hexagonal lattice	none	64	not found	9	THREE, x, POWER, SINH	FIVE, COS, ARCTAN, ARCTAN, ARCCOS	1.231e-10	0	0.0	9.9	True	
739	6*arcsec(sqrt(3))/Pi^(3/2), an extreme value constant	special	64	not found	9	x, SQRT, EXP, SIN	EIGHT, SIN, ARCTAN, GAMMA, COS	3.618e-10	0	0.0	9.4	True	6*ArcSec[Sqrt[3]]/Pi^(3/2)
740	e^pi/pi^e	elementary	64	exact	7	x, PI, EXP, DIVIDE	EULER, PI, POWER	2.155e-16	2	0.0	64.0	True	E^Pi/Pi^E
741	continued fraction constant (base 10)	elementary	64	not found	9	PI, TANH, x, TIMES	THREE, SQRT, COSH, TAN, COSH	2.145e-10	0	0.0	9.7	True	Pi^2/(6Log[2]Log[10])
742	generalized Glaisher-Kinkelin constant A(2)	special	64	not found	9	x, SQRT, COS, LOG	FIVE, ARCSINH, GOLDENRATIO, SUBTRACT, SIN	1.515e-11	0	0.0	10.8	True	Exp[Zeta[3]/(4*Pi^2)]
743	generalized hypergeometric function 3F2(1/2,1/2,1/2; 3/2,3/2; x) at x=1/2	special	64	not found	9	x, TAN, NEG, PLUS	SIX, SIN, COSH, SINH, ARCCOSH	1.597e-10	0	0.0	9.8	True	(Pi*Log[2]/4 + Catalan)/Sqrt[2]
744	Hadamard-de la Vallee-Poussin constant	special	64	not found	8	x, TWO, DIVIDE	NINE, SIN, COSH, EXP, GAMMA	1.462e-10	0	0.0	9.8	True	EulerGamma + Sum[(-1 + Prime[\[FormalK]])^(-1) + Log[1 - Prime[\[FormalK]]^(-1)], {\[FormalK], 1, Infinity}]
745	secant of 15 degrees (cosecant of 75 degrees)	algebraic	64	exact	6	TWO, SQRT, x, PLUS	SIX, SQRT	0.000e+00	3	0.0	63.6	True	Sec[15 Degree]
746	zeta(5)	special	64	not found	9	x, ARCCOSH, NINE, TIMES	FIVE, COS, SIN, EULER, SUBTRACT	2.707e-10	0	0.0	9.6	True	Zeta[5]
747	Landau-Kolmogorov constant C(3,1) for derivatives in the case L_infinity(-infinity, infinity)	none	64	exact	6	THREE, x, POWER	EIGHT, NINE, DIVIDE	0.000e+00	1	0.0	64.0	True	
748	log10(11)	elementary	64	not found	9	x, COS, GAMMA, SINH	GOLDENRATIO, LOG, ARCTANH, GAMMA, COSH	1.821e-10	0	0.0	9.7	True	Log[10, 11]
749	sec(phi), a constant related to the "broadworm" (or "caliper") problem	none	64	not found	9	x, SQR, TAN, SIN	EULER, TWO, POWER, SQRT, LOG	2.873e-11	0	0.0	10.5	True	
750	Landau-Kolmogorov constant C(5,1) for derivatives in the case L_infinity(infinity, infinity)	none	64	not found	9	x, TAN, SINH, GAMMA	SIX, SIN, GAMMA, COSH, ARCTAN	5.236e-10	0	0.0	9.3	True	
751	li(2) = gamma + log(log(2)) + Sum_{k>=1} log(2)^k / ( k*k! )	special	64	not found	9	SEVEN, x, POWER, SQR	NINE, TAN, EULER, TIMES, COSH	1.334e-10	0	0.0	9.9	True	LogIntegral[2]
752	third pi	elementary	64	exact	4	x	TWO, INV, ARCCOS	0.000e+00	3	0.0	64.0	True	Pi/3
753	asymptotic constant in Goebel's sequence A003504	none	64	not found	9	x, TANH, GAMMA, INV	PI, TWO, ARCTAN, POWER, ARCCOSH	5.748e-10	0	0.0	9.2	True	
754	Sum_{i>=0} 1/(2*i+1)^3	special	64	not found	9	x, EXP, SIX, TIMES	SIX, ARCSINH, ARCCOSH, EXP, GAMMA	1.495e-10	0	0.0	9.8	True	7 Zeta[3]/8
755	192*K^2*G/Pi^4 = Product_{p prime congruent to 1 modulo 4} (1 + 1/p^2), where K is the Landau-Ramanujan constant and G C	none	64	not found	9	x, SQR, SQR, SINH	EULER, GOLDENRATIO, DIVIDE, ARCSINH, GAMMA	4.370e-10	0	0.0	9.4	True	
756	1/2+2/sqrt(13), a constant related to the asymptotic evaluation of the number of self-avoiding rook paths joining opposi	algebraic	64	exact	9	TWO, INV, x, SUBTRACT	TWO, THREE, DIVIDE, ARCTAN, COS	0.000e+00	1	0.0	63.5	True	1/2 + 2/Sqrt[13]
757	an infinite product involving the ratio of n! to its Stirling approximation	special	64	not found	9	PI, x, POWER, LOG	GOLDENRATIO, SINH, COSH, INV, ARCSINH	3.923e-10	0	0.0	9.4	True	Glaisher^3/(2^(7/12)*Pi^(1/4))
758	Twelfth root of 2	algebraic	64	exact	5	SIX, x, POWER	TWO, SQRT	0.000e+00	4	0.0	63.4	True	2^(1/12)
759	(3/4)*sqrt(2)	algebraic	64	exact	5	x	THREE, INV, ARCTANH, COSH	0.000e+00	8	0.0	63.3	True	3 Sqrt[2]/4
760	I, a constant appearing (as I^2) in the asymptotic variance of the area of the convex hull of random points in the unit 	special	64	exact	9	TWO, SQRT, x, TIMES	TWO, LOG, SINH, GAMMA, SQR	0.000e+00	1	0.0	63.5	True	Sqrt[2]*Pi^2/Gamma[1/4]^2
761	(8*G - Pi*log(2 + sqrt(3)))/3, where G = A006752	special	64	not found	9	NINE, x, DIVIDE, GAMMA	SEVEN, ARCSINH, ARCSINH, COSH, SQR	8.073e-10	0	0.0	9.1	True	(8Catalan-Pi Log[2+Sqrt[3]])/3
762	(gamma + log(16))/Pi	special	64	not found	9	x, SQR, COS, GAMMA	GOLDENRATIO, LOG, INV, COSH, ARCSINH	2.897e-10	0	0.0	9.5	True	(EulerGamma + Log[16])/Pi
763	m_3, the expected number of returns to the origin in a three-dimensional random walk restricted to the region x >= y >= 	none	64	not found	9	x, ARCSINH, ARCSIN, TAN	NINE, ARCSINH, LOG, ARCSINH, EXP	6.514e-11	0	0.0	10.2	True	
764	Sum_{k >= 0} 1/(4*k+1)^2	special	64	not found	9	x, ARCCOSH, GAMMA, SINH	SIX, INV, ARCCOS, SEVEN, DIVIDE	9.133e-11	0	0.0	10.0	True	Catalan/2 + Pi^2/16
765	expected number of returns to the origin of a random walk on an 8-d lattice	none	64	not found	9	x, ARCCOSH, SQR, ARCSIN	NEG, COSH, ARCTAN, SINH, LOG	6.193e-10	0	0.0	9.2	True	
766	beta = 1.07869..., the best constant in Friedrichs' inequality in one dimension	none	64	not found	9	x, COSH, TAN, ARCSINH	PI, SEVEN, EXP, SIN, SUBTRACT	6.256e-12	0	0.0	11.2	True	
767	Landau-Kolmogorov constant C(4,1) for derivatives in the case L_infinity(infinity, infinity)	none	64	exact	9	x, EIGHT, DIVIDE, SQR	SIX, GAMMA, SQRT, FIVE, TIMES	0.000e+00	1	0.0	63.4	True	
768	c = twice the maximum of Dawson's integral, a constant used in the asymptotic evaluation of the ideal hyperbolic n-cube 	none	64	not found	9	x, EXP, SQRT, ARCTAN	FIVE, COS, ARCCOS, INV, ARCTANH	2.653e-13	0	0.0	12.6	True	
769	zeta(4) = pi^4/90	elementary	64	exact	9	SEVEN, GAMMA, x, TIMES	PI, SQR, SQR, EIGHT, TIMES	0.000e+00	1	0.0	63.4	True	Pi^4/90
770	6*exp(gamma)/Pi^2	special	64	not found	8	x, ARCSINH, ARCSINH, ARCSINH	FIVE, TANH, SQRT, TANH	5.357e-10	0	0.0	9.3	True	6*Exp[EulerGamma]/Pi^2
771	Feller α coin-tossing constant	algebraic	64	not found	9	EULER, x, POWER, GAMMA	NINE, SIN, ONE, ARCTAN, POWER	2.824e-10	0	0.0	9.5	True	(2*(-1 - 2/(17 + 3*Sqrt[33])^(1/3) + (17 + 3*Sqrt[33])^(1/3)))/3
772	1/Gamma(7/4)	special	64	exact	6	x	FOUR, SEVEN, DIVIDE, GAMMA, INV	0.000e+00	2	0.0	63.7	True	1/Gamma[7/4]
773	Pi*log(2)/2	elementary	64	exact	6	x	ONE, ARCSIN, TWO, POWER, LOG	0.000e+00	10	0.0	63.4	True	Pi*Log[2]/2
775	1/2+G/Pi, the highest limiting crest of a square wave Fourier series, where G is the Gibbs-Wilbraham constant	none	64	not found	9	x, EXP, ARCTAN, ARCCOSH	NINE, SINH, COS, TAN, SQRT	1.448e-10	0	0.0	9.8	True	
776	expected number of returns to the origin of a random walk on a 7-d lattice	none	64	not found	9	x, SQR, TAN, ARCCOSH	NINE, EIGHT, COS, DIVIDE, ARCCOS	9.364e-10	0	0.0	9.0	True	
777	Gamma(1/4)^4/(16*Pi^2)	special	64	not found	9	TWO, SQRT, x, DIVIDE	EIGHT, SIN, TANH, ARCSINH, ARCSIN	3.433e-10	0	0.0	9.5	True	Gamma[1/4]^4/(16Pi^2)
778	square root of 6/5	none	64	exact	5	x	FIVE, SIX, DIVIDE, SQRT	0.000e+00	2	0.0	63.4	True	
779	a 5-dimensional analog of DeVicci's tesseract constant	algebraic	64	exact	6	THREE, SQRT, x, PLUS	EIGHT, SQRT	0.000e+00	3	0.0	63.4	True	Sqrt[11-4*Sqrt[6]]
781	ln(3)	elementary	64	exact	3	x	THREE, LOG	0.000e+00	1	0.0	63.5	True	Log[3]
782	Paris constant	special	64	not found	9	x, GAMMA, ARCSINH, ARCSIN	SEVEN, INV, SINH, SIN, COSH	5.897e-10	0	0.0	9.2	True	ConditionalExpression[Extension`ParisConstant == Limit[(2*GoldenRatio)^\[FormalN]*(GoldenRatio - Subscript[\[FormalCapitalF], \[FormalN]]), \[FormalN] -> Infinity]/2, Subscript[\[FormalCapitalF], 1] == 1 && Subscript[\[FormalCapitalF], \[FormalN]] == Sqrt[1 + Subscript[\[FormalCapitalF], -1 + \[FormalN]]]]
783	Lengyel constant	special	64	not found	8	GOLDENRATIO, EXP, x, POWER	GOLDENRATIO, ARCSINH, ARCSINH, COSH	1.978e-11	0	0.0	10.7	True	ConditionalExpression[Extension`LengyelConstant == Limit[(2^\[FormalN]*\[FormalN]^(1 + Log[2]/3)*Subscript[\[FormalC], \[FormalN]]*Log[2]^\[FormalN])/\[FormalN]!^2, \[FormalN] -> Infinity], Subscript[\[FormalC], 1] == 1 && Subscript[\[FormalC], \[FormalN]] == Sum[StirlingS2[\[FormalN], \[FormalK]]*Subscript[\[FormalC], \[FormalK]], {\[FormalK], 1, -1 + \[FormalN]}]]
784	log 4π	elementary	64	not found	9	x, COS, TAN, INV	TWO, COS, ARCTANH, ARCSIN, ARCCOS	2.111e-10	0	0.0	9.7	True	Log10[4*Pi]
785	9*Sum_{k>=1} 1/(10^k-1)	none	64	not found	9	x, ARCSINH, INV, TAN	GOLDENRATIO, ARCCOSH, TWO, PLUS, SQRT	3.165e-11	0	0.0	10.5	True	
786	1/Gamma(5/4)	special	64	exact	6	x	TWO, LOG, COSH, GAMMA, INV	0.000e+00	3	0.0	63.4	True	1/Gamma[5/4]
788	sqrt(8/Pi)*log(2), a constant related to the asymptotic evaluation of the minimum number of one-dimensional random walks	elementary	64	exact	7	x, FOUR, LOG, DIVIDE	ONE, ARCSIN, SQRT	0.000e+00	6	0.0	64.0	True	Sqrt[8/Pi]*Log[2]
790	1/Gamma(5/3)	special	64	exact	6	x	THREE, LOG, COSH, GAMMA, INV	0.000e+00	2	0.0	64.0	True	1/Gamma[5/3]
791	Pi/(2*sqrt(2))	none	64	exact	5	x	EIGHT, SQRT, PI, DIVIDE	0.000e+00	2	0.0	63.6	True	
792	4*L/(3*Pi), a constant related to the asymptotic evaluation of the number of primes of the form a^2+b^4, where L is Gaus	none	64	not found	9	x, SINH, EXP, TAN	NINE, COSH, ARCTAN, COSH, LOG	6.247e-10	0	0.0	9.2	True	
793	log10(13)	elementary	64	not found	9	x, SIN, LOG, ARCSINH	SEVEN, SINH, COS, SINH, SIN	1.772e-10	0	0.0	9.8	True	Log[10, 13]
794	positive real root of 3*x^4 - x^3 - x^2 - 2, a constant related to quasi-isometric mappings	none	64	not found	9	x, TAN, LOG, ARCSIN	SIX, SQR, ARCTAN, TANH, SIN	1.429e-09	0	0.0	8.8	True	
795	Landau-Kolmogorov constant C(5,2) for derivatives in the case L_infinity(infinity, infinity)	none	64	not found	9	NINE, x, POWER, GAMMA	EULER, SQR, FIVE, TIMES, ARCTAN	1.665e-10	0	0.0	9.8	True	
796	expected number of returns to the origin of a random walk on a 6-d lattice	none	64	not found	9	x, ARCCOSH, SQR, ARCTAN	TWO, ARCTAN, SQRT, LOG, SQRT	1.769e-10	0	0.0	9.8	True	
797	Goh-Schmutz constant	special	64	not found	9	THREE, x, POWER, INV	SIX, EULER, DIVIDE, COS, TANH	5.599e-10	0	0.0	9.3	True	-Sum[(E^\[FormalK]*ExpIntegralEi[-\[FormalK]])/\[FormalK], {\[FormalK], 1, Infinity}]
798	Steinitz constant of the Euclidean plane	algebraic	64	exact	4	x	GOLDENRATIO, LOG, COSH	0.000e+00	2	0.0	63.6	True	Sqrt[5]/2
799	Landau-Kolmogorov constant C(5,3) for derivatives in the case L_infinity(infinity, infinity)	none	64	not found	9	x, ARCCOSH, COS, ARCSINH	FOUR, LOG, SQRT, SIN, SIN	1.439e-09	0	0.0	8.8	True	
800	1/Gamma(4/3)	special	64	exact	6	x	THREE, LOG, SINH, GAMMA, INV	0.000e+00	3	0.0	63.6	True	1/Gamma[4/3]
801	2*exp(-gamma)	special	64	not found	9	x, THREE, TANH, DIVIDE	FOUR, TANH, SQRT, ARCTAN, SQRT	5.313e-11	0	0.0	10.3	True	2*Exp[-EulerGamma]
802	zeta(7/2)	special	64	not found	9	x, INV, ARCTANH, TAN	SEVEN, SIN, TAN, EIGHT, TIMES	2.706e-10	0	0.0	9.6	True	Zeta[7/2]
803	2/sqrt(pi)	elementary	64	exact	5	x	ONE, ARCTAN, INV, SQRT	0.000e+00	5	0.0	63.4	True	2/Sqrt[Pi]
805	a coefficient associated with the asymptotics of the average distance between a vertex and the root of a random rooted t	none	64	not found	9	x, TANH, ARCCOS, SQRT	NEG, TAN, COSH, LOG, SIN	1.546e-10	0	0.0	9.8	True	
806	digital search tree β constant	special	64	not found	9	x, COSH, SINH, LOG	SEVEN, GOLDENRATIO, POWER, ARCTAN, ARCTAN	2.078e-10	0	0.0	9.7	True	-1 + (Log[2]*QPolyGamma[0, 1, 1/2] + QPolyGamma[1, 1, 1/2])/Log[2]^2
807	extreme value skewness	special	64	not found	9	x, TAN, SIN, ARCTANH	EIGHT, SQR, SIN, COSH, ARCSINH	3.779e-10	0	0.0	9.4	True	12*Sqrt[6]*Zeta[3]/Pi^3
808	a function approximation constant which is the analog of Gibbs's constant 2*G/Pi (A036793) for de la Vallée-Poussin sums	none	64	not found	9	SIX, SIN, x, TIMES	FIVE, EIGHT, DIVIDE, TAN, SIN	2.268e-11	0	0.0	10.6	True	
809	ln(pi)	elementary	64	exact	3	x	PI, LOG	0.000e+00	1	0.0	63.4	True	Log[Pi]
810	1/sqrt(tanh(1))	elementary	64	exact	5	x	ONE, TANH, INV, SQRT	0.000e+00	5	0.0	63.5	True	1/Sqrt[Tanh[1]]
811	Goldbach-Vinogradov constant	special	64	not found	9	x, SQR, TWO, SUBTRACT	EIGHT, SQR, COS, SQRT, ARCSIN	3.176e-10	0	0.0	9.5	True	Product[1 + (-1 + Prime[\[FormalK]])^(-3), {\[FormalK], 1, Infinity}]/2
812	Pi^2/(16*K^2*G) = Product_{p prime congruent to 3 modulo 4} (1 + 1/p^2), where K is the Landau-Ramanujan constant and G 	none	64	not found	9	EIGHT, x, POWER, EXP	EULER, TANH, ARCCOS, THREE, DIVIDE	2.175e-09	0	0.0	8.7	True	
813	Second Hermite constant	algebraic	64	exact	5	x	TWO, INV, ARCTANH, COSH	0.000e+00	11	0.0	64.0	True	2/Sqrt[3]
814	expected number of returns to the origin of a random walk on a 5-d lattice	none	64	not found	9	x, TAN, COS, SQR	SEVEN, TANH, TAN, LOG, ARCTAN	9.627e-11	0	0.0	10.0	True	
815	cubic recurrence constant	special	64	not found	9	x, SIN, SQRT, EXP	FIVE, COS, SEVEN, SUBTRACT, ARCSINH	3.074e-10	0	0.0	9.5	True	Product[\[FormalK]^3^(-\[FormalK]), {\[FormalK], 1, Infinity}]
816	'xiHat', a constant used in the asymptotic evaluation of e.g.f. coefficients for the number of labeled mobiles	none	64	not found	9	x, SIN, COSH, COS	NEG, TANH, FOUR, POWER, SQR	3.791e-10	0	0.0	9.4	True	
817	grazing goat constant	special	64	not found	9	x, INV, GAMMA, ARCSINH	PI, PI, PLUS, LOG, TANH	1.424e-11	0	0.0	10.8	True	Root[{Pi - 2*ArcCos[1 - #1^2/2] - 2*ArcCos[#1/2]*#1^2 + #1*Sqrt[4 - #1^2] & , 1.158728473018121517828233509934`30.063981678858028}]
818	Given the two curves y = exp(-x) and y = 2/(exp(x) + exp(x/2)), draw a line tangent to both. This sequence is the decima	none	64	not found	9	x, COS, ARCSINH, LOG	SIX, INV, ARCSIN, LOG, TANH	1.599e-10	0	0.0	9.8	True	
819	expectation of the maximum of a size 5 sample from a normal (0,1) distribution	special	64	not found	9	x, COS, SQRT, SINH	SIX, ARCSINH, LOG, SQR, COS	1.457e-10	0	0.0	9.8	True	5/Sqrt[Pi] - 15*ArcCsc[Sqrt[3]]/Pi^(3/2)
820	'c', an optimal stopping constant associated with the two choice case	none	64	not found	9	SIX, ARCSINH, x, DIVIDE	FIVE, ARCCOSH, COS, SQR, ARCTANH	3.544e-10	0	0.0	9.5	True	
821	spanning tree constant of the square lattice	special	64	not found	9	x, TWO, POWER, COSH	ONE, ARCSINH, ARCSINH, SIX, TIMES	3.049e-10	0	0.0	9.5	True	4*Catalan/Pi
822	(5 + 3*sqrt(5))/10	algebraic	64	exact	6	x	TWO, ARCTAN, COS, GOLDENRATIO, SUBTRACT	0.000e+00	9	0.0	63.5	True	(5 + 3 Sqrt[5])/10
823	sinh one	elementary	64	exact	3	x	ONE, SINH	0.000e+00	1	0.0	64.0	True	Sinh[1]
824	Salem constant	algebraic	64	not found	9	FIVE, ARCCOSH, x, DIVIDE	NINE, GOLDENRATIO, THREE, PLUS, DIVIDE	2.438e-10	0	0.0	9.6	True	Root[1 + #1 - #1^3 - #1^4 - #1^5 - #1^6 - #1^7 + #1^9 + #1^10 & , 2, 0]
825	root ln four	elementary	64	exact	4	x	FOUR, LOG, SQRT	0.000e+00	2	0.0	63.4	True	Sqrt[Log[4]]
826	Gibbs constant	special	64	not found	9	x, TAN, COSH, COS	SEVEN, ARCSINH, ARCCOSH, INV, COS	9.985e-10	0	0.0	9.0	True	(2*SinIntegral[Pi])/Pi
827	Lévy's constant	elementary	64	exact	7	EIGHT, LOG, x, TIMES	NEG, ARCSIN, SQR	0.000e+00	8	0.0	63.5	True	Pi^2/(12*Log[2])
828	Foias constant	none	64	not found	9	x, TAN, NEG, PLUS	THREE, SQRT, FOUR, DIVIDE, ARCCOSH	3.039e-10	0	0.0	9.5	True	
829	2^(1/4)	algebraic	64	exact	4	x	TWO, SQRT, SQRT	0.000e+00	2	0.0	63.6	True	2^(1/4)
830	theta_2, one of the angles associated with the bow-and-arrow configuration used in the 2-arc smallest length problem	none	64	not found	9	x, TWO, SUBTRACT, SQR	GOLDENRATIO, TWO, SIN, POWER, COS	2.174e-10	0	0.0	9.7	True	
831	arithmetic-geometric mean constant	special	64	not found	9	SIX, x, SUBTRACT, TAN	FOUR, ARCCOSH, GOLDENRATIO, TIMES, SQR	1.567e-10	0	0.0	9.8	True	(2*Pi^(3/2)*Sqrt[2])/Gamma[1/4]^2
832	real fixed point of coth(z)	special	64	not found	9	x, SQR, ARCCOSH, COS	NINE, LOG, LOG, TANH, ARCSINH	2.373e-10	0	0.0	9.6	True	Root[{-Coth[#1] + #1 & , 1.199678640257733833916369848641`30.079064926502777}]
833	lim_{n->infinity} ((1/log(n)^2)*Product_{2 < p < n, p prime} p/(p-2))	none	64	not found	9	PI, SQRT, x, TIMES	EULER, FIVE, DIVIDE, SINH, GAMMA	3.028e-10	0	0.0	9.5	True	
834	sqrt(e^(1/e)) = 1.20194336847031	elementary	64	exact	5	x	EULER, INV, EXP, SQRT	0.000e+00	4	0.0	63.9	True	E^(E^-1/2)
835	Apéry's constant	special	64	not found	9	x, NINE, TANH, DIVIDE	EIGHT, TAN, FOUR, DIVIDE, COS	3.281e-10	0	0.0	9.5	True	Zeta[3]
836	growth constant in random Fibonacci sequence	algebraic	64	not found	9	EULER, x, SIN, POWER	NINE, TANH, TANH, SIN, SQRT	2.336e-11	0	0.0	10.6	True	Root[#1^3 + #1^2 - #1 - 2 &, 1]
837	sqrt(A224273)	special	64	not found	9	x, TAN, ARCCOSH, ARCCOSH	GOLDENRATIO, GAMMA, ARCSINH, ARCSIN, INV	1.925e-10	0	0.0	9.7	True	Sqrt[3] Gamma[1/3]^(3/2)/(2 Pi)
838	2/sqrt(e), a constant appearing in the expression of the asymptotic expected volume V(d) of the convex hull of randomly 	elementary	64	exact	5	x	EULER, FOUR, DIVIDE, SQRT	0.000e+00	3	0.0	63.4	True	2/Sqrt[E]
839	12/Pi^2	elementary	64	exact	6	x	NEG, ARCSIN, SQR, THREE, DIVIDE	0.000e+00	3	0.0	63.7	True	12/Pi^2
840	positive real root of x^4 - x - 1	algebraic	64	not found	9	x, TAN, COS, ARCTAN	THREE, COS, TANH, TANH, TAN	1.483e-10	0	0.0	9.8	True	Root[#1^4 - #1 - 1 &, 2]
841	Mertens constant C(5,1)	none	64	not found	9	PI, GAMMA, x, POWER	NINE, SIN, ARCSIN, INV, ARCSINH	7.593e-10	0	0.0	9.1	True	
842	Gamma(3/4)	special	64	exact	5	x	TWO, LOG, SINH, GAMMA	0.000e+00	1	0.0	63.6	True	Gamma[3/4]
843	Fibonacci factorial constant	special	64	not found	9	x, COSH, SQR, GAMMA	NEG, COS, ARCTAN, GAMMA, COSH	4.401e-10	0	0.0	9.4	True	QPochhammer[-GoldenRatio^(-2)]
844	log10(17)	elementary	64	not found	9	x, GAMMA, ARCSIN, ARCCOSH	NEG, TAN, NEG, SUBTRACT, ARCSINH	3.643e-10	0	0.0	9.4	True	Log[10, 17]
845	Second Favard constant	elementary	64	exact	5	x	EIGHT, PI, SQR, DIVIDE	0.000e+00	2	0.0	64.0	True	Pi^2/8
846	Feller β coin-tossing constant	algebraic	64	not found	9	x, TAN, PI, DIVIDE	PI, COSH, INV, SIN, EXP	2.156e-10	0	0.0	9.7	True	(2 + 4*(17 + 3*Sqrt[33])^(1/3) - (17 + 3*Sqrt[33])^(2/3))/(6 + 9*(17 + 3*Sqrt[33])^(1/3) - 3*(17 + 3*Sqrt[33])^(2/3))
847	expected number of returns to the origin of a random walk on a 4-d lattice	none	64	not found	9	x, TWO, SUBTRACT, ARCTANH	SEVEN, ARCTAN, SIN, SQRT, SQRT	1.767e-09	0	0.0	8.8	True	
848	Bertrand's constant	none	46	not found	9	THREE, x, DIVIDE, SIN	THREE, ARCCOSH, LOG, TAN, SQR	2.423e-11	0	0.0	10.6	True	
849	root half pi	elementary	64	exact	4	x, SQR	ONE, ARCSIN	0.000e+00	2	0.0	63.9	True	Sqrt[Pi/2]
850	Khinchin-Lévy sum constant	special	64	not found	9	x, COS, SIN, SQRT	PI, ARCCOSH, PI, DIVIDE, LOG	1.196e-09	0	0.0	8.9	True	Sum[Log[1 + \[FormalK]]/(\[FormalK]*(1 + \[FormalK])), {\[FormalK], 1, Infinity}]
851	Cube root of 2	algebraic	64	exact	4	THREE, x, POWER	TWO	0.000e+00	4	0.0	63.9	True	2^(1/3)
852	limiting length appearing in the asymptotic probability involved in the "stick breaking" problem	none	64	not found	9	x, LOG, ARCSIN, LOG	NEG, COS, EULER, COS, SUBTRACT	1.913e-10	0	0.0	9.7	True	
853	c*sqrt(e/2), a constant associated with Dawson's integral and the asymptotic evaluation of the ideal hyperbolic n-cube v	none	64	not found	9	TWO, x, COSH, DIVIDE	FOUR, ARCSINH, NEG, PLUS, GAMMA	1.486e-10	0	0.0	9.8	True	
854	fractal dimension of Koch snowflake	elementary	64	exact	4	x, THREE, POWER	FOUR	0.000e+00	2	0.0	63.6	True	Log[4]/Log[3]
855	Vardi constant	special	64	not found	9	x, SQR, TANH, TAN	EIGHT, TANH, ONE, PLUS, ARCCOSH	3.912e-11	0	0.0	10.4	True	ConditionalExpression[Extension`VardiConstant == (Exp[Sum[2^(-1 - \[FormalK])*Log[1 + (-1 + 2*Subscript[\[FormalA], \[FormalK]])^(-2)], {\[FormalK], 1, Infinity}]]*Sqrt[6])/2, Subscript[\[FormalA], 0] == 2 && Subscript[\[FormalA], \[FormalN]] == 1 - Subscript[\[FormalA], -1 + \[FormalN]] + Subscript[\[FormalA], -1 + \[FormalN]]^2]
856	expectation of the maximum of a size 6 sample from a normal (0,1) distribution	none	64	not found	9	x, SQR, ARCSINH, COS	PI, INV, ARCTAN, ARCTANH, ARCSINH	1.896e-09	0	0.0	8.7	True	
857	constant c_0 appearing in the asymptotic evaluation of the n-th Lebesgue constant (related to Fourier series) as L_n ~ (	none	64	not found	9	EULER, x, ARCCOSH, POWER	ONE, TANH, EXP, ARCSINH, LOG	4.293e-11	0	0.0	10.4	True	
858	Ramanujan-Forsyth series constant	elementary	64	exact	4	x	ONE, ARCTAN, INV	0.000e+00	2	0.0	63.4	True	4/Pi
859	log10(19)	elementary	64	not found	9	EULER, x, TAN, SUBTRACT	GOLDENRATIO, COSH, SIN, EXP, INV	8.161e-10	0	0.0	9.1	True	Log[10, 19]
860	Glaisher-Kinkelin constant	special	64	not found	9	x, FOUR, ARCSINH, DIVIDE	FOUR, COS, EXP, SINH, GAMMA	2.100e-10	0	0.0	9.7	True	Glaisher
861	theta_1, one of the angles associated with the bow-and-arrow configuration used in the 2-arc smallest length problem	none	64	not found	9	x, EULER, PLUS, SINH	TWO, SINH, SIX, ARCSINH, POWER	7.561e-11	0	0.0	10.1	True	
862	ln(Gamma(1/4))	special	64	exact	5	x	FOUR, INV, GAMMA, LOG	0.000e+00	2	0.0	63.4	True	LogGamma[1/4]
863	integral of the q-Pochhammer symbol over -1..1	elementary	64	not found	9	x, ARCCOSH, COS, TANH	ONE, TANH, ARCSINH, ARCCOS, SQR	3.602e-10	0	0.0	9.4	True	4*Sqrt[3/23]*Pi*(2*Sinh[Sqrt[23]*Pi/6] + Sqrt[2]*Sinh[Sqrt[23]*Pi/4])/(2*Cosh[Sqrt[23]*Pi/3] - 1)
864	second Bernoulli sophomore dream constant	special	64	not found	9	x, COS, SINH, SQRT	EULER, ARCCOSH, ARCTAN, SQRT, COS	1.208e-10	0	0.0	9.9	True	Sum[\[FormalK]^(-\[FormalK]), {\[FormalK], 1, Infinity}]
865	(4/sqrt(Pi))*exp(-gamma/2)*K where K is the Landau-Ramanujan constant and gamma the Euler-Mascheroni constant	none	64	not found	9	x, EIGHT, POWER, LOG	FIVE, INV, NINE, ARCCOSH, SUBTRACT	5.726e-10	0	0.0	9.2	True	
866	Salem number of degree 38 (Mossinghoff)	algebraic	64	not found	9	GOLDENRATIO, SQR, x, POWER	PI, GAMMA, LOG, TANH, EXP	5.002e-10	0	0.0	9.3	True	Root[#1^38 - #1^36 - #1^34 - #1^29 + #1^28 - #1^24 - #1^14 + #1^10 - #1^9 - #1^4 - #1^2 + 1 &, 4]
868	Mertens constant C(5,4)	none	64	not found	9	x, NINE, DIVIDE, COS	EULER, SQRT, GAMMA, ARCTAN, SINH	5.512e-10	0	0.0	9.3	True	
871	Conway's constant	algebraic	64	not found	9	x, GAMMA, GAMMA, LOG	SEVEN, EIGHT, POWER, LOG, INV	3.922e-10	0	0.0	9.4	True	Root[-6 + 3*#1 - 6*#1^2 + 12*#1^3 - 4*#1^4 + 7*#1^5 - 7*#1^6 + #1^7 + 5*#1^9 - 2*#1^10 - 4*#1^11 - 12*#1^12 + 2*#1^13 + 7*#1^14 + 12*#1^15 - 7*#1^16 - 10*#1^17 - 4*#1^18 + 3*#1^19 + 9*#1^20 - 7*#1^21 - 8*#1^23 + 14*#1^24 - 3*#1^25 + 9*#1^26 + 2*#1^27 - 3*#1^28 - 10*#1^29 - 2*#1^30 - 6*#1^31 + #1^32 + 10*#1^33 - 3*#1^34 + #1^35 + 7*#1^36 - 7*#1^37 + 7*#1^38 - 12*#1^39 - 5*#1^40 + 8*#1^41 + 6*#1^42 + 10*#1^43 - 8*#1^44 - 8*#1^45 - 7*#1^46 - 3*#1^47 + 9*#1^48 + #1^49 + 6*#1^50 + 6*#1^51 - 2*#1^52 - 3*#1^53 - 10*#1^54 - 2*#1^55 + 3*#1^56 + 5*#1^57 + 2*#1^58 - #1^59 - #1^60 - #1^61 - #1^62 - #1^63 + #1^64 + 2*#1^65 + 2*#1^66 - #1^67 - 2*#1^68 - #1^69 + #1^71 & , 3, 0]
872	Mills' constant	special	64	not found	9	THREE, x, EXP, SUBTRACT	NINE, FIVE, COS, COS, POWER	7.758e-11	0	0.0	10.1	True	ConditionalExpression[Extension`MillsConstant == \[FormalX], ForAll[\[FormalN], Element[\[FormalN], Integers] && \[FormalN] > 0, Element[Floor[\[FormalX]^3^\[FormalN]], Primes]] && ForAll[Subscript[\[FormalX], 1], Subscript[\[FormalX], 1] < \[FormalX], Exists[\[FormalN], Element[\[FormalN], Integers] && \[FormalN] > 0, NotElement[Floor[Subscript[\[FormalX], 1]^3^\[FormalN]], Primes]]]]
873	first lemniscate constant	special	64	not found	9	x, FIVE, TIMES, COS	FIVE, SEVEN, DIVIDE, SINH, GAMMA	1.933e-10	0	0.0	9.7	True	Gamma[1/4]^2/(4*Sqrt[2*Pi])
874	Khinchin mean K_{-3}	none	64	not found	9	x, SINH, THREE, SUBTRACT	EULER, SINH, COS, INV, ARCTAN	3.204e-10	0	0.0	9.5	True	
875	3^(1/4)	algebraic	64	exact	4	x	THREE, SQRT, SQRT	0.000e+00	2	0.0	63.5	True	3^(1/4)
876	extended twin prime conjecture constant	special	64	not found	9	x, COSH, TAN, SQR	FOUR, FIVE, TIMES, TAN, SINH	1.600e-10	0	0.0	9.8	True	2*Product[1 - (-1 + Prime[\[FormalK]])^(-2), {\[FormalK], 2, Infinity}]
877	Plastic ratio	algebraic	64	not found	8	NINE, x, POWER, COS	SEVEN, INV, GAMMA, TANH	1.026e-10	0	0.0	10.0	True	(27/2 - (3*Sqrt[69])/2)^(1/3)/3 + ((9 + Sqrt[69])/2)^(1/3)/3^(2/3)
878	pi^(1/4)	elementary	64	exact	4	x	PI, SQRT, SQRT	0.000e+00	2	0.0	64.0	True	Pi^(1/4)
879	constant B3 (or B_3) related to the Mertens constant	none	64	not found	9	x, SQRT, ARCSINH, EXP	FOUR, TANH, ARCCOS, EULER, SUBTRACT	3.484e-10	0	0.0	9.5	True	
880	imaginary part of the solution of z = log z	special	64	not found	9	x, TAN, SIN, SINH	THREE, COS, TWO, SUBTRACT, COS	9.704e-10	0	0.0	9.0	True	Im[ProductLog[-1]]
881	monomer-dimer constant	special	64	not found	9	x, SIN, ARCSINH, ARCSINH	EULER, SINH, FIVE, DIVIDE, TAN	3.908e-11	0	0.0	10.4	True	E^(Catalan/Pi)
882	totient product constant	special	64	not found	9	x, COSH, SQRT, ARCCOSH	NINE, SQR, LOG, SQR, COS	1.309e-10	0	0.0	9.9	True	Product[1 + 1/((-1 + Prime[\[FormalK]])*Prime[\[FormalK]]^2), {\[FormalK], 1, Infinity}]
883	zeta(5/2)	special	64	not found	9	x, EIGHT, SUBTRACT, SIN	FIVE, SINH, COS, TANH, TAN	2.451e-10	0	0.0	9.6	True	Zeta[5/2]
884	entropy constant related to A063443	none	18	not found	9	SIX, ARCTAN, x, POWER	SEVEN, GOLDENRATIO, DIVIDE, SIX, POWER	2.062e-10	0	0.0	9.7	True	
885	'b', an auxiliary constant associated with the asymptotic probability of success in the full information version of the 	none	64	not found	9	x, EULER, DIVIDE, COSH	THREE, SIX, SINH, ARCTAN, POWER	2.636e-10	0	0.0	9.6	True	
886	Davis constant	special	64	not found	9	SEVEN, x, LOG, POWER	NINE, SINH, ONE, SIN, DIVIDE	6.711e-11	0	0.0	10.2	True	Pi^2/(8*Catalan)
887	'xi', a constant related to the second order quadratic recurrence q(0)=q(1)=1, q(n)=q(n-2)*(q(n-1)+1)	none	64	not found	9	x, SIN, PI, SUBTRACT	SIX, SQRT, SIN, GAMMA, COSH	3.130e-10	0	0.0	9.5	True	
888	mean number of iterations in comparing two numbers via their continued fractions	none	64	not found	9	x, SQRT, ARCCOSH, TAN	EULER, COS, SQR, ARCCOS, ARCSIN	1.570e-10	0	0.0	9.8	True	
889	expectation of the maximum of a size 7 sample from a normal (0,1) distribution	none	64	not found	9	x, SQRT, ARCCOSH, TAN	GOLDENRATIO, TANH, SIN, ARCSINH, ARCTAN	1.305e-11	0	0.0	10.9	True	
890	'c', an asymptotic constant related to a variation of the "Secretary problem" with a uniform distribution	none	64	not found	9	x, SEVEN, TAN, SUBTRACT	FOUR, LOG, INV, TANH, LOG	4.516e-11	0	0.0	10.3	True	
891	Gamma(2/3)	special	64	exact	5	x	THREE, TWO, DIVIDE, GAMMA	0.000e+00	1	0.0	64.0	True	Gamma[2/3]
892	golden spiral constant	elementary	64	exact	5	PI, x, POWER	GOLDENRATIO, SQR	0.000e+00	3	0.0	63.7	True	GoldenRatio^(2/Pi)
893	Pippenger product constant	elementary	64	exact	4	x	TWO, EULER, DIVIDE	0.000e+00	1	0.0	64.0	True	E/2
894	log10(23)	elementary	64	not found	9	x, LOG, ARCSINH, ARCTAN	NEG, SINH, EXP, ARCTAN, ARCSINH	2.399e-10	0	0.0	9.6	True	Log[10, 23]
895	log e^π	elementary	64	exact	7	x, PI, DIVIDE, EXP	NEG, NINE, SUBTRACT	0.000e+00	3	0.0	64.0	True	Log10[E^Pi]
896	Shallit constant	special	64	not found	9	x, SQRT, ARCCOSH, EXP	GOLDENRATIO, GAMMA, ARCCOS, ARCTANH, GAMMA	8.576e-10	0	0.0	9.1	True	ConditionalExpression[Extension`ShallitConstant == Limit[3*\[FormalN] - Min[Sum[Subscript[\[FormalX], \[FormalK]], {\[FormalK], 1, \[FormalN]}] + Sum[Product[Subscript[\[FormalX], \[FormalJ]]^(-1), {\[FormalJ], \[FormalI], \[FormalK]}], {\[FormalK], 1, \[FormalN]}, {\[FormalI], 1, \[FormalK]}]], \[FormalN] -> Infinity], Element[Subscript[\[FormalX], \[FormalJ]], Reals] && Subscript[\[FormalX], \[FormalJ]] > 0]
897	Hardy-Littlewood conjecture constant	special	64	not found	9	TWO, LOG, x, PLUS	GOLDENRATIO, GAMMA, EULER, DIVIDE, GAMMA	5.926e-10	0	0.0	9.2	True	Inactive[Product][1 - (-1)^((-1 + Prime[\[FormalK]])/2)/(-1 + Prime[\[FormalK]]), {\[FormalK], 2, Infinity}]
898	sum of 1/(p-1)^2 over all primes p	none	64	not found	9	x, COS, SQRT, SQRT	TWO, ARCTAN, SQRT, TANH, ARCTAN	7.910e-10	0	0.0	9.1	True	
899	Kneser-Mahler β constant	special	64	not found	9	x, COSH, TAN, GAMMA	TWO, ONE, TAN, EXP, DIVIDE	5.800e-10	0	0.0	9.2	True	Exp[(9 - PolyGamma[1, 2/3] + PolyGamma[1, 4/3])/(4*Pi*Sqrt[3])]
900	arccosh(8)/2 = ln((3 + sqrt 7)/sqrt 2)	elementary	64	exact	5	x	TWO, EIGHT, ARCCOSH, DIVIDE	0.000e+00	2	0.0	63.7	True	ArcCosh[8]/2
901	ln(4)	elementary	64	exact	3	x	FOUR, LOG	0.000e+00	1	0.0	64.0	True	Log[4]
903	Gamma(1/4)^4/(4*Pi^3)	special	64	exact	9	x, PI, DIVIDE, SQRT	TWO, LOG, SINH, GAMMA, SQR	0.000e+00	1	0.0	64.0	True	Gamma[1/4]^4/(4*Pi^3)
904	hard hexagon entropy constant	algebraic	64	not found	9	x, SINH, SINH, SINH	EULER, FOUR, TIMES, TWO, PLUS	4.424e-10	0	0.0	9.4	True	Root[-32751691810479015985152 + 97143135277377575190528*#1^4 - 73347491183630103871488*#1^6 - 71220809441400405884928*#1^8 + 107155448150443388043264*#1^10 - 72405670285649161617408*#1^12 + 2958015038376958230528*#1^14 + 7449488310131083100160*#1^16 + 797726698866658379776*#1^18 + 2505062311720673792*#1^20 + 2013290651222784*#1^22 + 25937424601*#1^24 &, 2]
905	e^(1/3)	elementary	64	exact	4	x	THREE, INV, EXP	0.000e+00	2	0.0	64.0	True	E^(1/3)
906	unique solution of the equation sum_(p prime)(1/p^x) = 1, a constant related to the asymptotic evaluation of the number 	none	64	not found	9	EULER, x, DIVIDE, ARCSIN	EULER, ARCSINH, COS, EXP, ARCCOS	5.572e-10	0	0.0	9.3	True	
907	Myrberg point	none	64	not found	9	x, SIN, ARCTAN, SQR	GOLDENRATIO, FIVE, ARCCOSH, TANH, DIVIDE	1.188e-10	0	0.0	9.9	True	
908	L = Integral_{t=0..1} 1/(1-2t^2/3) dt, an auxiliary constant associated with one of the integral inequalities studied by	elementary	64	exact	8	SIX, SQRT, x, DIVIDE	FOUR, FIVE, ARCCOSH, DIVIDE	0.000e+00	5	0.0	63.7	True	Sqrt[3/2]*ArcTanh[Sqrt[2/3]]
909	complex Grothendieck constant upper bound	special	64	not found	9	x, EIGHT, COS, SUBTRACT	FOUR, COS, SINH, SIN, INV	3.453e-11	0	0.0	10.5	True	(-EllipticE[-1] + 2*EllipticK[-1])^(-1)
910	1 + 1/(1*3) + 1/(1*3*5) + 1/(1*3*5*7) + 	special	64	not found	9	x, COS, ARCTANH, INV	EULER, TANH, ARCTAN, SEVEN, SUBTRACT	2.114e-10	0	0.0	9.7	True	Sqrt[E*Pi/2] * Erf[1/Sqrt[2]]
911	Pythagoras constant	algebraic	64	exact	3	x	TWO, SQRT	0.000e+00	1	0.0	64.0	True	Sqrt[2]
912	inverse of carefree constant	special	64	not found	9	x, TAN, COS, ARCSINH	TWO, ARCTAN, ARCSINH, ARCSIN, TANH	2.098e-11	0	0.0	10.7	True	Product[1 + (-1 + Prime[\[FormalK]] + Prime[\[FormalK]]^2)^(-1), {\[FormalK], 1, Infinity}]
913	Sum_{m >= 0, m not a binary self number} 2^(-m)	none	64	not found	9	GOLDENRATIO, x, DIVIDE, ARCTANH	EULER, SQRT, TANH, TANH, INV	4.736e-11	0	0.0	10.3	True	
914	expectation of the maximum of a size 8 sample from a normal (0,1) distribution	none	64	not found	9	x, TAN, SQRT, SIN	EIGHT, LOG, GAMMA, ARCCOSH, SQRT	2.282e-10	0	0.0	9.6	True	
915	'eta', a constant related to the second order quadratic recurrence q(0)=q(1)=1, q(n)=q(n-2)*(q(n-1)+1)	none	64	not found	9	x, ARCCOSH, NEG, TIMES	NINE, LOG, EXP, COSH, SIN	4.742e-10	0	0.0	9.3	True	
916	exp(sqrt(Pi/24))	elementary	64	exact	7	x, LOG	FIVE, GAMMA, PI, DIVIDE, SQRT	0.000e+00	5	0.0	63.7	True	Exp[Sqrt[Pi/24]]
917	first Lebesgue constant	elementary	64	exact	9	x, THREE, INV, SUBTRACT	NEG, ARCSIN, THREE, SQRT, DIVIDE	0.000e+00	2	0.0	64.0	True	1/3 + (2*Sqrt[3])/Pi
918	Cube root of 3	algebraic	64	exact	4	THREE, x, POWER	THREE	0.000e+00	3	0.0	63.5	True	3^(1/3)
919	log2(e)	elementary	64	exact	4	x	TWO, LOG, INV	0.000e+00	2	0.0	64.0	True	1/Log[2]
920	Steiner number	elementary	64	exact	4	x	EULER, INV, EXP	0.000e+00	2	0.0	63.7	True	E^E^(-1)
921	Khinchin mean K_{-2}	none	64	not found	9	EULER, TANH, x, SUBTRACT	PI, EIGHT, LOG, SQRT, DIVIDE	1.002e-09	0	0.0	9.0	True	
922	Soldner constant	special	64	not found	9	EIGHT, x, ARCTAN, POWER	SEVEN, INV, GAMMA, COS, ARCTAN	3.454e-10	0	0.0	9.5	True	Root[{LogIntegral[#1] & , 1.4513692348833810502839684858920274494930322836480158630931`30.}]
923	Backhouse's constant	special	64	not found	9	x, SQR, SINH, SINH	EULER, ONE, ARCSIN, POWER, EXP	5.122e-10	0	0.0	9.3	True	ConditionalExpression[Extension`BackhouseConstant == Limit[Abs[Subscript[\[FormalQ], 1 + \[FormalN]]/Subscript[\[FormalQ], \[FormalN]]], \[FormalN] -> Infinity], Sum[\[FormalZ]^\[FormalK]*Subscript[\[FormalQ], \[FormalK]], {\[FormalK], 0, Infinity}] == (1 + Sum[\[FormalZ]^\[FormalK]*Prime[\[FormalK]], {\[FormalK], 1, Infinity}])^(-1)]
924	AGM(1, 2)	special	64	not found	9	GOLDENRATIO, x, TAN, SUBTRACT	ONE, TAN, GAMMA, EIGHT, TIMES	6.017e-11	0	0.0	10.2	True	ArithmeticGeometricMean[1, 2]
926	1 - ln(1 - 1/e) (random mappings)	elementary	64	exact	7	x, TWO, SUBTRACT	EULER, NEG, PLUS, LOG	0.000e+00	4	0.0	63.8	True	1 - Log[1 - 1/E]
927	zeta(1/2) (negated)	special	64	not found	9	x, TANH, INV, COSH	EULER, SQRT, FIVE, ARCTAN, POWER	3.007e-10	0	0.0	9.5	True	-(Zeta[1/2])
928	Baxter's four-coloring constant	special	64	not found	9	x, SINH, SIN, ARCTANH	SEVEN, LOG, FOUR, SUBTRACT, SQRT	2.601e-10	0	0.0	9.6	True	3 Gamma[1/3]^3/(4 Pi^2)
929	position of the positive minimum of the gamma function	special	64	not found	9	x, ARCCOSH, SQR, TAN	FIVE, TANH, SIN, SQRT, ARCSIN	1.008e-10	0	0.0	10.0	True	Root[{PolyGamma[0, #1] & , 1.46163214496836234126265954233`29.164838085677864}]
930	log10(29)	elementary	64	not found	9	x, EXP, ARCCOSH, SIN	NINE, THREE, COSH, DIVIDE, ARCTAN	6.122e-10	0	0.0	9.2	True	Log[10, 29]
931	cbrt pi	elementary	64	exact	4	THREE, x, POWER	PI	1.516e-16	2	0.0	64.0	True	Pi^(1/3)
932	Supergolden ratio	algebraic	64	not found	9	x, SQR, LOG, SINH	FIVE, LOG, TANH, ARCTAN, ARCSIN	2.353e-10	0	0.0	9.6	True	(1 + (29/2 - (3*Sqrt[93])/2)^(1/3) + ((29 + 3*Sqrt[93])/2)^(1/3))/3
933	Porter's constant	special	64	not found	9	x, ARCCOSH, SQR, ARCCOS	SIX, TANH, GAMMA, COS, ARCSINH	1.735e-10	0	0.0	9.8	True	-1/2 + (6*Log[2]*(-2 + 4*EulerGamma + 3*Log[2] - (24*Derivative[1][Zeta][2])/Pi^2))/Pi^2
934	Product_{p prime} (1+1/p)^(1/p), an infinite product considered and computed by Marc Deléglise	none	64	not found	9	EULER, GAMMA, x, TIMES	GOLDENRATIO, COS, GOLDENRATIO, PLUS, SINH	2.128e-10	0	0.0	9.7	True	
935	variance of the degree (valency) of the root of a random rooted tree with n vertices	none	64	not found	9	x, ARCCOSH, ONE, SUBTRACT	EIGHT, ONE, TANH, ARCCOS, POWER	1.757e-10	0	0.0	9.8	True	
936	constant C such that Sum_{k>=1} 1/C^p(k) = 1 where p(k) is the k-th prime	none	64	not found	9	GOLDENRATIO, x, SUBTRACT, EXP	NINE, TAN, COSH, SQRT, SIN	1.756e-10	0	0.0	9.8	True	
937	Landau-Kolmogorov constant C(4,3) for derivatives in the case L_infinity(infinity, infinity)	none	64	exact	7	x, SQR	FIVE, INV, FIVE, SUBTRACT, SQRT	0.000e+00	4	0.0	63.9	True	
938	coefficient c_md in c_md*log(N)^(1/rho), the asymptotic mean number of distinct factors in a random factorization of n <	none	64	not found	9	x, ARCSINH, SQR, TAN	SIX, SIN, NINE, TIMES, COSH	1.111e-09	0	0.0	9.0	True	
939	Bateman-Grosswald constant zeta(2/3)/zeta(2), a constant (negated) arising in the asymptotic evaluation of the number of	special	64	not found	9	PI, x, TAN, SUBTRACT	GOLDENRATIO, SQR, TAN, ARCCOS, EXP	8.743e-10	0	0.0	9.1	True	-(Zeta[2/3] / Zeta[2])
940	smallest positive root of the function lambda(x) = Sum_{n>=0} (-1)^n*x^n/(2^(n*(n-1)/2)*n!)	none	64	not found	9	x, PI, POWER, COS	TWO, SQRT, THREE, TANH, DIVIDE	4.062e-10	0	0.0	9.4	True	
941	log10(31)	elementary	64	not found	9	GOLDENRATIO, x, ARCSINH, POWER	EULER, TAN, SQR, FOUR, POWER	3.069e-10	0	0.0	9.5	True	Log[10, 31]
942	Landau-Kolmogorov constant C(5,4) for derivatives in the case L_infinity(-infinity, infinity)	none	64	exact	7	FIVE, x, POWER	TWO, INV, SEVEN, PLUS	0.000e+00	1	0.0	63.5	True	
943	lim_{n -> infinity} A001699(n)^(1/2^n)	none	64	not found	9	x, COS, LOG, GAMMA	FIVE, ARCSINH, TWO, PLUS, SIN	4.908e-10	0	0.0	9.3	True	
944	hard square entropy constant	none	44	not found	9	x, COSH, SQR, COS	THREE, ARCSINH, ARCSINH, ARCTAN, ARCTAN	1.019e-10	0	0.0	10.0	True	
945	Greenfield-Nussbaum constant	none	64	not found	8	x, LOG, ARCCOS	GOLDENRATIO, ONE, ARCSINH, POWER, GAMMA	6.175e-10	0	0.0	9.2	True	
946	Selberg-Delange constant Product_{prime p > 2} (1 + 1/(p(p-2)))	none	64	not found	9	GOLDENRATIO, INV, x, POWER	FOUR, ARCTAN, ARCTAN, SQRT, ARCSIN	1.151e-10	0	0.0	9.9	True	
947	value of Watson's integral	special	64	not found	9	x, ARCCOSH, ARCSIN, GAMMA	TWO, ARCSINH, ARCCOSH, INV, SIN	3.354e-10	1	0.0	9.5	True	Sqrt[6]/32/Pi^3*Gamma[1/24]*Gamma[5/24]*Gamma[7/24]*Gamma[11/24]
948	(Glaisher^12/(2^(4/3) * Pi * e^EulerGamma))^(Pi^2/8)	special	64	not found	9	SEVEN, x, SINH, POWER	PI, ARCTAN, FIVE, SINH, POWER	1.553e-10	0	0.0	9.8	True	(Glaisher^12/(2^(4/3)Pi E^EulerGamma))^(Pi^2/8)
949	Bateman-Stemmler constant	special	64	not found	9	TWO, x, EXP, DIVIDE	EULER, INV, TAN, EXP, COSH	1.804e-10	0	0.0	9.7	True	Product[(1 - (2 + KroneckerSymbol[-3, Prime[\[FormalK]]])/Prime[\[FormalK]])/(1 - Prime[\[FormalK]]^(-1))^2, {\[FormalK], 1, Infinity}]
950	equianharmonic Weierstrass elliptic ω_2 constant	special	64	not found	9	x, ARCTAN, ARCCOS, ARCSINH	NINE, PI, DIVIDE, ARCSIN, SQR	8.420e-10	0	0.0	9.1	True	Gamma[1/3]^3/(4*Pi)
951	exp(7*zeta(3)/(2*Pi^2))	special	64	not found	9	NEG, SIN, x, PLUS	EIGHT, TANH, GAMMA, TANH, SIN	9.903e-10	0	0.0	9.0	True	Exp[7*Zeta[3]/(2*Pi^2)]
952	Sum_{n>=1} 1/Fibonacci(2*n)	none	64	not found	9	x, COSH, SINH, SIN	PI, SQRT, LOG, ARCSINH, LOG	4.331e-10	0	0.0	9.4	True	
953	Lieb's square ice constant	algebraic	64	exact	7	x, LOG	SEVEN, INV, ARCTANH, THREE, TIMES	0.000e+00	12	0.0	63.7	True	8/(3*Sqrt[3])
954	Madelung 2D hexagonal lattice constant	special	64	not found	9	x, COSH, COSH, COS	GOLDENRATIO, SIX, LOG, GAMMA, POWER	1.027e-10	0	0.0	10.0	True	(-3 + Sqrt[3])*Zeta[1/2]*(Zeta[1/2, 1/6] + (1 - Sqrt[2])*Zeta[1/2, 1/3])
955	cosh one	elementary	64	exact	3	x	NEG, COSH	0.000e+00	1	0.0	63.7	True	Cosh[1]
956	maximal width of a Reuleaux triangle avoiding all vertices of the integer square lattice	none	64	not found	9	x, ARCTAN, ARCSIN, COSH	NEG, SIN, INV, GAMMA, ARCCOSH	4.257e-10	0	0.0	9.4	True	
957	Integral_{x=0..Pi/2} (x^2/sin(x)) dx	special	64	not found	9	x, SINH, LOG, INV	SIX, ARCCOSH, SQRT, GAMMA, TAN	4.071e-10	0	0.0	9.4	True	2*Pi*Catalan - 7*Zeta[3]/2
958	D(1/2), where D(x) is the infinite product function defined in the formula section (or in the Finch reference)	none	64	not found	9	x, TWO, POWER, SIN	TWO, ARCCOSH, SIX, SUBTRACT, INV	5.578e-11	0	0.0	10.3	True	
959	Calabi ratio	algebraic	64	not found	9	x, TANH, SINH, SINH	PI, TANH, ARCSINH, EXP, GAMMA	1.369e-10	0	0.0	9.9	True	1/3 + 11/(3*2^(1/3)*(-23 + (3*I)*Sqrt[237])^(1/3)) + (-23 + (3*I)*Sqrt[237])^(1/3)/(3*2^(2/3))
960	sqrt(sqrt(2) + 1)	algebraic	64	exact	5	x	ONE, ARCSINH, EXP, SQRT	0.000e+00	3	0.0	63.7	True	Sqrt[Sqrt[2] + 1]
961	c, a constant appearing in the asymptotic lower bound of the size of a restricted difference set	none	64	not found	9	EIGHT, x, ARCCOSH, POWER	EULER, COS, ONE, ARCSINH, POWER	1.279e-09	0	0.0	8.9	True	
962	triangular root of two	algebraic	64	exact	7	x, SQRT	TWO, FOUR, ARCSINH, DIVIDE, SINH	0.000e+00	4	0.0	63.5	True	(-1 + Sqrt[17])/2
963	log10(37)	elementary	64	not found	9	x, TWO, DIVIDE, COS	FOUR, EIGHT, ARCTAN, ARCSINH, DIVIDE	5.931e-10	0	0.0	9.2	True	Log[10, 37]
964	2*Sum_{k=1..50000} (-1)^(k-1)/(2k-1)	special	64	not found	9	x, COSH, TAN, COS	EULER, ARCCOSH, ARCSINH, SIN, TANH	4.066e-10	0	0.0	9.4	True	2*Sum[(-1)^(k - 1)/(2*k - 1), {k, 1, 50000}]
965	Favard constant	elementary	64	exact	3	x	ONE, ARCSIN	0.000e+00	1	0.0	64.0	True	Pi/2
966	10^(1/5)	algebraic	64	exact	6	FIVE, x, POWER	NEG, NINE, SUBTRACT	0.000e+00	1	0.0	63.7	True	10^(1/5)
967	Sierpiński triangle fractal dimension	elementary	64	exact	4	x, TWO, POWER	THREE	0.000e+00	3	0.0	63.5	True	Log[3]/Log[2]
968	Erdős–Borwein constant	special	64	not found	9	TWO, x, SINH, DIVIDE	GOLDENRATIO, ARCTAN, SIN, EXP, GAMMA	2.681e-11	0	0.0	10.6	True	(Log[2] - QPolyGamma[0, 1, 1/2])/Log[2]
969	ln(5)	elementary	64	exact	3	x	FIVE, LOG	0.000e+00	1	0.0	63.5	True	Log[5]
970	exponential primorial constant	none	64	not found	9	x, SQR, SIN, LOG	FOUR, SINH, SQRT, SQRT, COS	4.401e-11	0	0.0	10.4	True	
971	Cbrt[4π/3]	elementary	64	exact	6	THREE, x, POWER, TAN	THREE, SQRT	0.000e+00	3	0.0	63.6	True	CubeRoot[4*Pi/3]
972	log10(41)	elementary	64	not found	9	x, SQRT, SINH, GAMMA	GOLDENRATIO, FOUR, POWER, ARCTAN, TANH	2.842e-12	0	0.0	11.5	True	Log[10, 41]
973	z_tri, a constant related to the enumeration of spanning trees on the triangular lattice (this is different from A242968	none	64	not found	9	x, TANH, EXP, GAMMA	EULER, SIN, FIVE, TIMES, ARCCOSH	8.751e-11	0	0.0	10.1	True	
974	Madelung's constant M2	none	64	not found	9	FIVE, x, ARCSINH, POWER	EIGHT, SQRT, SIN, ARCTANH, INV	2.935e-10	0	0.0	9.5	True	
975	Golden ratio	algebraic	64	exact	2	x	GOLDENRATIO	0.000e+00	1	0.0	63.7	True	GoldenRatio
976	Odlyzko-Wilf constant	special	64	not found	9	x, LOG, SQRT, EXP	EIGHT, INV, ARCCOS, GOLDENRATIO, POWER	5.966e-11	0	0.0	10.2	True	ConditionalExpression[Extension`OdlyzkoWilfConstant == Limit[(2/3)^\[FormalN]*\[FormalS][\[FormalN]], \[FormalN] -> Infinity], \[FormalS][0] == 0 && \[FormalS][\[FormalN]] == 1 + Floor[(3*\[FormalS][-1 + \[FormalN]])/2]]
977	Product_{n>=1} (2n/(2n+1))^((-1)^t(n)), where t(n) = A010060(n) is the Thue-Morse sequence	none	64	not found	9	x, INV, ARCCOS, TANH	THREE, SIN, COSH, TANH, COS	1.896e-10	0	0.0	9.7	True	
978	log10(43)	elementary	64	not found	9	x, SIN, ARCCOS, ARCSINH	GOLDENRATIO, ARCTAN, PI, POWER, TAN	7.637e-11	0	0.0	10.1	True	Log[10, 43]
979	Erdős-Cohen constant	special	64	not found	9	x, TWO, SUBTRACT, ARCSIN	EULER, SIN, ARCSINH, ARCTAN, ARCSINH	1.838e-11	0	0.0	10.7	True	Sum[1/(Prime[\[FormalK]]*Log[Prime[\[FormalK]]]), {\[FormalK], 1, Infinity}]
980	2nd Lebesgue constant L2	elementary	64	not found	9	x, SQR, SIN, TAN	NINE, TANH, TAN, LOG, ARCSIN	2.829e-10	0	0.0	9.5	True	1/5 + Sqrt[25 - 2*Sqrt[5]]/Pi
981	Riemann ζ of 2	elementary	64	exact	5	x	SIX, PI, SQR, DIVIDE	0.000e+00	2	0.0	63.6	True	Pi^2/6
982	Product_{k>=0} (1+1/2^(2k))^(1/2)	special	64	not found	9	x, ARCTAN, PI, POWER	EIGHT, FIVE, ARCTAN, POWER, ARCSINH	6.056e-10	0	0.0	9.2	True	Sqrt[Product[1 + 1/2^(2*k), {k, 0, Infinity}]]
983	square root of e	elementary	64	exact	3	x	EULER, SQRT	0.000e+00	1	0.0	63.7	True	Sqrt[E]
984	minimum value of the function s(t) = (Pi + 2*sqrt(1 + t^2))/(1 + Pi/2 + t) for t > 0	elementary	64	not found	9	x, ARCSINH, NINE, DIVIDE	GOLDENRATIO, COSH, LOG, EIGHT, SUBTRACT	7.712e-10	0	0.0	9.1	True	2(Pi+Pi^2+Sqrt[8+Pi^3+4Pi(3+Sqrt[2+Pi])+Pi^2(7+2Sqrt[2+Pi])])/(4+Pi^2+Pi(4+Sqrt[2+Pi]))
985	Somos' quadratic recurrence constant	special	64	not found	9	x, TAN, INV, TANH	EIGHT, TAN, GOLDENRATIO, TIMES, INV	4.290e-11	0	0.0	10.4	True	E^(-Derivative[1, 0][PolyLog][0, 1/2])
986	Hermite's constant gamma_6 = 2/3^(1/6)	algebraic	64	exact	7	x, TWO, DIVIDE	SIX, INV, THREE, POWER	0.000e+00	4	0.0	63.6	True	2/3^(1/6)
987	log10(47)	elementary	64	not found	9	x, ARCTAN, LOG, SQR	EULER, SINH, GAMMA, TWO, DIVIDE	1.761e-09	0	0.0	8.8	True	Log[10, 47]
988	a constant related to A000621 and A000624	none	64	not found	9	FOUR, INV, x, SUBTRACT	FOUR, SIN, EXP, COS, ARCTANH	6.608e-10	0	0.0	9.2	True	
989	zeta(3/5) * zeta(4/5) * Product_{p prime} (1 - 1/p^(8/5) - 1/p^(9/5) - 1/p^2 + 1/p^(13/5) + 1/p^(14/5))	none	64	not found	9	EULER, x, POWER, TAN	EIGHT, GAMMA, LOG, LOG, SQRT	3.419e-10	0	0.0	9.5	True	
990	1 + log(2*Pi) - 2*gamma, where gamma is Euler's constant (A001620)	special	64	not found	9	x, SINH, GAMMA, ARCSINH	THREE, COSH, SIN, EXP, COSH	3.978e-11	0	0.0	10.4	True	1 + Log[2*Pi] - 2*EulerGamma
991	maximal circumradius of a planar convex set containing no lattice point except for the origin where it has its circumcen	none	64	not found	9	x, EXP, SEVEN, DIVIDE	SIX, EXP, COS, TAN, ARCCOS	1.005e-09	0	0.0	9.0	True	
992	Sum_{k>=0} 1/A007018(k)	none	64	not found	9	x, THREE, SUBTRACT, EXP	SIX, ARCTAN, SEVEN, ARCCOSH, TIMES	1.401e-09	0	0.0	8.9	True	
993	Niven's constant	special	64	not found	9	x, EULER, SUBTRACT, SQR	SIX, FIVE, ARCTAN, DIVIDE, COSH	1.816e-10	0	0.0	9.7	True	1 + Sum[1 - Zeta[n]^(-1), {n, 2, Infinity}]
994	Pi^2/(12*log(phi))	elementary	64	exact	7	TWO, ARCSINH, x, TIMES	NEG, ARCSIN, SQR	0.000e+00	9	0.0	63.6	True	Pi^2/(12*Log[GoldenRatio])
995	log10(53)	elementary	64	not found	9	x, SQR, FIVE, POWER	SIX, GAMMA, SIX, TAN, PLUS	8.427e-10	0	0.0	9.1	True	Log[10, 53]
996	Kalmar ρ composition constant	special	64	not found	8	x, FOUR, TIMES, COS	ONE, SIN, TAN, TANH	1.668e-11	0	0.0	10.8	True	Root[{-2 + Zeta[#1] & , 1.7286472389981836181351030103`29.237706376855613}]
997	Theodorus constant	algebraic	64	exact	3	x	THREE, SQRT	0.000e+00	1	0.0	63.6	True	Sqrt[3]
998	reciprocal of Euler γ	special	64	not found	9	x, ARCSINH, TAN, TAN	EULER, SINH, TAN, EULER, DIVIDE	5.376e-10	0	0.0	9.3	True	EulerGamma^(-1)
999	1/A347901	none	64	not found	9	GOLDENRATIO, INV, x, SUBTRACT	EULER, THREE, PLUS, COS, GAMMA	3.798e-10	0	0.0	9.4	True	
1000	sqrt(2*Pi)*log(2), a constant associated with asymptotic evaluation of random mapping statistics	elementary	64	exact	7	x, EXP	ONE, ARCSIN, SQRT, FOUR, POWER	1.278e-16	2	0.0	64.0	True	Sqrt[2*Pi]*Log[2]
1001	value of a nonregular continued fraction giving tau/(3*tau-1), where tau is the Prouhet-Thue-Morse constant	none	64	not found	9	x, COS, FOUR, POWER	NINE, ARCTAN, ARCTAN, GAMMA, ARCTAN	9.979e-10	0	0.0	9.0	True	
1002	'tau' (named sigma_2 by C. Pomerance), a constant associated with the expected number of random elements to generate a f	none	64	not found	9	x, ARCCOSH, SINH, TAN	EULER, SQRT, ARCCOSH, EIGHT, SUBTRACT	8.128e-11	0	0.0	10.1	True	
1003	Khinchin harmonic mean	special	64	not found	9	x, SINH, ARCTAN, ARCCOSH	ONE, TAN, GAMMA, SQR, TANH	1.298e-10	0	0.0	9.9	True	ConditionalExpression[Extension`KhinchinHarmonicMeanConstant == Limit[\[FormalN]/Sum[Subscript[\[FormalA], \[FormalK]]^(-1), {\[FormalK], 1, \[FormalN]}], \[FormalN] -> Infinity], Element[Subscript[\[FormalA], \[FormalK]], Integers] && Subscript[\[FormalA], \[FormalK]] > 0]
1004	Madelung constant (negated) for NaCl structure	special	64	not found	9	x, EXP, SIN, EXP	NINE, LOG, COSH, EULER, DIVIDE	7.637e-10	0	0.0	9.1	True	12Pi*Sum[ Sech[Pi/2*Sqrt[(2j + 1)^2 + (2k + 1)^2]]^2, {j, 0, 40}, {k, 0, 40}]
1005	continued fraction expansion [1; 1/2, 1/3, 1/4, 1/5, 1/6, ...]	elementary	64	exact	5	x, INV	ONE, SIN, ARCCOS	0.000e+00	4	0.0	64.0	True	2/(Pi - 2)
1006	Feller coin-tossing constant	algebraic	64	not found	9	x, SQR, LOG, COS	PI, SQR, TAN, ARCSINH, ARCTAN	6.286e-10	0	0.0	9.2	True	(2 + (25 - 3*Sqrt[69])^(1/3)/2^(1/3) + (25 + 3*Sqrt[69])^(1/3)/2^(1/3))/3
1007	nested radical constant	special	64	not found	9	EIGHT, TANH, x, SUBTRACT	SEVEN, ARCTAN, ARCCOSH, SQRT, ARCTAN	7.189e-10	0	0.0	9.1	True	Limit[Fold[Sqrt[#1 + #2] & , Sqrt[1 + \[FormalN]], Table[\[FormalI], {\[FormalI], \[FormalN], 1, -1}]], \[FormalN] -> Infinity]
1008	log 180/π	elementary	64	not found	9	x, ARCCOSH, ARCSINH, SQR	PI, FOUR, PLUS, LOG, GAMMA	1.736e-10	0	0.0	9.8	True	Log10[180/Pi]
1009	Product_{n>1} (1+1/n)^(1/n)	none	64	not found	9	x, FIVE, ARCSINH, SUBTRACT	FOUR, SIN, SIN, EXP, ARCTANH	2.405e-10	0	0.0	9.6	True	
1010	constant x such that x^x = e. Inverse of W(1), where W is Lambert's function	special	64	not found	9	x, COS, ARCTAN, ARCCOS	PI, SINH, LOG, COSH, LOG	1.415e-10	0	0.0	9.8	True	1/ProductLog[1]
1011	'b', an optimal stopping constant associated with the secretary problem when the objective is to maximize the hiree's ex	none	64	not found	8	x, LOG, TANH	EULER, PI, TANH, ARCTAN, POWER	1.177e-10	0	0.0	9.9	True	
1012	log10(59)	elementary	64	not found	9	x, EXP, COS, TAN	THREE, INV, GAMMA, ARCSINH, SQRT	1.447e-10	0	0.0	9.8	True	Log[10, 59]
1013	Sierpiński's S^ (Ŝ or "S hat" as named by S. Finch), a constant appearing in the asymptotics of the number of representa	none	64	not found	9	x, GAMMA, ARCCOS, COSH	NEG, ARCSIN, ARCSINH, COSH, ARCTAN	8.901e-10	0	0.0	9.1	True	
1014	Carlson-Levin constant	elementary	64	exact	3	x	PI, SQRT	1.253e-16	1	0.0	64.0	True	Sqrt[Pi]
1015	angle in radians at the apex of the Calabi triangle	none	64	not found	9	x, SEVEN, POWER, COS	THREE, ARCTAN, NEG, PLUS, COS	4.403e-10	0	0.0	9.4	True	
1016	10^(1/4)	algebraic	64	exact	5	x	THREE, ARCSINH, COSH, SQRT	0.000e+00	3	0.0	63.9	True	10^(1/4)
1017	3rd Lebesgue constant L3	elementary	64	not found	9	x, ARCSINH, ARCCOSH, INV	FOUR, ARCTAN, INV, TWO, SUBTRACT	9.616e-10	0	0.0	9.0	True	(3*Pi-14*Cos[Pi/14]+70*Cos[3*Pi/14]+154*Sin[Pi/7])/(21*Pi)
1018	exponential of Euler γ	special	64	not found	9	x, TWO, SIN, DIVIDE	SIX, SINH, LOG, COS, ARCTAN	6.517e-10	0	0.0	9.2	True	E^EulerGamma
1019	conjectured upper bound on Grothendieck's constant	elementary	64	exact	5	x	THREE, ARCCOSH, PI, DIVIDE	0.000e+00	2	0.0	64.0	True	Pi/(2*Log[1 + Sqrt[2]])
1020	log10(61)	elementary	64	not found	9	x, NEG, PLUS, TAN	SEVEN, COS, EIGHT, POWER, TANH	5.975e-10	0	0.0	9.2	True	Log[10, 61]
1021	Silverman constant	special	64	not found	9	x, EXP, SQRT, GAMMA	EULER, EULER, PLUS, TAN, SQR	3.716e-10	0	0.0	9.4	True	Sum[1/(DivisorSigma[1, \[FormalK]]*EulerPhi[\[FormalK]]), {\[FormalK], 1, Infinity}]
1022	Komornik–Loreti constant	special	64	not found	9	EULER, x, SINH, SUBTRACT	NEG, ARCTAN, SINH, SEVEN, POWER	8.002e-11	0	0.0	10.1	True	Root[{Product[1 - 1/#1^2^\[FormalK], {\[FormalK], 0, Infinity}] - (2 - #1)/(#1 - 1) & , 1.7872316501829659330132`22.252180846784352}]
1023	2D dimer constant	special	64	not found	9	GOLDENRATIO, x, TANH, POWER	SEVEN, SIN, SIN, COS, SINH	1.469e-10	0	0.0	9.8	True	E^((2*Catalan)/Pi)
1024	ln(6)	elementary	64	exact	3	x	SIX, LOG	0.000e+00	1	0.0	64.0	True	Log[6]
1026	Hermite's constant gamma_7 = 2^(6/7)	algebraic	64	exact	5	SEVEN, x, POWER	EIGHT, SQR	0.000e+00	3	0.0	63.9	True	2^(6/7)
1027	limit of a recursive sequence connected to the Plastic constant (A060006)	none	64	not found	9	GOLDENRATIO, x, DIVIDE, ARCCOSH	EULER, COS, EIGHT, SUBTRACT, SIN	7.137e-10	0	0.0	9.1	True	
1028	sqrt((3+sqrt(13))/2), a constant related to the asymptotic evaluation of the number of self-avoiding rook paths joining 	algebraic	64	exact	7	x, SQR	TWO, THREE, DIVIDE, ARCSINH, EXP	0.000e+00	3	0.0	64.0	True	Sqrt[(3 + Sqrt[13])/2]
1029	Masser-Gramain constant conjectured value	special	64	not found	9	x, ARCCOSH, TAN, ARCCOSH	GOLDENRATIO, SIN, COS, THREE, TIMES	2.431e-10	0	0.0	9.6	True	1 + 2*EulerGamma + 2*Log[2] + 3*Log[Pi] - 4*Log[Gamma[1/4]]
1030	log10(67)	elementary	64	not found	9	x, GAMMA, ARCTAN, ARCTANH	PI, GAMMA, ARCSINH, ARCCOSH, INV	2.531e-10	0	0.0	9.6	True	Log[10, 67]
1031	two times the Catalan constant	special	64	not found	9	x, SIN, SIN, SQR	TWO, SIN, SIX, TIMES, COS	5.912e-10	0	0.0	9.2	True	2 Catalan
1032	ln(2 pi)	elementary	64	exact	5	x, EXP	PI, PI, PLUS	0.000e+00	2	0.0	64.0	True	Log[2*Pi]
1033	Tribonacci constant	algebraic	64	not found	9	THREE, x, DIVIDE, TANH	TWO, INV, COSH, ARCCOSH, TAN	6.041e-10	0	0.0	9.2	True	(1 + (19 - 3*Sqrt[33])^(1/3) + (19 + 3*Sqrt[33])^(1/3))/3
1034	4th Madelung constant (negated)	special	64	not found	9	x, SINH, GAMMA, TAN	GOLDENRATIO, EXP, SQRT, COS, INV	4.712e-10	0	0.0	9.3	True	8*(5 - 3*Sqrt[2])*Zeta[1/2]*Zeta[-1/2]
1035	Landau-Kolmogorov constant	algebraic	64	not found	9	x, TAN, COS, SQR	THREE, PI, SQRT, DIVIDE, COS	1.623e-10	0	0.0	9.8	True	Sqrt[3]/(2^(1/3)*(-1 + Sqrt[2])^(1/3))
1036	Connective constant	algebraic	64	exact	6	x	TWO, SQRT, TWO, PLUS, SQRT	0.000e+00	3	0.0	63.6	True	Sqrt[2 + Sqrt[2]]
1037	log10(71)	elementary	64	not found	9	x, GOLDENRATIO, POWER, SIN	EULER, TAN, COSH, SQR, ARCCOSH	5.964e-11	0	0.0	10.2	True	Log[10, 71]
1038	Integral_{x=0..Pi} (sin(x)/x) dx	special	64	not found	9	x, LOG, THREE, SUBTRACT	THREE, ARCCOSH, SQRT, TANH, EXP	9.327e-10	0	0.0	9.0	True	SinIntegral[Pi]
1039	Gauss lemniscate constant	special	64	not found	9	x, GAMMA, ARCCOS, INV	GOLDENRATIO, GAMMA, SQRT, FOUR, SUBTRACT	1.037e-09	0	0.0	9.0	True	Gamma[1/4]^2/(4*Sqrt[Pi])
1040	spiral of Theodorus constant	special	64	not found	9	x, ARCCOSH, SQR, ARCCOSH	TWO, LOG, LOG, ARCCOS, GAMMA	1.886e-10	0	0.0	9.7	True	Sum[1/((1 + \[FormalK])*Sqrt[\[FormalK]]), {\[FormalK], 1, Infinity}]
1041	log10(73)	elementary	64	not found	9	FOUR, LOG, x, DIVIDE	THREE, SQRT, EXP, COS, COSH	8.814e-11	0	0.0	10.1	True	Log[10, 73]
1042	expected reciprocal Euclidean distance between two random points in the unit cube	none	64	not found	9	x, ARCCOSH, EXP, SINH	EIGHT, EULER, SINH, POWER, LOG	8.117e-10	0	0.0	9.1	True	
1043	log10(79)	elementary	64	not found	9	x, ARCTAN, COS, TAN	SEVEN, PI, SQRT, DIVIDE, SQRT	3.361e-10	0	0.0	9.5	True	Log[10, 79]
1045	Boyd constant	special	64	not found	9	x, EXP, EULER, TIMES	THREE, ARCCOSH, THREE, EXP, SUBTRACT	1.449e-10	0	0.0	9.8	True	Exp[(9 - PolyGamma[1, 2/3] + PolyGamma[1, 4/3])/(2*Pi*Sqrt[3])]
1046	M_5, the 5-dimensional analog of Madelung's constant (negated)	none	32	not found	8	SEVEN, x, GAMMA, POWER	GOLDENRATIO, ARCTAN, ARCSINH, SIN	4.952e-10	0	0.0	9.3	True	
1047	6/π	elementary	64	exact	4	x	PI, SIX, DIVIDE	0.000e+00	1	0.0	63.8	True	6/Pi
1048	tetrahedral bond angle	elementary	64	exact	4	x, TAN, SQR	EIGHT	0.000e+00	6	0.0	63.7	True	ArcCos[-1/3]
1049	log10(83)	elementary	64	not found	9	x, EXP, TAN, INV	TWO, TANH, TAN, PI, SUBTRACT	6.621e-11	0	0.0	10.2	True	Log[10, 83]
1050	tetranacci constant	algebraic	64	not found	7	x, SINH, TAN, COSH	EULER, SQRT, ARCTAN	5.653e-11	0	0.0	10.2	True	Root[-1 - #1 - #1^2 - #1^3 + #1^4 & , 2]
1052	Omega prime-generating constant	none	64	not found	7	NINE, TAN, x, SUBTRACT	NEG, COSH, SQR	5.445e-10	0	0.0	9.3	True	
1053	first moment of the reciprocal gamma distribution	none	64	not found	9	x, TAN, GOLDENRATIO, DIVIDE	NINE, NEG, COSH, POWER, SIN	8.343e-10	0	0.0	9.1	True	
1054	Euler totient A constant	special	64	not found	9	x, THREE, POWER, COS	THREE, COS, TANH, TANH, ARCTAN	1.732e-10	0	0.0	9.8	True	(315*Zeta[3])/(2*Pi^4)
1055	ln(7)	elementary	64	exact	3	x	SEVEN, LOG	0.000e+00	1	0.0	64.0	True	Log[7]
1056	C_4, a constant related to sharp inequalities for the product of 4 polynomials, which was introduced by David Boyd	none	64	not found	9	x, COS, EXP, ARCSIN	SEVEN, COS, GOLDENRATIO, DIVIDE, LOG	3.229e-10	0	0.0	9.5	True	
1057	log10(89)	elementary	64	not found	9	EULER, INV, x, SUBTRACT	GOLDENRATIO, COSH, INV, GAMMA, ARCSINH	8.847e-11	0	0.0	10.1	True	Log[10, 89]
1058	Z score	special	64	not found	9	x, SINH, SIN, EXP	PI, COSH, SINH, SIN, SIN	9.241e-10	0	0.0	9.0	True	Sqrt[2]*InverseErf[19/20]
1059	reciprocal Lucas constant	special	64	not found	9	GOLDENRATIO, x, POWER, SQR	FIVE, SQR, SIN, NINE, PLUS	4.172e-10	0	0.0	9.4	True	(-1 + EllipticTheta[3, 0, GoldenRatio^(-2)]^2)/4 + (7*Log[GoldenRatio] - Log[1 + GoldenRatio^2] - QPolyGamma[0, 1, GoldenRatio^(-4)] + 4*QPolyGamma[0, 1, GoldenRatio^(-2)] - 4*QPolyGamma[0, 1, GoldenRatio^(-1)])/(4*Log[GoldenRatio])
1060	M_6, the 6th Madelung constant	none	64	not found	9	TWO, x, ARCSINH, DIVIDE	PI, INV, SQRT, COS, SQR	3.631e-10	0	0.0	9.4	True	
1061	pentanacci constant	algebraic	64	not found	9	x, GAMMA, TWO, SUBTRACT	THREE, ARCSINH, SQR, TAN, COSH	2.945e-10	0	0.0	9.5	True	Root[-1 - #1 - #1^2 - #1^3 - #1^4 + #1^5 & , 1]
1062	C_5, a constant related to sharp inequalities for the product of 5 polynomials, which was introduced by David Boyd	none	64	not found	9	THREE, x, SIN, POWER	TWO, TANH, SINH, SQRT, TANH	2.851e-10	0	0.0	9.5	True	
1063	C_6, a constant related to sharp inequalities for the product of 6 polynomials, which was introduced by David Boyd	none	64	not found	9	x, ARCCOSH, TAN, COS	FOUR, COSH, LOG, COS, ARCSINH	2.135e-10	0	0.0	9.7	True	
1064	Gamma''(1)	none	64	not found	9	x, ARCCOSH, SQRT, TAN	NEG, ARCTAN, FOUR, SUBTRACT, SQRT	5.170e-11	0	0.0	10.3	True	
1065	hexanacci constant	algebraic	64	not found	9	x, SQR, TAN, SINH	PI, ARCTAN, ARCTAN, COS, COSH	1.035e-09	0	0.0	9.0	True	Root[-1 - #1 - #1^2 - #1^3 - #1^4 - #1^5 + #1^6 & , 2]
1066	log10(97)	elementary	64	not found	9	SEVEN, TANH, x, SUBTRACT	PI, THREE, PLUS, INV, COS	3.520e-10	0	0.0	9.5	True	Log[10, 97]
1067	heptanacci constant	algebraic	64	not found	8	x, EXP, THREE, SUBTRACT	SIX, TAN, ARCTANH, GAMMA	1.037e-09	0	0.0	9.0	True	Root[-1 - #1 - #1^2 - #1^3 - #1^4 - #1^5 - #1^6 + #1^7 & , 1]
1068	integral_{x=0..Infinity} 1/x^x dx	none	64	not found	9	x, TANH, SQR, SQR	NINE, SIN, COS, TAN, TANH	3.788e-12	0	0.0	11.4	True	
1069	Two	rational	64	exact	2	x	TWO	0.000e+00	1	0.0	64.0	True	2
1070	M_7, the 7-dimensional analog of Madelung's constant (negated)	none	64	not found	9	x, COSH, FIVE, SUBTRACT	EULER, INV, TANH, EXP, SQRT	3.703e-10	0	0.0	9.4	True	
1071	Sierpiński's S~ (S "tilde" as named by S. Finch), a constant appearing in the asymptotics of the number of representatio	none	64	not found	9	x, ARCCOSH, SQRT, TAN	SIX, COS, SIX, SUBTRACT, SQRT	1.037e-09	0	0.0	9.0	True	
1072	solution to the Lane-Emden equation for a sphere of polytropic index n = 3	none	32	not found	9	SEVEN, x, SIN, POWER	EULER, GAMMA, SQRT, ARCCOSH, SQR	2.988e-10	0	0.0	9.5	True	
1073	least x > 0 satisfying x + tan(x) = 0	none	64	not found	9	x, SEVEN, SUBTRACT, COS	TWO, LOG, GAMMA, COS, ARCSINH	4.742e-10	0	0.0	9.3	True	
1074	figure-eight knot hyperbolic volume	special	64	not found	9	x, TAN, EULER, PLUS	EULER, GAMMA, PI, DIVIDE, LOG	7.902e-10	0	0.0	9.1	True	((-2*Pi^2 + 3*PolyGamma[1, 1/3])*Sqrt[3])/9
1075	QRS associated constant	special	64	not found	9	x, TAN, THREE, PLUS	SIX, SIN, TANH, COSH, SQRT	3.051e-10	0	0.0	9.5	True	Zeta[3/2, Root[{Zeta[1/2, #1/2] & , 0.605443657196732749478922842447`29.782073733759695}]/2]/4
1076	'beta', a constant appearing in the random links Traveling Salesman Problem	none	64	not found	9	x, EXP, SIN, SQR	SEVEN, ARCSINH, EULER, TANH, POWER	6.658e-10	0	0.0	9.2	True	
1077	Lüroth analog of Lévy constant	special	64	not found	9	x, SIN, GAMMA, SINH	EIGHT, INV, ARCTANH, EIGHT, POWER	1.683e-12	0	0.0	11.8	True	Sum[Log[\[FormalK]*(1 + \[FormalK])]/(\[FormalK]*(1 + \[FormalK])), {\[FormalK], 1, Infinity}]
1078	M_8, the 8th Madelung constant (negated)	none	64	not found	9	x, ARCCOSH, ARCCOSH, INV	PI, ARCTAN, COS, TWO, POWER	2.750e-10	0	0.0	9.6	True	
1079	semi-meander critical exponent	algebraic	64	not found	9	x, COS, GAMMA, TAN	GOLDENRATIO, SEVEN, COS, POWER, LOG	2.037e-10	0	0.0	9.7	True	1 + (Sqrt[11]*(Sqrt[5] + Sqrt[29]))/24
1080	one div ln phi	elementary	64	exact	4	x, INV	GOLDENRATIO, LOG	0.000e+00	2	0.0	64.0	True	1/Log[GoldenRatio]
1081	ln(8)	elementary	64	exact	3	x	EIGHT, LOG	0.000e+00	1	0.0	63.6	True	Log[8]
1082	two thirds pi	elementary	64	exact	4	x, TAN, SQR	THREE	0.000e+00	6	0.0	64.0	True	2*Pi/3
1083	Wallis's constant	algebraic	64	not found	9	x, LOG, ARCTANH, ARCSINH	SEVEN, LOG, INV, TAN, COS	1.076e-10	0	0.0	10.0	True	(135/2 - (3*Sqrt[1929])/2)^(1/3)/3 + ((45 + Sqrt[1929])/2)^(1/3)/3^(2/3)
1084	Brown-Wang constant	special	64	not found	9	x, ARCSINH, TAN, COS	EULER, SQRT, COS, TAN, COS	4.420e-11	0	0.0	10.4	True	With[{\[FormalLambda] = Root[{(1 + #1)*Pi - Tan[#1*Pi] & , 0.43029665312420275777`20.}]}, Root[{(1 + \[FormalLambda])*Pi*((#1 - 1)*PolyGamma[1 + (#1 - 1)/2] - 2*#1*PolyGamma[1 + #1/2] + (#1 + 1)*PolyGamma[1 + (#1 + 1)/2]) - 2*Sin[\[FormalLambda]*Pi] & , 2.11023396612157219646682815666`30.}]]
1085	'sigma', a constant associated with the expected number of random elements to generate a finite abelian group	none	64	not found	9	GOLDENRATIO, x, DIVIDE, ARCCOSH	EULER, ARCTAN, ARCCOSH, SINH, COS	1.640e-09	0	0.0	8.8	True	
1086	'a', an auxiliary constant associated with the asymptotic probability of success in the secretary problem when the numbe	none	64	not found	9	x, SIN, SINH, SQRT	EULER, SIN, SIN, EXP, ARCTAN	2.046e-10	0	0.0	9.7	True	
1087	Jacobi theta function theta_2(0, 1/2) where theta_2 is the 2nd Jacobi theta function	special	64	not found	9	x, SIX, PLUS, TAN	THREE, SIX, ARCSINH, SUBTRACT, GAMMA	7.451e-10	0	0.0	9.1	True	EllipticTheta[2,0,1/2]
1088	Jacobi theta function theta_3(0, 1/2) where theta_3 is the 3rd Jacobi theta function	special	64	not found	9	x, COSH, EXP, SQR	FIVE, ARCTAN, EIGHT, GAMMA, SUBTRACT	5.669e-10	0	0.0	9.2	True	EllipticTheta[3,0,1/2]
1089	pi^(2/3)	elementary	64	exact	5	THREE, x, POWER	PI, SQR	0.000e+00	3	0.0	63.7	True	Pi^(2/3)
1090	10^(1/3)	algebraic	64	exact	6	THREE, x, POWER	NEG, NINE, SUBTRACT	0.000e+00	1	0.0	63.8	True	10^(1/3)
1092	Erdős-Szekeres constant	special	64	not found	9	FOUR, SIN, x, TIMES	NINE, SINH, LOG, LOG, TAN	2.102e-10	0	0.0	9.7	True	Zeta[3/2]/Zeta[3]
1093	K = exp(8*G/(3*Pi)), a Kneser-Mahler constant related to an asymptotic inequality involving Bombieri's supremum norm, wh	special	64	not found	9	x, EXP, COS, SINH	EULER, COS, SIX, TANH, TIMES	2.919e-10	0	0.0	9.5	True	Exp[8*Catalan/(3*Pi)]
1094	normalized asymptotic mean of omega(m) when m is one of the values <= n taken by Euler's phi totient function	none	64	not found	9	GOLDENRATIO, x, SUBTRACT, ARCSINH	EIGHT, TAN, INV, ARCCOS, LOG	9.275e-11	0	0.0	10.0	True	
1095	a constant related to series-reduced trees	none	64	not found	9	x, LOG, COSH, SQR	EULER, SINH, INV, GOLDENRATIO, PLUS	1.271e-10	0	0.0	9.9	True	
1096	'theta', the expected degree (valency) of the root of a random rooted tree with n vertices	none	64	not found	9	NINE, x, LOG, POWER	ONE, SIN, TAN, LOG, ARCTANH	2.510e-10	0	0.0	9.6	True	
1097	e^(pi/4)	elementary	64	exact	4	x	ONE, ARCTAN, EXP	0.000e+00	2	0.0	63.8	True	E^(Pi/4)
1098	ln(9)	elementary	64	exact	3	x	NINE, LOG	0.000e+00	1	0.0	63.9	True	Log[9]
1099	Lüroth analog of Khinchin constant	special	64	not found	9	x, INV, SINH, ARCTANH	EIGHT, ARCCOSH, GAMMA, LOG, SINH	6.199e-10	0	0.0	9.2	True	Product[\[FormalK]^(1/(\[FormalK]*(1 + \[FormalK]))), {\[FormalK], 1, Infinity}]
1100	totient constant	special	64	not found	9	PI, x, POWER, COS	ONE, ARCTAN, SINH, TAN, TANH	2.657e-09	0	0.0	8.6	True	Sum[1/(\[FormalK]*EulerPhi[\[FormalK]]), {\[FormalK], 1, Infinity}]
1101	Pi/2 + 2/Pi	elementary	64	exact	6	x	NEG, ARCSIN, INV, SIN, ARCCOS	0.000e+00	7	0.0	63.8	True	Pi/2 + 2/Pi
1102	pi(2)^(-1/2)	elementary	64	exact	5	x	TWO, SQRT, PI, DIVIDE	0.000e+00	2	0.0	63.7	True	Pi*2^(-1/2)
1103	y_3, the third of four non-explicit constants recursively derived from Khintchine's [Khinchin's] constant	none	64	not found	9	x, PI, SQRT, SUBTRACT	SEVEN, TANH, NINE, DIVIDE, TAN	1.076e-10	0	0.0	10.0	True	
1104	D(1), where D(x) is the infinite product function defined in the formula section (or in the Finch reference)	special	64	not found	8	x, TWO, PLUS, LOG	EIGHT, PI, SINH, DIVIDE	8.907e-11	0	0.0	10.1	True	Glaisher^6/(2^(1/6)*Sqrt[Pi])
1105	Sqrt 5	algebraic	64	exact	3	x	FIVE, SQRT	0.000e+00	1	0.0	63.7	True	Sqrt[5]
1106	Takeuchi-Prellberg constant	special	25	not found	9	x, SIN, PI, POWER	EULER, SQRT, SIN, TAN, COSH	2.853e-10	0	0.0	9.5	True	ConditionalExpression[Extension`TakeuchiPrellbergConstant == Limit[Subscript[\[FormalCapitalT], \[FormalN]]/(BellB[\[FormalN]]*Exp[ProductLog[\[FormalN]]^2/2]), \[FormalN] -> Infinity], Subscript[\[FormalCapitalT], 0] == 0 && Subscript[\[FormalCapitalT], 1] == 1 && Subscript[\[FormalCapitalT], 2] == 4 && Subscript[\[FormalCapitalT], 3] == 14 && Subscript[\[FormalCapitalT], \[FormalN]] == Sum[Binomial[2*\[FormalK], \[FormalK]]/(1 + \[FormalK]), {\[FormalK], 1, \[FormalN]}] + Sum[Subscript[\[FormalCapitalT], -1 - \[FormalK] + \[FormalN]]*(2*Binomial[-1 + \[FormalK] + \[FormalN], \[FormalK]] - Binomial[\[FormalK] + \[FormalN], \[FormalK]]), {\[FormalK], 0, -2 + \[FormalN]}]]
1107	Sierpiński's second constant, K2 = lim_{n->oo} ((1/n) * (Sum_{i=1..n} A004018(i^2)) - 4/Pi * log(n))	special	64	not found	9	EULER, TANH, x, POWER	EIGHT, INV, SINH, ARCCOS, COSH	1.314e-10	0	0.0	9.9	True	4(12 Log[Gamma[3/4]]-9 Log[Pi]+72 Log[Glaisher]-5 Log[2]+3 EulerGamma-3)/(3 Pi)
1108	Integral_{0..oo} 1/Gamma(1+x) dx, a variation of the Fransén-Robinson constant	none	64	not found	9	x, SIN, ARCCOS, SINH	GOLDENRATIO, EXP, INV, COS, TANH	6.734e-10	0	0.0	9.2	True	
1109	Landau-Kolmogorov constant C(4,1) for derivatives in L_2(0, infinity)	none	64	not found	9	THREE, x, SIN, POWER	THREE, FIVE, SINH, POWER, COS	9.145e-10	0	0.0	9.0	True	
1110	1/A240969	none	64	not found	9	TWO, x, SUBTRACT, SQRT	PI, GAMMA, GAMMA, ARCCOSH, SIN	1.368e-10	0	0.0	9.9	True	
1111	first Foias constant	special	64	not found	9	GOLDENRATIO, ARCCOSH, x, POWER	NINE, COS, ARCSINH, ARCSINH, ARCCOS	5.604e-10	0	0.0	9.3	True	Root[{-(1 + 1/#1)^#1 + #1 & , 2.29316628741186103150802829125000000000007305694139121664`29.360435548444247}]
1112	zeta(2)*zeta(3)*zeta(4)*	none	64	not found	9	x, GAMMA, SINH, TAN	NEG, SINH, TANH, SEVEN, SUBTRACT	1.423e-09	0	0.0	8.8	True	
1113	Universal parabolic constant	elementary	64	exact	6	x	NEG, ARCSINH, TWO, SQRT, SUBTRACT	0.000e+00	4	0.0	63.8	True	Sqrt[2] + ArcSinh[1]
1114	product_{n>=1} (n/(n+1))^((-1)^t(n)), a probabilistic counting constant, where t(n) = A010060(n) is the Thue-Morse seque	none	64	not found	9	NINE, x, EXP, SUBTRACT	PI, GAMMA, COSH, TANH, SQR	1.847e-10	0	0.0	9.7	True	
1115	logarithm of 10	elementary	64	exact	5	x	NEG, NINE, SUBTRACT, LOG	0.000e+00	2	0.0	64.0	True	Log[10]
1116	y_1, the first of four non-explicit constants recursively derived from Khintchine's [Khinchin's] constant	none	64	not found	9	x, COS, GAMMA, COSH	NINE, COSH, ARCSINH, PI, TIMES	3.231e-10	0	0.0	9.5	True	
1117	Klarner-Rivest polyomino constant	none	64	not found	9	NEG, TAN, x, PLUS	NEG, COSH, TWO, DIVIDE, ARCCOSH	1.534e-10	0	0.0	9.8	True	
1118	3D lattice sum analog of Euler γ	special	64	not found	9	x, NINE, DIVIDE, LOG	EULER, ARCSINH, EIGHT, DIVIDE, ARCTAN	8.313e-11	0	0.0	10.1	True	(-4*Pi)/3 + (19*Log[2])/2 - 4*Sum[((3 + 3*(-1)^\[FormalM] + (-1)^(\[FormalM] + \[FormalN]))*Csch[Pi*Sqrt[\[FormalM]^2 + \[FormalN]^2]])/Sqrt[\[FormalM]^2 + \[FormalN]^2], {\[FormalM], 1, Infinity}, {\[FormalN], 1, Infinity}]
1119	constant 1 + B3 (or 1 + B_3) related to the Mertens constant	none	64	not found	9	x, SQR, COS, SQR	THREE, SEVEN, ARCTAN, DIVIDE, TANH	5.422e-11	0	0.0	10.3	True	
1120	Ti_2(2+sqrt(3)), where Ti_2 is the inverse tangent integral function	none	64	not found	9	x, COS, SQR, COS	FIVE, ARCTAN, SQR, ARCSINH, GAMMA	4.754e-10	0	0.0	9.3	True	
1121	three quarters pi	elementary	64	exact	3	x, TAN	NEG	0.000e+00	2	0.0	64.0	True	3*Pi/4
1122	monomer-dimer triangular constant	special	64	not found	9	SIX, ARCTAN, x, SUBTRACT	EIGHT, SIN, SQR, TAN, ARCCOSH	5.013e-11	0	0.0	10.3	True	Exp[Integrate[Log[6 + 2*Cos[\[FormalT]] + 2*Cos[\[FormalPhi]] + 2*Cos[\[FormalT] + \[FormalPhi]]], {\[FormalT], -Pi, Pi}, {\[FormalPhi], -Pi, Pi}]/(8*Pi^2)]
1123	pi^(3/4)	elementary	64	exact	6	x	THREE, PI, POWER, SQRT, SQRT	0.000e+00	7	0.0	63.8	True	Pi^(3/4)
1124	Pi^2/(6*log 2)	elementary	64	exact	7	x, EIGHT, POWER	PI, SQR, EXP, SQRT	0.000e+00	11	0.0	63.9	True	Pi^2/(6*Log[2])
1125	c = (7-sqrt(5))/2	algebraic	64	exact	4	x	GOLDENRATIO, FOUR, SUBTRACT	0.000e+00	1	0.0	63.9	True	4 - GoldenRatio
1126	ln(11)	elementary	64	exact	5	x	TWO, NINE, PLUS, LOG	0.000e+00	2	0.0	64.0	True	Log[11]
1127	asymptotic evaluation of the constrained maximum of a certain quadratic form	none	64	not found	9	x, TAN, EXP, SINH	TWO, LOG, FIVE, COS, DIVIDE	2.483e-10	0	0.0	9.6	True	
1128	Narcissus constant	special	64	not found	9	x, SQR, SIN, INV	FOUR, EXP, ARCSINH, EULER, SUBTRACT	2.246e-10	0	0.0	9.6	True	Root[{1 + #1 - #1^(-1 + #1) & , 2.39838438278161142938900277955804885011`20.5225995583442}]
1129	Golden angle	elementary	64	exact	7	PI, x, DIVIDE	GOLDENRATIO, SQR, TWO, DIVIDE	0.000e+00	6	0.0	64.0	True	(2*Pi)/GoldenRatio^2
1130	2*zeta(3)	special	64	not found	9	x, ARCCOSH, FOUR, POWER	FOUR, ARCCOSH, EXP, GAMMA, LOG	1.021e-10	0	0.0	10.0	True	2*Zeta[3]
1131	first zero of the Bessel function J_0(z)	special	64	not found	9	x, TAN, EXP, SQRT	FOUR, SIN, EXP, GAMMA, LOG	5.656e-10	0	0.0	9.2	True	BesselJZero[0, 1]
1132	solution to the Lane-Emden equation for a sphere of polytropic index n = 2	none	32	not found	9	x, ARCSINH, EXP, TAN	FOUR, FOUR, ARCSINH, SIN, SUBTRACT	4.358e-10	0	0.0	9.4	True	
1133	Silver ratio	algebraic	64	exact	4	x	ONE, ARCSINH, EXP	0.000e+00	2	0.0	64.0	True	1 + Sqrt[2]
1134	c = 2.4149..., a random mapping statistics constant such that the asymptotic expectation of the maximum rho length (grap	none	20	not found	9	x, SQR, TAN, COSH	THREE, TWO, COSH, DIVIDE, SQRT	1.333e-10	0	0.0	9.9	True	
1135	prod_{n>=1} (1 + 1/n^3) = cosh(sqrt(3) pi/2)/pi	elementary	64	exact	9	x, PI, TIMES, ARCCOSH	TWO, ARCCOSH, TANH, PI, TIMES	0.000e+00	1	0.0	63.9	True	Cosh[Sqrt[3]*Pi/2]/Pi
1136	a constant related to the asymptotic evaluation of the Lebesgue constants L_n	none	64	not found	9	x, SINH, SQRT, GAMMA	EULER, SQRT, SINH, ARCCOSH, ARCSINH	3.607e-10	0	0.0	9.4	True	
1137	theta = 2.472548..., an auxiliary constant used to compute the best constant in Friedrichs' inequality in one dimension	none	64	not found	9	x, COSH, ARCTAN, LOG	SIX, TWO, LOG, DIVIDE, SQRT	5.173e-10	0	0.0	9.3	True	
1138	Otter's weakly binary tree enumeration asymptotic constant xi	none	64	not found	9	EIGHT, x, POWER, LOG	SEVEN, GAMMA, THREE, PLUS, ARCSINH	2.861e-14	0	0.0	13.5	True	
1139	A1*B1, the average number of non-isomorphic semisimple rings of any order, where A1 is Product_{m>1} zeta(m) and B1 is P	none	64	not found	9	EULER, SQRT, x, POWER	SEVEN, EULER, POWER, TAN, INV	1.396e-10	0	0.0	9.9	True	
1140	Feigenbaum alpha	none	64	not found	9	x, SIN, ARCTANH, SQR	FIVE, SIX, SQRT, DIVIDE, ARCSINH	8.921e-11	0	0.0	10.0	True	
1141	root two pi	elementary	64	exact	5	x, SQR	PI, PI, PLUS	0.000e+00	2	0.0	63.9	True	Sqrt[2*Pi]
1142	100^(1/5)	algebraic	64	exact	7	FIVE, x, POWER	NEG, NINE, SUBTRACT, SQR	0.000e+00	3	0.0	64.0	True	100^(1/5)
1143	a constant related to identity trees	none	64	not found	9	x, ARCCOSH, SQR, TAN	GOLDENRATIO, COSH, TAN, ARCTANH, ARCTANH	8.381e-10	0	0.0	9.1	True	
1144	doubly infinite sum N_3 = Sum_{i,j,k = -inf..inf} (-1)^(i+j+k)/(i^2+j^2+k^2), a lattice constant analog of Madelung's co	none	64	not found	8	PI, x, SUBTRACT	TWO, TANH, EXP, TWO, SUBTRACT	9.588e-11	0	0.0	10.0	True	
1145	sqrt(2)*exp(2*G/Pi), where G = A006752	special	64	not found	9	EIGHT, x, COS, POWER	GOLDENRATIO, COSH, NEG, COS, DIVIDE	2.058e-09	0	0.0	8.7	True	Sqrt[2]*Exp[2Catalan/Pi]
1146	a variant of the Komornik-Loreti constant	none	64	not found	9	x, EIGHT, ARCTAN, POWER	GOLDENRATIO, TANH, SINH, ARCCOSH, GAMMA	2.099e-10	0	0.0	9.7	True	
1147	(Glaisher^12/(2*Pi*e^EulerGamma))^(Pi^2/6)	special	64	not found	9	EULER, x, ARCCOSH, DIVIDE	SEVEN, SIN, SQRT, TANH, TANH	3.611e-11	0	0.0	10.4	True	(Glaisher^12/(2Pi E^EulerGamma))^(Pi^2/6)
1148	ln(13)	elementary	64	exact	5	x	FOUR, NINE, PLUS, LOG	0.000e+00	2	0.0	63.9	True	Log[13]
1149	exp(gamma)/log(2), a conjectural constant related to the asymptotic counting of Mersenne primes, where gamma is Euler's 	special	64	not found	9	x, INV, ARCCOS, ARCSINH	SEVEN, ARCTAN, ARCTAN, COSH, SIN	2.264e-10	0	0.0	9.6	True	Exp[EulerGamma]/Log[2]
1150	Sierpiński's constant	special	64	not found	9	x, NINE, DIVIDE, SIN	SIX, TAN, SINH, GAMMA, COS	9.601e-11	0	0.0	10.0	True	Pi*(2*EulerGamma - Log[Pi] + 4*Log[Gamma[3/4]])
1151	Barban constant	special	64	not found	9	x, SINH, COS, SQR	NEG, COSH, COSH, GAMMA, TANH	4.572e-10	0	0.0	9.3	True	Product[1 + (-1 + 3*Prime[\[FormalK]]^2)/(Prime[\[FormalK]]*(1 + Prime[\[FormalK]])*(-1 + Prime[\[FormalK]]^2)), {\[FormalK], 1, Infinity}]
1152	twenty-vertex entropy constant	algebraic	64	exact	6	x	FOUR, INV, SEVEN, SUBTRACT, SQRT	0.000e+00	4	0.0	64.0	True	(3*Sqrt[3])/2
1153	golden root	algebraic	64	exact	3	x	GOLDENRATIO, SQR	0.000e+00	1	0.0	63.9	True	2 + 2*Cos[(2*Pi)/5]
1154	Lemniscate constant	special	64	not found	9	x, INV, ARCCOS, INV	FOUR, SQR, SIN, EXP, ARCSIN	1.138e-09	0	0.0	8.9	True	Gamma[1/4]^2/(2*Sqrt[2*Pi])
1156	positive root of the equation 13x^4 - 7x^2 - 581 = 0	algebraic	64	not found	9	x, ARCCOSH, COS, TAN	EIGHT, EULER, TAN, SIN, DIVIDE	4.385e-10	0	0.0	9.4	True	Sqrt[1/26*(7+Sqrt[30261])]
1157	sqrt(2) + sqrt(3/2)	algebraic	64	exact	7	x, SQR	TWO, SEVEN, ARCCOSH, EXP, DIVIDE	0.000e+00	4	0.0	63.8	True	Sqrt[2] + Sqrt[3/2]
1158	sqrt(7)	algebraic	64	exact	3	x	SEVEN, SQRT	0.000e+00	1	0.0	64.0	True	Sqrt[7]
1159	Gelfond-Schneider constant	elementary	64	exact	5	x	TWO, SQRT, TWO, POWER	0.000e+00	1	0.0	63.9	True	2^Sqrt[2]
1160	Gamma(1/3)	special	64	exact	4	x	THREE, INV, GAMMA	1.658e-16	1	0.0	63.8	True	Gamma[1/3]
1161	coefficient 'gamma' (see formula) appearing in Otter's result concerning the asymptotics of T_n, the number of non-isomo	none	64	not found	9	x, EXP, SIN, COSH	GOLDENRATIO, THREE, TIMES, SQRT, ARCCOSH	1.670e-10	0	0.0	9.8	True	
1162	Khinchin's constant	special	64	not found	9	x, SQR, COS, ARCSINH	NINE, INV, COS, SINH, ARCCOSH	9.164e-11	0	0.0	10.0	True	Khinchin
1163	Landau-Kolmogorov constant C(5,1) for derivatives in L_2(0, infinity)	none	64	not found	9	x, SQR, COS, ARCTANH	NINE, LOG, SIN, SQR, ARCTAN	1.165e-09	0	0.0	8.9	True	
1164	Euler number	elementary	64	exact	2	x	EULER	0.000e+00	1	0.0	64.0	True	E
1165	pi sqrt(3)/2	elementary	64	exact	6	x	TWO, ARCCOSH, TANH, PI, TIMES	1.632e-16	5	0.0	64.0	True	Pi*Sqrt[3]/2
1166	log e^(2π)	elementary	64	exact	7	x, PI, DIVIDE	THREE, ARCSINH, COSH, LOG	1.627e-16	3	0.0	64.0	True	Log10[E^(2*Pi)]
1167	Sum_{k>=1} sigma(k)/2^k where sigma(k) is the sum of divisors of k, 1 <= d <= k	special	64	not found	9	NINE, x, SINH, POWER	EIGHT, NEG, NINE, SUBTRACT, POWER	2.431e-10	0	0.0	9.6	True	Sum[n/(2^n - 1), {n, 1, 500}]
1168	Ramanujan nested radical constant	algebraic	64	not found	9	x, GAMMA, SINH, TAN	FOUR, COS, ARCTAN, INV, TANH	1.397e-10	0	0.0	9.9	True	(2 + Sqrt[5] + Sqrt[15 - 6*Sqrt[5]])/2
1169	a constant related to A006196	none	64	not found	9	x, THREE, SUBTRACT, SINH	THREE, SEVEN, TAN, SQR, DIVIDE	1.728e-09	0	0.0	8.8	True	
1170	C_{1/2}, a constant related to Kolmogorov's inequalities	special	64	not found	9	x, SINH, SIN, EXP	EULER, ARCSINH, GOLDENRATIO, TANH, PLUS	8.702e-10	0	0.0	9.1	True	Gamma[1/4]^2/(Pi*Gamma[3/4]^2)
1171	(1/sqrt(Pi) + e*erfc(-1))/2	special	64	not found	9	x, SIN, ARCSINH, ARCSIN	THREE, COS, EXP, SIN, TANH	2.091e-11	0	0.0	10.7	True	(1/Sqrt[Pi]+E Erfc[-1])/2
1172	'xi', an optimal stopping auxiliary constant associated with the two choice case	none	64	not found	9	x, COSH, SIN, COSH	EIGHT, TAN, TAN, ARCCOS, SQRT	2.143e-10	1	0.0	9.7	True	
1173	2*Pi*phi(0), a constant appearing in connection with a study of zeros of the integral of xi(z), where phi(t) and xi(z) a	none	64	not found	9	x, ARCCOSH, SQR, SIN	TWO, SINH, INV, ARCTANH, ARCTAN	5.649e-14	0	0.0	13.2	True	
1174	Fransén–Robinson constant	special	64	not found	9	GOLDENRATIO, GAMMA, x, POWER	NEG, SINH, COSH, GAMMA, EXP	3.199e-10	0	0.0	9.5	True	Integrate[Gamma[x]^(-1), {x, 0, Infinity}]
1175	Murata constant	special	64	not found	9	x, SINH, SIN, EXP	NEG, COS, COS, INV, TAN	5.366e-11	0	0.0	10.3	True	Product[1 + (-1 + Prime[\[FormalK]])^(-2), {\[FormalK], 1, Infinity}]
1176	ln(17)	elementary	64	exact	5	x	EIGHT, NINE, PLUS, LOG	0.000e+00	2	0.0	64.0	True	Log[17]
1177	Born's basic potential Pi_0	none	64	not found	8	x, COS, ARCTANH	THREE, SINH, SIN, ARCSINH, INV	5.453e-11	0	0.0	10.3	True	
1178	constant appearing in the variance for searching in a digital tree	none	64	not found	9	THREE, ARCCOSH, x, SUBTRACT	SEVEN, ARCCOSH, LOG, SQR, SINH	7.278e-11	0	0.0	10.1	True	
1179	Hardy-Littlewood prime triples constant	special	64	not found	9	x, TAN, SINH, ARCTANH	EULER, PI, COSH, SIN, DIVIDE	1.010e-10	0	0.0	10.0	True	(9*Product[((-3 + Prime[\[FormalK]])*Prime[\[FormalK]]^2)/(-1 + Prime[\[FormalK]])^3, {\[FormalK], 3, Infinity}])/2
1180	(diagonal)/(shortest side) of 2nd electrum rectangle	none	64	exact	7	x, ARCCOSH	THREE, SQRT, ONE, PLUS, ARCSINH	0.000e+00	2	0.0	63.8	True	
1181	a second variant of the Komornik-Loreti constant	none	64	not found	9	x, TAN, INV, SIN	EULER, COS, ARCSINH, COSH, GAMMA	6.464e-10	1	0.0	9.2	True	
1182	ln(19)	elementary	64	exact	6	x	FOUR, SQR, THREE, PLUS, LOG	0.000e+00	5	0.0	63.9	True	Log[19]
1183	Otter's rooted tree constant	none	64	not found	9	x, SIN, FOUR, TIMES	PI, TANH, ARCSIN, ARCCOSH, TANH	2.521e-10	0	0.0	9.6	True	
1184	Landau-Kolmogorov constant C(4,2) for derivatives in L_2(0, infinity)	none	64	not found	9	x, SIN, FOUR, TIMES	NINE, INV, COSH, COSH, INV	3.829e-11	0	0.0	10.4	True	
1185	B, a constant related to the Goh-Schmutz constant and the asymptotic expected order of a random permutation	none	64	not found	9	x, SIN, FOUR, TIMES	PI, SINH, TAN, TANH, COS	9.658e-12	0	0.0	11.0	True	
1186	oloid volume constant	special	64	not found	9	x, SEVEN, TIMES, SIN	FIVE, NINE, LOG, POWER, COS	7.292e-10	0	0.0	9.1	True	(2*(2*EllipticE[3/4] + EllipticK[3/4]))/3
1187	Landau-Kolmogorov constant C(3,1) for derivatives in the case L_infinity(0, infinity)	algebraic	64	exact	8	x, NINE, DIVIDE	THREE, INV, FIVE, GAMMA, POWER	0.000e+00	4	0.0	64.0	True	(243/8)^(1/3)
1188	sqrt(480)/7	algebraic	64	exact	8	x, INV, ARCSINH	FOUR, LOG, SINH, SQRT, LOG	0.000e+00	7	0.0	64.0	True	Sqrt[480]/7
1189	ln(23)	elementary	64	exact	6	x	FOUR, SQR, SEVEN, PLUS, LOG	0.000e+00	5	0.0	63.8	True	Log[23]
1190	Ramanujan's π-approximation constant	elementary	64	false positive	2	x	PI	0.000e+00	1	0.0	16.2	True	Log[262537412640768000]/Sqrt[163]
1191	Pi	elementary	64	exact	2	x	PI	0.000e+00	1	0.0	64.0	True	Pi
1192	mean value over all positive integers of a function giving the least quadratic nonresidue modulo a given odd integer (th	none	64	not found	9	x, SEVEN, SUBTRACT, GAMMA	EIGHT, SINH, INV, FIVE, SUBTRACT	1.242e-09	0	0.0	8.9	True	
1193	10^(1/2)	algebraic	64	exact	4	x	THREE, ARCSINH, COSH	0.000e+00	2	0.0	64.0	True	10^(1/2)
1194	C = log(2*Pi) + B_3 (where B_3 is A083343), one of Euler totient constants	none	64	not found	9	x, SEVEN, SUBTRACT, TAN	EULER, SIN, EXP, TANH, SQR	3.822e-10	0	0.0	9.4	True	
1195	plate constant	special	64	not found	9	x, ARCCOSH, EXP, COS	ONE, SINH, TAN, ARCCOSH, SIN	3.351e-12	0	0.0	11.5	True	ConditionalExpression[Extension`PlateConstant == \[FormalX], BesselI[1, \[FormalX]]*BesselJ[0, \[FormalX]] + BesselI[0, \[FormalX]]*BesselJ[1, \[FormalX]] == 0 && 3 < \[FormalX] < 7/2]
1196	square of the constant A130834	special	64	not found	9	x, GAMMA, THREE, SUBTRACT	GOLDENRATIO, GAMMA, SQRT, COS, SIN	1.290e-09	0	0.0	8.9	True	Exp[4*Catalan/Pi]
1197	1 + sqrt(5)	algebraic	64	exact	4	x	GOLDENRATIO, GOLDENRATIO, PLUS	0.000e+00	1	0.0	63.9	True	1 + Sqrt[5]
1198	Pálfy's constant c_3	elementary	64	not found	9	x, SINH, LOG, LOG	FIVE, COS, SQRT, EXP, TANH	5.502e-10	0	0.0	9.3	True	5/3 + Log[9, 32]
1199	rayleigh kurtosis	elementary	64	not found	9	FIVE, TANH, x, SUBTRACT	FOUR, ARCSINH, INV, ARCTAN, INV	6.265e-10	0	0.0	9.2	True	(32 - 3*Pi^2)/(4 - Pi)^2
1200	silver root	algebraic	64	exact	8	FOUR, x, DIVIDE	SEVEN, PI, DIVIDE, COS, SQR	0.000e+00	2	0.0	64.0	True	2 + 2*Cos[(2*Pi)/7]
1201	Lévy's constant 2	elementary	64	exact	8	EIGHT, LOG, x, POWER	NEG, ARCSIN, SQR, EXP	0.000e+00	7	0.0	64.0	True	E^(Pi^2/(12*Log[2]))
1202	a constant related to A000620, A000622, A000623 and A000625	none	64	not found	9	x, ARCCOSH, TWO, SUBTRACT	PI, NINE, COSH, COS, DIVIDE	1.302e-10	0	0.0	9.9	True	
1203	y_2, the second of four non-explicit constants recursively derived from Khintchine's [Khinchin's] constant	none	64	not found	9	x, SINH, SIN, ARCTAN	FOUR, TANH, SQR, SIN, SQR	4.734e-11	0	0.0	10.3	True	
1204	sqrt(11)	algebraic	64	exact	5	x	TWO, NINE, PLUS, SQRT	0.000e+00	2	0.0	64.0	True	Sqrt[11]
1205	average value of the Yekutieli-Mandelbrot parameter, that is the average number of maximal subtrees of an ordered binary	special	64	not found	9	x, EIGHT, TIMES, SIN	TWO, SINH, TANH, SQRT, SQRT	1.079e-09	0	0.0	9.0	True	2*Catalan/(Pi*Log[2])+5/2
1206	Reciprocal Fibonacci constant	special	64	not found	9	x, TANH, ARCCOS, ARCSIN	EULER, SQR, EXP, TAN, SQR	5.202e-11	0	0.0	10.3	True	(Sqrt[5]*(EllipticTheta[2, 0, GoldenRatio^(-2)]^2 + (Log[5] + 2*QPolyGamma[0, 1, GoldenRatio^(-4)] - 4*QPolyGamma[0, 1, GoldenRatio^(-2)])/(2*Log[(1 + Sqrt[5])/2])))/4
1207	van der Corput constant	special	64	not found	9	EULER, x, POWER, SIN	NEG, SINH, SQR, TANH, SQRT	1.427e-10	0	0.0	9.8	True	With[{\[FormalX] = Root[{Cos[#1]*FresnelS[Sqrt[1 - (2*#1)/Pi]] + FresnelC[Sqrt[1 - (2*#1)/Pi]]*Sin[#1] & , -0.726643246813242509590219555941985563257278933469994008688`30.}]}, 2*(Cos[\[FormalX]]*FresnelC[Sqrt[1 - (2*\[FormalX])/Pi]] - FresnelS[Sqrt[1 - (2*\[FormalX])/Pi]]*Sin[\[FormalX]])*Sqrt[Pi]]
1208	ln(29)	elementary	64	exact	6	x	FIVE, GAMMA, FIVE, PLUS, LOG	0.000e+00	5	0.0	64.0	True	Log[29]
1209	Magata constant	special	64	not found	9	EIGHT, x, LOG, POWER	PI, LOG, SQRT, COSH, EXP	4.353e-14	0	0.0	13.4	True	ConditionalExpression[Extension`MagataConstant == Limit[Sum[Subscript[\[FormalC], \[FormalK]], {\[FormalK], 1, \[FormalN]}], \[FormalN] -> Infinity], Sum[Subscript[\[FormalC], \[FormalK]]*Product[-1 - \[FormalJ] + \[FormalM], {\[FormalJ], 0, -1 + \[FormalK]}], {\[FormalK], 0, -1 + \[FormalN]}] == Prime[\[FormalM]] && \[FormalM] <= \[FormalN]]
1210	meander critical exponent	algebraic	64	not found	9	SIX, SQRT, x, TIMES	TWO, INV, ARCCOS, EIGHT, TIMES	3.317e-10	0	0.0	9.5	True	(29 + Sqrt[145])/12
1211	ln(31)	elementary	64	exact	6	x	FIVE, GAMMA, SEVEN, PLUS, LOG	0.000e+00	5	0.0	63.9	True	Log[31]
1212	y_4, the last of four non-explicit constants recursively derived from Khintchine's [Khinchin's] constant	none	64	not found	8	x, COS, SQR, SQR	FIVE, ARCTAN, SQRT, TANH	6.475e-10	0	0.0	9.2	True	
1213	1 + sqrt(6)	algebraic	64	exact	5	x	SIX, SQRT, ONE, PLUS	0.000e+00	2	0.0	64.0	True	1+Sqrt[6]
1214	best constant K for the integral inequality integral_{0..1} f(x)^2*f'(x)^2 dx <= K*integral_{0..1} f'(x)^4 dx	none	64	not found	9	x, GOLDENRATIO, POWER, COS	FOUR, EXP, TAN, TAN, SQR	1.539e-09	0	0.0	8.8	True	
1215	Product_{k>=1} (1-1/2^k)^(-1)	special	64	not found	9	NINE, SIN, x, TIMES	TWO, SIN, SIX, PLUS, ARCTAN	3.819e-10	1	0.0	9.4	True	1/QPochhammer[1/2, 1/2]
1216	square root of 12	algebraic	64	exact	5	x	TWO, SIX, TIMES, SQRT	0.000e+00	4	0.0	64.0	True	Sqrt[12]
1217	C, a coin tossing constant related to the asymptotic variance of the length of the longest run of consecutive heads	elementary	64	not found	9	x, GAMMA, SINH, SIN	EULER, ARCCOSH, SQR, SINH, SIN	4.249e-10	0	0.0	9.4	True	1/12 + Pi^2/(6*Log[2]^2)
1218	gamma = 8*lambda^2, a critical threshold of a boundary value problem, where lambda is Laplace's limit constant A033259	none	64	not found	9	FOUR, x, GAMMA, DIVIDE	FIVE, ARCSINH, LOG, GAMMA, ARCTAN	9.126e-10	0	0.0	9.0	True	
1219	infinite product constant	special	64	not found	9	EIGHT, x, COS, POWER	EULER, TWO, SIN, ARCTANH, DIVIDE	8.694e-10	0	0.0	9.1	True	Product[(1 + \[FormalK]^(-1))^\[FormalK]^(-1), {\[FormalK], 1, Infinity}]
1220	log 10800/π	elementary	64	not found	9	x, TAN, ARCSINH, ARCTANH	EULER, TAN, EXP, SQR, TAN	2.506e-10	0	0.0	9.6	True	Log10[10800/Pi]
1221	accumulation point of the logistic map	none	64	not found	9	x, EIGHT, SQRT, DIVIDE	PI, GAMMA, THREE, SUBTRACT, ARCSIN	2.483e-10	0	0.0	9.6	True	
1222	sqrt(13)	algebraic	64	exact	5	x	FOUR, NINE, PLUS, SQRT	0.000e+00	2	0.0	64.0	True	Sqrt[13]
1223	4*(8 - 4*sqrt(2) - log(2))/(2*sqrt(2) - 1)	elementary	64	not found	9	x, TAN, ARCCOS, SQR	NEG, ARCSIN, INV, SQR, COSH	5.919e-10	1	0.0	9.2	True	4(8-4Sqrt[2]-Log[2])/(2Sqrt[2]-1)
1224	ln(37)	elementary	64	exact	6	x	SIX, SQR, ONE, PLUS, LOG	0.000e+00	5	0.0	64.0	True	Log[37]
1225	2 + phi, with the golden section phi from A001622	algebraic	64	exact	4	x	GOLDENRATIO, TWO, PLUS	0.000e+00	1	0.0	64.0	True	2 + GoldenRatio
1226	Gamma(1/4)	special	64	exact	4	x	FOUR, INV, GAMMA	0.000e+00	1	0.0	63.9	True	Gamma[1/4]
1227	'theta', the unique positive root of the equation polygamma(x) = log(Pi), where polygamma(x) gives gamma'(x)/gamma(x), t	none	64	not found	9	x, TAN, ARCCOS, INV	THREE, SQRT, COS, ARCSINH, COS	1.788e-10	2	0.0	9.7	True	
1228	(65 + 9*sqrt(3))/22	algebraic	64	not found	9	EIGHT, x, DIVIDE, SINH	EULER, GAMMA, SQRT, LOG, SQRT	2.073e-11	0	0.0	10.7	True	(65+9Sqrt[3])/22
1229	Sum_{n>=1} prime(n)/(2^n)	special	64	not found	9	x, SQR, SIN, SINH	EIGHT, SIN, ARCTANH, SQRT, GAMMA	3.038e-10	0	0.0	9.5	True	Sum[Prime[i]/2^i,{i,1000}]
1230	ln(41)	elementary	64	exact	6	x	SIX, SQR, FIVE, PLUS, LOG	0.000e+00	4	0.0	64.0	True	Log[41]
1231	ln(43)	elementary	64	exact	6	x	SIX, SQR, SEVEN, PLUS, LOG	0.000e+00	4	0.0	64.0	True	Log[43]
1232	ln(47)	elementary	64	exact	6	x	TWO, SEVEN, SQR, SUBTRACT, LOG	0.000e+00	3	0.0	64.0	True	Log[47]
1233	an optimal stopping constant related to the Secretary problem	none	64	not found	9	x, EULER, TIMES, TAN	TWO, TANH, EXP, COSH, LOG	2.857e-10	0	0.0	9.5	True	
1234	2D lattice sum analog of Euler γ	special	64	not found	9	x, GAMMA, SQRT, SQRT	EIGHT, LOG, SQR, ARCSINH, ARCSINH	2.389e-10	0	0.0	9.6	True	-2*Zeta[1/2]*(Zeta[1/2, 1/4] - Zeta[1/2, 3/4])
1235	-zeta'(1/2)	special	64	not found	7	x, TAN	EIGHT, NINE, DIVIDE, COSH, SIN	1.560e-12	0	0.0	11.8	True	-Derivative[1][Zeta][1/2]
1236	ln(53)	elementary	64	exact	6	x	SEVEN, SQR, FOUR, PLUS, LOG	0.000e+00	3	0.0	64.0	True	Log[53]
1237	1000^(1/5)	algebraic	64	exact	8	FIVE, x, POWER	THREE, FIVE, POWER, EIGHT, TIMES	0.000e+00	1	0.0	64.0	True	1000^(1/5)
1239	ln(59)	elementary	64	exact	6	x	FIVE, EIGHT, SQR, SUBTRACT, LOG	0.000e+00	3	0.0	64.0	True	Log[59]
1240	ln(61)	elementary	64	exact	6	x	THREE, EIGHT, SQR, SUBTRACT, LOG	0.000e+00	3	0.0	64.0	True	Log[61]
1241	sqrt(17)	algebraic	64	exact	4	x	FOUR, ARCSINH, COSH	0.000e+00	2	0.0	64.0	True	Sqrt[17]
1242	sqrt(2*Pi*e)	elementary	64	exact	7	x, SQR	PI, PI, PLUS, EULER, TIMES	0.000e+00	4	0.0	64.0	True	Sqrt[2Pi E]
1243	Hardy-Littlewood prime quadruples constant	special	64	not found	8	x, GAMMA, SIN	FIVE, ARCTAN, COS, EXP, TANH	8.360e-11	0	0.0	10.1	True	(27*Product[((-4 + Prime[\[FormalK]])*Prime[\[FormalK]]^3)/(-1 + Prime[\[FormalK]])^4, {\[FormalK], 3, Infinity}])/2
1244	four thirds pi	elementary	64	exact	4	x, TAN	THREE, SQRT	0.000e+00	3	0.0	64.0	True	4*Pi/3
1245	ln(67)	elementary	64	exact	6	x	EIGHT, SQR, THREE, PLUS, LOG	0.000e+00	3	0.0	64.0	True	Log[67]
1246	(4*sqrt(2)*Pi^2)/gamma(1/4)^2	special	64	exact	9	EIGHT, SQRT, x, DIVIDE	TWO, LOG, SINH, GAMMA, SQR	0.000e+00	2	0.0	64.0	True	(4*Sqrt[2]*Pi^2)/Gamma[1/4]^2
1247	ln(71)	elementary	64	exact	6	x	EIGHT, SQR, SEVEN, PLUS, LOG	0.000e+00	3	0.0	64.0	True	Log[71]
1248	Pi*e/2	elementary	64	exact	5	x	ONE, ARCSIN, EULER, TIMES	2.080e-16	2	0.0	64.0	True	(Pi*E)/2
1249	ln(73)	elementary	64	exact	6	x	EIGHT, SQR, NINE, PLUS, LOG	0.000e+00	4	0.0	64.0	True	Log[73]
1250	asymptotic value of the second raw moment of the maximal exponent in the prime factorizations of n (A051903)	special	64	not found	9	EULER, x, TAN, DIVIDE	NEG, TANH, TANH, TANH, COS	2.533e-10	1	0.0	9.6	True	1 + Sum[(2*j - 1)*(1 - 1/Zeta[j]), {j, 2, 400}]
1251	Korn constant	rational	64	exact	7	x, EIGHT, DIVIDE	SEVEN, INV, TWO, SUBTRACT	0.000e+00	8	0.0	64.0	True	56/13
1252	alpha, the unique solution on [2,oo) of the equation alpha*log((2*e)/alpha)=1	special	64	not found	9	x, TAN, COSH, ARCSINH	THREE, SIN, ARCTAN, SQRT, GAMMA	2.405e-10	2	0.0	9.6	True	-1/ProductLog[-1/(2*E)]
1253	sqrt(19)	algebraic	64	exact	6	x	FOUR, SQR, THREE, PLUS, SQRT	0.000e+00	5	0.0	64.0	True	Sqrt[19]
1254	ln(79)	elementary	64	exact	6	x	TWO, NINE, SQR, SUBTRACT, LOG	0.000e+00	3	0.0	64.0	True	Log[79]
1255	Hayman constant	special	64	exact	9	x, SQRT, PI, DIVIDE	TWO, LOG, SINH, GAMMA, SQR	2.029e-16	1	0.0	64.0	True	Gamma[1/4]^4/(4*Pi^2)
1256	ln(83)	elementary	64	exact	6	x	NINE, SQR, TWO, PLUS, LOG	0.000e+00	3	0.0	64.0	True	Log[83]
1257	pi(2)^(1/2)	elementary	64	exact	5	x	TWO, SQRT, PI, TIMES	0.000e+00	2	0.0	64.0	True	Pi*2^(1/2)
1258	ln(89)	elementary	64	exact	6	x	NINE, SQR, EIGHT, PLUS, LOG	0.000e+00	3	0.0	64.0	True	Log[89]
1259	Freiman constant	algebraic	64	not found	9	x, COS, ARCTAN, SINH	GOLDENRATIO, SIX, TAN, ARCSIN, DIVIDE	3.400e-11	0	0.0	10.5	True	(2221564096 + 283748*Sqrt[462])/491993569
1260	Van der Pauw constant	elementary	64	exact	5	x	TWO, LOG, PI, DIVIDE	0.000e+00	3	0.0	64.0	True	Pi/Log[2]
1261	Gasper constant	algebraic	64	not found	8	x, SIN, ARCTANH, COS	FOUR, COS, SINH, ARCTANH	7.462e-10	0	0.0	9.1	True	Root[-1134 - 3780*#1 - 5013*#1^2 - 3247*#1^3 - 948*#1^4 - 14*#1^5 + 55*#1^6 + 9*#1^7 & , 1]
1262	ln(97)	elementary	64	exact	7	x, EXP	FOUR, SQR, NINE, SQR, PLUS	0.000e+00	2	0.0	64.0	True	Log[97]
1263	2ln(10)	elementary	64	exact	6	x	NEG, NINE, SUBTRACT, SQR, LOG	0.000e+00	4	0.0	64.0	True	2*Log[10]
1264	100^(1/3)	algebraic	64	exact	7	THREE, x, POWER	NEG, NINE, SUBTRACT, SQR	0.000e+00	2	0.0	64.0	True	100^(1/3)
1265	Product_{p prime} (1 + 1/p^(4/3) + 1/p^(5/3))	none	64	not found	8	EIGHT, x, SUBTRACT, GAMMA	FOUR, TAN, LOG, SQRT	1.425e-09	0	0.0	8.8	True	
1266	Feigenbaum delta	none	64	not found	9	NINE, x, DIVIDE, TAN	SIX, SINH, TAN, TANH, ARCTAN	1.805e-10	0	0.0	9.7	True	
1267	3pi/2	elementary	64	exact	5	x	NEG, ARCSIN, PI, SUBTRACT	0.000e+00	4	0.0	64.0	True	3*Pi/2
1268	rod constant	special	64	not found	9	PI, x, COSH, DIVIDE	FOUR, LOG, FIVE, SQR, DIVIDE	2.278e-09	0	0.0	8.6	True	Root[{-1 + Cos[#1]*Cosh[#1] & , 4.730040744862704026`19.67486488179338}]
1269	sqrt(23)	algebraic	64	exact	6	x	FOUR, SQR, SEVEN, PLUS, SQRT	0.000e+00	9	0.0	64.0	True	Sqrt[23]
1270	John constant lower bound	special	64	exact	4	x	PI, EXP, SQRT	0.000e+00	3	0.0	64.0	True	I^(-I)
1271	two-arc beam detection constant	special	64	not found	9	PI, x, DIVIDE, LOG	SIX, COS, EULER, SIN, DIVIDE	6.643e-10	1	0.0	9.2	True	ConditionalExpression[Extension`TwoArcApproximationBeamDetectionConstant == -2*\[FormalA] - \[FormalB] + 2*Pi - Cos[\[FormalB]/2] + Sec[\[FormalB]/2] + 2*Tan[\[FormalA]/2] + Sin[\[FormalB]/2]*Tan[\[FormalA]/2], \[FormalA] == 4*ArcTan[Sqrt[\[FormalC]]] && \[FormalB] == 2*ArcSin[2*Cos[\[FormalA]]] && \[FormalB] == 2*ArcSin[2*Cos[\[FormalA]]] && \[FormalC] == Root[1 + 65*\[FormalX] - 2139*\[FormalX]^2 + 20476*\[FormalX]^3 - 78054*\[FormalX]^4 + 126214*\[FormalX]^5 - 78054*\[FormalX]^6 + 20476*\[FormalX]^7 - 2139*\[FormalX]^8 + 65*\[FormalX]^9 + \[FormalX]^10, \[FormalX], 4]]
1272	second moment of the reciprocal gamma distribution	none	64	not found	9	EULER, SQRT, x, PLUS	FOUR, ARCSINH, ARCSINH, FIVE, PLUS	4.423e-10	2	0.0	9.4	True	
1273	unique solution > 1 of the equation x*log(x)=2(x-1)	none	64	not found	8	x, COSH, LOG, TAN	FOUR, EULER, COSH, DIVIDE	8.458e-12	0	0.0	11.1	True	
1274	xi_3 = 5*G, the volume of an ideal hyperbolic cube, where G is Gieseking's constant	none	64	not found	9	x, SIX, SUBTRACT, GAMMA	SEVEN, ARCTAN, SINH, ARCTAN, SQRT	6.884e-10	0	0.0	9.2	True	
1275	'lambda', a Sobolev isoperimetric constant related to the "rod inequality", arising from the elasticity study of a rod t	none	64	not found	9	x, COS, GAMMA, COSH	EIGHT, LOG, SQR, TANH, ARCTANH	7.618e-11	0	0.0	10.1	True	
1276	Lower limit of backward value of 5^n	none	64	not found	9	x, COS, ARCTANH, ARCSIN	THREE, INV, SIX, POWER, INV	4.929e-10	0	0.0	9.3	True	
1277	hypersphere maximal volume dimension constant	special	64	not found	9	x, COS, GOLDENRATIO, PLUS	SIX, SIN, SIN, EXP, EXP	1.455e-09	0	0.0	8.8	True	Root[{-2 + Log[Pi]*#1 - PolyGamma[0, #1/2]*#1 & , 5.25694640486057678013283838869`29.720733549361597}]
1278	2*Pi^2*log(2) - 7*zeta(3)	special	64	not found	8	x, COS, ARCCOS	GOLDENRATIO, FIVE, COS, DIVIDE, COSH	1.350e-10	0	0.0	9.9	True	2Pi^2Log[2]-7Zeta[3]
1279	log 648000/π	elementary	64	not found	9	x, TWO, SUBTRACT, INV	EIGHT, ARCTAN, PI, LOG, SUBTRACT	5.682e-10	0	0.0	9.2	True	Log10[648000/Pi]
1280	Pi*csc(Pi/5)	elementary	64	exact	7	x, PI, DIVIDE	FIVE, PI, DIVIDE, SIN	1.662e-16	2	0.0	64.0	True	Pi*Csc[Pi/5]
1281	sqrt(29)	algebraic	64	exact	6	x	FIVE, GAMMA, FIVE, PLUS, SQRT	0.000e+00	5	0.0	64.0	True	Sqrt[29]
1282	analog of Lévy's constant in case of the nearest integer continued fraction of -1/2<x<1/2	elementary	64	exact	8	x, SQR, LOG	NINE, ARCCOSH, PI, SQR, DIVIDE	0.000e+00	3	0.0	64.0	True	Exp[Pi^2/(12*Log[GoldenRatio])]
1283	sqrt(31)	algebraic	64	exact	6	x	FIVE, GAMMA, SEVEN, PLUS, SQRT	0.000e+00	5	0.0	64.0	True	Sqrt[31]
1284	pi^(3/2)	elementary	64	exact	5	x	THREE, PI, POWER, SQRT	0.000e+00	3	0.0	64.0	True	Pi^(3/2)
1285	1000^(1/4)	algebraic	64	exact	7	x, SQR	THREE, THREE, ARCSINH, COSH, POWER	0.000e+00	1	0.0	64.0	True	1000^(1/4)
1286	a constant related to A000151	none	64	not found	9	x, COS, ARCSIN, SQR	TWO, EIGHT, ARCSINH, ARCSINH, DIVIDE	8.852e-10	0	0.0	9.1	True	
1287	c for which b(n+1) = c^(b(n)/n) neither explodes nor converges (A278453)	none	64	not found	9	x, GAMMA, ARCSINH, COS	PI, SINH, FOUR, DIVIDE, SINH	3.677e-10	0	0.0	9.4	True	
1288	'lambda', a Sobolev isoperimetric constant related to the "membrane inequality", arising from the study of a vibrating m	none	64	not found	9	x, COS, ARCCOS, ARCSINH	FIVE, FOUR, TAN, DIVIDE, SQRT	7.806e-11	0	0.0	10.1	True	
1289	zeta(3/4) * Product_{p prime} (1 + 1/p^(5/4) - 1/p^2 - 1/p^(9/4)) (negated)	none	64	not found	9	x, SIN, SQR, COS	FOUR, ARCSINH, TAN, COS, COS	1.677e-09	0	0.0	8.8	True	
1290	sqrt(37)	algebraic	64	exact	4	x, ARCCOSH	SIX, ARCSINH	0.000e+00	2	0.0	64.0	True	Sqrt[37]
1291	Tau	elementary	64	exact	4	x	PI, PI, PLUS	0.000e+00	1	0.0	64.0	True	2*Pi
1292	2 Pi/sin(arctan(2 Pi))	elementary	64	exact	6	x	PI, PI, PLUS, ARCSINH, COSH	0.000e+00	3	0.0	64.0	True	2*Pi/Sin[ArcTan[2*Pi]]
1293	sqrt(41)	algebraic	64	exact	6	x	SIX, SQR, FIVE, PLUS, SQRT	0.000e+00	4	0.0	64.0	True	Sqrt[41]
1294	sqrt(43)	algebraic	64	exact	6	x	SIX, SQR, SEVEN, PLUS, SQRT	0.000e+00	4	0.0	64.0	True	Sqrt[43]
1295	Froda constant	elementary	64	exact	4	x	EULER, TWO, POWER	1.350e-16	1	0.0	64.0	True	2^E
1296	(real) period of the elliptic function sn(x,1/2)	special	64	not found	9	x, TAN, ARCSIN, TAN	GOLDENRATIO, ARCSINH, ARCCOSH, SIN, TANH	1.206e-10	0	0.0	9.9	True	8*EllipticK[-1/3]/Sqrt[3]
1297	sqrt(47)	algebraic	64	exact	6	x	TWO, SEVEN, SQR, SUBTRACT, SQRT	0.000e+00	6	0.0	64.0	True	Sqrt[47]
1298	3ln(10)	elementary	64	exact	7	SIX, x, DIVIDE	THREE, ARCSINH, COSH, LOG	0.000e+00	6	0.0	64.0	True	3*Log[10]
1299	John constant upper bound	special	64	not found	9	x, ARCCOSH, SIN, TAN	FIVE, SIN, ARCCOS, LOG, COS	5.835e-10	0	0.0	9.2	True	ConditionalExpression[Extension`JohnConstantUpperBound == Exp[\[FormalLambda]*Pi], Pi/Exp[2*\[FormalLambda]*Pi] == Sum[(\[FormalK]*Exp[-1/2*(\[FormalK]*Pi)/\[FormalLambda]])/(\[FormalK]^2 + \[FormalLambda]^2), {\[FormalK], 1, Infinity}]]
1300	hypersphere maximal surface area dimension constant	special	64	not found	9	x, COS, EXP, ARCSINH	GOLDENRATIO, ARCCOSH, INV, SQRT, ARCSIN	6.796e-11	0	0.0	10.2	True	Root[{Log[Pi] - PolyGamma[0, #1/2] & , 7.25694640486057678013283838869`29.860753915673623}]
1301	sqrt(53)	algebraic	64	exact	6	x	SEVEN, SQR, FOUR, PLUS, SQRT	0.000e+00	3	0.0	64.0	True	Sqrt[53]
1302	c_o, coefficient associated with the asymptotic evaluation c_o*2^(n^2/4) of the number of subspaces of the n-dimensional	none	64	not found	9	x, EIGHT, SUBTRACT, ARCTANH	FIVE, ARCCOSH, TANH, SIN, SIN	8.287e-10	0	0.0	9.1	True	
1303	c_e, coefficient associated with the asymptotic evaluation c_e*2^(n^2/4) of the number of subspaces of the n-dimensional	none	64	not found	9	x, SIN, SINH, INV	PI, LOG, FOUR, SUBTRACT, TANH	1.963e-10	0	0.0	9.7	True	
1304	e^2	elementary	64	exact	3	x	TWO, EXP	0.000e+00	1	0.0	64.0	True	E^2
1305	sqrt(59)	algebraic	64	exact	6	x	FIVE, EIGHT, SQR, SUBTRACT, SQRT	0.000e+00	3	0.0	64.0	True	Sqrt[59]
1306	digital search tree θ constant	special	64	not found	9	EIGHT, ARCSINH, x, SUBTRACT	GOLDENRATIO, TWO, POWER, GOLDENRATIO, TIMES	9.948e-11	0	0.0	10.0	True	Sum[(2^(((-1 + \[FormalK])*\[FormalK])/2)*\[FormalK]*Sum[(-1 + 2^\[FormalI])^(-1), {\[FormalI], 1, \[FormalK]}])/Product[-1 + 2^\[FormalJ], {\[FormalJ], 1, \[FormalK]}], {\[FormalK], 1, Infinity}]
1307	sqrt(61)	algebraic	64	exact	6	x	THREE, EIGHT, SQR, SUBTRACT, SQRT	0.000e+00	3	0.0	64.0	True	Sqrt[61]
1308	Sierpiński's third constant, K3 = lim_{n->oo} ((1/n) * (Sum_{i=1..n} (A004018(i))^2) - 4 * log(n))	special	64	not found	9	x, NINE, TANH, SUBTRACT	EIGHT, SEVEN, TAN, SQRT, SUBTRACT	4.688e-10	0	0.0	9.3	True	4/3 (24*Log[Gamma[3/4]] - 12*Log[Pi] + 72*Log[Glaisher] - 5*Log[2] + 6*EulerGamma - 3)
1309	sqrt(67)	algebraic	64	exact	6	x	EIGHT, SQR, THREE, PLUS, SQRT	0.000e+00	3	0.0	64.0	True	Sqrt[67]
1310	sqrt(71)	algebraic	64	exact	6	x	EIGHT, SQR, SEVEN, PLUS, SQRT	0.000e+00	3	0.0	64.0	True	Sqrt[71]
1311	sqrt(73)	algebraic	64	exact	6	x	EIGHT, SQR, NINE, PLUS, SQRT	0.000e+00	4	0.0	64.0	True	Sqrt[73]
1312	polygon circumscription constant	special	64	not found	9	x, SIN, SIN, TAN	SEVEN, ARCCOSH, PI, ARCSINH, DIVIDE	1.852e-10	0	0.0	9.7	True	Product[Sec[Pi/\[FormalK]], {\[FormalK], 3, Infinity}]
1313	sqrt(79)	algebraic	64	exact	6	x	TWO, NINE, SQR, SUBTRACT, SQRT	0.000e+00	6	0.0	64.0	True	Sqrt[79]
1314	sqrt(83)	algebraic	64	exact	6	x	NINE, SQR, TWO, PLUS, SQRT	0.000e+00	6	0.0	64.0	True	Sqrt[83]
1315	4ln(10)	elementary	64	exact	7	x, EXP	NEG, NINE, SUBTRACT, SQR, SQR	0.000e+00	6	0.0	64.0	True	4*Log[10]
1316	Varga's constant	none	64	not found	9	x, ARCCOSH, ARCSINH, COSH	SEVEN, TAN, EXP, EXP, ARCSINH	1.686e-09	0	0.0	8.8	True	
1317	3pi	elementary	64	exact	4	x	PI, THREE, TIMES	0.000e+00	1	0.0	64.0	True	3*Pi
1318	sqrt(89)	algebraic	64	exact	6	x	NINE, SQR, EIGHT, PLUS, SQRT	0.000e+00	3	0.0	64.0	True	Sqrt[89]
1319	Wagon's constant	none	64	not found	9	NINE, x, SUBTRACT, ARCCOS	FIVE, ARCTAN, GAMMA, SQR, ARCTANH	1.806e-10	0	0.0	9.7	True	
1320	Product_{p prime} (1 + 1/p^(5/4) + 1/p^(3/2) + 1/p^(7/4))	none	64	not found	9	x, SQRT, GAMMA, SIN	FIVE, SIN, COS, TAN, COS	1.015e-09	0	0.0	9.0	True	
1321	sqrt(97)	algebraic	64	exact	7	x, ARCCOSH	SIX, SQRT, FOUR, TIMES, ARCSINH	0.000e+00	8	0.0	64.0	True	Sqrt[97]
1322	π^2	elementary	64	exact	3	x	PI, SQR	0.000e+00	1	0.0	64.0	True	Pi^2
1323	smallest number > 1 with the same digits in decimal and binary	none	64	not found	9	x, TAN, ARCTAN, GAMMA	SEVEN, COSH, ARCSINH, TAN, ARCTANH	5.390e-10	0	0.0	9.3	True	
1324	2*zeta(3/2)^4/(3*sqrt(2*Pi)*zeta(3))	special	64	not found	9	x, EIGHT, SUBTRACT, TAN	EIGHT, TAN, PI, DIVIDE, COSH	3.300e-11	0	0.0	10.5	True	2*Zeta[3/2]^4/(3*Sqrt[2*Pi]*Zeta[3])
1325	e^(Pi^2/(6*log(2)))	elementary	64	exact	8	x, SQR, LOG	EIGHT, LOG, PI, SQR, DIVIDE	0.000e+00	3	0.0	63.4	True	E^(Pi^2/(6Log[2]))
1326	z_c = phi^5 (where phi is the golden ratio), a lattice statistics constant which is the exact value of the critical acti	algebraic	64	exact	4	x	FIVE, GOLDENRATIO, POWER	1.602e-16	1	0.0	63.5	True	GoldenRatio^5
1327	5ln(10)	elementary	64	exact	7	x, EXP	FIVE, NEG, NINE, SUBTRACT, POWER	0.000e+00	3	0.0	63.4	True	5*Log[10]
1328	4pi	elementary	64	exact	4	x	PI, FOUR, TIMES	0.000e+00	1	0.0	64.0	True	4*Pi
1329	6ln(10)	elementary	64	exact	7	x, EXP	SIX, NEG, NINE, SUBTRACT, POWER	0.000e+00	3	0.0	63.5	True	6*Log[10]
1330	Imaginary part of first non-trivial zero of zeta function	special	64	not found	9	TWO, x, DIVIDE, TAN	FOUR, SIX, SIN, DIVIDE, COS	2.348e-09	0	0.0	8.6	True	Im[ZetaZero[1]]
1331	Product_{j>=1, j!=2} zeta(j/2) (negated)	none	64	not found	9	TWO, x, SIN, DIVIDE	SIX, SIN, INV, SIN, SINH	4.375e-10	0	0.0	9.4	True	
1332	exponential reiterated constant	elementary	64	exact	3	x	EULER, EXP	1.172e-16	1	0.0	63.6	True	E^E
1333	5pi	elementary	64	exact	4	x	PI, FIVE, TIMES	0.000e+00	1	0.0	64.0	True	5*Pi
1334	7ln(10)	elementary	64	exact	7	x, EXP	SEVEN, NEG, NINE, SUBTRACT, POWER	0.000e+00	3	0.0	63.7	True	7*Log[10]
1335	Product_{p prime} (1 + 1/p^(6/5) + 1/p^(7/5) - 1/p^2 - 1/p^(11/5) - 1/p^(12/5)) (negated)	none	64	not found	9	x, SQRT, SIN, TANH	GOLDENRATIO, SINH, COS, TANH, SINH	1.797e-09	11	0.0	8.7	True	
1336	8ln(10)	elementary	64	exact	7	x, EXP	EIGHT, NEG, NINE, SUBTRACT, POWER	0.000e+00	4	0.0	63.9	True	8*Log[10]
1337	6pi	elementary	64	exact	4	x	PI, SIX, TIMES	0.000e+00	1	0.0	63.7	True	6*Pi
1338	Product_{p prime} (1 + 1/p^(6/5) + 1/p^(7/5) + 1/p^(8/5) + 1/p^(9/5))	none	64	not found	9	x, SIN, ARCSINH, GAMMA	SIX, ARCCOSH, LOG, TAN, SINH	1.181e-09	0	0.0	8.9	True	
1339	e^pi - pi	elementary	64	exact	5	x	PI, PI, EXP, SUBTRACT	1.776e-16	2	0.0	63.9	True	E^Pi - Pi
1340	e^3	elementary	64	exact	3	x	THREE, EXP	0.000e+00	1	0.0	64.0	True	E^3
1341	9ln(10)	elementary	64	exact	7	x, EXP	NINE, NEG, NINE, SUBTRACT, POWER	0.000e+00	3	0.0	64.0	True	9*Log[10]
1342	imaginary part of 2nd nontrivial zero of Riemann zeta function	none	64	not found	8	x, SIN, ARCTANH	TWO, INV, TAN, COS, INV	2.657e-10	0	0.0	9.6	True	
1343	7pi	elementary	64	exact	4	x	PI, SEVEN, TIMES	0.000e+00	1	0.0	63.8	True	7*Pi
1344	pi pow e	elementary	64	exact	4	x	EULER, PI, POWER	1.582e-16	1	0.0	63.7	True	Pi^E
1345	Gelfond's constant	elementary	64	exact	3	x	PI, EXP	1.535e-16	1	0.0	64.0	True	E^Pi
1346	imaginary part of 3rd nontrivial zero of Riemann zeta function	none	64	not found	8	x, NEG, SUBTRACT, SIN	PI, EXP, ARCCOSH, COS	6.890e-10	0	0.0	9.2	True	
1347	8pi	elementary	64	exact	4	x	PI, EIGHT, TIMES	0.000e+00	1	0.0	64.0	True	8*Pi
1348	9pi	elementary	64	exact	4	x	PI, NINE, TIMES	0.000e+00	1	0.0	64.0	True	9*Pi
1349	pi cubed	elementary	64	exact	4	x	THREE, PI, POWER	1.146e-16	1	0.0	63.9	True	Pi^3
1350	π^π	elementary	64	exact	4	x	PI, PI, POWER	1.949e-16	1	0.0	64.0	True	Pi^Pi
1351	e^4	elementary	64	exact	3	x	FOUR, EXP	0.000e+00	1	0.0	64.0	True	E^4
1352	radian	elementary	64	exact	7	x, FIVE, DIVIDE	SIX, SQR, PI, DIVIDE	0.000e+00	11	0.0	64.0	True	180/Pi
1353	pi^4	elementary	64	exact	4	x	PI, SQR, SQR	1.459e-16	2	0.0	64.0	True	Pi^4
1354	Product_{j>=1, j!=3} zeta(j/3)	none	64	not found	9	x, ARCSINH, ARCCOSH, ARCCOSH	GOLDENRATIO, COSH, THREE, POWER, ARCTAN	1.159e-08	0	0.0	nan	False	
1355	Golden angle degrees	algebraic	64	exact	8	x, THREE, DIVIDE	SIX, GAMMA, GOLDENRATIO, SQR, DIVIDE	0.000e+00	7	0.0	63.7	True	180*(3 - Sqrt[5])
1356	e^5	elementary	64	exact	3	x	FIVE, EXP	0.000e+00	1	0.0	64.0	True	E^5
1357	pi^5	elementary	64	exact	4	x	FIVE, PI, POWER	1.858e-16	1	0.0	64.0	True	Pi^5
1358	e^6	elementary	64	exact	3	x	SIX, EXP	0.000e+00	1	0.0	64.0	True	E^6
1359	e^(2pi)	elementary	64	exact	4	x	PI, EXP, SQR	2.123e-16	2	0.0	64.0	True	E^(2*Pi)
1360	Jenny constant	elementary	64	not found	9	x, LOG, EIGHT, SUBTRACT	SEVEN, SQRT, TANH, TAN, SQRT	6.875e-10	0	0.0	9.2	True	(-9 + 7^(-E^(-1) + E))*Pi^2
1361	pi^6	elementary	64	exact	4	x	SIX, PI, POWER	2.365e-16	1	0.0	64.0	True	Pi^6
1362	e^7	elementary	64	exact	3	x	SEVEN, EXP	0.000e+00	1	0.0	63.7	True	E^7
1363	e^8	elementary	64	exact	3	x	EIGHT, EXP	0.000e+00	1	0.0	63.9	True	E^8
1364	pi^7	elementary	64	exact	4	x	SEVEN, PI, POWER	3.011e-16	1	0.0	63.9	True	Pi^7
1365	10800/π	elementary	64	exact	9	x, SEVEN, GAMMA, DIVIDE	FIVE, TWO, INV, ARCCOS, DIVIDE	0.000e+00	2	0.0	64.0	True	10800/Pi
1366	e^9	elementary	64	exact	3	x	NINE, EXP	0.000e+00	1	0.0	64.0	True	E^9
1367	Gram point crossover constant	special	64	not found	9	x, ARCCOSH, COS, ARCSINH	SEVEN, SQRT, COS, TAN, INV	7.551e-09	0	0.0	8.1	True	Root[{-RiemannSiegelTheta[#1] + Pi*#1 & , 9146.69819317145926586619766347`29.961264349227967}]
1368	pi^8	elementary	64	exact	4	x	EIGHT, PI, POWER	3.834e-16	1	0.0	64.0	True	Pi^8
1369	e^(3pi)	elementary	64	exact	5	x, LOG	PI, THREE, TIMES	0.000e+00	2	0.0	63.6	True	E^(3*Pi)
1370	e^10	elementary	64	exact	4	x, SQRT	FIVE, EXP	0.000e+00	2	0.0	63.7	True	E^10
1371	pi^9	elementary	64	exact	4	x	NINE, PI, POWER	3.661e-16	1	0.0	64.0	True	Pi^9
1372	pi^10	elementary	64	exact	5	x	FIVE, PI, SQR, POWER	3.108e-16	2	0.0	64.0	True	Pi^10
1373	648000/π	elementary	64	not found	9	x, ARCSINH, COS, ARCTANH	PI, SQRT, GOLDENRATIO, TIMES, SQRT	4.900e-09	0	0.0	8.3	True	648000/Pi
1374	e^(4pi)	elementary	64	exact	5	x, LOG	PI, FOUR, TIMES	0.000e+00	4	0.0	64.0	True	E^(4*Pi)
1375	e^(5pi)	elementary	64	exact	5	x, LOG	PI, FIVE, TIMES	0.000e+00	2	0.0	64.0	True	E^(5*Pi)
1376	e^(6pi)	elementary	64	exact	5	x, LOG	PI, SIX, TIMES	0.000e+00	2	0.0	63.9	True	E^(6*Pi)
1377	e^(7pi)	elementary	64	exact	5	x, LOG	PI, SEVEN, TIMES	0.000e+00	2	0.0	64.0	True	E^(7*Pi)
1378	e^(8pi)	elementary	64	exact	5	x, LOG	PI, EIGHT, TIMES	0.000e+00	2	0.0	64.0	True	E^(8*Pi)
1379	e^(9pi)	elementary	64	exact	5	x, LOG	PI, NINE, TIMES	0.000e+00	2	0.0	64.0	True	E^(9*Pi)
1380	e^(10pi)	elementary	64	exact	6	x, SQRT, LOG	PI, FIVE, TIMES	0.000e+00	3	0.0	64.0	True	E^(10*Pi)
1381	Ramanujan's constant	elementary	64	not found	9	x, SQRT, LOG, TAN	PI, TANH, GOLDENRATIO, COSH, TIMES	4.830e-07	19	0.0	nan	False	E^(Sqrt[163]*Pi)
