id	name	class	digits	verdict	total	LHS	RHS	REL_ERR	candidates	ms	agree	solved	formula
1	conic constant	elementary	64	exact	4	x, SQR	FOUR, EXP	0.000e+00	521	0.1	64.0	True	-E^2
2	log π/648000	elementary	64	not found	12	x, THREE, TIMES, TANH, GAMMA	THREE, FIVE, TIMES, EIGHT, POWER, FOUR, SUBTRACT	3.946e-15	16	35.3	nan	False	Log10[Pi/648000]
3	log π/10800	elementary	64	not found	12	x, SIN, SQRT, GAMMA, ARCSINH	TWO, ARCCOSH, SIN, TWO, DIVIDE, ARCCOSH, SQRT	1.317e-13	21	37.7	12.9	True	Log10[Pi/10800]
4	log e^(-2π)	elementary	64	exact	7	x	THREE, ARCTAN, COS, LOG, PI, DIVIDE	0.000e+00	2736	38.2	64.0	True	Log10[E^(-2*Pi)]
5	(1 + 1/e)/(1/e - 1) = -coth(1/2)	elementary	64	exact	6	x	TWO, NEG, DIVIDE, TANH, INV	0.000e+00	6590	2.7	63.9	True	(1 + 1/E)/(1/E - 1)
6	Madelung 6D square lattice constant	special	64	not found	12	x, COS, EXP, ARCCOS, TAN	EIGHT, SIN, SQRT, EXP, INV, TAN, COSH	1.385e-14	22	38.6	13.9	True	(3*(4*DirichletBeta[5/2]*(-1 + Sqrt[2])*Zeta[1/2] - DirichletBeta[1/2]*(-1 + 4*Sqrt[2])*Zeta[5/2]))/Pi^2
7	Madelung 4D square lattice constant	special	64	not found	12	x, COSH, EXP, ARCCOSH, TAN	SEVEN, SIX, DIVIDE, FIVE, ARCTAN, SIN, POWER	1.368e-13	14	40.2	12.9	True	-8*(5 - 3*Sqrt[2])*Zeta[-1/2]*Zeta[1/2]
8	log π/180	elementary	64	exact	11	x, NEG, NINE, SUBTRACT, POWER	SIX, SQR, FIVE, TIMES, PI, DIVIDE	0.000e+00	14	39.6	64.0	True	Log10[Pi/180]
9	Madelung 2D square lattice constant	special	64	not found	12	x, FOUR, TANH, COSH, DIVIDE	TWO, SQRT, SEVEN, PLUS, COS, INV, TANH	2.803e-14	4	37.6	13.6	True	4*DirichletBeta[1/2]*(-1 + Sqrt[2])*Zeta[1/2]
10	Bateman-Grosswald constant	special	64	not found	12	x, ARCSINH, COSH, EXP, COS	PI, PI, GOLDENRATIO, PLUS, SINH, DIVIDE, COS	8.534e-15	1	40.7	14.1	True	Zeta[2/3]/Zeta[2]
11	log e^(-π)	elementary	64	exact	8	x	THREE, ARCTAN, COS, SQR, LOG, PI, DIVIDE	0.000e+00	2352	41.2	64.0	True	Log10[E^(-Pi)]
12	log 1/4π	elementary	64	exact	9	x, NEG, NINE, SUBTRACT, POWER	PI, FOUR, TIMES, INV	0.000e+00	52	41.7	63.8	True	Log10[1/(4*Pi)]
13	generalized Stirling constant	special	64	not found	12	x, SQR, SQR, SINH, LOG	SIX, SQRT, TANH, TAN, COSH, INV, SQR	3.893e-14	0	39.8	13.4	True	EulerGamma^2/4 - Pi^2/48 + StieltjesGamma[1]/2 - Log[2*Pi]^2/4
14	Neg	rational	64	exact	2	x	NEG	0.000e+00	49	0.0	64.0	True	-1
15	log 1/π^2	elementary	64	exact	6	x, THREE, ARCTAN, COS, POWER	PI	0.000e+00	936	43.5	64.0	True	Log10[1/Pi^2]
16	log 1/3π	elementary	64	exact	9	x, NEG, NINE, SUBTRACT, POWER	PI, THREE, INV, DIVIDE	0.000e+00	46	45.3	64.0	True	Log10[1/(3*Pi)]
17	zeta'(2)	special	64	not found	12	x, ARCSIN, INV, TANH, COS	EIGHT, PI, ARCCOSH, ARCCOSH, DIVIDE, COS, ARCTAN	1.004e-14	5	45.6	14.0	True	Derivative[1][Zeta][2]
18	log 1/e^2	elementary	64	exact	6	x, INV	THREE, ARCTAN, COS, LOG	0.000e+00	3248	3.0	64.0	True	Log10[1/E^2]
19	log 1/2π	elementary	64	exact	9	x, NEG, NINE, SUBTRACT, POWER	PI, PI, PLUS, INV	0.000e+00	60	46.8	64.0	True	Log10[1/(2*Pi)]
20	infinite tetration of reciprocal root 2	special	64	not found	11	x, ARCTAN, ARCTAN, INV, TAN	TWO, ARCCOSH, GAMMA, COS, SEVEN, SUBTRACT	7.778e-14	0	61.0	13.1	True	(-2*ProductLog[Log[2]/2])/Log[2]
21	log e^(-π/2)	elementary	64	exact	8	x	THREE, ARCTAN, COS, LOG, ONE, ARCTAN, DIVIDE	0.000e+00	1505	74.6	64.0	True	Log10[E^(-Pi/2)]
22	Granville-Soundararajan constant	special	64	not found	12	x, GOLDENRATIO, DIVIDE, TAN, TAN	GOLDENRATIO, EXP, ARCSINH, FOUR, SUBTRACT, TANH, GAMMA	2.460e-13	2	67.3	12.6	True	1 + Pi^2/3 + 4*PolyLog[2, -Sqrt[E]]
23	ln(gamma)	special	64	not found	12	NEG, ARCSIN, x, TIMES, ARCSIN	TWO, SIN, SIX, SUBTRACT, COSH, COS, SINH	3.896e-15	27	48.3	14.9	True	Log[EulerGamma]
24	log 1/π	elementary	64	exact	7	x, NEG, NINE, SUBTRACT, POWER	PI, INV	0.000e+00	1058	47.0	64.0	True	Log10[1/Pi]
25	log 1/e	elementary	64	exact	7	x, INV	THREE, ARCTAN, COS, SQR, LOG	0.000e+00	15490	47.6	64.0	True	Log10[1/E]
26	log Sqrt[1/2π]	elementary	64	exact	10	x, NEG, NINE, SUBTRACT, POWER	PI, PI, PLUS, INV, SQRT	0.000e+00	25	48.6	64.0	True	Log10[Sqrt[1/(2*Pi)]]
27	ln ln two	elementary	64	exact	4	x	TWO, LOG, LOG	0.000e+00	204	0.0	64.0	True	Log[Log[2]]
28	log M = log e	elementary	64	exact	10	x, NEG, NINE, SUBTRACT, POWER	NEG, NINE, SUBTRACT, LOG, INV	3.065e-16	21	47.6	63.9	True	Log10[Log10[E]]
29	log π/6	elementary	64	exact	8	x, NEG, NINE, SUBTRACT, POWER	SIX, PI, DIVIDE	0.000e+00	54	45.1	64.0	True	Log10[Pi/6]
31	Airy function constant	special	64	exact	11	THREE, INV, GAMMA, x, TIMES	THREE, INV, THREE, POWER, NEG, DIVIDE	0.000e+00	16	44.1	63.8	True	-(1/(3^(1/3)*Gamma[1/3]))
32	log Sqrt[1/π]	elementary	64	exact	8	x, NEG, NINE, SUBTRACT, POWER	PI, INV, SQRT	0.000e+00	532	43.5	63.8	True	Log10[Sqrt[1/Pi]]
33	log γ	special	64	not found	12	x, EULER, DIVIDE, COS, TANH	FOUR, SINH, SQRT, ARCCOSH, SQR, TWO, DIVIDE	9.641e-13	3	43.2	12.0	True	Log10[EulerGamma]
34	log Sqrt[1/e]	elementary	64	exact	8	x, INV	THREE, ARCTAN, COS, SQR, SQR, LOG	0.000e+00	6017	42.4	64.0	True	Log10[Sqrt[1/E]]
35	log Cbrt[3/4π]	elementary	64	not found	12	x, PI, DIVIDE, TANH, GAMMA	FIVE, TANH, EXP, EXP, TANH, LOG, INV	4.216e-15	2	42.0	nan	False	Log10[CubeRoot[3/(4*Pi)]]
36	log 2/π	elementary	64	exact	8	x, NEG, NINE, SUBTRACT, POWER	ONE, ARCSIN, INV	0.000e+00	104	41.4	64.0	True	Log10[2/Pi]
37	log Cbrt[1/π]	elementary	64	exact	9	x, INV, PI, POWER	SIX, THREE, ARCTAN, COS, POWER	0.000e+00	358	39.2	64.0	True	Log10[CubeRoot[1/Pi]]
38	log Cbrt[1/e]	elementary	64	exact	8	x	SIX, THREE, ARCTAN, COS, POWER, LOG, INV	0.000e+00	3405	37.1	63.8	True	Log10[CubeRoot[1/E]]
39	ln(Gamma(4/3))	special	64	exact	6	x, EXP	THREE, FOUR, DIVIDE, GAMMA	0.000e+00	2144	2.1	63.4	True	LogGamma[4/3]
40	log π/4	elementary	64	exact	8	x, INV, ONE, ARCTAN, POWER	NEG, NINE, SUBTRACT	1.323e-16	163	33.4	63.6	True	Log10[Pi/4]
41	ln(Gamma(5/3))	special	64	exact	6	x, EXP	THREE, LOG, COSH, GAMMA	0.000e+00	1183	2.1	63.9	True	LogGamma[5/3]
42	ln(Gamma(5/4))	special	64	exact	6	x, EXP	TWO, LOG, COSH, GAMMA	0.000e+00	1180	1.8	64.0	True	LogGamma[5/4]
43	log Sqrt[2/π]	elementary	64	exact	9	x, NEG, NINE, SUBTRACT, POWER	ONE, ARCSIN, INV, SQRT	0.000e+00	84	33.0	64.0	True	Log10[Sqrt[2/Pi]]
44	ln(Gamma(7/4))	special	64	exact	6	x	FOUR, SEVEN, DIVIDE, GAMMA, LOG	0.000e+00	1127	1.9	64.0	True	LogGamma[7/4]
45	Stieltjes constant	special	64	not found	12	x, SQR, SQR, COSH, ARCCOSH	EIGHT, SIN, TAN, EXP, GAMMA, TANH, ARCCOS	4.290e-13	10	28.2	nan	False	1 + EulerGamma^2 - Pi^2/8 + 2*StieltjesGamma[1]
46	Gauchman constant	special	64	not found	12	EIGHT, x, POWER, EXP, LOG	EULER, SIX, TIMES, TANH, SQR, ARCCOS, SQR	3.986e-15	32	22.8	nan	False	ConditionalExpression[Extension`GauchmanConstant == \[FormalX], E^(\[FormalU]/2) + 2*E^\[FormalU] + E^((3*\[FormalU])/2) + E^(\[FormalU] + \[FormalV]) == E^\[FormalV] + 2*E^(\[FormalU]/2 + \[FormalV]) && 2*(1 + \[FormalX] + E^(\[FormalU]/2 - \[FormalV])) == 4/E^(\[FormalU]/2) + (-2 + \[FormalU])/E^\[FormalV] && 1 + \[FormalU] + 6*E^(\[FormalU]/2) + 4*E^\[FormalU] + 4*E^(\[FormalU]/2 + \[FormalV]) == \[FormalV] + 9*E^\[FormalV] && -1/40 < \[FormalX] < 0]
47	log 3/π	elementary	64	exact	8	x, NEG, NINE, SUBTRACT, POWER	PI, THREE, DIVIDE	0.000e+00	50	22.1	64.0	True	Log10[3/Pi]
48	Zero	rational	64	exact	3	x, EXP	ONE	0.000e+00	82	0.0	64.0	True	0
49	e^(-10pi)	elementary	64	exact	6	EIGHT, x, LOG, DIVIDE, TAN	NEG	1.528e-15	26075	15.4	64.0	True	E^(-10*Pi)
50	e^(-9pi)	elementary	64	exact	6	x, INV, LOG	PI, NINE, TIMES	0.000e+00	5312	0.8	64.0	True	E^(-9*Pi)
51	'chi', a constant appearing in the asymptotic variance of the number of comparisons required for updating a digital sear	none	64	not found	12	x, GOLDENRATIO, SIN, POWER, ARCCOS	NINE, ARCTAN, TAN, EIGHT, SUBTRACT, ARCTANH, EXP	3.710e-15	128	15.4	nan	False	
52	e^(-8pi)	elementary	64	exact	6	x, INV, LOG	PI, EIGHT, TIMES	0.000e+00	6628	0.9	63.9	True	E^(-8*Pi)
53	e^(-7pi)	elementary	64	exact	6	x, INV, LOG	PI, SEVEN, TIMES	0.000e+00	5674	0.9	64.0	True	E^(-7*Pi)
54	e^(-6pi)	elementary	64	exact	6	x, INV, LOG	PI, SIX, TIMES	0.000e+00	6221	0.9	64.0	True	E^(-6*Pi)
55	e^(-5pi)	elementary	64	exact	6	x, INV, LOG	PI, FIVE, TIMES	0.000e+00	7826	1.0	63.6	True	E^(-5*Pi)
56	e^(-4pi)	elementary	64	exact	6	x	PI, EXP, INV, SQR, SQR	0.000e+00	8740	1.0	64.0	True	E^(-4*Pi)
57	1 arcsecond in radians	elementary	64	exact	10	FOUR, x, DIVIDE	SEVEN, GAMMA, SQR, FIVE, TIMES, PI, DIVIDE	0.000e+00	626	18.2	64.0	True	Pi/648000
58	pi^-10	elementary	64	exact	6	x, SQRT, INV	FIVE, PI, POWER	0.000e+00	5462	1.1	63.5	True	Pi^(-10)
59	pi^-9	elementary	64	exact	5	x	NINE, PI, POWER, INV	4.040e-16	1382	0.1	63.8	True	Pi^(-9)
60	e^-10	elementary	64	exact	5	x	FIVE, EXP, SQR, INV	0.000e+00	1885	0.1	64.0	True	E^(-10)
61	e^(-3pi)	elementary	64	exact	6	x	THREE, PI, EXP, INV, POWER	0.000e+00	6789	1.5	64.0	True	E^(-3*Pi)
62	pi^-8	elementary	64	exact	5	x	EIGHT, PI, POWER, INV	3.858e-16	1562	0.1	63.5	True	Pi^(-8)
63	sum_{r in Z}(1/r^3) where Z is the set of all nontrivial zeros r of the Riemann zeta function	special	64	not found	12	x, SQR, COS, ARCCOS, INV	EIGHT, EIGHT, POWER, LOG, SINH, EIGHT, TIMES	3.633e-15	752	19.5	nan	False	-(-7*Zeta[3]/8 + EulerGamma^3 + 3*EulerGamma*StieltjesGamma[1] + 3/2*StieltjesGamma[2] + 1)
64	e^-9	elementary	64	exact	4	x, INV	NINE, EXP	0.000e+00	251	0.0	63.4	True	E^(-9)
65	6th du Bois-Reymond constant	none	64	not found	12	x, SQR, COSH, SQRT, ARCCOSH	NINE, ARCTAN, TAN, EIGHT, POWER, FOUR, DIVIDE	4.158e-15	436	19.8	nan	False	
66	1 arcminute in radians	elementary	64	exact	9	x, THREE, TIMES	SEVEN, GAMMA, FIVE, TIMES, PI, DIVIDE	0.000e+00	3344	20.7	64.0	True	Pi/10800
67	pi^-7	elementary	64	exact	5	x	SEVEN, PI, POWER, INV	3.275e-16	2628	0.2	64.0	True	Pi^(-7)
68	e^-8	elementary	64	exact	4	x	EIGHT, EXP, INV	0.000e+00	566	0.0	64.0	True	E^(-8)
69	zeta'(-5) (the derivative of Riemann's zeta function at -5) (negated)	special	64	not found	12	FIVE, x, POWER, ARCCOS, TAN	EULER, GAMMA, TAN, ONE, ARCSIN, TAN, SUBTRACT	3.642e-15	232	22.1	nan	False	-(Zeta'[-5])
70	zeta'(-7) (the derivative of Riemann's zeta function at -7) (negated)	special	64	not found	12	PI, TAN, x, POWER, LOG	NEG, ARCTAN, TAN, INV, GAMMA, FOUR, DIVIDE	4.831e-15	93	22.7	nan	False	-(Zeta'[-7])
71	5th Stieltjes constant gamma_5	special	64	not found	12	x, COS, LOG, COSH, ARCCOSH	THREE, LOG, TAN, EIGHT, TIMES, TANH, ARCCOS	4.122e-15	89	23.7	nan	False	-(-StieltjesGamma[5])
72	e^-7	elementary	64	exact	4	x	SEVEN, EXP, INV	0.000e+00	403	0.0	64.0	True	E^(-7)
73	pi^-6	elementary	64	exact	5	x	SIX, PI, POWER, INV	2.085e-16	1607	0.1	63.5	True	Pi^(-6)
74	5th du Bois-Reymond constant	none	64	not found	11	SIX, x, POWER, ARCCOS, COS	NEG, ARCSIN, TAN, EIGHT, SUBTRACT, INV	4.442e-15	65	22.2	nan	False	
75	Heath-Brown–Moroz constant	special	64	not found	12	SIX, x, POWER, ARCCOS, TAN	PI, THREE, POWER, ONE, ARCSIN, TAN, SUBTRACT	3.821e-15	144	22.1	nan	False	Product[(1 - Prime[n]^(-1))^7*(1 + (1 + 7*Prime[n])/Prime[n]^2), {n, 1, Infinity}]
76	e^(-2pi)	elementary	64	exact	5	x	PI, EXP, INV, SQR	0.000e+00	1831	0.1	63.8	True	E^(-2*Pi)
77	'mu', a Sobolev isoperimetric constant related to the "rod inequality", arising from the elasticity study of a rod that 	none	64	not found	12	SIX, x, POWER, ARCCOS, TAN	EULER, NINE, POWER, ONE, ARCSIN, TAN, SUBTRACT	3.853e-15	239	22.0	nan	False	
78	3rd Stieltjes constant gamma_3	special	64	not found	12	SIX, x, POWER, ARCCOS, TAN	NEG, ARCSIN, TAN, EIGHT, TAN, SINH, SUBTRACT	3.730e-15	248	22.5	nan	False	-(-StieltjesGamma[3])
79	4th Stieltjes constant gamma_4	special	64	not found	12	SIX, x, POWER, ARCCOS, TAN	EULER, SINH, SINH, ONE, ARCSIN, TAN, SUBTRACT	3.731e-15	343	22.3	nan	False	-(-StieltjesGamma[4])
80	e^-6	elementary	64	exact	4	x	SIX, EXP, INV	0.000e+00	399	0.0	64.0	True	E^(-6)
82	pi^-5	elementary	64	exact	5	x, INV	FIVE, PI, POWER	0.000e+00	1336	0.1	64.0	True	Pi^(-5)
83	16/(9*sqrt(184607))	algebraic	64	not found	12	SEVEN, x, POWER, ARCCOS, TAN	ONE, ARCSIN, TAN, ARCSINH, ARCCOSH, COSH, SINH	3.715e-15	268	23.1	nan	False	16/(9Sqrt[184607])
84	4th du Bois-Reymond constant	elementary	64	not found	12	SEVEN, x, POWER, ARCCOS, TAN	SEVEN, GAMMA, NEG, ARCSIN, COS, GAMMA, SUBTRACT	3.562e-15	282	23.7	nan	False	(E^4 - 4E^2 - 25)/8
85	zeta'(-3) (the derivative of Riemann's zeta function at -3)	special	64	not found	12	SEVEN, x, POWER, ARCCOS, TAN	EULER, SINH, SINH, ONE, ARCSIN, TAN, SUBTRACT	3.883e-15	327	23.8	nan	False	Zeta'[-3]
86	zeta'(-6) (the derivative of Riemann's zeta function at -6) (negated)	special	64	not found	12	PI, TAN, x, POWER, LOG	GOLDENRATIO, SIX, POWER, TANH, ARCCOS, ARCSIN, SQR	4.026e-15	134	24.5	nan	False	-(Zeta'[-6])
87	zeta''(0)+2, the coefficient of z^2 in the Laurent expansion of zeta(z) at the origin	special	64	not found	11	EIGHT, x, POWER, ARCCOS, TAN	NEG, ARCSIN, TAN, GOLDENRATIO, TAN, SUBTRACT	3.869e-15	160	24.9	nan	False	-(Zeta''[0]+2)
88	e^-5	elementary	64	exact	4	x	FIVE, EXP, INV	0.000e+00	440	0.0	64.0	True	E^(-5)
89	Wyler constant	special	64	not found	12	EIGHT, x, POWER, ARCCOS, TAN	SEVEN, NINE, TIMES, ONE, ARCSIN, TAN, SUBTRACT	3.614e-15	144	25.1	nan	False	(9*(5!^(-1))^(1/4))/(16*Pi^(11/4))
90	zeta'(-4) (the derivative of Riemann's zeta function at -4)	special	64	not found	12	EIGHT, x, POWER, ARCCOS, TAN	SEVEN, TWO, POWER, ONE, ARCSIN, TAN, SUBTRACT	3.634e-15	187	25.5	nan	False	Zeta'[-4]
91	zeta'(-8) (the derivative of Riemann's zeta function at -8)	special	64	not found	12	PI, x, POWER, COSH, LOG	FOUR, THREE, EXP, SUBTRACT, TANH, ARCCOS, SQR	3.937e-15	215	24.9	nan	False	Zeta'[-8]
92	sum of the alternating series tau(3), with tau(n) = Sum_{k>0} (-1)^k*log(k)^n/k	none	64	not found	12	EIGHT, x, POWER, ARCCOS, TAN	THREE, EIGHT, POWER, ONE, ARCSIN, TAN, SUBTRACT	3.890e-15	224	25.0	nan	False	
93	'mu', an isoperimetric constant associated with the study of a vibrating, homogeneous plate clamped at the boundary of t	none	64	not found	12	EIGHT, x, POWER, ARCCOS, COS	SEVEN, SINH, ONE, ARCSIN, TAN, SUBTRACT, INV	3.599e-15	238	25.0	nan	False	
94	2nd Stieltjes constant gamma_2 (negated)	special	64	not found	12	EIGHT, x, POWER, ARCCOS, TAN	FIVE, SQR, SQR, ONE, ARCSIN, TAN, SUBTRACT	3.773e-15	257	24.8	nan	False	-StieltjesGamma[2]
95	pi^-4	elementary	64	exact	5	x	PI, SQR, INV, SQR	0.000e+00	2122	0.2	63.7	True	Pi^(-4)
96	p_3 (so named by S. Finch), a probability related to Vallée's constant	none	64	false positive	12	THREE, x, GAMMA, DIVIDE, SIN	EIGHT, GAMMA, ARCCOSH, ARCSINH, FOUR, PLUS, TAN	1.350e-15	332	25.1	14.8	True	
97	16/(207*sqrt(53))	algebraic	64	not found	12	SEVEN, x, POWER, EXP, ARCCOSH	EIGHT, SEVEN, POWER, INV, COS, ARCCOS, TAN	3.586e-15	352	26.1	nan	False	16/(207Sqrt[53])
98	cube tetrahedron-picking constant	elementary	64	not found	12	NINE, x, POWER, ARCCOS, TAN	PI, SIN, INV, ARCSINH, SQRT, SQR, EXP	3.884e-15	241	27.1	nan	False	3977/216000 - Pi^2/2160
99	2*zeta(3)/Pi^2 - 11/18 + log(Pi)/3	special	64	not found	12	NINE, x, POWER, ARCCOS, TAN	EULER, SEVEN, POWER, ONE, ARCSIN, TAN, SUBTRACT	3.858e-15	236	26.7	nan	False	2Zeta[3]/Pi^2-11/18+Log[Pi]/3
100	b_3, a constant associated with the 3rd Du Bois Reymond constant	none	64	not found	12	NINE, x, POWER, ARCCOS, TAN	SIX, SQR, SQR, ONE, ARCSIN, TAN, SUBTRACT	3.835e-15	343	28.6	nan	False	
101	tetrahedron tetrahedron-picking constant	elementary	64	not found	12	NINE, x, POWER, ARCCOS, TAN	SIX, SQR, SQR, ONE, ARCSIN, TAN, SUBTRACT	3.696e-15	335	28.5	nan	False	13/720 - Pi^2/15015
102	number of radians in one degree	elementary	64	exact	7	x	SIX, SQR, FIVE, TIMES, PI, DIVIDE	0.000e+00	13755	28.6	64.0	True	Pi/180
103	sum of the alternating series tau(4), with tau(n) = Sum_{k>0} (-1)^k*log(k)^n/k	none	64	not found	12	PI, SIN, x, POWER, ARCCOS	EIGHT, EIGHT, POWER, ARCSINH, EXP, INV, SIN	4.026e-15	128	27.9	nan	False	
104	e^-4	elementary	64	exact	4	x	FOUR, EXP, INV	1.894e-16	383	0.0	64.0	True	E^(-4)
105	log π/3	elementary	64	exact	8	x, NEG, NINE, SUBTRACT, POWER	TWO, INV, ARCCOS	0.000e+00	111	28.7	64.0	True	Log10[Pi/3]
106	a Shapiro-Drinfeld constant, known as Gauchman's constant, related to the difference of cyclic sums (negated)	none	64	not found	12	EIGHT, x, POWER, EXP, LOG	EULER, SIX, TIMES, TANH, SQR, ARCCOS, SQR	3.986e-15	59	29.6	nan	False	
107	lambda(1) in Li's criterion	special	64	not found	12	PI, SIN, x, POWER, ARCCOS	EIGHT, EIGHT, POWER, ARCSINH, EXP, INV, SIN	4.026e-15	172	29.7	nan	False	EulerGamma/2 + 1 - Log[4 Pi]/2
108	triple integral of ({x/y}{y/z}{z/x})^2 over the unit cube	special	64	not found	12	EIGHT, x, POWER, EXP, ARCCOSH	EULER, TANH, GAMMA, EXP, EXP, TANH, ARCCOS	3.770e-15	40	30.0	nan	False	1 - Zeta[2]/2 - Zeta[3]/2 + 7*Zeta[6]/48 + Zeta[2]*Zeta[3]/18 + Zeta[3]^2/18 + Zeta[3]*Zeta[4]/12
109	sum of the alternating series tau(5), with tau(n) = Sum_{k>0} (-1)^k*log(k)^n/k	none	64	not found	12	PI, SIN, x, POWER, ARCCOS	EIGHT, EIGHT, POWER, ARCSINH, EXP, INV, SIN	4.026e-15	39	30.5	nan	False	
110	Matthews' constant C_4, an analog of Artin's constant for primitive roots	none	64	not found	12	PI, SIN, x, POWER, ARCCOS	EIGHT, EIGHT, POWER, ARCSINH, EXP, INV, SIN	4.026e-15	88	30.6	nan	False	
111	3rd du Bois-Reymond constant	none	64	not found	12	PI, SIN, x, POWER, ARCCOS	EIGHT, EIGHT, POWER, ARCSINH, EXP, INV, SIN	4.026e-15	103	31.1	nan	False	
112	sum of reciprocals of squares of perfect numbers	none	64	not found	12	PI, SIN, x, POWER, ARCCOS	EIGHT, EIGHT, POWER, ARCSINH, EXP, INV, SIN	4.026e-15	87	31.4	nan	False	
113	pi^-3	elementary	64	exact	5	x, INV	THREE, PI, POWER	0.000e+00	2274	0.2	63.9	True	Pi^(-3)
114	1/2 - log(2)/4 - G/Pi, where G = A006752	special	64	not found	12	PI, SIN, x, POWER, ARCCOS	EIGHT, EIGHT, POWER, ARCSINH, EXP, INV, SIN	4.026e-15	54	35.3	nan	False	1/2-Log[2]/4-Catalan/Pi
115	percolation cluster density constant	algebraic	64	exact	11	FOUR, SQR, x, TIMES	SEVEN, ARCCOSH, EXP, SIX, DIVIDE, ONE, SUBTRACT	0.000e+00	69	33.6	64.0	True	-41/16 + (3*Sqrt[3])/2
116	1/4 - 7*zeta(3)/(4*Pi^2)	special	64	not found	12	PI, SIN, x, POWER, ARCCOS	EIGHT, EIGHT, POWER, ARCSINH, EXP, INV, SIN	4.026e-15	43	34.1	nan	False	1/4-7Zeta[3]/(4Pi^2)
117	a constant 'v' such that the asymptotic variance of the distribution of the longest cycle given a random n-permutation e	none	64	not found	12	PI, SIN, x, POWER, ARCCOS	EIGHT, EIGHT, POWER, ARCSINH, EXP, INV, SIN	4.026e-15	48	33.6	nan	False	
118	H(1/2,1), a constant appearing in the asymptotic variance of the largest component of random mappings on n symbols, expr	none	64	not found	12	PI, SIN, x, POWER, ARCCOS	EIGHT, EIGHT, POWER, ARCSINH, EXP, INV, SIN	4.026e-15	48	34.4	nan	False	
119	'v', a parking constant associated with the asymptotic variance of the number of cars that can be parked in a given inte	none	30	not found	12	PI, SIN, x, POWER, ARCCOS	EIGHT, EIGHT, POWER, ARCSINH, EXP, INV, SIN	4.026e-15	31	34.1	nan	False	
120	Integral_{0..1/2} log(gamma(x+1)) dx (negated)	special	64	not found	12	PI, TAN, x, POWER, ARCCOSH	EIGHT, EIGHT, POWER, ARCSINH, EXP, INV, SIN	4.026e-15	35	34.3	nan	False	-(-1/2 - (7/24)*Log[2] + (1/4)*Log[Pi] + (3/2) * Log[Glaisher])
121	e^(-1pi)	elementary	64	exact	4	x	PI, EXP, INV	0.000e+00	385	0.0	64.0	True	E^(-1*Pi)
122	16/(9*sqrt(1609))	algebraic	64	not found	12	FIVE, x, POWER, COSH, ARCCOSH	FOUR, SQR, TANH, GAMMA, ARCCOSH, ARCTAN, ARCTAN	3.905e-15	77	34.8	nan	False	16/(9Sqrt[1609])
123	pi^-e	elementary	64	exact	5	x	EULER, PI, POWER, INV	1.558e-16	1313	0.2	64.0	True	Pi^(-E)
124	sum_{r in Z}(1/r^2) where Z is the set of all nontrivial zeros r of the Riemann zeta function	special	64	not found	12	PI, TAN, x, POWER, ARCCOSH	EIGHT, EIGHT, POWER, ARCSINH, EXP, INV, SIN	4.026e-15	38	35.3	nan	False	-(-Pi^2/8 + EulerGamma^2 + 2*StieltjesGamma[1] + 1)
125	Mertens constant M(4,3) arising in the formula for the sum of reciprocals of primes p == 1 (mod 4)	none	64	not found	12	PI, TAN, x, POWER, ARCCOSH	EIGHT, EIGHT, POWER, ARCSINH, EXP, INV, SIN	4.026e-15	74	35.7	nan	False	
126	p_2, a probability associated with continuant polynomials	none	64	not found	12	PI, TAN, x, POWER, ARCCOSH	EIGHT, EIGHT, POWER, ARCSINH, EXP, INV, SIN	4.026e-15	86	36.3	nan	False	
127	a constant related to the variance of the number of vertices of the largest tree associated with a random mapping on n s	none	64	not found	12	PI, TAN, x, POWER, ARCCOSH	EIGHT, EIGHT, POWER, ARCSINH, EXP, INV, SIN	4.026e-15	81	36.2	nan	False	
128	e^-3	elementary	64	exact	4	x	THREE, EXP, INV	0.000e+00	424	0.0	64.0	True	E^(-3)
129	Integral_{x=0..Infinity} x*cos(x)/(1+x^2)	none	64	not found	12	PI, TAN, x, POWER, ARCCOSH	EIGHT, EIGHT, POWER, ARCSINH, EXP, INV, SIN	4.026e-15	105	36.1	nan	False	
130	ball tetrahedron-picking constant	elementary	64	exact	10	x, FIVE, TIMES	SIX, LOG, SINH, NINE, PLUS, PI, DIVIDE	0.000e+00	889	36.5	64.0	True	(12*Pi)/715
131	(9*sqrt(65) - 55)/320	algebraic	64	exact	12	x, SEVEN, DIVIDE, ONE, SUBTRACT	EIGHT, ARCSINH, EXP, TWO, SUBTRACT, NINE, TIMES	0.000e+00	755	37.0	64.0	True	(9Sqrt[65]-55)/320
132	log ln π	elementary	64	exact	7	x, NEG, NINE, SUBTRACT, POWER	PI, LOG	0.000e+00	558	37.3	64.0	True	Log10[Log[Pi]]
133	constant A*B in the asymptotic expression of the summatory function Sum_{n=1..N} (1/phi(n)) as A(log(N)+B) + O(log(N)/N)	none	64	not found	12	PI, TAN, x, POWER, ARCCOSH	EIGHT, EIGHT, POWER, ARCSINH, EXP, INV, SIN	4.026e-15	232	37.8	nan	False	
134	Matthews' constant C_3, an analog of Artin's constant for primitive roots	none	64	not found	12	x, ARCTAN, GAMMA, TANH, ARCCOS	SEVEN, EIGHT, POWER, ARCSINH, EULER, POWER, INV	3.581e-15	228	37.8	nan	False	
135	Norton constant	special	64	not found	12	PI, TAN, x, POWER, ARCCOSH	EIGHT, EIGHT, POWER, ARCSINH, EXP, INV, SIN	4.026e-15	108	38.1	nan	False	(-Pi^2 + 6*Log[2]*(-3 + 2*EulerGamma + Log[2] + 24*Log[Glaisher] - 2*Log[Pi]))/Pi^2
136	Sum_{k > 0} (-1)^k*log(k)^2/k	none	64	not found	12	PI, TAN, x, POWER, ARCCOSH	EIGHT, EIGHT, POWER, ARCSINH, EXP, INV, SIN	4.026e-15	108	38.6	nan	False	
137	analog of the Gibbs-Wilbraham constant for L_1 trigonometric polynomial approximation	none	64	not found	12	x, INV, TANH, LOG, INV	EULER, EXP, GOLDENRATIO, COS, SUBTRACT, TANH, GAMMA	3.798e-15	93	38.6	nan	False	
138	e^-e	elementary	64	exact	4	x	EULER, EXP, INV	0.000e+00	316	0.0	64.0	True	E^(-E)
139	Pythagorean triple constant for perimeters	elementary	64	exact	6	x	PI, SQR, TWO, LOG, DIVIDE	0.000e+00	2879	2.4	64.0	True	Log[2]/Pi^2
140	(sqrt(13) - 1)/36	algebraic	64	exact	9	x, INV	THREE, SIX, GAMMA, SUBTRACT, SQRT, THREE, PLUS	0.000e+00	318	38.7	64.0	True	(Sqrt[13]-1)/36
141	1st Stieltjes constant gamma_1 (negated)	none	64	not found	12	PI, TAN, x, POWER, ARCCOSH	PI, SIN, EXP, ARCCOSH, LOG, EXP, TAN	3.985e-15	100	39.6	nan	False	
142	probability that a random walk on an 8-d lattice returns to the origin	none	64	not found	12	PI, TAN, x, POWER, ARCCOSH	PI, SIN, EXP, ARCCOSH, LOG, EXP, TAN	3.985e-15	78	39.4	nan	False	
143	disk triangle-picking constant	elementary	64	exact	9	x, FOUR, TIMES	PI, SQR, SIX, LOG, SINH, DIVIDE	0.000e+00	538	39.0	64.0	True	35/(48*Pi^2)
144	1/4π	elementary	64	exact	5	x	PI, FOUR, TIMES, INV	0.000e+00	1547	0.3	64.0	True	1/(4*Pi)
145	-Integral {x=1..2} log Gamma(x) dx	special	64	exact	8	x, ONE, SUBTRACT, EXP, SQR	PI, PI, PLUS	0.000e+00	2145	39.6	64.0	True	-Integrate[ Log[ Gamma[ x]], {x, 1, 2}]
146	-Zeta'(-1)/2	special	64	not found	12	PI, TAN, x, POWER, ARCCOSH	PI, SIN, EXP, ARCCOSH, LOG, EXP, TAN	3.985e-15	89	40.4	nan	False	-(1/24 - Log[Glaisher]/2)
147	solution to the Heilbronn triangle problem for seven points in a unit square	none	64	not found	12	PI, TAN, x, POWER, ARCCOSH	PI, SIN, EXP, ARCCOSH, LOG, EXP, TAN	3.985e-15	90	40.4	nan	False	
148	1-Catalan	special	64	not found	12	PI, TAN, x, POWER, ARCCOSH	PI, SIN, EXP, ARCCOSH, LOG, EXP, TAN	3.985e-15	94	40.7	nan	False	1 - Catalan
149	probability that a random walk on a 7-d lattice returns to the origin	none	64	not found	12	PI, TAN, x, POWER, ARCCOSH	PI, SIN, EXP, ARCCOSH, LOG, EXP, TAN	3.985e-15	98	41.0	nan	False	
150	Erdős–Tenenbaum–Ford constant	elementary	64	exact	9	x, TWO, POWER	EULER, TWO, POWER, SQRT, LOG, INV	0.000e+00	533	40.8	64.0	True	1 - (1 + Log[Log[2]])/Log[2]
151	1/2-G/Pi, the lowest limiting trough of a square wave Fourier series, where G is the Gibbs-Wilbraham constant. [negated]	none	64	not found	12	SIX, x, POWER, COSH, ARCCOSH	SEVEN, COS, PI, PLUS, SQR, TANH, ARCCOS	3.642e-15	114	41.4	nan	False	
152	integral_{0..infinity} x*log(x)*(1-eta(x)^2) dx, where the function 'eta' is a solution of the Painlevé III differential	special	64	not found	12	PI, TAN, x, POWER, ARCCOSH	PI, SIN, EXP, ARCCOSH, LOG, EXP, TAN	3.985e-15	96	42.0	nan	False	-(1/4 + (7/12)*Log[2] - 3*Log[Glaisher])
153	lambda(2) in Li's criterion	none	64	not found	12	PI, TAN, x, POWER, ARCCOSH	PI, SIN, EXP, ARCCOSH, LOG, EXP, TAN	3.985e-15	65	42.1	nan	False	
154	e^(-Pi^2/(6*log(2)))	elementary	64	exact	9	x, LOG	EIGHT, LOG, NEG, ARCSIN, DIVIDE, PI, TIMES	0.000e+00	1989	41.2	64.0	True	E^(-Pi^2/(6Log[2]))
155	second non-alternating series of reciprocal primes constant	special	64	not found	12	PI, TAN, x, POWER, ARCCOSH	PI, SIN, EXP, ARCCOSH, LOG, EXP, TAN	3.985e-15	72	41.7	nan	False	Sum[(-2 + Mod[Prime[\[FormalK]], 4])/Prime[\[FormalK]]^2, {\[FormalK], 2, Infinity}]
156	area of the convex hull of a circle of circumference 1 and a line segment of length 1/2 with midpoint at the circle cent	elementary	64	not found	12	PI, TAN, x, POWER, ARCCOSH	PI, SIN, EXP, ARCCOSH, LOG, EXP, TAN	3.985e-15	55	41.9	nan	False	(Sqrt[Pi^2-4]+Pi-2ArcCos[2/Pi])/(4Pi^2)
157	log Sqrt[π/2]	elementary	64	exact	8	x, NEG, NINE, SUBTRACT, POWER	ONE, ARCSIN, SQRT	0.000e+00	131	41.7	64.0	True	Log10[Sqrt[Pi/2]]
158	Sum_{n>=0} 1/10^(3^n), a transcendental number	none	64	not found	12	PI, TAN, x, POWER, ARCCOSH	PI, SIN, EXP, ARCCOSH, LOG, EXP, TAN	3.985e-15	83	42.1	nan	False	
159	pi^-2	elementary	64	exact	4	x	PI, SQR, INV	0.000e+00	375	0.0	64.0	True	Pi^(-2)
160	value of the Dickman function at phi + 1 = phi^2 = (3 + sqrt(5))/2 (A104457)	elementary	64	not found	12	PI, TAN, x, POWER, ARCCOSH	PI, SIN, EXP, ARCCOSH, LOG, EXP, TAN	3.985e-15	88	42.2	nan	False	1 - 2*Log[GoldenRatio] + Log[GoldenRatio]^2 - Pi^2/60
161	Quinn-Rand-Strogatz constant c2 (negated)	none	64	false positive	12	x, SIN, SQR, GAMMA, COS	THREE, SIN, ARCTAN, SQR, COS, ARCTANH, SIN	5.303e-16	91	41.7	16.4	True	
162	probability that a random walk on a 6-d lattice returns to the origin	none	64	not found	12	PI, TAN, x, POWER, ARCCOSH	PI, SIN, EXP, ARCCOSH, LOG, EXP, TAN	3.985e-15	93	42.4	nan	False	
163	log 4/π	elementary	64	exact	8	x, NEG, NINE, SUBTRACT, POWER	ONE, ARCTAN, INV	0.000e+00	159	42.0	63.6	True	Log10[4/Pi]
164	1/3π	elementary	64	exact	5	x	PI, THREE, TIMES, INV	0.000e+00	1707	0.2	63.4	True	1/(3*Pi)
165	one-ninth constant	special	64	not found	12	PI, SIN, x, POWER, ARCCOS	EIGHT, NINE, PLUS, EIGHT, INV, SQRT, POWER	3.985e-15	93	42.5	nan	False	With[{\[FormalX] = Root[{-2*EllipticE[#1^2] + EllipticK[#1^2] & , 0.908908557548541478236118908745`29.9585201924082}]}, Exp[-((Pi*EllipticK[1 - \[FormalX]^2])/EllipticK[\[FormalX]^2])]]
166	Michael Trott's constant: continued fraction expansion (allowing 0's) begins in same way as decimal expansion	none	53	not found	12	x, EIGHT, TANH, SQRT, DIVIDE	THREE, TAN, GAMMA, SIN, COSH, SIX, TIMES	4.776e-14	61	42.7	13.3	True	
167	Liouville's constant	special	64	not found	12	x, EIGHT, COSH, DIVIDE, COS	SEVEN, PI, SINH, TAN, COS, SUBTRACT, TANH	2.148e-13	72	43.1	12.7	True	Sum[10^(-n!), {n, 1, Infinity}]
168	1/sqrt(80) = sqrt(5)/20	algebraic	64	exact	5	x	NINE, INV, ARCSIN, TAN	0.000e+00	3110	0.3	63.6	True	1/Sqrt[80]
169	mean cluster density for bond percolation on the triangular lattice	algebraic	64	not found	12	PI, SIN, x, POWER, ARCCOS	EIGHT, NINE, PLUS, EIGHT, INV, SQRT, POWER	3.985e-15	88	43.8	nan	False	35/4 - 3/(2*Sin[Pi/18])
170	Kepler–Bouwkamp constant	special	64	not found	12	PI, TAN, x, POWER, ARCCOSH	PI, SIN, EXP, ARCCOSH, LOG, EXP, TAN	3.985e-15	105	43.5	nan	False	Product[Cos[Pi/n], {n, 3, Infinity}]
171	Given the two curves y = (1 - exp(x/2))/(exp(x) + exp(x/2)) and y = (exp(-x) - 1)/2, draw a line tangent to both. This s	none	64	not found	12	PI, TAN, x, POWER, ARCCOSH	PI, SIN, EXP, ARCCOSH, LOG, EXP, TAN	3.985e-15	62	43.7	nan	False	
172	C_2 (so named by S. Finch), a constant which is an analog of Niven's constant when mean of exponents is considered inste	none	64	not found	12	SEVEN, x, POWER, COSH, ARCCOSH	EULER, COSH, EIGHT, PLUS, TANH, ARCCOS, ARCTAN	3.955e-15	126	43.6	nan	False	
173	4*Pi/105	elementary	64	exact	8	x	SIX, LOG, SINH, NINE, TIMES, PI, DIVIDE	0.000e+00	3348	43.5	63.9	True	4*Pi/105
174	2/(5*sqrt(11))	algebraic	64	exact	9	x, FIVE, TIMES	SEVEN, FOUR, DIVIDE, SQRT, ARCTAN, SIN	0.000e+00	1606	44.2	63.6	True	2/(5Sqrt[11])
175	3*zeta(3)/2 + 12*log(2) - 10	special	64	not found	12	PI, TAN, x, POWER, ARCCOSH	PI, SIN, EXP, ARCCOSH, LOG, EXP, TAN	3.985e-15	90	43.6	nan	False	3Zeta[3]/2+12Log[2]-10
176	50*Pi/1296	elementary	64	exact	8	NINE, SQR, x, TIMES, TAN	NEG, ARCSINH, EXP	0.000e+00	1809	43.4	63.4	True	50Pi/1296
177	sqrt(Pi^2 - 4)/(2*Pi^2)	elementary	64	exact	8	x	PI, SQR, ONE, ARCSIN, ARCCOSH, SINH, DIVIDE	0.000e+00	938	43.9	64.0	True	Sqrt[Pi^2-4]/(2Pi^2)
178	Champernowne constant	special	64	not found	12	PI, TAN, x, POWER, ARCCOSH	PI, SIN, EXP, ARCCOSH, LOG, EXP, TAN	3.985e-15	62	43.8	nan	False	ChampernowneNumber[]
179	first (of 10) decimal selvage numbers	none	64	not found	12	PI, TAN, x, POWER, ARCCOSH	PI, SIN, EXP, ARCCOSH, LOG, EXP, TAN	3.985e-15	60	44.2	nan	False	
180	Product_{k >= 1} (k*(k+1))^(-1/(k*(k+1))), a constant related to the alternating Lüroth representations of real numbers	none	64	not found	12	PI, TAN, x, POWER, ARCCOSH	PI, SIN, EXP, ARCCOSH, LOG, EXP, TAN	3.985e-15	58	44.7	nan	False	
181	3*sqrt(3)/(4*Pi^2)	elementary	64	exact	9	x, NINE, DIVIDE	SEVEN, ARCCOSH, SINH, PI, SQR, TIMES	2.109e-16	1180	44.3	63.7	True	3Sqrt[3]/(4Pi^2)
182	harmonic oscillator tunneling constant	special	64	exact	12	THREE, x, POWER, NINE, TIMES	SIX, THREE, INV, GAMMA, POWER, EIGHT, DIVIDE	2.072e-16	118	44.9	63.5	True	2/(3^(2/3)*Gamma[1/3]^2)
183	probability that a random walk on the 5-d simple cubic (hypercubic) lattice returns to the origin	none	64	not found	12	PI, SIN, x, POWER, ARCCOS	EIGHT, NINE, PLUS, EIGHT, INV, SQRT, POWER	3.985e-15	117	45.6	nan	False	
184	e^-2	elementary	64	exact	4	x	EULER, INV, SQR	0.000e+00	419	0.0	63.5	True	E^(-2)
185	probability that an integer 4-tuple is pairwise unitary coprime	none	64	not found	12	PI, SIN, x, POWER, ARCCOS	EIGHT, NINE, PLUS, EIGHT, INV, SQRT, POWER	3.985e-15	131	45.6	nan	False	
186	Given the two curves y = (1 - exp(x/2))/(exp(x) + exp(x/2)) and y = (exp(-x) - 1)/2, draw a line tangent to both. This s	none	64	not found	12	SEVEN, x, POWER, COS, ARCCOS	NINE, NEG, SINH, SUBTRACT, GAMMA, COSH, ARCCOSH	1.426e-14	53	45.6	nan	False	
187	pi minus three	elementary	64	exact	4	x	THREE, SIN, ARCSIN	0.000e+00	391	0.0	64.0	True	Pi - 3
188	Pi^4/15 + Pi^2*log(2)^2/4 - log(2)^4/4 - 21*log(2)*zeta(3)/4 - 6*Li_4(1/2)	special	64	not found	12	PI, SIN, x, POWER, ARCCOS	EIGHT, NINE, PLUS, EIGHT, INV, SQRT, POWER	3.985e-15	86	45.9	nan	False	Pi^4/15+Pi^2Log[2]^2/4-Log[2]^4/4-21Log[2]Zeta[3]/4-6PolyLog[4,1/2]
189	log Cbrt[e]	elementary	64	exact	8	x	THREE, FIVE, POWER, EIGHT, TIMES, LOG, INV	0.000e+00	4556	45.9	63.8	True	Log10[CubeRoot[E]]
190	Matthews' constant C_2, an analog of Artin's constant for primitive roots	none	64	not found	12	NINE, x, POWER, COSH, ARCCOSH	FIVE, SQR, ARCTAN, TAN, TWO, POWER, INV	3.617e-15	106	46.1	nan	False	
191	arctan(1/2)/Pi	elementary	64	exact	6	x	PI, TWO, INV, ARCTAN, DIVIDE	0.000e+00	1971	2.7	63.6	True	ArcTan[1/2]/Pi
192	(1-C_2)/e, a constant connected with two-sided generalized Fibonacci sequences, where C_2 is the Euler-Gompertz constant	none	64	not found	12	PI, TAN, x, POWER, ARCCOSH	PI, SIN, EXP, ARCCOSH, LOG, EXP, TAN	3.985e-15	65	45.8	nan	False	
193	Given the two curves y = exp(-x) and y = 2/(exp(x) + exp(x/2)), draw a line tangent to both. This sequence is the decima	none	64	not found	12	PI, TAN, x, POWER, ARCCOSH	PI, SIN, EXP, ARCCOSH, LOG, EXP, TAN	3.985e-15	89	46.3	nan	False	
194	9*zeta(3)/Pi^2 - 93*zeta(5)/(2*Pi^4) - log(2) + 1/4	special	64	not found	12	NINE, x, POWER, COSH, ARCCOSH	EIGHT, SEVEN, EIGHT, POWER, INV, SIN, DIVIDE	3.957e-15	235	46.6	nan	False	9Zeta[3]/Pi^2-93Zeta[5]/(2Pi^4)-Log[2]+1/4
195	Sum_{k >= 0} 1/(4*k+3)^2	special	64	not found	12	PI, TAN, x, POWER, ARCCOSH	PI, SIN, EXP, ARCCOSH, LOG, EXP, TAN	3.985e-15	112	46.7	nan	False	Pi^2/16 - Catalan/2
196	Pythagorean triple constant for hypotenuses	elementary	64	exact	5	x	PI, PI, PLUS, INV	0.000e+00	2757	0.3	63.6	True	1/(2*Pi)
197	Sum_{k>=1} (-1)^k*log(k)/k	special	64	not found	12	PI, TAN, x, POWER, ARCCOSH	PI, SIN, EXP, ARCCOSH, LOG, EXP, TAN	3.985e-15	111	46.5	nan	False	EulerGamma*Log[2] - Log[2]^2/2
198	Euler-Kronecker constant (as named by P. Moree) for hypotenuse numbers	none	64	not found	12	PI, TAN, x, POWER, ARCCOSH	PI, SIN, EXP, ARCCOSH, LOG, EXP, TAN	3.985e-15	159	47.6	nan	False	
199	log Cbrt[π]	elementary	64	exact	9	x, INV, PI, POWER	THREE, FIVE, POWER, EIGHT, TIMES	0.000e+00	382	46.9	64.0	True	Log10[CubeRoot[Pi]]
200	sixth	rational	64	exact	3	x	SIX, INV	0.000e+00	42	0.0	63.7	True	1/6
201	Hall-Montgomery constant	special	64	not found	12	PI, TAN, x, POWER, ARCCOSH	PI, SIN, EXP, ARCCOSH, LOG, EXP, TAN	3.985e-15	64	47.8	nan	False	1 + Pi^2/6 + 2*PolyLog[2, -Sqrt[E]]
202	(-2*Catalan + Pi*log(2))/2	special	64	not found	12	PI, TAN, x, POWER, ARCCOSH	PI, SIN, EXP, ARCCOSH, LOG, EXP, TAN	3.985e-15	63	48.0	nan	False	Pi*Log[2]/2 - Catalan
203	'mu', a Sobolev isoperimetric constant related to the "membrane inequality", arising from the study of a vibrating membr	none	64	not found	12	PI, TAN, x, POWER, ARCCOSH	PI, SIN, EXP, ARCCOSH, LOG, EXP, TAN	3.985e-15	69	47.9	nan	False	
204	log(2)/4	elementary	64	exact	5	x	FOUR, TWO, LOG, DIVIDE	0.000e+00	2121	0.3	63.8	True	Log[2]/4
205	probability that three positive integers are pairwise not coprime	none	64	not found	12	PI, TAN, x, POWER, ARCCOSH	PI, SIN, EXP, ARCCOSH, LOG, EXP, TAN	3.985e-15	113	47.9	nan	False	
206	H, an auxiliary constant used to evaluate some Ising-related constants on triangular and hexagonal lattices (negated)	none	64	not found	12	PI, TAN, x, POWER, ARCCOSH	PI, SIN, EXP, ARCCOSH, LOG, EXP, TAN	3.985e-15	85	48.1	nan	False	
207	Gibbs-Wilbraham constant	special	64	not found	12	PI, TAN, x, POWER, ARCCOSH	PI, SIN, EXP, ARCCOSH, LOG, EXP, TAN	3.985e-15	66	48.9	nan	False	-1 + (2*SinIntegral[Pi])/Pi
208	pi^(-3/2)	elementary	64	exact	6	x	THREE, PI, POWER, SQRT, INV	0.000e+00	10338	3.2	63.8	True	Pi^(-3/2)
209	Markoff number asymptotic density constant	none	64	not found	12	PI, TAN, x, POWER, ARCCOSH	PI, SIN, EXP, ARCCOSH, LOG, EXP, TAN	3.985e-15	51	48.2	nan	False	
210	a1, the first of two constants associated with Djokovic's conjecture on an integral inequality	none	64	exact	12	TWO, x, INV, SUBTRACT, INV	THREE, FOUR, INV, ARCSINH, DIVIDE, SINH, SQRT	0.000e+00	66	48.7	63.6	True	
211	G/2 - Pi*log(2)/8, where G = A006752	special	64	not found	12	PI, TAN, x, POWER, ARCCOSH	PI, SIN, EXP, ARCCOSH, LOG, EXP, TAN	3.985e-15	39	49.1	nan	False	Catalan/2-Pi Log[2]/8
212	Hardy-Littlewood constant C_6 = Product_{p prime > 6} 1/(1-1/p)^6 (1-6/p)	none	64	not found	12	PI, TAN, x, POWER, ARCCOSH	PI, SIN, EXP, ARCCOSH, LOG, EXP, TAN	3.985e-15	55	49.1	nan	False	
213	MRB constant	special	64	not found	12	PI, TAN, x, POWER, ARCCOSH	PI, SIN, EXP, ARCCOSH, LOG, EXP, TAN	3.985e-15	47	48.7	nan	False	Sum[(-1)^n*(-1 + n^n^(-1)), {n, 1, Infinity}]
214	9*zeta(3)/(2*Pi^2) - log(2) + 1/3	special	64	not found	12	PI, TAN, x, POWER, ARCCOSH	PI, SIN, EXP, ARCCOSH, LOG, EXP, TAN	3.985e-15	51	49.0	nan	False	9Zeta[3]/(2Pi^2)-Log[2]+1/3
215	entropy of folding of the triangular lattice constant	special	64	not found	12	PI, TAN, x, POWER, ARCCOSH	PI, SIN, EXP, ARCCOSH, LOG, EXP, TAN	3.985e-15	42	48.8	nan	False	Log[(Gamma[1/3]^(3/2)*Sqrt[3])/(2*Pi)]
216	gamma^3	special	64	not found	12	PI, TAN, x, POWER, ARCCOSH	PI, SIN, EXP, ARCCOSH, LOG, EXP, TAN	3.985e-15	52	48.8	nan	False	EulerGamma^3
217	1/sqrt(27)	algebraic	64	exact	5	x	NINE, THREE, SQRT, DIVIDE	1.442e-16	2748	0.3	63.7	True	1/Sqrt[27]
218	q of the maximum of the Dedekind eta function	none	64	not found	12	PI, TAN, x, POWER, ARCCOSH	PI, SIN, EXP, ARCCOSH, LOG, EXP, TAN	3.985e-15	41	49.1	nan	False	
219	probability that a random walk on a 4-d lattice returns to the origin	none	64	not found	12	PI, TAN, x, POWER, ARCCOSH	PI, SIN, EXP, ARCCOSH, LOG, EXP, TAN	3.985e-15	44	48.8	nan	False	
220	Second du Bois-Reymond constant	elementary	64	exact	7	EULER, x, THREE, PLUS, DIVIDE	ONE, SINH	0.000e+00	10821	49.4	63.7	True	(-7 + E^2)/2
221	log π/2	elementary	64	exact	8	x, INV, ONE, ARCSIN, POWER	NEG, NINE, SUBTRACT	0.000e+00	163	48.4	64.0	True	Log10[Pi/2]
222	Pi/16	none	64	exact	5	x	FOUR, SQR, PI, DIVIDE	0.000e+00	1882	0.3	64.0	True	
223	Vallée constant	none	24	not found	12	PI, TAN, x, POWER, ARCCOSH	PI, SIN, EXP, ARCCOSH, LOG, EXP, TAN	3.985e-15	41	49.5	nan	False	
224	Erdős-Lebensold constant	special	24	not found	12	PI, TAN, x, POWER, ARCCOSH	PI, SIN, EXP, ARCCOSH, LOG, EXP, TAN	3.985e-15	35	49.1	nan	False	Sum[1/(Prime[\[FormalK]]^\[FormalS]*Log[Prime[\[FormalK]]^\[FormalS]]), {\[FormalS], 1, Infinity}, {\[FormalK], 1, Infinity}]
225	(6/Pi^2) Sum_{p prime} 1/(p(p+1)), a Meissel-Mertens constant related to the asymptotic density of certain sequences of 	none	64	not found	12	NINE, x, POWER, COS, LOG	FOUR, FOUR, SQR, TANH, FOUR, POWER, SUBTRACT	3.899e-15	32	49.2	nan	False	
226	Given the two curves y = exp(-x) and y = 2/(exp(x) + exp(x/2)), draw a line tangent to both. This sequence is the decima	none	64	not found	12	PI, TAN, x, POWER, ARCCOSH	PI, SIN, EXP, ARCCOSH, LOG, EXP, TAN	3.985e-15	35	50.4	nan	False	
227	White House switchboard constant	elementary	64	not found	12	PI, TAN, x, POWER, ARCCOSH	PI, SIN, EXP, ARCCOSH, LOG, EXP, TAN	3.985e-15	31	49.2	nan	False	Exp[-(1 + 8^(-1 + E)^(-1))^Pi^(-1)]
228	Rumor's constant	special	64	not found	12	PI, TAN, x, POWER, ARCCOSH	PI, SIN, EXP, ARCCOSH, LOG, EXP, TAN	3.985e-15	33	49.1	nan	False	-ProductLog[ -2/E^2]/2
229	ln(Gamma(3/4))	special	64	exact	6	x	TWO, LOG, SINH, GAMMA, LOG	0.000e+00	2191	2.9	64.0	True	LogGamma[3/4]
230	sum of the reciprocals of the perfect numbers	none	64	not found	12	NINE, x, POWER, COSH, ARCCOSH	EULER, TANH, SQRT, EXP, EXP, TANH, ARCCOS	3.627e-15	30	49.2	nan	False	
231	log Cbrt[4π/3]	elementary	64	not found	12	PI, TAN, x, POWER, ARCCOSH	PI, SIN, EXP, ARCCOSH, LOG, EXP, TAN	3.985e-15	36	49.3	nan	False	Log10[CubeRoot[4*Pi/3]]
232	lambda(3) in Li's criterion	none	64	not found	12	PI, TAN, x, POWER, ARCCOSH	PI, SIN, EXP, ARCCOSH, LOG, EXP, TAN	3.985e-15	34	49.1	nan	False	
233	e^(-pi/2)	elementary	64	exact	4	x, LOG	NEG, ARCSIN	0.000e+00	355	0.0	63.7	True	E^(-Pi/2)
234	-zeta(-1/2)	special	64	not found	12	PI, TAN, x, POWER, ARCCOSH	PI, SIN, EXP, ARCCOSH, LOG, EXP, TAN	3.985e-15	32	49.2	nan	False	-Zeta[-1/2]
235	a constant related to A000621	none	64	not found	12	PI, TAN, x, POWER, ARCCOSH	PI, SIN, EXP, ARCCOSH, LOG, EXP, TAN	3.985e-15	69	50.7	nan	False	
236	log Sqrt[e]	elementary	64	exact	7	x, INV	NEG, NINE, SUBTRACT, SQR, LOG	0.000e+00	8041	50.3	64.0	True	Log10[Sqrt[E]]
237	Lochs-Porter constant	special	64	not found	12	PI, TAN, x, POWER, ARCCOSH	PI, SIN, EXP, ARCCOSH, LOG, EXP, TAN	3.985e-15	36	50.5	nan	False	3/4 - (3*Log[2]*(-2 + 4*EulerGamma + 3*Log[2] - (24*Derivative[1][Zeta][2])/Pi^2))/Pi^2 - (6*Log[2]*(-1/2 + (6*Derivative[1][Zeta][2])/Pi^2))/Pi^2
238	B (negated), a constant related to Glaisher's constant A and the Gaussian unitary ensemble hypothesis	none	64	not found	12	PI, TAN, x, POWER, ARCCOSH	PI, SIN, EXP, ARCCOSH, LOG, EXP, TAN	3.985e-15	51	50.8	nan	False	
239	2*log(2) - 4*Catalan/Pi	special	64	not found	12	PI, TAN, x, POWER, ARCCOSH	PI, SIN, EXP, ARCCOSH, LOG, EXP, TAN	3.985e-15	43	50.7	nan	False	2*Log[2] - 4*Catalan/Pi
240	gamma^e	special	64	not found	12	PI, TAN, x, POWER, ARCCOSH	PI, SIN, EXP, ARCCOSH, LOG, EXP, TAN	3.985e-15	33	50.7	nan	False	EulerGamma^E
241	7*zeta(3)/(2*Pi^2) - log(2) + 1/2	special	64	not found	12	PI, TAN, x, POWER, ARCCOSH	PI, SIN, EXP, ARCCOSH, LOG, EXP, TAN	3.985e-15	38	52.1	nan	False	7Zeta[3]/(2Pi^2)-Log[2]+1/2
242	Conway-Guy constant	special	64	not found	12	PI, TAN, x, POWER, ARCCOSH	PI, SIN, EXP, ARCCOSH, LOG, EXP, TAN	3.985e-15	40	52.1	nan	False	ConditionalExpression[Extension`ConwayGuyConstant == Limit[\[FormalV][\[FormalN]]/2^\[FormalN], \[FormalN] -> Infinity], \[FormalV][0] == 0 && \[FormalV][1] == 1 && \[FormalV][\[FormalN]] == 2*\[FormalV][-1 + \[FormalN]] - \[FormalV][-1 + \[FormalN] - Floor[1/2 + Sqrt[2*(-1 + \[FormalN])]]]]
243	Copeland–Erdős constant	special	64	not found	12	PI, TAN, x, POWER, ARCCOSH	PI, SIN, EXP, ARCCOSH, LOG, EXP, TAN	3.985e-15	43	52.6	nan	False	Sum[10^(-\[FormalK] - Sum[Floor[Log[10, Prime[\[FormalJ]]]], {\[FormalJ], 1, \[FormalK]}])*Prime[\[FormalK]], {\[FormalK], 1, Infinity}]
244	Pi*(3 - gamma)/32, where gamma is Euler's constant A001620	special	64	not found	12	PI, TAN, x, POWER, ARCCOSH	PI, SIN, EXP, ARCCOSH, LOG, EXP, TAN	3.985e-15	38	52.4	nan	False	Pi*(3 - EulerGamma)/32
245	quadtree constant	special	64	not found	12	PI, TAN, x, POWER, ARCCOSH	PI, SIN, EXP, ARCCOSH, LOG, EXP, TAN	3.985e-15	56	52.3	nan	False	228 - 26*Pi^2 + 24*Zeta[3]
246	1/sqrt(2*Pi*e), one of the Traveling Salesman constants	elementary	64	exact	8	x, INV	PI, PI, PLUS, EULER, TIMES, SQRT	0.000e+00	5881	52.1	64.0	True	1/Sqrt[2*Pi*E]
247	a(F_5), the maximum inradius of all triangles that lie in a regular pentagon of width 1	none	64	not found	12	PI, TAN, x, POWER, ARCCOSH	PI, SIN, EXP, ARCCOSH, LOG, EXP, TAN	3.985e-15	31	52.7	nan	False	
248	rayleigh kurtosis excess	elementary	64	exact	11	x, THREE, SUBTRACT, SQRT	TWO, COS, ARCSIN, FOUR, COS, ARCSIN, DIVIDE	0.000e+00	51	52.8	63.9	True	-(6*Pi^2 - 24*Pi + 16)/(4 - Pi)^2
250	second (of 10) decimal selvage numbers	none	64	not found	12	PI, TAN, x, POWER, ARCCOSH	PI, SIN, EXP, ARCCOSH, LOG, EXP, TAN	3.985e-15	29	52.7	nan	False	
251	log Sqrt[π]	elementary	64	exact	7	x, NEG, NINE, SUBTRACT, POWER	PI, SQRT	2.233e-16	695	52.4	63.8	True	Log10[Sqrt[Pi]]
252	logarithm of Glaisher's constant	special	64	not found	12	PI, TAN, x, POWER, ARCCOSH	PI, SIN, EXP, ARCCOSH, LOG, EXP, TAN	3.985e-15	30	52.9	nan	False	Log[Glaisher]
253	a multiplicative constant related to A006196	none	64	not found	12	PI, TAN, x, POWER, ARCCOSH	PI, SIN, EXP, ARCCOSH, LOG, EXP, TAN	3.985e-15	44	53.0	nan	False	
254	self number density constant	special	64	not found	12	PI, TAN, x, POWER, ARCCOSH	PI, SIN, EXP, ARCCOSH, LOG, EXP, TAN	3.985e-15	43	53.0	nan	False	Sum[Piecewise[{{1, SatisfiableQ[\[FormalK] == Sum[(1 + 2^\[FormalN])*\[FormalA][\[FormalK], \[FormalN]], {\[FormalN], 1, Infinity}] && ForAll[\[FormalN], Element[\[FormalN], Integers] && \[FormalN] > 0, Element[\[FormalA][\[FormalK], \[FormalN]], Integers]], {\[FormalA]}]}}, 0]/2^\[FormalK], {\[FormalK], 1, Infinity}]^2/8
255	(1/384)*Pi^4	elementary	64	exact	8	x, SIX, TIMES	EIGHT, PI, SQR, DIVIDE, SQR	0.000e+00	4605	53.2	64.0	True	Pi^4/ 384
256	Flajolet-Prodinger constant 'K', a constant related to asymptotically enumerating level number sequences for binary tree	none	64	not found	12	PI, TAN, x, POWER, ARCCOSH	PI, SIN, EXP, ARCCOSH, LOG, EXP, TAN	3.985e-15	39	53.1	nan	False	
257	third (of 10) decimal selvage numbers	none	64	not found	12	PI, TAN, x, POWER, ARCCOSH	PI, SIN, EXP, ARCCOSH, LOG, EXP, TAN	3.985e-15	54	53.6	nan	False	
258	Meissel-Mertens constant	special	64	not found	12	PI, TAN, x, POWER, ARCCOSH	PI, SIN, EXP, ARCCOSH, LOG, EXP, TAN	3.985e-15	47	53.4	nan	False	EulerGamma + Sum[Log[1 - Prime[n]^(-1)] + Prime[n]^(-1), {n, 1, Infinity}]
259	Pi/12	none	64	exact	5	x	THREE, ONE, ARCTAN, DIVIDE	2.120e-16	1902	0.3	64.0	True	
260	Mrs. Miniver constant	special	64	false positive	12	SIX, GOLDENRATIO, DIVIDE, x, POWER	SIX, INV, ARCCOS, ARCCOSH, SIX, DIVIDE, TAN	1.257e-15	63	53.4	14.7	True	Root[{#1 - Sin[Pi/6 - #1*Sqrt[1 - #1^2]] & , 0.264932084602776862`17.423134556719873}]
261	Ti_2(2-sqrt(3)), where Ti_2 is the inverse tangent integral function	none	64	not found	12	PI, TAN, x, POWER, ARCCOSH	PI, SIN, EXP, ARCCOSH, LOG, EXP, TAN	3.985e-15	64	53.8	nan	False	
262	unforgeable word constant	special	64	not found	12	PI, TAN, x, POWER, ARCCOSH	PI, SIN, EXP, ARCCOSH, LOG, EXP, TAN	3.985e-15	64	54.0	nan	False	Sum[(2*(-1)^(-1 + \[FormalK])*Product[2^(-1 + 2^\[FormalJ])/(-1 + 2^(-1 + 2^\[FormalJ])), {\[FormalJ], 2, \[FormalK]}])/(-1 + 2^(-1 + 2^(1 + \[FormalK]))), {\[FormalK], 1, Infinity}]
263	volume of a regular ideal hyperbolic 4-simplex	elementary	64	not found	12	PI, TAN, x, POWER, ARCCOSH	PI, SIN, EXP, ARCCOSH, LOG, EXP, TAN	3.985e-15	63	53.7	nan	False	10*Pi/3*ArcSin[1/3] - Pi^2/3
265	one of the Pell-Stevenhagen constants	none	64	not found	12	PI, TAN, x, POWER, ARCCOSH	PI, SIN, EXP, ARCCOSH, LOG, EXP, TAN	3.985e-15	60	54.1	nan	False	
266	1/(8*log(2)*A005597), where A005597 is the twin prime constant C_2	none	64	not found	12	PI, TAN, x, POWER, ARCCOSH	PI, SIN, EXP, ARCCOSH, LOG, EXP, TAN	3.985e-15	57	54.1	nan	False	
267	constant appearing in the expected number of comparisons for an unsuccessful digital tree search (negated)	none	64	not found	12	PI, TAN, x, POWER, ARCCOSH	PI, SIN, EXP, ARCCOSH, LOG, EXP, TAN	3.985e-15	57	56.0	nan	False	
269	(6/Pi^2)*Sum_{n>=1} 1/prime(n)^2	special	64	not found	12	PI, TAN, x, POWER, ARCCOSH	PI, SIN, EXP, ARCCOSH, LOG, EXP, TAN	3.985e-15	68	53.9	nan	False	6*PrimeZetaP[2]/Pi^2
270	1/Gamma(1/4)	special	64	exact	5	x	FOUR, INV, GAMMA, INV	0.000e+00	1091	0.3	64.0	True	1/Gamma[1/4]
271	rho_c = (5-sqrt(5))/10, the asymptotic critical density for the hard hexagon model	algebraic	64	exact	5	x	GOLDENRATIO, ARCTAN, COS, SQR	0.000e+00	1570	0.3	63.8	True	(5 - Sqrt[5])/10
272	Bernstein's constant	none	50	not found	12	PI, TAN, x, POWER, ARCCOSH	PI, SIN, EXP, ARCCOSH, LOG, EXP, TAN	3.985e-15	50	53.0	nan	False	
273	Series-parallel networks constant	none	22	not found	12	PI, TAN, x, POWER, ARCCOSH	PI, SIN, EXP, ARCCOSH, LOG, EXP, TAN	3.985e-15	54	53.2	nan	False	
274	log 6/π	elementary	64	exact	8	x, NEG, NINE, SUBTRACT, POWER	PI, SIX, DIVIDE	0.000e+00	107	53.0	64.0	True	Log10[6/Pi]
275	((5 - 2*sqrt(2))*Pi)/24	elementary	64	exact	10	FIVE, GAMMA, x, TIMES, SIN	EIGHT, SQRT, PI, TIMES, SIN	0.000e+00	322	52.9	64.0	True	((5-2*Sqrt[2])*Pi)/24
276	Mertens constant M(3,2) arising in the formula for the sum of reciprocals of primes p == 2 (mod 3)	none	64	not found	12	PI, TAN, x, POWER, ARCCOSH	PI, SIN, EXP, ARCCOSH, LOG, EXP, TAN	3.985e-15	55	53.6	nan	False	
277	Mertens constant M(4,1) arising in the formula for the sum of reciprocals of primes p == 1 (mod 4) (negated)	none	64	not found	12	PI, TAN, x, POWER, ARCCOSH	PI, SIN, EXP, ARCCOSH, LOG, EXP, TAN	3.985e-15	51	53.5	nan	False	
278	strongly carefree constant	special	64	not found	12	PI, TAN, x, POWER, ARCCOSH	PI, SIN, EXP, ARCCOSH, LOG, EXP, TAN	3.985e-15	51	53.1	nan	False	Product[1 - (-2 + 3*Prime[\[FormalK]])/Prime[\[FormalK]]^3, {\[FormalK], 1, Infinity}]
279	digital search tree Q constant	special	64	false positive	12	x, SINH, SQRT, ARCCOS, SQR	EIGHT, TANH, GAMMA, COSH, SQRT, EXP, TANH	3.076e-15	181	53.5	14.5	True	QPochhammer[1/2, 1/2]
280	Sum_{k>=0} (k!/(k+2)!)^2	elementary	64	exact	7	x, THREE, PLUS	THREE, PI, SQR, DIVIDE	0.000e+00	6291	53.2	63.9	True	Pi^2/3 - 3
281	domino tiling constant	special	64	not found	12	PI, TAN, x, POWER, ARCCOSH	PI, SIN, EXP, ARCCOSH, LOG, EXP, TAN	3.985e-15	49	53.8	nan	False	Catalan/Pi
282	d_0, the constant term in the asymptotic expansion of the average number of registers needed to evaluate a binary tree	none	64	not found	12	PI, TAN, x, POWER, ARCCOSH	PI, SIN, EXP, ARCCOSH, LOG, EXP, TAN	3.985e-15	60	53.3	nan	False	
283	(1/105)*Pi^3	elementary	64	exact	10	x, SEVEN, TIMES	THREE, FIVE, THREE, PI, POWER, DIVIDE, DIVIDE	0.000e+00	348	53.0	63.8	True	Pi^3/105
284	Pythagorean triple second-order constant for areas	special	64	not found	12	PI, TAN, x, POWER, ARCCOSH	PI, SIN, EXP, ARCCOSH, LOG, EXP, TAN	3.985e-15	49	53.9	nan	False	-(((1 + 2^(-1/3))*Zeta[1/3])/((1 + 2^(-2/3))*Zeta[4/3]))
285	a constant that appears in flux/diffusion problems with trapping surfaces	special	64	not found	12	PI, TAN, x, POWER, ARCCOSH	PI, SIN, EXP, ARCCOSH, LOG, EXP, TAN	3.985e-15	59	53.8	nan	False	-1/Pi * Integrate[Log[(6/x^2) * (1 - Sin[x]/x)]/x^2, {x, 0, Infinity}]
286	Wadsworth constant	rational	64	exact	6	x	THREE, INV, THREE, PLUS, INV	0.000e+00	13095	3.7	64.0	True	3/10
287	Sum_{m,n >= 1} (-1)^(m + n)/(m*n*(m + n))	none	64	not found	12	PI, TAN, x, POWER, ARCCOSH	PI, SIN, EXP, ARCCOSH, LOG, EXP, TAN	3.985e-15	117	53.8	nan	False	
288	log10(2)	elementary	64	exact	6	x, NEG, NINE, SUBTRACT, POWER	TWO	0.000e+00	2038	53.5	64.0	True	Log[10, 2]
289	ln(Gamma(2/3))	special	64	exact	6	x, EXP	THREE, TWO, DIVIDE, GAMMA	0.000e+00	1791	3.3	63.9	True	LogGamma[2/3]
290	coefficient c appearing in the asymptotic evaluation of the number of prime additive compositions of n as c*(1/xi)^n, wh	none	64	not found	12	PI, TAN, x, POWER, ARCCOSH	PI, SIN, EXP, ARCCOSH, LOG, EXP, TAN	3.985e-15	45	53.9	nan	False	
291	Gauss-Kuzmin-Wirsing constant	special	64	not found	12	PI, TAN, x, POWER, ARCCOSH	PI, SIN, EXP, ARCCOSH, LOG, EXP, TAN	3.985e-15	45	54.5	nan	False	Inactive[Limit][Inactive[Part][SortBy[N][Abs[Eigenvalues[Inactive[Table][((-1)^\[FormalJ]*Inactive[Sum][(-2)^\[FormalI]*Binomial[\[FormalK], \[FormalI]]*Pochhammer[2 + \[FormalI], \[FormalJ]]*(-2^(2 + \[FormalI] + \[FormalJ]) + (-1 + 2^(2 + \[FormalI] + \[FormalJ]))*Zeta[2 + \[FormalI] + \[FormalJ]]), {\[FormalI], 0, \[FormalK]}])/((-2)^\[FormalK]*\[FormalJ]!), {\[FormalJ], 0, -1 + \[FormalN]}, {\[FormalK], 0, -1 + \[FormalN]}]]]], -2], \[FormalN] -> Infinity]
292	3/pi^2	elementary	64	exact	5	x	PI, SQR, THREE, DIVIDE	0.000e+00	1365	0.4	64.0	True	3/Pi^2
293	radius of convergence of the generating function of A000625 (alcohol stereoisomers enumeration)	none	64	not found	12	PI, TAN, x, POWER, ARCCOSH	PI, SIN, EXP, ARCCOSH, LOG, EXP, TAN	3.985e-15	44	53.8	nan	False	
294	1 - log(2)	elementary	64	exact	5	x	TWO, LOG, ONE, SUBTRACT	0.000e+00	1354	0.3	64.0	True	1-Log[2]
295	Hardy-Littlewood constant Product_{p prime >= 5} (1-(6*p^2-4*p+1)/(p-1)^4)	none	64	not found	12	PI, TAN, x, POWER, ARCCOSH	PI, SIN, EXP, ARCCOSH, LOG, EXP, TAN	3.985e-15	57	54.2	nan	False	
296	coefficient c_v in c_v*log(N), the asymptotic variance of the number of factors in a random factorization of n <= N	none	64	not found	12	PI, TAN, x, POWER, ARCCOSH	PI, SIN, EXP, ARCCOSH, LOG, EXP, TAN	3.985e-15	48	54.7	nan	False	
297	Littlewood-Salem-Izumi constant	special	64	not found	12	PI, TAN, x, POWER, ARCCOSH	PI, SIN, EXP, ARCCOSH, LOG, EXP, TAN	3.985e-15	57	54.4	nan	False	Root[{HypergeometricPFQ[{1/2 - #1/2}, {1/2, 3/2 - #1/2}, (-(1/16))*(9*Pi^2)] & , 0.3084437795619860030341969509860000000000000000000000000001`29.489176016177844}]
298	sin(Pi/10) (angle of 18 degrees)	algebraic	64	exact	5	x, GOLDENRATIO, TIMES	TWO, INV	0.000e+00	2205	0.3	63.8	True	Sin[18 Degree]
299	-(8*(EulerGamma - log(2)))/3	special	64	not found	12	PI, TAN, x, POWER, ARCCOSH	PI, SIN, EXP, ARCCOSH, LOG, EXP, TAN	3.985e-15	48	53.5	nan	False	-(8*(EulerGamma - Log[2]))/3
300	Zolotarev-Schur constant	special	64	not found	12	PI, TAN, x, POWER, ARCCOSH	PI, SIN, EXP, ARCCOSH, LOG, EXP, TAN	3.985e-15	49	54.4	nan	False	With[{\[FormalX] = Root[{EllipticE[#1^2]^3 - 3*EllipticE[#1^2]^2*EllipticK[#1^2] + EllipticK[#1^2]*(-1 - EllipticK[#1^2]^2 + #1^2) + EllipticE[#1^2]*(1 + 3*EllipticK[#1^2]^2 + #1^2) & , 0.9155020553896763963055240364016622896543129422884607667501`30.102999566398122}]}, (1 - EllipticE[\[FormalX]^2]/EllipticK[\[FormalX]^2])^2/\[FormalX]^2]
301	k_3 = 3/(2*Pi*m_3), a constant associated with the asymptotic expansion of the probability that a three-dimensional rand	none	64	not found	12	PI, TAN, x, POWER, ARCCOSH	PI, SIN, EXP, ARCCOSH, LOG, EXP, TAN	3.985e-15	65	53.6	nan	False	
302	(negated) constant in the expansion of the prime zeta function about s = 1	none	64	not found	12	PI, TAN, x, POWER, ARCCOSH	PI, SIN, EXP, ARCCOSH, LOG, EXP, TAN	3.985e-15	66	54.6	nan	False	
303	Atkinson-Negro-Santoro constant	special	64	not found	12	PI, TAN, x, POWER, ARCCOSH	PI, SIN, EXP, ARCCOSH, LOG, EXP, TAN	3.985e-15	61	55.1	nan	False	ConditionalExpression[Extension`AtkinsonNegroSantoroConstant == Limit[\[FormalU][\[FormalN]]/2^\[FormalN], \[FormalN] -> Infinity], \[FormalU][0] == 0 && \[FormalU][1] == 1 && \[FormalU][\[FormalN]] == 2*\[FormalU][-1 + \[FormalN]] - \[FormalU][-1 + \[FormalN] - Floor[1 + (-1 + \[FormalN])/2]]]
304	real part of the solution of z = log z	special	64	not found	12	PI, TAN, x, POWER, ARCCOSH	PI, SIN, EXP, ARCCOSH, LOG, EXP, TAN	3.985e-15	71	54.6	nan	False	Re[-ProductLog[-1]]
305	Kalmar composition constant	special	64	not found	12	PI, TAN, x, POWER, ARCCOSH	PI, SIN, EXP, ARCCOSH, LOG, EXP, TAN	3.985e-15	65	54.3	nan	False	ConditionalExpression[Extension`KalmarCompositionConstant == -(1/(\[FormalRho]*Derivative[1][Zeta][\[FormalRho]])), \[FormalRho] == Root[{-2 + Zeta[#1] & , 1.7286472389981836181351030103`29.237706376855613}]]
306	reciprocal of π	elementary	64	exact	3	x	PI, INV	0.000e+00	41	0.0	64.0	True	Pi^(-1)
307	a constant related to a certain Sobolev isoperimetric inequality	none	64	not found	12	PI, TAN, x, POWER, ARCCOSH	PI, SIN, EXP, ARCCOSH, LOG, EXP, TAN	3.985e-15	64	54.4	nan	False	
308	eta/xi = A086318/A086317, a coefficient associated with the asymptotics of the number of weakly binary trees	none	64	not found	12	PI, TAN, x, POWER, ARCCOSH	PI, SIN, EXP, ARCCOSH, LOG, EXP, TAN	3.985e-15	64	53.7	nan	False	
309	Feller-Tornier product constant	special	64	false positive	12	x, TAN, EXP, TAN, COS	GOLDENRATIO, ARCTAN, ARCCOSH, ARCSIN, COSH, INV, SIN	3.269e-15	65	54.2	14.5	True	Product[1 - 2/Prime[\[FormalK]]^2, {\[FormalK], 1, Infinity}]
310	second Kneser-Mahler polynomial constant	special	64	not found	12	PI, TAN, x, POWER, ARCCOSH	PI, SIN, EXP, ARCCOSH, LOG, EXP, TAN	3.985e-15	64	54.4	nan	False	(9 - PolyGamma[1, 2/3] + PolyGamma[1, 4/3])/(4*Pi*Sqrt[3])
311	1/(4*K), a constant related to the asymptotic evaluation of the number of positive integers all of whose prime factors a	none	64	not found	12	PI, TAN, x, POWER, ARCCOSH	PI, SIN, EXP, ARCCOSH, LOG, EXP, TAN	3.985e-15	61	54.3	nan	False	
312	infinite product of (j/Pi)*sin(Pi/j), for j >= 2, a constant similar to the Kepler-Bouwkamp constant	none	64	not found	12	PI, TAN, x, POWER, ARCCOSH	PI, SIN, EXP, ARCCOSH, LOG, EXP, TAN	3.985e-15	61	55.9	nan	False	
313	constant that appears in the asymptotic formula for average order of an infinitary analog of Euler's phi function (A0917	none	64	not found	12	PI, TAN, x, POWER, ARCCOSH	PI, SIN, EXP, ARCCOSH, LOG, EXP, TAN	3.985e-15	60	55.6	nan	False	
314	Given the two curves y = (1 + exp(x))/2 and y = (1 + exp(x))/(1 + exp(x/2)), draw a line tangent to both. This sequence 	none	64	not found	12	PI, TAN, x, POWER, ARCCOSH	PI, SIN, EXP, ARCCOSH, LOG, EXP, TAN	3.985e-15	57	55.5	nan	False	
315	9099999999923/27500000000000	rational	64	not found	12	PI, TAN, x, POWER, ARCCOSH	PI, SIN, EXP, ARCCOSH, LOG, EXP, TAN	3.985e-15	61	55.5	nan	False	9099999999923/27500000000000
316	euler sqr	special	64	not found	12	PI, TAN, x, POWER, ARCCOSH	PI, SIN, EXP, ARCCOSH, LOG, EXP, TAN	3.985e-15	91	55.5	nan	False	EulerGamma^2
317	log(A085851)	none	64	not found	12	PI, TAN, x, POWER, ARCCOSH	PI, SIN, EXP, ARCCOSH, LOG, EXP, TAN	3.985e-15	90	55.0	nan	False	
318	third	rational	64	exact	3	x	THREE, INV	0.000e+00	43	0.0	64.0	True	1/3
319	Sum_{k>=2} c(k)/prime(k), where c(k) = -1 if p == 1 (mod 4) and c(k) = +1 if p == 3 (mod 4)	none	64	not found	12	PI, TAN, x, POWER, ARCCOSH	PI, SIN, EXP, ARCCOSH, LOG, EXP, TAN	3.985e-15	59	55.2	nan	False	
320	radius of convergence of g.f. for unlabeled trees (A000055)	none	64	not found	12	PI, TAN, x, POWER, ARCCOSH	PI, SIN, EXP, ARCCOSH, LOG, EXP, TAN	3.985e-15	53	56.3	nan	False	
321	probability that a random walk on a 3-D lattice returns to the origin	special	64	not found	12	PI, TAN, x, POWER, ARCCOSH	PI, SIN, EXP, ARCCOSH, LOG, EXP, TAN	3.985e-15	84	55.7	nan	False	1 - (16*Sqrt[2/3]*Pi^3) / (Gamma[1/24]*Gamma[5/24]*Gamma[7/24]*Gamma[11/24])
322	2*sin(Pi/18)	algebraic	64	exact	8	x	NINE, ONE, ARCSIN, DIVIDE, SIN, TWO, TIMES	1.598e-16	1406	55.6	64.0	True	2Sin[Pi/18]
323	sqrt(5^(1/3)-4^(1/3))	algebraic	64	not found	12	PI, TAN, x, POWER, ARCCOSH	PI, SIN, EXP, ARCCOSH, LOG, EXP, TAN	3.985e-15	49	55.9	nan	False	Sqrt[Surd[5, 3] - Surd[4, 3]]
324	meander connective constant	special	64	not found	12	PI, TAN, x, POWER, ARCCOSH	PI, SIN, EXP, ARCCOSH, LOG, EXP, TAN	3.985e-15	55	56.7	nan	False	Product[1 - 2^(-2^\[FormalK]), {\[FormalK], 0, Infinity}]
325	lim_{N->infinity} (1/N^2 Sum_{n=1..N} K(n)), where K(n) is the squarefree kernel of n	none	64	not found	12	PI, TAN, x, POWER, ARCCOSH	PI, SIN, EXP, ARCCOSH, LOG, EXP, TAN	3.985e-15	47	56.1	nan	False	
326	a coefficient associated with the asymptotics of the variance of the distance between a vertex and the root of a random 	none	64	not found	12	PI, TAN, x, POWER, ARCCOSH	PI, SIN, EXP, ARCCOSH, LOG, EXP, TAN	3.985e-15	57	55.8	nan	False	
327	Hafner–Sarnak–McCurley constant	none	64	not found	12	PI, TAN, x, POWER, ARCCOSH	PI, SIN, EXP, ARCCOSH, LOG, EXP, TAN	3.985e-15	77	56.4	nan	False	
328	radius of convergence of the generating function of A000598, the number of rooted ternary trees of n vertices	none	64	not found	12	PI, TAN, x, POWER, ARCCOSH	PI, SIN, EXP, ARCCOSH, LOG, EXP, TAN	3.985e-15	48	56.0	nan	False	
330	imaginary part of the infinite power tower of i	special	64	not found	12	PI, TAN, x, POWER, ARCCOSH	PI, SIN, EXP, ARCCOSH, LOG, EXP, TAN	3.985e-15	116	56.7	nan	False	Im[-ProductLog[-Log[I]]/Log[I]]
331	log 1/M = ln 10	elementary	64	exact	9	x, NEG, NINE, SUBTRACT, POWER	NEG, NINE, SUBTRACT, LOG	0.000e+00	68	56.5	63.9	True	Log10[Log[10]]
332	equilateral triangle line-picking constant	elementary	64	exact	11	x, FIVE, INV, SUBTRACT	SEVEN, THREE, INV, SUBTRACT, THREE, LOG, DIVIDE	0.000e+00	118	56.2	63.9	True	(4 + 3*Log[3])/20
333	(3*sqrt(6) - 7)*Pi/3	elementary	64	exact	9	PI, x, DIVIDE	THREE, SEVEN, DIVIDE, SIX, SQRT, SUBTRACT	3.195e-15	243	56.5	64.0	True	(3Sqrt[6]-7)Pi/3
334	standard Gumbel distribution median	elementary	64	exact	5	x, EXP	TWO, LOG, INV	0.000e+00	1946	0.4	64.0	True	-Log[Log[2]]
335	constant that appears in the asymptotic formula for average order of the number of  infinitary divisors function (A03744	none	64	not found	12	PI, TAN, x, POWER, ARCCOSH	PI, SIN, EXP, ARCCOSH, LOG, EXP, TAN	3.985e-15	50	55.8	nan	False	
336	reciprocal of e	elementary	64	exact	3	x	EULER, INV	0.000e+00	48	0.0	64.0	True	E^(-1)
337	Hardy-Littlewood constant C_7 = Product_{p prime > 7} 1/(1-1/p)^7 (1-7/p)	none	64	not found	12	PI, TAN, x, POWER, ARCCOSH	PI, SIN, EXP, ARCCOSH, LOG, EXP, TAN	3.985e-15	62	57.2	nan	False	
338	fourth (of 10) decimal selvage number	none	64	not found	12	PI, TAN, x, POWER, ARCCOSH	PI, SIN, EXP, ARCCOSH, LOG, EXP, TAN	3.985e-15	63	57.7	nan	False	
339	constant c appearing in the expected number of pair of twin vacancies in a digital tree	none	64	not found	12	PI, TAN, x, POWER, ARCCOSH	PI, SIN, EXP, ARCCOSH, LOG, EXP, TAN	3.985e-15	66	57.3	nan	False	
340	variance of the maximum of a size 8 sample from a normal (0,1) distribution	none	64	not found	12	PI, TAN, x, POWER, ARCCOSH	PI, SIN, EXP, ARCCOSH, LOG, EXP, TAN	3.985e-15	63	57.0	nan	False	
341	(1/144)*3^(1/2)*Pi^3	elementary	64	exact	10	FOUR, x, DIVIDE	THREE, THREE, SQRT, ONE, ARCTAN, DIVIDE, POWER	0.000e+00	471	57.9	64.0	True	Sqrt[3]*Pi^3/144
342	1/Gamma(1/3)	special	64	exact	5	x	THREE, INV, GAMMA, INV	0.000e+00	1066	0.3	64.0	True	1/Gamma[1/3]
343	first positive solution to exp(1-1/x)/x = 1/2, a binary search tree constant	special	64	not found	12	PI, TAN, x, POWER, ARCCOSH	PI, SIN, EXP, ARCCOSH, LOG, EXP, TAN	3.985e-15	64	57.2	nan	False	-1/ProductLog[-1, -1/(2*E)]
344	Artin's constant	special	64	not found	12	PI, TAN, x, POWER, ARCCOSH	PI, SIN, EXP, ARCCOSH, LOG, EXP, TAN	3.985e-15	62	57.8	nan	False	Product[1 - 1/((-1 + Prime[n])*Prime[n]), {n, 1, Infinity}]
345	64/169, the upper bound (as given by S. Finch) of the 2-dimensional simultaneous Diophantine approximation constant	none	64	exact	7	x, SQRT	FOUR, NINE, PLUS, EIGHT, DIVIDE	0.000e+00	8718	57.2	64.0	True	
346	upper bound of the 6-dimensional simultaneous Diophantine approximation constant	none	64	not found	12	PI, TAN, x, POWER, ARCCOSH	PI, SIN, EXP, ARCCOSH, LOG, EXP, TAN	3.985e-15	64	59.1	nan	False	
347	expected distance from a randomly selected point in the unit square to its center: (sqrt(2) + log(1 + sqrt(2)))/6	elementary	64	exact	8	x	SIX, NEG, ARCSINH, TWO, SQRT, SUBTRACT, DIVIDE	0.000e+00	636	58.5	64.0	True	(Sqrt[2] + Log[1 + Sqrt[2]])/6
348	Given the two curves y = (1 + exp(x))/2 and y = (1 + exp(x))/(1 + exp(x/2)), draw a line tangent to both. This sequence 	none	64	not found	12	PI, TAN, x, POWER, ARCCOSH	PI, SIN, EXP, ARCCOSH, LOG, EXP, TAN	3.985e-15	90	59.6	nan	False	
349	upper bound of the 5-dimensional simultaneous Diophantine approximation constant	elementary	64	not found	12	x, SIX, DIVIDE, TANH, ARCCOS	GOLDENRATIO, TAN, TWO, POWER, COS, ARCCOS, ARCTAN	3.982e-15	65	58.4	nan	False	3/(208 + 72*Pi - 96*Sqrt[2]*Pi)
350	variance of the maximum of a size 7 sample from a normal (0,1) distribution	none	64	not found	12	PI, TAN, x, POWER, ARCCOSH	PI, SIN, EXP, ARCCOSH, LOG, EXP, TAN	3.985e-15	59	57.7	nan	False	
351	1 - 6/pi^2	elementary	64	exact	7	x	PI, SQR, SIX, DIVIDE, ONE, SUBTRACT	0.000e+00	6862	57.3	64.0	True	1 - 6/Pi^2
352	Pi/8	none	64	exact	4	x	EIGHT, PI, DIVIDE	0.000e+00	297	0.0	64.0	True	
353	A(rectangles), an analog of Moser's worm constant, which is associated with the class of rectangular regions of the plan	none	64	not found	12	PI, TAN, x, POWER, ARCCOSH	PI, SIN, EXP, ARCCOSH, LOG, EXP, TAN	3.985e-15	50	56.9	nan	False	
354	radius of convergence of the generating function for the enumeration of rooted identity trees (A004111)	none	50	not found	12	PI, TAN, x, POWER, ARCCOSH	PI, SIN, EXP, ARCCOSH, LOG, EXP, TAN	3.985e-15	73	57.1	nan	False	
355	Pi*G - 33*zeta(3)/16, where G = A006752	special	64	not found	12	PI, TAN, x, POWER, ARCCOSH	PI, SIN, EXP, ARCCOSH, LOG, EXP, TAN	3.985e-15	56	57.2	nan	False	Pi Catalan-33Zeta[3]/16
356	one div root two pi	elementary	64	exact	6	x	PI, PI, PLUS, INV, SQRT	0.000e+00	9017	3.6	64.0	True	1/Sqrt[2*Pi]
357	log Sqrt[2π]	elementary	64	exact	9	x, NEG, NINE, SUBTRACT, POWER	PI, PI, PLUS, SQRT	1.391e-16	81	57.5	64.0	True	Log10[Sqrt[2*Pi]]
358	'lambda', a Somos quadratic recurrence constant mentioned by Steven Finch	none	64	not found	12	PI, TAN, x, POWER, ARCCOSH	PI, SIN, EXP, ARCCOSH, LOG, EXP, TAN	3.985e-15	53	58.1	nan	False	
359	Feigenbaum's constant 0.399535	none	64	not found	12	PI, TAN, x, POWER, ARCCOSH	PI, SIN, EXP, ARCCOSH, LOG, EXP, TAN	3.985e-15	53	57.6	nan	False	
360	Li_3(2 - phi)	special	64	not found	12	PI, TAN, x, POWER, ARCCOSH	PI, SIN, EXP, ARCCOSH, LOG, EXP, TAN	3.985e-15	55	57.3	nan	False	PolyLog[3,2-GoldenRatio]
361	radius of convergence of Wedderburn-Etherington numbers g.f	none	64	not found	12	PI, TAN, x, POWER, ARCCOSH	PI, SIN, EXP, ARCCOSH, LOG, EXP, TAN	3.985e-15	61	57.1	nan	False	
362	'mu', a percolation constant associated with the asymptotic threshold for 3-dimensional bootstrap percolation	none	64	not found	12	PI, SIN, x, POWER, ARCCOS	PI, TAN, EXP, ARCCOS, LOG, EULER, POWER	4.026e-15	158	57.1	nan	False	
363	log(A085850)	none	41	not found	12	PI, SIN, x, POWER, ARCCOS	PI, TAN, EXP, ARCCOS, LOG, EULER, POWER	4.026e-15	44	57.1	nan	False	
364	m_2 = (2-1/e)/4, one of Renyi's parking constants, the mean car density in case "monomer with nearest neighbor exclusion	elementary	64	exact	7	x	FOUR, EULER, INV, TWO, SUBTRACT, DIVIDE	0.000e+00	4754	57.4	64.0	True	(2 - 1/E)/4
365	upper bound of the 4-dimensional simultaneous Diophantine approximation constant	elementary	64	exact	11	x, INV, FOUR, PLUS	FIVE, TWO, ARCCOSH, TANH, POWER, PI, DIVIDE	1.088e-15	41	57.4	64.0	True	27/(4*(8*Sqrt[3]*Pi - 27))
366	Euler-Kronecker constant (as named by P. Moree) for non-hypotenuse numbers	none	64	not found	12	PI, SIN, x, POWER, ARCCOS	PI, TAN, EXP, ARCCOS, LOG, EULER, POWER	4.026e-15	42	57.2	nan	False	
367	lower bound of the Berry-Esseen constant	elementary	64	exact	11	x, THREE, ARCSINH, EXP, DIVIDE	PI, EIGHT, TIMES, NINE, TIMES, SQRT	0.000e+00	61	57.1	64.0	True	(3 + Sqrt[10])/(6*Sqrt[2*Pi])
368	Hardy-Littlewood constant C_5 = Product_{p prime > 5} 1/(1-1/p)^5 (1-5/p)	none	64	not found	12	PI, SIN, x, POWER, ARCCOS	PI, TAN, EXP, ARCCOS, LOG, EULER, POWER	4.026e-15	43	57.3	nan	False	
369	sqrt(2)*(sqrt(6) - 1)/5	algebraic	64	exact	7	TWO, ARCCOSH, x, ARCTANH, SUBTRACT	NEG, ARCSINH	0.000e+00	8582	58.7	64.0	True	Sqrt[2](Sqrt[6]-1)/5
370	Prouhet–Thue–Morse constant	special	64	not found	12	PI, SIN, x, POWER, ARCCOS	PI, TAN, EXP, ARCCOS, LOG, EULER, POWER	4.026e-15	37	58.1	nan	False	(2 - Product[(-1 + 2^2^\[FormalK])/2^2^\[FormalK], {\[FormalK], 0, Infinity}])/4
371	1/(eta*P'(eta)), a constant related to the asymptotic evaluation of the number of prime multiplicative compositions, whe	none	30	not found	12	PI, SIN, x, POWER, ARCCOS	PI, TAN, EXP, ARCCOS, LOG, EULER, POWER	4.026e-15	36	57.8	nan	False	
372	sqrt(2) - 1	algebraic	64	exact	4	x	NEG, ARCSINH, EXP	0.000e+00	375	0.0	64.0	True	Sqrt[2] - 1
373	isosceles triangle line-picking constant	elementary	64	not found	12	PI, SIN, x, POWER, ARCCOS	PI, TAN, EXP, ARCCOS, LOG, EULER, POWER	4.026e-15	34	58.1	nan	False	(2 + 4*Sqrt[2] + ArcSinh[1]*(4 + Sqrt[2]))/30
374	Prime constant	special	64	not found	12	PI, SIN, x, POWER, ARCCOS	PI, TAN, EXP, ARCCOS, LOG, EULER, POWER	4.026e-15	35	57.7	nan	False	Sum[2^(-Prime[n]), {n, 1, Infinity}]
375	variance of the maximum of a size 6 sample from a normal (0,1) distribution	none	64	not found	12	PI, SIN, x, POWER, ARCCOS	PI, TAN, EXP, ARCCOS, LOG, EULER, POWER	4.026e-15	40	57.1	nan	False	
376	volume of the Meissner Body	elementary	64	not found	12	x, GAMMA, THREE, SUBTRACT, ARCSINH	GOLDENRATIO, ARCCOSH, INV, ARCTAN, SINH, COS, TAN	2.186e-14	51	57.6	13.7	True	(2/3 - Sqrt[3]/4 * ArcCos[1/3])* Pi
377	Minkowski-Bower constant	special	64	not found	12	x, GAMMA, GAMMA, SEVEN, PLUS	THREE, TAN, SIN, ARCCOS, SINH, THREE, TIMES	2.732e-14	54	57.8	13.6	True	Inactive[Root][{#1 - MinkowskiQuestionMark[#1] & , 0.420372339423223075640993`23.623634131640042}]
378	Schlüter ten disk constant	algebraic	64	not found	12	x, ARCCOS, LOG, INV, SIN	SEVEN, TANH, SINH, FIVE, PLUS, COSH, SIN	2.767e-14	52	57.7	13.6	True	Root[819200 - 14172160*\[FormalX] + 114038784*\[FormalX]^2 - 563649536*\[FormalX]^3 + 1899131648*\[FormalX]^4 - 4564076288*\[FormalX]^5 + 7918461504*\[FormalX]^6 - 9722063488*\[FormalX]^7 + 7803109440*\[FormalX]^8 - 2960321792*\[FormalX]^9 - 1038261808*\[FormalX]^10 + 1526909568*\[FormalX]^11 + 227573920*\[FormalX]^12 - 1398966480*\[FormalX]^13 + 1145811528*\[FormalX]^14 - 462103584*\[FormalX]^15 + 98015844*\[FormalX]^16 - 11436428*\[FormalX]^17 + 1180129*\[FormalX]^18, \[FormalX], 1]
379	logarithmic capacity of the unit equilateral triangle	none	64	exact	11	x, THREE, TIMES, PI, DIVIDE	THREE, THREE, TWO, DIVIDE, GAMMA, POWER	0.000e+00	61	57.3	64.0	True	
380	c_1, a constant associated with the computation of the maximal modulus of an algebraic integer	none	64	not found	12	x, ARCSIN, SINH, LOG, TANH	SIX, LOG, EIGHT, TANH, SUBTRACT, ARCSINH, SIN	4.671e-14	52	58.5	13.3	True	
381	Reuleaux tetrahedron volume	elementary	64	not found	12	x, SIX, DIVIDE, TANH, ARCCOS	EULER, FIVE, TIMES, TANH, SQRT, GAMMA, ARCCOSH	1.059e-14	55	57.6	nan	False	(8*Pi)/3 - (27*ArcCos[1/3])/4 + Sqrt[2]/4
382	1 - gamma, where gamma is Euler's constant (or the Euler-Mascheroni constant)	special	64	not found	12	x, SINH, ARCSIN, EXP, ARCCOSH	SIX, COSH, SIN, ARCTANH, SQR, ARCSIN, ARCCOS	1.059e-13	50	57.9	13.0	True	1 - EulerGamma
383	pi^(-3/4)	elementary	64	exact	6	x	PI, PI, SQRT, SQRT, DIVIDE	1.310e-16	5574	3.5	64.0	True	Pi^(-3/4)
384	Dawson's integral at the inflection point	none	64	not found	12	x, TANH, SIN, ARCTANH, GAMMA	SEVEN, FOUR, DIVIDE, SINH, TAN, ARCSIN, EXP	9.339e-15	51	57.6	14.0	True	
385	(2/3)*x where x is the real solution of the equation x^2 + 2*sqrt(1 - x^2) = 2*x*(x + arccos(x))	none	64	not found	12	x, ARCTANH, ARCSIN, INV, ARCCOSH	PI, SINH, ARCCOSH, ARCTAN, SQRT, GAMMA, TAN	2.758e-14	52	58.6	13.6	True	
386	gamma', the analog of Euler's constant when 1/x is replaced by 1/(x*log(x))	none	64	not found	12	GOLDENRATIO, x, EXP, SQR, SUBTRACT	EULER, SIN, TANH, PI, DIVIDE, LOG, LOG	3.232e-14	86	57.8	13.5	True	
387	carefree constant	special	64	not found	12	SIX, x, SIN, INV, SUBTRACT	EULER, TANH, ARCTAN, GOLDENRATIO, ARCCOSH, PLUS, TAN	6.134e-14	86	58.0	13.2	True	Product[1 - (-1 + 2*Prime[\[FormalK]])/Prime[\[FormalK]]^3, {\[FormalK], 1, Infinity}]
388	'lambda', a Young-Fejér-Jackson constant linked to the positivity of certain sine sums	none	64	not found	12	x, TAN, TANH, PI, DIVIDE	SIX, COS, SIN, TAN, GOLDENRATIO, PLUS, SINH	1.986e-14	49	58.0	13.7	True	
389	2*arccsch(2)/sqrt(5)	none	64	exact	7	x	GOLDENRATIO, LOG, COSH, GOLDENRATIO, LOG, DIVIDE	0.000e+00	8471	58.0	64.0	True	
390	m = (1-1/e^2)/2, one of Renyi's parking constants	elementary	64	exact	5	x	EULER, ONE, SINH, DIVIDE	0.000e+00	874	0.3	64.0	True	(1 - 1/E^2)/2
391	Bloch constant lower limit	algebraic	64	not found	12	PI, SIN, x, POWER, ARCCOS	PI, TAN, EXP, ARCCOS, LOG, EULER, POWER	4.026e-15	46	57.7	nan	False	1/5000 + Sqrt[3]/4
392	common logarithm of e	elementary	64	exact	6	x, INV	NEG, NINE, SUBTRACT, LOG	0.000e+00	3814	3.6	64.0	True	Log10[E]
393	asymptotic probability of success in the full-information secretary problem with uniform distribution when the number of	none	64	not found	12	PI, SIN, x, POWER, ARCCOS	PI, TAN, EXP, ARCCOS, LOG, EULER, POWER	4.026e-15	52	57.1	nan	False	
394	a constant related to the [dimensionless] electrical capacitance of the ring torus without hole (with unit circle radius	none	64	not found	12	PI, SIN, x, POWER, ARCCOS	PI, TAN, EXP, ARCCOS, LOG, EULER, POWER	4.026e-15	45	57.9	nan	False	
395	1/(2*(Pi-2)), the upper bound of the 3-dimensional simultaneous Diophantine approximation constant	elementary	64	exact	5	x, INV	FOUR, COS, ARCCOS	0.000e+00	1249	0.3	64.0	True	1/(2*(Pi - 2))
397	real part of the infinite power tower of i	special	64	not found	12	PI, SIN, x, POWER, ARCCOS	PI, TAN, EXP, ARCCOS, LOG, EULER, POWER	4.026e-15	46	58.2	nan	False	Re[-ProductLog[-Log[I]]/Log[I]]
398	breadth of the "caliper", the broadest worm of unit length	none	64	not found	12	PI, SIN, x, POWER, ARCCOS	PI, TAN, EXP, ARCCOS, LOG, EULER, POWER	4.026e-15	46	58.5	nan	False	
399	Otter's asymptotic constant beta for the number of rooted trees	none	64	not found	12	PI, SIN, x, POWER, ARCCOS	PI, TAN, EXP, ARCCOS, LOG, EULER, POWER	4.026e-15	49	57.9	nan	False	
400	Ising constant	elementary	64	exact	5	x	TWO, ONE, ARCSINH, DIVIDE	0.000e+00	2134	0.4	64.0	True	Log[1 + Sqrt[2]]/2
401	1/log(2)-1, the mean value of a random variable following the Gauss-Kuzmin distribution	elementary	64	exact	6	x	TWO, LOG, INV, NEG, PLUS	0.000e+00	4047	3.4	64.0	True	1/Log[2] - 1
403	1D Diophantine approximation constant	algebraic	64	exact	4	x	FIVE, INV, SQRT	0.000e+00	405	0.0	64.0	True	Sqrt[5]^(-1)
404	variance of the maximum of a size 5 sample from a normal (0,1) distribution	special	64	not found	12	PI, SIN, x, POWER, ARCCOS	PI, TAN, EXP, ARCCOS, LOG, EULER, POWER	4.026e-15	45	57.0	nan	False	1 - 25/Pi + 150*ArcCsc[Sqrt[3]]/Pi^2 + 5*Sqrt[3]*ArcSec[2*Sqrt[2/3]]/Pi^2 - 225*ArcCsc[Sqrt[3]]^2/Pi^3
405	7*sqrt(3)/27	algebraic	64	exact	7	x	FIVE, THREE, POWER, SQRT, SEVEN, DIVIDE	0.000e+00	11771	56.9	64.0	True	7Sqrt[3]/27
406	asymptotic probability of success in the full information version of the secretary problem	none	64	not found	12	PI, SIN, x, POWER, ARCCOS	PI, TAN, EXP, ARCCOS, LOG, EULER, POWER	4.026e-15	38	56.9	nan	False	
407	2^(1/2)/pi	elementary	64	exact	5	x	PI, TWO, SQRT, DIVIDE	1.233e-16	1187	0.3	64.0	True	2^(1/2)/Pi
408	log(Pi/2)	elementary	64	exact	4	x, EXP	ONE, ARCSIN	0.000e+00	346	0.0	64.0	True	Log[Pi/2]
409	prime zeta function at 2: Sum_{p prime} 1/p^2	special	64	not found	12	PI, SIN, x, POWER, ARCCOS	PI, TAN, EXP, ARCCOS, LOG, EULER, POWER	4.026e-15	64	56.5	nan	False	PrimeZetaP[2]
410	Product_{n>1} (1-1/n)^(1/n)	none	64	not found	12	PI, SIN, x, POWER, ARCCOS	PI, TAN, EXP, ARCCOS, LOG, EULER, POWER	4.026e-15	62	57.2	nan	False	
411	e^(-pi/4)	elementary	64	exact	4	x	NEG, ARCTAN, EXP	0.000e+00	290	0.0	64.0	True	E^(-Pi/4)
412	c^c^c^...  where c is the constant defined in A037077	none	64	not found	12	PI, SIN, x, POWER, ARCCOS	PI, TAN, EXP, ARCCOS, LOG, EULER, POWER	4.026e-15	161	56.8	nan	False	
413	Machin Gregory series constant	elementary	64	exact	4	x	TWO, INV, ARCTAN	0.000e+00	336	0.0	64.0	True	ArcTan[1/2]
414	6*K/Pi^2, a constant related to the asymptotic evaluation of the number of positive squarefree integers of the form a^2 	none	64	not found	12	PI, SIN, x, POWER, ARCCOS	PI, TAN, EXP, ARCCOS, LOG, EULER, POWER	4.026e-15	44	57.7	nan	False	
415	(1/30)*2^(1/2)*Pi^2	elementary	64	exact	9	x, PI, SQR, DIVIDE	SEVEN, ARCSINH, COSH, THREE, TIMES	0.000e+00	1313	56.5	64.0	True	(Sqrt[2] Pi^2)/30
416	'etaHat', a constant used in the asymptotic evaluation of e.g.f. coefficients for the number of labeled mobiles	none	64	not found	12	PI, SIN, x, POWER, ARCCOS	PI, TAN, EXP, ARCCOS, LOG, EULER, POWER	4.026e-15	44	57.2	nan	False	
417	pi^(-2/3)	elementary	64	exact	6	THREE, x, POWER	PI, SQR, INV	0.000e+00	4773	3.5	64.0	True	Pi^(-2/3)
418	Bloch constant upper limit	special	64	not found	12	PI, SIN, x, POWER, ARCCOS	PI, TAN, EXP, ARCCOS, LOG, EULER, POWER	4.026e-15	35	57.0	nan	False	(Sqrt[(-1 + Sqrt[3])/2]*Gamma[1/3]*Gamma[11/12])/Gamma[1/4]
419	Weierstrass constant	special	64	not found	12	GOLDENRATIO, SINH, SIN, x, TIMES	SEVEN, SIN, GAMMA, INV, TWO, COS, PLUS	4.063e-14	57	57.6	13.4	True	(2*2^(1/4)*E^(Pi/8)*Sqrt[Pi])/Gamma[1/4]^2
420	Plouffe's b-constant	none	64	not found	12	x, SIN, GAMMA, ARCSINH, COSH	FIVE, ARCCOSH, SIX, INV, SIN, ARCCOS, POWER	5.701e-14	60	57.2	13.2	True	
421	common logarithm of 3	elementary	64	exact	6	x, NEG, NINE, SUBTRACT, POWER	THREE	0.000e+00	1596	57.0	64.0	True	Log10[3]
422	quadtree leaf proportion constant	elementary	64	exact	11	x, THREE, PLUS, SQRT	PI, THREE, DIVIDE, ARCCOS, TAN, SIX, TIMES	0.000e+00	137	56.9	64.0	True	-39 + 4*Pi^2
423	(6*sqrt(3) + 12*log(2+sqrt(3)) - Pi)/48	elementary	64	not found	12	x, SIX, TIMES, ARCTAN, SQR	THREE, SIN, GAMMA, INV, TAN, COS, COSH	5.797e-14	52	57.8	13.2	True	(6Sqrt[3]+12Log[2+Sqrt[3]]-Pi)/48
424	(ln 2)^2	elementary	64	exact	4	x, SQRT	TWO, LOG	0.000e+00	266	0.0	64.0	True	Log[2]^2
425	2*zeta(3)/5	special	64	not found	12	x, EIGHT, DIVIDE, TANH, ARCCOS	FOUR, SEVEN, EIGHT, POWER, INV, TAN, DIVIDE	4.511e-15	119	57.5	nan	False	2*Zeta[3]/5
426	logarithm of golden ratio	elementary	64	exact	3	x	GOLDENRATIO, LOG	0.000e+00	49	0.0	64.0	True	Log[GoldenRatio]
427	Trott's third constant	none	64	not found	12	x, SIN, ARCTANH, TWO, POWER	GOLDENRATIO, SIN, GOLDENRATIO, PI, POWER, ARCTAN, DIVIDE	7.054e-15	64	57.4	14.1	True	
428	a constant related to the expected number of vertices of the largest tree associated with a random mapping on n symbols	none	64	not found	12	x, TANH, GAMMA, GAMMA, SQRT	GOLDENRATIO, PI, THREE, DIVIDE, EXP, ARCCOSH, DIVIDE	5.533e-14	52	57.9	13.3	True	
429	2*K/Pi, a constant related to the asymptotic evaluation of the number of positive integers all of whose prime factors ar	none	64	not found	12	PI, SIN, x, POWER, ARCCOS	PI, TAN, EXP, ARCCOS, LOG, EULER, POWER	4.026e-15	47	58.2	nan	False	
430	Gaussian twin prime constant	special	64	not found	12	PI, SIN, x, POWER, ARCCOS	PI, TAN, EXP, ARCCOS, LOG, EULER, POWER	4.026e-15	52	58.4	nan	False	(Pi^2*Product[Piecewise[{{((1 - 4/Prime[\[FormalK]])*(1 + Prime[\[FormalK]])^2)/(-1 + Prime[\[FormalK]])^2, Mod[Prime[\[FormalK]], 4] == 1}}, 1], {\[FormalK], 1, Infinity}])/8
431	3/(8*K), a constant related to the asymptotic evaluation of the number of positive integers that can be expressed as the	none	64	not found	12	PI, SIN, x, POWER, ARCCOS	PI, TAN, EXP, ARCCOS, LOG, EULER, POWER	4.026e-15	58	58.3	nan	False	
432	variance of the maximum of a size 4 sample from a normal (0,1) distribution	special	64	not found	12	PI, SIN, x, POWER, ARCCOS	PI, TAN, EXP, ARCCOS, LOG, EULER, POWER	4.026e-15	46	58.7	nan	False	1 + Sqrt[3]/Pi - 36*ArcSec[Sqrt[3]]^2/Pi^3
433	Shapiro-Drinfeld cyclic sum constant	special	64	not found	12	PI, SIN, x, POWER, ARCCOS	PI, TAN, EXP, ARCCOS, LOG, EULER, POWER	4.026e-15	45	58.3	nan	False	ConditionalExpression[Extension`ShapiroDrinfeldCyclicSumConstant == \[FormalY]/2, \[FormalY] + \[FormalY]*E^(\[FormalX]/2) == (2 + \[FormalX])/E^(\[FormalX]/2) + \[FormalX]/(1 + E^(\[FormalX]/2)) && \[FormalX] + (1 + 2*E^(\[FormalX]/2))^(-1) == Log[(4*E^\[FormalX]*Cosh[\[FormalX]/4]^2)/(1 + 2*E^(\[FormalX]/2))] && -3/2 < \[FormalX] < -1/2 && 1/2 < \[FormalY] < 1]
434	fifth (of 10) decimal selvage number	none	64	false positive	7	x	SEVEN, ARCTAN, SIN, ARCTAN, SIN, SQR	0.000e+00	7999	58.0	19.6	True	
435	1-gamma-gamma(1), a constant related to the asymptotic expansion of j(n), the counting function of "jagged" numbers, whe	special	64	not found	12	PI, SIN, x, POWER, ARCCOS	PI, TAN, EXP, ARCCOS, LOG, EULER, POWER	4.026e-15	50	57.5	nan	False	1 - EulerGamma - StieltjesGamma[1]
436	common logarithm of π	elementary	64	exact	6	x, NEG, NINE, SUBTRACT, POWER	PI	0.000e+00	1323	57.0	64.0	True	Log10[Pi]
437	Half	rational	64	exact	3	x	TWO, INV	0.000e+00	49	0.0	64.0	True	1/2
438	birthday problem constant	rational	64	not found	12	PI, SIN, x, POWER, ARCCOS	PI, TAN, EXP, ARCCOS, LOG, EULER, POWER	4.026e-15	38	57.5	nan	False	38093904702297390785243708291056390518886454060947061/75091883268515350125426207425223147563269805908203125
439	A245781*Pi/2	none	64	not found	12	PI, SIN, x, POWER, ARCCOS	PI, TAN, EXP, ARCCOS, LOG, EULER, POWER	4.026e-15	38	57.5	nan	False	
440	sqrt(2 - sqrt(3)), edge length of a regular dodecagon with circumradius 1	none	64	exact	5	x, SQR, LOG, COSH	TWO	2.145e-16	11977	3.9	64.0	True	
441	a constant related to the asymptotic expansion of the smallest Lebesgue constant corresponding to an optimal interpolati	special	64	not found	12	PI, SIN, x, POWER, ARCCOS	PI, TAN, EXP, ARCCOS, LOG, EULER, POWER	4.026e-15	44	57.4	nan	False	2/Pi*(2*Log[2] - Log[Pi] + EulerGamma)
442	square line-picking constant	elementary	64	not found	12	PI, SIN, x, POWER, ARCCOS	PI, TAN, EXP, ARCCOS, LOG, EULER, POWER	4.026e-15	44	57.6	nan	False	(2 + 5*Log[1 + Sqrt[2]] + Sqrt[2])/15
443	sixth pi	elementary	64	exact	4	x	TWO, INV, ARCSIN	0.000e+00	401	0.0	64.0	True	Pi/6
444	Upper limit of backward value of 5^n	none	64	not found	12	PI, SIN, x, POWER, ARCCOS	PI, TAN, EXP, ARCCOS, LOG, EULER, POWER	4.026e-15	39	57.5	nan	False	
445	Mrs. Miniver's constant	none	64	not found	12	PI, SIN, x, POWER, ARCCOS	PI, TAN, EXP, ARCCOS, LOG, EULER, POWER	4.026e-15	59	57.8	nan	False	
446	Pythagorean triple constant for areas	special	64	exact	11	ONE, ARCSIN, SQRT, x, TIMES	TWO, LOG, SINH, GAMMA, SQR, INV	0.000e+00	49	57.6	64.0	True	Gamma[1/4]^2/Sqrt[2*Pi^5]
447	Otter's asymptotic constant beta for the number of unrooted trees	none	64	not found	12	PI, SIN, x, POWER, ARCCOS	PI, TAN, EXP, ARCCOS, LOG, EULER, POWER	4.026e-15	42	58.4	nan	False	
448	Product_{p odd prime} 1-2/(p*(p-1)), a constant related to Artin's conjecture in the context of quadratic fields	none	64	not found	12	PI, SIN, x, POWER, ARCCOS	PI, TAN, EXP, ARCCOS, LOG, EULER, POWER	4.026e-15	39	57.3	nan	False	
449	2*(2 - sqrt(3))	algebraic	64	exact	6	x	TWO, ARCCOSH, EXP, TWO, DIVIDE	0.000e+00	8224	3.7	64.0	True	2(2-Sqrt[3])
450	Li_3(1/2)	special	64	not found	12	PI, SIN, x, POWER, ARCCOS	PI, TAN, EXP, ARCCOS, LOG, EULER, POWER	4.026e-15	30	57.4	nan	False	PolyLog[3, 1/2]
451	'c', one of Polya's Random Walk constants, related to the asymptotics of the number of 3-D random walks starting from an	none	64	false positive	12	NINE, SIN, SIN, x, POWER	THREE, ARCCOSH, SIN, SINH, GOLDENRATIO, GAMMA, DIVIDE	3.500e-15	61	57.4	14.5	True	
452	Ioachimescu constant	special	64	not found	12	PI, SIN, x, POWER, ARCCOS	PI, TAN, EXP, ARCCOS, LOG, EULER, POWER	4.026e-15	30	57.5	nan	False	2 + Zeta[1/2]
453	cos one	elementary	64	exact	3	x	NEG, COS	0.000e+00	34	0.0	64.0	True	Cos[1]
454	value of the maximum of Dawson's integral D_+(x)	none	64	false positive	12	x, EXP, ARCTAN, TANH, INV	EULER, EXP, TANH, FIVE, COS, TIMES, ARCCOS	1.436e-15	102	57.4	14.7	True	
455	Landau constant upper limit	special	64	not found	12	PI, SIN, x, POWER, ARCCOS	PI, TAN, EXP, ARCCOS, LOG, EULER, POWER	4.026e-15	36	58.1	nan	False	(Gamma[1/3]*Gamma[5/6])/Gamma[1/6]
456	Pi^2/18	elementary	64	exact	7	x	PI, SIX, DIVIDE, SQR, TWO, DIVIDE	0.000e+00	31487	58.5	64.0	True	Pi^2/18
457	-ln gamma	special	64	not found	12	ONE, ARCSIN, x, TIMES, ARCSIN	TWO, SIN, SIX, SUBTRACT, COSH, COS, SINH	3.896e-15	33	58.5	14.9	True	-Log[EulerGamma]
458	coefficient c_m in c_m*log(N), the asymptotic mean number of factors in a random factorization of n <= N	none	64	not found	12	PI, SIN, x, POWER, ARCCOS	PI, TAN, EXP, ARCCOS, LOG, EULER, POWER	4.026e-15	35	57.7	nan	False	
459	probability that an integer triple is pairwise unitary coprime	none	64	not found	12	PI, SIN, x, POWER, ARCCOS	PI, TAN, EXP, ARCCOS, LOG, EULER, POWER	4.026e-15	31	58.1	nan	False	
460	Kuijlaars-Saff constant	special	64	not found	12	PI, SIN, x, POWER, ARCCOS	PI, TAN, EXP, ARCCOS, LOG, EULER, POWER	4.026e-15	54	58.3	nan	False	-1/2*(3^(3/4)*Zeta[1/2]*(Zeta[1/2, 1/3] - Zeta[1/2, 2/3]))/Sqrt[2*Pi]
461	smallest disk radius for which six equal disks can cover the unit disk	none	64	not found	12	PI, SIN, x, POWER, ARCCOS	PI, TAN, EXP, ARCCOS, LOG, EULER, POWER	4.026e-15	31	58.1	nan	False	
462	1-9/(4*Pi)+sqrt(3)/(2*Pi), an extreme value constant	elementary	64	exact	12	x, NEG, PLUS, PI, TIMES	FOUR, NINE, DIVIDE, TWO, ARCCOSH, TANH, SUBTRACT	0.000e+00	41	57.8	64.0	True	1 - 9/(4*Pi) + Sqrt[3]/(2*Pi)
463	value of the Buchstab function at phi + 2 = (5 + sqrt(5))/2 (A296184)	elementary	64	not found	12	PI, SIN, x, POWER, ARCCOS	PI, TAN, EXP, ARCCOS, LOG, EULER, POWER	4.026e-15	30	58.1	nan	False	(1 + 2*Log[GoldenRatio] + Log[GoldenRatio]^2 - Pi^2/60)/(GoldenRatio + 2)
464	reciprocal exponential of Euler γ	special	64	not found	12	PI, SIN, x, POWER, ARCCOS	PI, TAN, EXP, ARCCOS, LOG, EULER, POWER	4.026e-15	30	58.3	nan	False	E^(-EulerGamma)
465	one div root pi	elementary	64	exact	4	x	PI, INV, SQRT	0.000e+00	271	0.0	64.0	True	1/Sqrt[Pi]
466	Omega constant	special	64	not found	12	PI, SIN, x, POWER, ARCCOS	PI, TAN, EXP, ARCCOS, LOG, EULER, POWER	4.026e-15	37	55.1	nan	False	ProductLog[1]
467	infinite tetration of i absolute value	special	64	not found	12	PI, SIN, x, POWER, ARCCOS	PI, TAN, EXP, ARCCOS, LOG, EULER, POWER	4.026e-15	31	58.0	nan	False	Limit[Abs[Nest[I^#1 & , I, \[FormalN]]], \[FormalN] -> Infinity]
468	B, a constant appearing in an asymptotic formula related to the exponential divisor function sigma^(e)	none	64	not found	12	PI, SIN, x, POWER, ARCCOS	PI, TAN, EXP, ARCCOS, LOG, EULER, POWER	4.026e-15	33	58.0	nan	False	
469	(PolyGamma(1,(1+sqrt(5))/4)-PolyGamma(1,(3+sqrt(5))/4))/2	special	64	not found	12	PI, SIN, x, POWER, ARCCOS	PI, TAN, EXP, ARCCOS, LOG, EULER, POWER	4.026e-15	33	58.4	nan	False	(PolyGamma[1,(1+Sqrt[5])/4]-PolyGamma[1,(3+Sqrt[5])/4])/2
470	weakly carefree constant	special	64	not found	12	PI, SIN, x, POWER, ARCCOS	PI, TAN, EXP, ARCCOS, LOG, EULER, POWER	4.026e-15	28	58.0	nan	False	2*Product[1 - (-1 + 2*Prime[\[FormalK]])/Prime[\[FormalK]]^3, {\[FormalK], 1, Infinity}] - Product[1 - (-2 + 3*Prime[\[FormalK]])/Prime[\[FormalK]]^3, {\[FormalK], 1, Infinity}]
471	Product_{p prime > 2} 1-1/(p^2-3p+3), a constant related to I. M. Vinogradov's proof of the "ternary" Goldbach conjectur	none	64	not found	12	PI, SIN, x, POWER, ARCCOS	PI, TAN, EXP, ARCCOS, LOG, EULER, POWER	4.026e-15	31	58.7	nan	False	
472	eta_A, a constant associated with the asymptotics of the enumeration of labeled acyclic digraphs	none	64	not found	12	PI, SIN, x, POWER, ARCCOS	PI, TAN, EXP, ARCCOS, LOG, EULER, POWER	4.026e-15	31	57.9	nan	False	
473	Stephens' constant	special	64	not found	12	PI, SIN, x, POWER, ARCCOS	PI, TAN, EXP, ARCCOS, LOG, EULER, POWER	4.026e-15	31	58.6	nan	False	Product[1 - Prime[n]/(-1 + Prime[n]^3), {n, 1, Infinity}]
474	a constant related to the asymptotics of A005169	none	64	not found	12	PI, SIN, x, POWER, ARCCOS	PI, TAN, EXP, ARCCOS, LOG, EULER, POWER	4.026e-15	29	58.2	nan	False	
475	Euler gamma	special	64	not found	12	PI, SIN, x, POWER, ARCCOS	PI, TAN, EXP, ARCCOS, LOG, EULER, POWER	4.026e-15	37	58.4	nan	False	EulerGamma
476	3^(-1/2)	algebraic	64	exact	4	x	THREE, INV, SQRT	0.000e+00	391	0.0	64.0	True	3^(-1/2)
477	Pi/(2e)	none	64	exact	5	x	EULER, ONE, ARCSIN, DIVIDE	0.000e+00	1282	0.3	64.0	True	
478	k3, a Diophantine approximation constant such that the conjectured volume of the "critical parallelepiped" is 2^3*k3 (th	algebraic	64	exact	11	x, SEVEN, TIMES, LOG	SEVEN, PI, DIVIDE, COS, ONE, PLUS, ARCSINH	0.000e+00	41	57.6	64.0	True	8/7*Cos[2*Pi/7]*Cos[Pi/7]^2
479	asymptotic probability of success in one of the Secretary problems	none	64	not found	12	PI, SIN, x, POWER, ARCCOS	PI, TAN, EXP, ARCCOS, LOG, EULER, POWER	4.026e-15	32	58.1	nan	False	
480	Pell constant	special	64	not found	12	x, NINE, DIVIDE, TANH, ARCCOS	EULER, EXP, TANH, INV, SQRT, ARCCOSH, ARCTAN	3.688e-15	36	58.2	nan	False	1 - QPochhammer[1/2, 1/4]
481	gamma_3, a lattice sum constant, analog of Euler's constant for 3-dimensional lattices	none	64	false positive	12	x, INV, LOG, GAMMA, LOG	GOLDENRATIO, COS, FOUR, COS, SUBTRACT, ARCTANH, SQR	3.053e-15	33	58.4	14.5	True	
482	-zeta(1/2)/sqrt(2*Pi)	special	64	not found	12	PI, SIN, x, POWER, ARCCOS	PI, TAN, EXP, ARCCOS, LOG, EULER, POWER	4.026e-15	37	58.4	nan	False	-Zeta[1/2]/Sqrt[2*Pi]
483	first Kneser-Mahler polynomial constant	special	64	false positive	12	x, ARCSIN, SINH, TWO, SUBTRACT	SIX, TANH, SINH, NINE, TANH, ARCSIN, DIVIDE	3.046e-15	32	57.9	13.0	True	(2*Catalan)/Pi
484	Logarithmic capacity of the unit disk	special	64	exact	10	x, ONE, ARCTAN, SQRT, DIVIDE	TWO, LOG, SINH, GAMMA, SQR	1.881e-16	65	58.9	64.0	True	Gamma[1/4]^2/(4*Pi^(3/2))
485	Lehmer constant	special	64	not found	12	PI, SIN, x, POWER, ARCCOS	PI, TAN, EXP, ARCCOS, LOG, EULER, POWER	4.026e-15	29	59.6	nan	False	ConditionalExpression[Extension`LehmerConstant == Cot[Sum[(-1)^\[FormalK]*ArcCot[Subscript[\[FormalC], \[FormalK]]], {\[FormalK], 0, Infinity}]], Subscript[\[FormalC], 0] == 0 && Subscript[\[FormalC], \[FormalK]] == 1 + Subscript[\[FormalC], -1 + \[FormalK]] + Subscript[\[FormalC], -1 + \[FormalK]]^2]
487	Gompertz constant	special	64	not found	12	PI, SIN, x, POWER, ARCCOS	PI, TAN, EXP, ARCCOS, LOG, EULER, POWER	4.026e-15	28	59.7	nan	False	-(E*ExpIntegralEi[-1])
489	Champernowne base-3 constant	special	64	not found	12	PI, SIN, x, POWER, ARCCOS	PI, TAN, EXP, ARCCOS, LOG, EULER, POWER	4.026e-15	33	58.5	nan	False	ChampernowneNumber[3]
490	second lemniscate constant	special	64	exact	11	ONE, ARCSIN, SQRT, x, TIMES	FOUR, INV, GAMMA, PI, DIVIDE, SQR	0.000e+00	37	58.3	64.0	True	Gamma[3/4]^2/Sqrt[2*Pi]
491	sqrt(13)/6	algebraic	64	exact	6	x, ARCTAN	SEVEN, SIX, DIVIDE, ARCCOS	0.000e+00	5637	3.7	64.0	True	Sqrt[13] / 6
492	log10(4)	elementary	64	exact	6	x, THREE, ARCSINH, COSH, POWER	TWO	0.000e+00	2106	57.5	64.0	True	Log[10, 4]
493	G(1/2) where G is the Barnes G-function	special	64	not found	12	PI, SIN, x, POWER, ARCCOS	PI, TAN, EXP, ARCCOS, LOG, EULER, POWER	4.026e-15	31	59.3	nan	False	BarnesG[1/2]
494	sum_{n>=1} 1/(n binomial(2n, n))	elementary	64	exact	7	x	THREE, THREE, POWER, SQRT, PI, DIVIDE	0.000e+00	16415	58.4	64.0	True	Pi/(3*Sqrt[3])
495	QRS constant	special	64	not found	12	PI, SIN, x, POWER, ARCCOS	PI, TAN, EXP, ARCCOS, LOG, EULER, POWER	4.026e-15	31	58.5	nan	False	Root[{Zeta[1/2, #1/2] & , 0.605443657196732749478922842447`29.782073733759695}]
496	exp minus half	elementary	64	exact	4	x	EULER, INV, SQRT	0.000e+00	344	0.0	64.0	True	Exp[-1/2]
497	6/Pi^2	elementary	64	exact	5	x	PI, SQR, SIX, DIVIDE	0.000e+00	1614	0.4	64.0	True	6/Pi^2
498	Sum{p prime>=2} log(p)/(p^2-p+1)	none	64	not found	12	PI, SIN, x, POWER, ARCCOS	PI, TAN, EXP, ARCCOS, LOG, EULER, POWER	4.026e-15	29	58.1	nan	False	
499	Neville five disk constant	algebraic	64	not found	12	PI, SIN, x, POWER, ARCCOS	PI, TAN, EXP, ARCCOS, LOG, EULER, POWER	4.026e-15	31	58.7	nan	False	Root[625 - 800*\[FormalX] + 22*\[FormalX]^2 - 1776*\[FormalX]^3 + 1665*\[FormalX]^4 + 1360*\[FormalX]^5 - 3480*\[FormalX]^6 + 2112*\[FormalX]^7 + 1296*\[FormalX]^8, \[FormalX], 3]
500	strongly triple-free set constant	none	28	not found	12	PI, SIN, x, POWER, ARCCOS	PI, TAN, EXP, ARCCOS, LOG, EULER, POWER	4.026e-15	29	58.9	nan	False	
501	best lower bound for the Steiner ratio rho_3, the least upper bound on the ratio of the length of the Steiner minimal tr	none	64	not found	12	PI, SIN, x, POWER, ARCCOS	PI, TAN, EXP, ARCCOS, LOG, EULER, POWER	4.026e-15	38	58.4	nan	False	
502	(1/16)*Pi^2	special	64	exact	4	x	NEG, ARCTAN, SQR	0.000e+00	242	0.0	64.0	True	Gamma[3/2]^4
503	-1/(e^2 Ei(-1)), an increasing rooted tree enumeration constant associated with the Euler-Gompertz constant, where Ei is	special	64	not found	12	PI, SIN, x, POWER, ARCCOS	PI, TAN, EXP, ARCCOS, LOG, EULER, POWER	4.026e-15	28	58.0	nan	False	-1/(E^2*ExpIntegralEi[-1])
504	Lenz-Ising constant	elementary	64	exact	12	x, ONE, ARCTAN, SUBTRACT, EXP	ONE, ARCSINH, EULER, TIMES, EIGHT, SQRT, DIVIDE	0.000e+00	30	60.2	64.0	True	1 + Pi/4 + Log[(Log[1 + Sqrt[2]]*Sqrt[2])/4]
505	Cbrt[3/4π]	elementary	64	exact	7	THREE, x, POWER, INV, TAN	THREE, SQRT	0.000e+00	2364	59.2	64.0	True	CubeRoot[3/(4*Pi)]
506	1/(theta*P'(theta)), a constant appearing in the asymptotic evaluation of the coefficients q_n in 1/(1+P(x)), where P(x)	none	64	not found	12	PI, SIN, x, POWER, ARCCOS	PI, TAN, EXP, ARCCOS, LOG, EULER, POWER	4.026e-15	31	59.7	nan	False	
507	'kappa', an asymptotic enumeration constant related to unit interval graphs	none	64	not found	12	PI, SIN, x, POWER, ARCCOS	PI, TAN, EXP, ARCCOS, LOG, EULER, POWER	4.026e-15	28	59.4	nan	False	
508	Golomb–Dickman constant	special	64	not found	12	PI, SIN, x, POWER, ARCCOS	PI, TAN, EXP, ARCCOS, LOG, EULER, POWER	4.026e-15	28	59.3	nan	False	Integrate[E^LogIntegral[\[FormalX]], {\[FormalX], 0, 1}]
509	constant in Kac's formula	none	64	not found	12	PI, SIN, x, POWER, ARCCOS	PI, TAN, EXP, ARCCOS, LOG, EULER, POWER	4.026e-15	28	60.0	nan	False	
510	'lambda', a constant such that exp(lambda*Pi) is the best-known upper bound (as given by Julian Gevirtz) of the John con	none	64	not found	12	PI, SIN, x, POWER, ARCCOS	PI, TAN, EXP, ARCCOS, LOG, EULER, POWER	4.026e-15	28	59.0	nan	False	
511	Davison-Shallit constant	special	64	not found	12	PI, SIN, x, POWER, ARCCOS	PI, TAN, EXP, ARCCOS, LOG, EULER, POWER	4.026e-15	28	59.8	nan	False	ConditionalExpression[Extension`DavisonShallitConstant == Sum[(-1)^\[FormalK]/(Subscript[\[FormalQ], \[FormalK]]*Subscript[\[FormalQ], 1 + \[FormalK]]), {\[FormalK], 0, Infinity}], Subscript[\[FormalQ], 0] == 1 && Subscript[\[FormalQ], 1] == 1 && Subscript[\[FormalQ], \[FormalK]] == Subscript[\[FormalQ], -2 + \[FormalK]]*(1 + Subscript[\[FormalQ], -1 + \[FormalK]])]
512	rayleigh skewness	elementary	64	exact	12	THREE, x, ARCCOS, DIVIDE, TAN	ONE, ARCSIN, EIGHT, SIN, ARCCOS, DIVIDE, SQRT	0.000e+00	34	58.7	64.0	True	2*Sqrt[Pi]*(Pi - 3)/(4 - Pi)^(3/2)
513	1 - 1/e	elementary	64	exact	5	x	EULER, INV, ONE, SUBTRACT	0.000e+00	1032	0.4	64.0	True	1 - 1/E
514	Hardy-Littlewood constant Product_{p prime >= 5} (1-(3*p-1)/(p-1)^3)	none	64	not found	12	PI, SIN, x, POWER, ARCCOS	PI, TAN, EXP, ARCCOS, LOG, EULER, POWER	4.026e-15	28	59.6	nan	False	
515	Buffon constant	elementary	64	exact	4	x	ONE, ARCSIN, INV	0.000e+00	457	0.0	64.0	True	2/Pi
516	(2^(1/3)-1)^(1/3)	algebraic	64	exact	9	THREE, x, POWER	THREE, INV, TWO, POWER, NEG, PLUS	0.000e+00	149	59.4	64.0	True	Power[Power[2, (3)^-1] - 1, (3)^-1]
517	an analog of the Landau-Ramanujan constant for Loeschian numbers	none	64	not found	12	SEVEN, ARCTAN, ARCSINH, x, DIVIDE	SEVEN, TAN, SIN, SQRT, TAN, ARCCOSH, ARCTAN	2.047e-14	0	59.4	13.7	True	
518	first non-alternating series of reciprocal primes constant	special	64	not found	12	GOLDENRATIO, INV, x, INV, SUBTRACT	SIX, COS, GOLDENRATIO, ARCCOSH, GAMMA, POWER, SQR	5.409e-14	0	59.4	13.3	True	Sum[Piecewise[{{-1, Mod[Prime[\[FormalK]], 3] == 1}, {1, Mod[Prime[\[FormalK]], 3] == 2}}, 0]/Prime[\[FormalK]], {\[FormalK], 1, Infinity}]
519	Cahen's constant	special	64	not found	12	x, COSH, TAN, TWO, POWER	EULER, SINH, SEVEN, POWER, ARCTAN, EIGHT, SUBTRACT	3.721e-14	0	59.0	13.4	True	ConditionalExpression[Extension`CahenConstant == Sum[(-1)^\[FormalK]/(-1 + \[FormalS][\[FormalK]]), {\[FormalK], 0, Infinity}], \[FormalS][0] == 2 && \[FormalS][\[FormalN]] == 1 - \[FormalS][-1 + \[FormalN]] + \[FormalS][-1 + \[FormalN]]^2 && \[FormalS][\[FormalN]] == 1 + Product[\[FormalS][\[FormalK]], {\[FormalK], 0, -1 + \[FormalN]}]]
520	a constant related to a conjectured value of the Masser-Gramain constant	special	64	not found	12	x, EULER, GAMMA, DIVIDE, SQRT	GOLDENRATIO, ARCCOSH, GAMMA, SIX, PLUS, TANH, TAN	5.988e-15	0	58.9	14.2	True	Pi/4*(2*EulerGamma + 2*Log[2] + 3*Log[Pi] - 4*Log[Gamma[1/4]])
521	Integral_{x=0..Infinity} sin(x)/(x^2+1) dx	none	64	not found	12	EULER, COSH, TANH, x, POWER	NINE, TANH, SINH, EIGHT, POWER, SIN, COS	4.635e-15	0	59.1	14.2	True	
522	unit-diameter hexagon area	algebraic	64	exact	6	x	THREE, TWO, ARCCOSH, TANH, POWER	1.709e-16	5763	3.6	64.0	True	(3*Sqrt[3])/8
523	Maximal unitary square-free divisor sum constant	none	64	not found	12	x, ARCSIN, SINH, TAN, TANH	SEVEN, EULER, ARCSINH, POWER, LOG, LOG, INV	1.762e-13	3	58.5	12.8	True	
524	delta = (1+alpha)/4, a constant appearing in Koecher's formula for Euler's gamma constant, where alpha is A065442, the E	none	64	not found	12	SIX, SQRT, x, TIMES, SQR	NEG, ARCTAN, ARCSIN, SQR, THREE, SQRT, PLUS	4.035e-14	0	59.2	13.4	True	
525	negative of Granville-Soundararajan constant	special	64	not found	12	EULER, SINH, COS, x, DIVIDE	EULER, TANH, ARCCOS, SIX, SUBTRACT, ARCTAN, COSH	5.998e-14	0	59.4	13.2	True	-(4*PolyLog[2, -Sqrt[E]] + Pi^2/3 + 1)
526	harmonic power tower even term limit	special	64	not found	12	SEVEN, COS, x, DIVIDE, SINH	GOLDENRATIO, PI, FIVE, PLUS, ARCCOSH, DIVIDE, SIN	1.399e-13	0	59.5	12.9	True	Limit[Fold[(1/#2)^#1 & , 1, Table[\[FormalI], {\[FormalI], 2*\[FormalN], 2, -1}]], \[FormalN] -> Infinity]
527	escape probability for a random walk on the 3-D cubic lattice (a Polya random walk constant)	none	64	not found	12	x, TAN, EULER, SQRT, DIVIDE	FIVE, EIGHT, SQR, SIN, POWER, PI, POWER	2.837e-14	4	59.9	13.6	True	
528	Twin primes constant	special	64	not found	12	x, SEVEN, POWER, ARCCOSH, INV	EIGHT, COS, FIVE, SINH, POWER, ARCTAN, SINH	1.114e-14	1	59.6	13.9	True	Product[1 - (-1 + Prime[\[FormalK]])^(-2), {\[FormalK], 2, Infinity}]
529	Feller–Tornier constant	special	64	not found	12	x, EXP, EXP, COS, TAN	SIX, SIN, GAMMA, GOLDENRATIO, POWER, SQR, EXP	1.469e-13	1	60.1	12.8	True	1/2 + Product[1 - 2/Prime[n]^2, {n, 1, Infinity}]/2
530	Robbins constant	elementary	64	not found	12	x, EIGHT, PLUS, EXP, COS	EULER, SQR, FIVE, ARCSINH, TAN, SUBTRACT, TANH	7.840e-15	2	59.3	14.2	True	(4 + 17*Sqrt[2] - 6*Sqrt[3] - 7*Pi)/105 + Log[1 + Sqrt[2]]/5 + (2*Log[2 + Sqrt[3]])/5
531	Laplace limit	special	64	not found	12	x, SINH, TAN, TAN, SINH	FIVE, TAN, COSH, COS, EXP, SINH, GAMMA	9.638e-14	1	60.6	13.0	True	Root[{-1 + E^Sqrt[1 + #1^2]*#1 - Sqrt[1 + #1^2] & , 0.6627434193491815809747420971092529070562335491150224175204`30.}]
532	twothirds	rational	64	exact	4	x	THREE, TWO, DIVIDE	0.000e+00	478	0.0	64.0	True	2/3
533	3/2 - gamma / log(2), a coin tossing constant related to the asymptotic evaluation of the expected length of the longest	special	64	not found	12	x, THREE, SINH, DIVIDE, SIN	FOUR, SIN, FIVE, TANH, SUBTRACT, INV, TAN	4.573e-14	0	59.5	13.3	True	3/2 - EulerGamma/Log[2]
534	Shanks constant	special	64	not found	12	THREE, EXP, COS, x, SUBTRACT	FOUR, ARCSINH, ARCSINH, SQRT, COSH, GAMMA, ARCCOS	3.688e-14	1	60.3	13.4	True	(Pi^2*Product[Piecewise[{{((1 - 4/Prime[\[FormalK]])*(1 + Prime[\[FormalK]])^2)/(-1 + Prime[\[FormalK]])^2, Mod[Prime[\[FormalK]], 8] == 1}}, 1], {\[FormalK], 1, Infinity}])/(16*Log[1 + Sqrt[2]])
535	sqrt(3)/(4 - sqrt(2))	algebraic	64	exact	8	x	TWO, SQRT, FOUR, SUBTRACT, THREE, SQRT, DIVIDE	1.657e-16	792	60.1	64.0	True	Sqrt[3]/(4-Sqrt[2])
536	gamma_2, a lattice sum constant, analog of Euler's constant for two-dimensional lattices	none	64	not found	12	x, SINH, ARCTANH, TAN, TAN	THREE, TAN, SEVEN, SIN, EXP, SINH, SUBTRACT	3.450e-14	0	60.1	13.5	True	
537	probable error constant	special	64	not found	12	x, SQR, COS, NINE, POWER	EULER, SINH, COSH, INV, COS, SQR, ARCTANH	3.090e-14	0	59.8	11.4	True	InverseErf[1/2]*Sqrt[2]
538	Graham biggest little hexagon area	algebraic	64	not found	12	x, SIN, GAMMA, SINH, GAMMA	TWO, ARCCOSH, GOLDENRATIO, SUBTRACT, SQR, COS, SQR	5.523e-14	0	59.8	13.3	True	Root[11993 - 78488*#1 + 144464*#1^2 + 1232*#1^3 - 221360*#1^4 + 146496*#1^5 + 21056*#1^6 - 30848*#1^7 - 3008*#1^8 + 8192*#1^9 + 4096*#1^10 & , 5]
539	generalized Euler constant gamma(1,3)	special	64	not found	12	x, TAN, COSH, SINH, LOG	SEVEN, ARCCOSH, SQRT, NEG, ARCTAN, PLUS, ARCCOS	8.040e-15	0	59.9	14.1	True	EulerGamma/3 + Pi*Sqrt[3]/18 + Log[3]/6
540	Taniguchi constant	special	64	not found	12	x, ARCSINH, ARCCOS, ARCTANH, ARCSINH	EULER, GAMMA, EULER, ARCTAN, ARCTAN, GAMMA, POWER	8.294e-15	0	60.1	14.1	True	Product[1 - Prime[n]^(-6) + Prime[n]^(-5) + 2/Prime[n]^4 - 3/Prime[n]^3, {n, 1, Infinity}]
541	1 - 1/Pi	elementary	64	exact	5	x	PI, INV, ONE, SUBTRACT	1.629e-16	1482	0.4	64.0	True	1 - 1/Pi
542	positive solution to the equation x/(1-x) = 1+log(1/(1-x)), an auxiliary constant associated with the problem of enumera	none	64	not found	12	x, TANH, ARCTAN, SIN, TAN	NINE, TAN, THREE, INV, SIN, SQR, SUBTRACT	2.613e-14	0	60.1	13.6	True	
543	log e^(π/2)	elementary	64	exact	8	x	THREE, ARCTAN, COS, LOG, NEG, ARCTAN, DIVIDE	0.000e+00	1882	60.0	64.0	True	Log10[E^(Pi/2)]
544	one div cbrt pi	elementary	64	exact	5	THREE, x, POWER	PI, INV	0.000e+00	886	0.3	64.0	True	Pi^(-1/3)
545	least x>0 having sin(4x) = (sin x)^2	none	64	not found	12	x, ARCSIN, ARCTANH, ARCSIN, LOG	PI, SIX, PLUS, COSH, SIN, SQR, ARCTAN	1.101e-14	0	59.9	13.1	True	
546	Integral_{x=0..1} log(floor(1/x))/(1+x) dx	special	64	not found	12	x, LOG, ARCTANH, TAN, SQR	EULER, GAMMA, TANH, INV, ARCCOSH, SQR, ARCTAN	3.946e-14	0	60.2	13.4	True	Log[2]*Log[Khinchin]
547	-x, the real root of the equation 0 = 1 + Sum_{k>=1} prime(k) x^k. The inverse of Backhouse's constant (A072508)	none	64	not found	12	x, ARCCOS, ARCTANH, SQR, LOG	PI, LOG, TANH, INV, ARCSINH, ARCCOSH, TAN	2.600e-14	0	60.1	13.6	True	
548	harmonic power tower odd term limit	special	64	not found	12	FOUR, LOG, LOG, x, SUBTRACT	GOLDENRATIO, COSH, SQR, ARCSINH, INV, ARCSINH, SIN	1.032e-13	0	59.9	13.0	True	Limit[Fold[(1/#2)^#1 & , 1, Table[\[FormalI], {\[FormalI], 1 + 2*\[FormalN], 2, -1}]], \[FormalN] -> Infinity]
549	reciprocal of Steiner number	elementary	64	exact	5	x	EULER, INV, EXP, INV	0.000e+00	1570	0.3	64.0	True	E^(-E^(-1))
550	Sum_{k=1..50000} (-1)^(k+1) / k	special	64	false positive	12	x, EXP, EIGHT, DIVIDE, SQR	FIVE, FIVE, POWER, INV, FOUR, SQR, PLUS	1.922e-15	1	58.4	14.7	True	Sum[(-1)^(k + 1)/k, {k, 1, 50000}]
551	Natural logarithm of 2	elementary	64	exact	3	x	TWO, LOG	0.000e+00	39	0.0	64.0	True	Log[2]
552	rank-2 Artin constant	special	64	not found	12	x, INV, ARCCOSH, ARCCOS, ARCTANH	FOUR, THREE, SIN, GAMMA, SUBTRACT, ARCCOSH, LOG	2.021e-14	0	58.3	13.7	True	Product[1 - 1/((-1 + Prime[\[FormalK]])*Prime[\[FormalK]]^2), {\[FormalK], 1, Infinity}]
553	First continued fraction constant	special	64	not found	12	x, SIN, INV, COSH, COSH	GOLDENRATIO, THREE, NINE, EXP, SUBTRACT, ARCSINH, DIVIDE	4.623e-14	0	58.7	13.3	True	BesselI[1, 2]/BesselI[0, 2]
554	log10(5)	elementary	64	exact	6	x, NEG, NINE, SUBTRACT, POWER	FIVE	0.000e+00	1533	58.1	64.0	True	Log[10, 5]
555	probability that a point of an infinite (rooted) tree is fixed by every automorphism of the tree	none	64	false positive	12	THREE, x, POWER, ARCCOS, LOG	NINE, THREE, ARCSINH, GOLDENRATIO, TIMES, ARCSINH, DIVIDE	3.015e-15	1	58.5	14.5	True	
558	Integral_{x = 1..infinity} 1/x^x dx	none	64	not found	12	x, SIN, FOUR, DIVIDE, COS	SEVEN, SQRT, LOG, TAN, PI, TANH, POWER	5.811e-15	0	58.6	14.2	True	
559	carefree product constant	special	64	not found	12	THREE, x, SQRT, SUBTRACT, TAN	THREE, TAN, COS, GAMMA, COSH, ARCSINH, SQR	3.275e-14	0	58.6	13.5	True	Product[1 - 1/(Prime[\[FormalK]]*(1 + Prime[\[FormalK]])), {\[FormalK], 1, Infinity}]
560	rectilinear crossing constant	elementary	64	exact	9	x, ONE, SUBTRACT	PI, SQR, SIX, LOG, SINH, DIVIDE	0.000e+00	221	57.8	64.0	True	1 - 35/(12*Pi^2)
561	'C' (as designated by D. Shanks), a constant appearing in the second order term of the asymptotic expansion of the numbe	none	64	not found	12	x, ARCTANH, TWO, DIVIDE, COS	GOLDENRATIO, COSH, GOLDENRATIO, ARCSINH, DIVIDE, TAN, LOG	5.547e-14	0	58.7	13.3	True	
562	K, a constant arising in the analysis of the binary Euclidean algorithm	none	40	not found	12	x, TAN, GAMMA, INV, TANH	SEVEN, SINH, TAN, SIN, PI, POWER, ARCSINH	1.712e-14	0	58.1	11.4	True	
563	sqrt(1/2)	algebraic	64	exact	4	x	NEG, ARCTAN, COS	0.000e+00	616	0.0	64.0	True	1/Sqrt[2]
564	rabbit constant	special	64	not found	12	x, THREE, INV, SUBTRACT, ARCCOS	SEVEN, COS, SIX, SINH, SIN, GAMMA, DIVIDE	5.796e-14	0	58.5	13.5	True	Sum[2^(-Floor[\[FormalK]*GoldenRatio]), {\[FormalK], 1, Infinity}]
565	generalized Euler constant gamma(1,4)	special	64	not found	12	x, THREE, PLUS, SQR, TAN	FOUR, TANH, ONE, SIN, SINH, POWER, EXP	2.011e-14	0	58.4	13.7	True	EulerGamma/4 + Pi/8 + Log[2]/4
566	Hopf constant	special	64	not found	12	x, FOUR, LOG, ARCCOSH, POWER	SIX, TANH, ARCSINH, GAMMA, COS, EXP, GAMMA	7.587e-14	0	58.3	13.1	True	6/Pi^2 + Integrate[3/\[FormalTheta]^2 - (1 - \[FormalTheta]*Cot[\[FormalTheta]])^(-1), {\[FormalTheta], 0, Pi/2}]/Pi
567	1/(phi*log(4 - phi))	elementary	64	exact	8	x	GOLDENRATIO, GOLDENRATIO, FOUR, SUBTRACT, POWER, LOG, INV	0.000e+00	1518	58.2	64.0	True	(GoldenRatio Log[4-GoldenRatio])^(-1)
568	Traveling Salesman constant	algebraic	64	exact	12	THREE, ARCCOSH, TANH, x, DIVIDE	TWO, SQRT, ARCTAN, FOUR, ARCTAN, PLUS, SIN	1.553e-16	1	58.3	64.0	True	4/153*(1 + 2*Sqrt[2])*Sqrt[51]
569	e^(-1/3)	elementary	64	exact	5	x	THREE, INV, EXP, INV	0.000e+00	2533	0.4	64.0	True	E^(-1/3)
570	constant appearing in the expected number of comparisons for a successful digital tree search (negated)	none	64	not found	12	EIGHT, COSH, x, TIMES, COS	GOLDENRATIO, FOUR, DIVIDE, COS, EIGHT, PLUS, TANH	7.631e-14	0	58.4	13.1	True	
571	1/(2 log 2)	elementary	64	exact	4	x	FOUR, LOG, INV	0.000e+00	164	0.0	64.0	True	1/(2Log[2])
572	k2, a Diophantine approximation constant such that the area of the "critical parallelogram" (in this case a square) is 4	algebraic	64	exact	5	x	FIVE, SQRT, GOLDENRATIO, DIVIDE	0.000e+00	2046	0.4	64.0	True	(1+1/Sqrt[5])/2
573	Sarnak constant	special	64	not found	12	x, ARCSINH, TWO, COSH, POWER	SEVEN, SEVEN, ARCCOSH, DIVIDE, PI, POWER, COSH	6.266e-14	0	57.9	13.2	True	Product[1 - (2 + Prime[\[FormalK]])/Prime[\[FormalK]]^3, {\[FormalK], 2, Infinity}]
574	Langford constant	elementary	64	not found	12	x, TAN, GOLDENRATIO, TANH, PLUS	THREE, TANH, EULER, INV, ARCCOS, DIVIDE, COSH	1.205e-13	0	59.0	12.9	True	97/150 + Pi/40
575	constant that appears in the asymptotic formula for average order of the infinitary divisors sum function (A049417)	none	64	not found	12	x, ARCSIN, SQR, SINH, SINH	THREE, EXP, TAN, ARCSINH, ARCTAN, SIN, ARCSINH	1.004e-13	0	58.4	13.0	True	
576	a constant related to the asymptotic evaluation of Product_{p prime congruent to 1 modulo 4} (1 + 1/p)	none	64	not found	12	x, ARCSIN, ARCTANH, GAMMA, COS	PI, GAMMA, EIGHT, TANH, TANH, POWER, ARCTANH	1.069e-13	0	58.9	13.0	True	
577	sum_{n>=1} 1/binomial(2n, n)	elementary	64	exact	10	THREE, x, NINE, TIMES, SUBTRACT	TWO, ARCCOSH, TANH, PI, DIVIDE	0.000e+00	50	57.8	64.0	True	1/3 + 2*Sqrt[3]*Pi/27
579	1/Gamma(2/3)	special	64	exact	6	x	THREE, TWO, DIVIDE, GAMMA, INV	0.000e+00	2625	3.6	64.0	True	1/Gamma[2/3]
580	Dottie number	special	64	not found	12	FOUR, COS, x, PLUS, ARCSINH	FIVE, ONE, ARCSIN, SIX, COS, DIVIDE, POWER	1.099e-14	0	54.8	14.0	True	Root[{Cos[#1] - #1 & , 0.7390851332151606416553120876738734040134117589007574649656`30.}]
581	densest spatial packing of spheres constant	elementary	64	exact	7	x	THREE, ARCCOSH, TANH, ONE, ARCTAN, TIMES	0.000e+00	18655	58.4	64.0	True	Pi/(3*Sqrt[2])
582	Rosser constant	special	64	not found	12	x, EXP, SIX, ARCCOSH, POWER	FOUR, ARCTAN, ARCTAN, THREE, ARCCOSH, DIVIDE, EXP	7.981e-14	0	58.4	13.1	True	(8*Catalan)/Pi^2
583	Sarnak product constant	special	64	false positive	12	x, TAN, SINH, SQRT, EXP	FOUR, ARCCOSH, PI, PLUS, PI, TIMES, LOG	2.238e-15	1	58.2	14.6	True	(5*Pi^2*Product[1 - (2 + Prime[\[FormalK]])/Prime[\[FormalK]]^3, {\[FormalK], 2, Infinity}])/48
584	s_4, a 4-dimensional Steiner ratio analog	none	64	not found	12	x, TAN, COSH, COSH, LOG	THREE, COS, COSH, SIN, SIN, TANH, ARCCOS	1.809e-14	0	58.5	13.7	True	
585	B, the coefficient of n*log(n)^2 in the asymptotic formula of Ramanujan for Sum_{k=1..n} (d(k)^2), where d(k) is the num	none	64	not found	12	x, SQRT, TAN, SINH, ARCTAN	NINE, INV, GOLDENRATIO, GAMMA, ARCTAN, COS, POWER	3.125e-13	0	58.6	12.5	True	
586	Rényi parking constant	special	64	not found	12	x, FOUR, SINH, POWER, COS	THREE, TANH, THREE, TIMES, COS, SQR, TANH	4.342e-14	0	60.0	13.4	True	Integrate[Exp[-2*(EulerGamma + Gamma[0, \[FormalT]] + Log[\[FormalT]])], {\[FormalT], 0, Infinity}]
587	exp(-gamma/2)	special	64	not found	12	x, SQR, FIVE, POWER, INV	EIGHT, SQR, SIN, COSH, GOLDENRATIO, SUBTRACT, SQRT	1.949e-14	0	59.1	13.7	True	Exp[-EulerGamma/2]
588	three quarters	rational	64	exact	4	x	TWO, LOG, SINH	0.000e+00	421	0.0	64.0	True	3/4
589	pi^(-1/4)	elementary	64	exact	5	x	PI, INV, SQRT, SQRT	0.000e+00	1392	0.3	64.0	True	Pi^(-1/4)
590	Sum_{n>=1} (-1)^(n-1)*H(n)/n^2, where H(n) is the n-th harmonic number	special	64	not found	12	x, ARCSIN, SINH, ARCSIN, INV	SIX, ARCCOSH, INV, FOUR, PLUS, TANH, ARCTAN	1.941e-13	0	59.7	12.7	True	5*Zeta[3]/8
591	linear asymptotic constant B in Sum_{k=1..n} 1/A000688(k) = ~B*n + 	none	64	not found	12	x, EULER, COSH, DIVIDE, TAN	THREE, COSH, ARCTAN, LOG, SQRT, COSH, INV	1.080e-13	0	59.4	13.0	True	
592	Flajolet-Odlyzko constant	special	64	not found	12	x, SINH, ARCSIN, ARCSIN, INV	THREE, TAN, TANH, COSH, ARCTAN, ARCTAN, SINH	9.720e-15	0	59.7	14.0	True	2*Integrate[1 - E^(ExpIntegralEi[-\[FormalT]]/2), {\[FormalT], 0, Infinity}]
593	constant appearing in the variance for inserting in a digital tree	special	64	false positive	8	x	FOUR, LOG, INV, FIVE, GAMMA, INV, PLUS	0.000e+00	488	58.5	22.7	True	1/Log[4] + 1/24 + (4*Pi^2/Log[2]^2)*Sum[DivisorSigma[1, n]*Exp[-4*Pi^2*n/Log[2]], {n, 1, 6}]
594	Landau-Ramanujan constant	special	64	false positive	12	TWO, x, SUBTRACT, SEVEN, POWER	THREE, PI, SQR, COS, DIVIDE, SQR, ARCTAN	2.179e-15	2	59.0	14.8	True	Product[((4^2^\[FormalK]*(1 - 2^(-2^\[FormalK]))*Zeta[2^\[FormalK]])/(Zeta[2^\[FormalK], 1/4] - Zeta[2^\[FormalK], 3/4]))^2^(-1 - \[FormalK]), {\[FormalK], 1, Infinity}]/Sqrt[2]
595	analog of the Mertens constant B_2 in the asymptotic series for the variance of the number of prime factors Omega	none	64	not found	12	x, ARCSINH, TAN, ARCSIN, COSH	GOLDENRATIO, ARCCOSH, EIGHT, TAN, SUBTRACT, TAN, ARCTAN	3.559e-14	0	59.0	13.4	True	
596	binary Liouville number	special	64	exact	11	EIGHT, SQR, x, TIMES	SIX, EIGHT, POWER, INV, SEVEN, SQR, PLUS	0.000e+00	3	59.2	36.0	True	Sum[1/2^(n!), {n, Infinity}]
597	-x, where x is the negative solution to the equation 2^x = x^2	none	64	not found	11	x, ARCTAN, ARCTAN, INV, TAN	SEVEN, TWO, ARCCOSH, GAMMA, COS, SUBTRACT	7.778e-14	0	58.9	13.1	True	
598	Sum_{k>1} 1/(k*(k-1)*zeta(k)), a constant related to Niven's constant	none	64	not found	12	x, TAN, GAMMA, SQR, EXP	EULER, COS, TAN, FOUR, EXP, ARCTAN, SUBTRACT	5.768e-14	0	58.7	13.2	True	
599	C = 2^(1/3)*e^(1/4)/A^3, a constant associated with the Gaudin-Mehta probability distribution and the Glaisher-Kinkelin 	special	64	not found	11	x, NINE, ARCSINH, POWER	EIGHT, ARCCOSH, ARCTAN, GOLDENRATIO, ARCTAN, EXP, DIVIDE	1.158e-14	0	59.7	13.9	True	2^(1/3)*E^(1/4)/Glaisher^3
600	trace of the Ruelle-Mayer linear operator G_2	none	64	not found	12	x, EXP, SIN, ARCSINH, TAN	FIVE, LOG, INV, TAN, EXP, SIN, SQRT	1.652e-14	0	58.5	13.8	True	
601	Sum_{p prime} 1/(p*(p-1))	none	64	not found	11	x, SINH, INV, ARCSINH	SEVEN, SIN, SQR, EXP, COSH, ARCSINH, SIN	5.815e-14	0	58.5	13.2	True	
602	Flajolet-Martin constant	special	64	not found	12	PI, x, DIVIDE, GAMMA, TAN	SEVEN, TAN, SIX, SINH, LOG, COS, POWER	2.094e-14	0	58.3	13.7	True	(E^EulerGamma*Product[(1 + 1/(2*\[FormalK]))^(-1)^Mod[DigitCount[\[FormalK], 2, 1], 2], {\[FormalK], 1, Infinity}])/Sqrt[2]
603	Pi*G - 7*zeta(3)/4, where G = A006752	special	64	not found	12	PI, ARCSINH, x, POWER, SQRT	SIX, SIN, GAMMA, SIN, GAMMA, SQRT, ARCTAN	1.063e-13	1	58.5	13.0	True	Pi Catalan-7Zeta[3]/4
604	lambda_3, an analog of the Stolarsky-Harborth constant for the number of elements not divisible by 3 in Pascal's triangl	none	64	exact	10	x, TWO, TIMES	THREE, LOG, TWO, LOG, DIVIDE, TWO, POWER	0.000e+00	228	59.0	64.0	True	
605	strongly carefree product constant	special	64	not found	12	x, ARCSIN, EIGHT, TIMES, TAN	EULER, COSH, PI, GAMMA, EXP, DIVIDE, ARCSINH	1.008e-13	0	59.3	13.0	True	Product[1 - (1 + Prime[\[FormalK]])^(-2), {\[FormalK], 1, Infinity}]
606	Bender r constant	none	51	not found	12	x, SIN, COS, SQR, ARCCOS	NINE, COS, SIN, COS, ARCSIN, ARCSIN, SQRT	2.607e-14	0	58.9	13.6	True	
607	hypercube line-picking constant	special	64	not found	12	x, TAN, SIX, POWER, SINH	GOLDENRATIO, SIN, ARCTANH, FIVE, ARCTAN, TIMES, EXP	1.368e-14	0	58.7	13.9	True	(-644 + 1344*Catalan + 3744*ArcCsch[Sqrt[2]] + 270*ArcSinh[1] - 3024*Im[PolyLog[2, I*(3 - 2*Sqrt[2])]] + 1773*Log[3] + 84*(PolyGamma[1, 1/12] + PolyGamma[1, 5/12]) + (6048*I)*(PolyLog[2, (1/2 - I/2)*(-2 + Sqrt[2])] - PolyLog[2, (1/2 + I/2)*(-2 + Sqrt[2])]) + (6048*I)*(PolyLog[2, I*(1 - Sqrt[2])] - PolyLog[2, I*(-1 + Sqrt[2])]) + 438*Sqrt[2] - 2448*ArcCot[2*Sqrt[2]]*Sqrt[2] - 189*(PolyGamma[1, 1/8] + PolyGamma[1, 3/8])*Sqrt[2] + 12*Pi*(-16 + 7*Pi*(-8 + 9*Sqrt[2])) + 288*Sqrt[3])/3780
608	6/(Pi^2 A086724)	none	64	not found	12	x, INV, ARCCOSH, SQR, ARCTAN	EULER, GAMMA, LOG, TAN, SINH, SINH, SIN	4.190e-14	0	58.8	13.4	True	
609	log10(6)	elementary	64	exact	6	x, NEG, NINE, SUBTRACT, POWER	SIX	0.000e+00	1235	58.7	64.0	True	Log[10, 6]
610	Purdom-Williams constant, a constant related to the Golomb-Dickman constant and to the asymptotic evaluation of the expe	none	64	not found	11	SEVEN, SIN, x, SUBTRACT	FIVE, COS, TANH, LOG, FIVE, POWER, ARCTAN	4.895e-15	0	58.8	14.3	True	
611	first Bernoulli sophomore dream constant	special	64	not found	12	FOUR, ARCTAN, INV, x, SUBTRACT	EIGHT, FIVE, ARCTAN, DIVIDE, ARCSINH, SQR, ARCTAN	3.258e-14	0	58.4	13.5	True	-Sum[(-\[FormalK])^(-\[FormalK]), {\[FormalK], 1, Infinity}]
612	(sqrt(3) + sqrt(5) + 2*sqrt(6))/(8*sqrt(2))	algebraic	64	not found	12	PI, x, POWER, GAMMA, SINH	PI, LOG, TAN, INV, EIGHT, SQRT, PLUS	2.087e-14	0	58.5	13.7	True	(Sqrt[3]+Sqrt[5]+2Sqrt[6])/(8Sqrt[2])
613	(3*sqrt(3)+sqrt(7))/10	algebraic	64	exact	10	x, INV, ARCCOSH	TWO, TWO, ARCCOSH, EIGHT, ARCCOSH, SUBTRACT, DIVIDE	0.000e+00	211	58.7	64.0	True	(3*Sqrt[3]+Sqrt[7])/10
614	Integral_{x = 0 to oo} Product_{m=1..oo} cos(x/m) dx	none	39	not found	12	x, TAN, SINH, LOG, SQRT	TWO, PI, EXP, SUBTRACT, NINE, DIVIDE, TANH	7.240e-14	0	58.2	13.1	True	
615	pi/4	elementary	64	exact	3	x	ONE, ARCTAN	0.000e+00	51	0.0	64.0	True	Pi/4
616	Lüroth constant	special	64	not found	12	x, TAN, NEG, COS, DIVIDE	ONE, ARCSINH, LOG, COS, INV, SQRT, COS	7.132e-14	0	59.6	13.1	True	Sum[Log[\[FormalK]/(-1 + \[FormalK])]/\[FormalK], {\[FormalK], 2, Infinity}]
617	asymptotic constant eta for counts of weakly binary trees	none	64	not found	12	FOUR, ARCCOSH, x, ARCTANH, POWER	FOUR, COS, SQR, ARCTANH, SQRT, TAN, GAMMA	5.809e-14	0	59.1	13.2	True	
618	Lal's constant: the Hardy-Littlewood constant for A217795	none	64	not found	12	SEVEN, GAMMA, ARCTAN, x, TIMES	EIGHT, SIN, SINH, EXP, TANH, TAN, SQRT	5.769e-14	0	58.6	13.2	True	
619	Kolakoski constant	none	64	not found	12	EIGHT, ARCCOSH, x, TIMES, SINH	GOLDENRATIO, ARCCOSH, ARCTAN, EXP, THREE, COSH, DIVIDE	5.915e-14	0	59.3	13.2	True	
620	root two div pi	elementary	64	exact	5	x	ONE, ARCSIN, INV, SQRT	0.000e+00	2269	0.4	64.0	True	Sqrt[2/Pi]
621	log 2π	elementary	64	exact	8	x, NEG, NINE, SUBTRACT, POWER	PI, PI, PLUS	0.000e+00	76	58.7	64.0	True	Log10[2*Pi]
622	Product_{n>1} (1 - 1/n^2)^(1/n)	none	64	not found	12	x, SINH, ARCCOS, ONE, SUBTRACT	SIX, TAN, ARCCOS, ARCTAN, GAMMA, COS, ARCTAN	1.112e-14	0	59.3	14.0	True	
624	unique real solution of the equation Ei(x)-gamma-log(x) = 1, where Ei is the exponential integral function and gamma the	none	64	not found	12	x, ARCSIN, ARCCOS, ARCSINH, INV	SEVEN, COS, SIX, SINH, POWER, SIN, ARCCOS	2.471e-14	0	59.2	13.6	True	
625	disk half-area offset constant	special	64	not found	12	x, SQR, ARCCOS, SQR, ARCSIN	PI, GAMMA, SQRT, SIX, SIN, DIVIDE, EXP	3.255e-14	0	59.3	13.5	True	Root[{Pi - 4*ArcCos[#1/2] + #1*Sqrt[4 - #1^2] & , 0.8079455065990344186379234801330000000000000000000000000001`29.907382069955993}]
626	Solomon parking constant	special	64	not found	12	x, GOLDENRATIO, SUBTRACT, SIN, SQRT	ONE, SINH, SIX, GAMMA, LOG, TANH, DIVIDE	3.081e-14	0	58.9	13.5	True	Integrate[(1 + 2*\[FormalX])*Exp[-2*(-1 + \[FormalX] + Exp[-\[FormalX]])]*Exp[-2*(EulerGamma - ExpIntegralEi[-\[FormalX]] + Log[\[FormalX]])], {\[FormalX], 0, Infinity}]
627	Alladi-Grinstead constant	special	64	not found	12	x, EULER, TANH, DIVIDE, SINH	PI, SQR, GAMMA, ARCTAN, TANH, GOLDENRATIO, POWER	2.766e-14	1	59.4	13.6	True	Exp[-1 - Sum[Log[1 - \[FormalK]^(-1)]/\[FormalK], {\[FormalK], 2, Infinity}]]
628	product_{n>=1} (n/(n+1))^((-1)^t(n-1)), a probabilistic counting constant, where t(n) = A010060(n) is the Thue-Morse seq	none	64	not found	12	x, SINH, SQR, TAN, SINH	THREE, COS, GOLDENRATIO, POWER, SEVEN, SIN, PLUS	2.467e-14	0	59.5	13.6	True	
629	'mu', a Young-Fejér-Jackson constant linked to the positivity of certain sine sums	none	64	not found	12	TWO, COSH, x, ARCSIN, POWER	FIVE, SINH, COS, ARCSIN, COSH, GAMMA, SIN	1.652e-14	0	59.2	13.8	True	
630	(1 + sqrt(6))/(3*sqrt(2))	algebraic	64	exact	9	x, THREE, TIMES	NEG, ARCTAN, SIN, THREE, SQRT, SUBTRACT	0.000e+00	814	59.3	64.0	True	(1+Sqrt[6])/(3Sqrt[2])
631	1/Gamma(3/4)	special	64	exact	6	x, INV	TWO, LOG, SINH, GAMMA	0.000e+00	3177	3.7	64.0	True	1/Gamma[3/4]
632	sum_{n>=0} 1/2^(2^n)	special	64	not found	12	x, GAMMA, TAN, EXP, COS	EULER, TANH, LOG, COS, FIVE, TIMES, SIN	1.741e-14	0	59.0	13.8	True	Sum[1/2^(2^n), {n, 0, Infinity}]
633	a2, the second of two constants associated with Djokovic's conjecture on an integral inequality	none	64	not found	12	x, ARCSINH, ARCCOS, ARCCOS, ARCCOS	SIX, SEVEN, DIVIDE, ARCCOSH, SQRT, SQRT, ARCTAN	1.028e-14	0	59.3	14.0	True	
634	First Nielsen-Ramanujan constant	elementary	64	exact	6	x	THREE, NEG, ARCSIN, SQR, DIVIDE	0.000e+00	5682	3.6	64.0	True	Pi^2/12
635	Sierpiński constant	special	64	not found	12	x, PI, TIMES, ARCSINH, COS	PI, FIVE, PLUS, SEVEN, ARCCOSH, COS, DIVIDE	1.176e-14	0	59.0	13.9	True	2*EulerGamma + 2*Log[2] + 3*Log[Pi] - 4*Log[Gamma[1/4]]
636	sigma_3, a Turán's Power Sum Constant	none	64	not found	12	x, SQR, LOG, TAN, EXP	ONE, TAN, ARCCOSH, SINH, PI, SUBTRACT, LOG	2.860e-14	0	59.3	13.5	True	
637	Prouhet-Thue-Morse constant	special	64	not found	12	x, ARCCOS, COSH, SQR, ARCCOSH	NEG, TANH, NEG, SUBTRACT, THREE, ARCCOSH, POWER	2.200e-13	0	59.2	12.7	True	1 - Product[(-1 + 2^2^\[FormalK])/2^2^\[FormalK], {\[FormalK], 0, Infinity}]/2
638	Pi/8 + sqrt(3)/4	elementary	64	exact	7	x, FOUR, TIMES, SIN	THREE, SQRT, COS	0.000e+00	2209	58.8	64.0	True	Pi/8+Sqrt[3]/4
639	asymptotic efficiency constant	elementary	64	exact	8	x	TWO, INV, ARCCOS, TWO, ARCCOSH, TANH, DIVIDE	0.000e+00	6282	58.9	64.0	True	(3*Sqrt[3])/(2*Pi)
640	1/zeta(3)	special	64	not found	12	EULER, SIN, x, PLUS, INV	FOUR, LOG, LOG, ARCCOS, PI, TANH, DIVIDE	7.625e-14	0	58.4	13.1	True	1/Zeta[3]
641	Rosser's constant	none	64	not found	12	x, ARCTANH, SQR, ARCSINH, SQR	THREE, LOG, GAMMA, COS, ARCTANH, ARCTANH, COSH	3.209e-14	0	58.4	13.5	True	
642	Gauss's constant	special	64	exact	10	x, ONE, ARCSIN, SQRT, DIVIDE	TWO, LOG, SINH, GAMMA, SQR	1.330e-16	22	58.8	64.0	True	ArithmeticGeometricMean[1, Sqrt[2]]^(-1)
643	Baker constant	elementary	64	exact	10	x, THREE, TIMES	THREE, SQRT, PI, DIVIDE, TWO, LOG, PLUS	0.000e+00	32	58.5	64.0	True	(Log[2] + Pi/Sqrt[3])/3
645	Shepp's constant 'alpha', an optimal stopping constant associated with the case of a zero mean and unit variance distrib	none	64	not found	11	x, TAN, SINH, TANH	THREE, ARCTAN, GAMMA, GAMMA, GAMMA, ARCTAN, SQRT	3.693e-14	0	58.6	13.4	True	
646	2*G/(Pi*log(2)), a constant appearing in the average root bifurcation ratio of binary trees, where G is Catalan's consta	special	64	false positive	12	x, ARCTAN, ARCSINH, ARCSIN, ARCSINH	NINE, ARCCOSH, SINH, TANH, ARCSINH, ARCTAN, SIN	3.299e-15	1	58.4	14.5	True	2 Catalan/(Pi*Log[2])
647	sin one	elementary	64	exact	3	x	ONE, SIN	0.000e+00	54	0.0	64.0	True	Sin[1]
648	reciprocal of the Khinchin-Lévy constant	elementary	64	exact	7	x	NEG, ARCSIN, SQR, EIGHT, LOG, DIVIDE	0.000e+00	8274	59.0	64.0	True	(12*Log[2])/Pi^2
650	log10(7)	elementary	64	exact	6	x, NEG, NINE, SUBTRACT, POWER	SEVEN	0.000e+00	1320	58.4	64.0	True	Log[10, 7]
651	3/(2*sqrt(Pi))	elementary	64	exact	7	x	PI, FOUR, TIMES, NINE, DIVIDE, SQRT	0.000e+00	24652	59.5	64.0	True	3/(2*Sqrt[Pi])
652	ubiquitous constant	special	64	exact	9	PI, SQRT, x, TIMES, SQRT	TWO, LOG, SINH, GAMMA	0.000e+00	144	58.1	64.0	True	(2*Pi^(3/2))/Gamma[1/4]^2
653	Regular paperfolding sequence	special	64	not found	12	x, LOG, SIN, ARCTAN, INV	SIX, EIGHT, FOUR, SINH, DIVIDE, SIN, SUBTRACT	9.870e-14	0	57.3	13.0	True	Sum[8^2^n/(-1 + 2^2^(2 + n)), {n, 0, Infinity}]
654	maximal quantum success probability of the CHSH game	algebraic	64	exact	6	x	EIGHT, PI, DIVIDE, COS, SQR	0.000e+00	6496	3.6	64.0	True	Cos[Pi/8]^2
655	1/(2*K^2) = Product_(p prime congruent to 3 modulo 4) (1 - 1/p^2), where K is the Landau-Ramanujan constant	none	64	not found	12	x, ARCSIN, ARCTAN, SINH, SQR	FOUR, ARCSINH, NINE, SUBTRACT, COS, SINH, SIN	1.122e-14	0	57.0	14.0	True	
656	rank-3 Artin constant	special	64	not found	12	x, EULER, ARCCOSH, POWER, ARCCOSH	EULER, ARCCOSH, TWO, ARCTAN, PLUS, SINH, SIN	4.061e-14	0	57.3	13.4	True	Product[1 - 1/((-1 + Prime[\[FormalK]])*Prime[\[FormalK]]^3), {\[FormalK], 1, Infinity}]
657	four minus pi	elementary	64	exact	4	x	FOUR, TAN, ARCTAN	0.000e+00	367	0.0	64.0	True	4 - Pi
658	Champernowne base-2 constant	special	64	false positive	12	x, GAMMA, TAN, COSH, TAN	SEVEN, COS, SQR, LOG, COSH, COSH, LOG	3.219e-15	1	57.3	14.5	True	ChampernowneNumber[2]
659	Steiner ratio of the Euclidean plane	algebraic	64	exact	4	x	TWO, ARCCOSH, TANH	1.282e-16	372	0.0	64.0	True	Sqrt[3]/2
660	log(4 - phi), where phi = A001622	elementary	64	exact	5	x	GOLDENRATIO, FOUR, SUBTRACT, LOG	0.000e+00	847	0.3	64.0	True	Log[4-GoldenRatio]
661	log e^2	elementary	64	exact	6	x, INV	THREE, ARCSINH, COSH, LOG	0.000e+00	3965	3.5	64.0	True	Log10[E^2]
662	sqrt(Pi)/(2K)*exp(-gamma/2) where K is the Landau-Ramanujan constant and gamma the Euler-Mascheroni constant	none	64	not found	12	x, LOG, ARCTANH, SQR, GAMMA	SEVEN, THREE, SIN, SINH, DIVIDE, ARCSIN, INV	5.835e-15	0	56.8	14.2	True	
663	square edge line-picking constant	elementary	64	exact	12	x, NINE, TIMES, TWO, SUBTRACT	TWO, SQRT, NEG, ARCSINH, FIVE, TIMES, SUBTRACT	0.000e+00	2	56.6	64.0	True	(2 + 5*Log[1 + Sqrt[2]] + Sqrt[2])/9
664	integral_{0..infinity} exp(-x^2)*log(x) dx	special	64	not found	12	x, EIGHT, PLUS, COSH, SIN	EIGHT, INV, GAMMA, GOLDENRATIO, ARCSINH, SUBTRACT, COS	4.578e-14	0	56.9	13.3	True	-(-(1/4)*Sqrt[Pi]*( EulerGamma + 2*Log[2]))
666	product_{n>=1} (2n/(2n+1))^((-1)^t(n-1)), a probabilistic counting constant, where t(n) = A010060(n) is the Thue-Morse s	none	64	not found	12	NINE, x, SINH, POWER, SINH	THREE, ARCCOSH, EXP, SIN, INV, EXP, COS	3.621e-14	0	56.9	13.4	True	
667	total area of Ford circles	special	64	not found	12	x, GAMMA, COS, SINH, EXP	GOLDENRATIO, INV, TANH, GOLDENRATIO, TANH, SINH, PLUS	6.396e-14	0	57.2	13.2	True	(45*Zeta[3])/(2*Pi^3)
668	(5/18)*Pi	elementary	64	exact	6	x, THREE, TIMES, SIN	TWO, INV	0.000e+00	3263	3.4	64.0	True	5Pi/18
669	a constant related to the asymptotic counting function of numbers of the form x^2 + 2*y^2 (A002479)	none	64	not found	12	x, ARCCOS, THREE, TANH, TIMES	THREE, FIVE, LOG, TANH, COSH, DIVIDE, ARCSIN	1.516e-14	0	56.8	13.8	True	
670	Integral_{x=0..Pi/2} sin(x)^(3/2) dx	special	64	not found	12	THREE, x, EULER, DIVIDE, SUBTRACT	GOLDENRATIO, ARCCOSH, EULER, INV, TANH, DIVIDE, SQR	3.943e-14	0	56.8	13.4	True	1/3*Sqrt[2]*EllipticK[1/2]
671	sqrt(2)/phi, where phi = (1+sqrt(5))/2	algebraic	64	exact	5	x	GOLDENRATIO, TWO, SQRT, DIVIDE	0.000e+00	1289	0.4	64.0	True	Sqrt[2]/GoldenRatio
672	sum of reciprocal perfect powers (excluding 1)	none	64	not found	12	x, TANH, INV, TAN, SQR	PI, TWO, SIN, FIVE, TIMES, COSH, SUBTRACT	1.362e-13	0	57.2	12.9	True	
673	average length of a line segment picked at random in a unit 5-cube	none	64	false positive	12	x, ARCTAN, FIVE, DIVIDE, COS	SIX, SINH, INV, SEVEN, PLUS, SIN, ARCTANH	2.907e-15	2	56.5	14.6	True	
674	an Ising constant related to the triangular lattice	none	64	not found	12	EULER, x, ARCCOS, GAMMA, SUBTRACT	GOLDENRATIO, GAMMA, COSH, TAN, INV, LOG, SIN	5.811e-14	0	57.0	13.2	True	
675	quadratic class number constant	special	64	false positive	12	x, NINE, DIVIDE, ARCSINH, TAN	THREE, ONE, TANH, SIN, LOG, DIVIDE, SIN	2.519e-16	1	56.6	15.8	True	Product[1 - 1/(Prime[\[FormalK]]^2*(1 + Prime[\[FormalK]])), {\[FormalK], 1, Infinity}]
676	positive minimum of the gamma function	special	64	false positive	8	x	FIVE, SINH, SIX, SUBTRACT, COS, GAMMA, GAMMA	1.630e-15	17	56.5	14.8	True	Gamma[Root[{PolyGamma[0, #1] & , 1.46163214496836234126265954233`29.164838085677864}]]
677	sqrt(Pi)/2	elementary	64	exact	4	x, SQR	ONE, ARCTAN	0.000e+00	295	0.0	64.0	True	Sqrt[Pi]/2
678	exp(gamma)/2	special	64	not found	12	x, FIVE, INV, LOG, DIVIDE	EIGHT, SQR, SIN, COSH, GOLDENRATIO, SUBTRACT, LOG	3.919e-14	0	56.7	13.4	True	E^EulerGamma/2
679	reciprocal sum of integer powers constant	special	64	not found	12	x, ARCTANH, FIVE, ARCTAN, POWER	GOLDENRATIO, LOG, SQR, ARCTANH, ARCSIN, COSH, COSH	7.153e-15	0	56.6	14.1	True	Sum[-1 + Zeta[Prime[\[FormalK]]], {\[FormalK], 1, Infinity}]
680	Gamma(4/3)	special	64	exact	5	x	THREE, FOUR, DIVIDE, GAMMA	0.000e+00	880	0.3	64.0	True	Gamma[4/3]
681	Product_{p prime, p == 1 (mod 4)} (1 - 2/p^2)	none	64	not found	12	THREE, SIN, x, SUBTRACT, TAN	NINE, SQR, ARCTAN, LOG, COS, ARCTAN, ARCTANH	3.226e-14	0	56.7	13.5	True	
682	'delta', a constant arising in the asymptotics of the regularized product of the Fibonacci numbers	none	64	not found	12	SIX, x, ARCSIN, TANH, POWER	FIVE, SINH, TAN, GAMMA, TAN, EXP, SINH	7.242e-15	0	56.6	14.0	True	
683	Gamma(5/3)	special	64	exact	5	x	THREE, LOG, COSH, GAMMA	0.000e+00	484	0.3	64.0	True	Gamma[5/3]
684	log10(8)	elementary	64	exact	6	x, NEG, NINE, SUBTRACT, POWER	EIGHT	0.000e+00	1763	56.1	64.0	True	Log[10, 8]
685	disk line-picking constant	elementary	64	exact	10	TWO, x, DIVIDE	TWO, SEVEN, DIVIDE, GAMMA, SQR, FIVE, DIVIDE	0.000e+00	928	56.6	64.0	True	128/(45*Pi)
686	Gamma(5/4)	special	64	exact	5	x	TWO, LOG, COSH, GAMMA	0.000e+00	610	0.3	64.0	True	Gamma[5/4]
687	densest planar packing of circles constant	elementary	64	exact	6	x	THREE, SQRT, ONE, ARCSIN, DIVIDE	0.000e+00	4582	3.4	64.0	True	Pi/(2*Sqrt[3])
688	value of x such that K(x) = 2E(x)	none	64	not found	12	x, ARCSIN, NEG, COSH, SUBTRACT	FOUR, INV, SIN, SEVEN, SQRT, SQRT, TIMES	1.280e-13	0	56.6	12.9	True	
689	(sqrt(Pi)/(2^(1/4)*Gamma(5/8)*Gamma(7/8)))^2	special	64	not found	12	x, SQRT, EULER, GAMMA, POWER	GOLDENRATIO, GAMMA, SQRT, SQRT, SQRT, SQRT, COSH	2.093e-14	0	57.0	13.7	True	(Pi/Sqrt[2])*(1/(Gamma[5/8]*Gamma[7/8]))^2
690	(1 + sqrt(3))/3	algebraic	64	exact	7	x	THREE, THREE, SQRT, ONE, PLUS, DIVIDE	0.000e+00	8703	58.5	64.0	True	(1+Sqrt[3])/3
691	Catalan's constant	special	64	not found	12	SEVEN, COS, x, POWER, SQR	EIGHT, ARCTAN, SQR, ARCSINH, GOLDENRATIO, TIMES, LOG	9.834e-15	0	58.3	14.0	True	Catalan
692	log root two pi	elementary	64	exact	6	x, EXP, SQR	PI, PI, PLUS	0.000e+00	3054	3.5	64.0	True	Log[Sqrt[2*Pi]]
693	Gamma(7/4)	special	64	exact	5	x	FOUR, SEVEN, DIVIDE, GAMMA	0.000e+00	552	0.2	64.0	True	Gamma[7/4]
694	position of the positive real maximum of Dawson's integral D_+(x)	none	64	false positive	12	x, NINE, POWER, GAMMA, SIN	NINE, SIX, EXP, TAN, COSH, SUBTRACT, TANH	1.081e-15	2	57.4	15.0	True	
695	cube face line-picking constant	elementary	64	not found	12	FOUR, x, SINH, EXP, SUBTRACT	PI, GAMMA, SQRT, NINE, TAN, SUBTRACT, ARCTAN	1.015e-13	0	57.5	13.0	True	(4 - 7*Pi + 21*Log[1 + Sqrt[2]] + 42*Log[2 + Sqrt[3]] + 17*Sqrt[2] - 6*Sqrt[3])/75
696	Product_{n>=1} (1 - 1/(4n+1)^2)	special	64	exact	10	x, EIGHT, TIMES	PI, SQRT, FOUR, INV, GAMMA, SQR, DIVIDE	0.000e+00	51	57.6	64.0	True	Product[1 - 1/(4 n + 1)^2, {n, 1, Infinity}]
697	an Ising constant related to the random coloring problem	special	64	not found	12	x, GOLDENRATIO, COSH, ARCSINH, SUBTRACT	SIX, FIVE, ARCSINH, SUBTRACT, EXP, COS, TANH	4.299e-15	0	58.2	14.4	True	Log[2]/2 + 2*Catalan/Pi
698	rank-4 Artin constant	special	64	not found	12	x, ARCSINH, LOG, INV, SIN	PI, TWO, PLUS, SQRT, TANH, ARCSINH, SQR	2.187e-14	0	58.2	13.7	True	Product[1 - 1/((-1 + Prime[\[FormalK]])*Prime[\[FormalK]]^4), {\[FormalK], 1, Infinity}]
699	-zeta'(2) (the first derivative of the zeta function at 2)	none	64	not found	12	x, ARCSIN, INV, TANH, COS	EIGHT, PI, ARCCOSH, ARCCOSH, DIVIDE, COS, ARCTAN	1.004e-14	3	57.7	14.0	True	
700	(4K/Pi)^2 where K is the Landau-Ramanujan constant	none	64	not found	12	x, GAMMA, ARCCOSH, GAMMA, ARCCOSH	EULER, SINH, LOG, GAMMA, SINH, GOLDENRATIO, TIMES	9.984e-15	11	57.1	14.0	True	
701	Pi*(1+sqrt(2))/8	elementary	64	exact	8	x	NEG, ARCSINH, EXP, EIGHT, TIMES, PI, DIVIDE	0.000e+00	3998	57.0	64.0	True	Pi*(1+Sqrt[2])/8
702	log10(9)	elementary	64	exact	6	x, THREE, ARCSINH, COSH, POWER	THREE	0.000e+00	1799	56.7	64.0	True	Log[10, 9]
703	3/π	elementary	64	exact	4	x	PI, THREE, DIVIDE	0.000e+00	245	0.0	64.0	True	3/Pi
704	Magic angle	elementary	64	exact	4	x	TWO, SQRT, ARCTAN	0.000e+00	251	0.0	64.0	True	ArcCos[1/Sqrt[3]]
705	(log(2) + Pi)/4	elementary	64	exact	7	x	FOUR, TWO, LOG, PI, PLUS, DIVIDE	0.000e+00	6420	58.0	64.0	True	(Log[2]+Pi)/4
706	a limit associated with the asymptotic number of ways of writing a number as a sum of powers of 2, with each power used 	elementary	64	exact	11	FIVE, SQRT, x, TIMES	TWO, LOG, GOLDENRATIO, LOG, DIVIDE, THREE, POWER	0.000e+00	13	57.0	64.0	True	3^(Log[GoldenRatio]/Log[2]) / Sqrt[5]
707	a constant related to the asymptotic expansion of the Lebesgue constant corresponding to the n-th Chebyshev polynomial	special	64	not found	12	GOLDENRATIO, x, SQRT, ARCTANH, POWER	NEG, TANH, ARCSIN, EXP, TAN, GAMMA, SQR	8.040e-15	0	57.2	14.1	True	2/Pi*(3*Log[2] - Log[Pi] + EulerGamma)
708	L(3, chi4), where L(s, chi4) is the Dirichlet L-function for the non-principal character modulo 4	elementary	64	exact	7	ONE, ARCSIN, x, DIVIDE	NEG, ARCTAN, SQR	0.000e+00	14149	57.2	64.0	True	Pi^3/32
709	Lochs constant	elementary	64	exact	12	EIGHT, SQR, LOG, x, DIVIDE	PI, SQR, NEG, NINE, SUBTRACT, LOG, DIVIDE	0.000e+00	13	53.6	64.0	True	6*Log[2]*Log[10]/Pi^2
710	4*K/Pi, a constant appearing in the asymptotic evaluation of the number of non-hypotenuse numbers not exceeding a given 	none	64	not found	12	FOUR, TAN, TAN, x, POWER	EIGHT, COS, ARCCOS, TANH, ARCTAN, GAMMA, SIN	6.638e-14	4	54.4	13.2	True	
711	log 3π	elementary	64	exact	8	x, NEG, NINE, SUBTRACT, POWER	PI, THREE, TIMES	0.000e+00	61	53.4	64.0	True	Log10[3*Pi]
712	Elbert constant	special	64	not found	12	x, INV, ARCCOSH, ARCSINH, ARCTANH	EIGHT, SQR, NINE, SUBTRACT, ARCTAN, EXP, SINH	3.116e-14	11	53.0	13.5	True	ConditionalExpression[Extension`ElbertConstant == 1 + E^\[FormalU] - (\[FormalV]*E^\[FormalU])/2 + E^(\[FormalU] + \[FormalV]/2) - E^\[FormalV], E^\[FormalU] + 2*E^(\[FormalU] + \[FormalV]/2) + E^(\[FormalV]/2) + E^(\[FormalU] + \[FormalV]) == 2*E^\[FormalV] + E^((3*\[FormalV])/2) && 1 + (1 + \[FormalU] - \[FormalV])*E^\[FormalU] + 2*E^(\[FormalU] + \[FormalV]/2) == 2*E^\[FormalV] && -1/3 < \[FormalU] < 0 && 1/3 < \[FormalV] < 1]
713	4*sqrt(2) - 6*sqrt(6)/Pi	elementary	64	not found	12	x, EXP, SINH, EXP, SIN	EULER, TAN, COS, LOG, TAN, GAMMA, TANH	7.776e-14	11	53.4	13.1	True	4Sqrt[2]-6Sqrt[6]/Pi
714	generalized Glaisher-Kinkelin constant A(3)	special	64	not found	12	x, EIGHT, SUBTRACT, SQR, TAN	FIVE, SQRT, NINE, ARCTAN, ARCTAN, TANH, SUBTRACT	3.674e-15	0	53.0	14.4	True	Exp[-11/720 - Zeta'[-3]]
715	a parking constant related to the asymptotic expected number of cars, assuming random car lengths	none	64	not found	12	x, NINE, POWER, SIN, SINH	FIVE, TAN, SINH, SIN, TANH, COS, ARCSINH	5.088e-14	0	50.4	13.3	True	
716	a constant related to the asymptotic evaluation of Product_{p prime congruent to 3 modulo 4} (1 + 1/p)	none	64	not found	12	GOLDENRATIO, COSH, EXP, x, POWER	THREE, FOUR, ARCTAN, POWER, ARCCOSH, ARCCOSH, SIN	1.870e-13	1	51.0	12.7	True	
717	ln(Gamma(1/3))	special	64	exact	5	x, EXP	THREE, INV, GAMMA	0.000e+00	809	0.3	64.0	True	LogGamma[1/3]
718	Reuleaux triangle square cutting fraction	elementary	64	exact	11	TWO, INV, ARCSIN, x, SUBTRACT	TWO, ARCCOSH, EXP, THREE, SQRT, DIVIDE	0.000e+00	61	51.2	64.0	True	-3 + Pi/6 + 2*Sqrt[3]
719	logarithm of Khinchin constant	special	64	not found	12	x, ARCTANH, ARCCOSH, NEG, PLUS	FIVE, ARCTAN, GAMMA, COS, TAN, SIN, ARCTAN	8.307e-14	0	51.1	13.1	True	Log[Khinchin]
720	phi(0), an auxiliary constant associated with Shapiro's cyclic sum constant lambda	none	64	not found	12	x, COS, GOLDENRATIO, SUBTRACT, SQR	THREE, LOG, SINH, EXP, INV, ARCCOS, SQRT	1.508e-14	0	50.9	13.8	True	
721	Asymptotic behavior of Lebesgue constants	special	64	not found	12	GOLDENRATIO, x, ARCTANH, SQRT, DIVIDE	GOLDENRATIO, SIN, TAN, EXP, TANH, TWO, SUBTRACT	4.216e-14	1	51.6	13.4	True	(-4*PolyGamma[0, 1/2])/Pi^2 + (8*Sum[Log[k]/(-1 + 4*k^2), {k, 1, Infinity}])/Pi^2
722	generalized Glaisher-Kinkelin constant A(4)	special	64	false positive	12	x, EXP, NINE, ARCCOSH, SUBTRACT	FOUR, SIX, SINH, TAN, DIVIDE, TANH, TAN	2.126e-15	2	50.6	14.5	True	Exp[-3*Zeta[5]/(4*Pi^4)]
723	log π^2	elementary	64	exact	6	x, THREE, ARCSINH, COSH, POWER	PI	1.117e-16	976	51.1	64.0	True	Log10[Pi^2]
724	Ramanujan's first continued fraction constant	elementary	64	false positive	9	x, TWO, DIVIDE	PI, TANH, LOG, TANH, TWO, SUBTRACT	0.000e+00	162	49.3	16.4	True	Exp[(2*Pi)/5]*(-GoldenRatio + Sqrt[GoldenRatio*Sqrt[5]])
725	One	rational	64	exact	2	x	ONE	0.000e+00	49	0.0	64.0	True	1
726	'nu', a coefficient related to the variance for searching corresponding to patricia tries	none	64	false positive	7	x	EULER, EXP, EXP, SIX, DIVIDE, COSH	2.220e-16	175834	39.1	15.7	True	
727	zeta(9)	special	64	not found	12	x, NINE, GAMMA, LOG, POWER	THREE, TAN, COSH, SQR, THREE, TIMES, SINH	1.712e-14	2	47.7	13.8	True	Zeta[9]
728	side of the equilateral triangle that can cover every triangle of perimeter 2	none	64	not found	12	SIX, SINH, ARCTAN, x, TIMES	SEVEN, SQR, NINE, PLUS, SQRT, EXP, ARCTAN	2.870e-14	1	47.4	13.5	True	
729	generalized Stirling constant	none	64	not found	12	x, TAN, ARCCOSH, SIN, ARCCOS	GOLDENRATIO, COSH, GAMMA, SQRT, ARCCOSH, ARCTANH, SQR	5.488e-15	0	47.6	14.3	True	
730	Pi^3/(36*sqrt(3)) + 91*zeta(3)/216	special	64	not found	12	x, TAN, SINH, COSH, LOG	SIX, PI, TANH, DIVIDE, COSH, EXP, GAMMA	3.278e-14	11	47.3	13.5	True	Pi^3/(36*Sqrt[3])+91*Zeta[3]/216
731	DeVicci's tesseract constant	algebraic	64	not found	12	x, EXP, SIN, PI, TIMES	NEG, COS, ARCSINH, PI, SQRT, DIVIDE, LOG	7.297e-15	0	47.8	14.1	True	Root[16 + 16*#1^2 - 7*#1^4 - 28*#1^6 + 4*#1^8 & , 3, 0]
732	zeta(7)	special	64	not found	12	EULER, x, ARCSINH, POWER, TAN	GOLDENRATIO, COSH, SINH, TANH, INV, GAMMA, ARCSINH	1.650e-14	1	48.2	13.8	True	Zeta[7]
733	generalized Glaisher-Kinkelin constant A(5)	special	64	not found	12	x, ONE, ARCSIN, DIVIDE, ARCTAN	THREE, FOUR, ARCTAN, POWER, SQRT, SIN, SQRT	1.220e-14	1	48.1	13.9	True	Exp[137/15120-Zeta'[-5]]
734	Pi^3/64 + 7*zeta(3)/16	special	64	not found	12	x, GAMMA, EXP, INV, ARCSINH	TWO, SIN, ARCSIN, LOG, TAN, EULER, TIMES	7.390e-15	1	47.9	14.1	True	Pi^3/64+7Zeta[3]/16
735	Gieseking constant	special	64	not found	12	x, SIN, PI, POWER, SINH	EIGHT, EXP, NINE, ARCSINH, DIVIDE, SEVEN, PLUS	4.741e-14	1	49.1	13.3	True	(3*Sqrt[3]*(1 - PolyGamma[1, 2/3]/9 + PolyGamma[1, 4/3]/9))/4
736	h_3, a constant related to certain evaluations of the gamma function from elliptic integrals	special	64	false positive	12	THREE, SIN, SIN, x, SUBTRACT	PI, SQRT, COSH, SIN, TAN, COS, ARCSINH	4.365e-16	2	50.6	15.5	True	4*EllipticK[4*Sqrt[3]-7]/(Sqrt[2+Sqrt[3]]*Pi)
737	2*Pi^3/(81*sqrt(3)) + 13*zeta(3)/27	special	64	not found	12	x, FIVE, POWER, COSH, COS	FIVE, TANH, SQRT, ARCSIN, NINE, PLUS, TANH	7.172e-14	1	49.3	13.1	True	2Pi^3/(81Sqrt[3])+13Zeta[3]/27
738	an Ising constant related to the hexagonal lattice	none	64	not found	12	x, SEVEN, TIMES, COSH, COS	FIVE, ARCSINH, LOG, SIN, EIGHT, TANH, POWER	3.176e-14	1	49.3	13.5	True	
739	6*arcsec(sqrt(3))/Pi^(3/2), an extreme value constant	special	64	exact	11	PI, SQRT, x, TIMES	TWO, INV, ARCSIN, TWO, SQRT, ARCTAN, DIVIDE	0.000e+00	38	49.4	64.0	True	6*ArcSec[Sqrt[3]]/Pi^(3/2)
740	e^pi/pi^e	elementary	64	exact	7	x	EULER, PI, POWER, PI, EXP, DIVIDE	2.155e-16	870	49.2	64.0	True	E^Pi/Pi^E
741	continued fraction constant (base 10)	elementary	64	exact	12	x, THREE, ARCSINH, COSH, POWER	EIGHT, LOG, NEG, ARCSIN, SQR, DIVIDE, EXP	0.000e+00	9	49.3	63.6	True	Pi^2/(6Log[2]Log[10])
742	generalized Glaisher-Kinkelin constant A(2)	special	64	not found	12	x, GAMMA, ARCTANH, LOG, SQR	PI, ARCTAN, FOUR, TIMES, ARCCOSH, TANH, TANH	1.321e-14	1	49.9	13.9	True	Exp[Zeta[3]/(4*Pi^2)]
743	generalized hypergeometric function 3F2(1/2,1/2,1/2; 3/2,3/2; x) at x=1/2	special	64	not found	12	x, EIGHT, POWER, SIN, ARCCOS	FIVE, TANH, COS, EXP, TAN, SQR, SIN	2.969e-14	1	52.0	13.6	True	(Pi*Log[2]/4 + Catalan)/Sqrt[2]
744	Hadamard-de la Vallee-Poussin constant	special	64	false positive	12	x, NINE, POWER, SINH, SIN	SIX, COS, INV, SQR, NINE, POWER, TANH	0.000e+00	16	51.7	15.8	True	EulerGamma + Sum[(-1 + Prime[\[FormalK]])^(-1) + Log[1 - Prime[\[FormalK]]^(-1)], {\[FormalK], 1, Infinity}]
745	secant of 15 degrees (cosecant of 75 degrees)	algebraic	64	exact	6	TWO, SQRT, x, PLUS	SIX, SQRT	0.000e+00	5741	3.3	63.6	True	Sec[15 Degree]
746	zeta(5)	special	64	not found	12	EIGHT, SIN, EXP, x, POWER	FOUR, TAN, ARCCOSH, TANH, ARCSINH, ARCTAN, ARCCOS	6.890e-15	1	51.6	14.2	True	Zeta[5]
747	Landau-Kolmogorov constant C(3,1) for derivatives in the case L_infinity(-infinity, infinity)	none	64	exact	6	THREE, x, POWER	EIGHT, NINE, DIVIDE	0.000e+00	1898	3.4	64.0	True	
748	log10(11)	elementary	64	exact	8	x, NEG, NINE, SUBTRACT, POWER	TWO, NINE, PLUS	0.000e+00	85	51.5	63.5	True	Log[10, 11]
749	sec(phi), a constant related to the "broadworm" (or "caliper") problem	none	64	not found	12	x, COSH, LOG, SINH, ARCCOS	GOLDENRATIO, SIX, ARCSINH, SIN, ARCTAN, EXP, DIVIDE	1.977e-14	2	52.0	13.7	True	
750	Landau-Kolmogorov constant C(5,1) for derivatives in the case L_infinity(infinity, infinity)	none	64	exact	10	FIVE, x, POWER	SIX, NINE, TWO, LOG, COSH, POWER, DIVIDE	0.000e+00	38	52.1	63.7	True	
751	li(2) = gamma + log(log(2)) + Sum_{k>=1} log(2)^k / ( k*k! )	special	64	not found	12	SIX, ARCCOSH, x, POWER, TAN	FOUR, LOG, EULER, ARCCOSH, DIVIDE, SQR, SQR	6.674e-15	1	52.5	14.2	True	LogIntegral[2]
752	third pi	elementary	64	exact	4	x	TWO, INV, ARCCOS	0.000e+00	406	0.0	64.0	True	Pi/3
753	asymptotic constant in Goebel's sequence A003504	none	64	not found	12	TWO, SINH, SIN, x, POWER	SIX, LOG, INV, SIN, LOG, ARCCOS, TANH	2.652e-14	1	52.9	13.6	True	
754	Sum_{i>=0} 1/(2*i+1)^3	special	64	not found	12	SIX, TAN, ARCSIN, x, PLUS	GOLDENRATIO, TANH, GAMMA, EXP, ARCTAN, SIN, ARCTAN	5.806e-15	1	52.1	14.2	True	7 Zeta[3]/8
755	192*K^2*G/Pi^4 = Product_{p prime congruent to 1 modulo 4} (1 + 1/p^2), where K is the Landau-Ramanujan constant and G C	none	64	not found	12	EIGHT, x, SQRT, POWER, SINH	EIGHT, SIN, SQRT, ARCCOS, ARCTANH, COSH, TAN	6.671e-14	19	52.4	13.2	True	
756	1/2+2/sqrt(13), a constant related to the asymptotic evaluation of the number of self-avoiding rook paths joining opposi	algebraic	64	exact	9	TWO, INV, x, SUBTRACT	TWO, THREE, DIVIDE, ARCTAN, COS	0.000e+00	312	52.0	63.5	True	1/2 + 2/Sqrt[13]
757	an infinite product involving the ratio of n! to its Stirling approximation	special	64	not found	12	EULER, SQRT, TAN, x, POWER	GOLDENRATIO, LOG, ARCSINH, INV, ARCSINH, TWO, SUBTRACT	2.022e-14	5	52.4	13.7	True	Glaisher^3/(2^(7/12)*Pi^(1/4))
758	Twelfth root of 2	algebraic	64	exact	5	SIX, x, POWER	TWO, SQRT	0.000e+00	824	0.3	63.4	True	2^(1/12)
759	(3/4)*sqrt(2)	algebraic	64	exact	5	x	TWO, SQRT, LOG, COSH	0.000e+00	2516	0.3	63.3	True	3 Sqrt[2]/4
760	I, a constant appearing (as I^2) in the asymptotic variance of the area of the convex hull of random points in the unit 	special	64	exact	9	TWO, SQRT, x, TIMES	TWO, LOG, SINH, GAMMA, SQR	0.000e+00	252	52.0	63.5	True	Sqrt[2]*Pi^2/Gamma[1/4]^2
761	(8*G - Pi*log(2 + sqrt(3)))/3, where G = A006752	special	64	not found	12	PI, ARCTAN, x, DIVIDE, TAN	SIX, TAN, ARCCOS, EXP, TANH, SIN, GAMMA	2.536e-14	6	52.1	13.6	True	(8Catalan-Pi Log[2+Sqrt[3]])/3
762	(gamma + log(16))/Pi	special	64	not found	11	x, EIGHT, SINH, POWER, COS	SIX, ARCCOSH, GAMMA, SEVEN, PLUS, TANH	8.335e-15	16	52.6	14.1	True	(EulerGamma + Log[16])/Pi
763	m_3, the expected number of returns to the origin in a three-dimensional random walk restricted to the region x >= y >= 	none	64	not found	12	x, SQRT, SIN, ARCSINH, ARCSINH	SIX, COS, ARCSIN, SQR, ARCCOSH, TANH, SIN	5.894e-14	6	52.7	13.2	True	
764	Sum_{k >= 0} 1/(4*k+1)^2	special	64	not found	12	x, EXP, EULER, SUBTRACT, SINH	PI, ARCCOSH, GAMMA, SIN, LOG, SIN, ARCTAN	3.467e-14	11	53.1	13.5	True	Catalan/2 + Pi^2/16
765	expected number of returns to the origin of a random walk on an 8-d lattice	none	64	not found	12	x, SINH, ARCCOSH, ARCCOS, TANH	TWO, SIN, SQRT, EXP, GAMMA, INV, ARCTAN	1.348e-13	12	52.3	12.9	True	
766	beta = 1.07869..., the best constant in Friedrichs' inequality in one dimension	none	64	not found	12	THREE, x, POWER, COS, SQRT	NEG, SIN, EULER, PLUS, COSH, COS, COS	5.859e-14	11	52.7	13.2	True	
767	Landau-Kolmogorov constant C(4,1) for derivatives in the case L_infinity(infinity, infinity)	none	64	exact	9	x, EIGHT, DIVIDE	SIX, GAMMA, SQRT, FIVE, TIMES, SQRT	0.000e+00	556	51.9	63.4	True	
768	c = twice the maximum of Dawson's integral, a constant used in the asymptotic evaluation of the ideal hyperbolic n-cube 	none	64	not found	12	x, FOUR, ARCSINH, DIVIDE, COS	PI, NINE, COS, ARCSIN, DIVIDE, SINH, ARCTAN	2.097e-14	0	52.6	13.7	True	
769	zeta(4) = pi^4/90	elementary	64	exact	9	EIGHT, x, DIVIDE	SEVEN, GAMMA, PI, SQR, SQR, DIVIDE	0.000e+00	1146	52.2	63.4	True	Pi^4/90
770	6*exp(gamma)/Pi^2	special	64	not found	12	x, COSH, NINE, ARCTAN, SUBTRACT	SEVEN, ARCTAN, SQR, SIX, PLUS, COS, ARCSINH	4.921e-14	0	53.4	13.3	True	6*Exp[EulerGamma]/Pi^2
771	Feller α coin-tossing constant	algebraic	64	not found	12	x, SIX, TIMES, TAN, TANH	GOLDENRATIO, SINH, SIX, ARCSINH, DIVIDE, ARCCOSH, ARCSIN	3.117e-14	0	52.6	13.5	True	(2*(-1 - 2/(17 + 3*Sqrt[33])^(1/3) + (17 + 3*Sqrt[33])^(1/3)))/3
772	1/Gamma(7/4)	special	64	exact	6	x	FOUR, SEVEN, DIVIDE, GAMMA, INV	0.000e+00	2268	3.3	63.7	True	1/Gamma[7/4]
773	Pi*log(2)/2	elementary	64	exact	6	x	PI, TWO, POWER, SQRT, LOG	0.000e+00	6465	3.0	63.4	True	Pi*Log[2]/2
775	1/2+G/Pi, the highest limiting crest of a square wave Fourier series, where G is the Gibbs-Wilbraham constant	none	64	not found	12	GOLDENRATIO, ARCTAN, x, INV, SUBTRACT	EULER, TAN, ARCSIN, PI, SQR, TIMES, COS	3.207e-14	0	52.3	13.5	True	
776	expected number of returns to the origin of a random walk on a 7-d lattice	none	64	not found	12	x, GOLDENRATIO, DIVIDE, EXP, TAN	NINE, COSH, TAN, INV, SIX, ARCSINH, SUBTRACT	3.604e-14	0	52.7	13.4	True	
777	Gamma(1/4)^4/(16*Pi^2)	special	64	exact	10	x, SQRT, PI, TIMES, SQRT	TWO, FOUR, INV, GAMMA, DIVIDE	0.000e+00	143	52.3	63.6	True	Gamma[1/4]^4/(16Pi^2)
778	square root of 6/5	none	64	exact	5	x	FIVE, SIX, DIVIDE, SQRT	0.000e+00	1788	0.4	63.4	True	
779	a 5-dimensional analog of DeVicci's tesseract constant	algebraic	64	exact	6	THREE, SQRT, x, PLUS	EIGHT, SQRT	0.000e+00	2647	3.1	63.4	True	Sqrt[11-4*Sqrt[6]]
781	ln(3)	elementary	64	exact	3	x	THREE, LOG	0.000e+00	34	0.0	63.5	True	Log[3]
782	Paris constant	special	64	not found	11	x, EXP, TAN, TAN, ARCCOS	EIGHT, ARCCOSH, SIX, PLUS, ARCSINH, ARCCOSH	1.902e-14	0	52.1	13.7	True	ConditionalExpression[Extension`ParisConstant == Limit[(2*GoldenRatio)^\[FormalN]*(GoldenRatio - Subscript[\[FormalCapitalF], \[FormalN]]), \[FormalN] -> Infinity]/2, Subscript[\[FormalCapitalF], 1] == 1 && Subscript[\[FormalCapitalF], \[FormalN]] == Sqrt[1 + Subscript[\[FormalCapitalF], -1 + \[FormalN]]]]
783	Lengyel constant	special	64	false positive	12	x, PI, SINH, POWER, SIN	FIVE, LOG, COSH, EULER, SUBTRACT, EXP, ARCTAN	8.084e-16	1	53.8	15.3	True	ConditionalExpression[Extension`LengyelConstant == Limit[(2^\[FormalN]*\[FormalN]^(1 + Log[2]/3)*Subscript[\[FormalC], \[FormalN]]*Log[2]^\[FormalN])/\[FormalN]!^2, \[FormalN] -> Infinity], Subscript[\[FormalC], 1] == 1 && Subscript[\[FormalC], \[FormalN]] == Sum[StirlingS2[\[FormalN], \[FormalK]]*Subscript[\[FormalC], \[FormalK]], {\[FormalK], 1, -1 + \[FormalN]}]]
784	log 4π	elementary	64	exact	8	x, NEG, NINE, SUBTRACT, POWER	PI, FOUR, TIMES	0.000e+00	78	52.1	63.8	True	Log10[4*Pi]
785	9*Sum_{k>=1} 1/(10^k-1)	none	64	not found	12	x, SQRT, SEVEN, PLUS, TAN	EULER, COSH, LOG, GAMMA, SQRT, LOG, LOG	8.298e-14	0	53.6	13.1	True	
786	1/Gamma(5/4)	special	64	exact	6	x	TWO, LOG, COSH, GAMMA, INV	0.000e+00	2897	3.3	63.4	True	1/Gamma[5/4]
788	sqrt(8/Pi)*log(2), a constant related to the asymptotic evaluation of the minimum number of one-dimensional random walks	elementary	64	exact	7	x	ONE, ARCSIN, SQRT, FOUR, LOG, DIVIDE	0.000e+00	3786	53.5	64.0	True	Sqrt[8/Pi]*Log[2]
790	1/Gamma(5/3)	special	64	exact	6	x	THREE, LOG, COSH, GAMMA, INV	0.000e+00	2142	3.3	64.0	True	1/Gamma[5/3]
791	Pi/(2*sqrt(2))	none	64	exact	5	x	EIGHT, SQRT, PI, DIVIDE	0.000e+00	1029	0.2	63.6	True	
792	4*L/(3*Pi), a constant related to the asymptotic evaluation of the number of primes of the form a^2+b^4, where L is Gaus	none	64	not found	12	SIX, ARCTAN, x, COSH, POWER	EULER, ARCTAN, GAMMA, COSH, THREE, TIMES, SQRT	5.128e-14	0	52.1	13.3	True	
793	log10(13)	elementary	64	exact	8	x, NEG, NINE, SUBTRACT, POWER	FOUR, NINE, PLUS	0.000e+00	82	52.0	64.0	True	Log[10, 13]
794	positive real root of 3*x^4 - x^3 - x^2 - 2, a constant related to quasi-isometric mappings	none	64	not found	12	x, ARCSINH, SQR, ARCCOS, SQR	EULER, EIGHT, SUBTRACT, ARCSINH, ARCTAN, LOG, ARCTANH	1.671e-14	0	52.4	13.8	True	
795	Landau-Kolmogorov constant C(5,2) for derivatives in the case L_infinity(infinity, infinity)	none	64	exact	10	FIVE, x, POWER	SEVEN, LOG, TANH, THREE, TIMES, FIVE, DIVIDE	0.000e+00	225	52.2	63.5	True	
796	expected number of returns to the origin of a random walk on a 6-d lattice	none	64	not found	12	EULER, ARCSINH, SQRT, x, POWER	NINE, ARCSINH, SQR, ARCSINH, SIX, SUBTRACT, LOG	1.783e-14	0	52.0	13.8	True	
797	Goh-Schmutz constant	special	64	not found	12	x, ARCCOSH, TANH, EIGHT, POWER	GOLDENRATIO, COSH, SQR, NINE, TAN, PLUS, SQRT	4.511e-14	0	52.4	13.3	True	-Sum[(E^\[FormalK]*ExpIntegralEi[-\[FormalK]])/\[FormalK], {\[FormalK], 1, Infinity}]
798	Steinitz constant of the Euclidean plane	algebraic	64	exact	4	x	GOLDENRATIO, LOG, COSH	0.000e+00	382	0.0	63.6	True	Sqrt[5]/2
799	Landau-Kolmogorov constant C(5,3) for derivatives in the case L_infinity(infinity, infinity)	none	64	exact	9	FIVE, x, POWER	TWO, FOUR, LOG, SINH, SQR, DIVIDE	0.000e+00	382	51.8	63.9	True	
800	1/Gamma(4/3)	special	64	exact	6	x	THREE, LOG, SINH, GAMMA, INV	0.000e+00	4197	3.4	63.6	True	1/Gamma[4/3]
801	2*exp(-gamma)	special	64	not found	12	x, EXP, ARCCOSH, EXP, TAN	FOUR, LOG, ONE, ARCSINH, DIVIDE, EXP, COS	2.653e-14	0	52.7	13.6	True	2*Exp[-EulerGamma]
802	zeta(7/2)	special	64	not found	12	x, SINH, LOG, INV, ARCCOSH	NINE, EXP, TAN, SIX, ARCCOSH, TIMES, SQRT	1.233e-14	0	52.8	13.0	True	Zeta[7/2]
803	2/sqrt(pi)	elementary	64	exact	5	x	ONE, ARCTAN, INV, SQRT	0.000e+00	1713	0.3	63.4	True	2/Sqrt[Pi]
805	a coefficient associated with the asymptotics of the average distance between a vertex and the root of a random rooted t	none	64	not found	12	x, TAN, FIVE, INV, PLUS	PI, TWO, SIN, POWER, GAMMA, TWO, POWER	1.224e-14	0	52.2	13.9	True	
806	digital search tree β constant	special	64	not found	12	FIVE, x, EXP, SQR, DIVIDE	NINE, ARCCOSH, SIN, EXP, SIN, TWO, POWER	3.568e-14	0	52.4	13.4	True	-1 + (Log[2]*QPolyGamma[0, 1, 1/2] + QPolyGamma[1, 1, 1/2])/Log[2]^2
807	extreme value skewness	special	64	false positive	12	x, SIX, COS, SQRT, SUBTRACT	PI, SQR, LOG, ARCTAN, ONE, SUBTRACT, ARCSIN	3.313e-15	2	52.5	14.5	True	12*Sqrt[6]*Zeta[3]/Pi^3
808	a function approximation constant which is the analog of Gibbs's constant 2*G/Pi (A036793) for de la Vallée-Poussin sums	none	64	not found	12	x, SINH, LOG, GAMMA, SINH	EIGHT, GOLDENRATIO, POWER, SEVEN, INV, SINH, TIMES	1.952e-14	0	52.2	13.7	True	
809	ln(pi)	elementary	64	exact	3	x	PI, LOG	0.000e+00	27	0.0	63.4	True	Log[Pi]
810	1/sqrt(tanh(1))	elementary	64	exact	5	x	ONE, TANH, INV, SQRT	0.000e+00	1651	0.3	63.5	True	1/Sqrt[Tanh[1]]
811	Goldbach-Vinogradov constant	special	64	not found	12	x, SIX, DIVIDE, TAN, SINH	GOLDENRATIO, SIN, GAMMA, EXP, SIX, SIN, SUBTRACT	2.873e-14	0	52.1	13.5	True	Product[1 + (-1 + Prime[\[FormalK]])^(-3), {\[FormalK], 1, Infinity}]/2
812	Pi^2/(16*K^2*G) = Product_{p prime congruent to 3 modulo 4} (1 + 1/p^2), where K is the Landau-Ramanujan constant and G 	none	64	not found	11	x, SIN, SINH, SINH, TAN	SIX, SQR, LOG, TANH, THREE, TIMES	7.770e-15	0	52.1	14.1	True	
813	Second Hermite constant	algebraic	64	exact	5	x	TWO, INV, ARCTANH, COSH	0.000e+00	3212	0.4	64.0	True	2/Sqrt[3]
814	expected number of returns to the origin of a random walk on a 5-d lattice	none	64	not found	12	x, ARCSINH, ARCSIN, ARCCOSH, SINH	EULER, COSH, ARCSINH, ARCSINH, SEVEN, DIVIDE, TANH	3.845e-15	0	52.5	14.4	True	
815	cubic recurrence constant	special	64	not found	12	x, COS, INV, TAN, SQR	SEVEN, ARCCOSH, GAMMA, GOLDENRATIO, SIN, DIVIDE, ARCTAN	7.670e-14	0	52.1	13.1	True	Product[\[FormalK]^3^(-\[FormalK]), {\[FormalK], 1, Infinity}]
816	'xiHat', a constant used in the asymptotic evaluation of e.g.f. coefficients for the number of labeled mobiles	none	64	not found	12	THREE, ARCCOSH, x, TAN, SUBTRACT	THREE, SINH, THREE, SUBTRACT, TANH, COS, ARCSINH	3.037e-14	0	52.2	13.5	True	
817	grazing goat constant	special	64	not found	12	EULER, x, ARCSINH, ARCTANH, DIVIDE	GOLDENRATIO, SIN, GAMMA, LOG, SIX, COS, PLUS	3.143e-14	0	52.4	13.5	True	Root[{Pi - 2*ArcCos[1 - #1^2/2] - 2*ArcCos[#1/2]*#1^2 + #1*Sqrt[4 - #1^2] & , 1.158728473018121517828233509934`30.063981678858028}]
818	Given the two curves y = exp(-x) and y = 2/(exp(x) + exp(x/2)), draw a line tangent to both. This sequence is the decima	none	64	not found	12	x, LOG, SEVEN, ARCCOSH, DIVIDE	EULER, COSH, COS, SIN, TANH, SQR, GAMMA	6.634e-14	0	51.9	13.2	True	
819	expectation of the maximum of a size 5 sample from a normal (0,1) distribution	special	64	not found	12	x, INV, TAN, LOG, COS	FOUR, ARCSINH, INV, ARCTAN, INV, TANH, SQRT	2.057e-14	0	53.5	13.7	True	5/Sqrt[Pi] - 15*ArcCsc[Sqrt[3]]/Pi^(3/2)
820	'c', an optimal stopping constant associated with the two choice case	none	64	not found	12	THREE, COS, x, SUBTRACT, ARCCOSH	NINE, GOLDENRATIO, SINH, DIVIDE, ARCCOS, SQRT, SINH	1.000e-13	0	52.2	13.0	True	
821	spanning tree constant of the square lattice	special	64	not found	12	x, ARCSINH, SQRT, EXP, GAMMA	NEG, TAN, SINH, EIGHT, POWER, COSH, TAN	5.948e-14	0	52.3	13.2	True	4*Catalan/Pi
822	(5 + 3*sqrt(5))/10	algebraic	64	exact	6	x	TWO, ARCTAN, COS, GOLDENRATIO, SUBTRACT	0.000e+00	8082	3.4	63.5	True	(5 + 3 Sqrt[5])/10
823	sinh one	elementary	64	exact	3	x	ONE, SINH	0.000e+00	36	0.0	64.0	True	Sinh[1]
824	Salem constant	algebraic	64	not found	12	x, ARCCOSH, GAMMA, SINH, SIN	SIX, INV, EXP, EXP, SQRT, ARCTAN, ARCTAN	1.228e-14	0	51.6	13.9	True	Root[1 + #1 - #1^3 - #1^4 - #1^5 - #1^6 - #1^7 + #1^9 + #1^10 & , 2, 0]
825	root ln four	elementary	64	exact	4	x	FOUR, LOG, SQRT	0.000e+00	141	0.0	63.4	True	Sqrt[Log[4]]
826	Gibbs constant	special	64	not found	12	x, TAN, COSH, ARCSINH, TAN	GOLDENRATIO, COSH, FOUR, ARCSINH, SQRT, SUBTRACT, INV	7.944e-15	1	51.8	14.1	True	(2*SinIntegral[Pi])/Pi
827	Lévy's constant	elementary	64	exact	7	x	EIGHT, LOG, NEG, ARCSIN, SQR, DIVIDE	0.000e+00	9297	52.1	63.5	True	Pi^2/(12*Log[2])
828	Foias constant	none	64	not found	12	x, COS, SQR, FIVE, TIMES	FIVE, GAMMA, ARCSINH, SQRT, SINH, LOG, ARCCOSH	1.245e-14	0	52.3	13.9	True	
829	2^(1/4)	algebraic	64	exact	4	x	TWO, SQRT, SQRT	0.000e+00	220	0.0	63.6	True	2^(1/4)
830	theta_2, one of the angles associated with the bow-and-arrow configuration used in the 2-arc smallest length problem	none	64	not found	12	x, SIN, INV, TAN, EXP	EULER, COSH, PI, DIVIDE, SIN, SIX, PLUS	4.426e-14	0	52.5	13.4	True	
831	arithmetic-geometric mean constant	special	64	exact	10	ONE, ARCSIN, SQRT, x, TIMES	TWO, LOG, SINH, GAMMA, SQR	0.000e+00	13	52.5	64.0	True	(2*Pi^(3/2)*Sqrt[2])/Gamma[1/4]^2
832	real fixed point of coth(z)	special	64	not found	12	x, SIX, POWER, SIN, ARCTANH	NINE, SIN, ONE, ARCTAN, POWER, GAMMA, GAMMA	9.016e-15	1	50.3	14.0	True	Root[{-Coth[#1] + #1 & , 1.199678640257733833916369848641`30.079064926502777}]
833	lim_{n->infinity} ((1/log(n)^2)*Product_{2 < p < n, p prime} p/(p-2))	none	64	not found	12	x, INV, TAN, COS, SINH	FIVE, ONE, ARCSINH, POWER, ARCTAN, ARCSIN, TANH	3.855e-14	0	51.9	13.4	True	
834	sqrt(e^(1/e)) = 1.20194336847031	elementary	64	exact	5	x	EULER, INV, EXP, SQRT	0.000e+00	1207	0.3	63.9	True	E^(E^-1/2)
835	Apéry's constant	special	64	not found	12	x, SQR, ARCTAN, ARCSIN, COS	EIGHT, FIVE, GAMMA, ARCCOSH, ARCSINH, DIVIDE, SINH	3.790e-14	0	52.0	13.4	True	Zeta[3]
836	growth constant in random Fibonacci sequence	algebraic	64	not found	12	x, TAN, COS, TWO, PLUS	FOUR, EULER, ARCSINH, SUBTRACT, TAN, TANH, GAMMA	1.295e-14	0	52.9	13.9	True	Root[#1^3 + #1^2 - #1 - 2 &, 1]
837	sqrt(A224273)	special	64	not found	12	x, EIGHT, PLUS, COS, COSH	EULER, THREE, COS, TAN, GAMMA, ARCTAN, POWER	8.271e-15	1	51.8	14.0	True	Sqrt[3] Gamma[1/3]^(3/2)/(2 Pi)
838	2/sqrt(e), a constant appearing in the expression of the asymptotic expected volume V(d) of the convex hull of randomly 	elementary	64	exact	5	x	EULER, FOUR, DIVIDE, SQRT	0.000e+00	1231	0.3	63.4	True	2/Sqrt[E]
839	12/Pi^2	elementary	64	exact	6	x	NEG, ARCSIN, SQR, THREE, DIVIDE	0.000e+00	5339	3.2	63.7	True	12/Pi^2
840	positive real root of x^4 - x - 1	algebraic	64	not found	12	THREE, x, COSH, SUBTRACT, GAMMA	PI, ARCTAN, FOUR, SIN, ARCTAN, SUBTRACT, GAMMA	1.584e-14	3	52.6	13.8	True	Root[#1^4 - #1 - 1 &, 2]
841	Mertens constant C(5,1)	none	64	not found	12	x, COSH, NINE, POWER, SIN	NINE, ARCTAN, EULER, SINH, POWER, ARCTAN, SIN	3.801e-14	3	51.9	13.4	True	
842	Gamma(3/4)	special	64	exact	5	x	TWO, LOG, SINH, GAMMA	0.000e+00	1017	0.3	63.6	True	Gamma[3/4]
843	Fibonacci factorial constant	special	64	not found	12	FIVE, x, POWER, COS, ARCSIN	EULER, TAN, ARCTAN, TANH, ARCTAN, INV, ARCTAN	3.107e-14	3	51.9	13.5	True	QPochhammer[-GoldenRatio^(-2)]
844	log10(17)	elementary	64	exact	8	x, THREE, ARCSINH, COSH, POWER	FOUR, ARCSINH, COSH	0.000e+00	118	51.6	63.6	True	Log[10, 17]
845	Second Favard constant	elementary	64	exact	5	x	EIGHT, PI, SQR, DIVIDE	0.000e+00	1336	0.3	64.0	True	Pi^2/8
846	Feller β coin-tossing constant	algebraic	64	not found	12	x, LOG, GAMMA, SIN, SQR	NINE, TAN, ARCTANH, COS, SQR, GAMMA, INV	6.046e-15	3	51.5	14.2	True	(2 + 4*(17 + 3*Sqrt[33])^(1/3) - (17 + 3*Sqrt[33])^(2/3))/(6 + 9*(17 + 3*Sqrt[33])^(1/3) - 3*(17 + 3*Sqrt[33])^(2/3))
847	expected number of returns to the origin of a random walk on a 4-d lattice	none	64	not found	12	x, LOG, ARCTAN, TANH, EXP	NINE, LOG, SEVEN, ARCTAN, TWO, PLUS, SUBTRACT	5.126e-15	7	51.8	14.3	True	
848	Bertrand's constant	none	46	not found	12	x, SQR, SQR, COSH, COS	EULER, SIN, SQRT, COS, NINE, INV, PLUS	6.184e-15	3	51.7	14.2	True	
849	root half pi	elementary	64	exact	4	x, SQR	ONE, ARCSIN	0.000e+00	381	0.0	63.9	True	Sqrt[Pi/2]
850	Khinchin-Lévy sum constant	special	64	not found	12	x, INV, SINH, COS, GAMMA	NINE, ARCTAN, LOG, ARCTANH, SQR, COS, ARCSIN	6.884e-14	3	51.9	13.2	True	Sum[Log[1 + \[FormalK]]/(\[FormalK]*(1 + \[FormalK])), {\[FormalK], 1, Infinity}]
851	Cube root of 2	algebraic	64	exact	4	THREE, x, POWER	TWO	0.000e+00	1831	0.3	63.9	True	2^(1/3)
852	limiting length appearing in the asymptotic probability involved in the "stick breaking" problem	none	64	not found	12	x, INV, ARCCOS, SINH, TANH	SIX, LOG, INV, ARCTAN, GAMMA, INV, SINH	1.037e-14	3	51.4	14.0	True	
853	c*sqrt(e/2), a constant associated with Dawson's integral and the asymptotic evaluation of the ideal hyperbolic n-cube v	none	64	not found	12	THREE, ARCSINH, x, DIVIDE, GAMMA	FOUR, SIX, LOG, ARCTAN, DIVIDE, SINH, EXP	7.136e-14	3	51.7	13.1	True	
854	fractal dimension of Koch snowflake	elementary	64	exact	4	x, THREE, POWER	FOUR	0.000e+00	699	0.3	63.6	True	Log[4]/Log[3]
855	Vardi constant	special	64	not found	12	x, SEVEN, INV, TANH, SUBTRACT	EIGHT, COS, TANH, INV, ARCTAN, TANH, INV	7.869e-14	4	51.7	13.1	True	ConditionalExpression[Extension`VardiConstant == (Exp[Sum[2^(-1 - \[FormalK])*Log[1 + (-1 + 2*Subscript[\[FormalA], \[FormalK]])^(-2)], {\[FormalK], 1, Infinity}]]*Sqrt[6])/2, Subscript[\[FormalA], 0] == 2 && Subscript[\[FormalA], \[FormalN]] == 1 - Subscript[\[FormalA], -1 + \[FormalN]] + Subscript[\[FormalA], -1 + \[FormalN]]^2]
856	expectation of the maximum of a size 6 sample from a normal (0,1) distribution	none	64	not found	12	x, TAN, TWO, SUBTRACT, SQR	SIX, SIN, EULER, PLUS, EULER, TIMES, ARCTAN	4.703e-14	3	51.8	13.3	True	
857	constant c_0 appearing in the asymptotic evaluation of the n-th Lebesgue constant (related to Fourier series) as L_n ~ (	none	64	not found	12	x, TAN, TWO, SIN, DIVIDE	THREE, EXP, SIN, ONE, SIN, ARCTANH, SUBTRACT	1.785e-14	6	52.6	13.7	True	
858	Ramanujan-Forsyth series constant	elementary	64	exact	4	x	ONE, ARCTAN, INV	0.000e+00	317	0.0	63.4	True	4/Pi
859	log10(19)	elementary	64	exact	9	x, NEG, NINE, SUBTRACT, POWER	FOUR, SQR, THREE, PLUS	0.000e+00	62	52.6	63.6	True	Log[10, 19]
860	Glaisher-Kinkelin constant	special	64	not found	12	TWO, x, EXP, DIVIDE, COSH	TWO, COSH, FIVE, PLUS, ARCCOSH, GAMMA, SQR	1.063e-13	5	52.6	13.0	True	Glaisher
861	theta_1, one of the angles associated with the bow-and-arrow configuration used in the 2-arc smallest length problem	none	64	not found	12	GOLDENRATIO, ARCTAN, SIN, x, TIMES	THREE, COS, NEG, PLUS, COS, TAN, COSH	5.701e-14	13	53.5	13.2	True	
862	ln(Gamma(1/4))	special	64	exact	5	x	FOUR, INV, GAMMA, LOG	0.000e+00	762	0.3	63.4	True	LogGamma[1/4]
863	integral of the q-Pochhammer symbol over -1..1	elementary	64	not found	12	x, EXP, TAN, SQRT, ARCSIN	FOUR, ARCCOSH, COS, SINH, COSH, SIN, SQR	5.190e-14	14	51.9	13.3	True	4*Sqrt[3/23]*Pi*(2*Sinh[Sqrt[23]*Pi/6] + Sqrt[2]*Sinh[Sqrt[23]*Pi/4])/(2*Cosh[Sqrt[23]*Pi/3] - 1)
864	second Bernoulli sophomore dream constant	special	64	not found	12	x, SQR, ARCSINH, ARCTAN, COSH	SIX, ARCCOSH, TANH, TANH, SEVEN, PLUS, ARCTAN	1.253e-14	21	52.0	13.9	True	Sum[\[FormalK]^(-\[FormalK]), {\[FormalK], 1, Infinity}]
865	(4/sqrt(Pi))*exp(-gamma/2)*K where K is the Landau-Ramanujan constant and gamma the Euler-Mascheroni constant	none	64	not found	12	TWO, x, SIN, DIVIDE, COS	ONE, SIN, ARCTANH, ARCTAN, EIGHT, TANH, TIMES	9.461e-15	15	51.9	14.0	True	
866	Salem number of degree 38 (Mossinghoff)	algebraic	64	not found	12	x, EIGHT, SIN, DIVIDE, TAN	THREE, FOUR, LOG, ARCTAN, SUBTRACT, TAN, TANH	2.073e-14	3	52.3	13.7	True	Root[#1^38 - #1^36 - #1^34 - #1^29 + #1^28 - #1^24 - #1^14 + #1^10 - #1^9 - #1^4 - #1^2 + 1 &, 4]
868	Mertens constant C(5,4)	none	64	not found	12	x, SQRT, TAN, LOG, ARCSIN	PI, TANH, SQR, SIN, SIN, GAMMA, ARCTAN	3.945e-14	6	51.7	13.4	True	
871	Conway's constant	algebraic	64	false positive	12	THREE, ARCTAN, EXP, x, POWER	EULER, INV, ARCSIN, ARCSINH, SIN, SEVEN, TIMES	2.896e-15	3	51.5	14.5	True	Root[-6 + 3*#1 - 6*#1^2 + 12*#1^3 - 4*#1^4 + 7*#1^5 - 7*#1^6 + #1^7 + 5*#1^9 - 2*#1^10 - 4*#1^11 - 12*#1^12 + 2*#1^13 + 7*#1^14 + 12*#1^15 - 7*#1^16 - 10*#1^17 - 4*#1^18 + 3*#1^19 + 9*#1^20 - 7*#1^21 - 8*#1^23 + 14*#1^24 - 3*#1^25 + 9*#1^26 + 2*#1^27 - 3*#1^28 - 10*#1^29 - 2*#1^30 - 6*#1^31 + #1^32 + 10*#1^33 - 3*#1^34 + #1^35 + 7*#1^36 - 7*#1^37 + 7*#1^38 - 12*#1^39 - 5*#1^40 + 8*#1^41 + 6*#1^42 + 10*#1^43 - 8*#1^44 - 8*#1^45 - 7*#1^46 - 3*#1^47 + 9*#1^48 + #1^49 + 6*#1^50 + 6*#1^51 - 2*#1^52 - 3*#1^53 - 10*#1^54 - 2*#1^55 + 3*#1^56 + 5*#1^57 + 2*#1^58 - #1^59 - #1^60 - #1^61 - #1^62 - #1^63 + #1^64 + 2*#1^65 + 2*#1^66 - #1^67 - 2*#1^68 - #1^69 + #1^71 & , 3, 0]
872	Mills' constant	special	64	not found	12	x, ARCCOSH, ARCCOS, GAMMA, LOG	SIX, PI, SQR, ARCSINH, ARCTAN, SQR, DIVIDE	1.545e-13	5	52.1	12.8	True	ConditionalExpression[Extension`MillsConstant == \[FormalX], ForAll[\[FormalN], Element[\[FormalN], Integers] && \[FormalN] > 0, Element[Floor[\[FormalX]^3^\[FormalN]], Primes]] && ForAll[Subscript[\[FormalX], 1], Subscript[\[FormalX], 1] < \[FormalX], Exists[\[FormalN], Element[\[FormalN], Integers] && \[FormalN] > 0, NotElement[Floor[Subscript[\[FormalX], 1]^3^\[FormalN]], Primes]]]]
873	first lemniscate constant	special	64	exact	11	ONE, ARCSIN, SQRT, x, TIMES	EIGHT, FOUR, INV, GAMMA, SQR, DIVIDE	0.000e+00	4	53.9	64.0	True	Gamma[1/4]^2/(4*Sqrt[2*Pi])
874	Khinchin mean K_{-3}	none	64	not found	12	x, COS, PI, INV, SUBTRACT	EULER, ARCSINH, TAN, GAMMA, SINH, EXP, ARCCOS	1.016e-14	5	51.9	14.0	True	
875	3^(1/4)	algebraic	64	exact	4	x	THREE, SQRT, SQRT	0.000e+00	216	0.0	63.5	True	3^(1/4)
876	extended twin prime conjecture constant	special	64	not found	12	x, COS, SINH, SIN, TANH	THREE, ARCTAN, EXP, FOUR, SUBTRACT, ARCSINH, SQR	3.955e-14	5	51.8	13.4	True	2*Product[1 - (-1 + Prime[\[FormalK]])^(-2), {\[FormalK], 2, Infinity}]
877	Plastic ratio	algebraic	64	not found	12	x, TAN, EIGHT, TIMES, SQRT	EIGHT, ARCSINH, INV, SQRT, ARCSIN, FIVE, PLUS	1.073e-13	5	51.7	13.0	True	(27/2 - (3*Sqrt[69])/2)^(1/3)/3 + ((9 + Sqrt[69])/2)^(1/3)/3^(2/3)
878	pi^(1/4)	elementary	64	exact	4	x	PI, SQRT, SQRT	0.000e+00	162	0.0	64.0	True	Pi^(1/4)
879	constant B3 (or B_3) related to the Mertens constant	none	64	not found	12	x, EULER, PLUS, SINH, COS	EIGHT, SQR, FIVE, DIVIDE, ARCTAN, LOG, GAMMA	1.742e-14	13	51.5	13.8	True	
880	imaginary part of the solution of z = log z	special	64	not found	12	EULER, x, EXP, GAMMA, DIVIDE	TWO, COSH, SQR, ARCTAN, SQRT, SIN, ARCTANH	2.397e-14	15	51.7	13.6	True	Im[ProductLog[-1]]
881	monomer-dimer constant	special	64	not found	12	x, INV, ARCCOS, EXP, COSH	EULER, TAN, FIVE, POWER, SQRT, EXP, SQR	7.735e-14	15	51.4	13.1	True	E^(Catalan/Pi)
882	totient product constant	special	64	not found	12	x, TAN, SQR, TANH, ARCTANH	FIVE, TANH, ARCTANH, SQR, TWO, POWER, ARCSINH	4.038e-15	18	51.8	nan	False	Product[1 + 1/((-1 + Prime[\[FormalK]])*Prime[\[FormalK]]^2), {\[FormalK], 1, Infinity}]
883	zeta(5/2)	special	64	not found	12	x, SQRT, SINH, COS, SQRT	FOUR, FOUR, TANH, NINE, PLUS, ARCTAN, DIVIDE	9.032e-15	17	51.5	14.0	True	Zeta[5/2]
884	entropy constant related to A063443	none	18	not found	12	x, EXP, TAN, ARCSIN, SQR	SEVEN, ARCCOSH, EIGHT, SINH, DIVIDE, ARCCOSH, TAN	2.056e-14	12	51.6	13.7	True	
885	'b', an auxiliary constant associated with the asymptotic probability of success in the full information version of the 	none	64	not found	12	x, NINE, SINH, LOG, POWER	FOUR, TANH, TAN, TAN, NINE, SQR, SUBTRACT	7.459e-14	12	51.9	13.2	True	
886	Davis constant	special	64	not found	12	NEG, COS, x, TIMES, COS	SEVEN, ARCSINH, ARCTAN, NINE, TANH, ARCTAN, POWER	8.578e-14	2	51.4	13.1	True	Pi^2/(8*Catalan)
887	'xi', a constant related to the second order quadratic recurrence q(0)=q(1)=1, q(n)=q(n-2)*(q(n-1)+1)	none	64	not found	12	x, THREE, ARCCOSH, POWER, GAMMA	THREE, ARCTAN, TANH, TANH, LOG, ARCSIN, COSH	2.146e-14	1	51.6	13.7	True	
888	mean number of iterations in comparing two numbers via their continued fractions	none	64	not found	12	x, EULER, POWER, TAN, COSH	SEVEN, INV, SINH, INV, SQRT, COS, COSH	2.267e-13	2	51.6	12.6	True	
889	expectation of the maximum of a size 7 sample from a normal (0,1) distribution	none	64	not found	12	x, FOUR, ARCTAN, DIVIDE, ARCCOS	TWO, TAN, EXP, SQR, GAMMA, ARCSINH, INV	7.570e-15	16	51.6	14.1	True	
890	'c', an asymptotic constant related to a variation of the "Secretary problem" with a uniform distribution	none	64	not found	11	x, NINE, SUBTRACT, GAMMA, COS	SEVEN, ARCCOSH, SQR, SQR, TAN, SIN	1.330e-13	3	51.7	12.9	True	
891	Gamma(2/3)	special	64	exact	5	x	THREE, TWO, DIVIDE, GAMMA	0.000e+00	789	0.4	64.0	True	Gamma[2/3]
892	golden spiral constant	elementary	64	exact	5	PI, x, POWER	GOLDENRATIO, SQR	0.000e+00	887	0.3	63.7	True	GoldenRatio^(2/Pi)
893	Pippenger product constant	elementary	64	exact	4	x	TWO, EULER, DIVIDE	0.000e+00	289	0.0	64.0	True	E/2
894	log10(23)	elementary	64	exact	9	x, NEG, NINE, SUBTRACT, POWER	FOUR, SQR, SEVEN, PLUS	0.000e+00	70	51.2	63.5	True	Log[10, 23]
895	log e^π	elementary	64	exact	7	x, PI, DIVIDE, EXP	NEG, NINE, SUBTRACT	0.000e+00	3357	50.9	64.0	True	Log10[E^Pi]
896	Shallit constant	special	64	not found	12	x, COSH, SIN, INV, TAN	EULER, SIX, SIN, SQR, GAMMA, SUBTRACT, LOG	1.449e-14	3	52.3	13.8	True	ConditionalExpression[Extension`ShallitConstant == Limit[3*\[FormalN] - Min[Sum[Subscript[\[FormalX], \[FormalK]], {\[FormalK], 1, \[FormalN]}] + Sum[Product[Subscript[\[FormalX], \[FormalJ]]^(-1), {\[FormalJ], \[FormalI], \[FormalK]}], {\[FormalK], 1, \[FormalN]}, {\[FormalI], 1, \[FormalK]}]], \[FormalN] -> Infinity], Element[Subscript[\[FormalX], \[FormalJ]], Reals] && Subscript[\[FormalX], \[FormalJ]] > 0]
897	Hardy-Littlewood conjecture constant	special	64	not found	12	NINE, x, POWER, TANH, ARCTANH	EIGHT, SQR, SQR, ARCTAN, TAN, SQR, ARCCOSH	4.559e-15	18	52.1	nan	False	Inactive[Product][1 - (-1)^((-1 + Prime[\[FormalK]])/2)/(-1 + Prime[\[FormalK]]), {\[FormalK], 2, Infinity}]
898	sum of 1/(p-1)^2 over all primes p	none	64	not found	12	GOLDENRATIO, ARCTAN, x, POWER, ARCSINH	SIX, GAMMA, ARCSINH, COSH, SQRT, ARCSINH, LOG	7.085e-14	3	52.0	13.2	True	
899	Kneser-Mahler β constant	special	64	not found	12	x, COSH, LOG, SINH, ARCTANH	EULER, NINE, DIVIDE, ARCTAN, TWO, SIN, TIMES	4.627e-15	9	51.1	14.3	True	Exp[(9 - PolyGamma[1, 2/3] + PolyGamma[1, 4/3])/(4*Pi*Sqrt[3])]
900	arccosh(8)/2 = ln((3 + sqrt 7)/sqrt 2)	elementary	64	exact	5	x	TWO, EIGHT, ARCCOSH, DIVIDE	0.000e+00	1616	0.3	63.7	True	ArcCosh[8]/2
901	ln(4)	elementary	64	exact	3	x	FOUR, LOG	0.000e+00	32	0.0	64.0	True	Log[4]
903	Gamma(1/4)^4/(4*Pi^3)	special	64	exact	9	x, PI, DIVIDE	FOUR, TWO, LOG, SINH, GAMMA, POWER	0.000e+00	290	50.6	64.0	True	Gamma[1/4]^4/(4*Pi^3)
904	hard hexagon entropy constant	algebraic	64	not found	12	x, TWO, POWER, TAN, ARCSINH	GOLDENRATIO, TWO, TANH, ARCCOS, LOG, TANH, DIVIDE	1.994e-14	6	51.1	13.7	True	Root[-32751691810479015985152 + 97143135277377575190528*#1^4 - 73347491183630103871488*#1^6 - 71220809441400405884928*#1^8 + 107155448150443388043264*#1^10 - 72405670285649161617408*#1^12 + 2958015038376958230528*#1^14 + 7449488310131083100160*#1^16 + 797726698866658379776*#1^18 + 2505062311720673792*#1^20 + 2013290651222784*#1^22 + 25937424601*#1^24 &, 2]
905	e^(1/3)	elementary	64	exact	4	x	THREE, INV, EXP	0.000e+00	270	0.0	64.0	True	E^(1/3)
906	unique solution of the equation sum_(p prime)(1/p^x) = 1, a constant related to the asymptotic evaluation of the number 	none	64	not found	12	x, GAMMA, ARCTANH, COS, EXP	EIGHT, TWO, SIN, POWER, EXP, SIN, SINH	1.218e-14	6	51.5	13.9	True	
907	Myrberg point	none	64	not found	12	NEG, TAN, x, ARCSINH, POWER	EULER, ARCCOSH, NINE, DIVIDE, COS, COSH, INV	3.760e-14	7	51.9	13.4	True	
908	L = Integral_{t=0..1} 1/(1-2t^2/3) dt, an auxiliary constant associated with one of the integral inequalities studied by	elementary	64	exact	8	x	THREE, EIGHT, DIVIDE, SQRT, FIVE, ARCCOSH, DIVIDE	0.000e+00	3001	51.4	63.7	True	Sqrt[3/2]*ArcTanh[Sqrt[2/3]]
909	complex Grothendieck constant upper bound	special	64	not found	11	x, EXP, SINH, ARCCOSH, TAN	EULER, SEVEN, TAN, COSH, POWER, GAMMA	1.337e-14	14	51.7	13.9	True	(-EllipticE[-1] + 2*EllipticK[-1])^(-1)
910	1 + 1/(1*3) + 1/(1*3*5) + 1/(1*3*5*7) + 	special	64	not found	12	NINE, TANH, x, SUBTRACT, ARCCOS	NINE, ARCTAN, COSH, EULER, ARCTAN, DIVIDE, COSH	3.014e-14	14	51.7	13.5	True	Sqrt[E*Pi/2] * Erf[1/Sqrt[2]]
911	Pythagoras constant	algebraic	64	exact	3	x	TWO, SQRT	0.000e+00	44	0.0	64.0	True	Sqrt[2]
912	inverse of carefree constant	special	64	not found	12	x, TANH, TAN, SQRT, INV	FIVE, LOG, INV, ARCCOS, ARCCOS, TWO, TIMES	1.262e-13	4	51.6	12.9	True	Product[1 + (-1 + Prime[\[FormalK]] + Prime[\[FormalK]]^2)^(-1), {\[FormalK], 1, Infinity}]
913	Sum_{m >= 0, m not a binary self number} 2^(-m)	none	64	not found	12	x, SQRT, EXP, GAMMA, GAMMA	PI, SEVEN, DIVIDE, ARCTAN, THREE, SQRT, DIVIDE	3.165e-14	7	51.6	13.5	True	
914	expectation of the maximum of a size 8 sample from a normal (0,1) distribution	none	64	not found	12	x, THREE, SUBTRACT, SQR, SQR	GOLDENRATIO, COS, ARCTANH, ARCCOS, TANH, EXP, SINH	1.987e-14	3	51.9	13.7	True	
915	'eta', a constant related to the second order quadratic recurrence q(0)=q(1)=1, q(n)=q(n-2)*(q(n-1)+1)	none	64	not found	12	x, TAN, TWO, ARCCOSH, TIMES	SIX, EULER, SUBTRACT, ARCTAN, EXP, NINE, PLUS	5.172e-14	3	51.3	13.3	True	
916	exp(sqrt(Pi/24))	elementary	64	exact	7	x	TWO, INV, ARCSIN, SQRT, EXP, SQRT	0.000e+00	10067	51.0	63.7	True	Exp[Sqrt[Pi/24]]
917	first Lebesgue constant	elementary	64	exact	9	x, THREE, INV, SUBTRACT	NEG, ARCSIN, THREE, SQRT, DIVIDE	0.000e+00	168	50.7	64.0	True	1/3 + (2*Sqrt[3])/Pi
918	Cube root of 3	algebraic	64	exact	4	THREE, x, POWER	THREE	0.000e+00	1482	0.4	63.5	True	3^(1/3)
919	log2(e)	elementary	64	exact	4	x	TWO, LOG, INV	0.000e+00	221	0.0	64.0	True	1/Log[2]
920	Steiner number	elementary	64	exact	4	x	EULER, INV, EXP	0.000e+00	239	0.0	63.7	True	E^E^(-1)
921	Khinchin mean K_{-2}	none	64	not found	12	PI, x, DIVIDE, ARCTAN, GAMMA	SIX, EIGHT, EXP, ARCCOSH, DIVIDE, EXP, TAN	2.263e-14	5	50.2	13.6	True	
922	Soldner constant	special	64	false positive	12	x, THREE, SUBTRACT, TANH, GAMMA	GOLDENRATIO, NEG, COS, TANH, TAN, EXP, DIVIDE	0.000e+00	6	49.7	15.4	True	Root[{LogIntegral[#1] & , 1.4513692348833810502839684858920274494930322836480158630931`30.}]
923	Backhouse's constant	special	64	not found	12	x, NEG, PLUS, ARCSINH, SQR	THREE, COS, ONE, ARCSIN, LOG, LOG, SUBTRACT	1.732e-14	9	49.3	13.8	True	ConditionalExpression[Extension`BackhouseConstant == Limit[Abs[Subscript[\[FormalQ], 1 + \[FormalN]]/Subscript[\[FormalQ], \[FormalN]]], \[FormalN] -> Infinity], Sum[\[FormalZ]^\[FormalK]*Subscript[\[FormalQ], \[FormalK]], {\[FormalK], 0, Infinity}] == (1 + Sum[\[FormalZ]^\[FormalK]*Prime[\[FormalK]], {\[FormalK], 1, Infinity}])^(-1)]
924	AGM(1, 2)	special	64	false positive	12	FIVE, x, INV, TAN, POWER	GOLDENRATIO, EIGHT, ARCSINH, SQR, TANH, COS, POWER	3.048e-15	6	48.9	14.5	True	ArithmeticGeometricMean[1, 2]
926	1 - ln(1 - 1/e) (random mappings)	elementary	64	exact	7	x	EULER, NEG, PLUS, LOG, TWO, SUBTRACT	0.000e+00	5554	49.0	63.8	True	1 - Log[1 - 1/E]
927	zeta(1/2) (negated)	special	64	not found	12	SIX, ARCCOSH, ARCTAN, x, SUBTRACT	GOLDENRATIO, NEG, ARCSINH, DIVIDE, ARCSIN, ARCTAN, SQR	8.591e-15	12	49.3	14.1	True	-(Zeta[1/2])
928	Baxter's four-coloring constant	special	64	exact	10	x, THREE, INV, GAMMA, DIVIDE	THREE, TWO, DIVIDE, GAMMA, SQR	0.000e+00	28	48.7	63.5	True	3 Gamma[1/3]^3/(4 Pi^2)
929	position of the positive minimum of the gamma function	special	64	not found	12	x, FOUR, SUBTRACT, SIN, ARCSIN	NINE, COS, GAMMA, SIN, SINH, ARCTAN, ARCSINH	2.909e-14	12	48.7	13.6	True	Root[{PolyGamma[0, #1] & , 1.46163214496836234126265954233`29.164838085677864}]
930	log10(29)	elementary	64	exact	9	x, NEG, NINE, SUBTRACT, POWER	FIVE, GAMMA, FIVE, PLUS	0.000e+00	64	48.9	63.6	True	Log[10, 29]
931	cbrt pi	elementary	64	exact	4	THREE, x, POWER	PI	1.516e-16	1215	0.3	64.0	True	Pi^(1/3)
932	Supergolden ratio	algebraic	64	not found	12	x, SEVEN, POWER, TANH, ARCTANH	EIGHT, SQR, SQR, ARCTAN, TAN, SQR, ARCCOSH	1.439e-14	28	48.9	nan	False	(1 + (29/2 - (3*Sqrt[93])/2)^(1/3) + ((29 + 3*Sqrt[93])/2)^(1/3))/3
933	Porter's constant	special	64	not found	12	x, INV, ARCSIN, ARCTANH, SQR	THREE, INV, SINH, ARCTANH, COSH, TAN, TANH	1.833e-14	13	49.6	13.7	True	-1/2 + (6*Log[2]*(-2 + 4*EulerGamma + 3*Log[2] - (24*Derivative[1][Zeta][2])/Pi^2))/Pi^2
934	Product_{p prime} (1+1/p)^(1/p), an infinite product considered and computed by Marc Deléglise	none	64	not found	12	x, SQR, SINH, NINE, TIMES	PI, TANH, TAN, EIGHT, TANH, TIMES, TAN	2.424e-14	12	49.2	13.6	True	
935	variance of the degree (valency) of the root of a random rooted tree with n vertices	none	64	not found	12	THREE, x, ARCCOSH, ARCTANH, DIVIDE	EULER, EIGHT, SQRT, SUBTRACT, ARCSIN, SQRT, SQRT	2.398e-14	7	49.6	13.6	True	
936	constant C such that Sum_{k>=1} 1/C^p(k) = 1 where p(k) is the k-th prime	none	64	not found	11	EIGHT, x, TAN, DIVIDE, ARCSINH	EULER, GAMMA, TANH, SQRT, ARCTANH, ARCTAN	3.621e-15	5	49.6	14.4	True	
937	Landau-Kolmogorov constant C(4,3) for derivatives in the case L_infinity(infinity, infinity)	none	64	exact	7	x	FIVE, INV, FIVE, SUBTRACT, SQRT, SQRT	0.000e+00	11274	49.7	63.9	True	
938	coefficient c_md in c_md*log(N)^(1/rho), the asymptotic mean number of distinct factors in a random factorization of n <	none	64	not found	12	x, TANH, COS, SEVEN, TIMES	FIVE, TAN, SIN, EXP, FIVE, SUBTRACT, GAMMA	4.940e-14	5	49.5	13.3	True	
939	Bateman-Grosswald constant zeta(2/3)/zeta(2), a constant (negated) arising in the asymptotic evaluation of the number of	special	64	not found	12	x, ARCSINH, COSH, EXP, COS	PI, PI, GOLDENRATIO, PLUS, SINH, DIVIDE, COS	8.534e-15	5	49.5	14.1	True	-(Zeta[2/3] / Zeta[2])
940	smallest positive root of the function lambda(x) = Sum_{n>=0} (-1)^n*x^n/(2^(n*(n-1)/2)*n!)	none	64	not found	12	GOLDENRATIO, SQR, x, POWER, COSH	PI, SQRT, SINH, PI, ARCCOSH, SINH, TIMES	5.459e-14	5	49.7	13.3	True	
941	log10(31)	elementary	64	exact	9	x, NEG, NINE, SUBTRACT, POWER	FIVE, GAMMA, SEVEN, PLUS	0.000e+00	69	49.6	64.0	True	Log[10, 31]
942	Landau-Kolmogorov constant C(5,4) for derivatives in the case L_infinity(-infinity, infinity)	none	64	exact	7	FIVE, x, POWER	TWO, INV, SEVEN, PLUS	0.000e+00	3144	49.6	63.5	True	
943	lim_{n -> infinity} A001699(n)^(1/2^n)	none	64	not found	12	SEVEN, x, POWER, TANH, ARCTANH	EIGHT, SQR, SQR, ARCTAN, TAN, SQR, ARCCOSH	5.863e-15	27	49.5	nan	False	
944	hard square entropy constant	none	44	not found	12	SEVEN, x, POWER, TANH, ARCTANH	EIGHT, SQR, SQR, ARCTAN, TAN, SQR, ARCCOSH	5.857e-15	28	50.2	nan	False	
945	Greenfield-Nussbaum constant	none	64	not found	12	x, ARCCOSH, GAMMA, ARCCOSH, SINH	THREE, TAN, COSH, COSH, LOG, SQR, SIN	9.027e-15	16	49.3	14.0	True	
946	Selberg-Delange constant Product_{prime p > 2} (1 + 1/(p(p-2)))	none	64	not found	12	x, COS, GAMMA, TANH, ARCTANH	FIVE, TANH, ARCTANH, GAMMA, TWO, POWER, ARCSINH	6.609e-15	49	49.3	nan	False	
947	value of Watson's integral	special	64	not found	12	NINE, x, TAN, DIVIDE, SIN	TWO, ARCTAN, GOLDENRATIO, NINE, SUBTRACT, LOG, SUBTRACT	1.121e-13	34	49.2	13.0	True	Sqrt[6]/32/Pi^3*Gamma[1/24]*Gamma[5/24]*Gamma[7/24]*Gamma[11/24]
948	(Glaisher^12/(2^(4/3) * Pi * e^EulerGamma))^(Pi^2/8)	special	64	not found	11	SIX, x, TAN, DIVIDE, LOG	SIX, TAN, SQR, ARCTANH, COS, SINH	1.908e-14	11	49.3	13.7	True	(Glaisher^12/(2^(4/3)Pi E^EulerGamma))^(Pi^2/8)
949	Bateman-Stemmler constant	special	64	false positive	12	x, NINE, TIMES, COS, GAMMA	NINE, LOG, TANH, SQR, SEVEN, PLUS, LOG	1.313e-15	13	48.9	14.9	True	Product[(1 - (2 + KroneckerSymbol[-3, Prime[\[FormalK]]])/Prime[\[FormalK]])/(1 - Prime[\[FormalK]]^(-1))^2, {\[FormalK], 1, Infinity}]
950	equianharmonic Weierstrass elliptic ω_2 constant	special	64	exact	10	x, PI, TIMES	FOUR, THREE, THREE, INV, GAMMA, POWER, DIVIDE	2.903e-16	50	46.3	64.0	True	Gamma[1/3]^3/(4*Pi)
951	exp(7*zeta(3)/(2*Pi^2))	special	64	not found	12	EIGHT, x, ARCTAN, POWER, ARCCOS	PI, GOLDENRATIO, ARCSINH, COS, COSH, DIVIDE, ARCTANH	1.597e-14	1	46.5	13.8	True	Exp[7*Zeta[3]/(2*Pi^2)]
952	Sum_{n>=1} 1/Fibonacci(2*n)	none	64	not found	12	SEVEN, ARCSINH, x, POWER, GAMMA	GOLDENRATIO, GAMMA, SINH, TWO, SQRT, COSH, POWER	1.123e-13	1	46.6	12.9	True	
953	Lieb's square ice constant	algebraic	64	exact	7	x	THREE, THREE, POWER, SQRT, EIGHT, DIVIDE	0.000e+00	35730	47.1	63.7	True	8/(3*Sqrt[3])
954	Madelung 2D hexagonal lattice constant	special	64	not found	12	x, INV, SQR, ARCCOS, GAMMA	SEVEN, GOLDENRATIO, COSH, TANH, EXP, TANH, POWER	3.090e-14	3	46.2	13.5	True	(-3 + Sqrt[3])*Zeta[1/2]*(Zeta[1/2, 1/6] + (1 - Sqrt[2])*Zeta[1/2, 1/3])
955	cosh one	elementary	64	exact	3	x	NEG, COSH	0.000e+00	48	0.0	63.7	True	Cosh[1]
956	maximal width of a Reuleaux triangle avoiding all vertices of the integer square lattice	none	64	not found	12	x, ARCSINH, ARCSINH, LOG, ARCCOS	GOLDENRATIO, COSH, ARCTAN, COSH, ARCSINH, TAN, LOG	1.308e-13	1	46.2	12.9	True	
957	Integral_{x=0..Pi/2} (x^2/sin(x)) dx	special	64	not found	12	THREE, PI, x, POWER, SUBTRACT	TWO, ARCTAN, INV, COS, GAMMA, TANH, SQRT	4.197e-14	2	45.9	13.4	True	2*Pi*Catalan - 7*Zeta[3]/2
958	D(1/2), where D(x) is the infinite product function defined in the formula section (or in the Finch reference)	none	64	not found	12	x, FIVE, SQRT, SUBTRACT, ARCSINH	FOUR, EXP, EIGHT, DIVIDE, COS, ARCSINH, COS	5.756e-14	10	45.8	13.2	True	
959	Calabi ratio	algebraic	64	not found	12	x, FOUR, PLUS, EXP, COS	FIVE, ARCSINH, SIX, POWER, INV, SINH, COS	2.335e-14	2	45.9	13.6	True	1/3 + 11/(3*2^(1/3)*(-23 + (3*I)*Sqrt[237])^(1/3)) + (-23 + (3*I)*Sqrt[237])^(1/3)/(3*2^(2/3))
960	sqrt(sqrt(2) + 1)	algebraic	64	exact	5	x	ONE, ARCSINH, EXP, SQRT	0.000e+00	1619	0.3	63.7	True	Sqrt[Sqrt[2] + 1]
961	c, a constant appearing in the asymptotic lower bound of the size of a restricted difference set	none	64	not found	12	SEVEN, SIN, x, COSH, SUBTRACT	THREE, ARCTAN, SIN, SQRT, ARCCOS, EIGHT, TIMES	4.003e-15	2	45.5	14.4	True	
962	triangular root of two	algebraic	64	exact	7	x	FOUR, INV, ARCSINH, EXP, TWO, DIVIDE	0.000e+00	9875	45.6	63.5	True	(-1 + Sqrt[17])/2
963	log10(37)	elementary	64	exact	8	x, THREE, ARCSINH, COSH, POWER	SIX, ARCSINH, COSH	1.416e-16	112	45.3	63.9	True	Log[10, 37]
964	2*Sum_{k=1..50000} (-1)^(k-1)/(2k-1)	special	64	false positive	7	x	FIVE, NEG, NINE, SUBTRACT, POWER, ARCTAN	4.241e-16	194	44.5	15.4	True	2*Sum[(-1)^(k - 1)/(2*k - 1), {k, 1, 50000}]
965	Favard constant	elementary	64	exact	3	x	ONE, ARCSIN	0.000e+00	51	0.0	64.0	True	Pi/2
966	10^(1/5)	algebraic	64	exact	6	FIVE, x, POWER	NEG, NINE, SUBTRACT	0.000e+00	763	2.8	63.7	True	10^(1/5)
967	Sierpiński triangle fractal dimension	elementary	64	exact	4	x, TWO, POWER	THREE	0.000e+00	705	0.2	63.5	True	Log[3]/Log[2]
968	Erdős–Borwein constant	special	64	not found	12	PI, TAN, x, POWER, ARCCOS	PI, TAN, EXP, ARCCOS, LOG, EULER, POWER	4.026e-15	30	46.2	nan	False	(Log[2] - QPolyGamma[0, 1, 1/2])/Log[2]
969	ln(5)	elementary	64	exact	3	x	FIVE, LOG	0.000e+00	40	0.0	63.5	True	Log[5]
970	exponential primorial constant	none	64	exact	12	TWO, THREE, DIVIDE, x, SUBTRACT	NINE, FIVE, POWER, INV, NINE, INV, PLUS	0.000e+00	40	46.1	64.0	True	
971	Cbrt[4π/3]	elementary	64	exact	6	THREE, x, POWER, TAN	THREE, SQRT	0.000e+00	559	2.8	63.6	True	CubeRoot[4*Pi/3]
972	log10(41)	elementary	64	exact	9	x, NEG, NINE, SUBTRACT, POWER	SIX, SQR, FIVE, PLUS	0.000e+00	91	46.8	64.0	True	Log[10, 41]
973	z_tri, a constant related to the enumeration of spanning trees on the triangular lattice (this is different from A242968	none	64	not found	12	PI, TAN, x, POWER, ARCCOS	PI, TAN, EXP, ARCCOS, LOG, EULER, POWER	4.026e-15	36	46.7	nan	False	
974	Madelung's constant M2	none	64	not found	12	PI, TAN, x, POWER, ARCCOS	PI, TAN, EXP, ARCCOS, LOG, EULER, POWER	4.026e-15	39	46.4	nan	False	
975	Golden ratio	algebraic	64	exact	2	x	GOLDENRATIO	0.000e+00	53	0.0	63.7	True	GoldenRatio
976	Odlyzko-Wilf constant	special	64	false positive	12	x, EULER, SUBTRACT, SQR, ARCCOSH	GOLDENRATIO, ARCSINH, TAN, LOG, SINH, TAN, COS	1.369e-15	40	48.5	15.4	True	ConditionalExpression[Extension`OdlyzkoWilfConstant == Limit[(2/3)^\[FormalN]*\[FormalS][\[FormalN]], \[FormalN] -> Infinity], \[FormalS][0] == 0 && \[FormalS][\[FormalN]] == 1 + Floor[(3*\[FormalS][-1 + \[FormalN]])/2]]
977	Product_{n>=1} (2n/(2n+1))^((-1)^t(n)), where t(n) = A010060(n) is the Thue-Morse sequence	none	64	not found	12	PI, TAN, x, POWER, ARCCOS	PI, TAN, EXP, ARCCOS, LOG, EULER, POWER	4.026e-15	53	49.0	nan	False	
978	log10(43)	elementary	64	exact	9	x, NEG, NINE, SUBTRACT, POWER	SIX, SQR, SEVEN, PLUS	0.000e+00	81	50.2	64.0	True	Log[10, 43]
979	Erdős-Cohen constant	special	64	not found	12	PI, TAN, x, POWER, ARCCOS	PI, TAN, EXP, ARCCOS, LOG, EULER, POWER	4.026e-15	45	49.3	nan	False	Sum[1/(Prime[\[FormalK]]*Log[Prime[\[FormalK]]]), {\[FormalK], 1, Infinity}]
980	2nd Lebesgue constant L2	elementary	64	not found	12	PI, TAN, x, POWER, ARCCOS	PI, TAN, EXP, ARCCOS, LOG, EULER, POWER	4.026e-15	39	49.2	nan	False	1/5 + Sqrt[25 - 2*Sqrt[5]]/Pi
981	Riemann ζ of 2	elementary	64	exact	5	x	SIX, PI, SQR, DIVIDE	0.000e+00	1551	0.3	63.6	True	Pi^2/6
982	Product_{k>=0} (1+1/2^(2k))^(1/2)	special	64	not found	12	PI, TAN, x, POWER, ARCCOS	PI, TAN, EXP, ARCCOS, LOG, EULER, POWER	4.026e-15	33	49.4	nan	False	Sqrt[Product[1 + 1/2^(2*k), {k, 0, Infinity}]]
983	square root of e	elementary	64	exact	3	x	EULER, SQRT	0.000e+00	46	0.0	63.7	True	Sqrt[E]
984	minimum value of the function s(t) = (Pi + 2*sqrt(1 + t^2))/(1 + Pi/2 + t) for t > 0	elementary	64	exact	11	TWO, x, DIVIDE, ARCTANH	PI, TWO, PLUS, SQRT, ONE, PLUS, LOG	0.000e+00	39	48.7	63.8	True	2(Pi+Pi^2+Sqrt[8+Pi^3+4Pi(3+Sqrt[2+Pi])+Pi^2(7+2Sqrt[2+Pi])])/(4+Pi^2+Pi(4+Sqrt[2+Pi]))
985	Somos' quadratic recurrence constant	special	64	not found	12	PI, TAN, x, POWER, ARCCOS	PI, TAN, EXP, ARCCOS, LOG, EULER, POWER	4.026e-15	29	49.3	nan	False	E^(-Derivative[1, 0][PolyLog][0, 1/2])
986	Hermite's constant gamma_6 = 2/3^(1/6)	algebraic	64	exact	6	SIX, x, TWO, DIVIDE, POWER	THREE	0.000e+00	9165	49.0	63.6	True	2/3^(1/6)
987	log10(47)	elementary	64	exact	9	x, NEG, NINE, SUBTRACT, POWER	TWO, SEVEN, SQR, SUBTRACT	0.000e+00	75	49.0	63.8	True	Log[10, 47]
988	a constant related to A000621 and A000624	none	64	false positive	10	x, SQRT, TAN, ARCSINH, GAMMA	FIVE, INV, SQR, ARCCOS, ARCTAN	2.245e-15	47	49.5	14.7	True	
989	zeta(3/5) * zeta(4/5) * Product_{p prime} (1 - 1/p^(8/5) - 1/p^(9/5) - 1/p^2 + 1/p^(13/5) + 1/p^(14/5))	none	64	not found	12	PI, TAN, x, POWER, ARCCOS	PI, TAN, EXP, ARCCOS, LOG, EULER, POWER	4.026e-15	31	50.4	nan	False	
990	1 + log(2*Pi) - 2*gamma, where gamma is Euler's constant (A001620)	special	64	false positive	12	x, ARCCOSH, SINH, SQR, ARCTAN	EULER, ARCSINH, ARCSINH, TWO, SIN, ARCSINH, TIMES	2.242e-15	33	50.0	14.6	True	1 + Log[2*Pi] - 2*EulerGamma
991	maximal circumradius of a planar convex set containing no lattice point except for the origin where it has its circumcen	none	64	not found	12	PI, TAN, x, POWER, ARCCOS	PI, TAN, EXP, ARCCOS, LOG, EULER, POWER	4.026e-15	34	50.5	nan	False	
992	Sum_{k>=0} 1/A007018(k)	none	64	not found	12	PI, TAN, x, POWER, ARCCOS	PI, TAN, EXP, ARCCOS, LOG, EULER, POWER	4.026e-15	36	50.2	nan	False	
993	Niven's constant	special	64	not found	12	PI, TAN, x, POWER, ARCCOS	PI, TAN, EXP, ARCCOS, LOG, EULER, POWER	4.026e-15	38	50.3	nan	False	1 + Sum[1 - Zeta[n]^(-1), {n, 2, Infinity}]
994	Pi^2/(12*log(phi))	elementary	64	exact	7	TWO, ARCSINH, x, TIMES	NEG, ARCSIN, SQR	0.000e+00	7329	50.7	63.6	True	Pi^2/(12*Log[GoldenRatio])
995	log10(53)	elementary	64	exact	9	x, NEG, NINE, SUBTRACT, POWER	SEVEN, SQR, FOUR, PLUS	0.000e+00	73	50.4	63.9	True	Log[10, 53]
996	Kalmar ρ composition constant	special	64	not found	12	PI, TAN, x, POWER, ARCCOS	PI, TAN, EXP, ARCCOS, LOG, EULER, POWER	4.026e-15	39	50.8	nan	False	Root[{-2 + Zeta[#1] & , 1.7286472389981836181351030103`29.237706376855613}]
997	Theodorus constant	algebraic	64	exact	3	x	THREE, SQRT	0.000e+00	51	0.0	63.6	True	Sqrt[3]
998	reciprocal of Euler γ	special	64	not found	12	PI, TAN, x, POWER, ARCCOS	PI, TAN, EXP, ARCCOS, LOG, EULER, POWER	4.026e-15	44	50.5	nan	False	EulerGamma^(-1)
999	1/A347901	none	64	not found	12	PI, TAN, x, POWER, ARCCOS	PI, TAN, EXP, ARCCOS, LOG, EULER, POWER	4.026e-15	43	51.8	nan	False	
1000	sqrt(2*Pi)*log(2), a constant associated with asymptotic evaluation of random mapping statistics	elementary	64	exact	7	x	ONE, ARCSIN, SQRT, FOUR, POWER, LOG	1.278e-16	5451	50.4	64.0	True	Sqrt[2*Pi]*Log[2]
1001	value of a nonregular continued fraction giving tau/(3*tau-1), where tau is the Prouhet-Thue-Morse constant	none	64	not found	12	PI, TAN, x, POWER, ARCCOS	PI, TAN, EXP, ARCCOS, LOG, EULER, POWER	4.026e-15	46	50.4	nan	False	
1002	'tau' (named sigma_2 by C. Pomerance), a constant associated with the expected number of random elements to generate a f	none	64	not found	12	PI, TAN, x, POWER, ARCCOS	PI, TAN, EXP, ARCCOS, LOG, EULER, POWER	4.026e-15	47	50.0	nan	False	
1003	Khinchin harmonic mean	special	64	not found	12	x, NINE, TIMES, TANH, ARCCOS	PI, FIVE, TIMES, TANH, ARCCOS, ARCTAN, ARCTAN	3.847e-15	52	50.8	nan	False	ConditionalExpression[Extension`KhinchinHarmonicMeanConstant == Limit[\[FormalN]/Sum[Subscript[\[FormalA], \[FormalK]]^(-1), {\[FormalK], 1, \[FormalN]}], \[FormalN] -> Infinity], Element[Subscript[\[FormalA], \[FormalK]], Integers] && Subscript[\[FormalA], \[FormalK]] > 0]
1004	Madelung constant (negated) for NaCl structure	special	64	not found	12	PI, TAN, x, POWER, ARCCOS	PI, TAN, EXP, ARCCOS, LOG, EULER, POWER	4.026e-15	34	50.7	nan	False	12Pi*Sum[ Sech[Pi/2*Sqrt[(2j + 1)^2 + (2k + 1)^2]]^2, {j, 0, 40}, {k, 0, 40}]
1005	continued fraction expansion [1; 1/2, 1/3, 1/4, 1/5, 1/6, ...]	elementary	64	exact	5	x, INV	NEG, COS, ARCSIN	0.000e+00	1668	0.4	64.0	True	2/(Pi - 2)
1006	Feller coin-tossing constant	algebraic	64	not found	12	PI, TAN, x, POWER, ARCCOS	PI, TAN, EXP, ARCCOS, LOG, EULER, POWER	4.026e-15	36	50.5	nan	False	(2 + (25 - 3*Sqrt[69])^(1/3)/2^(1/3) + (25 + 3*Sqrt[69])^(1/3)/2^(1/3))/3
1007	nested radical constant	special	64	not found	12	PI, TAN, x, POWER, ARCCOS	PI, TAN, EXP, ARCCOS, LOG, EULER, POWER	4.026e-15	34	49.9	nan	False	Limit[Fold[Sqrt[#1 + #2] & , Sqrt[1 + \[FormalN]], Table[\[FormalI], {\[FormalI], \[FormalN], 1, -1}]], \[FormalN] -> Infinity]
1008	log 180/π	elementary	64	exact	11	x, THREE, ARCTAN, COS, POWER	SIX, FIVE, PI, DIVIDE, SQRT, DIVIDE	0.000e+00	43	50.1	64.0	True	Log10[180/Pi]
1009	Product_{n>1} (1+1/n)^(1/n)	none	64	not found	12	PI, TAN, x, POWER, ARCCOS	PI, TAN, EXP, ARCCOS, LOG, EULER, POWER	4.026e-15	34	50.6	nan	False	
1010	constant x such that x^x = e. Inverse of W(1), where W is Lambert's function	special	64	not found	12	PI, TAN, x, POWER, ARCCOS	PI, TAN, EXP, ARCCOS, LOG, EULER, POWER	4.026e-15	40	48.8	nan	False	1/ProductLog[1]
1011	'b', an optimal stopping constant associated with the secretary problem when the objective is to maximize the hiree's ex	none	64	not found	12	PI, TAN, x, POWER, ARCCOS	PI, TAN, EXP, ARCCOS, LOG, EULER, POWER	4.026e-15	41	50.6	nan	False	
1012	log10(59)	elementary	64	exact	9	x, NEG, NINE, SUBTRACT, POWER	FIVE, EIGHT, SQR, SUBTRACT	0.000e+00	90	50.2	63.8	True	Log[10, 59]
1013	Sierpiński's S^ (Ŝ or "S hat" as named by S. Finch), a constant appearing in the asymptotics of the number of representa	none	64	not found	12	PI, TAN, x, POWER, ARCCOS	PI, TAN, EXP, ARCCOS, LOG, EULER, POWER	4.026e-15	35	50.8	nan	False	
1014	Carlson-Levin constant	elementary	64	exact	3	x	PI, SQRT	1.253e-16	40	0.0	64.0	True	Sqrt[Pi]
1015	angle in radians at the apex of the Calabi triangle	none	64	not found	12	PI, TAN, x, POWER, ARCCOS	PI, TAN, EXP, ARCCOS, LOG, EULER, POWER	4.026e-15	43	50.6	nan	False	
1016	10^(1/4)	algebraic	64	exact	5	x	THREE, ARCSINH, COSH, SQRT	0.000e+00	944	0.3	63.9	True	10^(1/4)
1017	3rd Lebesgue constant L3	elementary	64	not found	12	PI, TAN, x, POWER, ARCCOS	PI, TAN, EXP, ARCCOS, LOG, EULER, POWER	4.026e-15	38	50.3	nan	False	(3*Pi-14*Cos[Pi/14]+70*Cos[3*Pi/14]+154*Sin[Pi/7])/(21*Pi)
1018	exponential of Euler γ	special	64	not found	12	PI, TAN, x, POWER, ARCCOS	PI, TAN, EXP, ARCCOS, LOG, EULER, POWER	4.026e-15	34	50.4	nan	False	E^EulerGamma
1019	conjectured upper bound on Grothendieck's constant	elementary	64	exact	5	x	THREE, ARCCOSH, PI, DIVIDE	0.000e+00	751	0.3	64.0	True	Pi/(2*Log[1 + Sqrt[2]])
1020	log10(61)	elementary	64	exact	9	x, NEG, NINE, SUBTRACT, POWER	THREE, EIGHT, SQR, SUBTRACT	0.000e+00	80	50.2	63.7	True	Log[10, 61]
1021	Silverman constant	special	64	not found	12	PI, TAN, x, POWER, ARCCOS	PI, TAN, EXP, ARCCOS, LOG, EULER, POWER	4.026e-15	38	52.1	nan	False	Sum[1/(DivisorSigma[1, \[FormalK]]*EulerPhi[\[FormalK]]), {\[FormalK], 1, Infinity}]
1022	Komornik–Loreti constant	special	64	not found	12	PI, TAN, x, POWER, ARCCOS	PI, TAN, EXP, ARCCOS, LOG, EULER, POWER	4.026e-15	42	51.0	nan	False	Root[{Product[1 - 1/#1^2^\[FormalK], {\[FormalK], 0, Infinity}] - (2 - #1)/(#1 - 1) & , 1.7872316501829659330132`22.252180846784352}]
1023	2D dimer constant	special	64	not found	12	PI, TAN, x, POWER, ARCCOS	PI, TAN, EXP, ARCCOS, LOG, EULER, POWER	4.026e-15	40	51.4	nan	False	E^((2*Catalan)/Pi)
1024	ln(6)	elementary	64	exact	3	x	SIX, LOG	0.000e+00	43	0.0	64.0	True	Log[6]
1026	Hermite's constant gamma_7 = 2^(6/7)	algebraic	64	exact	5	SEVEN, x, POWER	EIGHT, SQR	0.000e+00	970	0.3	63.9	True	2^(6/7)
1027	limit of a recursive sequence connected to the Plastic constant (A060006)	none	64	false positive	12	x, ARCSINH, SIX, LOG, DIVIDE	FIVE, NEG, SINH, EULER, SUBTRACT, DIVIDE, COSH	3.178e-15	45	50.6	14.5	True	
1028	sqrt((3+sqrt(13))/2), a constant related to the asymptotic evaluation of the number of self-avoiding rook paths joining 	algebraic	64	exact	7	x, SQR, LOG, SINH	TWO, THREE, DIVIDE	0.000e+00	4496	51.2	64.0	True	Sqrt[(3 + Sqrt[13])/2]
1029	Masser-Gramain constant conjectured value	special	64	not found	12	PI, TAN, x, POWER, ARCCOS	PI, TAN, EXP, ARCCOS, LOG, EULER, POWER	4.026e-15	46	51.3	nan	False	1 + 2*EulerGamma + 2*Log[2] + 3*Log[Pi] - 4*Log[Gamma[1/4]]
1030	log10(67)	elementary	64	exact	9	x, NEG, NINE, SUBTRACT, POWER	EIGHT, SQR, THREE, PLUS	0.000e+00	79	51.2	63.6	True	Log[10, 67]
1031	two times the Catalan constant	special	64	false positive	12	x, GOLDENRATIO, COSH, POWER, COS	NEG, ARCTAN, EXP, EULER, ARCTAN, PLUS, GAMMA	2.909e-15	36	51.5	14.6	True	2 Catalan
1032	ln(2 pi)	elementary	64	exact	5	x, EXP	PI, PI, PLUS	0.000e+00	959	0.3	64.0	True	Log[2*Pi]
1033	Tribonacci constant	algebraic	64	false positive	12	x, THREE, POWER, COSH, SIN	TWO, COS, SEVEN, PI, SUBTRACT, DIVIDE, TANH	2.897e-15	59	50.7	14.5	True	(1 + (19 - 3*Sqrt[33])^(1/3) + (19 + 3*Sqrt[33])^(1/3))/3
1034	4th Madelung constant (negated)	special	64	false positive	12	PI, EXP, x, ARCCOSH, POWER	EIGHT, LOG, NINE, POWER, SEVEN, TANH, PLUS	1.569e-15	60	51.5	14.8	True	8*(5 - 3*Sqrt[2])*Zeta[1/2]*Zeta[-1/2]
1035	Landau-Kolmogorov constant	algebraic	64	exact	11	x, THREE, SQRT, DIVIDE	THREE, INV, TWO, EIGHT, SQRT, SUBTRACT, POWER	2.408e-16	97	51.2	64.0	True	Sqrt[3]/(2^(1/3)*(-1 + Sqrt[2])^(1/3))
1036	Connective constant	algebraic	64	exact	6	x	TWO, SQRT, TWO, PLUS, SQRT	0.000e+00	4770	3.4	63.6	True	Sqrt[2 + Sqrt[2]]
1037	log10(71)	elementary	64	exact	9	x, NEG, NINE, SUBTRACT, POWER	EIGHT, SQR, SEVEN, PLUS	0.000e+00	82	50.9	64.0	True	Log[10, 71]
1038	Integral_{x=0..Pi} (sin(x)/x) dx	special	64	not found	12	PI, TAN, x, POWER, ARCCOS	PI, TAN, EXP, ARCCOS, LOG, EULER, POWER	4.026e-15	36	51.3	nan	False	SinIntegral[Pi]
1039	Gauss lemniscate constant	special	64	exact	10	x, FOUR, TIMES	PI, SQRT, FOUR, INV, GAMMA, SQR, DIVIDE	0.000e+00	114	51.1	64.0	True	Gamma[1/4]^2/(4*Sqrt[Pi])
1040	spiral of Theodorus constant	special	64	not found	12	PI, TAN, x, POWER, ARCCOS	PI, TAN, EXP, ARCCOS, LOG, EULER, POWER	4.026e-15	34	51.4	nan	False	Sum[1/((1 + \[FormalK])*Sqrt[\[FormalK]]), {\[FormalK], 1, Infinity}]
1041	log10(73)	elementary	64	exact	9	x, NEG, NINE, SUBTRACT, POWER	EIGHT, SQR, NINE, PLUS	0.000e+00	89	51.2	63.6	True	Log[10, 73]
1042	expected reciprocal Euclidean distance between two random points in the unit cube	none	64	not found	12	PI, TAN, x, POWER, ARCCOS	PI, TAN, EXP, ARCCOS, LOG, EULER, POWER	4.026e-15	38	51.5	nan	False	
1043	log10(79)	elementary	64	exact	9	x, NEG, NINE, SUBTRACT, POWER	TWO, NINE, SQR, SUBTRACT	0.000e+00	86	50.5	63.8	True	Log[10, 79]
1045	Boyd constant	special	64	not found	12	PI, TAN, x, POWER, ARCCOS	PI, TAN, EXP, ARCCOS, LOG, EULER, POWER	4.026e-15	54	50.5	nan	False	Exp[(9 - PolyGamma[1, 2/3] + PolyGamma[1, 4/3])/(2*Pi*Sqrt[3])]
1046	M_5, the 5-dimensional analog of Madelung's constant (negated)	none	32	not found	12	PI, TAN, x, POWER, ARCCOS	PI, TAN, EXP, ARCCOS, LOG, EULER, POWER	4.026e-15	40	50.5	nan	False	
1047	6/π	elementary	64	exact	4	x	PI, SIX, DIVIDE	0.000e+00	286	0.0	63.8	True	6/Pi
1048	tetrahedral bond angle	elementary	64	exact	4	x, TAN, SQR	EIGHT	0.000e+00	2454	0.3	63.7	True	ArcCos[-1/3]
1049	log10(83)	elementary	64	exact	9	x, NEG, NINE, SUBTRACT, POWER	NINE, SQR, TWO, PLUS	0.000e+00	100	50.5	63.6	True	Log[10, 83]
1050	tetranacci constant	algebraic	64	not found	12	PI, TAN, x, POWER, ARCCOS	PI, TAN, EXP, ARCCOS, LOG, EULER, POWER	4.026e-15	46	50.9	nan	False	Root[-1 - #1 - #1^2 - #1^3 + #1^4 & , 2]
1052	Omega prime-generating constant	none	64	not found	12	PI, TAN, x, POWER, ARCCOS	PI, TAN, EXP, ARCCOS, LOG, EULER, POWER	4.026e-15	41	50.9	nan	False	
1053	first moment of the reciprocal gamma distribution	none	64	not found	12	PI, TAN, x, POWER, ARCCOS	PI, TAN, EXP, ARCCOS, LOG, EULER, POWER	4.026e-15	48	50.7	nan	False	
1054	Euler totient A constant	special	64	not found	12	x, EIGHT, TIMES, TANH, ARCCOS	FIVE, SINH, SIN, GAMMA, TANH, ARCTANH, EXP	3.698e-15	60	51.1	nan	False	(315*Zeta[3])/(2*Pi^4)
1055	ln(7)	elementary	64	exact	3	x	SEVEN, LOG	0.000e+00	39	0.0	64.0	True	Log[7]
1056	C_4, a constant related to sharp inequalities for the product of 4 polynomials, which was introduced by David Boyd	none	64	not found	12	PI, TAN, x, POWER, ARCCOS	PI, TAN, EXP, ARCCOS, LOG, EULER, POWER	4.026e-15	49	50.8	nan	False	
1057	log10(89)	elementary	64	exact	9	x, NEG, NINE, SUBTRACT, POWER	NINE, SQR, EIGHT, PLUS	0.000e+00	81	50.5	64.0	True	Log[10, 89]
1058	Z score	special	64	not found	12	PI, TAN, x, POWER, ARCCOS	PI, TAN, EXP, ARCCOS, LOG, EULER, POWER	4.026e-15	79	50.7	nan	False	Sqrt[2]*InverseErf[19/20]
1059	reciprocal Lucas constant	special	64	not found	12	PI, TAN, x, POWER, ARCCOS	PI, TAN, EXP, ARCCOS, LOG, EULER, POWER	4.026e-15	75	50.8	nan	False	(-1 + EllipticTheta[3, 0, GoldenRatio^(-2)]^2)/4 + (7*Log[GoldenRatio] - Log[1 + GoldenRatio^2] - QPolyGamma[0, 1, GoldenRatio^(-4)] + 4*QPolyGamma[0, 1, GoldenRatio^(-2)] - 4*QPolyGamma[0, 1, GoldenRatio^(-1)])/(4*Log[GoldenRatio])
1060	M_6, the 6th Madelung constant	none	64	not found	12	PI, TAN, x, POWER, ARCCOS	PI, TAN, EXP, ARCCOS, LOG, EULER, POWER	4.026e-15	83	50.7	nan	False	
1061	pentanacci constant	algebraic	64	not found	12	PI, TAN, x, POWER, ARCCOS	PI, TAN, EXP, ARCCOS, LOG, EULER, POWER	4.026e-15	75	50.8	nan	False	Root[-1 - #1 - #1^2 - #1^3 - #1^4 + #1^5 & , 1]
1062	C_5, a constant related to sharp inequalities for the product of 5 polynomials, which was introduced by David Boyd	none	64	not found	12	PI, TAN, x, POWER, ARCCOS	PI, TAN, EXP, ARCCOS, LOG, EULER, POWER	4.026e-15	64	50.8	nan	False	
1063	C_6, a constant related to sharp inequalities for the product of 6 polynomials, which was introduced by David Boyd	none	64	not found	12	PI, TAN, x, POWER, ARCCOS	PI, TAN, EXP, ARCCOS, LOG, EULER, POWER	4.026e-15	50	49.8	nan	False	
1064	Gamma''(1)	none	64	not found	12	PI, TAN, x, POWER, ARCCOS	PI, TAN, EXP, ARCCOS, LOG, EULER, POWER	4.026e-15	74	49.5	nan	False	
1065	hexanacci constant	algebraic	64	not found	12	PI, TAN, x, POWER, ARCCOS	PI, TAN, EXP, ARCCOS, LOG, EULER, POWER	4.026e-15	42	49.6	nan	False	Root[-1 - #1 - #1^2 - #1^3 - #1^4 - #1^5 + #1^6 & , 2]
1066	log10(97)	elementary	64	exact	10	x, NEG, NINE, SUBTRACT, POWER	FOUR, SQR, NINE, SQR, PLUS	0.000e+00	78	50.1	64.0	True	Log[10, 97]
1067	heptanacci constant	algebraic	64	not found	12	PI, TAN, x, POWER, ARCCOS	PI, TAN, EXP, ARCCOS, LOG, EULER, POWER	4.026e-15	78	49.2	nan	False	Root[-1 - #1 - #1^2 - #1^3 - #1^4 - #1^5 - #1^6 + #1^7 & , 1]
1068	integral_{x=0..Infinity} 1/x^x dx	none	64	not found	12	PI, TAN, x, POWER, ARCCOS	PI, TAN, EXP, ARCCOS, LOG, EULER, POWER	4.026e-15	52	49.6	nan	False	
1069	Two	rational	64	exact	2	x	TWO	0.000e+00	49	0.0	64.0	True	2
1070	M_7, the 7-dimensional analog of Madelung's constant (negated)	none	64	not found	12	PI, TAN, x, POWER, ARCCOS	PI, TAN, EXP, ARCCOS, LOG, EULER, POWER	4.026e-15	48	49.1	nan	False	
1071	Sierpiński's S~ (S "tilde" as named by S. Finch), a constant appearing in the asymptotics of the number of representatio	none	64	not found	12	PI, TAN, x, POWER, ARCCOS	PI, TAN, EXP, ARCCOS, LOG, EULER, POWER	4.026e-15	48	49.2	nan	False	
1072	solution to the Lane-Emden equation for a sphere of polytropic index n = 3	none	32	not found	12	PI, TAN, x, POWER, ARCCOS	PI, TAN, EXP, ARCCOS, LOG, EULER, POWER	4.026e-15	48	49.5	nan	False	
1073	least x > 0 satisfying x + tan(x) = 0	none	64	not found	12	PI, TAN, x, POWER, ARCCOS	PI, TAN, EXP, ARCCOS, LOG, EULER, POWER	4.026e-15	83	48.5	nan	False	
1074	figure-eight knot hyperbolic volume	special	64	not found	12	PI, TAN, x, POWER, ARCCOS	PI, TAN, EXP, ARCCOS, LOG, EULER, POWER	4.026e-15	53	49.2	nan	False	((-2*Pi^2 + 3*PolyGamma[1, 1/3])*Sqrt[3])/9
1075	QRS associated constant	special	64	not found	12	PI, TAN, x, POWER, ARCCOS	PI, TAN, EXP, ARCCOS, LOG, EULER, POWER	4.026e-15	63	49.1	nan	False	Zeta[3/2, Root[{Zeta[1/2, #1/2] & , 0.605443657196732749478922842447`29.782073733759695}]/2]/4
1076	'beta', a constant appearing in the random links Traveling Salesman Problem	none	64	false positive	11	x, PI, POWER, SINH, SIN	FIVE, ARCCOSH, ONE, PLUS, SINH, TANH	0.000e+00	106	49.3	15.7	True	
1077	Lüroth analog of Lévy constant	special	64	not found	12	PI, TAN, x, POWER, ARCCOS	PI, TAN, EXP, ARCCOS, LOG, EULER, POWER	4.026e-15	50	49.2	nan	False	Sum[Log[\[FormalK]*(1 + \[FormalK])]/(\[FormalK]*(1 + \[FormalK])), {\[FormalK], 1, Infinity}]
1078	M_8, the 8th Madelung constant (negated)	none	64	not found	12	PI, TAN, x, POWER, ARCCOS	PI, TAN, EXP, ARCCOS, LOG, EULER, POWER	4.026e-15	49	49.1	nan	False	
1079	semi-meander critical exponent	algebraic	64	not found	12	PI, TAN, x, POWER, ARCCOS	PI, TAN, EXP, ARCCOS, LOG, EULER, POWER	4.026e-15	49	49.1	nan	False	1 + (Sqrt[11]*(Sqrt[5] + Sqrt[29]))/24
1080	one div ln phi	elementary	64	exact	4	x, INV	GOLDENRATIO, LOG	0.000e+00	219	0.0	64.0	True	1/Log[GoldenRatio]
1081	ln(8)	elementary	64	exact	3	x	EIGHT, LOG	0.000e+00	30	0.0	63.6	True	Log[8]
1082	two thirds pi	elementary	64	exact	4	x, TAN, SQR	THREE	0.000e+00	3139	0.3	64.0	True	2*Pi/3
1083	Wallis's constant	algebraic	64	not found	12	x, PI, POWER, SQR, SIN	THREE, EIGHT, POWER, FIVE, TIMES, ARCCOSH, TANH	2.009e-14	69	49.0	13.7	True	(135/2 - (3*Sqrt[1929])/2)^(1/3)/3 + ((45 + Sqrt[1929])/2)^(1/3)/3^(2/3)
1084	Brown-Wang constant	special	64	not found	12	x, GAMMA, ARCCOSH, THREE, TIMES	THREE, INV, TANH, ARCSINH, SIX, TIMES, GAMMA	1.491e-13	57	49.0	12.8	True	With[{\[FormalLambda] = Root[{(1 + #1)*Pi - Tan[#1*Pi] & , 0.43029665312420275777`20.}]}, Root[{(1 + \[FormalLambda])*Pi*((#1 - 1)*PolyGamma[1 + (#1 - 1)/2] - 2*#1*PolyGamma[1 + #1/2] + (#1 + 1)*PolyGamma[1 + (#1 + 1)/2]) - 2*Sin[\[FormalLambda]*Pi] & , 2.11023396612157219646682815666`30.}]]
1085	'sigma', a constant associated with the expected number of random elements to generate a finite abelian group	none	64	not found	12	PI, TAN, x, POWER, ARCCOS	PI, TAN, EXP, ARCCOS, LOG, EULER, POWER	4.026e-15	48	49.2	nan	False	
1086	'a', an auxiliary constant associated with the asymptotic probability of success in the secretary problem when the numbe	none	64	not found	12	PI, TAN, x, POWER, ARCCOS	PI, TAN, EXP, ARCCOS, LOG, EULER, POWER	4.026e-15	51	49.1	nan	False	
1087	Jacobi theta function theta_2(0, 1/2) where theta_2 is the 2nd Jacobi theta function	special	64	not found	12	PI, TAN, x, POWER, ARCCOS	PI, TAN, EXP, ARCCOS, LOG, EULER, POWER	4.026e-15	36	48.9	nan	False	EllipticTheta[2,0,1/2]
1088	Jacobi theta function theta_3(0, 1/2) where theta_3 is the 3rd Jacobi theta function	special	64	not found	12	x, SEVEN, TIMES, TANH, LOG	SEVEN, EIGHT, POWER, SQR, ONE, SUBTRACT, INV	3.814e-15	43	49.5	nan	False	EllipticTheta[3,0,1/2]
1089	pi^(2/3)	elementary	64	exact	5	THREE, x, POWER	PI, SQR	0.000e+00	1089	0.4	63.7	True	Pi^(2/3)
1090	10^(1/3)	algebraic	64	exact	6	THREE, x, POWER	NEG, NINE, SUBTRACT	0.000e+00	1494	2.9	63.8	True	10^(1/3)
1092	Erdős-Szekeres constant	special	64	not found	12	PI, TAN, x, POWER, ARCCOS	PI, TAN, EXP, ARCCOS, LOG, EULER, POWER	4.026e-15	56	48.8	nan	False	Zeta[3/2]/Zeta[3]
1093	K = exp(8*G/(3*Pi)), a Kneser-Mahler constant related to an asymptotic inequality involving Bombieri's supremum norm, wh	special	64	not found	12	PI, TAN, x, POWER, ARCCOS	PI, TAN, EXP, ARCCOS, LOG, EULER, POWER	4.026e-15	59	49.1	nan	False	Exp[8*Catalan/(3*Pi)]
1094	normalized asymptotic mean of omega(m) when m is one of the values <= n taken by Euler's phi totient function	none	64	not found	12	x, SQR, GAMMA, TANH, ARCTANH	FIVE, TANH, ARCTANH, SQR, TWO, POWER, LOG	3.655e-15	62	48.7	nan	False	
1095	a constant related to series-reduced trees	none	64	not found	12	PI, TAN, x, POWER, ARCCOS	PI, TAN, EXP, ARCCOS, LOG, EULER, POWER	4.026e-15	42	48.9	nan	False	
1096	'theta', the expected degree (valency) of the root of a random rooted tree with n vertices	none	64	not found	12	PI, TAN, x, POWER, ARCCOS	PI, TAN, EXP, ARCCOS, LOG, EULER, POWER	4.026e-15	41	48.7	nan	False	
1097	e^(pi/4)	elementary	64	exact	4	x	ONE, ARCTAN, EXP	0.000e+00	331	0.0	63.8	True	E^(Pi/4)
1098	ln(9)	elementary	64	exact	3	x	NINE, LOG	0.000e+00	32	0.0	63.9	True	Log[9]
1099	Lüroth analog of Khinchin constant	special	64	false positive	12	x, COS, ARCSIN, ARCTANH, ARCCOS	FIVE, ARCTAN, SQR, TAN, EXP, ARCCOS, COSH	2.422e-15	74	49.4	14.6	True	Product[\[FormalK]^(1/(\[FormalK]*(1 + \[FormalK]))), {\[FormalK], 1, Infinity}]
1100	totient constant	special	64	not found	12	PI, TAN, x, POWER, ARCCOS	PI, TAN, EXP, ARCCOS, LOG, EULER, POWER	4.026e-15	62	49.2	nan	False	Sum[1/(\[FormalK]*EulerPhi[\[FormalK]]), {\[FormalK], 1, Infinity}]
1101	Pi/2 + 2/Pi	elementary	64	exact	6	x	NEG, ARCSIN, INV, SIN, ARCCOS	0.000e+00	4633	3.6	63.8	True	Pi/2 + 2/Pi
1102	pi(2)^(-1/2)	elementary	64	exact	5	x	TWO, SQRT, PI, DIVIDE	0.000e+00	1141	0.3	63.7	True	Pi*2^(-1/2)
1103	y_3, the third of four non-explicit constants recursively derived from Khintchine's [Khinchin's] constant	none	64	not found	12	PI, TAN, x, POWER, ARCCOS	PI, TAN, EXP, ARCCOS, LOG, EULER, POWER	4.026e-15	38	48.5	nan	False	
1104	D(1), where D(x) is the infinite product function defined in the formula section (or in the Finch reference)	special	64	not found	12	PI, TAN, x, POWER, ARCCOS	PI, TAN, EXP, ARCCOS, LOG, EULER, POWER	4.026e-15	47	48.7	nan	False	Glaisher^6/(2^(1/6)*Sqrt[Pi])
1105	Sqrt 5	algebraic	64	exact	3	x	FIVE, SQRT	0.000e+00	33	0.0	63.7	True	Sqrt[5]
1106	Takeuchi-Prellberg constant	special	25	not found	12	PI, TAN, x, POWER, ARCCOS	PI, TAN, EXP, ARCCOS, LOG, EULER, POWER	4.026e-15	53	48.4	nan	False	ConditionalExpression[Extension`TakeuchiPrellbergConstant == Limit[Subscript[\[FormalCapitalT], \[FormalN]]/(BellB[\[FormalN]]*Exp[ProductLog[\[FormalN]]^2/2]), \[FormalN] -> Infinity], Subscript[\[FormalCapitalT], 0] == 0 && Subscript[\[FormalCapitalT], 1] == 1 && Subscript[\[FormalCapitalT], 2] == 4 && Subscript[\[FormalCapitalT], 3] == 14 && Subscript[\[FormalCapitalT], \[FormalN]] == Sum[Binomial[2*\[FormalK], \[FormalK]]/(1 + \[FormalK]), {\[FormalK], 1, \[FormalN]}] + Sum[Subscript[\[FormalCapitalT], -1 - \[FormalK] + \[FormalN]]*(2*Binomial[-1 + \[FormalK] + \[FormalN], \[FormalK]] - Binomial[\[FormalK] + \[FormalN], \[FormalK]]), {\[FormalK], 0, -2 + \[FormalN]}]]
1107	Sierpiński's second constant, K2 = lim_{n->oo} ((1/n) * (Sum_{i=1..n} A004018(i^2)) - 4/Pi * log(n))	special	64	not found	12	PI, TAN, x, POWER, ARCCOS	PI, TAN, EXP, ARCCOS, LOG, EULER, POWER	4.026e-15	81	48.8	nan	False	4(12 Log[Gamma[3/4]]-9 Log[Pi]+72 Log[Glaisher]-5 Log[2]+3 EulerGamma-3)/(3 Pi)
1108	Integral_{0..oo} 1/Gamma(1+x) dx, a variation of the Fransén-Robinson constant	none	64	not found	12	PI, TAN, x, POWER, ARCCOS	PI, TAN, EXP, ARCCOS, LOG, EULER, POWER	4.026e-15	50	49.0	nan	False	
1109	Landau-Kolmogorov constant C(4,1) for derivatives in L_2(0, infinity)	none	64	not found	12	PI, TAN, x, POWER, ARCCOS	PI, TAN, EXP, ARCCOS, LOG, EULER, POWER	4.026e-15	56	48.6	nan	False	
1110	1/A240969	none	64	not found	12	PI, TAN, x, POWER, ARCCOS	PI, TAN, EXP, ARCCOS, LOG, EULER, POWER	4.026e-15	58	48.7	nan	False	
1111	first Foias constant	special	64	not found	12	PI, TAN, x, POWER, ARCCOS	PI, TAN, EXP, ARCCOS, LOG, EULER, POWER	4.026e-15	49	48.7	nan	False	Root[{-(1 + 1/#1)^#1 + #1 & , 2.29316628741186103150802829125000000000007305694139121664`29.360435548444247}]
1112	zeta(2)*zeta(3)*zeta(4)*	none	64	not found	12	PI, TAN, x, POWER, ARCCOS	PI, TAN, EXP, ARCCOS, LOG, EULER, POWER	4.026e-15	70	48.6	nan	False	
1113	Universal parabolic constant	elementary	64	exact	6	x	NEG, ARCSINH, TWO, SQRT, SUBTRACT	0.000e+00	1191	3.0	63.8	True	Sqrt[2] + ArcSinh[1]
1114	product_{n>=1} (n/(n+1))^((-1)^t(n)), a probabilistic counting constant, where t(n) = A010060(n) is the Thue-Morse seque	none	64	not found	12	PI, TAN, x, POWER, ARCCOS	PI, TAN, EXP, ARCCOS, LOG, EULER, POWER	4.026e-15	58	48.0	nan	False	
1115	logarithm of 10	elementary	64	exact	5	x	NEG, NINE, SUBTRACT, LOG	0.000e+00	1331	0.3	64.0	True	Log[10]
1116	y_1, the first of four non-explicit constants recursively derived from Khintchine's [Khinchin's] constant	none	64	false positive	12	x, SIN, ARCCOS, EXP, SIN	THREE, INV, SIX, PLUS, ARCTAN, ARCSINH, INV	0.000e+00	61	48.6	16.0	True	
1117	Klarner-Rivest polyomino constant	none	64	not found	12	PI, TAN, x, POWER, ARCCOS	PI, TAN, EXP, ARCCOS, LOG, EULER, POWER	4.026e-15	46	48.6	nan	False	
1118	3D lattice sum analog of Euler γ	special	64	not found	12	PI, TAN, x, POWER, ARCCOS	PI, TAN, EXP, ARCCOS, LOG, EULER, POWER	4.026e-15	49	49.0	nan	False	(-4*Pi)/3 + (19*Log[2])/2 - 4*Sum[((3 + 3*(-1)^\[FormalM] + (-1)^(\[FormalM] + \[FormalN]))*Csch[Pi*Sqrt[\[FormalM]^2 + \[FormalN]^2]])/Sqrt[\[FormalM]^2 + \[FormalN]^2], {\[FormalM], 1, Infinity}, {\[FormalN], 1, Infinity}]
1119	constant 1 + B3 (or 1 + B_3) related to the Mertens constant	none	64	not found	12	x, COSH, COS, SINH, COSH	EIGHT, TAN, SIN, FOUR, COS, COS, POWER	3.625e-14	57	49.1	13.4	True	
1120	Ti_2(2+sqrt(3)), where Ti_2 is the inverse tangent integral function	none	64	not found	12	EULER, x, SUBTRACT, ARCCOS, LOG	SIX, INV, TANH, COSH, ARCSINH, ARCTAN, ARCSINH	5.090e-15	48	49.2	14.3	True	
1121	three quarters pi	elementary	64	exact	3	x, TAN	NEG	0.000e+00	471	0.0	64.0	True	3*Pi/4
1122	monomer-dimer triangular constant	special	64	false positive	12	x, COS, NINE, ARCCOSH, TIMES	EIGHT, SQRT, TWO, SIN, GAMMA, TANH, SUBTRACT	5.654e-16	51	48.6	15.2	True	Exp[Integrate[Log[6 + 2*Cos[\[FormalT]] + 2*Cos[\[FormalPhi]] + 2*Cos[\[FormalT] + \[FormalPhi]]], {\[FormalT], -Pi, Pi}, {\[FormalPhi], -Pi, Pi}]/(8*Pi^2)]
1123	pi^(3/4)	elementary	64	exact	6	x	THREE, PI, POWER, SQRT, SQRT	0.000e+00	5961	3.1	63.8	True	Pi^(3/4)
1124	Pi^2/(6*log 2)	elementary	64	exact	7	x	EIGHT, SQR, LOG, PI, SQR, DIVIDE	0.000e+00	10798	48.5	63.9	True	Pi^2/(6*Log[2])
1125	c = (7-sqrt(5))/2	algebraic	64	exact	4	x	GOLDENRATIO, FOUR, SUBTRACT	0.000e+00	188	0.0	63.9	True	4 - GoldenRatio
1126	ln(11)	elementary	64	exact	5	x	TWO, NINE, PLUS, LOG	0.000e+00	908	0.3	64.0	True	Log[11]
1127	asymptotic evaluation of the constrained maximum of a certain quadratic form	none	64	not found	12	PI, TAN, x, POWER, ARCCOS	PI, TAN, EXP, ARCCOS, LOG, EULER, POWER	4.026e-15	31	50.0	nan	False	
1128	Narcissus constant	special	64	not found	12	PI, TAN, x, POWER, ARCCOS	PI, TAN, EXP, ARCCOS, LOG, EULER, POWER	4.026e-15	35	49.8	nan	False	Root[{1 + #1 - #1^(-1 + #1) & , 2.39838438278161142938900277955804885011`20.5225995583442}]
1129	Golden angle	elementary	64	exact	7	PI, x, DIVIDE	GOLDENRATIO, SQR, TWO, DIVIDE	0.000e+00	24088	50.1	64.0	True	(2*Pi)/GoldenRatio^2
1130	2*zeta(3)	special	64	not found	12	PI, TAN, x, POWER, ARCCOS	PI, TAN, EXP, ARCCOS, LOG, EULER, POWER	4.026e-15	38	50.2	nan	False	2*Zeta[3]
1131	first zero of the Bessel function J_0(z)	special	64	not found	12	PI, TAN, x, POWER, ARCCOS	PI, TAN, EXP, ARCCOS, LOG, EULER, POWER	4.026e-15	41	50.1	nan	False	BesselJZero[0, 1]
1132	solution to the Lane-Emden equation for a sphere of polytropic index n = 2	none	32	not found	12	PI, TAN, x, POWER, ARCCOS	PI, TAN, EXP, ARCCOS, LOG, EULER, POWER	4.026e-15	37	49.9	nan	False	
1133	Silver ratio	algebraic	64	exact	4	x	ONE, ARCSINH, EXP	0.000e+00	324	0.0	64.0	True	1 + Sqrt[2]
1134	c = 2.4149..., a random mapping statistics constant such that the asymptotic expectation of the maximum rho length (grap	none	20	not found	12	PI, TAN, x, POWER, ARCCOS	PI, TAN, EXP, ARCCOS, LOG, EULER, POWER	4.026e-15	36	49.5	nan	False	
1135	prod_{n>=1} (1 + 1/n^3) = cosh(sqrt(3) pi/2)/pi	elementary	64	exact	9	x, PI, TIMES, ARCCOSH	ONE, ARCSIN, THREE, SQRT, TIMES	0.000e+00	187	49.5	63.9	True	Cosh[Sqrt[3]*Pi/2]/Pi
1136	a constant related to the asymptotic evaluation of the Lebesgue constants L_n	none	64	not found	12	PI, TAN, x, POWER, ARCCOS	PI, TAN, EXP, ARCCOS, LOG, EULER, POWER	4.026e-15	46	49.6	nan	False	
1137	theta = 2.472548..., an auxiliary constant used to compute the best constant in Friedrichs' inequality in one dimension	none	64	not found	12	PI, TAN, x, POWER, ARCCOS	PI, TAN, EXP, ARCCOS, LOG, EULER, POWER	4.026e-15	38	49.2	nan	False	
1138	Otter's weakly binary tree enumeration asymptotic constant xi	none	64	not found	12	PI, SIN, x, POWER, ARCCOSH	PI, SIN, EXP, ARCCOSH, LOG, EXP, TAN	3.985e-15	64	48.3	nan	False	
1139	A1*B1, the average number of non-isomorphic semisimple rings of any order, where A1 is Product_{m>1} zeta(m) and B1 is P	none	64	not found	12	PI, SIN, x, POWER, ARCCOSH	PI, SIN, EXP, ARCCOSH, LOG, EXP, TAN	3.985e-15	55	48.3	nan	False	
1140	Feigenbaum alpha	none	64	not found	12	PI, SIN, x, POWER, ARCCOSH	PI, SIN, EXP, ARCCOSH, LOG, EXP, TAN	3.985e-15	57	48.3	nan	False	
1141	root two pi	elementary	64	exact	5	x, SQR	PI, PI, PLUS	0.000e+00	1438	0.3	63.9	True	Sqrt[2*Pi]
1142	100^(1/5)	algebraic	64	exact	7	FIVE, x, POWER	NEG, NINE, SUBTRACT, SQR	0.000e+00	3856	47.6	64.0	True	100^(1/5)
1143	a constant related to identity trees	none	64	not found	12	PI, SIN, x, POWER, ARCCOSH	PI, SIN, EXP, ARCCOSH, LOG, EXP, TAN	3.985e-15	80	48.2	nan	False	
1144	doubly infinite sum N_3 = Sum_{i,j,k = -inf..inf} (-1)^(i+j+k)/(i^2+j^2+k^2), a lattice constant analog of Madelung's co	none	64	not found	12	PI, SIN, x, POWER, ARCCOSH	PI, SIN, EXP, ARCCOSH, LOG, EXP, TAN	3.985e-15	82	48.0	nan	False	
1145	sqrt(2)*exp(2*G/Pi), where G = A006752	special	64	not found	12	PI, SIN, x, POWER, ARCCOSH	PI, SIN, EXP, ARCCOSH, LOG, EXP, TAN	3.985e-15	66	48.4	nan	False	Sqrt[2]*Exp[2Catalan/Pi]
1146	a variant of the Komornik-Loreti constant	none	64	not found	12	PI, SIN, x, POWER, ARCCOSH	PI, SIN, EXP, ARCCOSH, LOG, EXP, TAN	3.985e-15	73	48.0	nan	False	
1147	(Glaisher^12/(2*Pi*e^EulerGamma))^(Pi^2/6)	special	64	not found	12	PI, SIN, x, POWER, ARCCOSH	PI, SIN, EXP, ARCCOSH, LOG, EXP, TAN	3.985e-15	72	48.0	nan	False	(Glaisher^12/(2Pi E^EulerGamma))^(Pi^2/6)
1148	ln(13)	elementary	64	exact	5	x	FOUR, NINE, PLUS, LOG	0.000e+00	862	0.3	63.9	True	Log[13]
1149	exp(gamma)/log(2), a conjectural constant related to the asymptotic counting of Mersenne primes, where gamma is Euler's 	special	64	not found	12	PI, SIN, x, POWER, ARCCOSH	PI, SIN, EXP, ARCCOSH, LOG, EXP, TAN	3.985e-15	104	47.9	nan	False	Exp[EulerGamma]/Log[2]
1150	Sierpiński's constant	special	64	not found	12	PI, SIN, x, POWER, ARCCOSH	PI, SIN, EXP, ARCCOSH, LOG, EXP, TAN	3.985e-15	64	48.2	nan	False	Pi*(2*EulerGamma - Log[Pi] + 4*Log[Gamma[3/4]])
1151	Barban constant	special	64	not found	12	PI, SIN, x, POWER, ARCCOSH	PI, SIN, EXP, ARCCOSH, LOG, EXP, TAN	3.985e-15	77	48.2	nan	False	Product[1 + (-1 + 3*Prime[\[FormalK]]^2)/(Prime[\[FormalK]]*(1 + Prime[\[FormalK]])*(-1 + Prime[\[FormalK]]^2)), {\[FormalK], 1, Infinity}]
1152	twenty-vertex entropy constant	algebraic	64	exact	6	x	FOUR, INV, SEVEN, SUBTRACT, SQRT	0.000e+00	8166	3.1	64.0	True	(3*Sqrt[3])/2
1153	golden root	algebraic	64	exact	3	x	GOLDENRATIO, SQR	0.000e+00	41	0.0	63.9	True	2 + 2*Cos[(2*Pi)/5]
1154	Lemniscate constant	special	64	exact	11	PI, SQRT, x, TIMES	EIGHT, SQRT, FOUR, INV, GAMMA, SQR, DIVIDE	0.000e+00	93	47.4	64.0	True	Gamma[1/4]^2/(2*Sqrt[2*Pi])
1156	positive root of the equation 13x^4 - 7x^2 - 581 = 0	algebraic	64	false positive	11	GOLDENRATIO, x, SUBTRACT, ARCSINH	EULER, SINH, SIN, COS, INV, ARCSINH, GAMMA	2.693e-15	76	47.4	14.6	True	Sqrt[1/26*(7+Sqrt[30261])]
1157	sqrt(2) + sqrt(3/2)	algebraic	64	exact	7	x	TWO, SEVEN, ARCCOSH, EXP, DIVIDE, SQRT	0.000e+00	11049	48.3	63.8	True	Sqrt[2] + Sqrt[3/2]
1158	sqrt(7)	algebraic	64	exact	3	x	SEVEN, SQRT	0.000e+00	32	0.0	64.0	True	Sqrt[7]
1159	Gelfond-Schneider constant	elementary	64	exact	5	x	TWO, SQRT, TWO, POWER	0.000e+00	1136	0.3	63.9	True	2^Sqrt[2]
1160	Gamma(1/3)	special	64	exact	4	x	THREE, INV, GAMMA	1.658e-16	202	0.0	63.8	True	Gamma[1/3]
1161	coefficient 'gamma' (see formula) appearing in Otter's result concerning the asymptotics of T_n, the number of non-isomo	none	64	not found	12	PI, SIN, x, POWER, ARCCOSH	PI, SIN, EXP, ARCCOSH, LOG, EXP, TAN	3.985e-15	70	47.4	nan	False	
1162	Khinchin's constant	special	64	not found	12	PI, SIN, x, POWER, ARCCOSH	PI, SIN, EXP, ARCCOSH, LOG, EXP, TAN	3.985e-15	72	47.4	nan	False	Khinchin
1163	Landau-Kolmogorov constant C(5,1) for derivatives in L_2(0, infinity)	none	64	not found	12	PI, SIN, x, POWER, ARCCOSH	PI, SIN, EXP, ARCCOSH, LOG, EXP, TAN	3.985e-15	67	47.1	nan	False	
1164	Euler number	elementary	64	exact	2	x	EULER	0.000e+00	45	0.0	64.0	True	E
1165	pi sqrt(3)/2	elementary	64	exact	6	x	TWO, ARCCOSH, TANH, PI, TIMES	0.000e+00	4620	3.0	64.0	True	Pi*Sqrt[3]/2
1166	log e^(2π)	elementary	64	exact	7	x, PI, DIVIDE, EXP, ARCCOSH	THREE, ARCSINH	0.000e+00	3260	46.5	64.0	True	Log10[E^(2*Pi)]
1167	Sum_{k>=1} sigma(k)/2^k where sigma(k) is the sum of divisors of k, 1 <= d <= k	special	64	not found	12	PI, SIN, x, POWER, ARCCOSH	PI, SIN, EXP, ARCCOSH, LOG, EXP, TAN	3.985e-15	50	46.9	nan	False	Sum[n/(2^n - 1), {n, 1, 500}]
1168	Ramanujan nested radical constant	algebraic	64	exact	11	FIVE, x, TWO, TIMES, SUBTRACT	THREE, FIVE, SQRT, SUBTRACT, ARCSINH, EXP	0.000e+00	59	46.9	64.0	True	(2 + Sqrt[5] + Sqrt[15 - 6*Sqrt[5]])/2
1169	a constant related to A006196	none	64	not found	12	PI, SIN, x, POWER, ARCCOSH	PI, SIN, EXP, ARCCOSH, LOG, EXP, TAN	3.985e-15	56	47.0	nan	False	
1170	C_{1/2}, a constant related to Kolmogorov's inequalities	special	64	exact	11	x, ONE, ARCSIN, DIVIDE, SQRT	FOUR, INV, GAMMA, PI, DIVIDE, SQR	0.000e+00	79	46.7	64.0	True	Gamma[1/4]^2/(Pi*Gamma[3/4]^2)
1171	(1/sqrt(Pi) + e*erfc(-1))/2	special	64	not found	12	PI, SIN, x, POWER, ARCCOSH	PI, SIN, EXP, ARCCOSH, LOG, EXP, TAN	3.985e-15	51	46.6	nan	False	(1/Sqrt[Pi]+E Erfc[-1])/2
1172	'xi', an optimal stopping auxiliary constant associated with the two choice case	none	64	not found	12	PI, SIN, x, POWER, ARCCOSH	PI, SIN, EXP, ARCCOSH, LOG, EXP, TAN	3.985e-15	94	46.6	nan	False	
1173	2*Pi*phi(0), a constant appearing in connection with a study of zeros of the integral of xi(z), where phi(t) and xi(z) a	none	64	not found	12	PI, SIN, x, POWER, ARCCOSH	PI, SIN, EXP, ARCCOSH, LOG, EXP, TAN	3.985e-15	59	46.7	nan	False	
1174	Fransén–Robinson constant	special	64	not found	12	PI, SIN, x, POWER, ARCCOSH	PI, SIN, EXP, ARCCOSH, LOG, EXP, TAN	3.985e-15	72	46.7	nan	False	Integrate[Gamma[x]^(-1), {x, 0, Infinity}]
1175	Murata constant	special	64	false positive	12	NINE, x, LOG, POWER, ARCTAN	PI, LOG, ARCTAN, SINH, LOG, PI, POWER	7.856e-16	67	46.7	15.1	True	Product[1 + (-1 + Prime[\[FormalK]])^(-2), {\[FormalK], 1, Infinity}]
1176	ln(17)	elementary	64	exact	5	x	EIGHT, NINE, PLUS, LOG	0.000e+00	1034	0.3	64.0	True	Log[17]
1177	Born's basic potential Pi_0	none	64	not found	12	PI, SIN, x, POWER, ARCCOSH	PI, SIN, EXP, ARCCOSH, LOG, EXP, TAN	3.985e-15	57	46.9	nan	False	
1178	constant appearing in the variance for searching in a digital tree	none	64	not found	12	PI, SIN, x, POWER, ARCCOSH	PI, SIN, EXP, ARCCOSH, LOG, EXP, TAN	3.985e-15	62	47.4	nan	False	
1179	Hardy-Littlewood prime triples constant	special	64	not found	12	PI, SIN, x, POWER, ARCCOSH	PI, SIN, EXP, ARCCOSH, LOG, EXP, TAN	3.985e-15	61	46.8	nan	False	(9*Product[((-3 + Prime[\[FormalK]])*Prime[\[FormalK]]^2)/(-1 + Prime[\[FormalK]])^3, {\[FormalK], 3, Infinity}])/2
1180	(diagonal)/(shortest side) of 2nd electrum rectangle	none	64	exact	7	x, ARCCOSH	THREE, SQRT, ONE, PLUS, ARCSINH	0.000e+00	6308	46.2	63.8	True	
1181	a second variant of the Komornik-Loreti constant	none	64	not found	12	PI, TAN, x, POWER, ARCCOS	PI, TAN, EXP, ARCCOS, LOG, EULER, POWER	4.026e-15	98	47.9	nan	False	
1182	ln(19)	elementary	64	exact	6	x	FOUR, SQR, THREE, PLUS, LOG	0.000e+00	4031	2.9	63.9	True	Log[19]
1183	Otter's rooted tree constant	none	64	not found	12	PI, SIN, x, POWER, ARCCOSH	PI, SIN, EXP, ARCCOSH, LOG, EXP, TAN	3.985e-15	64	46.8	nan	False	
1184	Landau-Kolmogorov constant C(4,2) for derivatives in L_2(0, infinity)	none	64	not found	12	x, FIVE, TIMES, TANH, LOG	PI, ARCSINH, EIGHT, TIMES, TANH, NEG, PLUS	3.849e-15	60	45.4	nan	False	
1185	B, a constant related to the Goh-Schmutz constant and the asymptotic expected order of a random permutation	none	64	not found	12	PI, SIN, x, POWER, ARCCOSH	PI, SIN, EXP, ARCCOSH, LOG, EXP, TAN	3.985e-15	61	45.7	nan	False	
1186	oloid volume constant	special	64	not found	12	PI, SIN, x, POWER, ARCCOSH	PI, SIN, EXP, ARCCOSH, LOG, EXP, TAN	3.985e-15	60	41.4	nan	False	(2*(2*EllipticE[3/4] + EllipticK[3/4]))/3
1187	Landau-Kolmogorov constant C(3,1) for derivatives in the case L_infinity(0, infinity)	algebraic	64	exact	7	THREE, x, NINE, DIVIDE, POWER	FIVE, GAMMA	0.000e+00	6372	41.2	64.0	True	(243/8)^(1/3)
1188	sqrt(480)/7	algebraic	64	exact	8	x	SEVEN, SIX, GAMMA, SQRT, DIVIDE, TWO, TIMES	0.000e+00	7073	41.2	64.0	True	Sqrt[480]/7
1189	ln(23)	elementary	64	exact	6	x	FOUR, SQR, SEVEN, PLUS, LOG	0.000e+00	3410	2.5	63.8	True	Log[23]
1190	Ramanujan's π-approximation constant	elementary	64	false positive	2	x	PI	0.000e+00	51	0.0	16.2	True	Log[262537412640768000]/Sqrt[163]
1191	Pi	elementary	64	exact	2	x	PI	0.000e+00	51	0.0	64.0	True	Pi
1192	mean value over all positive integers of a function giving the least quadratic nonresidue modulo a given odd integer (th	none	64	not found	12	PI, SIN, x, POWER, ARCCOSH	PI, SIN, EXP, ARCCOSH, LOG, EXP, TAN	3.985e-15	63	40.3	nan	False	
1193	10^(1/2)	algebraic	64	exact	4	x	THREE, ARCSINH, COSH	0.000e+00	237	0.0	64.0	True	10^(1/2)
1194	C = log(2*Pi) + B_3 (where B_3 is A083343), one of Euler totient constants	none	64	not found	12	PI, SIN, x, POWER, ARCCOSH	PI, SIN, EXP, ARCCOSH, LOG, EXP, TAN	3.985e-15	60	41.5	nan	False	
1195	plate constant	special	64	not found	12	PI, SIN, x, POWER, ARCCOSH	PI, SIN, EXP, ARCCOSH, LOG, EXP, TAN	3.985e-15	46	41.4	nan	False	ConditionalExpression[Extension`PlateConstant == \[FormalX], BesselI[1, \[FormalX]]*BesselJ[0, \[FormalX]] + BesselI[0, \[FormalX]]*BesselJ[1, \[FormalX]] == 0 && 3 < \[FormalX] < 7/2]
1196	square of the constant A130834	special	64	not found	12	PI, SIN, x, POWER, ARCCOSH	PI, SIN, EXP, ARCCOSH, LOG, EXP, TAN	3.985e-15	44	42.3	nan	False	Exp[4*Catalan/Pi]
1197	1 + sqrt(5)	algebraic	64	exact	4	x	GOLDENRATIO, GOLDENRATIO, PLUS	0.000e+00	218	0.0	63.9	True	1 + Sqrt[5]
1198	Pálfy's constant c_3	elementary	64	exact	10	x, THREE, POWER	SIX, FIVE, DIVIDE, EIGHT, NINE, TIMES, POWER	0.000e+00	135	45.6	64.0	True	5/3 + Log[9, 32]
1199	rayleigh kurtosis	elementary	64	exact	11	x, SIX, SUBTRACT, SQRT	TWO, COS, ARCSIN, FOUR, COS, ARCSIN, DIVIDE	0.000e+00	63	45.5	64.0	True	(32 - 3*Pi^2)/(4 - Pi)^2
1200	silver root	algebraic	64	exact	8	x	SEVEN, PI, DIVIDE, COS, TWO, TIMES, SQR	0.000e+00	1735	45.6	64.0	True	2 + 2*Cos[(2*Pi)/7]
1201	Lévy's constant 2	elementary	64	exact	8	x	EIGHT, LOG, NEG, ARCSIN, SQR, DIVIDE, EXP	0.000e+00	2322	45.8	64.0	True	E^(Pi^2/(12*Log[2]))
1202	a constant related to A000620, A000622, A000623 and A000625	none	64	not found	12	PI, SIN, x, POWER, ARCCOSH	PI, SIN, EXP, ARCCOSH, LOG, EXP, TAN	3.985e-15	45	46.1	nan	False	
1203	y_2, the second of four non-explicit constants recursively derived from Khintchine's [Khinchin's] constant	none	64	not found	12	PI, SIN, x, POWER, ARCCOSH	PI, SIN, EXP, ARCCOSH, LOG, EXP, TAN	3.985e-15	57	46.1	nan	False	
1204	sqrt(11)	algebraic	64	exact	5	x	TWO, NINE, PLUS, SQRT	0.000e+00	1405	0.3	64.0	True	Sqrt[11]
1205	average value of the Yekutieli-Mandelbrot parameter, that is the average number of maximal subtrees of an ordered binary	special	64	not found	12	PI, SIN, x, POWER, ARCCOSH	PI, SIN, EXP, ARCCOSH, LOG, EXP, TAN	3.985e-15	56	45.1	nan	False	2*Catalan/(Pi*Log[2])+5/2
1206	Reciprocal Fibonacci constant	special	64	false positive	11	SEVEN, ARCCOSH, x, DIVIDE	THREE, SIN, SIN, COSH, SINH, EXP, ARCTAN	9.252e-16	52	46.1	15.0	True	(Sqrt[5]*(EllipticTheta[2, 0, GoldenRatio^(-2)]^2 + (Log[5] + 2*QPolyGamma[0, 1, GoldenRatio^(-4)] - 4*QPolyGamma[0, 1, GoldenRatio^(-2)])/(2*Log[(1 + Sqrt[5])/2])))/4
1207	van der Corput constant	special	64	not found	12	PI, SIN, x, POWER, ARCCOSH	PI, SIN, EXP, ARCCOSH, LOG, EXP, TAN	3.985e-15	58	46.3	nan	False	With[{\[FormalX] = Root[{Cos[#1]*FresnelS[Sqrt[1 - (2*#1)/Pi]] + FresnelC[Sqrt[1 - (2*#1)/Pi]]*Sin[#1] & , -0.726643246813242509590219555941985563257278933469994008688`30.}]}, 2*(Cos[\[FormalX]]*FresnelC[Sqrt[1 - (2*\[FormalX])/Pi]] - FresnelS[Sqrt[1 - (2*\[FormalX])/Pi]]*Sin[\[FormalX]])*Sqrt[Pi]]
1208	ln(29)	elementary	64	exact	6	x	FIVE, GAMMA, FIVE, PLUS, LOG	0.000e+00	3170	3.0	64.0	True	Log[29]
1209	Magata constant	special	64	not found	12	PI, SIN, x, POWER, ARCCOSH	PI, SIN, EXP, ARCCOSH, LOG, EXP, TAN	3.985e-15	48	45.8	nan	False	ConditionalExpression[Extension`MagataConstant == Limit[Sum[Subscript[\[FormalC], \[FormalK]], {\[FormalK], 1, \[FormalN]}], \[FormalN] -> Infinity], Sum[Subscript[\[FormalC], \[FormalK]]*Product[-1 - \[FormalJ] + \[FormalM], {\[FormalJ], 0, -1 + \[FormalK]}], {\[FormalK], 0, -1 + \[FormalN]}] == Prime[\[FormalM]] && \[FormalM] <= \[FormalN]]
1210	meander critical exponent	algebraic	64	exact	11	x, NEG, PLUS, LOG	TWO, SIX, TIMES, INV, ARCSINH, COSH, ARCSINH	0.000e+00	106	45.9	64.0	True	(29 + Sqrt[145])/12
1211	ln(31)	elementary	64	exact	6	x	FIVE, GAMMA, SEVEN, PLUS, LOG	0.000e+00	3644	2.9	63.9	True	Log[31]
1212	y_4, the last of four non-explicit constants recursively derived from Khintchine's [Khinchin's] constant	none	64	not found	12	PI, SIN, x, POWER, ARCCOSH	PI, SIN, EXP, ARCCOSH, LOG, EXP, TAN	3.985e-15	58	46.2	nan	False	
1213	1 + sqrt(6)	algebraic	64	exact	5	x	SIX, SQRT, ONE, PLUS	0.000e+00	1002	0.3	64.0	True	1+Sqrt[6]
1214	best constant K for the integral inequality integral_{0..1} f(x)^2*f'(x)^2 dx <= K*integral_{0..1} f'(x)^4 dx	none	64	not found	12	PI, SIN, x, POWER, ARCCOSH	PI, SIN, EXP, ARCCOSH, LOG, EXP, TAN	3.985e-15	149	46.0	nan	False	
1215	Product_{k>=1} (1-1/2^k)^(-1)	special	64	not found	12	PI, SIN, x, POWER, ARCCOSH	PI, SIN, EXP, ARCCOSH, LOG, EXP, TAN	3.985e-15	200	46.4	nan	False	1/QPochhammer[1/2, 1/2]
1216	square root of 12	algebraic	64	exact	5	x	TWO, SIX, TIMES, SQRT	0.000e+00	2704	0.3	64.0	True	Sqrt[12]
1217	C, a coin tossing constant related to the asymptotic variance of the length of the longest run of consecutive heads	elementary	64	not found	12	PI, SIN, x, POWER, ARCCOSH	PI, SIN, EXP, ARCCOSH, LOG, EXP, TAN	3.985e-15	89	46.1	nan	False	1/12 + Pi^2/(6*Log[2]^2)
1218	gamma = 8*lambda^2, a critical threshold of a boundary value problem, where lambda is Laplace's limit constant A033259	none	64	not found	12	PI, SIN, x, POWER, ARCCOSH	PI, SIN, EXP, ARCCOSH, LOG, EXP, TAN	3.985e-15	70	46.4	nan	False	
1219	infinite product constant	special	64	not found	12	PI, SIN, x, POWER, ARCCOSH	PI, SIN, EXP, ARCCOSH, LOG, EXP, TAN	3.985e-15	78	46.2	nan	False	Product[(1 + \[FormalK]^(-1))^\[FormalK]^(-1), {\[FormalK], 1, Infinity}]
1220	log 10800/π	elementary	64	not found	12	PI, SIN, x, POWER, ARCCOSH	PI, SIN, EXP, ARCCOSH, LOG, EXP, TAN	3.985e-15	97	45.9	nan	False	Log10[10800/Pi]
1221	accumulation point of the logistic map	none	64	not found	12	PI, SIN, x, POWER, ARCCOSH	PI, SIN, EXP, ARCCOSH, LOG, EXP, TAN	3.985e-15	69	47.1	nan	False	
1222	sqrt(13)	algebraic	64	exact	5	x	FOUR, NINE, PLUS, SQRT	0.000e+00	1494	0.3	64.0	True	Sqrt[13]
1223	4*(8 - 4*sqrt(2) - log(2))/(2*sqrt(2) - 1)	elementary	64	not found	12	x, SINH, COS, SIN, TAN	THREE, SIN, TAN, SQR, SIN, FOUR, POWER	3.885e-15	114	47.0	14.4	True	4(8-4Sqrt[2]-Log[2])/(2Sqrt[2]-1)
1224	ln(37)	elementary	64	exact	6	x	SIX, SQR, ONE, PLUS, LOG	0.000e+00	5400	2.9	64.0	True	Log[37]
1225	2 + phi, with the golden section phi from A001622	algebraic	64	exact	4	x	GOLDENRATIO, TWO, PLUS	0.000e+00	232	0.0	64.0	True	2 + GoldenRatio
1226	Gamma(1/4)	special	64	exact	4	x	FOUR, INV, GAMMA	0.000e+00	208	0.0	63.9	True	Gamma[1/4]
1227	'theta', the unique positive root of the equation polygamma(x) = log(Pi), where polygamma(x) gives gamma'(x)/gamma(x), t	none	64	not found	12	PI, SIN, x, POWER, ARCCOSH	PI, SIN, EXP, ARCCOSH, LOG, EXP, TAN	3.985e-15	145	46.9	nan	False	
1228	(65 + 9*sqrt(3))/22	algebraic	64	exact	9	x, FIVE, SUBTRACT	THREE, SQRT, FIVE, PLUS, NINE, DIVIDE	0.000e+00	224	46.4	64.0	True	(65+9Sqrt[3])/22
1229	Sum_{n>=1} prime(n)/(2^n)	special	64	not found	12	PI, SIN, x, POWER, ARCCOSH	PI, SIN, EXP, ARCCOSH, LOG, EXP, TAN	3.985e-15	58	46.8	nan	False	Sum[Prime[i]/2^i,{i,1000}]
1230	ln(41)	elementary	64	exact	6	x	SIX, SQR, FIVE, PLUS, LOG	0.000e+00	3361	2.9	64.0	True	Log[41]
1231	ln(43)	elementary	64	exact	6	x	SIX, SQR, SEVEN, PLUS, LOG	0.000e+00	2498	2.5	64.0	True	Log[43]
1232	ln(47)	elementary	64	exact	6	x	TWO, SEVEN, SQR, SUBTRACT, LOG	0.000e+00	2572	2.5	64.0	True	Log[47]
1233	an optimal stopping constant related to the Secretary problem	none	64	not found	12	PI, SIN, x, POWER, ARCCOSH	PI, SIN, EXP, ARCCOSH, LOG, EXP, TAN	3.985e-15	94	45.7	nan	False	
1234	2D lattice sum analog of Euler γ	special	64	not found	12	PI, SIN, x, POWER, ARCCOSH	PI, SIN, EXP, ARCCOSH, LOG, EXP, TAN	3.985e-15	34	45.8	nan	False	-2*Zeta[1/2]*(Zeta[1/2, 1/4] - Zeta[1/2, 3/4])
1235	-zeta'(1/2)	special	64	not found	12	PI, SIN, x, POWER, ARCCOSH	PI, SIN, EXP, ARCCOSH, LOG, EXP, TAN	3.985e-15	45	45.7	nan	False	-Derivative[1][Zeta][1/2]
1236	ln(53)	elementary	64	exact	6	x	SEVEN, SQR, FOUR, PLUS, LOG	0.000e+00	2329	2.8	64.0	True	Log[53]
1237	1000^(1/5)	algebraic	64	exact	8	x	FIVE, SIX, DIVIDE, THREE, ARCSINH, COSH, POWER	0.000e+00	1971	44.6	64.0	True	1000^(1/5)
1239	ln(59)	elementary	64	exact	6	x	FIVE, EIGHT, SQR, SUBTRACT, LOG	0.000e+00	2285	2.8	64.0	True	Log[59]
1240	ln(61)	elementary	64	exact	6	x	THREE, EIGHT, SQR, SUBTRACT, LOG	0.000e+00	2251	2.4	64.0	True	Log[61]
1241	sqrt(17)	algebraic	64	exact	4	x	FOUR, ARCSINH, COSH	0.000e+00	281	0.0	64.0	True	Sqrt[17]
1242	sqrt(2*Pi*e)	elementary	64	exact	7	x	PI, PI, PLUS, EULER, TIMES, SQRT	0.000e+00	8499	44.6	64.0	True	Sqrt[2Pi E]
1243	Hardy-Littlewood prime quadruples constant	special	64	not found	12	x, TAN, ARCCOSH, SQR, SINH	GOLDENRATIO, COSH, SIX, LOG, ARCSINH, ARCSINH, POWER	3.759e-15	34	44.7	14.4	True	(27*Product[((-4 + Prime[\[FormalK]])*Prime[\[FormalK]]^3)/(-1 + Prime[\[FormalK]])^4, {\[FormalK], 3, Infinity}])/2
1244	four thirds pi	elementary	64	exact	4	x, TAN	THREE, SQRT	0.000e+00	324	0.0	64.0	True	4*Pi/3
1245	ln(67)	elementary	64	exact	6	x	EIGHT, SQR, THREE, PLUS, LOG	0.000e+00	2095	2.8	64.0	True	Log[67]
1246	(4*sqrt(2)*Pi^2)/gamma(1/4)^2	special	64	exact	9	EIGHT, SQRT, x, DIVIDE	TWO, LOG, SINH, GAMMA, SQR	0.000e+00	307	44.1	64.0	True	(4*Sqrt[2]*Pi^2)/Gamma[1/4]^2
1247	ln(71)	elementary	64	exact	6	x	EIGHT, SQR, SEVEN, PLUS, LOG	0.000e+00	2836	2.8	64.0	True	Log[71]
1248	Pi*e/2	elementary	64	exact	5	x	ONE, ARCSIN, EULER, TIMES	2.080e-16	1256	0.2	64.0	True	(Pi*E)/2
1249	ln(73)	elementary	64	exact	6	x	EIGHT, SQR, NINE, PLUS, LOG	0.000e+00	2457	2.5	64.0	True	Log[73]
1250	asymptotic value of the second raw moment of the maximal exponent in the prime factorizations of n (A051903)	special	64	false positive	12	x, EXP, SQRT, SIN, SINH	THREE, LOG, GAMMA, SIN, THREE, TANH, TIMES	2.271e-15	76	43.9	14.6	True	1 + Sum[(2*j - 1)*(1 - 1/Zeta[j]), {j, 2, 400}]
1251	Korn constant	rational	64	exact	7	x	SEVEN, INV, TWO, SUBTRACT, EIGHT, DIVIDE	0.000e+00	16279	43.8	64.0	True	56/13
1252	alpha, the unique solution on [2,oo) of the equation alpha*log((2*e)/alpha)=1	special	64	not found	12	PI, TAN, x, POWER, ARCCOS	EIGHT, NINE, PLUS, EIGHT, INV, SQRT, POWER	3.985e-15	140	43.4	nan	False	-1/ProductLog[-1/(2*E)]
1253	sqrt(19)	algebraic	64	exact	6	x	FOUR, SQR, THREE, PLUS, SQRT	0.000e+00	5946	2.9	64.0	True	Sqrt[19]
1254	ln(79)	elementary	64	exact	6	x	TWO, NINE, SQR, SUBTRACT, LOG	0.000e+00	1968	2.3	64.0	True	Log[79]
1255	Hayman constant	special	64	exact	9	x, SQRT, PI, DIVIDE, SQRT	TWO, LOG, SINH, GAMMA	0.000e+00	330	42.1	64.0	True	Gamma[1/4]^4/(4*Pi^2)
1256	ln(83)	elementary	64	exact	6	x	NINE, SQR, TWO, PLUS, LOG	0.000e+00	1977	2.7	64.0	True	Log[83]
1257	pi(2)^(1/2)	elementary	64	exact	5	x	TWO, SQRT, PI, TIMES	0.000e+00	1005	0.2	64.0	True	Pi*2^(1/2)
1258	ln(89)	elementary	64	exact	6	x	NINE, SQR, EIGHT, PLUS, LOG	0.000e+00	1780	2.3	64.0	True	Log[89]
1259	Freiman constant	algebraic	64	not found	12	PI, SIN, x, POWER, ARCCOSH	PI, SIN, EXP, ARCCOSH, LOG, EXP, TAN	3.985e-15	41	42.4	nan	False	(2221564096 + 283748*Sqrt[462])/491993569
1260	Van der Pauw constant	elementary	64	exact	5	x	TWO, LOG, PI, DIVIDE	0.000e+00	1180	0.3	64.0	True	Pi/Log[2]
1261	Gasper constant	algebraic	64	not found	12	PI, SIN, x, POWER, ARCCOSH	PI, SIN, EXP, ARCCOSH, LOG, EXP, TAN	3.985e-15	33	41.3	nan	False	Root[-1134 - 3780*#1 - 5013*#1^2 - 3247*#1^3 - 948*#1^4 - 14*#1^5 + 55*#1^6 + 9*#1^7 & , 1]
1262	ln(97)	elementary	64	exact	7	x	TWO, ARCCOSH, FOUR, TIMES, COSH, LOG	0.000e+00	7814	40.0	64.0	True	Log[97]
1263	2ln(10)	elementary	64	exact	6	x	NEG, NINE, SUBTRACT, SQR, LOG	0.000e+00	4186	2.5	64.0	True	2*Log[10]
1264	100^(1/3)	algebraic	64	exact	7	THREE, x, POWER	NEG, NINE, SUBTRACT, SQR	0.000e+00	6382	39.8	64.0	True	100^(1/3)
1265	Product_{p prime} (1 + 1/p^(4/3) + 1/p^(5/3))	none	64	not found	12	PI, SIN, x, POWER, ARCCOSH	PI, SIN, EXP, ARCCOSH, LOG, EXP, TAN	3.985e-15	62	39.8	nan	False	
1266	Feigenbaum delta	none	64	not found	12	PI, x, POWER, SQR, COS	SIX, ARCSINH, SQR, NEG, ARCSIN, TIMES, TANH	3.584e-15	63	39.7	14.4	True	
1267	3pi/2	elementary	64	exact	5	x	NEG, ARCSIN, PI, SUBTRACT	0.000e+00	2396	0.2	64.0	True	3*Pi/2
1268	rod constant	special	64	not found	12	PI, SIN, x, POWER, ARCCOSH	PI, SIN, EXP, ARCCOSH, LOG, EXP, TAN	3.985e-15	73	39.5	nan	False	Root[{-1 + Cos[#1]*Cosh[#1] & , 4.730040744862704026`19.67486488179338}]
1269	sqrt(23)	algebraic	64	exact	6	x	FOUR, SQR, SEVEN, PLUS, SQRT	0.000e+00	7218	2.7	64.0	True	Sqrt[23]
1270	John constant lower bound	special	64	exact	4	x	PI, EXP, SQRT	0.000e+00	378	0.0	64.0	True	I^(-I)
1271	two-arc beam detection constant	special	64	not found	12	PI, SIN, x, POWER, ARCCOSH	PI, SIN, EXP, ARCCOSH, LOG, EXP, TAN	3.985e-15	59	39.0	nan	False	ConditionalExpression[Extension`TwoArcApproximationBeamDetectionConstant == -2*\[FormalA] - \[FormalB] + 2*Pi - Cos[\[FormalB]/2] + Sec[\[FormalB]/2] + 2*Tan[\[FormalA]/2] + Sin[\[FormalB]/2]*Tan[\[FormalA]/2], \[FormalA] == 4*ArcTan[Sqrt[\[FormalC]]] && \[FormalB] == 2*ArcSin[2*Cos[\[FormalA]]] && \[FormalB] == 2*ArcSin[2*Cos[\[FormalA]]] && \[FormalC] == Root[1 + 65*\[FormalX] - 2139*\[FormalX]^2 + 20476*\[FormalX]^3 - 78054*\[FormalX]^4 + 126214*\[FormalX]^5 - 78054*\[FormalX]^6 + 20476*\[FormalX]^7 - 2139*\[FormalX]^8 + 65*\[FormalX]^9 + \[FormalX]^10, \[FormalX], 4]]
1272	second moment of the reciprocal gamma distribution	none	64	not found	12	PI, SIN, x, POWER, ARCCOSH	PI, SIN, EXP, ARCCOSH, LOG, EXP, TAN	3.985e-15	120	39.1	nan	False	
1273	unique solution > 1 of the equation x*log(x)=2(x-1)	none	64	not found	12	PI, SIN, x, POWER, ARCCOSH	PI, SIN, EXP, ARCCOSH, LOG, EXP, TAN	3.985e-15	29	41.4	nan	False	
1274	xi_3 = 5*G, the volume of an ideal hyperbolic cube, where G is Gieseking's constant	none	64	not found	12	x, PI, TIMES, TANH, ARCCOS	SEVEN, EIGHT, POWER, ARCSINH, EULER, POWER, INV	3.677e-15	107	41.6	nan	False	
1275	'lambda', a Sobolev isoperimetric constant related to the "rod inequality", arising from the elasticity study of a rod t	none	64	not found	12	PI, SIN, x, POWER, ARCCOSH	PI, SIN, EXP, ARCCOSH, LOG, EXP, TAN	3.985e-15	36	41.9	nan	False	
1276	Lower limit of backward value of 5^n	none	64	not found	12	PI, SIN, x, POWER, ARCCOSH	PI, SIN, EXP, ARCCOSH, LOG, EXP, TAN	3.985e-15	31	42.5	nan	False	
1277	hypersphere maximal volume dimension constant	special	64	false positive	12	FOUR, x, SUBTRACT, ARCCOSH, INV	THREE, TANH, SINH, THREE, POWER, ARCCOSH, ARCSINH	1.690e-15	43	42.8	14.8	True	Root[{-2 + Log[Pi]*#1 - PolyGamma[0, #1/2]*#1 & , 5.25694640486057678013283838869`29.720733549361597}]
1278	2*Pi^2*log(2) - 7*zeta(3)	special	64	false positive	12	x, SIN, SQR, ARCCOS, ARCCOS	ONE, SINH, SIN, GAMMA, ARCSINH, GOLDENRATIO, SUBTRACT	8.430e-16	49	42.7	15.0	True	2Pi^2Log[2]-7Zeta[3]
1279	log 648000/π	elementary	64	not found	12	x, THREE, TIMES, TANH, ARCCOS	SEVEN, EIGHT, POWER, ARCSINH, EULER, POWER, INV	3.677e-15	121	42.3	nan	False	Log10[648000/Pi]
1280	Pi*csc(Pi/5)	elementary	64	exact	7	x	FIVE, PI, DIVIDE, SIN, PI, DIVIDE	1.662e-16	4610	43.1	64.0	True	Pi*Csc[Pi/5]
1281	sqrt(29)	algebraic	64	exact	6	x	FIVE, GAMMA, FIVE, PLUS, SQRT	0.000e+00	4866	2.8	64.0	True	Sqrt[29]
1282	analog of Lévy's constant in case of the nearest integer continued fraction of -1/2<x<1/2	elementary	64	exact	8	x, LOG	TWO, ARCSINH, NEG, ARCSIN, SQR, DIVIDE	0.000e+00	2594	41.9	64.0	True	Exp[Pi^2/(12*Log[GoldenRatio])]
1283	sqrt(31)	algebraic	64	exact	6	x	FIVE, GAMMA, SEVEN, PLUS, SQRT	0.000e+00	6665	3.0	64.0	True	Sqrt[31]
1284	pi^(3/2)	elementary	64	exact	5	x	THREE, PI, POWER, SQRT	0.000e+00	1973	0.2	64.0	True	Pi^(3/2)
1285	1000^(1/4)	algebraic	64	exact	7	x	THREE, THREE, ARCSINH, COSH, POWER, SQRT	0.000e+00	9302	41.4	64.0	True	1000^(1/4)
1286	a constant related to A000151	none	64	not found	12	PI, SIN, x, POWER, ARCCOSH	PI, SIN, EXP, ARCCOSH, LOG, EXP, TAN	3.985e-15	47	42.3	nan	False	
1287	c for which b(n+1) = c^(b(n)/n) neither explodes nor converges (A278453)	none	64	not found	12	PI, SIN, x, POWER, ARCCOSH	PI, SIN, EXP, ARCCOSH, LOG, EXP, TAN	3.985e-15	97	42.4	nan	False	
1288	'lambda', a Sobolev isoperimetric constant related to the "membrane inequality", arising from the study of a vibrating m	none	64	not found	12	PI, SIN, x, POWER, ARCCOSH	PI, SIN, EXP, ARCCOSH, LOG, EXP, TAN	3.985e-15	77	42.3	nan	False	
1289	zeta(3/4) * Product_{p prime} (1 + 1/p^(5/4) - 1/p^2 - 1/p^(9/4)) (negated)	none	64	not found	12	PI, SIN, x, POWER, ARCCOSH	PI, SIN, EXP, ARCCOSH, LOG, EXP, TAN	3.985e-15	87	41.9	nan	False	
1290	sqrt(37)	algebraic	64	exact	4	x, ARCCOSH	SIX, ARCSINH	0.000e+00	312	0.0	64.0	True	Sqrt[37]
1291	Tau	elementary	64	exact	4	x	PI, PI, PLUS	0.000e+00	275	0.0	64.0	True	2*Pi
1292	2 Pi/sin(arctan(2 Pi))	elementary	64	exact	6	x	PI, PI, PLUS, ARCSINH, COSH	0.000e+00	2114	2.4	64.0	True	2*Pi/Sin[ArcTan[2*Pi]]
1293	sqrt(41)	algebraic	64	exact	6	x	SIX, SQR, FIVE, PLUS, SQRT	0.000e+00	6041	2.2	64.0	True	Sqrt[41]
1294	sqrt(43)	algebraic	64	exact	6	x	SIX, SQR, SEVEN, PLUS, SQRT	0.000e+00	3190	2.2	64.0	True	Sqrt[43]
1295	Froda constant	elementary	64	exact	4	x	EULER, TWO, POWER	1.350e-16	296	0.0	64.0	True	2^E
1296	(real) period of the elliptic function sn(x,1/2)	special	64	not found	12	PI, SIN, x, POWER, ARCCOSH	PI, SIN, EXP, ARCCOSH, LOG, EXP, TAN	3.985e-15	36	41.4	nan	False	8*EllipticK[-1/3]/Sqrt[3]
1297	sqrt(47)	algebraic	64	exact	6	x	TWO, SEVEN, SQR, SUBTRACT, SQRT	0.000e+00	5221	2.8	64.0	True	Sqrt[47]
1298	3ln(10)	elementary	64	exact	7	x	THREE, FIVE, POWER, EIGHT, TIMES, LOG	0.000e+00	12050	41.0	64.0	True	3*Log[10]
1299	John constant upper bound	special	64	false positive	12	x, PI, PLUS, EXP, SIN	PI, COSH, FOUR, ARCTAN, GAMMA, SUBTRACT, TANH	4.943e-16	39	40.3	15.4	True	ConditionalExpression[Extension`JohnConstantUpperBound == Exp[\[FormalLambda]*Pi], Pi/Exp[2*\[FormalLambda]*Pi] == Sum[(\[FormalK]*Exp[-1/2*(\[FormalK]*Pi)/\[FormalLambda]])/(\[FormalK]^2 + \[FormalLambda]^2), {\[FormalK], 1, Infinity}]]
1300	hypersphere maximal surface area dimension constant	special	64	false positive	12	SIX, x, SUBTRACT, ARCCOSH, INV	THREE, TANH, SINH, THREE, POWER, ARCCOSH, ARCSINH	1.224e-15	48	41.7	14.9	True	Root[{Log[Pi] - PolyGamma[0, #1/2] & , 7.25694640486057678013283838869`29.860753915673623}]
1301	sqrt(53)	algebraic	64	exact	6	x	SEVEN, SQR, FOUR, PLUS, SQRT	0.000e+00	3473	2.8	64.0	True	Sqrt[53]
1302	c_o, coefficient associated with the asymptotic evaluation c_o*2^(n^2/4) of the number of subspaces of the n-dimensional	none	64	not found	12	PI, SIN, x, POWER, ARCCOSH	PI, SIN, EXP, ARCCOSH, LOG, EXP, TAN	3.985e-15	45	40.9	nan	False	
1303	c_e, coefficient associated with the asymptotic evaluation c_e*2^(n^2/4) of the number of subspaces of the n-dimensional	none	64	not found	12	PI, SIN, x, POWER, ARCCOSH	PI, SIN, EXP, ARCCOSH, LOG, EXP, TAN	3.985e-15	45	40.2	nan	False	
1304	e^2	elementary	64	exact	3	x	TWO, EXP	0.000e+00	55	0.0	64.0	True	E^2
1305	sqrt(59)	algebraic	64	exact	6	x	FIVE, EIGHT, SQR, SUBTRACT, SQRT	0.000e+00	2716	2.4	64.0	True	Sqrt[59]
1306	digital search tree θ constant	special	64	not found	12	PI, SIN, x, POWER, ARCCOSH	PI, SIN, EXP, ARCCOSH, LOG, EXP, TAN	3.985e-15	47	35.7	nan	False	Sum[(2^(((-1 + \[FormalK])*\[FormalK])/2)*\[FormalK]*Sum[(-1 + 2^\[FormalI])^(-1), {\[FormalI], 1, \[FormalK]}])/Product[-1 + 2^\[FormalJ], {\[FormalJ], 1, \[FormalK]}], {\[FormalK], 1, Infinity}]
1307	sqrt(61)	algebraic	64	exact	6	x	THREE, EIGHT, SQR, SUBTRACT, SQRT	0.000e+00	3015	2.4	64.0	True	Sqrt[61]
1308	Sierpiński's third constant, K3 = lim_{n->oo} ((1/n) * (Sum_{i=1..n} (A004018(i))^2) - 4 * log(n))	special	64	not found	12	PI, SIN, x, POWER, ARCCOSH	PI, SIN, EXP, ARCCOSH, LOG, EXP, TAN	3.985e-15	64	35.8	nan	False	4/3 (24*Log[Gamma[3/4]] - 12*Log[Pi] + 72*Log[Glaisher] - 5*Log[2] + 6*EulerGamma - 3)
1309	sqrt(67)	algebraic	64	exact	6	x	EIGHT, SQR, THREE, PLUS, SQRT	0.000e+00	2528	2.5	64.0	True	Sqrt[67]
1310	sqrt(71)	algebraic	64	exact	6	x	EIGHT, SQR, SEVEN, PLUS, SQRT	0.000e+00	4009	2.3	64.0	True	Sqrt[71]
1311	sqrt(73)	algebraic	64	exact	6	x	EIGHT, SQR, NINE, PLUS, SQRT	0.000e+00	4404	2.2	64.0	True	Sqrt[73]
1312	polygon circumscription constant	special	64	not found	12	PI, SIN, x, POWER, ARCCOSH	PI, SIN, EXP, ARCCOSH, LOG, EXP, TAN	3.985e-15	261	39.0	nan	False	Product[Sec[Pi/\[FormalK]], {\[FormalK], 3, Infinity}]
1313	sqrt(79)	algebraic	64	exact	6	x	TWO, NINE, SQR, SUBTRACT, SQRT	0.000e+00	4830	2.7	64.0	True	Sqrt[79]
1314	sqrt(83)	algebraic	64	exact	6	x	NINE, SQR, TWO, PLUS, SQRT	0.000e+00	4861	2.2	64.0	True	Sqrt[83]
1315	4ln(10)	elementary	64	exact	7	x	NEG, NINE, SUBTRACT, SQR, SQR, LOG	0.000e+00	11862	34.7	64.0	True	4*Log[10]
1316	Varga's constant	none	64	not found	12	FOUR, FIVE, TIMES, x, DIVIDE	FIVE, SQR, SINH, FOUR, SIN, PLUS, TAN	3.825e-15	144	35.1	nan	False	
1317	3pi	elementary	64	exact	4	x	PI, THREE, TIMES	0.000e+00	212	0.0	64.0	True	3*Pi
1318	sqrt(89)	algebraic	64	exact	6	x	NINE, SQR, EIGHT, PLUS, SQRT	0.000e+00	2147	2.3	64.0	True	Sqrt[89]
1319	Wagon's constant	none	64	not found	12	PI, SIN, x, POWER, ARCCOSH	PI, SIN, EXP, ARCCOSH, LOG, EXP, TAN	3.985e-15	116	34.6	nan	False	
1320	Product_{p prime} (1 + 1/p^(5/4) + 1/p^(3/2) + 1/p^(7/4))	none	64	not found	12	SEVEN, GAMMA, x, SUBTRACT, SINH	SEVEN, GAMMA, GOLDENRATIO, SUBTRACT, EIGHT, PLUS, SINH	0.000e+00	132	34.9	nan	False	
1321	sqrt(97)	algebraic	64	exact	7	x	FOUR, SQR, NINE, SQR, PLUS, SQRT	0.000e+00	18499	39.0	64.0	True	Sqrt[97]
1322	π^2	elementary	64	exact	3	x	PI, SQR	0.000e+00	36	0.0	64.0	True	Pi^2
1323	smallest number > 1 with the same digits in decimal and binary	none	64	not found	12	SEVEN, GAMMA, x, SUBTRACT, SINH	SEVEN, GAMMA, FIVE, ARCSINH, EXP, SUBTRACT, SINH	0.000e+00	65	38.4	nan	False	
1324	2*zeta(3/2)^4/(3*sqrt(2*Pi)*zeta(3))	special	64	not found	12	SEVEN, GAMMA, x, SUBTRACT, SINH	PI, SEVEN, POWER, NEG, ARCSIN, TIMES, SINH	0.000e+00	77	37.9	nan	False	2*Zeta[3/2]^4/(3*Sqrt[2*Pi]*Zeta[3])
1325	e^(Pi^2/(6*log(2)))	elementary	64	exact	8	x	EIGHT, LOG, PI, SQR, DIVIDE, EXP, SQRT	0.000e+00	2822	34.6	63.4	True	E^(Pi^2/(6Log[2]))
1326	z_c = phi^5 (where phi is the golden ratio), a lattice statistics constant which is the exact value of the critical acti	algebraic	64	exact	4	x	FIVE, GOLDENRATIO, POWER	1.602e-16	237	0.0	63.5	True	GoldenRatio^5
1327	5ln(10)	elementary	64	exact	7	x	FIVE, NEG, NINE, SUBTRACT, POWER, LOG	0.000e+00	4963	36.7	63.4	True	5*Log[10]
1328	4pi	elementary	64	exact	4	x	PI, FOUR, TIMES	0.000e+00	229	0.0	64.0	True	4*Pi
1329	6ln(10)	elementary	64	exact	7	x	SIX, NEG, NINE, SUBTRACT, POWER, LOG	0.000e+00	7459	33.7	63.5	True	6*Log[10]
1330	Imaginary part of first non-trivial zero of zeta function	special	64	not found	12	PI, SIN, x, POWER, ARCCOSH	PI, SIN, EXP, ARCCOSH, LOG, EXP, TAN	3.985e-15	101	32.9	nan	False	Im[ZetaZero[1]]
1331	Product_{j>=1, j!=2} zeta(j/2) (negated)	none	64	not found	12	x, TANH, GAMMA, ARCCOSH, ARCSIN	EULER, SIX, TIMES, TANH, ARCCOS, FOUR, TIMES	3.651e-15	193	35.6	nan	False	
1332	exponential reiterated constant	elementary	64	exact	3	x	EULER, EXP	1.172e-16	51	0.0	63.6	True	E^E
1333	5pi	elementary	64	exact	4	x	PI, FIVE, TIMES	0.000e+00	283	0.0	64.0	True	5*Pi
1334	7ln(10)	elementary	64	exact	7	x	SEVEN, NEG, NINE, SUBTRACT, POWER, LOG	0.000e+00	7574	31.7	63.7	True	7*Log[10]
1335	Product_{p prime} (1 + 1/p^(6/5) + 1/p^(7/5) - 1/p^2 - 1/p^(11/5) - 1/p^(12/5)) (negated)	none	64	not found	12	x, TANH, SQRT, ARCTANH, COSH	EIGHT, ARCTAN, PI, PLUS, TAN, EIGHT, POWER	3.557e-15	4172	33.2	nan	False	
1336	8ln(10)	elementary	64	exact	7	x	EIGHT, NEG, NINE, SUBTRACT, POWER, LOG	0.000e+00	9702	31.5	63.9	True	8*Log[10]
1337	6pi	elementary	64	exact	4	x	PI, SIX, TIMES	0.000e+00	231	0.0	63.7	True	6*Pi
1338	Product_{p prime} (1 + 1/p^(6/5) + 1/p^(7/5) + 1/p^(8/5) + 1/p^(9/5))	none	64	false positive	12	x, SIN, SIN, SIN, TAN	SIX, ARCCOSH, TWO, DIVIDE, NINE, TIMES, COS	3.471e-15	146	31.6	14.5	True	
1339	e^pi - pi	elementary	64	exact	5	x	PI, PI, EXP, SUBTRACT	1.776e-16	740	0.2	63.9	True	E^Pi - Pi
1340	e^3	elementary	64	exact	3	x	THREE, EXP	0.000e+00	40	0.0	64.0	True	E^3
1341	9ln(10)	elementary	64	exact	7	x	NINE, NEG, NINE, SUBTRACT, POWER, LOG	0.000e+00	5253	29.8	64.0	True	9*Log[10]
1342	imaginary part of 2nd nontrivial zero of Riemann zeta function	none	64	not found	12	x, TWO, SUBTRACT, TANH, GAMMA	SEVEN, EXP, NEG, ARCTAN, TAN, GAMMA, SUBTRACT	4.701e-15	247	31.0	nan	False	
1343	7pi	elementary	64	exact	4	x	PI, SEVEN, TIMES	0.000e+00	184	0.0	63.8	True	7*Pi
1344	pi pow e	elementary	64	exact	4	x	EULER, PI, POWER	1.582e-16	163	0.0	63.7	True	Pi^E
1345	Gelfond's constant	elementary	64	exact	3	x	PI, EXP	1.535e-16	45	0.0	64.0	True	E^Pi
1346	imaginary part of 3rd nontrivial zero of Riemann zeta function	none	64	not found	12	x, SIX, SUBTRACT, TANH, GAMMA	SEVEN, EXP, NEG, ARCTAN, TAN, GAMMA, SUBTRACT	3.951e-15	177	29.1	nan	False	
1347	8pi	elementary	64	exact	4	x	PI, EIGHT, TIMES	0.000e+00	225	0.0	64.0	True	8*Pi
1348	9pi	elementary	64	exact	4	x	PI, NINE, TIMES	0.000e+00	264	0.0	64.0	True	9*Pi
1349	pi cubed	elementary	64	exact	4	x	THREE, PI, POWER	1.146e-16	696	0.0	63.9	True	Pi^3
1350	π^π	elementary	64	exact	4	x	PI, PI, POWER	1.949e-16	114	0.0	64.0	True	Pi^Pi
1351	e^4	elementary	64	exact	3	x	FOUR, EXP	0.000e+00	52	0.0	64.0	True	E^4
1352	radian	elementary	64	exact	7	x	ONE, ARCTAN, FIVE, DIVIDE, NINE, TIMES	0.000e+00	15293	22.6	64.0	True	180/Pi
1353	pi^4	elementary	64	exact	4	x	PI, SQR, SQR	1.459e-16	196	0.0	64.0	True	Pi^4
1354	Product_{j>=1, j!=3} zeta(j/3)	none	64	not found	12	EIGHT, x, POWER, ARCTAN, TAN	EULER, SEVEN, POWER, ONE, ARCSIN, TAN, SUBTRACT	3.655e-15	181	20.4	nan	False	
1355	Golden angle degrees	algebraic	64	exact	8	x	GOLDENRATIO, SQR, SIX, GAMMA, DIVIDE, THREE, TIMES	0.000e+00	4765	20.4	63.7	True	180*(3 - Sqrt[5])
1356	e^5	elementary	64	exact	3	x	FIVE, EXP	0.000e+00	37	0.0	64.0	True	E^5
1357	pi^5	elementary	64	exact	4	x	FIVE, PI, POWER	1.858e-16	118	0.0	64.0	True	Pi^5
1358	e^6	elementary	64	exact	3	x	SIX, EXP	0.000e+00	50	0.0	64.0	True	E^6
1359	e^(2pi)	elementary	64	exact	4	x	PI, EXP, SQR	2.123e-16	157	0.0	64.0	True	E^(2*Pi)
1360	Jenny constant	elementary	64	exact	11	PI, SQR, x, DIVIDE	NINE, ONE, SINH, SEVEN, POWER, SQR, SUBTRACT	1.310e-16	51	17.9	64.0	True	(-9 + 7^(-E^(-1) + E))*Pi^2
1361	pi^6	elementary	64	exact	4	x	SIX, PI, POWER	2.365e-16	177	0.0	64.0	True	Pi^6
1362	e^7	elementary	64	exact	3	x	SEVEN, EXP	0.000e+00	34	0.0	63.7	True	E^7
1363	e^8	elementary	64	exact	3	x	EIGHT, EXP	0.000e+00	43	0.0	63.9	True	E^8
1364	pi^7	elementary	64	exact	4	x	SEVEN, PI, POWER	3.011e-16	140	0.0	63.9	True	Pi^7
1365	10800/π	elementary	64	exact	9	x, THREE, DIVIDE	SEVEN, GAMMA, FIVE, TIMES, PI, DIVIDE	0.000e+00	1865	16.8	64.0	True	10800/Pi
1366	e^9	elementary	64	exact	3	x	NINE, EXP	0.000e+00	57	0.0	64.0	True	E^9
1367	Gram point crossover constant	special	64	not found	12	x, SQR, SQR, ARCTAN, COS	SEVEN, SINH, ONE, ARCSIN, TAN, SUBTRACT, INV	3.580e-15	268	16.2	nan	False	Root[{-RiemannSiegelTheta[#1] + Pi*#1 & , 9146.69819317145926586619766347`29.961264349227967}]
1368	pi^8	elementary	64	exact	4	x	EIGHT, PI, POWER	3.834e-16	147	0.0	64.0	True	Pi^8
1369	e^(3pi)	elementary	64	exact	5	x, LOG	PI, THREE, TIMES	0.000e+00	1296	0.1	63.6	True	E^(3*Pi)
1370	e^10	elementary	64	exact	4	x, SQRT	FIVE, EXP	0.000e+00	179	0.0	63.7	True	E^10
1371	pi^9	elementary	64	exact	4	x	NINE, PI, POWER	3.661e-16	155	0.0	64.0	True	Pi^9
1372	pi^10	elementary	64	exact	5	x	FIVE, PI, POWER, SQR	3.108e-16	969	0.1	64.0	True	Pi^10
1373	648000/π	elementary	64	exact	10	x, FIVE, DIVIDE	SIX, GAMMA, THREE, TIMES, SQR, PI, DIVIDE	0.000e+00	586	14.7	64.0	True	648000/Pi
1374	e^(4pi)	elementary	64	exact	5	x, LOG	PI, FOUR, TIMES	0.000e+00	1626	0.1	64.0	True	E^(4*Pi)
1375	e^(5pi)	elementary	64	exact	5	x, LOG	PI, FIVE, TIMES	0.000e+00	1318	0.1	64.0	True	E^(5*Pi)
1376	e^(6pi)	elementary	64	exact	5	x, LOG	PI, SIX, TIMES	0.000e+00	1361	0.1	63.9	True	E^(6*Pi)
1377	e^(7pi)	elementary	64	exact	5	x, LOG	PI, SEVEN, TIMES	0.000e+00	1306	0.1	64.0	True	E^(7*Pi)
1378	e^(8pi)	elementary	64	exact	5	x, LOG	PI, EIGHT, TIMES	0.000e+00	1502	0.1	64.0	True	E^(8*Pi)
1379	e^(9pi)	elementary	64	exact	5	x, LOG	PI, NINE, TIMES	0.000e+00	1287	0.1	64.0	True	E^(9*Pi)
1380	e^(10pi)	elementary	64	exact	6	x, SQRT, LOG	PI, FIVE, TIMES	0.000e+00	5813	0.8	64.0	True	E^(10*Pi)
1381	Ramanujan's constant	elementary	64	exact	11	x, LOG, PI, DIVIDE, SQR	NINE, INV, ARCSINH, COSH, LOG, TANH	0.000e+00	512	10.6	64.0	True	E^(Sqrt[163]*Pi)
