id	name	class	digits	verdict	total	LHS	RHS	REL_ERR	candidates	ms	agree	solved	formula
1	conic constant	elementary	64	exact	4	x, SQR	FOUR, EXP	0.000e+00	42	0.0	64.0	True	-E^2
2	log π/648000	elementary	64	not found	12	x, SEVEN, SEVEN, LOG, SUBTRACT, SUBTRACT	EULER, INV, SQR, EIGHT, INV, PLUS	1.891e-10	2	26.8	9.7	True	Log10[Pi/648000]
3	log π/10800	elementary	64	not found	11	x, EULER, PLUS, x, TIMES, EXP	TWO, EXP, PI, SUBTRACT, SQR	8.678e-11	8	28.3	10.1	True	Log10[Pi/10800]
4	log e^(-2π)	elementary	64	exact	9	x, PI, DIVIDE	ONE, NINE, PLUS, INV, SQRT, LOG	0.000e+00	310	27.8	64.0	True	Log10[E^(-2*Pi)]
5	(1 + 1/e)/(1/e - 1) = -coth(1/2)	elementary	64	exact	8	x, ONE, PLUS	EULER, ONE, SUBTRACT, TWO, DIVIDE	0.000e+00	697	27.5	63.9	True	(1 + 1/E)/(1/E - 1)
6	Madelung 6D square lattice constant	special	64	not found	12	x, SQR, EXP, EULER, SQR, PLUS	PI, GOLDENRATIO, SEVEN, POWER, DIVIDE, SQR	3.203e-10	12	27.4	9.5	True	(3*(4*DirichletBeta[5/2]*(-1 + Sqrt[2])*Zeta[1/2] - DirichletBeta[1/2]*(-1 + 4*Sqrt[2])*Zeta[5/2]))/Pi^2
7	Madelung 4D square lattice constant	special	64	not found	12	SEVEN, EXP, NINE, x, POWER, DIVIDE	ONE, EULER, FOUR, SUBTRACT, INV, SUBTRACT	5.651e-11	8	28.0	10.2	True	-8*(5 - 3*Sqrt[2])*Zeta[-1/2]*Zeta[1/2]
8	log π/180	elementary	64	exact	11	x, ONE, NINE, PLUS, POWER	SIX, SQR, FIVE, TIMES, PI, DIVIDE	0.000e+00	5	29.1	64.0	True	Log10[Pi/180]
9	Madelung 2D square lattice constant	special	64	not found	12	x, PI, PLUS, GOLDENRATIO, EXP, DIVIDE	EULER, SIX, SUBTRACT, INV, THREE, PLUS	2.637e-10	7	27.5	9.6	True	4*DirichletBeta[1/2]*(-1 + Sqrt[2])*Zeta[1/2]
10	Bateman-Grosswald constant	special	64	not found	12	x, SQR, LOG, SQR, LOG, SQR	FIVE, NINE, INV, GOLDENRATIO, POWER, DIVIDE	1.296e-10	0	28.7	9.9	True	Zeta[2/3]/Zeta[2]
11	log e^(-π)	elementary	64	exact	8	x, PI, DIVIDE	ONE, NINE, PLUS, INV, LOG	0.000e+00	770	29.2	64.0	True	Log10[E^(-Pi)]
12	log 1/4π	elementary	64	exact	9	x, ONE, NINE, PLUS, POWER	PI, FOUR, TIMES, INV	0.000e+00	35	27.9	63.8	True	Log10[1/(4*Pi)]
13	generalized Stirling constant	special	64	not found	12	THREE, LOG, SQRT, x, SQR, DIVIDE	GOLDENRATIO, SQRT, TWO, PLUS, PI, DIVIDE	2.723e-10	0	27.2	9.6	True	EulerGamma^2/4 - Pi^2/48 + StieltjesGamma[1]/2 - Log[2*Pi]^2/4
14	Neg	rational	64	exact	3	x, SQR	ONE	0.000e+00	69	0.0	64.0	True	-1
15	log 1/π^2	elementary	64	exact	8	x, ONE, NINE, PLUS, POWER	PI, SQR, INV	0.000e+00	343	27.2	64.0	True	Log10[1/Pi^2]
16	log 1/3π	elementary	64	exact	9	x, ONE, NINE, PLUS, POWER	PI, THREE, INV, DIVIDE	0.000e+00	53	27.7	64.0	True	Log10[1/(3*Pi)]
17	zeta'(2)	special	64	not found	12	x, GOLDENRATIO, PLUS, SEVEN, POWER, SQR	PI, SQR, THREE, EIGHT, TIMES, SUBTRACT	1.229e-10	7	29.5	9.9	True	Derivative[1][Zeta][2]
18	log 1/e^2	elementary	64	exact	8	x, INV	ONE, NINE, PLUS, INV, SQRT, LOG	0.000e+00	2132	28.5	64.0	True	Log10[1/E^2]
19	log 1/2π	elementary	64	exact	9	x, ONE, NINE, PLUS, POWER	PI, PI, PLUS, INV	0.000e+00	38	27.1	64.0	True	Log10[1/(2*Pi)]
20	infinite tetration of reciprocal root 2	special	64	exact	6	x, INV, x, SQR, POWER	TWO	0.000e+00	27	1.9	64.0	True	(-2*ProductLog[Log[2]/2])/Log[2]
21	log e^(-π/2)	elementary	64	exact	9	x, PI, DIVIDE	ONE, NINE, PLUS, INV, SQR, LOG	0.000e+00	362	27.3	64.0	True	Log10[E^(-Pi/2)]
22	Granville-Soundararajan constant	special	64	not found	12	SEVEN, GOLDENRATIO, DIVIDE, x, SQR, DIVIDE	EULER, FOUR, DIVIDE, FIVE, PLUS, LOG	5.034e-11	9	29.6	10.3	True	1 + Pi^2/3 + 4*PolyLog[2, -Sqrt[E]]
23	ln(gamma)	special	64	not found	12	EIGHT, THREE, EXP, DIVIDE, x, PLUS	GOLDENRATIO, SQRT, SQRT, EULER, PLUS, SQRT	1.886e-10	0	27.7	9.7	True	Log[EulerGamma]
24	log 1/π	elementary	64	exact	7	x, ONE, NINE, PLUS, POWER	PI, INV	0.000e+00	92	2.0	64.0	True	Log10[1/Pi]
25	log 1/e	elementary	64	exact	7	x, INV	ONE, NINE, PLUS, INV, LOG	0.000e+00	802	1.9	64.0	True	Log10[1/E]
26	log Sqrt[1/2π]	elementary	64	exact	10	x, ONE, NINE, PLUS, POWER	PI, PI, PLUS, INV, SQRT	0.000e+00	24	27.6	64.0	True	Log10[Sqrt[1/(2*Pi)]]
27	ln ln two	elementary	64	exact	4	x	TWO, LOG, LOG	0.000e+00	24	0.0	64.0	True	Log[Log[2]]
28	log M = log e	elementary	64	exact	10	x, ONE, NINE, PLUS, POWER	ONE, NINE, PLUS, LOG, INV	3.065e-16	15	29.6	63.9	True	Log10[Log10[E]]
29	log π/6	elementary	64	exact	8	x, ONE, NINE, PLUS, POWER	SIX, PI, DIVIDE	0.000e+00	88	28.5	64.0	True	Log10[Pi/6]
31	Airy function constant	special	64	not found	12	GOLDENRATIO, LOG, x, PLUS, TWO, POWER	SEVEN, SIX, INV, EIGHT, PLUS, SUBTRACT	2.691e-10	4	28.3	9.6	True	-(1/(3^(1/3)*Gamma[1/3]))
32	log Sqrt[1/π]	elementary	64	exact	8	x, ONE, NINE, PLUS, POWER	PI, INV, SQRT	0.000e+00	371	27.4	63.8	True	Log10[Sqrt[1/Pi]]
33	log γ	special	64	not found	12	EIGHT, x, EXP, EXP, EXP, SUBTRACT	GOLDENRATIO, SQR, LOG, INV, SQRT, SQRT	2.565e-10	0	31.3	9.6	True	Log10[EulerGamma]
34	log Sqrt[1/e]	elementary	64	exact	8	x, INV	ONE, NINE, PLUS, INV, SQR, LOG	0.000e+00	1871	29.2	64.0	True	Log10[Sqrt[1/E]]
35	log Cbrt[3/4π]	elementary	64	not found	12	THREE, x, GOLDENRATIO, SUBTRACT, SQR, SUBTRACT	PI, EULER, PLUS, SEVEN, LOG, DIVIDE	1.141e-10	5	29.4	9.9	True	Log10[CubeRoot[3/(4*Pi)]]
36	log 2/π	elementary	64	exact	8	x, ONE, NINE, PLUS, POWER	PI, TWO, DIVIDE	0.000e+00	66	29.0	64.0	True	Log10[2/Pi]
37	log Cbrt[1/π]	elementary	64	exact	10	x, INV, PI, POWER	THREE, FIVE, POWER, EIGHT, TIMES, INV	0.000e+00	146	29.7	64.0	True	Log10[CubeRoot[1/Pi]]
38	log Cbrt[1/e]	elementary	64	exact	9	x, THREE, TIMES	ONE, NINE, PLUS, INV, LOG, INV	0.000e+00	872	27.4	63.8	True	Log10[CubeRoot[1/E]]
39	ln(Gamma(4/3))	special	64	not found	12	NINE, INV, EXP, x, TIMES, INV	PI, SEVEN, PLUS, FIVE, SQRT, SUBTRACT	1.017e-10	4	28.0	10.0	True	LogGamma[4/3]
40	log π/4	elementary	64	exact	8	x, ONE, NINE, PLUS, POWER	FOUR, PI, DIVIDE	0.000e+00	59	26.9	63.6	True	Log10[Pi/4]
41	ln(Gamma(5/3))	special	64	not found	12	x, SEVEN, LOG, SQRT, SQRT, SUBTRACT	TWO, INV, GOLDENRATIO, PLUS, EULER, DIVIDE	1.454e-10	5	29.1	9.8	True	LogGamma[5/3]
42	ln(Gamma(5/4))	special	64	not found	12	x, GOLDENRATIO, POWER, FOUR, TIMES, SQR	SEVEN, EIGHT, POWER, TWO, PLUS, LOG	7.175e-10	4	27.4	9.1	True	LogGamma[5/4]
43	log Sqrt[2/π]	elementary	64	exact	9	x, ONE, NINE, PLUS, POWER	PI, TWO, DIVIDE, SQRT	0.000e+00	44	27.0	64.0	True	Log10[Sqrt[2/Pi]]
44	ln(Gamma(7/4))	special	64	not found	12	FOUR, SQR, x, TIMES, FIVE, DIVIDE	SEVEN, EULER, FOUR, TIMES, SQRT, SUBTRACT	4.755e-10	11	26.9	9.3	True	LogGamma[7/4]
45	Stieltjes constant	special	64	not found	12	x, EIGHT, TIMES, x, EXP, PLUS	GOLDENRATIO, LOG, LOG, SQR, EXP, INV	1.719e-09	0	28.4	8.8	True	1 + EulerGamma^2 - Pi^2/8 + 2*StieltjesGamma[1]
46	Gauchman constant	special	64	not found	12	EIGHT, x, POWER, EIGHT, POWER, LOG	SEVEN, SQR, SIX, SUBTRACT, TWO, POWER	7.111e-15	1	25.3	nan	False	ConditionalExpression[Extension`GauchmanConstant == \[FormalX], E^(\[FormalU]/2) + 2*E^\[FormalU] + E^((3*\[FormalU])/2) + E^(\[FormalU] + \[FormalV]) == E^\[FormalV] + 2*E^(\[FormalU]/2 + \[FormalV]) && 2*(1 + \[FormalX] + E^(\[FormalU]/2 - \[FormalV])) == 4/E^(\[FormalU]/2) + (-2 + \[FormalU])/E^\[FormalV] && 1 + \[FormalU] + 6*E^(\[FormalU]/2) + 4*E^\[FormalU] + 4*E^(\[FormalU]/2 + \[FormalV]) == \[FormalV] + 9*E^\[FormalV] && -1/40 < \[FormalX] < 0]
47	log 3/π	elementary	64	exact	8	x, ONE, NINE, PLUS, POWER	PI, THREE, DIVIDE	0.000e+00	60	24.4	64.0	True	Log10[3/Pi]
48	Zero	rational	64	exact	3	x, EXP	ONE	0.000e+00	24	0.0	64.0	True	0
49	e^(-10pi)	elementary	64	exact	7	x, INV, SQRT, LOG	PI, FIVE, TIMES	0.000e+00	2109	1.7	64.0	True	E^(-10*Pi)
50	e^(-9pi)	elementary	64	exact	6	x, INV, LOG	PI, NINE, TIMES	0.000e+00	919	0.1	64.0	True	E^(-9*Pi)
51	'chi', a constant appearing in the asymptotic variance of the number of comparisons required for updating a digital sear	none	64	not found	12	x, INV, SQRT, THREE, PLUS, SQR	FOUR, EXP, GOLDENRATIO, POWER, PI, TIMES	8.501e-08	4	30.6	nan	False	
52	e^(-8pi)	elementary	64	exact	6	x, INV, LOG	PI, EIGHT, TIMES	0.000e+00	1221	0.2	63.9	True	E^(-8*Pi)
53	e^(-7pi)	elementary	64	exact	6	x, INV, LOG	PI, SEVEN, TIMES	0.000e+00	1065	0.2	64.0	True	E^(-7*Pi)
54	e^(-6pi)	elementary	64	exact	6	x, INV, LOG	PI, SIX, TIMES	0.000e+00	1033	0.2	64.0	True	E^(-6*Pi)
55	e^(-5pi)	elementary	64	exact	6	x, INV, LOG	PI, FIVE, TIMES	0.000e+00	945	0.2	63.6	True	E^(-5*Pi)
56	e^(-4pi)	elementary	64	exact	6	x	PI, EXP, INV, SQR, SQR	0.000e+00	1606	0.2	64.0	True	E^(-4*Pi)
57	1 arcsecond in radians	elementary	64	exact	11	THREE, FIVE, POWER, x, TIMES	EIGHT, NINE, TIMES, SQR, PI, DIVIDE	0.000e+00	125	31.6	64.0	True	Pi/648000
58	pi^-10	elementary	64	exact	6	x, SQRT, INV	FIVE, PI, POWER	0.000e+00	997	0.2	63.5	True	Pi^(-10)
59	pi^-9	elementary	64	exact	5	x	NINE, PI, POWER, INV	4.040e-16	377	0.1	63.8	True	Pi^(-9)
60	e^-10	elementary	64	exact	5	x	FIVE, EXP, SQR, INV	0.000e+00	427	0.1	64.0	True	E^(-10)
61	e^(-3pi)	elementary	64	exact	6	x	THREE, PI, EXP, INV, POWER	0.000e+00	1037	0.2	64.0	True	E^(-3*Pi)
62	pi^-8	elementary	64	exact	5	x	EIGHT, PI, POWER, INV	3.858e-16	357	0.1	63.5	True	Pi^(-8)
63	sum_{r in Z}(1/r^3) where Z is the set of all nontrivial zeros r of the Riemann zeta function	special	64	not found	12	x, SQRT, TWO, EULER, SUBTRACT, DIVIDE	THREE, PI, POWER, NINE, POWER, LOG	4.711e-09	21	30.6	8.3	True	-(-7*Zeta[3]/8 + EulerGamma^3 + 3*EulerGamma*StieltjesGamma[1] + 3/2*StieltjesGamma[2] + 1)
64	e^-9	elementary	64	exact	4	x, INV	NINE, EXP	0.000e+00	65	0.0	63.4	True	E^(-9)
65	6th du Bois-Reymond constant	none	64	not found	12	EULER, EIGHT, PLUS, x, INV, TIMES	EIGHT, NINE, EXP, SUBTRACT, SIX, TIMES	1.196e-08	13	30.6	nan	False	
66	1 arcminute in radians	elementary	64	exact	10	x, THREE, PI, DIVIDE, DIVIDE	EIGHT, SQR, FOUR, SUBTRACT, SQR	0.000e+00	285	31.3	64.0	True	Pi/10800
67	pi^-7	elementary	64	exact	5	x	SEVEN, PI, POWER, INV	3.275e-16	288	0.1	64.0	True	Pi^(-7)
68	e^-8	elementary	64	exact	4	x	EIGHT, EXP, INV	0.000e+00	78	0.0	64.0	True	E^(-8)
69	zeta'(-5) (the derivative of Riemann's zeta function at -5) (negated)	special	64	not found	12	x, EXP, LOG, x, DIVIDE, LOG	SIX, EXP, SIX, EULER, POWER, SUBTRACT	5.684e-14	10	31.9	nan	False	-(Zeta'[-5])
70	zeta'(-7) (the derivative of Riemann's zeta function at -7) (negated)	special	64	not found	12	x, LOG, EULER, SUBTRACT, FIVE, POWER	EIGHT, EULER, POWER, THREE, PLUS, SQR	6.726e-09	21	30.6	8.2	True	-(Zeta'[-7])
71	5th Stieltjes constant gamma_5	special	64	not found	12	x, SQRT, GOLDENRATIO, TIMES, THREE, DIVIDE	EIGHT, SQRT, NINE, SQR, LOG, POWER	1.197e-09	17	30.7	8.9	True	-(-StieltjesGamma[5])
72	e^-7	elementary	64	exact	4	x	SEVEN, EXP, INV	0.000e+00	64	0.0	64.0	True	E^(-7)
73	pi^-6	elementary	64	exact	5	x	SIX, PI, POWER, INV	2.085e-16	330	0.1	63.5	True	Pi^(-6)
74	5th du Bois-Reymond constant	none	64	not found	12	x, EXP, LOG, x, DIVIDE, LOG	FIVE, SQR, FOUR, POWER, NINE, DIVIDE	3.947e-15	6	32.6	nan	False	
75	Heath-Brown–Moroz constant	special	64	not found	12	EIGHT, FIVE, EXP, x, TIMES, POWER	EULER, SEVEN, EXP, NINE, DIVIDE, POWER	1.796e-10	12	31.1	9.7	True	Product[(1 - Prime[n]^(-1))^7*(1 + (1 + 7*Prime[n])/Prime[n]^2), {n, 1, Infinity}]
76	e^(-2pi)	elementary	64	exact	5	x	PI, EXP, INV, SQR	0.000e+00	354	0.0	63.8	True	E^(-2*Pi)
77	'mu', a Sobolev isoperimetric constant related to the "rod inequality", arising from the elasticity study of a rod that 	none	64	not found	12	x, GOLDENRATIO, SUBTRACT, x, TIMES, INV	EULER, TWO, DIVIDE, FIVE, PLUS, EXP	2.649e-09	9	30.9	8.6	True	
78	3rd Stieltjes constant gamma_3	special	64	not found	12	x, FOUR, SUBTRACT, SQR, x, TIMES	SIX, PI, PI, POWER, SUBTRACT, INV	2.018e-09	10	30.7	8.7	True	-(-StieltjesGamma[3])
79	4th Stieltjes constant gamma_4	special	64	not found	12	FIVE, EXP, x, EIGHT, DIVIDE, SUBTRACT	SEVEN, EXP, THREE, TIMES, TWO, PLUS	1.982e-09	17	31.5	8.7	True	-(-StieltjesGamma[4])
80	e^-6	elementary	64	exact	4	x	SIX, EXP, INV	0.000e+00	65	0.0	64.0	True	E^(-6)
82	pi^-5	elementary	64	exact	5	x, INV	FIVE, PI, POWER	0.000e+00	284	0.0	64.0	True	Pi^(-5)
83	16/(9*sqrt(184607))	algebraic	64	not found	12	x, SQRT, SQR, x, SUBTRACT, INV	FIVE, EIGHT, EIGHT, SQRT, POWER, POWER	4.193e-15	13	30.9	nan	False	16/(9Sqrt[184607])
84	4th du Bois-Reymond constant	elementary	64	not found	12	x, LOG, EXP, x, SUBTRACT, INV	FIVE, EIGHT, TIMES, EIGHT, SQRT, POWER	3.972e-15	10	31.5	nan	False	(E^4 - 4E^2 - 25)/8
85	zeta'(-3) (the derivative of Riemann's zeta function at -3)	special	64	not found	11	x, INV, PI, PLUS, SQR	PI, PI, EXP, FIVE, PLUS, POWER	2.693e-09	17	31.7	8.6	True	Zeta'[-3]
86	zeta'(-6) (the derivative of Riemann's zeta function at -6) (negated)	special	64	not found	12	x, x, SQRT, SQR, SUBTRACT, INV	EIGHT, FIVE, EIGHT, SQRT, POWER, POWER	4.116e-15	25	32.0	nan	False	-(Zeta'[-6])
87	zeta''(0)+2, the coefficient of z^2 in the Laurent expansion of zeta(z) at the origin	special	64	not found	12	FIVE, LOG, x, SEVEN, DIVIDE, SUBTRACT	SEVEN, LOG, EXP, EXP, THREE, PLUS	1.185e-09	22	31.8	8.9	True	-(Zeta''[0]+2)
88	e^-5	elementary	64	exact	4	x	FIVE, EXP, INV	0.000e+00	55	0.0	64.0	True	E^(-5)
89	Wyler constant	special	64	not found	12	x, PI, POWER, SQR, x, POWER	PI, SEVEN, PI, SUBTRACT, EXP, DIVIDE	9.007e-10	16	31.5	9.0	True	(9*(5!^(-1))^(1/4))/(16*Pi^(11/4))
90	zeta'(-4) (the derivative of Riemann's zeta function at -4)	special	64	not found	12	x, PI, EXP, SUBTRACT, x, TIMES	EIGHT, GOLDENRATIO, SIX, SUBTRACT, LOG, DIVIDE	1.278e-10	14	33.0	9.9	True	Zeta'[-4]
91	zeta'(-8) (the derivative of Riemann's zeta function at -8)	special	64	not found	12	x, GOLDENRATIO, DIVIDE, SQRT, SQRT, SQRT	PI, SQRT, PI, SUBTRACT, GOLDENRATIO, POWER	5.494e-10	13	31.8	9.3	True	Zeta'[-8]
92	sum of the alternating series tau(3), with tau(n) = Sum_{k>0} (-1)^k*log(k)^n/k	none	64	not found	12	SIX, EXP, NINE, PLUS, x, TIMES	EULER, SEVEN, PLUS, SQRT, SEVEN, SUBTRACT	6.682e-09	10	31.8	8.2	True	
93	'mu', an isoperimetric constant associated with the study of a vibrating, homogeneous plate clamped at the boundary of t	none	64	not found	12	x, INV, FOUR, PI, POWER, SUBTRACT	SEVEN, EULER, EIGHT, TIMES, INV, SUBTRACT	5.222e-09	7	34.3	8.3	True	
94	2nd Stieltjes constant gamma_2 (negated)	special	64	not found	12	SIX, x, LOG, POWER, THREE, TIMES	PI, LOG, NINE, PI, POWER, SUBTRACT	1.431e-09	14	32.1	8.8	True	-StieltjesGamma[2]
95	pi^-4	elementary	64	exact	5	x	PI, SQR, INV, SQR	0.000e+00	370	0.1	63.7	True	Pi^(-4)
96	p_3 (so named by S. Finch), a probability related to Vallée's constant	none	64	not found	12	SEVEN, FIVE, DIVIDE, x, INV, SUBTRACT	GOLDENRATIO, LOG, SEVEN, POWER, SIX, POWER	7.214e-10	21	32.0	9.1	True	
97	16/(207*sqrt(53))	algebraic	64	not found	12	FIVE, SQRT, x, PI, DIVIDE, POWER	NINE, NINE, INV, FOUR, PLUS, POWER	1.106e-09	22	32.0	9.0	True	16/(207Sqrt[53])
98	cube tetrahedron-picking constant	elementary	64	not found	12	THREE, LOG, GOLDENRATIO, POWER, x, POWER	EULER, THREE, POWER, TWO, LOG, POWER	3.255e-09	6	33.1	8.5	True	3977/216000 - Pi^2/2160
99	2*zeta(3)/Pi^2 - 11/18 + log(Pi)/3	special	64	not found	12	x, LOG, FOUR, PLUS, SQR, EXP	EULER, PI, SUBTRACT, EULER, TIMES, SQRT	6.781e-10	7	32.1	9.2	True	2Zeta[3]/Pi^2-11/18+Log[Pi]/3
100	b_3, a constant associated with the 3rd Du Bois Reymond constant	none	64	not found	12	PI, SQR, SQR, x, TIMES, SQR	THREE, INV, PI, SUBTRACT, EIGHT, DIVIDE	2.538e-10	23	32.2	9.6	True	
101	tetrahedron tetrahedron-picking constant	elementary	64	not found	12	x, FIVE, DIVIDE, THREE, LOG, POWER	EULER, SEVEN, TIMES, EIGHT, PLUS, EXP	2.152e-09	18	33.7	8.7	True	13/720 - Pi^2/15015
102	number of radians in one degree	elementary	64	exact	7	x	SIX, SQR, FIVE, TIMES, PI, DIVIDE	0.000e+00	947	2.1	64.0	True	Pi/180
103	sum of the alternating series tau(4), with tau(n) = Sum_{k>0} (-1)^k*log(k)^n/k	none	64	not found	12	x, SQRT, x, POWER, SIX, POWER	GOLDENRATIO, EXP, INV, SEVEN, SQRT, PLUS	7.054e-10	22	32.3	9.2	True	
104	e^-4	elementary	64	exact	4	x	FOUR, EXP, INV	1.894e-16	72	0.0	64.0	True	E^(-4)
105	log π/3	elementary	64	exact	9	x, ONE, NINE, PLUS, POWER, INV	PI, THREE, DIVIDE	0.000e+00	74	31.7	64.0	True	Log10[Pi/3]
106	a Shapiro-Drinfeld constant, known as Gauchman's constant, related to the difference of cyclic sums (negated)	none	64	not found	12	EIGHT, x, POWER, EIGHT, POWER, LOG	SEVEN, SQR, SIX, SUBTRACT, TWO, POWER	7.111e-15	10	33.0	nan	False	
107	lambda(1) in Li's criterion	special	64	not found	11	x, LOG, GOLDENRATIO, POWER, FIVE, TIMES	GOLDENRATIO, TWO, SQRT, SUBTRACT, EXP	9.512e-10	57	32.7	9.0	True	EulerGamma/2 + 1 - Log[4 Pi]/2
108	triple integral of ({x/y}{y/z}{z/x})^2 over the unit cube	special	64	not found	12	GOLDENRATIO, x, SEVEN, DIVIDE, SQR, SUBTRACT	FIVE, PI, POWER, SEVEN, SUBTRACT, SQR	7.039e-11	5	32.1	10.2	True	1 - Zeta[2]/2 - Zeta[3]/2 + 7*Zeta[6]/48 + Zeta[2]*Zeta[3]/18 + Zeta[3]^2/18 + Zeta[3]*Zeta[4]/12
109	sum of the alternating series tau(5), with tau(n) = Sum_{k>0} (-1)^k*log(k)^n/k	none	64	not found	12	THREE, THREE, INV, POWER, x, TIMES	SEVEN, PI, LOG, LOG, POWER, SQRT	8.079e-12	10	32.5	11.1	True	
110	Matthews' constant C_4, an analog of Artin's constant for primitive roots	none	64	not found	12	x, NINE, EXP, DIVIDE, TWO, PLUS	FIVE, SEVEN, SIX, POWER, LOG, POWER	5.405e-10	14	34.3	9.3	True	
111	3rd du Bois-Reymond constant	none	64	not found	12	THREE, EIGHT, SQR, x, TIMES, SUBTRACT	SIX, PI, SQR, EULER, SUBTRACT, DIVIDE	9.307e-10	10	33.1	9.0	True	
112	sum of reciprocals of squares of perfect numbers	none	64	not found	12	x, INV, THREE, FOUR, DIVIDE, POWER	NINE, FOUR, LOG, GOLDENRATIO, PLUS, POWER	1.690e-11	20	32.9	10.8	True	
113	pi^-3	elementary	64	exact	5	x, INV	THREE, PI, POWER	0.000e+00	309	0.1	63.9	True	Pi^(-3)
114	1/2 - log(2)/4 - G/Pi, where G = A006752	special	64	not found	12	NINE, x, POWER, FOUR, POWER, LOG	SEVEN, SQR, SIX, SUBTRACT, TWO, POWER	6.320e-15	5	34.2	nan	False	1/2-Log[2]/4-Catalan/Pi
115	percolation cluster density constant	algebraic	64	exact	12	FOUR, INV, SQR, x, PLUS, INV	THREE, THREE, POWER, SQRT, FIVE, PLUS	0.000e+00	5	35.7	64.0	True	-41/16 + (3*Sqrt[3])/2
116	1/4 - 7*zeta(3)/(4*Pi^2)	special	64	not found	12	NINE, x, POWER, FOUR, POWER, LOG	EIGHT, EIGHT, POWER, SEVEN, DIVIDE, SQR	9.663e-15	8	33.0	nan	False	1/4-7Zeta[3]/(4Pi^2)
117	a constant 'v' such that the asymptotic variance of the distribution of the longest cycle given a random n-permutation e	none	64	not found	12	x, TWO, DIVIDE, SQRT, EIGHT, SUBTRACT	SEVEN, SQRT, FOUR, PLUS, LOG, LOG	5.756e-10	9	33.6	9.2	True	
118	H(1/2,1), a constant appearing in the asymptotic variance of the largest component of random mappings on n symbols, expr	none	64	not found	12	SEVEN, SQRT, FIVE, PLUS, x, TIMES	GOLDENRATIO, PI, DIVIDE, SQR, LOG, LOG	2.681e-09	7	33.6	8.6	True	
119	'v', a parking constant associated with the asymptotic variance of the number of cars that can be parked in a given inte	none	30	not found	12	FOUR, EXP, x, ONE, PLUS, POWER	THREE, SQRT, SQRT, LOG, EIGHT, SUBTRACT	3.485e-10	0	33.0	9.5	True	
120	Integral_{0..1/2} log(gamma(x+1)) dx (negated)	special	64	not found	12	GOLDENRATIO, x, TWO, DIVIDE, POWER, SQR	EULER, EXP, SQR, SEVEN, EXP, TIMES	3.053e-10	6	32.9	9.5	True	-(-1/2 - (7/24)*Log[2] + (1/4)*Log[Pi] + (3/2) * Log[Glaisher])
121	e^(-1pi)	elementary	64	exact	4	x	PI, EXP, INV	0.000e+00	43	0.0	64.0	True	E^(-1*Pi)
122	16/(9*sqrt(1609))	algebraic	64	not found	11	x, EIGHT, TIMES, SIX, LOG, DIVIDE	TWO, LOG, SQRT, SEVEN, POWER	2.009e-10	9	34.2	9.7	True	16/(9Sqrt[1609])
123	pi^-e	elementary	64	exact	5	x	EULER, PI, POWER, INV	1.558e-16	239	0.0	64.0	True	Pi^(-E)
124	sum_{r in Z}(1/r^2) where Z is the set of all nontrivial zeros r of the Riemann zeta function	special	64	not found	11	TWO, x, GOLDENRATIO, LOG, DIVIDE, SUBTRACT	EIGHT, SQR, SEVEN, PLUS, SQRT	5.296e-10	7	34.5	9.3	True	-(-Pi^2/8 + EulerGamma^2 + 2*StieltjesGamma[1] + 1)
125	Mertens constant M(4,3) arising in the formula for the sum of reciprocals of primes p == 1 (mod 4)	none	64	not found	11	x, EXP, FIVE, POWER, FIVE, POWER	NINE, SQR, THREE, SUBTRACT, SQR	1.626e-09	4	33.9	8.8	True	
126	p_2, a probability associated with continuant polynomials	none	64	not found	11	x, SIX, POWER, NINE, POWER, EXP	SIX, FIVE, NINE, POWER, SUBTRACT	8.913e-10	6	34.3	9.0	True	
127	a constant related to the variance of the number of vertices of the largest tree associated with a random mapping on n s	none	64	not found	12	x, NINE, TIMES, SQR, TWO, TIMES	SEVEN, GOLDENRATIO, EULER, SUBTRACT, DIVIDE, SQRT	7.479e-10	4	33.6	9.1	True	
128	e^-3	elementary	64	exact	4	x	THREE, EXP, INV	0.000e+00	61	0.0	64.0	True	E^(-3)
129	Integral_{x=0..Infinity} x*cos(x)/(1+x^2)	none	64	not found	12	x, SIX, TIMES, PI, POWER, EXP	THREE, GOLDENRATIO, LOG, POWER, FOUR, PLUS	7.887e-10	6	33.9	9.1	True	
130	ball tetrahedron-picking constant	elementary	64	exact	12	EIGHT, SQR, x, PI, DIVIDE, SUBTRACT	TWO, NINE, SIX, INV, SUBTRACT, DIVIDE	0.000e+00	16	33.7	64.0	True	(12*Pi)/715
131	(9*sqrt(65) - 55)/320	algebraic	64	not found	12	x, NINE, TIMES, LOG, SIX, TIMES	PI, EULER, SUBTRACT, SIX, LOG, DIVIDE	1.169e-10	6	34.1	9.9	True	(9Sqrt[65]-55)/320
132	log ln π	elementary	64	exact	7	x, ONE, NINE, PLUS, POWER	PI, LOG	0.000e+00	15	2.2	64.0	True	Log10[Log[Pi]]
133	constant A*B in the asymptotic expression of the summatory function Sum_{n=1..N} (1/phi(n)) as A(log(N)+B) + O(log(N)/N)	none	64	not found	11	FOUR, INV, x, INV, SUBTRACT	PI, EULER, PLUS, FIVE, LOG, POWER	1.063e-10	7	33.5	10.0	True	
134	Matthews' constant C_3, an analog of Artin's constant for primitive roots	none	64	not found	12	FIVE, x, TWO, TIMES, LOG, DIVIDE	PI, INV, SQRT, SEVEN, INV, SUBTRACT	3.315e-10	8	34.0	9.5	True	
135	Norton constant	special	64	not found	12	TWO, SQRT, INV, EXP, x, TIMES	NINE, LOG, INV, EIGHT, SUBTRACT, INV	5.952e-10	1	34.0	9.2	True	(-Pi^2 + 6*Log[2]*(-3 + 2*EulerGamma + Log[2] + 24*Log[Glaisher] - 2*Log[Pi]))/Pi^2
136	Sum_{k > 0} (-1)^k*log(k)^2/k	none	64	not found	12	FOUR, EXP, PI, PLUS, x, TIMES	FIVE, THREE, DIVIDE, SQRT, THREE, PLUS	1.026e-09	5	33.3	9.0	True	
137	analog of the Gibbs-Wilbraham constant for L_1 trigonometric polynomial approximation	none	64	not found	12	FOUR, LOG, x, PI, TIMES, SUBTRACT	GOLDENRATIO, TWO, LOG, DIVIDE, LOG, INV	1.688e-09	5	33.6	8.8	True	
138	e^-e	elementary	64	exact	4	x	EULER, EXP, INV	0.000e+00	35	0.0	64.0	True	E^(-E)
139	Pythagorean triple constant for perimeters	elementary	64	exact	6	x	PI, SQR, TWO, LOG, DIVIDE	0.000e+00	282	0.2	64.0	True	Log[2]/Pi^2
140	(sqrt(13) - 1)/36	algebraic	64	exact	10	SIX, SQR, x, TIMES	ONE, FOUR, NINE, PLUS, SQRT, SUBTRACT	0.000e+00	118	37.1	64.0	True	(Sqrt[13]-1)/36
141	1st Stieltjes constant gamma_1 (negated)	none	64	not found	12	SEVEN, SQR, x, TIMES, EULER, SUBTRACT	EIGHT, GOLDENRATIO, POWER, LOG, THREE, SUBTRACT	6.606e-11	9	33.7	10.2	True	
142	probability that a random walk on an 8-d lattice returns to the origin	none	64	not found	12	x, SIX, TIMES, EXP, TWO, PLUS	EULER, INV, THREE, SUBTRACT, GOLDENRATIO, POWER	7.113e-10	6	34.0	9.1	True	
143	disk triangle-picking constant	elementary	64	exact	10	PI, SQR, x, TIMES	EIGHT, SIX, INV, SIX, SUBTRACT, DIVIDE	0.000e+00	186	33.9	64.0	True	35/(48*Pi^2)
144	1/4π	elementary	64	exact	5	x	PI, FOUR, TIMES, INV	0.000e+00	207	0.0	64.0	True	1/(4*Pi)
145	-Integral {x=1..2} log Gamma(x) dx	special	64	exact	8	x, ONE, SUBTRACT, EXP, SQR	PI, PI, PLUS	0.000e+00	1274	33.9	64.0	True	-Integrate[ Log[ Gamma[ x]], {x, 1, 2}]
146	-Zeta'(-1)/2	special	64	not found	12	x, GOLDENRATIO, LOG, POWER, x, POWER	EULER, INV, EXP, NINE, PLUS, INV	5.968e-10	6	33.9	9.2	True	-(1/24 - Log[Glaisher]/2)
147	solution to the Heilbronn triangle problem for seven points in a unit square	none	64	not found	12	x, FIVE, POWER, LOG, GOLDENRATIO, DIVIDE	GOLDENRATIO, FOUR, SUBTRACT, SQRT, FIVE, POWER	1.437e-10	21	34.5	9.8	True	
148	1-Catalan	special	64	not found	12	SIX, INV, x, SQRT, SUBTRACT, SQRT	GOLDENRATIO, FIVE, GOLDENRATIO, SQR, DIVIDE, POWER	3.946e-11	10	34.1	10.4	True	1 - Catalan
149	probability that a random walk on a 7-d lattice returns to the origin	none	64	not found	11	FIVE, x, ONE, PLUS, SQR, POWER	FOUR, LOG, INV, THREE, SUBTRACT	1.978e-11	5	33.9	10.7	True	
150	Erdős–Tenenbaum–Ford constant	elementary	64	exact	9	x, TWO, POWER	EULER, TWO, POWER, SQRT, LOG, INV	0.000e+00	460	33.4	64.0	True	1 - (1 + Log[Log[2]])/Log[2]
151	1/2-G/Pi, the lowest limiting trough of a square wave Fourier series, where G is the Gibbs-Wilbraham constant. [negated]	none	64	not found	12	EULER, x, FOUR, LOG, SUBTRACT, POWER	SEVEN, SQR, LOG, EIGHT, SUBTRACT, SQRT	3.105e-10	12	34.7	9.5	True	
152	integral_{0..infinity} x*log(x)*(1-eta(x)^2) dx, where the function 'eta' is a solution of the Painlevé III differential	special	64	not found	11	SEVEN, SQR, FOUR, PLUS, x, TIMES	GOLDENRATIO, SQRT, SQRT, SIX, SUBTRACT	3.329e-10	7	35.4	9.5	True	-(1/4 + (7/12)*Log[2] - 3*Log[Glaisher])
153	lambda(2) in Li's criterion	none	64	not found	12	x, EULER, PLUS, SEVEN, LOG, TIMES	EULER, THREE, SUBTRACT, SQRT, SIX, SUBTRACT	6.099e-10	6	34.5	9.2	True	
154	e^(-Pi^2/(6*log(2)))	elementary	64	exact	9	x, SQR, LOG	EIGHT, INV, LOG, PI, SQR, DIVIDE	0.000e+00	1193	34.3	64.0	True	E^(-Pi^2/(6Log[2]))
155	second non-alternating series of reciprocal primes constant	special	64	not found	12	x, NINE, DIVIDE, NINE, SQR, SUBTRACT	PI, SEVEN, SQRT, SUBTRACT, SEVEN, DIVIDE	5.387e-12	12	34.0	11.3	True	Sum[(-2 + Mod[Prime[\[FormalK]], 4])/Prime[\[FormalK]]^2, {\[FormalK], 2, Infinity}]
156	area of the convex hull of a circle of circumference 1 and a line segment of length 1/2 with midpoint at the circle cent	elementary	64	not found	12	x, INV, GOLDENRATIO, POWER, NINE, PLUS	FOUR, INV, PI, FIVE, POWER, SUBTRACT	1.384e-11	10	33.8	10.9	True	(Sqrt[Pi^2-4]+Pi-2ArcCos[2/Pi])/(4Pi^2)
157	log Sqrt[π/2]	elementary	64	exact	9	x, ONE, NINE, PLUS, POWER	TWO, PI, DIVIDE, SQRT	0.000e+00	54	34.3	64.0	True	Log10[Sqrt[Pi/2]]
158	Sum_{n>=0} 1/10^(3^n), a transcendental number	none	64	not found	12	SEVEN, FIVE, SQR, x, TIMES, POWER	SIX, EXP, GOLDENRATIO, TIMES, GOLDENRATIO, PLUS	2.570e-10	9	34.8	9.6	True	
159	pi^-2	elementary	64	exact	4	x	PI, SQR, INV	0.000e+00	35	0.0	64.0	True	Pi^(-2)
160	value of the Dickman function at phi + 1 = phi^2 = (3 + sqrt(5))/2 (A104457)	elementary	64	not found	11	x, SQRT, PI, INV, PLUS	SIX, LOG, INV, ONE, PLUS, INV	2.032e-11	8	34.5	10.7	True	1 - 2*Log[GoldenRatio] + Log[GoldenRatio]^2 - Pi^2/60
161	Quinn-Rand-Strogatz constant c2 (negated)	none	64	not found	12	x, EXP, SQR, EIGHT, SQRT, DIVIDE	EULER, FIVE, SQRT, FOUR, PLUS, DIVIDE	9.486e-11	5	34.0	10.0	True	
162	probability that a random walk on a 6-d lattice returns to the origin	none	64	not found	11	EIGHT, x, GOLDENRATIO, DIVIDE, SUBTRACT	EIGHT, INV, EXP, PI, SUBTRACT, EXP	3.386e-10	17	34.8	9.5	True	
163	log 4/π	elementary	64	exact	8	x, ONE, NINE, PLUS, POWER	PI, FOUR, DIVIDE	0.000e+00	79	34.3	63.6	True	Log10[4/Pi]
164	1/3π	elementary	64	exact	5	x	PI, THREE, TIMES, INV	0.000e+00	269	0.0	63.4	True	1/(3*Pi)
165	one-ninth constant	special	64	not found	12	x, LOG, NINE, LOG, PLUS, INV	PI, SQRT, EXP, SQR, THREE, SUBTRACT	5.415e-10	6	34.5	9.3	True	With[{\[FormalX] = Root[{-2*EllipticE[#1^2] + EllipticK[#1^2] & , 0.908908557548541478236118908745`29.9585201924082}]}, Exp[-((Pi*EllipticK[1 - \[FormalX]^2])/EllipticK[\[FormalX]^2])]]
166	Michael Trott's constant: continued fraction expansion (allowing 0's) begins in same way as decimal expansion	none	53	not found	12	x, SQRT, FIVE, SEVEN, DIVIDE, SUBTRACT	TWO, TWO, LOG, THREE, POWER, DIVIDE	1.981e-09	15	35.8	8.7	True	
167	Liouville's constant	special	64	not found	12	x, EULER, FIVE, PLUS, INV, SUBTRACT	SEVEN, EULER, GOLDENRATIO, LOG, POWER, DIVIDE	1.305e-11	7	34.3	10.9	True	Sum[10^(-n!), {n, 1, Infinity}]
168	1/sqrt(80) = sqrt(5)/20	algebraic	64	exact	6	x	FIVE, SQRT, FOUR, TIMES, INV	0.000e+00	733	0.2	63.6	True	1/Sqrt[80]
169	mean cluster density for bond percolation on the triangular lattice	algebraic	64	not found	12	x, LOG, GOLDENRATIO, PLUS, FIVE, POWER	FIVE, FOUR, DIVIDE, PI, INV, DIVIDE	8.247e-10	10	34.5	9.1	True	35/4 - 3/(2*Sin[Pi/18])
170	Kepler–Bouwkamp constant	special	64	not found	12	x, SEVEN, PI, DIVIDE, SQR, DIVIDE	TWO, LOG, LOG, SQR, GOLDENRATIO, PLUS	1.125e-10	8	35.1	9.9	True	Product[Cos[Pi/n], {n, 3, Infinity}]
171	Given the two curves y = (1 - exp(x/2))/(exp(x) + exp(x/2)) and y = (exp(-x) - 1)/2, draw a line tangent to both. This s	none	64	not found	12	x, INV, SEVEN, SUBTRACT, PI, DIVIDE	SEVEN, EULER, NINE, TIMES, SQRT, SUBTRACT	1.900e-10	6	34.1	9.7	True	
172	C_2 (so named by S. Finch), a constant which is an analog of Niven's constant when mean of exponents is considered inste	none	64	not found	12	x, SEVEN, SQRT, FOUR, PLUS, DIVIDE	FIVE, FIVE, POWER, EIGHT, PLUS, SQRT	1.098e-09	8	34.1	9.0	True	
173	4*Pi/105	elementary	64	exact	9	x, THREE, TIMES	FOUR, INV, NINE, SUBTRACT, PI, DIVIDE	0.000e+00	1058	34.2	63.9	True	4*Pi/105
174	2/(5*sqrt(11))	algebraic	64	exact	9	x, FIVE, TIMES	FOUR, INV, THREE, SUBTRACT, INV, SQRT	0.000e+00	619	34.2	63.6	True	2/(5Sqrt[11])
175	3*zeta(3)/2 + 12*log(2) - 10	special	64	not found	12	x, SQR, SIX, EIGHT, TIMES, POWER	SEVEN, FIVE, DIVIDE, PI, SQRT, SUBTRACT	1.146e-10	10	34.1	9.9	True	3Zeta[3]/2+12Log[2]-10
176	50*Pi/1296	elementary	64	exact	9	PI, x, DIVIDE	EIGHT, NINE, FIVE, DIVIDE, SQR, DIVIDE	0.000e+00	882	33.9	63.4	True	50Pi/1296
177	sqrt(Pi^2 - 4)/(2*Pi^2)	elementary	64	exact	10	x, PI, TIMES, SQR	PI, INV, SQR, FOUR, INV, SUBTRACT	0.000e+00	35	34.2	64.0	True	Sqrt[Pi^2-4]/(2Pi^2)
178	Champernowne constant	special	64	not found	12	x, NINE, SQR, SIX, POWER, POWER	NINE, FIVE, SIX, POWER, SQR, SUBTRACT	2.613e-11	6	34.1	10.6	True	ChampernowneNumber[]
179	first (of 10) decimal selvage numbers	none	64	not found	12	GOLDENRATIO, x, LOG, FOUR, PLUS, POWER	EULER, PI, POWER, INV, EXP, EXP	1.842e-10	4	34.0	9.7	True	
180	Product_{k >= 1} (k*(k+1))^(-1/(k*(k+1))), a constant related to the alternating Lüroth representations of real numbers	none	64	not found	12	x, SQR, SIX, SQRT, TIMES, INV	PI, LOG, SQR, PI, EXP, PLUS	7.044e-10	8	35.0	9.2	True	
181	3*sqrt(3)/(4*Pi^2)	elementary	64	exact	10	THREE, SQRT, x, DIVIDE	PI, PI, PLUS, SQR, THREE, DIVIDE	0.000e+00	699	34.1	63.7	True	3Sqrt[3]/(4Pi^2)
182	harmonic oscillator tunneling constant	special	64	not found	12	x, LOG, SQR, SQR, PI, SUBTRACT	TWO, PI, SQRT, SUBTRACT, THREE, DIVIDE	1.222e-10	7	33.8	9.9	True	2/(3^(2/3)*Gamma[1/3]^2)
183	probability that a random walk on the 5-d simple cubic (hypercubic) lattice returns to the origin	none	64	not found	12	EIGHT, LOG, x, SUBTRACT, x, POWER	FIVE, SEVEN, SQR, SQR, SUBTRACT, SQRT	9.796e-11	6	35.5	10.0	True	
184	e^-2	elementary	64	exact	4	x	EULER, INV, SQR	0.000e+00	69	0.0	63.5	True	E^(-2)
185	probability that an integer 4-tuple is pairwise unitary coprime	none	64	not found	12	EULER, SIX, x, INV, SUBTRACT, POWER	PI, THREE, LOG, DIVIDE, GOLDENRATIO, PLUS	3.993e-10	3	34.5	9.4	True	
186	Given the two curves y = (1 - exp(x/2))/(exp(x) + exp(x/2)) and y = (exp(-x) - 1)/2, draw a line tangent to both. This s	none	64	not found	12	x, x, EXP, LOG, SUBTRACT, SQRT	NINE, EIGHT, POWER, LOG, EXP, INV	4.733e-15	27	34.3	nan	False	
187	pi minus three	elementary	64	exact	4	x	THREE, PI, SUBTRACT	7.841e-16	29	0.0	64.0	True	Pi - 3
188	Pi^4/15 + Pi^2*log(2)^2/4 - log(2)^4/4 - 21*log(2)*zeta(3)/4 - 6*Li_4(1/2)	special	64	not found	12	x, INV, SEVEN, EIGHT, DIVIDE, POWER	SEVEN, LOG, INV, SIX, PLUS, SQRT	5.796e-10	4	34.6	9.2	True	Pi^4/15+Pi^2Log[2]^2/4-Log[2]^4/4-21Log[2]Zeta[3]/4-6PolyLog[4,1/2]
189	log Cbrt[e]	elementary	64	exact	8	x, INV	THREE, FIVE, POWER, EIGHT, TIMES, LOG	0.000e+00	1402	37.3	63.8	True	Log10[CubeRoot[E]]
190	Matthews' constant C_2, an analog of Artin's constant for primitive roots	none	64	not found	12	x, EULER, TIMES, LOG, x, POWER	SEVEN, LOG, GOLDENRATIO, PLUS, GOLDENRATIO, TIMES	6.337e-10	10	36.8	9.2	True	
191	arctan(1/2)/Pi	elementary	64	not found	12	x, LOG, SQR, SIX, LOG, DIVIDE	PI, EXP, INV, TWO, PLUS, INV	3.274e-10	5	34.8	9.5	True	ArcTan[1/2]/Pi
192	(1-C_2)/e, a constant connected with two-sided generalized Fibonacci sequences, where C_2 is the Euler-Gompertz constant	none	64	not found	12	x, NINE, TIMES, INV, FOUR, POWER	EULER, EXP, EULER, SQRT, PLUS, LOG	1.308e-09	8	34.9	8.9	True	
193	Given the two curves y = exp(-x) and y = 2/(exp(x) + exp(x/2)), draw a line tangent to both. This sequence is the decima	none	64	not found	12	PI, x, SEVEN, TIMES, EXP, SUBTRACT	TWO, LOG, PI, GOLDENRATIO, DIVIDE, SUBTRACT	6.335e-11	5	34.5	10.2	True	
194	9*zeta(3)/Pi^2 - 93*zeta(5)/(2*Pi^4) - log(2) + 1/4	special	64	not found	12	x, INV, SIX, INV, EXP, POWER	GOLDENRATIO, EXP, SQRT, SIX, PLUS, SQRT	4.377e-10	4	34.7	9.4	True	9Zeta[3]/Pi^2-93Zeta[5]/(2Pi^4)-Log[2]+1/4
195	Sum_{k >= 0} 1/(4*k+3)^2	special	64	not found	12	GOLDENRATIO, x, SQRT, DIVIDE, TWO, PLUS	SIX, EULER, DIVIDE, NINE, PLUS, LOG	1.238e-10	3	34.7	9.9	True	Pi^2/16 - Catalan/2
196	Pythagorean triple constant for hypotenuses	elementary	64	exact	5	x	PI, PI, PLUS, INV	0.000e+00	240	0.0	63.6	True	1/(2*Pi)
197	Sum_{k>=1} (-1)^k*log(k)/k	special	64	not found	12	x, LOG, SQR, EXP, NINE, DIVIDE	PI, FIVE, DIVIDE, GOLDENRATIO, LOG, POWER	8.352e-11	7	34.5	10.1	True	EulerGamma*Log[2] - Log[2]^2/2
198	Euler-Kronecker constant (as named by P. Moree) for hypotenuse numbers	none	64	not found	12	PI, EXP, x, SQR, EXP, POWER	THREE, TWO, SQRT, SEVEN, SUBTRACT, DIVIDE	3.937e-11	8	35.5	10.4	True	
199	log Cbrt[π]	elementary	64	exact	9	x, INV, PI, POWER	THREE, FIVE, POWER, EIGHT, TIMES	0.000e+00	214	35.3	64.0	True	Log10[CubeRoot[Pi]]
200	sixth	rational	64	exact	3	x	SIX, INV	0.000e+00	11	0.0	63.7	True	1/6
201	Hall-Montgomery constant	special	64	not found	12	x, EXP, INV, LOG, x, PLUS	SIX, SQR, EIGHT, SQRT, INV, POWER	4.693e-15	9	34.6	nan	False	1 + Pi^2/6 + 2*PolyLog[2, -Sqrt[E]]
202	(-2*Catalan + Pi*log(2))/2	special	64	not found	12	PI, SQR, x, TWO, DIVIDE, DIVIDE	FOUR, LOG, SQRT, PI, LOG, POWER	2.652e-10	9	34.1	9.6	True	Pi*Log[2]/2 - Catalan
203	'mu', a Sobolev isoperimetric constant related to the "membrane inequality", arising from the study of a vibrating membr	none	64	not found	12	x, SQR, x, FIVE, SUBTRACT, DIVIDE	GOLDENRATIO, EULER, EXP, EIGHT, PLUS, POWER	1.718e-10	3	34.9	9.8	True	
204	log(2)/4	elementary	64	exact	5	x	FOUR, TWO, LOG, DIVIDE	0.000e+00	268	0.0	63.8	True	Log[2]/4
205	probability that three positive integers are pairwise not coprime	none	64	not found	12	x, FOUR, POWER, LOG, INV, SQRT	TWO, SEVEN, LOG, SQRT, EXP, SUBTRACT	5.234e-11	4	35.3	10.3	True	
206	H, an auxiliary constant used to evaluate some Ising-related constants on triangular and hexagonal lattices (negated)	none	64	not found	12	EULER, x, EXP, THREE, POWER, SUBTRACT	TWO, SQRT, TWO, POWER, LOG, SQRT	4.766e-10	4	34.3	9.3	True	
207	Gibbs-Wilbraham constant	special	64	not found	12	x, EIGHT, TIMES, INV, SQR, EXP	PI, THREE, TIMES, SQRT, FIVE, DIVIDE	4.702e-10	6	35.2	9.3	True	-1 + (2*SinIntegral[Pi])/Pi
208	pi^(-3/2)	elementary	64	exact	6	x	THREE, PI, POWER, SQRT, INV	0.000e+00	1234	0.2	63.8	True	Pi^(-3/2)
209	Markoff number asymptotic density constant	none	64	not found	11	x, THREE, DIVIDE, THREE, PLUS	EULER, SQRT, GOLDENRATIO, PLUS, SIX, TIMES	1.321e-10	3	34.5	9.9	True	
210	a1, the first of two constants associated with Djokovic's conjecture on an integral inequality	none	64	not found	12	x, SEVEN, POWER, LOG, LOG, SQR	SEVEN, LOG, INV, PI, LOG, POWER	2.596e-10	9	34.0	9.6	True	
211	G/2 - Pi*log(2)/8, where G = A006752	special	64	not found	12	THREE, SQRT, x, EULER, SUBTRACT, POWER	FIVE, EIGHT, POWER, INV, FIVE, SUBTRACT	1.320e-10	4	34.2	9.9	True	Catalan/2-Pi Log[2]/8
212	Hardy-Littlewood constant C_6 = Product_{p prime > 6} 1/(1-1/p)^6 (1-6/p)	none	64	not found	12	PI, SQRT, x, TIMES, GOLDENRATIO, DIVIDE	FIVE, INV, SIX, POWER, SEVEN, DIVIDE	7.367e-11	3	34.6	10.1	True	
213	MRB constant	special	64	not found	12	EULER, x, FIVE, TIMES, SQR, SUBTRACT	GOLDENRATIO, SQRT, EXP, THREE, SQRT, SUBTRACT	3.704e-10	5	34.2	9.4	True	Sum[(-1)^n*(-1 + n^n^(-1)), {n, 1, Infinity}]
214	9*zeta(3)/(2*Pi^2) - log(2) + 1/3	special	64	not found	12	x, GOLDENRATIO, DIVIDE, EXP, FOUR, PLUS	FOUR, GOLDENRATIO, DIVIDE, NINE, SUBTRACT, EXP	2.870e-10	9	34.5	9.5	True	9Zeta[3]/(2Pi^2)-Log[2]+1/3
215	entropy of folding of the triangular lattice constant	special	64	not found	12	NINE, x, FIVE, TIMES, SQR, POWER	EULER, TWO, SUBTRACT, INV, TWO, POWER	1.131e-11	2	34.3	10.9	True	Log[(Gamma[1/3]^(3/2)*Sqrt[3])/(2*Pi)]
216	gamma^3	special	64	not found	12	GOLDENRATIO, x, DIVIDE, x, INV, PLUS	EULER, THREE, PI, POWER, SUBTRACT, SQRT	1.289e-10	7	34.1	9.9	True	EulerGamma^3
217	1/sqrt(27)	algebraic	64	exact	5	x	NINE, THREE, SQRT, DIVIDE	1.442e-16	346	0.0	63.7	True	1/Sqrt[27]
218	q of the maximum of the Dedekind eta function	none	64	not found	12	PI, INV, x, POWER, LOG, SQR	SEVEN, LOG, NINE, PLUS, THREE, DIVIDE	2.454e-12	6	34.1	11.6	True	
219	probability that a random walk on a 4-d lattice returns to the origin	none	64	not found	12	SIX, x, INV, FOUR, SUBTRACT, POWER	EIGHT, EULER, EXP, SIX, PLUS, DIVIDE	2.831e-10	9	35.6	9.5	True	
220	Second du Bois-Reymond constant	elementary	64	exact	7	x, TWO, TIMES, SEVEN, PLUS	TWO, EXP	0.000e+00	1239	2.3	63.7	True	(-7 + E^2)/2
221	log π/2	elementary	64	exact	8	x, ONE, NINE, PLUS, POWER	TWO, PI, DIVIDE	0.000e+00	73	34.6	64.0	True	Log10[Pi/2]
222	Pi/16	none	64	exact	5	x	FOUR, SQR, PI, DIVIDE	0.000e+00	221	0.0	64.0	True	
223	Vallée constant	none	24	not found	12	x, ONE, SUBTRACT, SQR, NINE, POWER	GOLDENRATIO, SEVEN, TIMES, INV, FOUR, PLUS	1.875e-10	14	33.8	9.7	True	
224	Erdős-Lebensold constant	special	24	not found	12	FIVE, x, GOLDENRATIO, SQRT, DIVIDE, SUBTRACT	EULER, PI, LOG, DIVIDE, TWO, POWER	5.275e-11	9	37.8	10.3	True	Sum[1/(Prime[\[FormalK]]^\[FormalS]*Log[Prime[\[FormalK]]^\[FormalS]]), {\[FormalS], 1, Infinity}, {\[FormalK], 1, Infinity}]
225	(6/Pi^2) Sum_{p prime} 1/(p(p+1)), a Meissel-Mertens constant related to the asymptotic density of certain sequences of 	none	64	not found	12	x, INV, SQRT, EULER, SUBTRACT, SQR	NINE, PI, GOLDENRATIO, POWER, SQRT, DIVIDE	9.338e-11	7	35.9	10.0	True	
226	Given the two curves y = exp(-x) and y = 2/(exp(x) + exp(x/2)), draw a line tangent to both. This sequence is the decima	none	64	not found	12	GOLDENRATIO, EXP, x, FOUR, TIMES, SUBTRACT	SEVEN, GOLDENRATIO, SIX, PLUS, SQRT, SUBTRACT	7.056e-11	16	35.7	10.2	True	
227	White House switchboard constant	elementary	64	not found	12	x, EXP, INV, LOG, x, PLUS	SIX, SQR, EIGHT, SQRT, POWER, INV	6.032e-15	5	37.4	nan	False	Exp[-(1 + 8^(-1 + E)^(-1))^Pi^(-1)]
228	Rumor's constant	special	64	exact	6	x, SQRT, x, EXP, DIVIDE	EULER	0.000e+00	58	2.3	63.6	True	-ProductLog[ -2/E^2]/2
229	ln(Gamma(3/4))	special	64	not found	12	FOUR, x, DIVIDE, TWO, SQRT, SUBTRACT	SEVEN, GOLDENRATIO, POWER, NINE, DIVIDE, EXP	1.953e-10	10	35.3	9.7	True	LogGamma[3/4]
230	sum of the reciprocals of the perfect numbers	none	64	not found	12	GOLDENRATIO, SQRT, x, TIMES, FOUR, TIMES	EULER, PI, SUBTRACT, THREE, LOG, POWER	2.205e-10	7	36.1	9.7	True	
231	log Cbrt[4π/3]	elementary	64	not found	12	THREE, x, GOLDENRATIO, PLUS, SQR, SUBTRACT	PI, EULER, PLUS, SEVEN, LOG, DIVIDE	1.141e-10	7	37.3	9.9	True	Log10[CubeRoot[4*Pi/3]]
232	lambda(3) in Li's criterion	none	64	not found	12	ONE, x, THREE, POWER, EXP, SUBTRACT	EULER, NINE, DIVIDE, THREE, PLUS, SQRT	8.128e-11	6	37.4	10.1	True	
233	e^(-pi/2)	elementary	64	exact	5	x	PI, EXP, INV, SQRT	0.000e+00	304	0.1	63.7	True	E^(-Pi/2)
234	-zeta(-1/2)	special	64	not found	12	SIX, x, INV, SEVEN, SUBTRACT, POWER	EIGHT, EULER, FOUR, TIMES, SQR, SUBTRACT	4.705e-10	8	39.1	9.3	True	-Zeta[-1/2]
235	a constant related to A000621	none	64	not found	12	EULER, x, INV, SUBTRACT, PI, DIVIDE	EIGHT, SQRT, EULER, DIVIDE, EXP, SQRT	1.398e-10	9	40.3	9.9	True	
236	log Sqrt[e]	elementary	64	exact	7	x, INV	ONE, NINE, PLUS, SQR, LOG	0.000e+00	634	2.3	64.0	True	Log10[Sqrt[E]]
237	Lochs-Porter constant	special	64	not found	12	x, FIVE, TIMES, SIX, PLUS, SQR	EULER, PI, POWER, FIVE, SQRT, TIMES	6.438e-10	10	35.9	9.2	True	3/4 - (3*Log[2]*(-2 + 4*EulerGamma + 3*Log[2] - (24*Derivative[1][Zeta][2])/Pi^2))/Pi^2 - (6*Log[2]*(-1/2 + (6*Derivative[1][Zeta][2])/Pi^2))/Pi^2
238	B (negated), a constant related to Glaisher's constant A and the Gaussian unitary ensemble hypothesis	none	64	not found	12	x, SIX, TIMES, SQR, SEVEN, POWER	GOLDENRATIO, NINE, POWER, EIGHT, SQR, SUBTRACT	4.051e-10	2	35.5	9.4	True	
239	2*log(2) - 4*Catalan/Pi	special	64	not found	12	x, EXP, LOG, x, SUBTRACT, INV	NINE, FOUR, EIGHT, SQRT, POWER, POWER	4.541e-15	29	38.0	nan	False	2*Log[2] - 4*Catalan/Pi
240	gamma^e	special	64	not found	12	x, PI, TIMES, INV, x, POWER	PI, THREE, SUBTRACT, SQR, SIX, TIMES	1.337e-10	8	38.6	9.9	True	EulerGamma^E
241	7*zeta(3)/(2*Pi^2) - log(2) + 1/2	special	64	not found	12	FIVE, NINE, POWER, x, TIMES, LOG	GOLDENRATIO, THREE, PLUS, LOG, EIGHT, PLUS	2.685e-10	11	39.4	9.6	True	7Zeta[3]/(2Pi^2)-Log[2]+1/2
242	Conway-Guy constant	special	64	not found	12	EULER, THREE, SUBTRACT, SQR, x, SUBTRACT	EULER, SQRT, SQRT, FIVE, INV, DIVIDE	8.725e-11	10	38.7	10.1	True	ConditionalExpression[Extension`ConwayGuyConstant == Limit[\[FormalV][\[FormalN]]/2^\[FormalN], \[FormalN] -> Infinity], \[FormalV][0] == 0 && \[FormalV][1] == 1 && \[FormalV][\[FormalN]] == 2*\[FormalV][-1 + \[FormalN]] - \[FormalV][-1 + \[FormalN] - Floor[1/2 + Sqrt[2*(-1 + \[FormalN])]]]]
243	Copeland–Erdős constant	special	64	not found	12	x, SEVEN, GOLDENRATIO, DIVIDE, EXP, DIVIDE	SIX, LOG, LOG, SQRT, SEVEN, TIMES	6.743e-12	9	34.9	11.2	True	Sum[10^(-\[FormalK] - Sum[Floor[Log[10, Prime[\[FormalJ]]]], {\[FormalJ], 1, \[FormalK]}])*Prime[\[FormalK]], {\[FormalK], 1, Infinity}]
244	Pi*(3 - gamma)/32, where gamma is Euler's constant A001620	special	64	not found	12	x, SQR, SIX, INV, SUBTRACT, INV	FIVE, INV, PI, PLUS, EULER, TIMES	7.061e-11	6	35.3	10.2	True	Pi*(3 - EulerGamma)/32
245	quadtree constant	special	64	not found	12	GOLDENRATIO, SQRT, SEVEN, SUBTRACT, x, TIMES	FOUR, EULER, DIVIDE, TWO, LOG, PLUS	7.179e-10	14	37.7	9.1	True	228 - 26*Pi^2 + 24*Zeta[3]
246	1/sqrt(2*Pi*e), one of the Traveling Salesman constants	elementary	64	exact	8	x, INV	PI, PI, PLUS, EULER, TIMES, SQRT	0.000e+00	3134	35.4	64.0	True	1/Sqrt[2*Pi*E]
247	a(F_5), the maximum inradius of all triangles that lie in a regular pentagon of width 1	none	64	not found	12	x, EXP, SQR, x, LOG, PLUS	EULER, EULER, EXP, SUBTRACT, EULER, DIVIDE	9.828e-10	12	35.2	9.0	True	
248	rayleigh kurtosis excess	elementary	64	not found	12	x, PI, TIMES, SQR, NINE, POWER	GOLDENRATIO, THREE, LOG, DIVIDE, THREE, PLUS	8.733e-11	17	35.5	10.1	True	-(6*Pi^2 - 24*Pi + 16)/(4 - Pi)^2
250	second (of 10) decimal selvage numbers	none	64	not found	12	x, PI, SQRT, DIVIDE, x, SUBTRACT	SEVEN, NINE, SQR, EIGHT, DIVIDE, SUBTRACT	4.477e-11	6	35.0	10.3	True	
251	log Sqrt[π]	elementary	64	exact	7	x, ONE, NINE, PLUS, POWER	PI, SQRT	2.233e-16	73	2.2	63.8	True	Log10[Sqrt[Pi]]
252	logarithm of Glaisher's constant	special	64	not found	12	x, INV, FIVE, SEVEN, DIVIDE, POWER	TWO, PI, SUBTRACT, LOG, FOUR, SUBTRACT	3.307e-10	6	35.3	9.5	True	Log[Glaisher]
253	a multiplicative constant related to A006196	none	64	not found	12	x, x, EXP, LOG, SUBTRACT, INV	NINE, FOUR, EIGHT, SQRT, POWER, POWER	3.991e-15	38	38.1	nan	False	
254	self number density constant	special	64	not found	12	FIVE, SQRT, EXP, INV, x, SUBTRACT	EULER, SQR, SIX, SUBTRACT, FOUR, POWER	1.626e-11	9	36.1	10.8	True	Sum[Piecewise[{{1, SatisfiableQ[\[FormalK] == Sum[(1 + 2^\[FormalN])*\[FormalA][\[FormalK], \[FormalN]], {\[FormalN], 1, Infinity}] && ForAll[\[FormalN], Element[\[FormalN], Integers] && \[FormalN] > 0, Element[\[FormalA][\[FormalK], \[FormalN]], Integers]], {\[FormalA]}]}}, 0]/2^\[FormalK], {\[FormalK], 1, Infinity}]^2/8
255	(1/384)*Pi^4	elementary	64	exact	8	x, SIX, TIMES	EIGHT, PI, SQR, DIVIDE, SQR	0.000e+00	1097	34.6	64.0	True	Pi^4/ 384
256	Flajolet-Prodinger constant 'K', a constant related to asymptotically enumerating level number sequences for binary tree	none	64	not found	12	x, SQR, FIVE, TIMES, PI, POWER	THREE, LOG, FIVE, DIVIDE, SIX, SUBTRACT	4.487e-11	5	34.9	10.3	True	
257	third (of 10) decimal selvage numbers	none	64	not found	12	x, GOLDENRATIO, TIMES, SQR, FOUR, POWER	PI, INV, EXP, SEVEN, SQRT, SUBTRACT	4.910e-10	6	35.1	9.3	True	
258	Meissel-Mertens constant	special	64	not found	12	x, NINE, TIMES, EULER, SUBTRACT, SQR	PI, SEVEN, SQRT, SUBTRACT, INV, EXP	2.417e-10	11	34.7	9.6	True	EulerGamma + Sum[Log[1 - Prime[n]^(-1)] + Prime[n]^(-1), {n, 1, Infinity}]
259	Pi/12	none	64	exact	6	x	TWO, SIX, TIMES, PI, DIVIDE	2.120e-16	699	0.2	64.0	True	
260	Mrs. Miniver constant	special	64	not found	12	x, INV, NINE, POWER, SEVEN, PLUS	FIVE, FOUR, POWER, EIGHT, EXP, PLUS	1.790e-10	9	34.3	9.7	True	Root[{#1 - Sin[Pi/6 - #1*Sqrt[1 - #1^2]] & , 0.264932084602776862`17.423134556719873}]
261	Ti_2(2-sqrt(3)), where Ti_2 is the inverse tangent integral function	none	64	not found	11	SEVEN, SQR, THREE, PLUS, x, TIMES	PI, TWO, POWER, FIVE, PLUS	2.494e-10	4	34.9	9.6	True	
262	unforgeable word constant	special	64	not found	12	x, EULER, EXP, x, POWER, SUBTRACT	SEVEN, SQRT, SIX, DIVIDE, TWO, SUBTRACT	1.180e-10	4	34.8	9.9	True	Sum[(2*(-1)^(-1 + \[FormalK])*Product[2^(-1 + 2^\[FormalJ])/(-1 + 2^(-1 + 2^\[FormalJ])), {\[FormalJ], 2, \[FormalK]}])/(-1 + 2^(-1 + 2^(1 + \[FormalK]))), {\[FormalK], 1, Infinity}]
263	volume of a regular ideal hyperbolic 4-simplex	elementary	64	not found	12	x, INV, THREE, SUBTRACT, FOUR, POWER	SIX, SQRT, SEVEN, LOG, LOG, POWER	1.733e-10	4	34.9	9.8	True	10*Pi/3*ArcSin[1/3] - Pi^2/3
265	one of the Pell-Stevenhagen constants	none	64	not found	12	SEVEN, THREE, DIVIDE, x, INV, SUBTRACT	FIVE, PI, THREE, POWER, SUBTRACT, LOG	6.310e-10	1	36.7	9.2	True	
266	1/(8*log(2)*A005597), where A005597 is the twin prime constant C_2	none	64	not found	12	FIVE, SEVEN, DIVIDE, x, INV, PLUS	GOLDENRATIO, GOLDENRATIO, POWER, SQRT, THREE, POWER	9.598e-10	9	35.2	9.0	True	
267	constant appearing in the expected number of comparisons for an unsuccessful digital tree search (negated)	none	64	not found	12	GOLDENRATIO, x, FOUR, POWER, SQR, DIVIDE	THREE, SEVEN, TIMES, LOG, SQRT, SQRT	5.113e-10	9	36.8	9.3	True	
269	(6/Pi^2)*Sum_{n>=1} 1/prime(n)^2	special	64	not found	12	EULER, x, GOLDENRATIO, TIMES, INV, DIVIDE	PI, SQRT, SEVEN, SUBTRACT, SQRT, LOG	2.304e-10	9	36.7	9.6	True	6*PrimeZetaP[2]/Pi^2
270	1/Gamma(1/4)	special	64	not found	12	x, LOG, SQR, EIGHT, SQRT, DIVIDE	GOLDENRATIO, EXP, SIX, TIMES, SQRT, LOG	9.598e-11	10	35.0	10.0	True	1/Gamma[1/4]
271	rho_c = (5-sqrt(5))/10, the asymptotic critical density for the hard hexagon model	algebraic	64	exact	5	x	GOLDENRATIO, TWO, PLUS, INV	0.000e+00	217	0.1	63.8	True	(5 - Sqrt[5])/10
272	Bernstein's constant	none	50	not found	12	x, THREE, SQRT, DIVIDE, SQRT, EXP	EULER, FOUR, TIMES, PI, LOG, PLUS	1.706e-10	4	34.4	9.8	True	
273	Series-parallel networks constant	none	22	not found	12	x, LOG, GOLDENRATIO, DIVIDE, SQR, SQR	GOLDENRATIO, PI, DIVIDE, TWO, LOG, PLUS	7.465e-11	4	35.4	10.1	True	
274	log 6/π	elementary	64	exact	8	x, ONE, NINE, PLUS, POWER	PI, SIX, DIVIDE	0.000e+00	71	35.0	64.0	True	Log10[6/Pi]
275	((5 - 2*sqrt(2))*Pi)/24	elementary	64	exact	11	x, PI, DIVIDE, THREE, DIVIDE	EIGHT, EIGHT, SQRT, FIVE, SUBTRACT, DIVIDE	1.953e-16	37	34.6	64.0	True	((5-2*Sqrt[2])*Pi)/24
276	Mertens constant M(3,2) arising in the formula for the sum of reciprocals of primes p == 2 (mod 3)	none	64	not found	12	GOLDENRATIO, EXP, TWO, DIVIDE, x, DIVIDE	GOLDENRATIO, LOG, FIVE, SIX, DIVIDE, SUBTRACT	2.630e-11	4	36.9	10.6	True	
277	Mertens constant M(4,1) arising in the formula for the sum of reciprocals of primes p == 1 (mod 4) (negated)	none	64	not found	12	x, EIGHT, PI, SQR, SUBTRACT, POWER	FOUR, LOG, LOG, THREE, POWER, SQRT	1.078e-10	8	35.0	10.0	True	
278	strongly carefree constant	special	64	not found	12	NINE, x, INV, GOLDENRATIO, POWER, DIVIDE	EULER, INV, FIVE, PLUS, LOG, INV	9.508e-11	4	35.3	10.0	True	Product[1 - (-2 + 3*Prime[\[FormalK]])/Prime[\[FormalK]]^3, {\[FormalK], 1, Infinity}]
279	digital search tree Q constant	special	64	not found	12	x, SEVEN, PLUS, EXP, SQRT, EXP	THREE, EXP, EULER, FOUR, PLUS, POWER	1.549e-10	8	34.5	9.8	True	QPochhammer[1/2, 1/2]
280	Sum_{k>=0} (k!/(k+2)!)^2	elementary	64	exact	7	x, THREE, PLUS	THREE, PI, SQR, DIVIDE	0.000e+00	781	2.5	63.9	True	Pi^2/3 - 3
281	domino tiling constant	special	64	not found	12	x, EXP, x, PLUS, TWO, TIMES	GOLDENRATIO, TWO, PLUS, FOUR, LOG, POWER	1.783e-10	4	34.7	9.7	True	Catalan/Pi
282	d_0, the constant term in the asymptotic expansion of the average number of registers needed to evaluate a binary tree	none	64	not found	12	x, INV, PI, GOLDENRATIO, PLUS, POWER	EULER, FOUR, EXP, SUBTRACT, FOUR, TIMES	7.199e-12	4	35.3	11.1	True	
283	(1/105)*Pi^3	elementary	64	exact	10	x, SEVEN, TIMES, THREE, TIMES	FIVE, THREE, PI, POWER, DIVIDE	0.000e+00	216	34.5	63.8	True	Pi^3/105
284	Pythagorean triple second-order constant for areas	special	64	not found	12	x, x, INV, EXP, DIVIDE, SQRT	THREE, SQRT, THREE, POWER, PI, PLUS	3.987e-11	7	35.7	10.4	True	-(((1 + 2^(-1/3))*Zeta[1/3])/((1 + 2^(-2/3))*Zeta[4/3]))
285	a constant that appears in flux/diffusion problems with trapping surfaces	special	64	not found	12	x, x, LOG, EXP, SUBTRACT, SQRT	EIGHT, INV, LOG, NINE, TIMES, EXP	4.844e-15	51	34.7	nan	False	-1/Pi * Integrate[Log[(6/x^2) * (1 - Sin[x]/x)]/x^2, {x, 0, Infinity}]
286	Wadsworth constant	rational	64	exact	6	x	THREE, INV, THREE, PLUS, INV	0.000e+00	1239	0.3	64.0	True	3/10
287	Sum_{m,n >= 1} (-1)^(m + n)/(m*n*(m + n))	none	64	not found	12	x, PI, LOG, EIGHT, PLUS, POWER	GOLDENRATIO, EXP, FOUR, POWER, LOG, LOG	2.050e-10	4	35.7	9.7	True	
288	log10(2)	elementary	64	exact	6	x, ONE, NINE, PLUS, POWER	TWO	0.000e+00	195	2.4	64.0	True	Log[10, 2]
289	ln(Gamma(2/3))	special	64	not found	12	EULER, SIX, SUBTRACT, x, TIMES, SQR	PI, INV, SQR, SQR, ONE, SUBTRACT	3.583e-10	4	35.9	9.4	True	LogGamma[2/3]
290	coefficient c appearing in the asymptotic evaluation of the number of prime additive compositions of n as c*(1/xi)^n, wh	none	64	not found	12	TWO, LOG, x, ONE, SUBTRACT, DIVIDE	PI, SEVEN, POWER, INV, EIGHT, POWER	4.595e-10	9	34.8	9.3	True	
291	Gauss-Kuzmin-Wirsing constant	special	64	not found	11	x, LOG, EXP, x, SUBTRACT	SIX, SQR, EIGHT, SQRT, POWER, INV	4.022e-15	30	34.8	nan	False	Inactive[Limit][Inactive[Part][SortBy[N][Abs[Eigenvalues[Inactive[Table][((-1)^\[FormalJ]*Inactive[Sum][(-2)^\[FormalI]*Binomial[\[FormalK], \[FormalI]]*Pochhammer[2 + \[FormalI], \[FormalJ]]*(-2^(2 + \[FormalI] + \[FormalJ]) + (-1 + 2^(2 + \[FormalI] + \[FormalJ]))*Zeta[2 + \[FormalI] + \[FormalJ]]), {\[FormalI], 0, \[FormalK]}])/((-2)^\[FormalK]*\[FormalJ]!), {\[FormalJ], 0, -1 + \[FormalN]}, {\[FormalK], 0, -1 + \[FormalN]}]]]], -2], \[FormalN] -> Infinity]
292	3/pi^2	elementary	64	exact	5	x	PI, SQR, THREE, DIVIDE	0.000e+00	217	0.1	64.0	True	3/Pi^2
293	radius of convergence of the generating function of A000625 (alcohol stereoisomers enumeration)	none	64	not found	12	EULER, INV, x, SIX, POWER, SUBTRACT	EIGHT, SQR, LOG, SIX, SUBTRACT, SQRT	8.229e-11	0	35.5	10.1	True	
294	1 - log(2)	elementary	64	exact	5	x	TWO, LOG, ONE, SUBTRACT	0.000e+00	287	0.1	64.0	True	1-Log[2]
295	Hardy-Littlewood constant Product_{p prime >= 5} (1-(6*p^2-4*p+1)/(p-1)^4)	none	64	not found	12	x, LOG, EXP, x, SUBTRACT, SQRT	EIGHT, INV, LOG, NINE, TIMES, EXP	4.694e-15	46	35.0	nan	False	
296	coefficient c_v in c_v*log(N), the asymptotic variance of the number of factors in a random factorization of n <= N	none	64	not found	12	x, LOG, EXP, x, SUBTRACT, SQRT	EIGHT, INV, LOG, NINE, TIMES, EXP	4.680e-15	50	34.9	nan	False	
297	Littlewood-Salem-Izumi constant	special	64	not found	11	x, x, EXP, LOG, SUBTRACT	SIX, SQR, EIGHT, SQRT, POWER, INV	3.959e-15	38	36.4	nan	False	Root[{HypergeometricPFQ[{1/2 - #1/2}, {1/2, 3/2 - #1/2}, (-(1/16))*(9*Pi^2)] & , 0.3084437795619860030341969509860000000000000000000000000001`29.489176016177844}]
298	sin(Pi/10) (angle of 18 degrees)	algebraic	64	exact	5	x, GOLDENRATIO, TIMES	TWO, INV	0.000e+00	285	0.1	63.8	True	Sin[18 Degree]
299	-(8*(EulerGamma - log(2)))/3	special	64	not found	12	SEVEN, SQRT, EXP, x, SQRT, TIMES	SEVEN, PI, LOG, DIVIDE, EIGHT, SUBTRACT	3.463e-11	8	35.0	10.5	True	-(8*(EulerGamma - Log[2]))/3
300	Zolotarev-Schur constant	special	64	not found	12	TWO, x, EIGHT, DIVIDE, EXP, DIVIDE	NINE, NINE, SIX, POWER, LOG, POWER	5.526e-10	5	34.8	9.3	True	With[{\[FormalX] = Root[{EllipticE[#1^2]^3 - 3*EllipticE[#1^2]^2*EllipticK[#1^2] + EllipticK[#1^2]*(-1 - EllipticK[#1^2]^2 + #1^2) + EllipticE[#1^2]*(1 + 3*EllipticK[#1^2]^2 + #1^2) & , 0.9155020553896763963055240364016622896543129422884607667501`30.102999566398122}]}, (1 - EllipticE[\[FormalX]^2]/EllipticK[\[FormalX]^2])^2/\[FormalX]^2]
301	k_3 = 3/(2*Pi*m_3), a constant associated with the asymptotic expansion of the probability that a three-dimensional rand	none	64	not found	12	x, NINE, LOG, SQR, LOG, DIVIDE	NINE, EXP, INV, EXP, FOUR, PLUS	5.819e-10	8	37.7	9.2	True	
302	(negated) constant in the expansion of the prime zeta function about s = 1	none	64	not found	12	x, x, LOG, EXP, SUBTRACT, SQRT	EIGHT, INV, LOG, NINE, TIMES, EXP	4.571e-15	55	35.2	nan	False	
303	Atkinson-Negro-Santoro constant	special	64	not found	11	x, EXP, LOG, x, SUBTRACT	SIX, SQR, EIGHT, SQRT, POWER, INV	3.856e-15	32	39.6	nan	False	ConditionalExpression[Extension`AtkinsonNegroSantoroConstant == Limit[\[FormalU][\[FormalN]]/2^\[FormalN], \[FormalN] -> Infinity], \[FormalU][0] == 0 && \[FormalU][1] == 1 && \[FormalU][\[FormalN]] == 2*\[FormalU][-1 + \[FormalN]] - \[FormalU][-1 + \[FormalN] - Floor[1 + (-1 + \[FormalN])/2]]]
304	real part of the solution of z = log z	special	64	not found	11	x, LOG, EXP, x, SUBTRACT	SIX, SQR, EIGHT, SQRT, POWER, INV	3.839e-15	31	38.7	nan	False	Re[-ProductLog[-1]]
305	Kalmar composition constant	special	64	not found	12	x, SIX, LOG, DIVIDE, THREE, SUBTRACT	PI, SEVEN, FIVE, DIVIDE, SQR, SUBTRACT	1.563e-10	9	35.9	9.8	True	ConditionalExpression[Extension`KalmarCompositionConstant == -(1/(\[FormalRho]*Derivative[1][Zeta][\[FormalRho]])), \[FormalRho] == Root[{-2 + Zeta[#1] & , 1.7286472389981836181351030103`29.237706376855613}]]
306	reciprocal of π	elementary	64	exact	3	x	PI, INV	0.000e+00	6	0.0	64.0	True	Pi^(-1)
307	a constant related to a certain Sobolev isoperimetric inequality	none	64	not found	12	x, x, LOG, EXP, SUBTRACT, SQRT	EIGHT, INV, LOG, NINE, TIMES, EXP	4.528e-15	47	35.2	nan	False	
308	eta/xi = A086318/A086317, a coefficient associated with the asymptotics of the number of weakly binary trees	none	64	not found	12	x, x, LOG, EXP, SUBTRACT, SQRT	EIGHT, INV, LOG, NINE, TIMES, EXP	4.528e-15	47	37.9	nan	False	
309	Feller-Tornier product constant	special	64	not found	12	PI, x, FIVE, PLUS, SQR, DIVIDE	SEVEN, EIGHT, TIMES, INV, NINE, PLUS	1.996e-11	9	35.4	10.7	True	Product[1 - 2/Prime[\[FormalK]]^2, {\[FormalK], 1, Infinity}]
310	second Kneser-Mahler polynomial constant	special	64	not found	11	x, SQRT, SQR, x, SUBTRACT	SIX, SQR, EIGHT, SQRT, POWER, INV	3.780e-15	33	37.3	nan	False	(9 - PolyGamma[1, 2/3] + PolyGamma[1, 4/3])/(4*Pi*Sqrt[3])
311	1/(4*K), a constant related to the asymptotic evaluation of the number of positive integers all of whose prime factors a	none	64	not found	11	x, x, EXP, LOG, SUBTRACT	SIX, SQR, EIGHT, SQRT, POWER, INV	3.733e-15	33	36.8	nan	False	
312	infinite product of (j/Pi)*sin(Pi/j), for j >= 2, a constant similar to the Kepler-Bouwkamp constant	none	64	not found	12	PI, x, POWER, EXP, NINE, DIVIDE	GOLDENRATIO, INV, GOLDENRATIO, POWER, FIVE, POWER	9.947e-12	9	35.3	11.0	True	
313	constant that appears in the asymptotic formula for average order of an infinitary analog of Euler's phi function (A0917	none	64	not found	12	SEVEN, x, INV, PI, POWER, SUBTRACT	FIVE, EXP, SEVEN, PLUS, LOG, SQR	7.426e-11	4	35.3	10.1	True	
314	Given the two curves y = (1 + exp(x))/2 and y = (1 + exp(x))/(1 + exp(x/2)), draw a line tangent to both. This sequence 	none	64	not found	12	x, SEVEN, FOUR, POWER, LOG, POWER	EULER, SQRT, SEVEN, DIVIDE, NINE, DIVIDE	1.182e-10	9	35.0	9.9	True	
315	9099999999923/27500000000000	rational	64	not found	12	x, LOG, EXP, x, SUBTRACT, SQRT	EIGHT, INV, LOG, NINE, TIMES, EXP	4.362e-15	47	35.4	nan	False	9099999999923/27500000000000
316	euler sqr	special	64	not found	12	FOUR, NINE, PLUS, INV, x, PLUS	SEVEN, LOG, FOUR, PLUS, INV, SQRT	3.403e-10	9	35.0	9.5	True	EulerGamma^2
317	log(A085851)	none	64	not found	12	x, SQR, INV, GOLDENRATIO, PLUS, SQRT	PI, EXP, SIX, DIVIDE, THREE, PLUS	1.140e-10	0	36.3	9.9	True	
318	third	rational	64	exact	3	x	THREE, INV	0.000e+00	10	0.0	64.0	True	1/3
319	Sum_{k>=2} c(k)/prime(k), where c(k) = -1 if p == 1 (mod 4) and c(k) = +1 if p == 3 (mod 4)	none	64	not found	11	x, x, EXP, LOG, SUBTRACT	SIX, SQR, EIGHT, SQRT, POWER, INV	3.646e-15	34	35.6	nan	False	
320	radius of convergence of g.f. for unlabeled trees (A000055)	none	64	not found	12	x, EULER, TIMES, EXP, FOUR, SUBTRACT	TWO, SQRT, SEVEN, DIVIDE, SQRT, SQRT	2.824e-11	3	35.4	10.5	True	
321	probability that a random walk on a 3-D lattice returns to the origin	special	64	not found	12	FIVE, x, LOG, SQR, POWER, EXP	THREE, EXP, SQRT, GOLDENRATIO, SUBTRACT, SQR	4.742e-11	0	35.5	10.3	True	1 - (16*Sqrt[2/3]*Pi^3) / (Gamma[1/24]*Gamma[5/24]*Gamma[7/24]*Gamma[11/24])
322	2*sin(Pi/18)	algebraic	64	exact	6	x, INV, x, SQR, PLUS	THREE	1.598e-16	11	2.4	64.0	True	2Sin[Pi/18]
323	sqrt(5^(1/3)-4^(1/3))	algebraic	64	not found	12	x, x, LOG, EXP, SUBTRACT, SQRT	EIGHT, INV, LOG, NINE, TIMES, EXP	4.122e-15	50	35.7	nan	False	Sqrt[Surd[5, 3] - Surd[4, 3]]
324	meander connective constant	special	64	not found	12	x, x, LOG, EXP, SUBTRACT, SQRT	EIGHT, INV, LOG, NINE, TIMES, EXP	4.122e-15	50	36.1	nan	False	Product[1 - 2^(-2^\[FormalK]), {\[FormalK], 0, Infinity}]
325	lim_{N->infinity} (1/N^2 Sum_{n=1..N} K(n)), where K(n) is the squarefree kernel of n	none	64	not found	12	x, EXP, THREE, DIVIDE, THREE, SUBTRACT	TWO, EXP, EULER, TWO, POWER, DIVIDE	3.752e-10	8	34.9	9.4	True	
326	a coefficient associated with the asymptotics of the variance of the distance between a vertex and the root of a random 	none	64	not found	12	x, INV, x, SEVEN, POWER, DIVIDE	EIGHT, NINE, TIMES, LOG, THREE, DIVIDE	1.061e-11	8	35.8	11.0	True	
327	Hafner–Sarnak–McCurley constant	none	64	not found	12	EIGHT, SQRT, PI, SUBTRACT, x, SUBTRACT	EULER, GOLDENRATIO, TIMES, GOLDENRATIO, LOG, POWER	1.656e-11	3	34.9	10.8	True	
328	radius of convergence of the generating function of A000598, the number of rooted ternary trees of n vertices	none	64	not found	12	x, x, x, SQR, DIVIDE, SUBTRACT	SIX, SQR, EIGHT, SQRT, INV, POWER	4.532e-15	11	34.4	nan	False	
330	imaginary part of the infinite power tower of i	special	64	not found	12	x, LOG, EXP, x, SUBTRACT, SQRT	EIGHT, INV, LOG, NINE, TIMES, EXP	4.003e-15	47	35.9	nan	False	Im[-ProductLog[-Log[I]]/Log[I]]
331	log 1/M = ln 10	elementary	64	exact	9	x, ONE, NINE, PLUS, POWER	ONE, NINE, PLUS, LOG	0.000e+00	35	34.4	63.9	True	Log10[Log[10]]
332	equilateral triangle line-picking constant	elementary	64	exact	11	x, FIVE, TIMES, ONE, SUBTRACT	NINE, THREE, SQRT, DIVIDE, SQRT, LOG	0.000e+00	133	34.1	63.9	True	(4 + 3*Log[3])/20
333	(3*sqrt(6) - 7)*Pi/3	elementary	64	exact	9	PI, x, DIVIDE	THREE, SEVEN, DIVIDE, SIX, SQRT, SUBTRACT	3.195e-15	57	35.1	64.0	True	(3Sqrt[6]-7)Pi/3
334	standard Gumbel distribution median	elementary	64	exact	5	x, EXP	TWO, LOG, INV	0.000e+00	219	0.1	64.0	True	-Log[Log[2]]
335	constant that appears in the asymptotic formula for average order of the number of  infinitary divisors function (A03744	none	64	not found	12	x, x, LOG, EXP, SUBTRACT, SQRT	EIGHT, INV, LOG, NINE, TIMES, EXP	3.937e-15	47	34.4	nan	False	
336	reciprocal of e	elementary	64	exact	3	x	EULER, INV	0.000e+00	14	0.0	64.0	True	E^(-1)
337	Hardy-Littlewood constant C_7 = Product_{p prime > 7} 1/(1-1/p)^7 (1-7/p)	none	64	not found	12	x, INV, EULER, SIX, PLUS, POWER	SIX, SQRT, EXP, GOLDENRATIO, TIMES, SQR	6.159e-10	3	36.5	9.2	True	
338	fourth (of 10) decimal selvage number	none	64	not found	12	SIX, LOG, SQRT, LOG, x, TIMES	GOLDENRATIO, LOG, SQR, NINE, PLUS, INV	1.221e-11	3	35.2	10.9	True	
339	constant c appearing in the expected number of pair of twin vacancies in a digital tree	none	64	not found	12	TWO, LOG, x, SIX, POWER, DIVIDE	FOUR, EXP, FIVE, DIVIDE, EULER, PLUS	6.267e-11	1	35.2	10.2	True	
340	variance of the maximum of a size 8 sample from a normal (0,1) distribution	none	64	not found	12	x, EIGHT, POWER, NINE, LOG, POWER	SIX, SQRT, EXP, EIGHT, SQR, DIVIDE	5.855e-11	3	34.9	10.2	True	
341	(1/144)*3^(1/2)*Pi^3	elementary	64	exact	10	FOUR, SQR, x, TIMES	THREE, THREE, SQRT, PI, DIVIDE, POWER	0.000e+00	117	34.3	64.0	True	Sqrt[3]*Pi^3/144
342	1/Gamma(1/3)	special	64	not found	12	x, INV, SIX, POWER, SEVEN, PLUS	EULER, GOLDENRATIO, PLUS, SEVEN, PLUS, SQR	6.593e-11	8	35.1	10.2	True	1/Gamma[1/3]
343	first positive solution to exp(1-1/x)/x = 1/2, a binary search tree constant	special	64	exact	8	x, INV, EXP, x, TIMES	EULER, EULER, PLUS	1.487e-16	78	34.5	64.0	True	-1/ProductLog[-1, -1/(2*E)]
344	Artin's constant	special	64	not found	12	x, NINE, POWER, INV, SIX, POWER	SEVEN, LOG, LOG, SIX, DIVIDE, LOG	6.110e-10	9	34.5	9.2	True	Product[1 - 1/((-1 + Prime[n])*Prime[n]), {n, 1, Infinity}]
345	64/169, the upper bound (as given by S. Finch) of the 2-dimensional simultaneous Diophantine approximation constant	none	64	exact	7	x, SQRT	FOUR, NINE, PLUS, EIGHT, DIVIDE	0.000e+00	554	2.5	64.0	True	
346	upper bound of the 6-dimensional simultaneous Diophantine approximation constant	none	64	not found	12	x, x, EXP, LOG, SUBTRACT, INV	NINE, EIGHT, SQR, LOG, EXP, POWER	3.954e-15	44	35.8	nan	False	
347	expected distance from a randomly selected point in the unit square to its center: (sqrt(2) + log(1 + sqrt(2)))/6	elementary	64	exact	11	x, SIX, TIMES, TWO, SQRT, SUBTRACT	ONE, TWO, SQRT, SUBTRACT, LOG	0.000e+00	8	34.5	64.0	True	(Sqrt[2] + Log[1 + Sqrt[2]])/6
348	Given the two curves y = (1 + exp(x))/2 and y = (1 + exp(x))/(1 + exp(x/2)), draw a line tangent to both. This sequence 	none	64	not found	12	x, x, x, SQR, DIVIDE, SUBTRACT	SIX, SQR, EIGHT, SQRT, INV, POWER	4.154e-15	7	34.5	nan	False	
349	upper bound of the 5-dimensional simultaneous Diophantine approximation constant	elementary	64	not found	12	x, SQRT, SQR, x, SUBTRACT, INV	NINE, EIGHT, SQR, LOG, EXP, POWER	3.836e-15	38	36.3	nan	False	3/(208 + 72*Pi - 96*Sqrt[2]*Pi)
350	variance of the maximum of a size 7 sample from a normal (0,1) distribution	none	64	not found	12	x, x, x, SQR, DIVIDE, SUBTRACT	SIX, SQR, EIGHT, SQRT, INV, POWER	4.108e-15	5	34.9	nan	False	
351	1 - 6/pi^2	elementary	64	exact	7	x	PI, SQR, SIX, DIVIDE, ONE, SUBTRACT	0.000e+00	469	2.4	64.0	True	1 - 6/Pi^2
352	Pi/8	none	64	exact	4	x	EIGHT, PI, DIVIDE	0.000e+00	29	0.0	64.0	True	
353	A(rectangles), an analog of Moser's worm constant, which is associated with the class of rectangular regions of the plan	none	64	not found	12	SIX, x, SEVEN, PLUS, EXP, SUBTRACT	EULER, SQR, EXP, SEVEN, SQRT, PLUS	3.487e-10	3	34.7	9.5	True	
354	radius of convergence of the generating function for the enumeration of rooted identity trees (A004111)	none	50	not found	12	x, SQRT, x, SUBTRACT, SIX, TIMES	EIGHT, EULER, SQRT, PI, POWER, SUBTRACT	1.605e-10	8	35.4	9.8	True	
355	Pi*G - 33*zeta(3)/16, where G = A006752	special	64	not found	12	x, SQRT, SQR, x, SUBTRACT, INV	NINE, EIGHT, SQR, LOG, EXP, POWER	3.763e-15	38	35.2	nan	False	Pi Catalan-33Zeta[3]/16
356	one div root two pi	elementary	64	exact	6	x	PI, PI, PLUS, INV, SQRT	0.000e+00	731	0.3	64.0	True	1/Sqrt[2*Pi]
357	log Sqrt[2π]	elementary	64	exact	9	x, ONE, NINE, PLUS, SQR, POWER	PI, PI, PLUS	0.000e+00	39	34.5	64.0	True	Log10[Sqrt[2*Pi]]
358	'lambda', a Somos quadratic recurrence constant mentioned by Steven Finch	none	64	not found	12	EIGHT, SIX, LOG, x, SUBTRACT, POWER	EULER, SEVEN, POWER, ONE, PLUS, SQRT	7.097e-11	8	35.7	10.1	True	
359	Feigenbaum's constant 0.399535	none	64	not found	12	x, SQRT, EXP, NINE, LOG, POWER	PI, EIGHT, PLUS, SEVEN, SQR, DIVIDE	1.782e-10	9	35.5	9.7	True	
360	Li_3(2 - phi)	special	64	not found	12	FOUR, LOG, x, INV, EXP, SUBTRACT	EULER, SQRT, ONE, PLUS, FOUR, TIMES	1.780e-10	3	34.4	9.7	True	PolyLog[3,2-GoldenRatio]
361	radius of convergence of Wedderburn-Etherington numbers g.f	none	64	not found	12	EIGHT, NINE, PLUS, x, SQR, TIMES	FIVE, TWO, DIVIDE, EIGHT, SUBTRACT, SQRT	8.280e-11	3	35.1	10.1	True	
362	'mu', a percolation constant associated with the asymptotic threshold for 3-dimensional bootstrap percolation	none	64	not found	12	x, x, EXP, LOG, SUBTRACT, INV	NINE, EIGHT, SQR, LOG, EXP, POWER	3.711e-15	44	35.3	nan	False	
363	log(A085850)	none	41	not found	12	PI, x, SEVEN, TIMES, POWER, SQRT	EULER, INV, SEVEN, SQRT, SUBTRACT, SQR	3.883e-12	5	34.6	11.4	True	
364	m_2 = (2-1/e)/4, one of Renyi's parking constants, the mean car density in case "monomer with nearest neighbor exclusion	elementary	64	exact	7	x	FOUR, EULER, INV, TWO, SUBTRACT, DIVIDE	0.000e+00	581	2.4	64.0	True	(2 - 1/E)/4
365	upper bound of the 4-dimensional simultaneous Diophantine approximation constant	elementary	64	exact	12	x, INV, FOUR, PLUS, PI, DIVIDE	FIVE, FOUR, THREE, DIVIDE, POWER, SQRT	0.000e+00	8	34.9	64.0	True	27/(4*(8*Sqrt[3]*Pi - 27))
366	Euler-Kronecker constant (as named by P. Moree) for non-hypotenuse numbers	none	64	not found	12	x, INV, INV, x, SUBTRACT, INV	NINE, EIGHT, SQR, LOG, EXP, POWER	3.660e-15	37	35.3	nan	False	
367	lower bound of the Berry-Esseen constant	elementary	64	not found	12	EIGHT, INV, SQR, SQR, x, SUBTRACT	EULER, EXP, SQRT, THREE, SUBTRACT, EXP	3.992e-11	3	38.3	10.4	True	(3 + Sqrt[10])/(6*Sqrt[2*Pi])
368	Hardy-Littlewood constant C_5 = Product_{p prime > 5} 1/(1-1/p)^5 (1-5/p)	none	64	not found	12	x, x, x, SQR, DIVIDE, SUBTRACT	SIX, SQR, EIGHT, SQRT, INV, POWER	3.928e-15	7	35.5	nan	False	
369	sqrt(2)*(sqrt(6) - 1)/5	algebraic	64	exact	8	x, INV	TWO, INV, SQRT, THREE, SQRT, PLUS	0.000e+00	1029	34.8	64.0	True	Sqrt[2](Sqrt[6]-1)/5
370	Prouhet–Thue–Morse constant	special	64	not found	12	x, x, EXP, LOG, SUBTRACT, INV	NINE, EIGHT, SQR, LOG, EXP, POWER	3.634e-15	39	36.0	nan	False	(2 - Product[(-1 + 2^2^\[FormalK])/2^2^\[FormalK], {\[FormalK], 0, Infinity}])/4
371	1/(eta*P'(eta)), a constant related to the asymptotic evaluation of the number of prime multiplicative compositions, whe	none	30	not found	12	THREE, x, POWER, INV, SEVEN, PLUS	FOUR, LOG, SQR, PI, EXP, SUBTRACT	3.129e-10	4	35.1	9.5	True	
372	sqrt(2) - 1	algebraic	64	exact	5	x, ONE, PLUS	TWO, SQRT	0.000e+00	294	0.1	64.0	True	Sqrt[2] - 1
373	isosceles triangle line-picking constant	elementary	64	not found	12	x, NINE, POWER, THREE, SQRT, PLUS	FIVE, THREE, EXP, ONE, PLUS, DIVIDE	3.721e-11	3	36.9	10.4	True	(2 + 4*Sqrt[2] + ArcSinh[1]*(4 + Sqrt[2]))/30
374	Prime constant	special	64	not found	12	x, INV, INV, x, SUBTRACT, INV	EIGHT, LOG, NINE, EXP, POWER, SQR	3.748e-15	41	35.5	nan	False	Sum[2^(-Prime[n]), {n, 1, Infinity}]
375	variance of the maximum of a size 6 sample from a normal (0,1) distribution	none	64	not found	12	x, FIVE, SQRT, SIX, SUBTRACT, POWER	PI, ONE, SUBTRACT, EXP, GOLDENRATIO, PLUS	2.041e-11	9	34.7	10.7	True	
376	volume of the Meissner Body	elementary	64	not found	12	GOLDENRATIO, SQRT, x, PLUS, PI, DIVIDE	SEVEN, NINE, TIMES, LOG, SIX, SUBTRACT	8.813e-11	14	35.5	10.1	True	(2/3 - Sqrt[3]/4 * ArcCos[1/3])* Pi
377	Minkowski-Bower constant	special	64	not found	12	x, x, SQRT, SQR, SUBTRACT, INV	EIGHT, LOG, NINE, EXP, POWER, SQR	3.697e-15	40	35.0	nan	False	Inactive[Root][{#1 - MinkowskiQuestionMark[#1] & , 0.420372339423223075640993`23.623634131640042}]
378	Schlüter ten disk constant	algebraic	64	not found	12	x, x, EXP, LOG, SUBTRACT, INV	EIGHT, LOG, NINE, EXP, POWER, SQR	3.689e-15	40	34.7	nan	False	Root[819200 - 14172160*\[FormalX] + 114038784*\[FormalX]^2 - 563649536*\[FormalX]^3 + 1899131648*\[FormalX]^4 - 4564076288*\[FormalX]^5 + 7918461504*\[FormalX]^6 - 9722063488*\[FormalX]^7 + 7803109440*\[FormalX]^8 - 2960321792*\[FormalX]^9 - 1038261808*\[FormalX]^10 + 1526909568*\[FormalX]^11 + 227573920*\[FormalX]^12 - 1398966480*\[FormalX]^13 + 1145811528*\[FormalX]^14 - 462103584*\[FormalX]^15 + 98015844*\[FormalX]^16 - 11436428*\[FormalX]^17 + 1180129*\[FormalX]^18, \[FormalX], 1]
379	logarithmic capacity of the unit equilateral triangle	none	64	not found	12	x, PI, DIVIDE, SQR, EIGHT, DIVIDE	GOLDENRATIO, SQRT, SQRT, GOLDENRATIO, SQRT, SUBTRACT	2.926e-10	0	35.5	9.5	True	
380	c_1, a constant associated with the computation of the maximal modulus of an algebraic integer	none	64	not found	12	THREE, x, FOUR, POWER, SQR, DIVIDE	THREE, PI, POWER, INV, NINE, POWER	6.998e-11	8	34.8	10.2	True	
381	Reuleaux tetrahedron volume	elementary	64	not found	12	x, INV, INV, x, SUBTRACT, INV	EIGHT, LOG, NINE, EXP, POWER, SQR	3.682e-15	38	35.2	nan	False	(8*Pi)/3 - (27*ArcCos[1/3])/4 + Sqrt[2]/4
382	1 - gamma, where gamma is Euler's constant (or the Euler-Mascheroni constant)	special	64	not found	12	x, LOG, x, SQR, SQR, SUBTRACT	THREE, SEVEN, TIMES, LOG, EULER, DIVIDE	3.238e-11	3	35.8	10.5	True	1 - EulerGamma
383	pi^(-3/4)	elementary	64	exact	6	x	PI, PI, SQRT, SQRT, DIVIDE	1.310e-16	561	0.3	64.0	True	Pi^(-3/4)
384	Dawson's integral at the inflection point	none	64	not found	12	x, x, SQRT, SQR, SUBTRACT, INV	EIGHT, LOG, NINE, EXP, POWER, SQR	3.634e-15	40	34.9	nan	False	
385	(2/3)*x where x is the real solution of the equation x^2 + 2*sqrt(1 - x^2) = 2*x*(x + arccos(x))	none	64	not found	12	x, x, INV, INV, SUBTRACT, SQRT	NINE, LOG, EXP, EIGHT, INV, POWER	4.281e-15	54	34.7	nan	False	
386	gamma', the analog of Euler's constant when 1/x is replaced by 1/(x*log(x))	none	64	not found	12	SIX, INV, x, PLUS, EIGHT, POWER	GOLDENRATIO, THREE, PLUS, LOG, SQRT, EXP	5.587e-13	7	35.1	12.3	True	
387	carefree constant	special	64	not found	12	EIGHT, EULER, SQRT, DIVIDE, x, SUBTRACT	FIVE, LOG, EIGHT, PI, DIVIDE, POWER	2.829e-11	3	35.5	10.5	True	Product[1 - (-1 + 2*Prime[\[FormalK]])/Prime[\[FormalK]]^3, {\[FormalK], 1, Infinity}]
388	'lambda', a Young-Fejér-Jackson constant linked to the positivity of certain sine sums	none	64	not found	12	x, x, INV, INV, SUBTRACT, SQRT	NINE, LOG, EXP, EIGHT, INV, POWER	4.257e-15	55	35.9	nan	False	
389	2*arccsch(2)/sqrt(5)	none	64	exact	7	x	FIVE, SQRT, GOLDENRATIO, SQR, LOG, DIVIDE	0.000e+00	445	2.4	64.0	True	
390	m = (1-1/e^2)/2, one of Renyi's parking constants	elementary	64	exact	8	x, TWO, TIMES	EULER, INV, SQR, ONE, SUBTRACT	0.000e+00	1815	34.3	64.0	True	(1 - 1/E^2)/2
391	Bloch constant lower limit	algebraic	64	not found	11	x, x, EXP, LOG, SUBTRACT	SIX, SQR, EIGHT, SQRT, INV, POWER	3.716e-15	41	36.0	nan	False	1/5000 + Sqrt[3]/4
392	common logarithm of e	elementary	64	exact	6	x, INV	ONE, NINE, PLUS, LOG	0.000e+00	326	0.3	64.0	True	Log10[E]
393	asymptotic probability of success in the full-information secretary problem with uniform distribution when the number of	none	64	not found	11	GOLDENRATIO, x, FOUR, LOG, DIVIDE, POWER	EIGHT, LOG, INV, SEVEN, SUBTRACT	8.377e-11	7	35.1	10.1	True	
394	a constant related to the [dimensionless] electrical capacitance of the ring torus without hole (with unit circle radius	none	64	not found	12	x, SEVEN, DIVIDE, x, EXP, PLUS	GOLDENRATIO, LOG, EIGHT, DIVIDE, ONE, PLUS	5.764e-11	3	34.8	10.2	True	
395	1/(2*(Pi-2)), the upper bound of the 3-dimensional simultaneous Diophantine approximation constant	elementary	64	exact	7	x, INV	PI, FOUR, SUBTRACT, PI, SUBTRACT	0.000e+00	1268	2.4	64.0	True	1/(2*(Pi - 2))
397	real part of the infinite power tower of i	special	64	not found	12	x, SEVEN, TIMES, EULER, PLUS, SQRT	TWO, THREE, DIVIDE, LOG, TWO, PLUS	2.534e-10	5	35.8	9.6	True	Re[-ProductLog[-Log[I]]/Log[I]]
398	breadth of the "caliper", the broadest worm of unit length	none	64	not found	11	x, EXP, LOG, x, SUBTRACT	SIX, SQR, EIGHT, SQRT, INV, POWER	3.668e-15	38	35.2	nan	False	
399	Otter's asymptotic constant beta for the number of rooted trees	none	64	not found	12	x, FOUR, SQR, FIVE, TIMES, POWER	GOLDENRATIO, PI, SUBTRACT, INV, EXP, EXP	6.249e-11	5	34.9	10.2	True	
400	Ising constant	elementary	64	exact	7	x	TWO, SQRT, ONE, PLUS, SQRT, LOG	0.000e+00	588	2.4	64.0	True	Log[1 + Sqrt[2]]/2
401	1/log(2)-1, the mean value of a random variable following the Gauss-Kuzmin distribution	elementary	64	exact	6	x	ONE, TWO, LOG, INV, SUBTRACT	0.000e+00	372	0.2	64.0	True	1/Log[2] - 1
403	1D Diophantine approximation constant	algebraic	64	exact	4	x	FIVE, INV, SQRT	0.000e+00	26	0.0	64.0	True	Sqrt[5]^(-1)
404	variance of the maximum of a size 5 sample from a normal (0,1) distribution	special	64	not found	12	SEVEN, TWO, LOG, SUBTRACT, x, POWER	TWO, PI, GOLDENRATIO, EXP, POWER, SUBTRACT	1.148e-11	3	35.4	10.9	True	1 - 25/Pi + 150*ArcCsc[Sqrt[3]]/Pi^2 + 5*Sqrt[3]*ArcSec[2*Sqrt[2/3]]/Pi^2 - 225*ArcCsc[Sqrt[3]]^2/Pi^3
405	7*sqrt(3)/27	algebraic	64	exact	7	x	FIVE, THREE, POWER, SQRT, SEVEN, DIVIDE	0.000e+00	1670	2.4	64.0	True	7Sqrt[3]/27
406	asymptotic probability of success in the full information version of the secretary problem	none	64	not found	12	x, INV, SIX, POWER, ONE, PLUS	SEVEN, PI, POWER, ONE, PLUS, SQRT	5.029e-12	9	34.7	11.3	True	
407	2^(1/2)/pi	elementary	64	exact	5	x	PI, TWO, SQRT, DIVIDE	1.233e-16	189	0.1	64.0	True	2^(1/2)/Pi
408	log(Pi/2)	elementary	64	exact	5	x, EXP	TWO, PI, DIVIDE	0.000e+00	171	0.1	64.0	True	Log[Pi/2]
409	prime zeta function at 2: Sum_{p prime} 1/p^2	special	64	not found	12	x, SEVEN, POWER, SQR, FOUR, PLUS	PI, EULER, SQRT, EIGHT, POWER, DIVIDE	4.579e-10	0	34.8	9.3	True	PrimeZetaP[2]
410	Product_{n>1} (1-1/n)^(1/n)	none	64	not found	12	EIGHT, EULER, SQRT, x, POWER, DIVIDE	PI, FOUR, PLUS, LOG, TWO, SUBTRACT	2.930e-10	8	35.3	9.5	True	
411	e^(-pi/4)	elementary	64	exact	6	x	PI, EXP, INV, SQRT, SQRT	0.000e+00	1093	0.3	64.0	True	E^(-Pi/4)
412	c^c^c^...  where c is the constant defined in A037077	none	64	not found	12	x, x, SQRT, SQR, SUBTRACT, SQRT	NINE, EIGHT, SQRT, INV, POWER, SQR	3.846e-15	43	35.1	nan	False	
413	Machin Gregory series constant	elementary	64	not found	12	x, SIX, SUBTRACT, x, EXP, POWER	TWO, SQRT, PI, THREE, PLUS, POWER	3.150e-11	8	36.4	10.5	True	ArcTan[1/2]
414	6*K/Pi^2, a constant related to the asymptotic evaluation of the number of positive squarefree integers of the form a^2 	none	64	not found	12	GOLDENRATIO, EXP, x, TIMES, SEVEN, TIMES	PI, FIVE, TIMES, TWO, LOG, PLUS	1.659e-10	9	35.7	9.8	True	
415	(1/30)*2^(1/2)*Pi^2	elementary	64	exact	10	PI, SQR, x, DIVIDE	SIX, FIVE, TWO, SQRT, DIVIDE, DIVIDE	0.000e+00	569	34.9	64.0	True	(Sqrt[2] Pi^2)/30
416	'etaHat', a constant used in the asymptotic evaluation of e.g.f. coefficients for the number of labeled mobiles	none	64	not found	12	x, SIX, LOG, LOG, SUBTRACT, INV	EULER, NINE, SUBTRACT, SQRT, SIX, PLUS	1.706e-10	8	38.1	9.8	True	
417	pi^(-2/3)	elementary	64	exact	6	THREE, x, POWER	PI, SQR, INV	0.000e+00	473	0.3	64.0	True	Pi^(-2/3)
418	Bloch constant upper limit	special	64	not found	12	x, INV, SIX, PLUS, SQRT, EXP	FOUR, INV, EULER, SUBTRACT, SEVEN, TIMES	1.576e-11	8	35.6	10.8	True	(Sqrt[(-1 + Sqrt[3])/2]*Gamma[1/3]*Gamma[11/12])/Gamma[1/4]
419	Weierstrass constant	special	64	not found	12	EULER, EXP, x, TIMES, TWO, PLUS	EIGHT, SQRT, EXP, FIVE, TIMES, SQRT	4.579e-11	3	35.3	10.3	True	(2*2^(1/4)*E^(Pi/8)*Sqrt[Pi])/Gamma[1/4]^2
420	Plouffe's b-constant	none	64	not found	12	x, NINE, POWER, EULER, SUBTRACT, INV	EIGHT, SEVEN, EIGHT, TIMES, INV, SUBTRACT	1.078e-11	3	35.3	11.0	True	
421	common logarithm of 3	elementary	64	exact	6	x, ONE, NINE, PLUS, POWER	THREE	0.000e+00	159	2.4	64.0	True	Log10[3]
422	quadtree leaf proportion constant	elementary	64	exact	12	x, SEVEN, PLUS, SQRT, EXP, SQRT	EIGHT, PI, SQR, SUBTRACT, SQRT, EXP	0.000e+00	44	35.4	64.0	True	-39 + 4*Pi^2
423	(6*sqrt(3) + 12*log(2+sqrt(3)) - Pi)/48	elementary	64	not found	12	x, INV, INV, x, SUBTRACT, SQRT	NINE, EIGHT, SQRT, INV, POWER, SQR	3.698e-15	40	34.7	nan	False	(6Sqrt[3]+12Log[2+Sqrt[3]]-Pi)/48
424	(ln 2)^2	elementary	64	exact	4	x, SQRT	TWO, LOG	0.000e+00	43	0.0	64.0	True	Log[2]^2
425	2*zeta(3)/5	special	64	not found	12	x, SQR, x, EXP, DIVIDE, EXP	GOLDENRATIO, SIX, EXP, SUBTRACT, EULER, TIMES	1.275e-12	0	34.9	11.9	True	2*Zeta[3]/5
426	logarithm of golden ratio	elementary	64	exact	3	x	GOLDENRATIO, LOG	0.000e+00	9	0.0	64.0	True	Log[GoldenRatio]
427	Trott's third constant	none	64	not found	11	x, INV, TWO, SQRT, SUBTRACT	NINE, LOG, FIVE, DIVIDE, GOLDENRATIO, SUBTRACT	1.494e-10	7	35.0	9.8	True	
428	a constant related to the expected number of vertices of the largest tree associated with a random mapping on n symbols	none	64	not found	12	x, FOUR, PLUS, x, SQR, TIMES	THREE, EULER, DIVIDE, SQRT, TWO, SUBTRACT	1.254e-11	3	34.9	10.9	True	
429	2*K/Pi, a constant related to the asymptotic evaluation of the number of positive integers all of whose prime factors ar	none	64	not found	12	SIX, PI, SQRT, SUBTRACT, x, POWER	PI, SQRT, ONE, PLUS, THREE, POWER	7.306e-11	18	34.6	10.1	True	
430	Gaussian twin prime constant	special	64	not found	12	x, EXP, LOG, x, SUBTRACT, SQRT	NINE, EIGHT, SQRT, SQR, POWER, INV	4.098e-15	44	35.2	nan	False	(Pi^2*Product[Piecewise[{{((1 - 4/Prime[\[FormalK]])*(1 + Prime[\[FormalK]])^2)/(-1 + Prime[\[FormalK]])^2, Mod[Prime[\[FormalK]], 4] == 1}}, 1], {\[FormalK], 1, Infinity}])/8
431	3/(8*K), a constant related to the asymptotic evaluation of the number of positive integers that can be expressed as the	none	64	not found	12	x, INV, INV, x, SUBTRACT, SQRT	NINE, EIGHT, SQRT, SQR, POWER, INV	4.073e-15	41	35.3	nan	False	
432	variance of the maximum of a size 4 sample from a normal (0,1) distribution	special	64	not found	12	x, SIX, POWER, SQR, EULER, PLUS	TWO, THREE, THREE, EXP, SUBTRACT, DIVIDE	1.414e-10	3	35.6	9.8	True	1 + Sqrt[3]/Pi - 36*ArcSec[Sqrt[3]]^2/Pi^3
433	Shapiro-Drinfeld cyclic sum constant	special	64	not found	12	x, EULER, TIMES, SIX, TIMES, SQR	PI, SIX, SUBTRACT, EXP, SQRT, EXP	2.287e-10	3	36.7	9.6	True	ConditionalExpression[Extension`ShapiroDrinfeldCyclicSumConstant == \[FormalY]/2, \[FormalY] + \[FormalY]*E^(\[FormalX]/2) == (2 + \[FormalX])/E^(\[FormalX]/2) + \[FormalX]/(1 + E^(\[FormalX]/2)) && \[FormalX] + (1 + 2*E^(\[FormalX]/2))^(-1) == Log[(4*E^\[FormalX]*Cosh[\[FormalX]/4]^2)/(1 + 2*E^(\[FormalX]/2))] && -3/2 < \[FormalX] < -1/2 && 1/2 < \[FormalY] < 1]
434	fifth (of 10) decimal selvage number	none	64	false positive	7	x	SEVEN, INV, SQR, TWO, PLUS, INV	0.000e+00	419	2.5	19.6	True	
435	1-gamma-gamma(1), a constant related to the asymptotic expansion of j(n), the counting function of "jagged" numbers, whe	special	64	not found	12	x, SQRT, EXP, SQRT, NINE, POWER	GOLDENRATIO, SQR, PI, POWER, EULER, PLUS	1.716e-10	3	36.6	9.8	True	1 - EulerGamma - StieltjesGamma[1]
436	common logarithm of π	elementary	64	exact	6	x, ONE, NINE, PLUS, POWER	PI	0.000e+00	127	2.4	64.0	True	Log10[Pi]
437	Half	rational	64	exact	3	x	TWO, INV	0.000e+00	10	0.0	64.0	True	1/2
438	birthday problem constant	rational	64	not found	12	GOLDENRATIO, GOLDENRATIO, EXP, DIVIDE, x, POWER	THREE, SIX, POWER, PI, DIVIDE, SQRT	3.094e-10	0	34.7	9.5	True	38093904702297390785243708291056390518886454060947061/75091883268515350125426207425223147563269805908203125
439	A245781*Pi/2	none	64	not found	12	x, SQR, LOG, SQR, EULER, SUBTRACT	EULER, TWO, POWER, SQRT, LOG, SQRT	2.683e-11	4	35.1	10.6	True	
440	sqrt(2 - sqrt(3)), edge length of a regular dodecagon with circumradius 1	none	64	exact	6	x, x, INV, SUBTRACT	TWO, SQRT	0.000e+00	380	0.3	64.0	True	
441	a constant related to the asymptotic expansion of the smallest Lebesgue constant corresponding to an optimal interpolati	special	64	not found	12	EULER, SQR, x, PI, SUBTRACT, POWER	SEVEN, LOG, SEVEN, SQR, SQR, DIVIDE	5.177e-10	10	35.1	9.3	True	2/Pi*(2*Log[2] - Log[Pi] + EulerGamma)
442	square line-picking constant	elementary	64	not found	11	GOLDENRATIO, x, INV, POWER, SEVEN, SUBTRACT	SEVEN, GOLDENRATIO, EIGHT, POWER, DIVIDE	1.271e-10	0	34.3	9.9	True	(2 + 5*Log[1 + Sqrt[2]] + Sqrt[2])/15
443	sixth pi	elementary	64	exact	4	x	SIX, PI, DIVIDE	2.120e-16	22	0.0	64.0	True	Pi/6
444	Upper limit of backward value of 5^n	none	64	not found	12	x, EULER, TIMES, SQRT, NINE, POWER	EIGHT, LOG, EXP, THREE, SQRT, TIMES	1.358e-10	1	34.6	9.9	True	
445	Mrs. Miniver's constant	none	64	not found	12	SEVEN, SQRT, PI, POWER, x, DIVIDE	NINE, FOUR, LOG, SUBTRACT, GOLDENRATIO, POWER	1.491e-10	4	35.8	9.8	True	
446	Pythagorean triple constant for areas	special	64	not found	12	NINE, x, POWER, FIVE, SQRT, DIVIDE	SIX, EULER, ONE, SUBTRACT, SQR, POWER	4.754e-11	6	35.2	10.3	True	Gamma[1/4]^2/Sqrt[2*Pi^5]
447	Otter's asymptotic constant beta for the number of unrooted trees	none	64	not found	12	x, LOG, FOUR, GOLDENRATIO, SUBTRACT, DIVIDE	EULER, SQRT, FOUR, NINE, DIVIDE, POWER	6.354e-11	4	35.2	10.2	True	
448	Product_{p odd prime} 1-2/(p*(p-1)), a constant related to Artin's conjecture in the context of quadratic fields	none	64	not found	12	NINE, GOLDENRATIO, x, SQR, SUBTRACT, POWER	SIX, FIVE, LOG, SUBTRACT, THREE, TIMES	8.154e-11	5	35.2	10.1	True	
449	2*(2 - sqrt(3))	algebraic	64	exact	6	x, SQRT, ONE, PLUS	THREE, SQRT	0.000e+00	608	0.3	64.0	True	2(2-Sqrt[3])
450	Li_3(1/2)	special	64	not found	12	EIGHT, SQRT, GOLDENRATIO, POWER, x, POWER	TWO, NINE, SQR, SUBTRACT, SEVEN, DIVIDE	9.085e-11	1	35.9	10.0	True	PolyLog[3, 1/2]
451	'c', one of Polya's Random Walk constants, related to the asymptotics of the number of 3-D random walks starting from an	none	64	not found	12	x, LOG, SQR, EXP, SEVEN, DIVIDE	EULER, FOUR, SUBTRACT, INV, FOUR, PLUS	2.056e-10	4	38.0	9.7	True	
452	Ioachimescu constant	special	64	not found	12	x, x, EXP, LOG, SUBTRACT, SQRT	NINE, SIX, INV, SUBTRACT, EIGHT, POWER	4.655e-15	15	35.5	nan	False	2 + Zeta[1/2]
453	cos one	elementary	64	not found	12	FOUR, LOG, LOG, x, DIVIDE, SQR	SEVEN, SQRT, GOLDENRATIO, PLUS, SEVEN, SUBTRACT	1.830e-10	0	37.7	9.7	True	Cos[1]
454	value of the maximum of Dawson's integral D_+(x)	none	64	not found	12	x, SQRT, SQR, x, SUBTRACT, SQRT	NINE, SIX, INV, SUBTRACT, EIGHT, POWER	4.643e-15	10	37.4	nan	False	
455	Landau constant upper limit	special	64	not found	12	NINE, x, SQRT, GOLDENRATIO, TIMES, POWER	FIVE, SQR, THREE, DIVIDE, FIVE, SUBTRACT	3.507e-12	1	37.8	11.5	True	(Gamma[1/3]*Gamma[5/6])/Gamma[1/6]
456	Pi^2/18	elementary	64	exact	7	x	PI, SIX, DIVIDE, SQR, TWO, DIVIDE	0.000e+00	2779	2.5	64.0	True	Pi^2/18
457	-ln gamma	special	64	not found	12	GOLDENRATIO, PI, POWER, x, SQRT, TIMES	PI, FOUR, LOG, SEVEN, POWER, DIVIDE	8.951e-11	4	37.4	10.0	True	-Log[EulerGamma]
458	coefficient c_m in c_m*log(N), the asymptotic mean number of factors in a random factorization of n <= N	none	64	not found	12	EULER, SQRT, EXP, SQR, x, TIMES	TWO, EIGHT, SEVEN, POWER, DIVIDE, LOG	9.104e-11	0	37.5	10.0	True	
459	probability that an integer triple is pairwise unitary coprime	none	64	not found	12	x, EULER, DIVIDE, SIX, POWER, SQRT	THREE, LOG, SQR, NINE, SQR, PLUS	1.122e-10	8	37.1	9.9	True	
460	Kuijlaars-Saff constant	special	64	not found	12	x, ONE, SUBTRACT, TWO, DIVIDE, SQR	SIX, GOLDENRATIO, POWER, EIGHT, LOG, PLUS	1.116e-10	0	36.4	10.0	True	-1/2*(3^(3/4)*Zeta[1/2]*(Zeta[1/2, 1/3] - Zeta[1/2, 2/3]))/Sqrt[2*Pi]
461	smallest disk radius for which six equal disks can cover the unit disk	none	64	not found	11	PI, SIX, x, POWER, DIVIDE, EXP	GOLDENRATIO, EULER, SQRT, DIVIDE, SQRT	5.214e-11	1	38.1	10.3	True	
462	1-9/(4*Pi)+sqrt(3)/(2*Pi), an extreme value constant	elementary	64	not found	12	x, SQRT, SEVEN, TIMES, TWO, POWER	FIVE, FIVE, EXP, DIVIDE, EIGHT, PLUS	4.822e-10	4	42.3	9.3	True	1 - 9/(4*Pi) + Sqrt[3]/(2*Pi)
463	value of the Buchstab function at phi + 2 = (5 + sqrt(5))/2 (A296184)	elementary	64	not found	12	x, TWO, NINE, PLUS, DIVIDE, SQR	PI, FIVE, POWER, SIX, SQRT, TIMES	5.387e-10	0	37.5	9.3	True	(1 + 2*Log[GoldenRatio] + Log[GoldenRatio]^2 - Pi^2/60)/(GoldenRatio + 2)
464	reciprocal exponential of Euler γ	special	64	not found	12	x, x, SQRT, SQR, SUBTRACT, SQRT	NINE, SIX, INV, SUBTRACT, EIGHT, POWER	4.474e-15	12	36.2	nan	False	E^(-EulerGamma)
465	one div root pi	elementary	64	exact	4	x	PI, INV, SQRT	0.000e+00	22	0.0	64.0	True	1/Sqrt[Pi]
466	Omega constant	special	64	exact	5	x, EXP, x, TIMES	ONE	0.000e+00	69	0.3	64.0	True	ProductLog[1]
467	infinite tetration of i absolute value	special	64	not found	12	PI, PI, SQRT, SUBTRACT, x, POWER	FIVE, LOG, THREE, TIMES, SEVEN, SUBTRACT	2.930e-11	10	36.2	10.5	True	Limit[Abs[Nest[I^#1 & , I, \[FormalN]]], \[FormalN] -> Infinity]
468	B, a constant appearing in an asymptotic formula related to the exponential divisor function sigma^(e)	none	64	not found	12	x, GOLDENRATIO, LOG, DIVIDE, SEVEN, POWER	PI, SEVEN, TIMES, FIVE, PLUS, SQRT	1.910e-10	0	34.9	9.7	True	
469	(PolyGamma(1,(1+sqrt(5))/4)-PolyGamma(1,(3+sqrt(5))/4))/2	special	64	not found	12	x, SQR, NINE, TIMES, FOUR, SUBTRACT	NINE, SEVEN, FOUR, LOG, POWER, DIVIDE	2.166e-10	9	35.7	9.7	True	(PolyGamma[1,(1+Sqrt[5])/4]-PolyGamma[1,(3+Sqrt[5])/4])/2
470	weakly carefree constant	special	64	not found	12	NINE, x, INV, EULER, SUBTRACT, POWER	EULER, PI, INV, EIGHT, POWER, DIVIDE	1.197e-11	5	35.8	10.9	True	2*Product[1 - (-1 + 2*Prime[\[FormalK]])/Prime[\[FormalK]]^3, {\[FormalK], 1, Infinity}] - Product[1 - (-2 + 3*Prime[\[FormalK]])/Prime[\[FormalK]]^3, {\[FormalK], 1, Infinity}]
471	Product_{p prime > 2} 1-1/(p^2-3p+3), a constant related to I. M. Vinogradov's proof of the "ternary" Goldbach conjectur	none	64	not found	12	SIX, SQRT, x, DIVIDE, TWO, DIVIDE	GOLDENRATIO, LOG, INV, FIVE, SUBTRACT, SQR	1.615e-10	0	35.2	9.8	True	
472	eta_A, a constant associated with the asymptotics of the enumeration of labeled acyclic digraphs	none	64	not found	12	PI, LOG, x, DIVIDE, THREE, DIVIDE	PI, GOLDENRATIO, FOUR, PLUS, DIVIDE, EXP	2.238e-10	4	35.0	9.7	True	
473	Stephens' constant	special	64	not found	12	SEVEN, x, GOLDENRATIO, POWER, SQR, DIVIDE	PI, FOUR, SEVEN, DIVIDE, SUBTRACT, EXP	2.146e-10	8	34.9	9.7	True	Product[1 - Prime[n]/(-1 + Prime[n]^3), {n, 1, Infinity}]
474	a constant related to the asymptotics of A005169	none	64	not found	12	x, LOG, EIGHT, POWER, THREE, DIVIDE	THREE, INV, THREE, POWER, EIGHT, PLUS	2.280e-10	4	35.5	9.6	True	
475	Euler gamma	special	64	not found	12	NINE, x, EULER, DIVIDE, SQR, SUBTRACT	EULER, SQRT, FIVE, PLUS, SQRT, EXP	4.365e-10	5	34.8	9.4	True	EulerGamma
476	3^(-1/2)	algebraic	64	exact	4	x	THREE, INV, SQRT	0.000e+00	32	0.0	64.0	True	3^(-1/2)
477	Pi/(2e)	none	64	exact	6	x	EULER, EULER, PLUS, PI, DIVIDE	0.000e+00	512	0.3	64.0	True	
478	k3, a Diophantine approximation constant such that the conjectured volume of the "critical parallelepiped" is 2^3*k3 (th	algebraic	64	not found	12	x, x, SQRT, SQR, SUBTRACT, SQRT	NINE, SIX, INV, SUBTRACT, EIGHT, POWER	4.343e-15	12	34.7	nan	False	8/7*Cos[2*Pi/7]*Cos[Pi/7]^2
479	asymptotic probability of success in one of the Secretary problems	none	64	not found	11	x, INV, TWO, SUBTRACT, INV	PI, EIGHT, SQRT, DIVIDE, EULER, PLUS	8.748e-12	0	35.1	11.1	True	
480	Pell constant	special	64	not found	12	x, EULER, DIVIDE, EIGHT, DIVIDE, SQR	SIX, PI, DIVIDE, EIGHT, PLUS, SQRT	1.367e-11	0	35.0	10.9	True	1 - QPochhammer[1/2, 1/4]
481	gamma_3, a lattice sum constant, analog of Euler's constant for 3-dimensional lattices	none	64	not found	12	EULER, x, POWER, PI, TIMES, SQR	PI, LOG, TWO, SQRT, SUBTRACT, SQRT	1.783e-10	1	35.6	9.7	True	
482	-zeta(1/2)/sqrt(2*Pi)	special	64	not found	12	x, x, SQRT, SQR, SUBTRACT, SQRT	NINE, SIX, INV, SUBTRACT, EIGHT, POWER	4.312e-15	12	35.1	nan	False	-Zeta[1/2]/Sqrt[2*Pi]
483	first Kneser-Mahler polynomial constant	special	64	not found	12	NINE, x, LOG, TWO, SUBTRACT, POWER	SEVEN, EXP, ONE, PLUS, FOUR, TIMES	6.807e-10	5	36.1	9.2	True	(2*Catalan)/Pi
484	Logarithmic capacity of the unit disk	special	64	not found	12	x, SQRT, SQR, x, SUBTRACT, SQRT	NINE, SIX, INV, SUBTRACT, EIGHT, POWER	4.257e-15	14	34.8	nan	False	Gamma[1/4]^2/(4*Pi^(3/2))
485	Lehmer constant	special	64	not found	12	x, EXP, GOLDENRATIO, DIVIDE, THREE, DIVIDE	SIX, GOLDENRATIO, SQRT, DIVIDE, PI, PLUS	2.905e-10	0	35.2	9.5	True	ConditionalExpression[Extension`LehmerConstant == Cot[Sum[(-1)^\[FormalK]*ArcCot[Subscript[\[FormalC], \[FormalK]]], {\[FormalK], 0, Infinity}]], Subscript[\[FormalC], 0] == 0 && Subscript[\[FormalC], \[FormalK]] == 1 + Subscript[\[FormalC], -1 + \[FormalK]] + Subscript[\[FormalC], -1 + \[FormalK]]^2]
487	Gompertz constant	special	64	not found	12	x, SQRT, SQR, x, SUBTRACT, SQRT	NINE, SIX, INV, SUBTRACT, EIGHT, POWER	4.213e-15	10	35.3	nan	False	-(E*ExpIntegralEi[-1])
489	Champernowne base-3 constant	special	64	not found	12	FIVE, x, FIVE, POWER, SQR, SUBTRACT	NINE, LOG, SQRT, FIVE, SUBTRACT, SQRT	3.616e-11	10	35.6	10.4	True	ChampernowneNumber[3]
490	second lemniscate constant	special	64	not found	12	x, GOLDENRATIO, SUBTRACT, LOG, SIX, DIVIDE	TWO, INV, EULER, PLUS, SIX, POWER	2.856e-11	9	35.4	10.5	True	Gamma[3/4]^2/Sqrt[2*Pi]
491	sqrt(13)/6	algebraic	64	exact	7	x	FOUR, INV, NINE, INV, PLUS, SQRT	0.000e+00	741	2.4	64.0	True	Sqrt[13] / 6
492	log10(4)	elementary	64	exact	6	x, ONE, NINE, PLUS, POWER	FOUR	0.000e+00	173	2.3	64.0	True	Log[10, 4]
493	G(1/2) where G is the Barnes G-function	special	64	not found	12	x, SQR, SEVEN, SQRT, TIMES, EXP	SEVEN, EULER, SEVEN, SUBTRACT, SQR, DIVIDE	3.561e-11	1	34.5	10.4	True	BarnesG[1/2]
494	sum_{n>=1} 1/(n binomial(2n, n))	elementary	64	exact	7	x	THREE, THREE, POWER, SQRT, PI, DIVIDE	0.000e+00	2041	2.5	64.0	True	Pi/(3*Sqrt[3])
495	QRS constant	special	64	not found	12	EULER, SQRT, x, SIX, SUBTRACT, POWER	SEVEN, SQRT, PI, SIX, SUBTRACT, POWER	4.408e-11	10	34.4	10.4	True	Root[{Zeta[1/2, #1/2] & , 0.605443657196732749478922842447`29.782073733759695}]
496	exp minus half	elementary	64	exact	4	x	EULER, INV, SQRT	0.000e+00	41	0.0	64.0	True	Exp[-1/2]
497	6/Pi^2	elementary	64	exact	5	x	PI, SQR, SIX, DIVIDE	0.000e+00	218	0.1	64.0	True	6/Pi^2
498	Sum{p prime>=2} log(p)/(p^2-p+1)	none	64	not found	12	x, GOLDENRATIO, DIVIDE, ONE, PLUS, EXP	NINE, EIGHT, EIGHT, LOG, POWER, DIVIDE	7.425e-11	0	35.2	10.1	True	
499	Neville five disk constant	algebraic	64	not found	12	FIVE, LOG, x, EIGHT, TIMES, SUBTRACT	EIGHT, NINE, DIVIDE, SQR, TWO, PLUS	4.340e-11	6	34.5	10.4	True	Root[625 - 800*\[FormalX] + 22*\[FormalX]^2 - 1776*\[FormalX]^3 + 1665*\[FormalX]^4 + 1360*\[FormalX]^5 - 3480*\[FormalX]^6 + 2112*\[FormalX]^7 + 1296*\[FormalX]^8, \[FormalX], 3]
500	strongly triple-free set constant	none	28	not found	12	x, TWO, SUBTRACT, LOG, SEVEN, DIVIDE	PI, SEVEN, POWER, SEVEN, PLUS, SQRT	5.190e-10	4	34.8	9.3	True	
501	best lower bound for the Steiner ratio rho_3, the least upper bound on the ratio of the length of the Steiner minimal tr	none	64	not found	12	x, EXP, SQR, SIX, POWER, SQRT	SEVEN, SIX, SQRT, FOUR, SUBTRACT, POWER	1.067e-10	4	35.0	10.0	True	
502	(1/16)*Pi^2	special	64	exact	5	x	FOUR, PI, DIVIDE, SQR	0.000e+00	210	0.1	64.0	True	Gamma[3/2]^4
503	-1/(e^2 Ei(-1)), an increasing rooted tree enumeration constant associated with the Euler-Gompertz constant, where Ei is	special	64	not found	12	TWO, x, EULER, TIMES, EXP, DIVIDE	GOLDENRATIO, SQRT, PI, SUBTRACT, FIVE, DIVIDE	5.300e-11	4	35.1	10.3	True	-1/(E^2*ExpIntegralEi[-1])
504	Lenz-Ising constant	elementary	64	not found	12	FOUR, GOLDENRATIO, x, POWER, LOG, POWER	SIX, SEVEN, TIMES, EULER, EXP, DIVIDE	1.503e-11	10	34.7	10.8	True	1 + Pi/4 + Log[(Log[1 + Sqrt[2]]*Sqrt[2])/4]
505	Cbrt[3/4π]	elementary	64	exact	8	THREE, x, POWER	PI, FOUR, TIMES, THREE, DIVIDE	0.000e+00	1142	34.3	64.0	True	CubeRoot[3/(4*Pi)]
506	1/(theta*P'(theta)), a constant appearing in the asymptotic evaluation of the coefficients q_n in 1/(1+P(x)), where P(x)	none	64	not found	12	EULER, GOLDENRATIO, SQR, x, TIMES, POWER	THREE, TWO, LOG, DIVIDE, FOUR, SUBTRACT	8.498e-12	8	35.0	11.1	True	
507	'kappa', an asymptotic enumeration constant related to unit interval graphs	none	64	not found	12	x, PI, PLUS, x, INV, POWER	FIVE, INV, FIVE, SQRT, PLUS, SQR	2.539e-10	4	34.7	9.6	True	
508	Golomb–Dickman constant	special	64	not found	12	PI, x, FIVE, POWER, SUBTRACT, EXP	GOLDENRATIO, FIVE, DIVIDE, SIX, DIVIDE, LOG	9.623e-11	4	34.7	10.0	True	Integrate[E^LogIntegral[\[FormalX]], {\[FormalX], 0, 1}]
509	constant in Kac's formula	none	64	not found	12	x, PI, EULER, PLUS, DIVIDE, SQR	SIX, PI, POWER, EIGHT, TIMES, SQRT	9.859e-11	4	35.8	10.0	True	
510	'lambda', a constant such that exp(lambda*Pi) is the best-known upper bound (as given by Julian Gevirtz) of the John con	none	64	not found	12	x, SIX, DIVIDE, LOG, SIX, POWER	GOLDENRATIO, SEVEN, POWER, SIX, SQRT, TIMES	2.314e-10	1	36.8	9.6	True	
511	Davison-Shallit constant	special	64	not found	12	x, SQRT, SQR, x, SUBTRACT, SQRT	NINE, SIX, INV, SUBTRACT, EIGHT, POWER	3.991e-15	14	34.9	nan	False	ConditionalExpression[Extension`DavisonShallitConstant == Sum[(-1)^\[FormalK]/(Subscript[\[FormalQ], \[FormalK]]*Subscript[\[FormalQ], 1 + \[FormalK]]), {\[FormalK], 0, Infinity}], Subscript[\[FormalQ], 0] == 1 && Subscript[\[FormalQ], 1] == 1 && Subscript[\[FormalQ], \[FormalK]] == Subscript[\[FormalQ], -2 + \[FormalK]]*(1 + Subscript[\[FormalQ], -1 + \[FormalK]])]
512	rayleigh skewness	elementary	64	not found	12	EULER, x, POWER, x, SQR, PLUS	THREE, SQRT, PI, POWER, LOG, LOG	1.757e-10	4	35.2	9.8	True	2*Sqrt[Pi]*(Pi - 3)/(4 - Pi)^(3/2)
513	1 - 1/e	elementary	64	exact	5	x	EULER, INV, ONE, SUBTRACT	0.000e+00	182	0.1	64.0	True	1 - 1/E
514	Hardy-Littlewood constant Product_{p prime >= 5} (1-(3*p-1)/(p-1)^3)	none	64	not found	12	TWO, SQRT, x, EULER, TIMES, POWER	FOUR, EXP, NINE, DIVIDE, TWO, PLUS	1.160e-10	4	34.5	9.9	True	
515	Buffon constant	elementary	64	exact	4	x	PI, TWO, DIVIDE	0.000e+00	26	0.0	64.0	True	2/Pi
516	(2^(1/3)-1)^(1/3)	algebraic	64	exact	9	THREE, x, POWER	ONE, THREE, INV, TWO, POWER, SUBTRACT	0.000e+00	123	34.3	64.0	True	Power[Power[2, (3)^-1] - 1, (3)^-1]
517	an analog of the Landau-Ramanujan constant for Loeschian numbers	none	64	not found	12	THREE, EXP, SIX, SUBTRACT, x, TIMES	NINE, EULER, SQR, EXP, INV, SUBTRACT	4.267e-12	5	35.2	11.4	True	
518	first non-alternating series of reciprocal primes constant	special	64	not found	12	x, x, SQRT, SQR, SUBTRACT, SQRT	NINE, SIX, INV, SUBTRACT, EIGHT, POWER	3.913e-15	12	35.2	nan	False	Sum[Piecewise[{{-1, Mod[Prime[\[FormalK]], 3] == 1}, {1, Mod[Prime[\[FormalK]], 3] == 2}}, 0]/Prime[\[FormalK]], {\[FormalK], 1, Infinity}]
519	Cahen's constant	special	64	not found	12	x, EXP, x, FOUR, POWER, POWER	PI, FIVE, LOG, POWER, ONE, PLUS	2.307e-10	0	35.1	9.6	True	ConditionalExpression[Extension`CahenConstant == Sum[(-1)^\[FormalK]/(-1 + \[FormalS][\[FormalK]]), {\[FormalK], 0, Infinity}], \[FormalS][0] == 2 && \[FormalS][\[FormalN]] == 1 - \[FormalS][-1 + \[FormalN]] + \[FormalS][-1 + \[FormalN]]^2 && \[FormalS][\[FormalN]] == 1 + Product[\[FormalS][\[FormalK]], {\[FormalK], 0, -1 + \[FormalN]}]]
520	a constant related to a conjectured value of the Masser-Gramain constant	special	64	not found	12	x, INV, PI, SUBTRACT, SQR, LOG	GOLDENRATIO, GOLDENRATIO, LOG, SEVEN, POWER, SUBTRACT	2.798e-11	4	36.4	10.6	True	Pi/4*(2*EulerGamma + 2*Log[2] + 3*Log[Pi] - 4*Log[Gamma[1/4]])
521	Integral_{x=0..Infinity} sin(x)/(x^2+1) dx	none	64	not found	12	PI, x, NINE, POWER, SUBTRACT, INV	EIGHT, EXP, SIX, DIVIDE, SQR, EXP	2.147e-11	8	35.3	10.7	True	
522	unit-diameter hexagon area	algebraic	64	exact	7	x	THREE, FOUR, THREE, DIVIDE, POWER, SQRT	0.000e+00	2730	2.6	64.0	True	(3*Sqrt[3])/8
523	Maximal unitary square-free divisor sum constant	none	64	not found	12	FIVE, SQRT, x, SUBTRACT, EXP, SQRT	SEVEN, SIX, INV, THREE, PLUS, DIVIDE	1.099e-10	8	34.8	10.0	True	
524	delta = (1+alpha)/4, a constant appearing in Koecher's formula for Euler's gamma constant, where alpha is A065442, the E	none	64	not found	12	x, EIGHT, EXP, SEVEN, PLUS, POWER	PI, NINE, PLUS, EULER, EXP, TIMES	4.793e-11	0	34.8	10.3	True	
525	negative of Granville-Soundararajan constant	special	64	not found	12	SEVEN, GOLDENRATIO, DIVIDE, x, SQR, DIVIDE	EULER, FOUR, DIVIDE, FIVE, PLUS, LOG	5.034e-11	14	37.2	10.3	True	-(4*PolyLog[2, -Sqrt[E]] + Pi^2/3 + 1)
526	harmonic power tower even term limit	special	64	not found	12	x, SEVEN, TIMES, LOG, SQR, EXP	FIVE, EIGHT, TIMES, SQRT, FOUR, PLUS	5.702e-11	1	34.8	10.2	True	Limit[Fold[(1/#2)^#1 & , 1, Table[\[FormalI], {\[FormalI], 2*\[FormalN], 2, -1}]], \[FormalN] -> Infinity]
527	escape probability for a random walk on the 3-D cubic lattice (a Polya random walk constant)	none	64	not found	12	x, x, SQRT, SQR, SUBTRACT, SQRT	NINE, SIX, INV, SUBTRACT, EIGHT, POWER	3.809e-15	12	34.5	nan	False	
528	Twin primes constant	special	64	not found	12	GOLDENRATIO, SQR, x, POWER, PI, SUBTRACT	PI, LOG, LOG, EIGHT, SUBTRACT, SQRT	8.886e-12	5	36.0	11.1	True	Product[1 - (-1 + Prime[\[FormalK]])^(-2), {\[FormalK], 2, Infinity}]
529	Feller–Tornier constant	special	64	not found	12	FIVE, FIVE, x, POWER, INV, SUBTRACT	EULER, THREE, SEVEN, TIMES, SUBTRACT, LOG	3.523e-10	4	36.7	9.5	True	1/2 + Product[1 - 2/Prime[n]^2, {n, 1, Infinity}]/2
530	Robbins constant	elementary	64	not found	12	EULER, EULER, PLUS, SQRT, x, POWER	SEVEN, INV, EIGHT, SUBTRACT, THREE, DIVIDE	1.254e-10	0	34.9	9.9	True	(4 + 17*Sqrt[2] - 6*Sqrt[3] - 7*Pi)/105 + Log[1 + Sqrt[2]]/5 + (2*Log[2 + Sqrt[3]])/5
531	Laplace limit	special	64	not found	12	x, NINE, DIVIDE, GOLDENRATIO, EXP, PLUS	EULER, SEVEN, SUBTRACT, SQRT, NINE, TIMES	1.177e-11	8	35.2	10.9	True	Root[{-1 + E^Sqrt[1 + #1^2]*#1 - Sqrt[1 + #1^2] & , 0.6627434193491815809747420971092529070562335491150224175204`30.}]
532	twothirds	rational	64	exact	4	x	THREE, TWO, DIVIDE	0.000e+00	45	0.0	64.0	True	2/3
533	3/2 - gamma / log(2), a coin tossing constant related to the asymptotic evaluation of the expected length of the longest	special	64	not found	12	THREE, LOG, LOG, x, DIVIDE, SQR	EULER, PI, SQRT, SIX, SUBTRACT, POWER	7.604e-11	0	34.7	10.1	True	3/2 - EulerGamma/Log[2]
534	Shanks constant	special	64	not found	12	PI, x, EIGHT, TIMES, SQR, DIVIDE	THREE, GOLDENRATIO, FIVE, TIMES, LOG, POWER	9.900e-11	8	35.5	10.0	True	(Pi^2*Product[Piecewise[{{((1 - 4/Prime[\[FormalK]])*(1 + Prime[\[FormalK]])^2)/(-1 + Prime[\[FormalK]])^2, Mod[Prime[\[FormalK]], 8] == 1}}, 1], {\[FormalK], 1, Infinity}])/(16*Log[1 + Sqrt[2]])
535	sqrt(3)/(4 - sqrt(2))	algebraic	64	exact	8	x, THREE, SQRT, DIVIDE, FOUR, SUBTRACT	TWO, SQRT	0.000e+00	600	35.5	64.0	True	Sqrt[3]/(4-Sqrt[2])
536	gamma_2, a lattice sum constant, analog of Euler's constant for two-dimensional lattices	none	64	not found	12	x, EULER, TIMES, EIGHT, DIVIDE, SQR	TWO, SQRT, FIVE, PLUS, THREE, TIMES	1.444e-10	1	35.0	9.8	True	
537	probable error constant	special	64	not found	11	x, SQR, EXP, x, SQR, PLUS	EIGHT, INV, FOUR, PLUS, SQRT	2.875e-12	5	35.4	11.5	True	InverseErf[1/2]*Sqrt[2]
538	Graham biggest little hexagon area	algebraic	64	not found	12	EIGHT, x, POWER, GOLDENRATIO, SUBTRACT, EXP	PI, EXP, FIVE, EXP, SUBTRACT, LOG	1.634e-10	6	35.2	9.8	True	Root[11993 - 78488*#1 + 144464*#1^2 + 1232*#1^3 - 221360*#1^4 + 146496*#1^5 + 21056*#1^6 - 30848*#1^7 - 3008*#1^8 + 8192*#1^9 + 4096*#1^10 & , 5]
539	generalized Euler constant gamma(1,3)	special	64	not found	12	FOUR, x, INV, EULER, PLUS, DIVIDE	EULER, EXP, SIX, PLUS, INV, EXP	4.320e-11	0	35.6	10.4	True	EulerGamma/3 + Pi*Sqrt[3]/18 + Log[3]/6
540	Taniguchi constant	special	64	not found	12	x, SQR, SIX, PI, DIVIDE, DIVIDE	NINE, INV, EXP, GOLDENRATIO, SQRT, DIVIDE	1.530e-10	4	35.0	9.8	True	Product[1 - Prime[n]^(-6) + Prime[n]^(-5) + 2/Prime[n]^4 - 3/Prime[n]^3, {n, 1, Infinity}]
541	1 - 1/Pi	elementary	64	exact	5	x	PI, INV, ONE, SUBTRACT	1.629e-16	192	0.0	64.0	True	1 - 1/Pi
542	positive solution to the equation x/(1-x) = 1+log(1/(1-x)), an auxiliary constant associated with the problem of enumera	none	64	not found	12	x, SQR, PI, DIVIDE, GOLDENRATIO, PLUS	GOLDENRATIO, SIX, PLUS, THREE, POWER, LOG	2.799e-10	4	35.2	9.6	True	
543	log e^(π/2)	elementary	64	exact	8	x, PI, DIVIDE, EXP	ONE, NINE, PLUS, SQR	0.000e+00	614	35.1	64.0	True	Log10[E^(Pi/2)]
544	one div cbrt pi	elementary	64	exact	5	THREE, x, POWER	PI, INV	0.000e+00	102	0.0	64.0	True	Pi^(-1/3)
545	least x>0 having sin(4x) = (sin x)^2	none	64	not found	12	GOLDENRATIO, x, INV, FOUR, POWER, SUBTRACT	GOLDENRATIO, EXP, SQRT, SQRT, FOUR, TIMES	7.188e-11	14	35.5	10.1	True	
546	Integral_{x=0..1} log(floor(1/x))/(1+x) dx	special	64	not found	12	x, LOG, FOUR, POWER, GOLDENRATIO, POWER	GOLDENRATIO, FOUR, SUBTRACT, NINE, DIVIDE, LOG	1.050e-10	3	35.2	10.0	True	Log[2]*Log[Khinchin]
547	-x, the real root of the equation 0 = 1 + Sum_{k>=1} prime(k) x^k. The inverse of Backhouse's constant (A072508)	none	64	not found	12	PI, SQRT, x, SUBTRACT, SIX, TIMES	EULER, SQR, EIGHT, SEVEN, DIVIDE, SUBTRACT	6.343e-11	9	35.1	10.2	True	
548	harmonic power tower odd term limit	special	64	not found	12	x, GOLDENRATIO, SQRT, NINE, PLUS, POWER	GOLDENRATIO, EIGHT, LOG, SIX, PLUS, DIVIDE	8.488e-11	8	34.8	10.1	True	Limit[Fold[(1/#2)^#1 & , 1, Table[\[FormalI], {\[FormalI], 1 + 2*\[FormalN], 2, -1}]], \[FormalN] -> Infinity]
549	reciprocal of Steiner number	elementary	64	exact	5	x	EULER, INV, EXP, INV	0.000e+00	227	0.1	64.0	True	E^(-E^(-1))
550	Sum_{k=1..50000} (-1)^(k+1) / k	special	64	not found	12	x, EXP, SQR, SIX, SUBTRACT, SQR	FIVE, FIVE, POWER, INV, FOUR, PLUS	7.728e-15	3	34.7	14.1	True	Sum[(-1)^(k + 1)/k, {k, 1, 50000}]
551	Natural logarithm of 2	elementary	64	exact	3	x	TWO, LOG	0.000e+00	10	0.0	64.0	True	Log[2]
552	rank-2 Artin constant	special	64	not found	12	x, EXP, x, FOUR, POWER, POWER	TWO, SQRT, GOLDENRATIO, POWER, FIVE, PLUS	4.779e-11	3	35.3	10.3	True	Product[1 - 1/((-1 + Prime[\[FormalK]])*Prime[\[FormalK]]^2), {\[FormalK], 1, Infinity}]
553	First continued fraction constant	special	64	not found	12	x, LOG, PI, EXP, SQRT, SUBTRACT	NINE, FOUR, DIVIDE, EULER, SUBTRACT, SQR	4.022e-11	7	34.9	10.4	True	BesselI[1, 2]/BesselI[0, 2]
554	log10(5)	elementary	64	exact	6	x, ONE, NINE, PLUS, POWER	FIVE	0.000e+00	141	2.3	64.0	True	Log[10, 5]
555	probability that a point of an infinite (rooted) tree is fixed by every automorphism of the tree	none	64	not found	11	SIX, x, THREE, TIMES, POWER	THREE, THREE, EXP, SUBTRACT, FIVE, TIMES	8.405e-11	3	34.7	10.1	True	
558	Integral_{x = 1..infinity} 1/x^x dx	none	64	not found	12	x, SEVEN, POWER, PI, PLUS, SQRT	EULER, SQR, TWO, PI, SUBTRACT, POWER	2.296e-10	4	35.4	9.6	True	
559	carefree product constant	special	64	not found	12	FIVE, x, NINE, POWER, EXP, SUBTRACT	SIX, SEVEN, POWER, LOG, NINE, TIMES	1.555e-10	11	34.9	9.8	True	Product[1 - 1/(Prime[\[FormalK]]*(1 + Prime[\[FormalK]])), {\[FormalK], 1, Infinity}]
560	rectilinear crossing constant	elementary	64	exact	12	ONE, x, SUBTRACT, PI, SQR, TIMES	THREE, TWO, SIX, TIMES, INV, SUBTRACT	0.000e+00	2	34.7	64.0	True	1 - 35/(12*Pi^2)
561	'C' (as designated by D. Shanks), a constant appearing in the second order term of the asymptotic expansion of the numbe	none	64	not found	12	x, PI, SQRT, DIVIDE, PI, SUBTRACT	SIX, SEVEN, DIVIDE, LOG, SQRT, SQRT	3.992e-11	3	34.8	10.4	True	
562	K, a constant arising in the analysis of the binary Euclidean algorithm	none	40	not found	12	x, SEVEN, POWER, EXP, EIGHT, PLUS	FIVE, PI, TWO, PLUS, POWER, SQRT	1.644e-11	3	34.7	10.8	True	
563	sqrt(1/2)	algebraic	64	exact	4	x	TWO, INV, SQRT	0.000e+00	39	0.0	64.0	True	1/Sqrt[2]
564	rabbit constant	special	64	not found	12	SEVEN, EULER, INV, SUBTRACT, x, POWER	SIX, SQRT, EULER, PLUS, SQRT, EXP	1.105e-11	4	34.5	11.0	True	Sum[2^(-Floor[\[FormalK]*GoldenRatio]), {\[FormalK], 1, Infinity}]
565	generalized Euler constant gamma(1,4)	special	64	not found	12	EIGHT, x, EXP, PI, SUBTRACT, POWER	FIVE, SQRT, GOLDENRATIO, EULER, POWER, DIVIDE	3.243e-11	2	34.2	10.5	True	EulerGamma/4 + Pi/8 + Log[2]/4
566	Hopf constant	special	64	not found	12	GOLDENRATIO, INV, SEVEN, x, POWER, SUBTRACT	TWO, PI, INV, SQR, SUBTRACT, INV	1.861e-11	8	34.6	10.7	True	6/Pi^2 + Integrate[3/\[FormalTheta]^2 - (1 - \[FormalTheta]*Cot[\[FormalTheta]])^(-1), {\[FormalTheta], 0, Pi/2}]/Pi
567	1/(phi*log(4 - phi))	elementary	64	exact	8	x, INV	GOLDENRATIO, GOLDENRATIO, FOUR, SUBTRACT, POWER, LOG	0.000e+00	558	37.7	64.0	True	(GoldenRatio Log[4-GoldenRatio])^(-1)
568	Traveling Salesman constant	algebraic	64	not found	12	SIX, GOLDENRATIO, SQR, x, SUBTRACT, POWER	PI, EIGHT, PLUS, TWO, SQRT, POWER	5.530e-11	7	37.0	10.3	True	4/153*(1 + 2*Sqrt[2])*Sqrt[51]
569	e^(-1/3)	elementary	64	exact	5	x	THREE, INV, EXP, INV	0.000e+00	314	0.1	64.0	True	E^(-1/3)
570	constant appearing in the expected number of comparisons for a successful digital tree search (negated)	none	64	not found	12	PI, x, TWO, TIMES, EXP, SUBTRACT	EULER, EXP, FIVE, PLUS, INV, EXP	5.649e-11	1	34.9	10.2	True	
571	1/(2 log 2)	elementary	64	exact	4	x	FOUR, LOG, INV	0.000e+00	22	0.0	64.0	True	1/(2Log[2])
572	k2, a Diophantine approximation constant such that the area of the "critical parallelogram" (in this case a square) is 4	algebraic	64	exact	5	x	FIVE, SQRT, GOLDENRATIO, DIVIDE	0.000e+00	274	0.1	64.0	True	(1+1/Sqrt[5])/2
573	Sarnak constant	special	64	not found	12	PI, PI, POWER, x, SQR, TIMES	SEVEN, SQRT, EULER, POWER, FIVE, PLUS	5.225e-11	4	35.1	10.3	True	Product[1 - (2 + Prime[\[FormalK]])/Prime[\[FormalK]]^3, {\[FormalK], 2, Infinity}]
574	Langford constant	elementary	64	not found	12	SEVEN, SQRT, x, FOUR, TIMES, SUBTRACT	FIVE, SEVEN, SQRT, SQRT, SQRT, DIVIDE	1.416e-10	13	34.7	9.8	True	97/150 + Pi/40
575	constant that appears in the asymptotic formula for average order of the infinitary divisors sum function (A049417)	none	64	not found	12	PI, LOG, LOG, x, SQRT, DIVIDE	GOLDENRATIO, NINE, POWER, FIVE, PLUS, SQRT	4.322e-11	7	36.1	10.4	True	
576	a constant related to the asymptotic evaluation of Product_{p prime congruent to 1 modulo 4} (1 + 1/p)	none	64	not found	12	TWO, x, EXP, SUBTRACT, FOUR, TIMES	EULER, FOUR, SUBTRACT, SQRT, EXP, INV	5.239e-12	0	35.0	11.3	True	
577	sum_{n>=1} 1/binomial(2n, n)	elementary	64	exact	11	THREE, x, NINE, TIMES, SUBTRACT	THREE, FOUR, DIVIDE, SQRT, PI, TIMES	0.000e+00	29	35.0	64.0	True	1/3 + 2*Sqrt[3]*Pi/27
579	1/Gamma(2/3)	special	64	not found	12	x, PI, SQRT, SUBTRACT, SEVEN, POWER	GOLDENRATIO, SQRT, PI, SUBTRACT, FOUR, TIMES	1.108e-12	3	36.2	12.0	True	1/Gamma[2/3]
580	Dottie number	special	64	not found	12	x, SQR, LOG, SQR, ONE, SUBTRACT	EULER, PI, SQRT, SUBTRACT, GOLDENRATIO, POWER	2.607e-11	4	34.6	10.6	True	Root[{Cos[#1] - #1 & , 0.7390851332151606416553120876738734040134117589007574649656`30.}]
581	densest spatial packing of spheres constant	elementary	64	exact	7	x	SIX, PI, DIVIDE, TWO, SQRT, TIMES	0.000e+00	1977	2.4	64.0	True	Pi/(3*Sqrt[2])
582	Rosser constant	special	64	not found	12	x, SQRT, x, GOLDENRATIO, SUBTRACT, DIVIDE	SEVEN, EXP, EIGHT, DIVIDE, NINE, POWER	6.473e-11	3	34.9	10.2	True	(8*Catalan)/Pi^2
583	Sarnak product constant	special	64	not found	12	GOLDENRATIO, x, FIVE, POWER, DIVIDE, EXP	SIX, LOG, NINE, DIVIDE, EULER, PLUS	1.211e-10	0	35.0	9.9	True	(5*Pi^2*Product[1 - (2 + Prime[\[FormalK]])/Prime[\[FormalK]]^3, {\[FormalK], 2, Infinity}])/48
584	s_4, a 4-dimensional Steiner ratio analog	none	64	not found	12	SIX, FIVE, LOG, DIVIDE, x, PLUS	PI, FIVE, SQR, LOG, DIVIDE, SQRT	2.845e-10	0	34.7	9.5	True	
585	B, the coefficient of n*log(n)^2 in the asymptotic formula of Ramanujan for Sum_{k=1..n} (d(k)^2), where d(k) is the num	none	64	not found	12	EULER, EIGHT, SUBTRACT, x, INV, POWER	FOUR, LOG, LOG, SQRT, EULER, DIVIDE	4.740e-11	0	34.5	10.3	True	
586	Rényi parking constant	special	64	not found	12	PI, TWO, PLUS, x, TIMES, SQR	EULER, FIVE, PI, POWER, SQRT, SUBTRACT	6.802e-11	7	35.5	10.2	True	Integrate[Exp[-2*(EulerGamma + Gamma[0, \[FormalT]] + Log[\[FormalT]])], {\[FormalT], 0, Infinity}]
587	exp(-gamma/2)	special	64	not found	12	THREE, SQRT, LOG, x, SUBTRACT, INV	SEVEN, SIX, POWER, INV, FIVE, PLUS	2.081e-10	9	35.3	9.7	True	Exp[-EulerGamma/2]
588	three quarters	rational	64	exact	4	x	FOUR, THREE, DIVIDE	0.000e+00	31	0.0	64.0	True	3/4
589	pi^(-1/4)	elementary	64	exact	5	x	PI, INV, SQRT, SQRT	0.000e+00	206	0.0	64.0	True	Pi^(-1/4)
590	Sum_{n>=1} (-1)^(n-1)*H(n)/n^2, where H(n) is the n-th harmonic number	special	64	not found	12	SEVEN, FOUR, DIVIDE, x, SUBTRACT, SQRT	NINE, LOG, GOLDENRATIO, PLUS, GOLDENRATIO, DIVIDE	3.861e-11	0	35.3	10.4	True	5*Zeta[3]/8
591	linear asymptotic constant B in Sum_{k=1..n} 1/A000688(k) = ~B*n + 	none	64	not found	12	GOLDENRATIO, INV, SQRT, x, EXP, PLUS	SIX, EULER, DIVIDE, EIGHT, PLUS, SQRT	2.314e-11	4	35.3	10.6	True	
592	Flajolet-Odlyzko constant	special	64	not found	12	x, FIVE, SQR, GOLDENRATIO, PLUS, POWER	PI, SIX, PLUS, SQRT, NINE, PLUS	1.047e-10	0	35.0	10.0	True	2*Integrate[1 - E^(ExpIntegralEi[-\[FormalT]]/2), {\[FormalT], 0, Infinity}]
593	constant appearing in the variance for inserting in a digital tree	special	64	false positive	9	FOUR, LOG, INV, x, SUBTRACT	THREE, EIGHT, TIMES, INV	0.000e+00	349	35.0	22.7	True	1/Log[4] + 1/24 + (4*Pi^2/Log[2]^2)*Sum[DivisorSigma[1, n]*Exp[-4*Pi^2*n/Log[2]], {n, 1, 6}]
594	Landau-Ramanujan constant	special	64	not found	12	x, x, POWER, x, LOG, PLUS	GOLDENRATIO, INV, GOLDENRATIO, POWER, LOG, SQRT	6.799e-11	4	35.9	10.2	True	Product[((4^2^\[FormalK]*(1 - 2^(-2^\[FormalK]))*Zeta[2^\[FormalK]])/(Zeta[2^\[FormalK], 1/4] - Zeta[2^\[FormalK], 3/4]))^2^(-1 - \[FormalK]), {\[FormalK], 1, Infinity}]/Sqrt[2]
595	analog of the Mertens constant B_2 in the asymptotic series for the variance of the number of prime factors Omega	none	64	not found	11	x, INV, GOLDENRATIO, SUBTRACT, INV, SQR	GOLDENRATIO, PI, POWER, FOUR, PLUS	4.932e-11	15	35.1	10.3	True	
596	binary Liouville number	special	64	exact	10	EIGHT, EIGHT, POWER, INV, x, SUBTRACT	EIGHT, SEVEN, DIVIDE, SQR	0.000e+00	14	35.0	36.0	True	Sum[1/2^(n!), {n, Infinity}]
597	-x, where x is the negative solution to the equation 2^x = x^2	none	64	exact	7	x, INV, x, POWER	TWO, SQRT, INV	0.000e+00	214	2.3	64.0	True	
598	Sum_{k>1} 1/(k*(k-1)*zeta(k)), a constant related to Niven's constant	none	64	not found	12	GOLDENRATIO, x, EIGHT, LOG, DIVIDE, SUBTRACT	EULER, EIGHT, PLUS, INV, ONE, PLUS	3.324e-11	2	34.5	10.5	True	
599	C = 2^(1/3)*e^(1/4)/A^3, a constant associated with the Gaudin-Mehta probability distribution and the Glaisher-Kinkelin 	special	64	not found	12	EIGHT, x, EXP, PI, SUBTRACT, POWER	PI, SEVEN, INV, THREE, SUBTRACT, DIVIDE	1.558e-10	3	36.4	9.8	True	2^(1/3)*E^(1/4)/Glaisher^3
600	trace of the Ruelle-Mayer linear operator G_2	none	64	not found	12	x, SQR, THREE, TIMES, PI, DIVIDE	TWO, SQRT, SQRT, FIVE, LOG, POWER	2.199e-10	4	35.4	9.7	True	
601	Sum_{p prime} 1/(p*(p-1))	none	64	not found	12	x, SEVEN, POWER, LOG, SQRT, EXP	THREE, SQRT, PI, SUBTRACT, TWO, PLUS	5.481e-11	11	34.7	10.3	True	
602	Flajolet-Martin constant	special	64	not found	12	EIGHT, FOUR, INV, SUBTRACT, x, POWER	TWO, GOLDENRATIO, SUBTRACT, EXP, EIGHT, SUBTRACT	9.913e-11	0	34.6	10.0	True	(E^EulerGamma*Product[(1 + 1/(2*\[FormalK]))^(-1)^Mod[DigitCount[\[FormalK], 2, 1], 2], {\[FormalK], 1, Infinity}])/Sqrt[2]
603	Pi*G - 7*zeta(3)/4, where G = A006752	special	64	not found	12	PI, EXP, SQRT, SQRT, x, TIMES	SEVEN, GOLDENRATIO, DIVIDE, PI, POWER, SQR	3.275e-10	0	34.5	9.5	True	Pi Catalan-7Zeta[3]/4
604	lambda_3, an analog of the Stolarsky-Harborth constant for the number of elements not divisible by 3 in Pascal's triangl	none	64	exact	10	NINE, LOG, x, POWER	THREE, TWO, DIVIDE, LOG, FOUR, POWER	0.000e+00	155	34.6	64.0	True	
605	strongly carefree product constant	special	64	not found	12	x, SQR, EULER, FOUR, PLUS, POWER	GOLDENRATIO, PI, POWER, LOG, FIVE, SUBTRACT	2.543e-10	4	34.8	9.6	True	Product[1 - (1 + Prime[\[FormalK]])^(-2), {\[FormalK], 1, Infinity}]
606	Bender r constant	none	51	not found	12	FIVE, THREE, LOG, POWER, x, DIVIDE	NINE, LOG, LOG, GOLDENRATIO, SQRT, SUBTRACT	6.316e-11	0	35.0	10.2	True	
607	hypercube line-picking constant	special	64	not found	12	FIVE, x, POWER, FIVE, DIVIDE, LOG	FIVE, NINE, DIVIDE, LOG, SIX, POWER	2.767e-11	8	35.1	10.6	True	(-644 + 1344*Catalan + 3744*ArcCsch[Sqrt[2]] + 270*ArcSinh[1] - 3024*Im[PolyLog[2, I*(3 - 2*Sqrt[2])]] + 1773*Log[3] + 84*(PolyGamma[1, 1/12] + PolyGamma[1, 5/12]) + (6048*I)*(PolyLog[2, (1/2 - I/2)*(-2 + Sqrt[2])] - PolyLog[2, (1/2 + I/2)*(-2 + Sqrt[2])]) + (6048*I)*(PolyLog[2, I*(1 - Sqrt[2])] - PolyLog[2, I*(-1 + Sqrt[2])]) + 438*Sqrt[2] - 2448*ArcCot[2*Sqrt[2]]*Sqrt[2] - 189*(PolyGamma[1, 1/8] + PolyGamma[1, 3/8])*Sqrt[2] + 12*Pi*(-16 + 7*Pi*(-8 + 9*Sqrt[2])) + 288*Sqrt[3])/3780
608	6/(Pi^2 A086724)	none	64	not found	12	x, EULER, FIVE, EXP, SUBTRACT, POWER	FIVE, LOG, THREE, DIVIDE, EIGHT, POWER	2.812e-10	3	35.3	9.6	True	
609	log10(6)	elementary	64	exact	7	x, INV, SIX, POWER	ONE, NINE, PLUS	0.000e+00	103	2.3	64.0	True	Log[10, 6]
610	Purdom-Williams constant, a constant related to the Golomb-Dickman constant and to the asymptotic evaluation of the expe	none	64	not found	12	EIGHT, PI, LOG, DIVIDE, x, PLUS	GOLDENRATIO, EXP, FIVE, SUBTRACT, SIX, POWER	3.903e-11	7	35.0	10.4	True	
611	first Bernoulli sophomore dream constant	special	64	not found	12	x, PI, PI, EXP, SUBTRACT, POWER	FIVE, GOLDENRATIO, FIVE, TIMES, POWER, LOG	1.004e-10	7	35.1	10.0	True	-Sum[(-\[FormalK])^(-\[FormalK]), {\[FormalK], 1, Infinity}]
612	(sqrt(3) + sqrt(5) + 2*sqrt(6))/(8*sqrt(2))	algebraic	64	not found	12	FOUR, NINE, PLUS, x, POWER, SQR	EULER, GOLDENRATIO, LOG, EIGHT, POWER, SUBTRACT	4.152e-11	9	35.0	10.4	True	(Sqrt[3]+Sqrt[5]+2Sqrt[6])/(8Sqrt[2])
613	(3*sqrt(3)+sqrt(7))/10	algebraic	64	exact	10	x, FIVE, TIMES, INV, x, SUBTRACT	FIVE, SEVEN, SQRT, DIVIDE	0.000e+00	21	34.8	64.0	True	(3*Sqrt[3]+Sqrt[7])/10
614	Integral_{x = 0 to oo} Product_{m=1..oo} cos(x/m) dx	none	39	not found	12	EIGHT, FIVE, INV, SUBTRACT, x, POWER	NINE, PI, DIVIDE, EXP, EIGHT, SUBTRACT	5.928e-10	7	34.7	9.2	True	
615	pi/4	elementary	64	exact	4	x	FOUR, PI, DIVIDE	0.000e+00	22	0.0	64.0	True	Pi/4
616	Lüroth constant	special	64	not found	12	x, SQR, PI, DIVIDE, SIX, DIVIDE	SEVEN, FIVE, DIVIDE, GOLDENRATIO, POWER, SQRT	5.645e-11	2	35.5	10.2	True	Sum[Log[\[FormalK]/(-1 + \[FormalK])]/\[FormalK], {\[FormalK], 2, Infinity}]
617	asymptotic constant eta for counts of weakly binary trees	none	64	not found	12	x, x, SQRT, EULER, SUBTRACT, POWER	FIVE, TWO, DIVIDE, THREE, SUBTRACT, SQRT	1.286e-10	15	36.1	9.9	True	
618	Lal's constant: the Hardy-Littlewood constant for A217795	none	64	not found	12	x, SQRT, PI, PLUS, x, POWER	GOLDENRATIO, FIVE, SUBTRACT, FIVE, DIVIDE, LOG	1.050e-10	0	34.9	10.0	True	
619	Kolakoski constant	none	64	not found	12	x, FOUR, LOG, SQRT, SQRT, SUBTRACT	THREE, PI, SQRT, POWER, GOLDENRATIO, DIVIDE	2.043e-10	7	34.6	9.7	True	
620	root two div pi	elementary	64	exact	5	x	PI, TWO, DIVIDE, SQRT	0.000e+00	195	0.1	64.0	True	Sqrt[2/Pi]
621	log 2π	elementary	64	exact	8	x, ONE, NINE, PLUS, POWER	PI, PI, PLUS	0.000e+00	61	34.9	64.0	True	Log10[2*Pi]
622	Product_{n>1} (1 - 1/n^2)^(1/n)	none	64	not found	12	THREE, PI, DIVIDE, EXP, x, POWER	SEVEN, SIX, FIVE, DIVIDE, POWER, SQRT	8.598e-11	4	34.8	10.1	True	
624	unique real solution of the equation Ei(x)-gamma-log(x) = 1, where Ei is the exponential integral function and gamma the	none	64	not found	12	GOLDENRATIO, x, SQRT, EULER, PLUS, POWER	SEVEN, THREE, POWER, INV, EIGHT, SUBTRACT	4.742e-11	13	34.9	10.3	True	
625	disk half-area offset constant	special	64	not found	12	x, LOG, THREE, PLUS, LOG, SQR	FIVE, EULER, SUBTRACT, EXP, GOLDENRATIO, POWER	1.697e-10	11	35.2	9.8	True	Root[{Pi - 4*ArcCos[#1/2] + #1*Sqrt[4 - #1^2] & , 0.8079455065990344186379234801330000000000000000000000000001`29.907382069955993}]
626	Solomon parking constant	special	64	not found	12	SIX, x, POWER, SQR, PI, DIVIDE	FOUR, LOG, SQR, SQR, EULER, POWER	1.336e-10	8	35.3	9.9	True	Integrate[(1 + 2*\[FormalX])*Exp[-2*(-1 + \[FormalX] + Exp[-\[FormalX]])]*Exp[-2*(EulerGamma - ExpIntegralEi[-\[FormalX]] + Log[\[FormalX]])], {\[FormalX], 0, Infinity}]
627	Alladi-Grinstead constant	special	64	not found	12	x, NINE, INV, EIGHT, SUBTRACT, POWER	GOLDENRATIO, NINE, TIMES, LOG, EIGHT, SUBTRACT	1.313e-10	3	34.6	9.9	True	Exp[-1 - Sum[Log[1 - \[FormalK]^(-1)]/\[FormalK], {\[FormalK], 2, Infinity}]]
628	product_{n>=1} (n/(n+1))^((-1)^t(n-1)), a probabilistic counting constant, where t(n) = A010060(n) is the Thue-Morse seq	none	64	not found	12	x, THREE, EXP, POWER, THREE, POWER	SEVEN, SIX, POWER, GOLDENRATIO, SQRT, PLUS	5.057e-11	3	35.8	10.3	True	
629	'mu', a Young-Fejér-Jackson constant linked to the positivity of certain sine sums	none	64	not found	12	x, SEVEN, INV, FOUR, POWER, DIVIDE	TWO, LOG, SQR, FOUR, PLUS, LOG	2.956e-10	7	34.7	9.5	True	
630	(1 + sqrt(6))/(3*sqrt(2))	algebraic	64	exact	9	x, THREE, TIMES	TWO, INV, SQRT, THREE, SQRT, PLUS	0.000e+00	447	34.4	64.0	True	(1+Sqrt[6])/(3Sqrt[2])
631	1/Gamma(3/4)	special	64	not found	12	x, EIGHT, SQRT, SQRT, EXP, SUBTRACT	PI, SQRT, EIGHT, PLUS, SQR, LOG	5.768e-11	12	34.4	10.2	True	1/Gamma[3/4]
632	sum_{n>=0} 1/2^(2^n)	special	64	not found	12	PI, x, EULER, PLUS, SQR, DIVIDE	SIX, LOG, NINE, DIVIDE, NINE, SUBTRACT	1.124e-11	13	35.0	10.9	True	Sum[1/2^(2^n), {n, 0, Infinity}]
633	a2, the second of two constants associated with Djokovic's conjecture on an integral inequality	none	64	not found	12	x, EXP, TWO, SUBTRACT, SEVEN, POWER	THREE, LOG, FIVE, DIVIDE, EULER, DIVIDE	2.270e-11	16	35.2	10.6	True	
634	First Nielsen-Ramanujan constant	elementary	64	exact	7	x	PI, SIX, DIVIDE, SQR, THREE, DIVIDE	0.000e+00	2587	2.4	64.0	True	Pi^2/12
635	Sierpiński constant	special	64	not found	12	x, GOLDENRATIO, TIMES, EULER, SQRT, SUBTRACT	EULER, FIVE, PLUS, SIX, SQRT, DIVIDE	1.387e-11	16	35.1	10.9	True	2*EulerGamma + 2*Log[2] + 3*Log[Pi] - 4*Log[Gamma[1/4]]
636	sigma_3, a Turán's Power Sum Constant	none	64	not found	12	PI, x, NINE, PLUS, LOG, POWER	FIVE, LOG, SQR, FOUR, SQR, SUBTRACT	3.423e-12	10	37.0	11.5	True	
637	Prouhet-Thue-Morse constant	special	64	not found	11	x, SQR, PI, POWER, SQR	THREE, GOLDENRATIO, SUBTRACT, EXP, FIVE, SUBTRACT	8.391e-11	11	35.3	10.1	True	1 - Product[(-1 + 2^2^\[FormalK])/2^2^\[FormalK], {\[FormalK], 0, Infinity}]/2
638	Pi/8 + sqrt(3)/4	elementary	64	exact	9	x, FOUR, TIMES	TWO, PI, DIVIDE, THREE, SQRT, PLUS	0.000e+00	148	35.3	64.0	True	Pi/8+Sqrt[3]/4
639	asymptotic efficiency constant	elementary	64	exact	8	x, PI, TIMES	FOUR, INV, SEVEN, SUBTRACT, SQRT	1.342e-16	3686	35.4	64.0	True	(3*Sqrt[3])/(2*Pi)
640	1/zeta(3)	special	64	not found	12	GOLDENRATIO, FIVE, POWER, x, POWER, INV	EULER, FOUR, PLUS, SIX, POWER, LOG	5.845e-11	0	35.4	10.2	True	1/Zeta[3]
641	Rosser's constant	none	64	not found	12	x, PI, NINE, PLUS, POWER, LOG	PI, SQRT, SIX, SUBTRACT, LOG, SQR	2.026e-11	0	34.3	10.7	True	
642	Gauss's constant	special	64	not found	12	FOUR, x, ONE, SUBTRACT, INV, SUBTRACT	GOLDENRATIO, INV, TWO, POWER, PI, DIVIDE	1.325e-11	13	35.5	10.9	True	ArithmeticGeometricMean[1, Sqrt[2]]^(-1)
643	Baker constant	elementary	64	exact	10	TWO, LOG, x, THREE, TIMES, SUBTRACT	THREE, SQRT, PI, DIVIDE	0.000e+00	58	34.9	64.0	True	(Log[2] + Pi/Sqrt[3])/3
645	Shepp's constant 'alpha', an optimal stopping constant associated with the case of a zero mean and unit variance distrib	none	64	not found	12	x, EXP, SEVEN, SUBTRACT, GOLDENRATIO, POWER	THREE, EXP, SQRT, GOLDENRATIO, EXP, PLUS	8.534e-11	11	34.7	10.1	True	
646	2*G/(Pi*log(2)), a constant appearing in the average root bifurcation ratio of binary trees, where G is Catalan's consta	special	64	not found	12	GOLDENRATIO, x, POWER, SIX, DIVIDE, SQRT	THREE, INV, SIX, POWER, ONE, PLUS	3.757e-11	3	35.7	10.4	True	2 Catalan/(Pi*Log[2])
647	sin one	elementary	64	not found	12	EIGHT, x, POWER, LOG, EULER, PLUS	GOLDENRATIO, FOUR, POWER, LOG, THREE, DIVIDE	2.876e-10	3	41.6	9.5	True	Sin[1]
648	reciprocal of the Khinchin-Lévy constant	elementary	64	exact	8	x, EXP	PI, SQR, FOUR, DIVIDE, EIGHT, POWER	0.000e+00	3968	36.0	64.0	True	(12*Log[2])/Pi^2
650	log10(7)	elementary	64	exact	6	x, ONE, NINE, PLUS, POWER	SEVEN	0.000e+00	120	2.4	64.0	True	Log[10, 7]
651	3/(2*sqrt(Pi))	elementary	64	exact	7	x	PI, FOUR, TIMES, NINE, DIVIDE, SQRT	0.000e+00	2506	2.3	64.0	True	3/(2*Sqrt[Pi])
652	ubiquitous constant	special	64	not found	12	SEVEN, x, EIGHT, TIMES, SUBTRACT, INV	EULER, ONE, SUBTRACT, GOLDENRATIO, SQR, TIMES	4.202e-11	0	35.7	10.4	True	(2*Pi^(3/2))/Gamma[1/4]^2
653	Regular paperfolding sequence	special	64	not found	12	FIVE, SEVEN, DIVIDE, x, SQRT, PLUS	EULER, EXP, SIX, DIVIDE, EULER, SUBTRACT	8.639e-11	0	34.7	10.1	True	Sum[8^2^n/(-1 + 2^2^(2 + n)), {n, 0, Infinity}]
654	maximal quantum success probability of the CHSH game	algebraic	64	exact	6	x, SQR, x, SUBTRACT	EIGHT, INV	0.000e+00	413	0.2	64.0	True	Cos[Pi/8]^2
655	1/(2*K^2) = Product_(p prime congruent to 3 modulo 4) (1 - 1/p^2), where K is the Landau-Ramanujan constant	none	64	not found	12	x, LOG, SIX, DIVIDE, SEVEN, SUBTRACT	GOLDENRATIO, EXP, SQRT, NINE, SUBTRACT, SQR	2.697e-11	11	35.0	10.6	True	
656	rank-3 Artin constant	special	64	not found	12	x, LOG, TWO, PLUS, PI, POWER	SIX, FIVE, FOUR, EXP, SUBTRACT, DIVIDE	5.305e-11	0	35.2	10.3	True	Product[1 - 1/((-1 + Prime[\[FormalK]])*Prime[\[FormalK]]^3), {\[FormalK], 1, Infinity}]
657	four minus pi	elementary	64	exact	4	x	PI, FOUR, SUBTRACT	1.293e-16	21	0.0	64.0	True	4 - Pi
658	Champernowne base-2 constant	special	64	not found	12	x, EIGHT, POWER, FIVE, SUBTRACT, SQR	THREE, SEVEN, POWER, FIVE, DIVIDE, EXP	3.508e-10	2	34.8	9.5	True	ChampernowneNumber[2]
659	Steiner ratio of the Euclidean plane	algebraic	64	exact	5	x	FOUR, THREE, DIVIDE, SQRT	0.000e+00	276	0.1	64.0	True	Sqrt[3]/2
660	log(4 - phi), where phi = A001622	elementary	64	exact	5	x	GOLDENRATIO, FOUR, SUBTRACT, LOG	0.000e+00	149	0.1	64.0	True	Log[4-GoldenRatio]
661	log e^2	elementary	64	exact	7	x, INV	ONE, NINE, PLUS, SQRT, LOG	0.000e+00	685	2.3	64.0	True	Log10[E^2]
662	sqrt(Pi)/(2K)*exp(-gamma/2) where K is the Landau-Ramanujan constant and gamma the Euler-Mascheroni constant	none	64	not found	12	x, LOG, INV, SQR, x, PLUS	GOLDENRATIO, GOLDENRATIO, POWER, FIVE, PLUS, SQR	1.527e-10	3	35.4	9.8	True	
663	square edge line-picking constant	elementary	64	not found	12	x, EULER, SUBTRACT, x, EXP, POWER	SEVEN, FOUR, LOG, SIX, POWER, SUBTRACT	4.155e-11	8	35.5	10.4	True	(2 + 5*Log[1 + Sqrt[2]] + Sqrt[2])/9
664	integral_{0..infinity} exp(-x^2)*log(x) dx	special	64	not found	12	x, SQR, TWO, LOG, POWER, LOG	FOUR, FIVE, TIMES, LOG, EULER, SUBTRACT	1.363e-10	3	37.7	9.9	True	-(-(1/4)*Sqrt[Pi]*( EulerGamma + 2*Log[2]))
666	product_{n>=1} (2n/(2n+1))^((-1)^t(n-1)), a probabilistic counting constant, where t(n) = A010060(n) is the Thue-Morse s	none	64	not found	12	x, SQR, SQR, EXP, PI, SUBTRACT	EULER, FOUR, PLUS, INV, EIGHT, POWER	1.177e-10	3	35.2	9.9	True	
667	total area of Ford circles	special	64	not found	12	THREE, x, EXP, DIVIDE, TWO, POWER	FIVE, SQR, THREE, DIVIDE, GOLDENRATIO, PLUS	1.644e-11	10	36.6	10.8	True	(45*Zeta[3])/(2*Pi^3)
668	(5/18)*Pi	elementary	64	exact	8	FIVE, x, DIVIDE	TWO, NINE, TIMES, PI, DIVIDE	0.000e+00	6321	35.6	64.0	True	5Pi/18
669	a constant related to the asymptotic counting function of numbers of the form x^2 + 2*y^2 (A002479)	none	64	not found	12	THREE, INV, x, PLUS, PI, TIMES	EULER, GOLDENRATIO, SUBTRACT, SQR, FIVE, SUBTRACT	5.566e-12	13	34.8	11.3	True	
670	Integral_{x=0..Pi/2} sin(x)^(3/2) dx	special	64	not found	11	PI, SQR, x, POWER, EXP	GOLDENRATIO, SQR, LOG, EULER, PLUS, LOG	1.505e-11	4	35.6	10.8	True	1/3*Sqrt[2]*EllipticK[1/2]
671	sqrt(2)/phi, where phi = (1+sqrt(5))/2	algebraic	64	exact	5	x	GOLDENRATIO, TWO, SQRT, DIVIDE	0.000e+00	221	0.1	64.0	True	Sqrt[2]/GoldenRatio
672	sum of reciprocal perfect powers (excluding 1)	none	64	not found	12	PI, x, FOUR, DIVIDE, SUBTRACT, EXP	GOLDENRATIO, EXP, SIX, DIVIDE, THREE, PLUS	1.171e-10	9	36.5	9.9	True	
673	average length of a line segment picked at random in a unit 5-cube	none	64	not found	12	SIX, FIVE, SQRT, x, SUBTRACT, POWER	EULER, ONE, NINE, PLUS, POWER, LOG	1.141e-10	7	34.9	9.9	True	
674	an Ising constant related to the triangular lattice	none	64	not found	12	SIX, x, POWER, SIX, SQRT, TIMES	GOLDENRATIO, EIGHT, SQRT, LOG, POWER, SQR	2.496e-11	15	35.0	10.6	True	
675	quadratic class number constant	special	64	not found	12	FIVE, x, EIGHT, TIMES, SUBTRACT, EXP	SEVEN, SQR, SQR, GOLDENRATIO, PLUS, LOG	2.815e-12	9	35.6	11.6	True	Product[1 - 1/(Prime[\[FormalK]]^2*(1 + Prime[\[FormalK]])), {\[FormalK], 1, Infinity}]
676	positive minimum of the gamma function	special	64	not found	11	x, LOG, PI, PLUS, FIVE, DIVIDE	GOLDENRATIO, SQR, TWO, TIMES, LOG	1.333e-10	3	34.6	9.9	True	Gamma[Root[{PolyGamma[0, #1] & , 1.46163214496836234126265954233`29.164838085677864}]]
677	sqrt(Pi)/2	elementary	64	exact	5	x, SQR	FOUR, PI, DIVIDE	0.000e+00	240	0.1	64.0	True	Sqrt[Pi]/2
678	exp(gamma)/2	special	64	not found	12	PI, THREE, PLUS, INV, x, PLUS	PI, INV, FOUR, LOG, POWER, SQRT	1.315e-10	9	35.5	9.9	True	E^EulerGamma/2
679	reciprocal sum of integer powers constant	special	64	not found	12	x, INV, THREE, SUBTRACT, SQR, EXP	FIVE, SQRT, PI, EIGHT, SUBTRACT, POWER	7.295e-11	0	35.5	10.1	True	Sum[-1 + Zeta[Prime[\[FormalK]]], {\[FormalK], 1, Infinity}]
680	Gamma(4/3)	special	64	not found	12	x, INV, PI, POWER, x, POWER	SIX, GOLDENRATIO, SQRT, EULER, PLUS, DIVIDE	3.714e-11	5	35.1	10.4	True	Gamma[4/3]
681	Product_{p prime, p == 1 (mod 4)} (1 - 2/p^2)	none	64	not found	12	FOUR, LOG, LOG, x, EXP, PLUS	FOUR, LOG, TWO, SQRT, DIVIDE, EXP	1.097e-11	3	35.0	11.0	True	
682	'delta', a constant arising in the asymptotics of the regularized product of the Fibonacci numbers	none	64	not found	12	EIGHT, x, POWER, GOLDENRATIO, POWER, INV	SEVEN, LOG, SQRT, GOLDENRATIO, TIMES, LOG	3.038e-11	3	35.4	10.5	True	
683	Gamma(5/3)	special	64	not found	12	x, EIGHT, TIMES, THREE, SUBTRACT, SQR	THREE, INV, GOLDENRATIO, SIX, POWER, SUBTRACT	1.683e-10	2	34.5	9.8	True	Gamma[5/3]
684	log10(8)	elementary	64	exact	6	x, ONE, NINE, PLUS, POWER	EIGHT	0.000e+00	167	2.3	64.0	True	Log[10, 8]
685	disk line-picking constant	elementary	64	exact	10	x, PI, TIMES, THREE, SUBTRACT	FIVE, NINE, TIMES, SEVEN, DIVIDE	0.000e+00	273	34.7	64.0	True	128/(45*Pi)
686	Gamma(5/4)	special	64	not found	12	FOUR, x, SQR, SEVEN, POWER, SUBTRACT	NINE, LOG, THREE, SUBTRACT, SQRT, SQRT	3.187e-12	3	35.9	11.5	True	Gamma[5/4]
687	densest planar packing of circles constant	elementary	64	exact	7	x	TWO, SIX, TIMES, SQRT, PI, DIVIDE	0.000e+00	2096	2.4	64.0	True	Pi/(2*Sqrt[3])
688	value of x such that K(x) = 2E(x)	none	64	not found	12	x, THREE, PLUS, x, POWER, LOG	ONE, EIGHT, PI, DIVIDE, SQRT, SUBTRACT	4.728e-11	15	35.0	10.3	True	
689	(sqrt(Pi)/(2^(1/4)*Gamma(5/8)*Gamma(7/8)))^2	special	64	not found	12	EULER, SQRT, x, SUBTRACT, x, POWER	THREE, INV, FIVE, POWER, SQR, LOG	8.896e-11	8	35.7	10.1	True	(Pi/Sqrt[2])*(1/(Gamma[5/8]*Gamma[7/8]))^2
690	(1 + sqrt(3))/3	algebraic	64	exact	7	x	THREE, THREE, SQRT, ONE, PLUS, DIVIDE	0.000e+00	1049	2.4	64.0	True	(1+Sqrt[3])/3
691	Catalan's constant	special	64	not found	12	SEVEN, INV, NINE, POWER, x, POWER	THREE, GOLDENRATIO, LOG, PI, SUBTRACT, DIVIDE	3.693e-12	8	35.4	11.4	True	Catalan
692	log root two pi	elementary	64	exact	6	x, EXP, SQR	PI, PI, PLUS	0.000e+00	331	0.2	64.0	True	Log[Sqrt[2*Pi]]
693	Gamma(7/4)	special	64	not found	12	x, EXP, NINE, PLUS, x, POWER	SEVEN, LOG, TWO, SUBTRACT, SEVEN, TIMES	1.716e-11	9	36.5	10.8	True	Gamma[7/4]
694	position of the positive real maximum of Dawson's integral D_+(x)	none	64	not found	12	x, LOG, SQR, THREE, EXP, TIMES	EULER, EIGHT, EXP, SUBTRACT, LOG, INV	1.590e-11	4	34.8	10.8	True	
695	cube face line-picking constant	elementary	64	not found	12	x, LOG, PI, THREE, SUBTRACT, DIVIDE	SIX, LOG, SQRT, LOG, INV, SQRT	7.225e-12	4	35.4	11.1	True	(4 - 7*Pi + 21*Log[1 + Sqrt[2]] + 42*Log[2 + Sqrt[3]] + 17*Sqrt[2] - 6*Sqrt[3])/75
696	Product_{n>=1} (1 - 1/(4n+1)^2)	special	64	not found	12	x, INV, EULER, SUBTRACT, EXP, SQR	GOLDENRATIO, SQRT, SIX, POWER, EULER, TIMES	4.801e-11	1	34.7	10.3	True	Product[1 - 1/(4 n + 1)^2, {n, 1, Infinity}]
697	an Ising constant related to the random coloring problem	special	64	not found	12	x, PI, DIVIDE, SEVEN, SUBTRACT, SQRT	PI, GOLDENRATIO, PLUS, PI, LOG, POWER	9.047e-11	4	35.5	10.0	True	Log[2]/2 + 2*Catalan/Pi
698	rank-4 Artin constant	special	64	not found	12	x, SQRT, INV, LOG, TWO, DIVIDE	EIGHT, LOG, SQRT, NINE, SQR, DIVIDE	6.448e-12	11	35.1	11.2	True	Product[1 - 1/((-1 + Prime[\[FormalK]])*Prime[\[FormalK]]^4), {\[FormalK], 1, Infinity}]
699	-zeta'(2) (the first derivative of the zeta function at 2)	none	64	not found	12	x, GOLDENRATIO, SUBTRACT, SEVEN, POWER, SQR	PI, SQR, THREE, EIGHT, TIMES, SUBTRACT	1.229e-10	3	34.6	9.9	True	
700	(4K/Pi)^2 where K is the Landau-Ramanujan constant	none	64	not found	12	x, GOLDENRATIO, POWER, EULER, SQRT, TIMES	ONE, EULER, SUBTRACT, LOG, PI, SUBTRACT	3.349e-10	0	34.5	9.5	True	
701	Pi*(1+sqrt(2))/8	elementary	64	exact	9	PI, x, DIVIDE	EIGHT, TWO, SQRT, ONE, PLUS, DIVIDE	0.000e+00	628	35.1	64.0	True	Pi*(1+Sqrt[2])/8
702	log10(9)	elementary	64	exact	6	x, ONE, NINE, PLUS, POWER	NINE	0.000e+00	156	2.4	64.0	True	Log[10, 9]
703	3/π	elementary	64	exact	4	x	PI, THREE, DIVIDE	0.000e+00	27	0.0	64.0	True	3/Pi
704	Magic angle	elementary	64	not found	12	x, INV, THREE, SQRT, SUBTRACT, LOG	EULER, SEVEN, DIVIDE, NINE, LOG, SUBTRACT	2.313e-11	13	35.9	10.6	True	ArcCos[1/Sqrt[3]]
705	(log(2) + Pi)/4	elementary	64	exact	7	x	FOUR, TWO, LOG, PI, PLUS, DIVIDE	0.000e+00	344	2.3	64.0	True	(Log[2]+Pi)/4
706	a limit associated with the asymptotic number of ways of writing a number as a sum of powers of 2, with each power used 	elementary	64	not found	12	x, TWO, SQRT, SEVEN, PLUS, POWER	THREE, SQRT, EULER, TIMES, THREE, PLUS	3.989e-12	3	34.4	11.4	True	3^(Log[GoldenRatio]/Log[2]) / Sqrt[5]
707	a constant related to the asymptotic expansion of the Lebesgue constant corresponding to the n-th Chebyshev polynomial	special	64	not found	12	x, x, INV, SUBTRACT, NINE, TIMES	GOLDENRATIO, EXP, NINE, SUBTRACT, SQRT, LOG	2.024e-10	9	34.6	9.7	True	2/Pi*(3*Log[2] - Log[Pi] + EulerGamma)
708	L(3, chi4), where L(s, chi4) is the Dirichlet L-function for the non-principal character modulo 4	elementary	64	exact	8	TWO, x, DIVIDE	THREE, FOUR, PI, DIVIDE, POWER	1.146e-16	3337	35.4	64.0	True	Pi^3/32
709	Lochs constant	elementary	64	exact	12	x, ONE, NINE, PLUS, LOG, DIVIDE	EIGHT, SQR, LOG, PI, SQR, DIVIDE	0.000e+00	20	32.0	64.0	True	6*Log[2]*Log[10]/Pi^2
710	4*K/Pi, a constant appearing in the asymptotic evaluation of the number of non-hypotenuse numbers not exceeding a given 	none	64	not found	12	x, EXP, SQRT, x, PLUS, EXP	PI, FIVE, LOG, POWER, NINE, PLUS	5.908e-11	9	31.9	10.2	True	
711	log 3π	elementary	64	exact	8	x, ONE, NINE, PLUS, POWER	PI, THREE, TIMES	0.000e+00	65	32.3	64.0	True	Log10[3*Pi]
712	Elbert constant	special	64	not found	12	EIGHT, INV, x, SUBTRACT, PI, TIMES	SIX, SQRT, EXP, THREE, PLUS, LOG	1.225e-10	3	32.2	9.9	True	ConditionalExpression[Extension`ElbertConstant == 1 + E^\[FormalU] - (\[FormalV]*E^\[FormalU])/2 + E^(\[FormalU] + \[FormalV]/2) - E^\[FormalV], E^\[FormalU] + 2*E^(\[FormalU] + \[FormalV]/2) + E^(\[FormalV]/2) + E^(\[FormalU] + \[FormalV]) == 2*E^\[FormalV] + E^((3*\[FormalV])/2) && 1 + (1 + \[FormalU] - \[FormalV])*E^\[FormalU] + 2*E^(\[FormalU] + \[FormalV]/2) == 2*E^\[FormalV] && -1/3 < \[FormalU] < 0 && 1/3 < \[FormalV] < 1]
713	4*sqrt(2) - 6*sqrt(6)/Pi	elementary	64	exact	12	FOUR, x, DIVIDE, TWO, SQRT, SUBTRACT	PI, SIX, SQRT, NINE, DIVIDE, DIVIDE	0.000e+00	22	32.4	64.0	True	4Sqrt[2]-6Sqrt[6]/Pi
714	generalized Glaisher-Kinkelin constant A(3)	special	64	not found	12	NINE, x, INV, POWER, TWO, PLUS	PI, NINE, PLUS, LOG, EIGHT, DIVIDE	1.806e-11	15	32.7	10.7	True	Exp[-11/720 - Zeta'[-3]]
715	a parking constant related to the asymptotic expected number of cars, assuming random car lengths	none	64	not found	12	GOLDENRATIO, x, INV, EXP, SUBTRACT, LOG	PI, GOLDENRATIO, DIVIDE, SEVEN, PLUS, INV	9.692e-11	3	31.7	10.0	True	
716	a constant related to the asymptotic evaluation of Product_{p prime congruent to 3 modulo 4} (1 + 1/p)	none	64	not found	12	x, FOUR, SEVEN, DIVIDE, POWER, EXP	PI, SQRT, LOG, SQR, SIX, SUBTRACT	9.906e-11	11	32.9	10.0	True	
717	ln(Gamma(1/3))	special	64	not found	12	x, EXP, SIX, POWER, SEVEN, PLUS	EULER, GOLDENRATIO, PLUS, SEVEN, PLUS, SQR	6.691e-11	15	31.3	10.2	True	LogGamma[1/3]
718	Reuleaux triangle square cutting fraction	elementary	64	exact	11	THREE, SQRT, SIX, DIVIDE, x, SUBTRACT	THREE, SIX, PI, DIVIDE, SUBTRACT	0.000e+00	17	32.3	64.0	True	-3 + Pi/6 + 2*Sqrt[3]
719	logarithm of Khinchin constant	special	64	not found	12	FIVE, LOG, SQR, x, SQR, POWER	FIVE, TWO, LOG, FOUR, PLUS, DIVIDE	1.169e-10	3	31.4	9.9	True	Log[Khinchin]
720	phi(0), an auxiliary constant associated with Shapiro's cyclic sum constant lambda	none	64	not found	12	SIX, SQRT, FOUR, POWER, x, POWER	TWO, THREE, GOLDENRATIO, POWER, LOG, DIVIDE	6.522e-11	3	32.1	10.2	True	
721	Asymptotic behavior of Lebesgue constants	special	64	not found	12	x, NINE, LOG, POWER, EXP, EXP	EULER, NINE, SUBTRACT, SEVEN, EXP, TIMES	3.149e-12	11	33.2	11.5	True	(-4*PolyGamma[0, 1/2])/Pi^2 + (8*Sum[Log[k]/(-1 + 4*k^2), {k, 1, Infinity}])/Pi^2
722	generalized Glaisher-Kinkelin constant A(4)	special	64	not found	12	x, EULER, FIVE, PLUS, DIVIDE, EXP	SIX, SQR, SQR, SEVEN, EXP, PLUS	8.914e-11	0	32.4	10.0	True	Exp[-3*Zeta[5]/(4*Pi^4)]
723	log π^2	elementary	64	exact	7	x, ONE, NINE, PLUS, POWER	PI, SQR	0.000e+00	74	2.1	64.0	True	Log10[Pi^2]
724	Ramanujan's first continued fraction constant	elementary	64	not found	12	PI, EXP, INV, SQR, x, PLUS	PI, EXP, INV, SQR, SQR, EXP	1.825e-11	15	31.2	10.7	True	Exp[(2*Pi)/5]*(-GoldenRatio + Sqrt[GoldenRatio*Sqrt[5]])
725	One	rational	64	exact	2	x	ONE	0.000e+00	24	0.0	64.0	True	1
726	'nu', a coefficient related to the variance for searching corresponding to patricia tries	none	64	false positive	9	PI, x, POWER	FOUR, EXP, GOLDENRATIO, POWER, INV, EXP	0.000e+00	279	28.6	17.1	True	
727	zeta(9)	special	64	not found	12	EIGHT, INV, EXP, EXP, x, POWER	FOUR, LOG, SEVEN, LOG, SQRT, DIVIDE	1.139e-12	4	32.2	11.9	True	Zeta[9]
728	side of the equilateral triangle that can cover every triangle of perimeter 2	none	64	not found	12	EIGHT, SEVEN, LOG, x, SUBTRACT, POWER	THREE, PI, LOG, TWO, SUBTRACT, POWER	8.108e-12	8	31.3	11.1	True	
729	generalized Stirling constant	none	64	not found	12	x, SEVEN, POWER, NINE, LOG, PLUS	EIGHT, NINE, DIVIDE, EXP, THREE, TIMES	4.769e-11	0	31.6	10.3	True	
730	Pi^3/(36*sqrt(3)) + 91*zeta(3)/216	special	64	not found	12	PI, x, SQR, EIGHT, POWER, SUBTRACT	GOLDENRATIO, SQR, FIVE, EXP, SUBTRACT, LOG	2.780e-11	8	32.2	10.6	True	Pi^3/(36*Sqrt[3])+91*Zeta[3]/216
731	DeVicci's tesseract constant	algebraic	64	not found	12	SEVEN, x, POWER, INV, SQRT, EXP	EULER, INV, EULER, SUBTRACT, FIVE, SUBTRACT	6.745e-11	2	32.1	10.2	True	Root[16 + 16*#1^2 - 7*#1^4 - 28*#1^6 + 4*#1^8 & , 3, 0]
732	zeta(7)	special	64	not found	12	SEVEN, TWO, DIVIDE, x, INV, PLUS	PI, SQR, THREE, PLUS, SQRT, LOG	1.812e-11	8	32.8	10.7	True	Zeta[7]
733	generalized Glaisher-Kinkelin constant A(5)	special	64	not found	12	ONE, FOUR, LOG, SUBTRACT, x, DIVIDE	FIVE, INV, SQR, EXP, INV, EXP	4.208e-11	0	31.8	10.4	True	Exp[137/15120-Zeta'[-5]]
734	Pi^3/64 + 7*zeta(3)/16	special	64	not found	12	EIGHT, x, POWER, EULER, SQRT, DIVIDE	EULER, FIVE, SUBTRACT, TWO, TIMES, LOG	1.356e-10	0	32.3	9.9	True	Pi^3/64+7Zeta[3]/16
735	Gieseking constant	special	64	not found	12	x, PI, POWER, SQRT, EULER, SUBTRACT	TWO, SQRT, THREE, SQRT, SQRT, DIVIDE	1.774e-10	4	32.0	9.8	True	(3*Sqrt[3]*(1 - PolyGamma[1, 2/3]/9 + PolyGamma[1, 4/3]/9))/4
736	h_3, a constant related to certain evaluations of the gamma function from elliptic integrals	special	64	not found	12	x, SQR, THREE, POWER, LOG, SQR	EULER, NINE, PLUS, EULER, EXP, DIVIDE	1.321e-10	0	31.6	9.9	True	4*EllipticK[4*Sqrt[3]-7]/(Sqrt[2+Sqrt[3]]*Pi)
737	2*Pi^3/(81*sqrt(3)) + 13*zeta(3)/27	special	64	not found	12	GOLDENRATIO, TWO, DIVIDE, SQR, x, POWER	PI, EULER, DIVIDE, SIX, INV, PLUS	3.222e-11	0	33.1	10.5	True	2Pi^3/(81Sqrt[3])+13Zeta[3]/27
738	an Ising constant related to the hexagonal lattice	none	64	not found	12	x, SQR, PI, FOUR, TIMES, POWER	TWO, PI, EXP, DIVIDE, EULER, PLUS	5.257e-12	0	31.9	11.3	True	
739	6*arcsec(sqrt(3))/Pi^(3/2), an extreme value constant	special	64	not found	11	EULER, EXP, x, POWER, SEVEN, DIVIDE	SEVEN, LOG, INV, FOUR, PLUS	1.355e-10	10	31.0	9.9	True	6*ArcSec[Sqrt[3]]/Pi^(3/2)
740	e^pi/pi^e	elementary	64	exact	7	x	EULER, PI, POWER, PI, EXP, DIVIDE	2.155e-16	104	2.1	64.0	True	E^Pi/Pi^E
741	continued fraction constant (base 10)	elementary	64	exact	12	x, ONE, NINE, PLUS, POWER, LOG	EIGHT, SQR, LOG, PI, SQR, DIVIDE	0.000e+00	5	31.1	63.6	True	Pi^2/(6Log[2]Log[10])
742	generalized Glaisher-Kinkelin constant A(2)	special	64	not found	12	PI, LOG, GOLDENRATIO, SUBTRACT, x, POWER	EULER, FIVE, POWER, INV, PI, POWER	3.174e-11	4	32.9	10.5	True	Exp[Zeta[3]/(4*Pi^2)]
743	generalized hypergeometric function 3F2(1/2,1/2,1/2; 3/2,3/2; x) at x=1/2	special	64	not found	12	NINE, x, INV, x, POWER, POWER	PI, GOLDENRATIO, POWER, SQRT, LOG, INV	1.680e-11	0	34.7	10.8	True	(Pi*Log[2]/4 + Catalan)/Sqrt[2]
744	Hadamard-de la Vallee-Poussin constant	special	64	not found	12	x, SIX, POWER, PI, SQRT, DIVIDE	SIX, SEVEN, DIVIDE, SQRT, LOG, SQRT	1.012e-10	4	34.8	10.0	True	EulerGamma + Sum[(-1 + Prime[\[FormalK]])^(-1) + Log[1 - Prime[\[FormalK]]^(-1)], {\[FormalK], 1, Infinity}]
745	secant of 15 degrees (cosecant of 75 degrees)	algebraic	64	exact	6	TWO, SQRT, x, PLUS	SIX, SQRT	0.000e+00	173	0.2	63.6	True	Sec[15 Degree]
746	zeta(5)	special	64	not found	12	x, FIVE, FIVE, POWER, LOG, POWER	NINE, FIVE, DIVIDE, SQR, NINE, SUBTRACT	3.826e-12	8	36.1	11.4	True	Zeta[5]
747	Landau-Kolmogorov constant C(3,1) for derivatives in the case L_infinity(-infinity, infinity)	none	64	exact	6	THREE, x, POWER	EIGHT, NINE, DIVIDE	0.000e+00	233	0.2	64.0	True	
748	log10(11)	elementary	64	exact	8	x, ONE, NINE, PLUS, POWER	TWO, NINE, PLUS	0.000e+00	55	35.2	63.5	True	Log[10, 11]
749	sec(phi), a constant related to the "broadworm" (or "caliper") problem	none	64	not found	12	x, LOG, LOG, x, SUBTRACT, SQR	FIVE, LOG, FOUR, PLUS, PI, TIMES	1.210e-10	8	34.7	9.9	True	
750	Landau-Kolmogorov constant C(5,1) for derivatives in the case L_infinity(infinity, infinity)	none	64	exact	10	FIVE, x, POWER, SIX, TIMES	NINE, FOUR, FIVE, DIVIDE, POWER	0.000e+00	17	36.0	63.7	True	
751	li(2) = gamma + log(log(2)) + Sum_{k>=1} log(2)^k / ( k*k! )	special	64	not found	12	EIGHT, SEVEN, x, POWER, SQR, SUBTRACT	PI, SQRT, FIVE, TIMES, EULER, SUBTRACT	1.277e-10	0	35.7	9.9	True	LogIntegral[2]
752	third pi	elementary	64	exact	4	x	THREE, PI, DIVIDE	2.120e-16	22	0.0	64.0	True	Pi/3
753	asymptotic constant in Goebel's sequence A003504	none	64	not found	11	x, EXP, PI, SUBTRACT, FIVE, TIMES	SEVEN, GOLDENRATIO, DIVIDE, FIVE, POWER	4.015e-11	0	35.1	10.4	True	
754	Sum_{i>=0} 1/(2*i+1)^3	special	64	not found	12	x, PI, POWER, x, SQR, SUBTRACT	THREE, SEVEN, PI, INV, SUBTRACT, DIVIDE	9.587e-11	4	35.6	10.0	True	7 Zeta[3]/8
755	192*K^2*G/Pi^4 = Product_{p prime congruent to 1 modulo 4} (1 + 1/p^2), where K is the Landau-Ramanujan constant and G C	none	64	not found	11	x, EIGHT, LOG, POWER, NINE, POWER	SEVEN, GOLDENRATIO, POWER, FOUR, TIMES	2.092e-10	0	35.3	9.7	True	
756	1/2+2/sqrt(13), a constant related to the asymptotic evaluation of the number of self-avoiding rook paths joining opposi	algebraic	64	exact	10	x, x, SQR, SUBTRACT	SEVEN, SQR, THREE, PLUS, THREE, DIVIDE	0.000e+00	99	34.6	63.5	True	1/2 + 2/Sqrt[13]
757	an infinite product involving the ratio of n! to its Stirling approximation	special	64	not found	12	SEVEN, PI, DIVIDE, EXP, x, PLUS	GOLDENRATIO, INV, EXP, TWO, SQRT, TIMES	1.671e-10	0	35.1	9.8	True	Glaisher^3/(2^(7/12)*Pi^(1/4))
758	Twelfth root of 2	algebraic	64	exact	5	SIX, x, POWER	TWO, SQRT	0.000e+00	69	0.1	63.4	True	2^(1/12)
759	(3/4)*sqrt(2)	algebraic	64	exact	5	x	EIGHT, NINE, DIVIDE, SQRT	0.000e+00	256	0.1	63.3	True	3 Sqrt[2]/4
760	I, a constant appearing (as I^2) in the asymptotic variance of the area of the convex hull of random points in the unit 	special	64	not found	12	PI, SQRT, SEVEN, SUBTRACT, x, POWER	NINE, LOG, LOG, PI, PLUS, LOG	6.456e-12	4	35.6	11.2	True	Sqrt[2]*Pi^2/Gamma[1/4]^2
761	(8*G - Pi*log(2 + sqrt(3)))/3, where G = A006752	special	64	not found	12	FOUR, EULER, x, POWER, SUBTRACT, EXP	TWO, FOUR, EXP, SUBTRACT, PI, DIVIDE	6.794e-11	4	36.0	10.2	True	(8Catalan-Pi Log[2+Sqrt[3]])/3
762	(gamma + log(16))/Pi	special	64	not found	12	SEVEN, PI, EXP, SUBTRACT, x, POWER	THREE, TWO, SQRT, DIVIDE, NINE, POWER	1.081e-11	0	34.4	11.0	True	(EulerGamma + Log[16])/Pi
763	m_3, the expected number of returns to the origin in a three-dimensional random walk restricted to the region x >= y >= 	none	64	not found	12	x, SQR, SQR, SIX, LOG, DIVIDE	THREE, EIGHT, SQRT, PI, DIVIDE, POWER	2.659e-10	0	35.2	9.6	True	
764	Sum_{k >= 0} 1/(4*k+1)^2	special	64	not found	11	SEVEN, x, SQR, POWER, EULER, TIMES	EIGHT, LOG, SQR, PI, PLUS	1.530e-11	0	34.8	10.8	True	Catalan/2 + Pi^2/16
765	expected number of returns to the origin of a random walk on an 8-d lattice	none	64	not found	12	SEVEN, TWO, DIVIDE, x, SUBTRACT, SQR	SIX, PI, SQRT, TWO, PLUS, DIVIDE	2.485e-11	0	34.3	10.6	True	
766	beta = 1.07869..., the best constant in Friedrichs' inequality in one dimension	none	64	not found	12	PI, x, PI, DIVIDE, EXP, SUBTRACT	EIGHT, LOG, GOLDENRATIO, SIX, DIVIDE, POWER	6.374e-11	0	35.3	10.2	True	
767	Landau-Kolmogorov constant C(4,1) for derivatives in the case L_infinity(infinity, infinity)	none	64	exact	10	FOUR, x, POWER, THREE, TIMES	THREE, FIVE, EIGHT, DIVIDE, POWER	0.000e+00	130	34.8	63.4	True	
768	c = twice the maximum of Dawson's integral, a constant used in the asymptotic evaluation of the ideal hyperbolic n-cube 	none	64	not found	11	EULER, x, POWER, x, EXP, TIMES	PI, GOLDENRATIO, DIVIDE, PI, PLUS	6.511e-12	0	35.4	11.2	True	
769	zeta(4) = pi^4/90	elementary	64	exact	9	x, PI, SQR, SQR, DIVIDE	NINE, SQR, NINE, PLUS	0.000e+00	425	34.6	63.4	True	Pi^4/90
770	6*exp(gamma)/Pi^2	special	64	not found	12	x, LOG, GOLDENRATIO, DIVIDE, THREE, PLUS	PI, FOUR, POWER, SEVEN, TIMES, SQRT	4.198e-11	4	35.3	10.4	True	6*Exp[EulerGamma]/Pi^2
771	Feller α coin-tossing constant	algebraic	64	not found	12	FIVE, EIGHT, POWER, SQRT, x, TIMES	TWO, SQRT, EULER, SEVEN, POWER, SUBTRACT	1.270e-10	0	35.1	9.9	True	(2*(-1 - 2/(17 + 3*Sqrt[33])^(1/3) + (17 + 3*Sqrt[33])^(1/3)))/3
772	1/Gamma(7/4)	special	64	not found	12	x, INV, x, NINE, SUBTRACT, POWER	SIX, INV, FIVE, POWER, EIGHT, SUBTRACT	1.978e-10	4	35.6	9.7	True	1/Gamma[7/4]
773	Pi*log(2)/2	elementary	64	exact	6	x	PI, TWO, POWER, SQRT, LOG	0.000e+00	817	0.3	63.4	True	Pi*Log[2]/2
775	1/2+G/Pi, the highest limiting crest of a square wave Fourier series, where G is the Gibbs-Wilbraham constant	none	64	not found	12	EIGHT, x, POWER, x, PLUS, SQR	FIVE, PI, DIVIDE, GOLDENRATIO, PLUS, EXP	1.045e-10	4	35.2	10.0	True	
776	expected number of returns to the origin of a random walk on a 7-d lattice	none	64	not found	12	FIVE, x, INV, TWO, SUBTRACT, POWER	FOUR, LOG, INV, THREE, SUBTRACT, SQRT	1.858e-12	8	35.5	11.7	True	
777	Gamma(1/4)^4/(16*Pi^2)	special	64	not found	12	x, TWO, EXP, SEVEN, PLUS, POWER	ONE, PI, SUBTRACT, EXP, SQRT, EXP	1.521e-11	4	34.9	10.8	True	Gamma[1/4]^4/(16Pi^2)
778	square root of 6/5	none	64	exact	5	x	FIVE, SIX, DIVIDE, SQRT	0.000e+00	204	0.0	63.4	True	
779	a 5-dimensional analog of DeVicci's tesseract constant	algebraic	64	exact	6	THREE, SQRT, x, PLUS	EIGHT, SQRT	0.000e+00	91	0.2	63.4	True	Sqrt[11-4*Sqrt[6]]
781	ln(3)	elementary	64	exact	3	x	THREE, LOG	0.000e+00	6	0.0	63.5	True	Log[3]
782	Paris constant	special	64	not found	12	PI, GOLDENRATIO, PLUS, x, INV, POWER	TWO, TWO, SEVEN, TIMES, LOG, SUBTRACT	8.469e-11	0	35.6	10.1	True	ConditionalExpression[Extension`ParisConstant == Limit[(2*GoldenRatio)^\[FormalN]*(GoldenRatio - Subscript[\[FormalCapitalF], \[FormalN]]), \[FormalN] -> Infinity]/2, Subscript[\[FormalCapitalF], 1] == 1 && Subscript[\[FormalCapitalF], \[FormalN]] == Sqrt[1 + Subscript[\[FormalCapitalF], -1 + \[FormalN]]]]
783	Lengyel constant	special	64	not found	12	x, SQR, PI, SQRT, LOG, DIVIDE	EULER, INV, NINE, POWER, EULER, SUBTRACT	1.536e-10	10	34.8	9.8	True	ConditionalExpression[Extension`LengyelConstant == Limit[(2^\[FormalN]*\[FormalN]^(1 + Log[2]/3)*Subscript[\[FormalC], \[FormalN]]*Log[2]^\[FormalN])/\[FormalN]!^2, \[FormalN] -> Infinity], Subscript[\[FormalC], 1] == 1 && Subscript[\[FormalC], \[FormalN]] == Sum[StirlingS2[\[FormalN], \[FormalK]]*Subscript[\[FormalC], \[FormalK]], {\[FormalK], 1, -1 + \[FormalN]}]]
784	log 4π	elementary	64	exact	8	x, ONE, NINE, PLUS, POWER	PI, FOUR, TIMES	0.000e+00	46	34.9	63.8	True	Log10[4*Pi]
785	9*Sum_{k>=1} 1/(10^k-1)	none	64	not found	12	SEVEN, x, POWER, PI, SQR, DIVIDE	FOUR, THREE, PI, EXP, SUBTRACT, DIVIDE	1.831e-10	4	35.5	9.7	True	
786	1/Gamma(5/4)	special	64	not found	12	EULER, SIX, DIVIDE, SQR, x, POWER	GOLDENRATIO, EULER, EXP, SUBTRACT, LOG, SQRT	4.638e-11	9	34.7	10.3	True	1/Gamma[5/4]
788	sqrt(8/Pi)*log(2), a constant related to the asymptotic evaluation of the minimum number of one-dimensional random walks	elementary	64	exact	8	x, EXP	PI, TWO, DIVIDE, SQRT, FOUR, POWER	0.000e+00	1847	34.8	64.0	True	Sqrt[8/Pi]*Log[2]
790	1/Gamma(5/3)	special	64	not found	12	x, EIGHT, DIVIDE, THREE, SUBTRACT, SQR	THREE, INV, GOLDENRATIO, SIX, POWER, SUBTRACT	1.683e-10	4	35.4	9.8	True	1/Gamma[5/3]
791	Pi/(2*sqrt(2))	none	64	exact	5	x	EIGHT, SQRT, PI, DIVIDE	0.000e+00	199	0.1	63.6	True	
792	4*L/(3*Pi), a constant related to the asymptotic evaluation of the number of primes of the form a^2+b^4, where L is Gaus	none	64	not found	12	THREE, SQRT, PI, x, POWER, DIVIDE	FOUR, SEVEN, LOG, SQR, SUBTRACT, EXP	9.666e-11	6	34.7	10.0	True	
793	log10(13)	elementary	64	exact	8	x, ONE, NINE, PLUS, POWER	FOUR, NINE, PLUS	0.000e+00	39	34.1	64.0	True	Log[10, 13]
794	positive real root of 3*x^4 - x^3 - x^2 - 2, a constant related to quasi-isometric mappings	none	64	not found	12	EIGHT, LOG, INV, SQR, x, DIVIDE	PI, GOLDENRATIO, PLUS, SQRT, SEVEN, SUBTRACT	2.637e-11	1	35.3	10.6	True	
795	Landau-Kolmogorov constant C(5,2) for derivatives in the case L_infinity(infinity, infinity)	none	64	exact	10	THREE, FIVE, x, POWER, DIVIDE	THREE, SIX, FIVE, DIVIDE, POWER	0.000e+00	165	35.0	63.5	True	
796	expected number of returns to the origin of a random walk on a 6-d lattice	none	64	not found	12	x, INV, EIGHT, SUBTRACT, x, POWER	SEVEN, SQRT, ONE, PLUS, EIGHT, DIVIDE	3.864e-11	6	34.7	10.4	True	
797	Goh-Schmutz constant	special	64	not found	12	GOLDENRATIO, x, POWER, EXP, TWO, POWER	FIVE, EXP, FIVE, SUBTRACT, SQR, LOG	3.721e-11	4	35.9	10.4	True	-Sum[(E^\[FormalK]*ExpIntegralEi[-\[FormalK]])/\[FormalK], {\[FormalK], 1, Infinity}]
798	Steinitz constant of the Euclidean plane	algebraic	64	exact	5	x	FOUR, FIVE, DIVIDE, SQRT	0.000e+00	274	0.1	63.6	True	Sqrt[5]/2
799	Landau-Kolmogorov constant C(5,3) for derivatives in the case L_infinity(infinity, infinity)	none	64	exact	10	FIVE, x, POWER, TWO, TIMES	EIGHT, INV, TWO, SUBTRACT, SQR	0.000e+00	151	34.3	63.9	True	
800	1/Gamma(4/3)	special	64	not found	12	x, PI, POWER, x, INV, POWER	SIX, GOLDENRATIO, SQRT, EULER, PLUS, DIVIDE	3.714e-11	4	34.8	10.4	True	1/Gamma[4/3]
801	2*exp(-gamma)	special	64	not found	12	GOLDENRATIO, EULER, SQR, x, POWER, POWER	NINE, EXP, EIGHT, DIVIDE, FOUR, SUBTRACT	1.333e-10	9	35.3	9.9	True	2*Exp[-EulerGamma]
802	zeta(7/2)	special	64	not found	12	x, SIX, LOG, DIVIDE, PI, PLUS	PI, SIX, SUBTRACT, SQRT, EIGHT, DIVIDE	3.369e-11	8	36.1	10.5	True	Zeta[7/2]
803	2/sqrt(pi)	elementary	64	exact	5	x	PI, FOUR, DIVIDE, SQRT	0.000e+00	244	0.1	63.4	True	2/Sqrt[Pi]
805	a coefficient associated with the asymptotics of the average distance between a vertex and the root of a random rooted t	none	64	not found	12	x, LOG, SQR, SEVEN, TIMES, EXP	GOLDENRATIO, TWO, POWER, LOG, SQRT, SQR	1.827e-10	8	34.5	9.7	True	
806	digital search tree β constant	special	64	not found	12	EIGHT, x, NINE, POWER, DIVIDE, SQR	NINE, EIGHT, SQRT, DIVIDE, TWO, PLUS	3.051e-11	8	35.1	10.5	True	-1 + (Log[2]*QPolyGamma[0, 1, 1/2] + QPolyGamma[1, 1, 1/2])/Log[2]^2
807	extreme value skewness	special	64	not found	12	NINE, x, POWER, GOLDENRATIO, POWER, SQRT	EULER, THREE, EIGHT, TIMES, SQRT, SUBTRACT	2.634e-11	0	35.5	10.6	True	12*Sqrt[6]*Zeta[3]/Pi^3
808	a function approximation constant which is the analog of Gibbs's constant 2*G/Pi (A036793) for de la Vallée-Poussin sums	none	64	not found	12	x, SQRT, PI, GOLDENRATIO, POWER, POWER	THREE, INV, FIVE, SQR, PLUS, SQRT	1.153e-10	8	35.3	9.9	True	
809	ln(pi)	elementary	64	exact	3	x	PI, LOG	0.000e+00	4	0.0	63.4	True	Log[Pi]
810	1/sqrt(tanh(1))	elementary	64	exact	10	x, SQR, ONE, SUBTRACT	EULER, SQR, ONE, SUBTRACT, TWO, DIVIDE	0.000e+00	148	34.9	63.5	True	1/Sqrt[Tanh[1]]
811	Goldbach-Vinogradov constant	special	64	not found	12	x, FIVE, DIVIDE, GOLDENRATIO, SUBTRACT, SQR	SIX, LOG, PI, DIVIDE, PI, POWER	1.495e-10	4	36.2	9.8	True	Product[1 + (-1 + Prime[\[FormalK]])^(-3), {\[FormalK], 1, Infinity}]/2
812	Pi^2/(16*K^2*G) = Product_{p prime congruent to 3 modulo 4} (1 + 1/p^2), where K is the Landau-Ramanujan constant and G 	none	64	not found	12	x, SIX, SQRT, EULER, DIVIDE, SUBTRACT	THREE, TWO, EULER, SQRT, SUBTRACT, POWER	8.966e-11	10	34.4	10.0	True	
813	Second Hermite constant	algebraic	64	exact	5	x	THREE, FOUR, DIVIDE, SQRT	0.000e+00	352	0.0	64.0	True	2/Sqrt[3]
814	expected number of returns to the origin of a random walk on a 5-d lattice	none	64	not found	12	THREE, x, INV, SIX, POWER, SUBTRACT	PI, PI, PLUS, LOG, PI, DIVIDE	1.615e-11	8	35.5	10.8	True	
815	cubic recurrence constant	special	64	not found	12	FIVE, x, POWER, EXP, EIGHT, PLUS	GOLDENRATIO, SQR, EXP, NINE, LOG, PLUS	6.752e-11	8	35.2	10.2	True	Product[\[FormalK]^3^(-\[FormalK]), {\[FormalK], 1, Infinity}]
816	'xiHat', a constant used in the asymptotic evaluation of e.g.f. coefficients for the number of labeled mobiles	none	64	exact	9	x, EULER, TIMES, x, LOG, SUBTRACT	FOUR, ONE, SUBTRACT	0.000e+00	43	35.2	63.4	True	
817	grazing goat constant	special	64	not found	12	EIGHT, GOLDENRATIO, x, POWER, POWER, LOG	PI, TWO, DIVIDE, THREE, PLUS, SQRT	8.529e-11	5	34.5	10.1	True	Root[{Pi - 2*ArcCos[1 - #1^2/2] - 2*ArcCos[#1/2]*#1^2 + #1*Sqrt[4 - #1^2] & , 1.158728473018121517828233509934`30.063981678858028}]
818	Given the two curves y = exp(-x) and y = 2/(exp(x) + exp(x/2)), draw a line tangent to both. This sequence is the decima	none	64	not found	12	NINE, INV, EIGHT, PLUS, x, TIMES	GOLDENRATIO, THREE, SQRT, FOUR, POWER, SUBTRACT	5.584e-12	1	35.5	11.3	True	
819	expectation of the maximum of a size 5 sample from a normal (0,1) distribution	special	64	not found	12	x, SQRT, SQR, x, SUBTRACT, SQRT	NINE, THREE, INV, SUBTRACT, EIGHT, POWER	4.582e-15	12	36.7	nan	False	5/Sqrt[Pi] - 15*ArcCsc[Sqrt[3]]/Pi^(3/2)
820	'c', an optimal stopping constant associated with the two choice case	none	64	not found	12	GOLDENRATIO, x, POWER, FOUR, SUBTRACT, LOG	PI, SQR, EXP, INV, EIGHT, POWER	1.655e-10	0	35.3	9.8	True	
821	spanning tree constant of the square lattice	special	64	not found	12	x, LOG, FIVE, SUBTRACT, x, POWER	EIGHT, THREE, DIVIDE, THREE, SQRT, PLUS	8.318e-11	13	35.8	10.1	True	4*Catalan/Pi
822	(5 + 3*sqrt(5))/10	algebraic	64	exact	6	x	FIVE, SQRT, GOLDENRATIO, SQR, DIVIDE	0.000e+00	603	0.2	63.5	True	(5 + 3 Sqrt[5])/10
823	sinh one	elementary	64	exact	7	x	TWO, EULER, INV, EULER, SUBTRACT, DIVIDE	0.000e+00	545	2.3	64.0	True	Sinh[1]
824	Salem constant	algebraic	64	not found	11	x, PI, SQRT, SEVEN, SUBTRACT, POWER	PI, SEVEN, EXP, SUBTRACT, LOG	1.551e-11	8	35.2	10.8	True	Root[1 + #1 - #1^3 - #1^4 - #1^5 - #1^6 - #1^7 + #1^9 + #1^10 & , 2, 0]
825	root ln four	elementary	64	exact	4	x	FOUR, LOG, SQRT	0.000e+00	18	0.0	63.4	True	Sqrt[Log[4]]
826	Gibbs constant	special	64	not found	12	x, SQR, EIGHT, POWER, GOLDENRATIO, DIVIDE	EULER, FOUR, EULER, SQRT, DIVIDE, POWER	1.121e-11	4	35.1	11.0	True	(2*SinIntegral[Pi])/Pi
827	Lévy's constant	elementary	64	exact	8	x, FOUR, TIMES	EIGHT, LOG, PI, SQR, DIVIDE	0.000e+00	3947	36.6	63.5	True	Pi^2/(12*Log[2])
828	Foias constant	none	64	not found	12	x, LOG, INV, SIX, INV, PLUS	SIX, LOG, SQR, FIVE, SUBTRACT, EXP	4.136e-11	8	36.2	10.4	True	
829	2^(1/4)	algebraic	64	exact	4	x	TWO, SQRT, SQRT	0.000e+00	21	0.0	63.6	True	2^(1/4)
830	theta_2, one of the angles associated with the bow-and-arrow configuration used in the 2-arc smallest length problem	none	64	not found	12	x, TWO, TIMES, SQR, ONE, PLUS	PI, SQRT, GOLDENRATIO, DIVIDE, EIGHT, POWER	2.536e-11	4	34.5	10.6	True	
831	arithmetic-geometric mean constant	special	64	not found	12	THREE, ONE, x, SUBTRACT, INV, SUBTRACT	GOLDENRATIO, INV, TWO, POWER, PI, DIVIDE	1.325e-11	14	35.2	10.9	True	(2*Pi^(3/2)*Sqrt[2])/Gamma[1/4]^2
832	real fixed point of coth(z)	special	64	not found	12	SEVEN, x, POWER, TWO, SQRT, TIMES	GOLDENRATIO, SQRT, LOG, SQR, FIVE, PLUS	3.819e-11	4	35.3	10.4	True	Root[{-Coth[#1] + #1 & , 1.199678640257733833916369848641`30.079064926502777}]
833	lim_{n->infinity} ((1/log(n)^2)*Product_{2 < p < n, p prime} p/(p-2))	none	64	not found	12	x, PI, NINE, PLUS, LOG, DIVIDE	PI, SQRT, SIX, SUBTRACT, LOG, SQR	2.026e-11	4	34.5	10.7	True	
834	sqrt(e^(1/e)) = 1.20194336847031	elementary	64	exact	5	x	EULER, INV, EXP, SQRT	0.000e+00	183	0.1	63.9	True	E^(E^-1/2)
835	Apéry's constant	special	64	not found	12	EULER, SQRT, x, PLUS, SIX, POWER	NINE, FIVE, SQRT, FOUR, SUBTRACT, POWER	3.794e-11	1	35.3	10.4	True	Zeta[3]
836	growth constant in random Fibonacci sequence	algebraic	64	exact	7	FIVE, x, POWER, x, SQR, PLUS	FOUR	0.000e+00	16	34.9	63.4	True	Root[#1^3 + #1^2 - #1 - 2 &, 1]
837	sqrt(A224273)	special	64	not found	12	GOLDENRATIO, SQR, x, LOG, INV, SUBTRACT	PI, SQR, LOG, EULER, INV, PLUS	1.922e-10	8	34.7	9.7	True	Sqrt[3] Gamma[1/3]^(3/2)/(2 Pi)
838	2/sqrt(e), a constant appearing in the expression of the asymptotic expected volume V(d) of the convex hull of randomly 	elementary	64	exact	5	x	EULER, FOUR, DIVIDE, SQRT	0.000e+00	234	0.1	63.4	True	2/Sqrt[E]
839	12/Pi^2	elementary	64	exact	7	x	TWO, PI, DIVIDE, SQR, THREE, DIVIDE	0.000e+00	2589	2.4	63.7	True	12/Pi^2
840	positive real root of x^4 - x - 1	algebraic	64	exact	6	x, FOUR, x, POWER, SUBTRACT	ONE	0.000e+00	94	2.2	64.0	True	Root[#1^4 - #1 - 1 &, 2]
841	Mertens constant C(5,1)	none	64	not found	11	SEVEN, x, POWER, SIX, SUBTRACT	EULER, SQRT, EIGHT, DIVIDE, NINE, DIVIDE	4.294e-11	8	35.0	10.4	True	
842	Gamma(3/4)	special	64	not found	12	x, THREE, POWER, x, PLUS, LOG	FOUR, SQR, SQR, LOG, NINE, DIVIDE	2.112e-11	4	35.5	10.7	True	Gamma[3/4]
843	Fibonacci factorial constant	special	64	not found	12	FIVE, x, SQR, POWER, x, POWER	EULER, GOLDENRATIO, SUBTRACT, TWO, TIMES, SQR	1.696e-13	4	35.0	12.8	True	QPochhammer[-GoldenRatio^(-2)]
844	log10(17)	elementary	64	exact	8	x, ONE, NINE, PLUS, POWER	EIGHT, NINE, PLUS	0.000e+00	33	35.0	63.6	True	Log[10, 17]
845	Second Favard constant	elementary	64	exact	5	x	EIGHT, PI, SQR, DIVIDE	0.000e+00	211	0.1	64.0	True	Pi^2/8
846	Feller β coin-tossing constant	algebraic	64	not found	12	PI, x, SQR, DIVIDE, THREE, POWER	PI, SQRT, SQRT, LOG, SQRT, EXP	1.638e-12	8	35.6	11.8	True	(2 + 4*(17 + 3*Sqrt[33])^(1/3) - (17 + 3*Sqrt[33])^(2/3))/(6 + 9*(17 + 3*Sqrt[33])^(1/3) - 3*(17 + 3*Sqrt[33])^(2/3))
847	expected number of returns to the origin of a random walk on a 4-d lattice	none	64	not found	12	THREE, INV, SIX, PLUS, x, POWER	FIVE, INV, EXP, SQRT, FIVE, SUBTRACT	8.020e-11	4	35.1	10.1	True	
848	Bertrand's constant	none	46	not found	12	ONE, x, SUBTRACT, LOG, GOLDENRATIO, PLUS	THREE, PI, POWER, EULER, SQR, DIVIDE	1.901e-11	4	34.5	10.7	True	
849	root half pi	elementary	64	exact	5	x, SQR	TWO, PI, DIVIDE	0.000e+00	199	0.1	63.9	True	Sqrt[Pi/2]
850	Khinchin-Lévy sum constant	special	64	not found	12	x, SQR, x, POWER, EXP, SQR	NINE, GOLDENRATIO, POWER, SQRT, NINE, PLUS	4.124e-12	0	35.3	11.4	True	Sum[Log[1 + \[FormalK]]/(\[FormalK]*(1 + \[FormalK])), {\[FormalK], 1, Infinity}]
851	Cube root of 2	algebraic	64	exact	4	THREE, x, POWER	TWO	0.000e+00	219	0.1	63.9	True	2^(1/3)
852	limiting length appearing in the asymptotic probability involved in the "stick breaking" problem	none	64	exact	6	x, SQR, LOG, x, DIVIDE	EULER	0.000e+00	146	2.3	64.0	True	
853	c*sqrt(e/2), a constant associated with Dawson's integral and the asymptotic evaluation of the ideal hyperbolic n-cube v	none	64	not found	12	EULER, INV, NINE, POWER, x, POWER	TWO, SQRT, GOLDENRATIO, FOUR, SUBTRACT, DIVIDE	1.541e-10	4	34.5	9.8	True	
854	fractal dimension of Koch snowflake	elementary	64	exact	4	x, THREE, POWER	FOUR	0.000e+00	76	0.0	63.6	True	Log[4]/Log[3]
855	Vardi constant	special	64	not found	12	GOLDENRATIO, x, EXP, SIX, SUBTRACT, POWER	EULER, THREE, LOG, POWER, THREE, PLUS	3.847e-11	4	43.1	10.4	True	ConditionalExpression[Extension`VardiConstant == (Exp[Sum[2^(-1 - \[FormalK])*Log[1 + (-1 + 2*Subscript[\[FormalA], \[FormalK]])^(-2)], {\[FormalK], 1, Infinity}]]*Sqrt[6])/2, Subscript[\[FormalA], 0] == 2 && Subscript[\[FormalA], \[FormalN]] == 1 - Subscript[\[FormalA], -1 + \[FormalN]] + Subscript[\[FormalA], -1 + \[FormalN]]^2]
856	expectation of the maximum of a size 6 sample from a normal (0,1) distribution	none	64	not found	12	x, x, SQR, NINE, POWER, DIVIDE	NINE, GOLDENRATIO, LOG, INV, SQRT, POWER	6.995e-11	8	38.5	10.2	True	
857	constant c_0 appearing in the asymptotic evaluation of the n-th Lebesgue constant (related to Fourier series) as L_n ~ (	none	64	not found	12	EULER, SQR, x, GOLDENRATIO, DIVIDE, POWER	EIGHT, SQR, GOLDENRATIO, DIVIDE, SIX, SUBTRACT	3.338e-11	8	35.3	10.5	True	
858	Ramanujan-Forsyth series constant	elementary	64	exact	4	x	PI, FOUR, DIVIDE	0.000e+00	31	0.0	63.4	True	4/Pi
859	log10(19)	elementary	64	exact	9	x, ONE, NINE, PLUS, POWER	FOUR, SQR, THREE, PLUS	0.000e+00	27	34.4	63.6	True	Log[10, 19]
860	Glaisher-Kinkelin constant	special	64	not found	12	x, EXP, SIX, PLUS, x, POWER	FIVE, PI, DIVIDE, FOUR, POWER, EXP	1.902e-11	0	37.3	10.7	True	Glaisher
861	theta_1, one of the angles associated with the bow-and-arrow configuration used in the 2-arc smallest length problem	none	64	not found	12	EIGHT, x, SIX, POWER, SUBTRACT, INV	THREE, EULER, GOLDENRATIO, TIMES, LOG, DIVIDE	3.957e-11	0	35.0	10.4	True	
862	ln(Gamma(1/4))	special	64	not found	12	x, x, POWER, SQR, PI, SUBTRACT	EULER, PI, DIVIDE, LOG, FOUR, POWER	7.764e-12	8	34.8	11.1	True	LogGamma[1/4]
863	integral of the q-Pochhammer symbol over -1..1	elementary	64	not found	12	x, SQR, FIVE, x, PLUS, DIVIDE	PI, FIVE, DIVIDE, NINE, LOG, PLUS	5.278e-11	8	36.4	10.3	True	4*Sqrt[3/23]*Pi*(2*Sinh[Sqrt[23]*Pi/6] + Sqrt[2]*Sinh[Sqrt[23]*Pi/4])/(2*Cosh[Sqrt[23]*Pi/3] - 1)
864	second Bernoulli sophomore dream constant	special	64	not found	12	SIX, EULER, DIVIDE, SQRT, x, POWER	FOUR, FIVE, LOG, PI, PLUS, DIVIDE	3.005e-11	0	35.2	10.5	True	Sum[\[FormalK]^(-\[FormalK]), {\[FormalK], 1, Infinity}]
865	(4/sqrt(Pi))*exp(-gamma/2)*K where K is the Landau-Ramanujan constant and gamma the Euler-Mascheroni constant	none	64	not found	12	x, SIX, DIVIDE, FIVE, LOG, POWER	SIX, TWO, LOG, POWER, NINE, PLUS	7.896e-11	5	35.1	10.1	True	
866	Salem number of degree 38 (Mossinghoff)	algebraic	64	not found	12	ONE, x, SUBTRACT, LOG, SQR, EXP	TWO, SEVEN, DIVIDE, LOG, PI, PLUS	5.167e-11	9	35.7	10.3	True	Root[#1^38 - #1^36 - #1^34 - #1^29 + #1^28 - #1^24 - #1^14 + #1^10 - #1^9 - #1^4 - #1^2 + 1 &, 4]
868	Mertens constant C(5,4)	none	64	not found	12	FOUR, INV, x, SUBTRACT, LOG, INV	TWO, SIX, LOG, EIGHT, POWER, DIVIDE	2.519e-10	4	36.0	9.6	True	
871	Conway's constant	algebraic	64	not found	12	EIGHT, SQRT, x, POWER, FOUR, POWER	PI, LOG, EIGHT, POWER, EIGHT, PLUS	3.263e-11	4	34.7	10.5	True	Root[-6 + 3*#1 - 6*#1^2 + 12*#1^3 - 4*#1^4 + 7*#1^5 - 7*#1^6 + #1^7 + 5*#1^9 - 2*#1^10 - 4*#1^11 - 12*#1^12 + 2*#1^13 + 7*#1^14 + 12*#1^15 - 7*#1^16 - 10*#1^17 - 4*#1^18 + 3*#1^19 + 9*#1^20 - 7*#1^21 - 8*#1^23 + 14*#1^24 - 3*#1^25 + 9*#1^26 + 2*#1^27 - 3*#1^28 - 10*#1^29 - 2*#1^30 - 6*#1^31 + #1^32 + 10*#1^33 - 3*#1^34 + #1^35 + 7*#1^36 - 7*#1^37 + 7*#1^38 - 12*#1^39 - 5*#1^40 + 8*#1^41 + 6*#1^42 + 10*#1^43 - 8*#1^44 - 8*#1^45 - 7*#1^46 - 3*#1^47 + 9*#1^48 + #1^49 + 6*#1^50 + 6*#1^51 - 2*#1^52 - 3*#1^53 - 10*#1^54 - 2*#1^55 + 3*#1^56 + 5*#1^57 + 2*#1^58 - #1^59 - #1^60 - #1^61 - #1^62 - #1^63 + #1^64 + 2*#1^65 + 2*#1^66 - #1^67 - 2*#1^68 - #1^69 + #1^71 & , 3, 0]
872	Mills' constant	special	64	not found	12	SEVEN, GOLDENRATIO, SQR, x, POWER, POWER	SIX, FIVE, SQRT, POWER, NINE, PLUS	2.996e-10	8	34.9	9.5	True	ConditionalExpression[Extension`MillsConstant == \[FormalX], ForAll[\[FormalN], Element[\[FormalN], Integers] && \[FormalN] > 0, Element[Floor[\[FormalX]^3^\[FormalN]], Primes]] && ForAll[Subscript[\[FormalX], 1], Subscript[\[FormalX], 1] < \[FormalX], Exists[\[FormalN], Element[\[FormalN], Integers] && \[FormalN] > 0, NotElement[Floor[Subscript[\[FormalX], 1]^3^\[FormalN]], Primes]]]]
873	first lemniscate constant	special	64	not found	12	x, SQR, x, NINE, SUBTRACT, POWER	PI, SEVEN, DIVIDE, EIGHT, SUBTRACT, SQR	3.619e-11	4	35.2	10.4	True	Gamma[1/4]^2/(4*Sqrt[2*Pi])
874	Khinchin mean K_{-3}	none	64	not found	12	x, EXP, EIGHT, SQRT, SUBTRACT, SQR	PI, SQRT, LOG, FOUR, POWER, LOG	7.241e-11	8	34.8	10.1	True	
875	3^(1/4)	algebraic	64	exact	4	x	THREE, SQRT, SQRT	0.000e+00	20	0.0	63.5	True	3^(1/4)
876	extended twin prime conjecture constant	special	64	not found	12	EULER, SQRT, GOLDENRATIO, TIMES, x, SUBTRACT	GOLDENRATIO, EULER, SQR, TWO, DIVIDE, SUBTRACT	2.034e-12	8	34.9	11.7	True	2*Product[1 - (-1 + Prime[\[FormalK]])^(-2), {\[FormalK], 2, Infinity}]
877	Plastic ratio	algebraic	64	exact	6	x, INV, x, SQR, SUBTRACT	ONE	0.000e+00	45	2.3	63.6	True	(27/2 - (3*Sqrt[69])/2)^(1/3)/3 + ((9 + Sqrt[69])/2)^(1/3)/3^(2/3)
878	pi^(1/4)	elementary	64	exact	4	x	PI, SQRT, SQRT	0.000e+00	20	0.0	64.0	True	Pi^(1/4)
879	constant B3 (or B_3) related to the Mertens constant	none	64	not found	12	PI, FIVE, SQRT, POWER, x, POWER	FIVE, EIGHT, LOG, SIX, POWER, SUBTRACT	2.448e-10	4	35.0	9.6	True	
880	imaginary part of the solution of z = log z	special	64	not found	12	THREE, LOG, SQRT, x, SUBTRACT, SQR	EULER, SQRT, EXP, EULER, SUBTRACT, EXP	6.428e-11	10	34.8	10.2	True	Im[ProductLog[-1]]
881	monomer-dimer constant	special	64	not found	12	x, EXP, x, TIMES, SQR, LOG	GOLDENRATIO, TWO, PLUS, FOUR, LOG, POWER	5.199e-11	7	34.7	10.3	True	E^(Catalan/Pi)
882	totient product constant	special	64	not found	12	x, SQR, TWO, SQRT, SUBTRACT, INV	THREE, SEVEN, GOLDENRATIO, SQR, DIVIDE, SUBTRACT	4.805e-11	6	36.2	10.3	True	Product[1 + 1/((-1 + Prime[\[FormalK]])*Prime[\[FormalK]]^2), {\[FormalK], 1, Infinity}]
883	zeta(5/2)	special	64	not found	12	x, GOLDENRATIO, TIMES, FIVE, SUBTRACT, EXP	PI, INV, SQRT, EXP, FIVE, POWER	1.159e-10	7	36.1	9.9	True	Zeta[5/2]
884	entropy constant related to A063443	none	18	not found	12	PI, INV, x, SUBTRACT, SEVEN, POWER	FIVE, EXP, INV, TWO, SUBTRACT, EXP	3.639e-12	8	34.5	11.4	True	
885	'b', an auxiliary constant associated with the asymptotic probability of success in the full information version of the 	none	64	not found	12	SEVEN, x, DIVIDE, EXP, x, TIMES	EULER, THREE, DIVIDE, FOUR, PLUS, LOG	7.298e-11	10	35.0	10.1	True	
886	Davis constant	special	64	not found	12	GOLDENRATIO, x, SIX, SQRT, POWER, SUBTRACT	SEVEN, SQRT, LOG, TWO, PLUS, SQRT	7.649e-11	4	35.6	10.1	True	Pi^2/(8*Catalan)
887	'xi', a constant related to the second order quadratic recurrence q(0)=q(1)=1, q(n)=q(n-2)*(q(n-1)+1)	none	64	not found	12	x, PI, SQR, FIVE, PLUS, DIVIDE	TWO, SQRT, EXP, SIX, LOG, POWER	8.844e-11	4	34.7	10.1	True	
888	mean number of iterations in comparing two numbers via their continued fractions	none	64	not found	12	FOUR, LOG, x, PLUS, THREE, SUBTRACT	SEVEN, PI, SUBTRACT, TWO, POWER, SQRT	2.176e-11	8	35.5	10.7	True	
889	expectation of the maximum of a size 7 sample from a normal (0,1) distribution	none	64	not found	12	SEVEN, LOG, EIGHT, DIVIDE, x, POWER	GOLDENRATIO, FIVE, SUBTRACT, SQRT, GOLDENRATIO, PLUS	2.005e-12	7	34.6	11.7	True	
890	'c', an asymptotic constant related to a variation of the "Secretary problem" with a uniform distribution	none	64	not found	11	x, SQR, NINE, LOG, POWER	EULER, INV, PI, SUBTRACT, SEVEN, SUBTRACT	9.372e-12	7	36.1	11.0	True	
891	Gamma(2/3)	special	64	not found	12	EULER, EXP, SQRT, SQRT, x, POWER	TWO, SQRT, PI, SUBTRACT, PI, DIVIDE	1.370e-11	11	34.9	10.9	True	Gamma[2/3]
892	golden spiral constant	elementary	64	exact	5	PI, x, POWER	GOLDENRATIO, SQR	0.000e+00	75	0.1	63.7	True	GoldenRatio^(2/Pi)
893	Pippenger product constant	elementary	64	exact	4	x	TWO, EULER, DIVIDE	0.000e+00	30	0.0	64.0	True	E/2
894	log10(23)	elementary	64	exact	9	x, ONE, NINE, PLUS, POWER	FOUR, SQR, SEVEN, PLUS	0.000e+00	31	34.7	63.5	True	Log[10, 23]
895	log e^π	elementary	64	exact	7	x, PI, DIVIDE, EXP	ONE, NINE, PLUS	0.000e+00	286	2.4	64.0	True	Log10[E^Pi]
896	Shallit constant	special	64	not found	12	x, FIVE, SUBTRACT, SEVEN, LOG, TIMES	FIVE, SQR, GOLDENRATIO, DIVIDE, SEVEN, PLUS	2.141e-11	7	34.8	10.7	True	ConditionalExpression[Extension`ShallitConstant == Limit[3*\[FormalN] - Min[Sum[Subscript[\[FormalX], \[FormalK]], {\[FormalK], 1, \[FormalN]}] + Sum[Product[Subscript[\[FormalX], \[FormalJ]]^(-1), {\[FormalJ], \[FormalI], \[FormalK]}], {\[FormalK], 1, \[FormalN]}, {\[FormalI], 1, \[FormalK]}]], \[FormalN] -> Infinity], Element[Subscript[\[FormalX], \[FormalJ]], Reals] && Subscript[\[FormalX], \[FormalJ]] > 0]
897	Hardy-Littlewood conjecture constant	special	64	not found	12	x, THREE, LOG, ONE, PLUS, POWER	FOUR, INV, PI, SUBTRACT, EIGHT, DIVIDE	2.153e-10	10	35.6	9.7	True	Inactive[Product][1 - (-1)^((-1 + Prime[\[FormalK]])/2)/(-1 + Prime[\[FormalK]]), {\[FormalK], 2, Infinity}]
898	sum of 1/(p-1)^2 over all primes p	none	64	not found	12	FIVE, EXP, INV, x, EXP, SUBTRACT	EULER, FIVE, TIMES, TWO, PLUS, SQRT	1.640e-10	7	36.4	9.8	True	
899	Kneser-Mahler β constant	special	64	not found	12	x, EULER, INV, EULER, PLUS, DIVIDE	SIX, LOG, SQRT, EIGHT, PLUS, LOG	9.114e-12	8	35.3	11.0	True	Exp[(9 - PolyGamma[1, 2/3] + PolyGamma[1, 4/3])/(4*Pi*Sqrt[3])]
900	arccosh(8)/2 = ln((3 + sqrt 7)/sqrt 2)	elementary	64	exact	9	x, EXP, SQR	SEVEN, NINE, TIMES, SQRT, EIGHT, PLUS	0.000e+00	276	34.9	63.7	True	ArcCosh[8]/2
901	ln(4)	elementary	64	exact	3	x	FOUR, LOG	0.000e+00	5	0.0	64.0	True	Log[4]
903	Gamma(1/4)^4/(4*Pi^3)	special	64	not found	12	FOUR, x, EULER, TIMES, SUBTRACT, INV	FIVE, PI, EXP, SEVEN, DIVIDE, SUBTRACT	2.700e-11	0	35.3	10.6	True	Gamma[1/4]^4/(4*Pi^3)
904	hard hexagon entropy constant	algebraic	64	not found	12	x, FOUR, PLUS, SQRT, PI, DIVIDE	SEVEN, INV, FIVE, SQRT, SQRT, SUBTRACT	3.277e-11	7	35.4	10.5	True	Root[-32751691810479015985152 + 97143135277377575190528*#1^4 - 73347491183630103871488*#1^6 - 71220809441400405884928*#1^8 + 107155448150443388043264*#1^10 - 72405670285649161617408*#1^12 + 2958015038376958230528*#1^14 + 7449488310131083100160*#1^16 + 797726698866658379776*#1^18 + 2505062311720673792*#1^20 + 2013290651222784*#1^22 + 25937424601*#1^24 &, 2]
905	e^(1/3)	elementary	64	exact	4	x	THREE, INV, EXP	0.000e+00	34	0.0	64.0	True	E^(1/3)
906	unique solution of the equation sum_(p prime)(1/p^x) = 1, a constant related to the asymptotic evaluation of the number 	none	64	not found	12	x, PI, INV, GOLDENRATIO, PLUS, DIVIDE	EULER, EIGHT, TIMES, LOG, INV, EXP	2.316e-10	7	35.6	9.6	True	
907	Myrberg point	none	64	not found	12	x, THREE, SUBTRACT, EXP, x, PLUS	ONE, SIX, SQRT, THREE, TIMES, SUBTRACT	6.282e-11	0	35.2	10.2	True	
908	L = Integral_{t=0..1} 1/(1-2t^2/3) dt, an auxiliary constant associated with one of the integral inequalities studied by	elementary	64	exact	11	SIX, SQRT, x, DIVIDE, EXP	TWO, SQRT, THREE, SQRT, PLUS, SQRT	0.000e+00	10	34.3	63.7	True	Sqrt[3/2]*ArcTanh[Sqrt[2/3]]
909	complex Grothendieck constant upper bound	special	64	not found	12	PI, SEVEN, POWER, SQRT, x, POWER	PI, LOG, LOG, FIVE, DIVIDE, SQR	1.590e-11	0	35.0	10.8	True	(-EllipticE[-1] + 2*EllipticK[-1])^(-1)
910	1 + 1/(1*3) + 1/(1*3*5) + 1/(1*3*5*7) + 	special	64	not found	12	x, EXP, PI, SQR, DIVIDE, SQR	GOLDENRATIO, SQRT, SQRT, EXP, SQRT, EXP	3.706e-11	3	34.8	10.4	True	Sqrt[E*Pi/2] * Erf[1/Sqrt[2]]
911	Pythagoras constant	algebraic	64	exact	3	x	TWO, SQRT	0.000e+00	7	0.0	64.0	True	Sqrt[2]
912	inverse of carefree constant	special	64	not found	12	EIGHT, x, POWER, SEVEN, SUBTRACT, SQR	PI, SQR, NINE, EXP, PLUS, SQRT	9.695e-11	3	34.8	10.0	True	Product[1 + (-1 + Prime[\[FormalK]] + Prime[\[FormalK]]^2)^(-1), {\[FormalK], 1, Infinity}]
913	Sum_{m >= 0, m not a binary self number} 2^(-m)	none	64	not found	12	FIVE, SQRT, x, ONE, SUBTRACT, DIVIDE	FIVE, GOLDENRATIO, POWER, SQRT, PI, SUBTRACT	6.712e-11	15	34.9	10.2	True	
914	expectation of the maximum of a size 8 sample from a normal (0,1) distribution	none	64	not found	12	x, EULER, TIMES, FIVE, PLUS, SQRT	EIGHT, EIGHT, LOG, DIVIDE, EULER, PLUS	3.206e-11	7	36.0	10.5	True	
915	'eta', a constant related to the second order quadratic recurrence q(0)=q(1)=1, q(n)=q(n-2)*(q(n-1)+1)	none	64	not found	12	PI, x, SQR, THREE, DIVIDE, POWER	FIVE, SEVEN, EXP, SQRT, SUBTRACT, LOG	1.204e-10	3	35.0	9.9	True	
916	exp(sqrt(Pi/24))	elementary	64	exact	7	x, SQR	SIX, PI, DIVIDE, SQRT, EXP	0.000e+00	515	2.3	63.7	True	Exp[Sqrt[Pi/24]]
917	first Lebesgue constant	elementary	64	exact	10	THREE, INV, x, SUBTRACT	THREE, SQRT, PI, TIMES, SIX, DIVIDE	0.000e+00	82	34.4	64.0	True	1/3 + (2*Sqrt[3])/Pi
918	Cube root of 3	algebraic	64	exact	4	THREE, x, POWER	THREE	0.000e+00	225	0.1	63.5	True	3^(1/3)
919	log2(e)	elementary	64	exact	4	x	TWO, LOG, INV	0.000e+00	31	0.0	64.0	True	1/Log[2]
920	Steiner number	elementary	64	exact	4	x	EULER, INV, EXP	0.000e+00	26	0.0	63.7	True	E^E^(-1)
921	Khinchin mean K_{-2}	none	64	not found	12	EULER, x, SEVEN, DIVIDE, POWER, SQRT	FOUR, INV, FIVE, PLUS, GOLDENRATIO, TIMES	3.202e-11	3	34.3	10.5	True	
922	Soldner constant	special	64	not found	12	EULER, SQRT, x, LOG, INV, SUBTRACT	GOLDENRATIO, SEVEN, POWER, SQRT, FIVE, DIVIDE	2.458e-11	0	35.4	10.6	True	Root[{LogIntegral[#1] & , 1.4513692348833810502839684858920274494930322836480158630931`30.}]
923	Backhouse's constant	special	64	not found	12	NINE, LOG, TWO, PLUS, x, POWER	TWO, GOLDENRATIO, EXP, SQR, SUBTRACT, SQRT	2.222e-12	11	34.9	11.7	True	ConditionalExpression[Extension`BackhouseConstant == Limit[Abs[Subscript[\[FormalQ], 1 + \[FormalN]]/Subscript[\[FormalQ], \[FormalN]]], \[FormalN] -> Infinity], Sum[\[FormalZ]^\[FormalK]*Subscript[\[FormalQ], \[FormalK]], {\[FormalK], 0, Infinity}] == (1 + Sum[\[FormalZ]^\[FormalK]*Prime[\[FormalK]], {\[FormalK], 1, Infinity}])^(-1)]
924	AGM(1, 2)	special	64	not found	12	EULER, x, INV, THREE, POWER, POWER	ONE, PI, SQRT, SUBTRACT, SIX, DIVIDE	3.537e-11	3	35.0	10.5	True	ArithmeticGeometricMean[1, 2]
926	1 - ln(1 - 1/e) (random mappings)	elementary	64	exact	7	x	ONE, EULER, SUBTRACT, LOG, TWO, SUBTRACT	0.000e+00	580	2.4	63.8	True	1 - Log[1 - 1/E]
927	zeta(1/2) (negated)	special	64	not found	12	EULER, SEVEN, DIVIDE, x, SUBTRACT, EXP	GOLDENRATIO, SQRT, FIVE, EIGHT, DIVIDE, SUBTRACT	3.908e-11	7	35.3	10.4	True	-(Zeta[1/2])
928	Baxter's four-coloring constant	special	64	not found	12	GOLDENRATIO, LOG, x, DIVIDE, x, POWER	SEVEN, LOG, LOG, SQR, EULER, PLUS	5.363e-11	3	34.4	10.3	True	3 Gamma[1/3]^3/(4 Pi^2)
929	position of the positive minimum of the gamma function	special	64	not found	12	GOLDENRATIO, THREE, x, EXP, SUBTRACT, POWER	FIVE, INV, EXP, GOLDENRATIO, SQRT, TIMES	7.111e-11	4	34.6	10.1	True	Root[{PolyGamma[0, #1] & , 1.46163214496836234126265954233`29.164838085677864}]
930	log10(29)	elementary	64	exact	9	x, ONE, NINE, PLUS, POWER	FIVE, SQR, FOUR, PLUS	0.000e+00	20	35.0	63.6	True	Log[10, 29]
931	cbrt pi	elementary	64	exact	4	THREE, x, POWER	PI	1.516e-16	192	0.1	64.0	True	Pi^(1/3)
932	Supergolden ratio	algebraic	64	exact	6	x, INV, SQR, x, SUBTRACT	ONE	0.000e+00	55	3.1	63.8	True	(1 + (29/2 - (3*Sqrt[93])/2)^(1/3) + ((29 + 3*Sqrt[93])/2)^(1/3))/3
933	Porter's constant	special	64	not found	12	TWO, SEVEN, TIMES, SQRT, x, POWER	TWO, SEVEN, DIVIDE, LOG, PI, POWER	2.629e-11	7	35.2	10.6	True	-1/2 + (6*Log[2]*(-2 + 4*EulerGamma + 3*Log[2] - (24*Derivative[1][Zeta][2])/Pi^2))/Pi^2
934	Product_{p prime} (1+1/p)^(1/p), an infinite product considered and computed by Marc Deléglise	none	64	not found	12	x, TWO, POWER, EXP, GOLDENRATIO, TIMES	THREE, SQRT, EXP, THREE, EXP, PLUS	6.041e-11	14	35.1	10.2	True	
935	variance of the degree (valency) of the root of a random rooted tree with n vertices	none	64	not found	12	FOUR, x, EXP, SUBTRACT, PI, TIMES	FIVE, EULER, DIVIDE, GOLDENRATIO, SUBTRACT, SQR	2.301e-10	0	35.2	9.6	True	
936	constant C such that Sum_{k>=1} 1/C^p(k) = 1 where p(k) is the k-th prime	none	64	not found	12	THREE, x, SIX, DIVIDE, EXP, DIVIDE	EIGHT, EULER, NINE, DIVIDE, EXP, SUBTRACT	1.936e-10	7	34.7	9.7	True	
937	Landau-Kolmogorov constant C(4,3) for derivatives in the case L_infinity(infinity, infinity)	none	64	exact	7	x	FIVE, INV, FIVE, SUBTRACT, SQRT, SQRT	0.000e+00	964	2.4	63.9	True	
938	coefficient c_md in c_md*log(N)^(1/rho), the asymptotic mean number of distinct factors in a random factorization of n <	none	64	not found	12	GOLDENRATIO, FOUR, SQR, SUBTRACT, x, POWER	PI, SIX, INV, SIX, PLUS, POWER	1.313e-11	3	34.5	10.9	True	
939	Bateman-Grosswald constant zeta(2/3)/zeta(2), a constant (negated) arising in the asymptotic evaluation of the number of	special	64	not found	12	SIX, EULER, SQR, x, POWER, SUBTRACT	GOLDENRATIO, LOG, SEVEN, SUBTRACT, SQRT, EXP	6.693e-11	0	35.5	10.2	True	-(Zeta[2/3] / Zeta[2])
940	smallest positive root of the function lambda(x) = Sum_{n>=0} (-1)^n*x^n/(2^(n*(n-1)/2)*n!)	none	64	not found	12	EULER, INV, x, SQR, EXP, SUBTRACT	SEVEN, NINE, SQR, SQR, SUBTRACT, LOG	7.135e-12	0	35.4	11.1	True	
941	log10(31)	elementary	64	exact	9	x, ONE, NINE, PLUS, POWER	FIVE, SQR, SIX, PLUS	0.000e+00	19	34.4	64.0	True	Log[10, 31]
942	Landau-Kolmogorov constant C(5,4) for derivatives in the case L_infinity(-infinity, infinity)	none	64	exact	7	FIVE, x, POWER	TWO, INV, SEVEN, PLUS	0.000e+00	343	2.3	63.5	True	
943	lim_{n -> infinity} A001699(n)^(1/2^n)	none	64	not found	12	EIGHT, SQRT, x, SQRT, POWER, SQR	GOLDENRATIO, THREE, LOG, POWER, EULER, TIMES	5.216e-11	7	35.1	10.3	True	
944	hard square entropy constant	none	44	not found	12	x, EXP, INV, FIVE, POWER, EXP	THREE, SEVEN, DIVIDE, SIX, POWER, LOG	3.571e-11	12	34.7	10.4	True	
945	Greenfield-Nussbaum constant	none	64	not found	11	x, FOUR, DIVIDE, PI, SQRT, SUBTRACT	SIX, EIGHT, EULER, SUBTRACT, DIVIDE	1.150e-10	7	35.4	9.9	True	
946	Selberg-Delange constant Product_{prime p > 2} (1 + 1/(p(p-2)))	none	64	not found	12	FIVE, x, FIVE, DIVIDE, EXP, DIVIDE	GOLDENRATIO, GOLDENRATIO, FIVE, TIMES, POWER, SQRT	3.565e-11	13	34.8	10.4	True	
947	value of Watson's integral	special	64	not found	12	x, SQR, EULER, POWER, x, POWER	THREE, NINE, SIX, LOG, POWER, DIVIDE	4.702e-11	7	35.3	10.3	True	Sqrt[6]/32/Pi^3*Gamma[1/24]*Gamma[5/24]*Gamma[7/24]*Gamma[11/24]
948	(Glaisher^12/(2^(4/3) * Pi * e^EulerGamma))^(Pi^2/8)	special	64	not found	12	EIGHT, SQRT, x, POWER, NINE, SUBTRACT	GOLDENRATIO, PI, SEVEN, DIVIDE, EXP, DIVIDE	5.108e-12	4	34.4	11.3	True	(Glaisher^12/(2^(4/3)Pi E^EulerGamma))^(Pi^2/8)
949	Bateman-Stemmler constant	special	64	not found	12	ONE, x, SUBTRACT, LOG, SIX, DIVIDE	GOLDENRATIO, FOUR, POWER, FIVE, INV, SUBTRACT	1.019e-10	18	35.4	10.0	True	Product[(1 - (2 + KroneckerSymbol[-3, Prime[\[FormalK]]])/Prime[\[FormalK]])/(1 - Prime[\[FormalK]]^(-1))^2, {\[FormalK], 1, Infinity}]
950	equianharmonic Weierstrass elliptic ω_2 constant	special	64	not found	12	NINE, SEVEN, DIVIDE, EXP, x, POWER	EULER, PI, SQR, LOG, SQR, SUBTRACT	7.497e-11	3	35.3	10.1	True	Gamma[1/3]^3/(4*Pi)
951	exp(7*zeta(3)/(2*Pi^2))	special	64	not found	12	PI, FOUR, SUBTRACT, x, EXP, POWER	SIX, PI, DIVIDE, SQRT, THREE, PLUS	8.517e-12	11	34.7	11.1	True	Exp[7*Zeta[3]/(2*Pi^2)]
952	Sum_{n>=1} 1/Fibonacci(2*n)	none	64	not found	12	x, SQR, SIX, DIVIDE, FOUR, SUBTRACT	EULER, SQRT, GOLDENRATIO, INV, DIVIDE, EXP	2.606e-12	8	34.3	11.6	True	
953	Lieb's square ice constant	algebraic	64	exact	7	x	THREE, THREE, POWER, SQRT, EIGHT, DIVIDE	0.000e+00	3167	2.4	63.7	True	8/(3*Sqrt[3])
954	Madelung 2D hexagonal lattice constant	special	64	not found	12	GOLDENRATIO, INV, EXP, x, POWER, LOG	PI, GOLDENRATIO, LOG, POWER, EIGHT, TIMES	1.212e-10	15	35.4	9.9	True	(-3 + Sqrt[3])*Zeta[1/2]*(Zeta[1/2, 1/6] + (1 - Sqrt[2])*Zeta[1/2, 1/3])
955	cosh one	elementary	64	exact	7	x	TWO, EULER, INV, EULER, PLUS, DIVIDE	0.000e+00	539	2.3	63.7	True	Cosh[1]
956	maximal width of a Reuleaux triangle avoiding all vertices of the integer square lattice	none	64	not found	12	x, EXP, x, TIMES, FIVE, SUBTRACT	TWO, SQRT, EIGHT, PLUS, INV, LOG	1.449e-10	2	34.6	9.8	True	
957	Integral_{x=0..Pi/2} (x^2/sin(x)) dx	special	64	not found	12	x, GOLDENRATIO, POWER, THREE, SUBTRACT, SQRT	FOUR, LOG, LOG, GOLDENRATIO, SQRT, SUBTRACT	5.180e-12	0	35.0	11.3	True	2*Pi*Catalan - 7*Zeta[3]/2
958	D(1/2), where D(x) is the infinite product function defined in the formula section (or in the Finch reference)	none	64	not found	11	SIX, SQRT, x, POWER, TWO, POWER	PI, EULER, SUBTRACT, EIGHT, PLUS	1.760e-11	7	35.5	10.8	True	
959	Calabi ratio	algebraic	64	not found	12	x, x, SQRT, FIVE, SUBTRACT, POWER	SEVEN, SQRT, EULER, DIVIDE, EIGHT, DIVIDE	4.873e-11	11	34.6	10.3	True	1/3 + 11/(3*2^(1/3)*(-23 + (3*I)*Sqrt[237])^(1/3)) + (-23 + (3*I)*Sqrt[237])^(1/3)/(3*2^(2/3))
960	sqrt(sqrt(2) + 1)	algebraic	64	exact	6	x	TWO, SQRT, ONE, PLUS, SQRT	0.000e+00	426	0.2	63.7	True	Sqrt[Sqrt[2] + 1]
961	c, a constant appearing in the asymptotic lower bound of the size of a restricted difference set	none	64	not found	12	SEVEN, EIGHT, DIVIDE, EXP, x, TIMES	EIGHT, PI, EXP, DIVIDE, TWO, PLUS	1.971e-10	0	35.3	9.7	True	
962	triangular root of two	algebraic	64	exact	5	x, SQR, x, PLUS	FOUR	0.000e+00	20	0.2	63.5	True	(-1 + Sqrt[17])/2
963	log10(37)	elementary	64	exact	9	x, ONE, NINE, PLUS, POWER	SIX, SQR, ONE, PLUS	0.000e+00	25	35.2	63.9	True	Log[10, 37]
964	2*Sum_{k=1..50000} (-1)^(k-1)/(2k-1)	special	64	not found	12	x, EIGHT, POWER, GOLDENRATIO, LOG, PLUS	EULER, NINE, LOG, POWER, PI, TIMES	2.932e-11	9	34.5	10.5	True	2*Sum[(-1)^(k - 1)/(2*k - 1), {k, 1, 50000}]
965	Favard constant	elementary	64	exact	4	x	TWO, PI, DIVIDE	0.000e+00	27	0.0	64.0	True	Pi/2
966	10^(1/5)	algebraic	64	exact	6	FIVE, x, POWER	ONE, NINE, PLUS	0.000e+00	48	0.2	63.7	True	10^(1/5)
967	Sierpiński triangle fractal dimension	elementary	64	exact	4	x, TWO, POWER	THREE	0.000e+00	91	0.1	63.5	True	Log[3]/Log[2]
968	Erdős–Borwein constant	special	64	not found	12	x, SEVEN, INV, SUBTRACT, x, POWER	THREE, THREE, POWER, SQRT, LOG, LOG	1.147e-10	4	35.2	9.9	True	(Log[2] - QPolyGamma[0, 1, 1/2])/Log[2]
969	ln(5)	elementary	64	exact	3	x	FIVE, LOG	0.000e+00	5	0.0	63.5	True	Log[5]
970	exponential primorial constant	none	64	exact	12	NINE, FIVE, POWER, INV, x, SUBTRACT	TWO, THREE, DIVIDE, NINE, INV, PLUS	0.000e+00	7	36.4	64.0	True	
971	Cbrt[4π/3]	elementary	64	exact	8	THREE, x, POWER	PI, THREE, DIVIDE, FOUR, DIVIDE	0.000e+00	1587	34.9	63.6	True	CubeRoot[4*Pi/3]
972	log10(41)	elementary	64	exact	9	x, ONE, NINE, PLUS, POWER	SIX, SQR, FIVE, PLUS	0.000e+00	34	34.9	64.0	True	Log[10, 41]
973	z_tri, a constant related to the enumeration of spanning trees on the triangular lattice (this is different from A242968	none	64	not found	12	GOLDENRATIO, EXP, x, FIVE, POWER, DIVIDE	NINE, GOLDENRATIO, POWER, LOG, SEVEN, SUBTRACT	2.032e-11	4	34.5	10.7	True	
974	Madelung's constant M2	none	64	not found	12	x, LOG, INV, TWO, POWER, EXP	SIX, SQRT, EIGHT, NINE, TIMES, SUBTRACT	1.922e-10	7	34.9	9.7	True	
975	Golden ratio	algebraic	64	exact	2	x	GOLDENRATIO	0.000e+00	8	0.0	63.7	True	GoldenRatio
976	Odlyzko-Wilf constant	special	64	not found	12	GOLDENRATIO, PI, x, POWER, SQR, SUBTRACT	GOLDENRATIO, SQR, TWO, POWER, PI, TIMES	9.070e-11	0	34.5	10.0	True	ConditionalExpression[Extension`OdlyzkoWilfConstant == Limit[(2/3)^\[FormalN]*\[FormalS][\[FormalN]], \[FormalN] -> Infinity], \[FormalS][0] == 0 && \[FormalS][\[FormalN]] == 1 + Floor[(3*\[FormalS][-1 + \[FormalN]])/2]]
977	Product_{n>=1} (2n/(2n+1))^((-1)^t(n)), where t(n) = A010060(n) is the Thue-Morse sequence	none	64	not found	12	EIGHT, x, POWER, GOLDENRATIO, PLUS, SQRT	GOLDENRATIO, EIGHT, DIVIDE, NINE, LOG, PLUS	1.959e-10	7	34.9	9.7	True	
978	log10(43)	elementary	64	exact	9	x, ONE, NINE, PLUS, POWER	SIX, SQR, SEVEN, PLUS	0.000e+00	19	35.3	64.0	True	Log[10, 43]
979	Erdős-Cohen constant	special	64	not found	12	GOLDENRATIO, EIGHT, DIVIDE, SQR, x, POWER	THREE, EXP, FOUR, PLUS, EXP, SQRT	1.615e-11	15	34.7	10.8	True	Sum[1/(Prime[\[FormalK]]*Log[Prime[\[FormalK]]]), {\[FormalK], 1, Infinity}]
980	2nd Lebesgue constant L2	elementary	64	not found	12	SEVEN, x, FOUR, POWER, SUBTRACT, LOG	EULER, SEVEN, POWER, INV, SIX, POWER	3.955e-11	3	34.6	10.4	True	1/5 + Sqrt[25 - 2*Sqrt[5]]/Pi
981	Riemann ζ of 2	elementary	64	exact	5	x	SIX, PI, SQR, DIVIDE	0.000e+00	215	0.1	63.6	True	Pi^2/6
982	Product_{k>=0} (1+1/2^(2k))^(1/2)	special	64	not found	12	EULER, INV, x, SQR, SQR, SUBTRACT	EULER, EXP, SEVEN, EXP, SUBTRACT, LOG	6.111e-11	14	34.5	10.2	True	Sqrt[Product[1 + 1/2^(2*k), {k, 0, Infinity}]]
983	square root of e	elementary	64	exact	3	x	EULER, SQRT	0.000e+00	10	0.0	63.7	True	Sqrt[E]
984	minimum value of the function s(t) = (Pi + 2*sqrt(1 + t^2))/(1 + Pi/2 + t) for t > 0	elementary	64	not found	12	x, PI, FOUR, SUBTRACT, EXP, DIVIDE	FIVE, SQRT, PI, DIVIDE, TWO, DIVIDE	3.130e-12	7	34.3	11.5	True	2(Pi+Pi^2+Sqrt[8+Pi^3+4Pi(3+Sqrt[2+Pi])+Pi^2(7+2Sqrt[2+Pi])])/(4+Pi^2+Pi(4+Sqrt[2+Pi]))
985	Somos' quadratic recurrence constant	special	64	not found	12	x, LOG, INV, PI, SUBTRACT, SQR	GOLDENRATIO, GOLDENRATIO, POWER, INV, TWO, POWER	4.482e-11	4	34.6	10.3	True	E^(-Derivative[1, 0][PolyLog][0, 1/2])
986	Hermite's constant gamma_6 = 2/3^(1/6)	algebraic	64	exact	6	SIX, x, TWO, DIVIDE, POWER	THREE	0.000e+00	1273	2.4	63.6	True	2/3^(1/6)
987	log10(47)	elementary	64	exact	9	x, ONE, NINE, PLUS, POWER	TWO, SEVEN, SQR, SUBTRACT	0.000e+00	34	35.3	63.8	True	Log[10, 47]
988	a constant related to A000621 and A000624	none	64	not found	12	TWO, EXP, SIX, x, POWER, SUBTRACT	THREE, EXP, INV, EULER, EXP, PLUS	5.088e-11	3	37.0	10.3	True	
989	zeta(3/5) * zeta(4/5) * Product_{p prime} (1 - 1/p^(8/5) - 1/p^(9/5) - 1/p^2 + 1/p^(13/5) + 1/p^(14/5))	none	64	not found	12	GOLDENRATIO, THREE, PLUS, x, INV, POWER	SIX, LOG, FIVE, POWER, GOLDENRATIO, DIVIDE	1.024e-10	8	34.8	10.0	True	
990	1 + log(2*Pi) - 2*gamma, where gamma is Euler's constant (A001620)	special	64	not found	12	NINE, x, EULER, SUBTRACT, POWER, SQR	THREE, GOLDENRATIO, THREE, DIVIDE, POWER, LOG	2.063e-10	9	34.9	9.7	True	1 + Log[2*Pi] - 2*EulerGamma
991	maximal circumradius of a planar convex set containing no lattice point except for the origin where it has its circumcen	none	64	not found	12	x, GOLDENRATIO, INV, EXP, SQR, SUBTRACT	THREE, GOLDENRATIO, SQRT, FOUR, PLUS, DIVIDE	1.435e-10	3	35.1	9.8	True	
992	Sum_{k>=0} 1/A007018(k)	none	64	not found	12	x, GOLDENRATIO, SIX, SUBTRACT, DIVIDE, SQRT	FIVE, PI, LOG, DIVIDE, EIGHT, POWER	2.335e-10	8	34.3	9.6	True	
993	Niven's constant	special	64	not found	12	SEVEN, EIGHT, x, POWER, DIVIDE, SQRT	SEVEN, LOG, PI, SUBTRACT, TWO, PLUS	8.940e-11	0	35.6	10.0	True	1 + Sum[1 - Zeta[n]^(-1), {n, 2, Infinity}]
994	Pi^2/(12*log(phi))	elementary	64	exact	9	x, GOLDENRATIO, SQR, POWER	SIX, PI, SQR, DIVIDE, EXP	1.299e-16	1106	34.7	63.6	True	Pi^2/(12*Log[GoldenRatio])
995	log10(53)	elementary	64	exact	9	x, ONE, NINE, PLUS, POWER	SEVEN, SQR, FOUR, PLUS	0.000e+00	23	34.9	63.9	True	Log[10, 53]
996	Kalmar ρ composition constant	special	64	not found	12	GOLDENRATIO, THREE, POWER, x, POWER, LOG	TWO, EULER, SUBTRACT, SQRT, FOUR, POWER	1.829e-10	16	35.1	9.7	True	Root[{-2 + Zeta[#1] & , 1.7286472389981836181351030103`29.237706376855613}]
997	Theodorus constant	algebraic	64	exact	3	x	THREE, SQRT	0.000e+00	6	0.0	63.6	True	Sqrt[3]
998	reciprocal of Euler γ	special	64	not found	12	FIVE, SQRT, x, POWER, x, SUBTRACT	THREE, SEVEN, SEVEN, LOG, SUBTRACT, DIVIDE	7.714e-11	7	34.8	10.1	True	EulerGamma^(-1)
999	1/A347901	none	64	not found	12	FIVE, LOG, x, SUBTRACT, x, DIVIDE	SIX, SIX, POWER, LOG, THREE, PLUS	3.452e-11	3	34.7	10.5	True	
1000	sqrt(2*Pi)*log(2), a constant associated with asymptotic evaluation of random mapping statistics	elementary	64	exact	8	FOUR, LOG, x, DIVIDE, SQR	TWO, PI, DIVIDE	0.000e+00	2348	34.1	64.0	True	Sqrt[2*Pi]*Log[2]
1001	value of a nonregular continued fraction giving tau/(3*tau-1), where tau is the Prouhet-Thue-Morse constant	none	64	not found	12	SEVEN, SQRT, x, SUBTRACT, SQR, SQR	FIVE, LOG, PI, SQR, LOG, SUBTRACT	1.188e-11	7	34.8	10.9	True	
1002	'tau' (named sigma_2 by C. Pomerance), a constant associated with the expected number of random elements to generate a f	none	64	not found	12	x, PI, POWER, EULER, SQRT, PLUS	FIVE, SEVEN, POWER, INV, NINE, SUBTRACT	2.721e-11	0	34.7	10.6	True	
1003	Khinchin harmonic mean	special	64	not found	12	x, SQR, FIVE, SUBTRACT, EULER, DIVIDE	THREE, LOG, INV, GOLDENRATIO, LOG, PLUS	1.081e-10	14	34.4	10.0	True	ConditionalExpression[Extension`KhinchinHarmonicMeanConstant == Limit[\[FormalN]/Sum[Subscript[\[FormalA], \[FormalK]]^(-1), {\[FormalK], 1, \[FormalN]}], \[FormalN] -> Infinity], Element[Subscript[\[FormalA], \[FormalK]], Integers] && Subscript[\[FormalA], \[FormalK]] > 0]
1004	Madelung constant (negated) for NaCl structure	special	64	not found	12	x, SQR, x, SQR, LOG, POWER	GOLDENRATIO, GOLDENRATIO, LOG, POWER, THREE, POWER	4.407e-11	7	35.1	10.4	True	12Pi*Sum[ Sech[Pi/2*Sqrt[(2j + 1)^2 + (2k + 1)^2]]^2, {j, 0, 40}, {k, 0, 40}]
1005	continued fraction expansion [1; 1/2, 1/3, 1/4, 1/5, 1/6, ...]	elementary	64	exact	6	x, TWO, DIVIDE	TWO, PI, SUBTRACT	0.000e+00	279	0.2	64.0	True	2/(Pi - 2)
1006	Feller coin-tossing constant	algebraic	64	exact	8	x, x, INV, SQRT, SUBTRACT	EULER, INV, LOG	0.000e+00	67	34.8	63.7	True	(2 + (25 - 3*Sqrt[69])^(1/3)/2^(1/3) + (25 + 3*Sqrt[69])^(1/3)/2^(1/3))/3
1007	nested radical constant	special	64	not found	12	x, TWO, SUBTRACT, SIX, LOG, POWER	THREE, GOLDENRATIO, SEVEN, DIVIDE, SUBTRACT, SQRT	3.084e-11	3	35.7	10.5	True	Limit[Fold[Sqrt[#1 + #2] & , Sqrt[1 + \[FormalN]], Table[\[FormalI], {\[FormalI], \[FormalN], 1, -1}]], \[FormalN] -> Infinity]
1008	log 180/π	elementary	64	exact	11	x, ONE, NINE, PLUS, POWER	SIX, SQR, PI, DIVIDE, FIVE, DIVIDE	0.000e+00	11	34.8	64.0	True	Log10[180/Pi]
1009	Product_{n>1} (1+1/n)^(1/n)	none	64	not found	12	EULER, x, SUBTRACT, GOLDENRATIO, SQRT, TIMES	FOUR, EULER, SQR, SUBTRACT, INV, LOG	9.951e-11	11	34.9	10.0	True	
1010	constant x such that x^x = e. Inverse of W(1), where W is Lambert's function	special	64	exact	4	x, x, POWER	EULER	0.000e+00	12	0.1	63.6	True	1/ProductLog[1]
1011	'b', an optimal stopping constant associated with the secretary problem when the objective is to maximize the hiree's ex	none	64	not found	12	x, THREE, SUBTRACT, EXP, SEVEN, SUBTRACT	PI, ONE, PLUS, INV, EXP, EXP	4.322e-11	11	34.7	10.4	True	
1012	log10(59)	elementary	64	exact	9	x, ONE, NINE, PLUS, POWER	FIVE, EIGHT, SQR, SUBTRACT	0.000e+00	26	35.0	63.8	True	Log[10, 59]
1013	Sierpiński's S^ (Ŝ or "S hat" as named by S. Finch), a constant appearing in the asymptotics of the number of representa	none	64	not found	12	GOLDENRATIO, x, POWER, SQRT, FIVE, TIMES	FIVE, EXP, NINE, DIVIDE, EIGHT, SUBTRACT	5.463e-12	3	35.5	11.3	True	
1014	Carlson-Levin constant	elementary	64	exact	3	x	PI, SQRT	1.253e-16	5	0.0	64.0	True	Sqrt[Pi]
1015	angle in radians at the apex of the Calabi triangle	none	64	not found	12	x, SEVEN, POWER, EIGHT, SQR, TIMES	EIGHT, GOLDENRATIO, SIX, PLUS, EXP, SUBTRACT	1.012e-11	7	34.1	11.0	True	
1016	10^(1/4)	algebraic	64	exact	6	x	ONE, NINE, PLUS, SQRT, SQRT	0.000e+00	294	0.3	63.9	True	10^(1/4)
1017	3rd Lebesgue constant L3	elementary	64	not found	12	x, x, EXP, GOLDENRATIO, TIMES, POWER	PI, NINE, PLUS, LOG, FIVE, POWER	4.483e-11	4	35.2	10.3	True	(3*Pi-14*Cos[Pi/14]+70*Cos[3*Pi/14]+154*Sin[Pi/7])/(21*Pi)
1018	exponential of Euler γ	special	64	not found	12	x, SQR, LOG, THREE, SQRT, DIVIDE	THREE, INV, EXP, PI, DIVIDE, SQRT	2.873e-10	9	35.4	9.5	True	E^EulerGamma
1019	conjectured upper bound on Grothendieck's constant	elementary	64	exact	8	x, PI, DIVIDE	EIGHT, SQRT, THREE, PLUS, LOG	0.000e+00	503	34.5	64.0	True	Pi/(2*Log[1 + Sqrt[2]])
1020	log10(61)	elementary	64	exact	9	x, ONE, NINE, PLUS, POWER	THREE, EIGHT, SQR, SUBTRACT	0.000e+00	38	33.8	63.7	True	Log[10, 61]
1021	Silverman constant	special	64	not found	12	EULER, EULER, x, EXP, SUBTRACT, POWER	GOLDENRATIO, PI, SQRT, EIGHT, POWER, DIVIDE	1.081e-11	7	35.5	11.0	True	Sum[1/(DivisorSigma[1, \[FormalK]]*EulerPhi[\[FormalK]]), {\[FormalK], 1, Infinity}]
1022	Komornik–Loreti constant	special	64	not found	11	x, INV, TWO, EXP, PLUS	GOLDENRATIO, LOG, FOUR, POWER, SIX, PLUS	6.671e-11	1	36.1	10.2	True	Root[{Product[1 - 1/#1^2^\[FormalK], {\[FormalK], 0, Infinity}] - (2 - #1)/(#1 - 1) & , 1.7872316501829659330132`22.252180846784352}]
1023	2D dimer constant	special	64	not found	12	THREE, x, POWER, EIGHT, SUBTRACT, SQR	SEVEN, SIX, POWER, LOG, SQR, LOG	1.991e-10	8	34.7	9.7	True	E^((2*Catalan)/Pi)
1024	ln(6)	elementary	64	exact	3	x	SIX, LOG	0.000e+00	5	0.0	64.0	True	Log[6]
1026	Hermite's constant gamma_7 = 2^(6/7)	algebraic	64	exact	5	SEVEN, x, POWER	EIGHT, SQR	0.000e+00	105	0.1	63.9	True	2^(6/7)
1027	limit of a recursive sequence connected to the Plastic constant (A060006)	none	64	not found	12	x, NINE, PI, LOG, POWER, SUBTRACT	EULER, TWO, PLUS, THREE, LOG, POWER	1.619e-10	7	34.8	9.8	True	
1028	sqrt((3+sqrt(13))/2), a constant related to the asymptotic evaluation of the number of self-avoiding rook paths joining 	algebraic	64	exact	7	x, INV, SQR, x, SQR, SUBTRACT	THREE	0.000e+00	100	34.5	64.0	True	Sqrt[(3 + Sqrt[13])/2]
1029	Masser-Gramain constant conjectured value	special	64	not found	12	SEVEN, x, POWER, THREE, SQRT, SUBTRACT	THREE, GOLDENRATIO, POWER, EXP, FOUR, SUBTRACT	1.539e-12	4	34.4	11.8	True	1 + 2*EulerGamma + 2*Log[2] + 3*Log[Pi] - 4*Log[Gamma[1/4]]
1030	log10(67)	elementary	64	exact	9	x, ONE, NINE, PLUS, POWER	EIGHT, SQR, THREE, PLUS	0.000e+00	25	34.9	63.6	True	Log[10, 67]
1031	two times the Catalan constant	special	64	not found	12	x, LOG, INV, EXP, SIX, SUBTRACT	THREE, INV, TWO, LOG, POWER, SQR	1.483e-10	11	35.1	9.8	True	2 Catalan
1032	ln(2 pi)	elementary	64	exact	5	x, EXP	PI, PI, PLUS	0.000e+00	168	0.1	64.0	True	Log[2*Pi]
1033	Tribonacci constant	algebraic	64	not found	12	x, PI, DIVIDE, SQRT, NINE, POWER	GOLDENRATIO, GOLDENRATIO, POWER, EXP, TWO, TIMES	1.153e-10	9	34.9	9.9	True	(1 + (19 - 3*Sqrt[33])^(1/3) + (19 + 3*Sqrt[33])^(1/3))/3
1034	4th Madelung constant (negated)	special	64	not found	12	SEVEN, EXP, NINE, x, POWER, DIVIDE	EULER, FOUR, SUBTRACT, INV, ONE, SUBTRACT	5.651e-11	7	35.2	10.2	True	8*(5 - 3*Sqrt[2])*Zeta[1/2]*Zeta[-1/2]
1035	Landau-Kolmogorov constant	algebraic	64	exact	10	THREE, x, THREE, SQRT, DIVIDE, POWER	TWO, EIGHT, SQRT, SUBTRACT	2.408e-16	55	35.5	64.0	True	Sqrt[3]/(2^(1/3)*(-1 + Sqrt[2])^(1/3))
1036	Connective constant	algebraic	64	exact	6	x	TWO, SQRT, TWO, PLUS, SQRT	0.000e+00	292	0.2	63.6	True	Sqrt[2 + Sqrt[2]]
1037	log10(71)	elementary	64	exact	9	x, ONE, NINE, PLUS, POWER	EIGHT, SQR, SEVEN, PLUS	0.000e+00	19	35.2	64.0	True	Log[10, 71]
1038	Integral_{x=0..Pi} (sin(x)/x) dx	special	64	not found	12	x, LOG, GOLDENRATIO, PLUS, FOUR, POWER	EULER, GOLDENRATIO, SQR, POWER, GOLDENRATIO, TIMES	6.145e-12	14	35.4	11.2	True	SinIntegral[Pi]
1039	Gauss lemniscate constant	special	64	not found	12	SIX, x, FIVE, POWER, SUBTRACT, SQRT	SIX, LOG, SQR, TWO, INV, PLUS	6.937e-11	7	34.9	10.2	True	Gamma[1/4]^2/(4*Sqrt[Pi])
1040	spiral of Theodorus constant	special	64	not found	12	THREE, x, DIVIDE, EXP, x, TIMES	PI, GOLDENRATIO, POWER, SEVEN, TIMES, LOG	3.403e-12	3	36.0	11.5	True	Sum[1/((1 + \[FormalK])*Sqrt[\[FormalK]]), {\[FormalK], 1, Infinity}]
1041	log10(73)	elementary	64	exact	9	x, ONE, NINE, PLUS, POWER	EIGHT, SQR, NINE, PLUS	0.000e+00	34	34.1	63.6	True	Log[10, 73]
1042	expected reciprocal Euclidean distance between two random points in the unit cube	none	64	not found	12	x, SQR, EXP, SIX, SUBTRACT, SQR	THREE, SQRT, THREE, POWER, EULER, POWER	9.817e-13	8	36.2	12.0	True	
1043	log10(79)	elementary	64	exact	9	x, ONE, NINE, PLUS, POWER	TWO, NINE, SQR, SUBTRACT	0.000e+00	29	34.6	63.8	True	Log[10, 79]
1045	Boyd constant	special	64	not found	12	GOLDENRATIO, x, SQR, SEVEN, DIVIDE, SUBTRACT	EULER, SQRT, SQRT, TWO, PLUS, INV	1.057e-10	4	34.7	10.0	True	Exp[(9 - PolyGamma[1, 2/3] + PolyGamma[1, 4/3])/(2*Pi*Sqrt[3])]
1046	M_5, the 5-dimensional analog of Madelung's constant (negated)	none	32	not found	12	x, SQRT, LOG, INV, x, PLUS	EIGHT, GOLDENRATIO, SUBTRACT, EXP, FIVE, PLUS	8.741e-11	4	35.1	10.1	True	
1047	6/π	elementary	64	exact	4	x	PI, SIX, DIVIDE	0.000e+00	29	0.0	63.8	True	6/Pi
1048	tetrahedral bond angle	elementary	64	not found	12	x, TWO, DIVIDE, THREE, SQRT, SUBTRACT	EULER, SEVEN, DIVIDE, EXP, NINE, DIVIDE	2.313e-11	17	34.9	10.6	True	ArcCos[-1/3]
1049	log10(83)	elementary	64	exact	9	x, ONE, NINE, PLUS, POWER	NINE, SQR, TWO, PLUS	0.000e+00	28	34.9	63.6	True	Log[10, 83]
1050	tetranacci constant	algebraic	64	exact	7	x, INV, SQR, SQR, x, PLUS	TWO	0.000e+00	20	34.8	64.0	True	Root[-1 - #1 - #1^2 - #1^3 + #1^4 & , 2]
1052	Omega prime-generating constant	none	64	not found	12	GOLDENRATIO, x, SUBTRACT, EULER, TIMES, EXP	PI, SQR, SEVEN, DIVIDE, GOLDENRATIO, PLUS	8.403e-12	4	35.9	11.1	True	
1053	first moment of the reciprocal gamma distribution	none	64	not found	12	x, PI, TIMES, FOUR, SUBTRACT, SQR	GOLDENRATIO, EIGHT, DIVIDE, LOG, EULER, PLUS	4.654e-11	3	35.2	10.3	True	
1054	Euler totient A constant	special	64	not found	12	TWO, SQRT, x, PLUS, NINE, POWER	NINE, SEVEN, LOG, POWER, FOUR, TIMES	1.647e-11	7	34.9	10.8	True	(315*Zeta[3])/(2*Pi^4)
1055	ln(7)	elementary	64	exact	3	x	SEVEN, LOG	0.000e+00	5	0.0	64.0	True	Log[7]
1056	C_4, a constant related to sharp inequalities for the product of 4 polynomials, which was introduced by David Boyd	none	64	not found	12	SIX, x, EXP, SUBTRACT, SIX, POWER	PI, EXP, ONE, SUBTRACT, SQR, LOG	8.580e-11	14	34.9	10.1	True	
1057	log10(89)	elementary	64	exact	9	x, ONE, NINE, PLUS, POWER	NINE, SQR, EIGHT, PLUS	0.000e+00	23	34.0	64.0	True	Log[10, 89]
1058	Z score	special	64	not found	12	x, EXP, SQRT, x, SQR, SUBTRACT	FOUR, THREE, SQRT, DIVIDE, EULER, TIMES	1.886e-11	7	34.7	10.7	True	Sqrt[2]*InverseErf[19/20]
1059	reciprocal Lucas constant	special	64	not found	11	x, LOG, x, SQR, PLUS, LOG	EULER, SQRT, EXP, SQRT, SQRT	5.580e-12	5	34.4	11.3	True	(-1 + EllipticTheta[3, 0, GoldenRatio^(-2)]^2)/4 + (7*Log[GoldenRatio] - Log[1 + GoldenRatio^2] - QPolyGamma[0, 1, GoldenRatio^(-4)] + 4*QPolyGamma[0, 1, GoldenRatio^(-2)] - 4*QPolyGamma[0, 1, GoldenRatio^(-1)])/(4*Log[GoldenRatio])
1060	M_6, the 6th Madelung constant	none	64	not found	12	GOLDENRATIO, FIVE, TIMES, x, SQRT, PLUS	PI, FOUR, PLUS, LOG, PI, POWER	2.133e-10	18	34.3	9.7	True	
1061	pentanacci constant	algebraic	64	exact	7	FIVE, x, POWER, INV, x, PLUS	TWO	0.000e+00	19	34.0	63.6	True	Root[-1 - #1 - #1^2 - #1^3 - #1^4 + #1^5 & , 1]
1062	C_5, a constant related to sharp inequalities for the product of 5 polynomials, which was introduced by David Boyd	none	64	not found	12	x, GOLDENRATIO, SEVEN, DIVIDE, SQRT, DIVIDE	EULER, INV, GOLDENRATIO, SUBTRACT, SQRT, SQRT	2.251e-10	7	34.3	9.6	True	
1063	C_6, a constant related to sharp inequalities for the product of 6 polynomials, which was introduced by David Boyd	none	64	not found	12	THREE, x, SQR, SIX, POWER, SUBTRACT	EIGHT, LOG, SQRT, SEVEN, EXP, PLUS	2.782e-11	17	34.6	10.6	True	
1064	Gamma''(1)	none	64	not found	12	THREE, x, SQR, TWO, SUBTRACT, POWER	SEVEN, FIVE, EXP, INV, SQR, SUBTRACT	4.881e-11	11	34.0	10.3	True	
1065	hexanacci constant	algebraic	64	not found	12	x, SQR, FIVE, INV, EXP, SUBTRACT	EULER, EIGHT, EULER, SUBTRACT, EXP, SUBTRACT	1.597e-10	11	36.2	9.8	True	Root[-1 - #1 - #1^2 - #1^3 - #1^4 - #1^5 + #1^6 & , 2]
1066	log10(97)	elementary	64	exact	10	x, ONE, NINE, PLUS, POWER	FOUR, SQR, NINE, SQR, PLUS	0.000e+00	26	35.1	64.0	True	Log[10, 97]
1067	heptanacci constant	algebraic	64	exact	7	SEVEN, x, POWER, INV, x, PLUS	TWO	0.000e+00	19	34.3	63.7	True	Root[-1 - #1 - #1^2 - #1^3 - #1^4 - #1^5 - #1^6 + #1^7 & , 1]
1068	integral_{x=0..Infinity} 1/x^x dx	none	64	not found	12	ONE, x, SUBTRACT, THREE, TIMES, EXP	NINE, EIGHT, POWER, THREE, TIMES, LOG	3.652e-11	4	35.5	10.4	True	
1069	Two	rational	64	exact	2	x	TWO	0.000e+00	12	0.0	64.0	True	2
1070	M_7, the 7-dimensional analog of Madelung's constant (negated)	none	64	not found	11	NINE, x, PI, POWER, SUBTRACT	THREE, FIVE, DIVIDE, SQR, LOG, SQRT	1.149e-11	4	34.7	10.9	True	
1071	Sierpiński's S~ (S "tilde" as named by S. Finch), a constant appearing in the asymptotics of the number of representatio	none	64	not found	12	GOLDENRATIO, x, SUBTRACT, FOUR, DIVIDE, LOG	SEVEN, EIGHT, DIVIDE, SQR, ONE, PLUS	1.247e-10	0	34.9	9.9	True	
1072	solution to the Lane-Emden equation for a sphere of polytropic index n = 3	none	32	not found	12	x, PI, EXP, SQRT, SQRT, SUBTRACT	SIX, PI, SIX, SUBTRACT, LOG, DIVIDE	6.559e-11	8	35.3	10.2	True	
1073	least x > 0 satisfying x + tan(x) = 0	none	64	not found	12	PI, x, POWER, x, EXP, TIMES	SIX, PI, SQR, SUBTRACT, THREE, POWER	4.431e-11	0	35.4	10.4	True	
1074	figure-eight knot hyperbolic volume	special	64	not found	12	SEVEN, PI, POWER, INV, x, PLUS	FOUR, EULER, SQRT, DIVIDE, GOLDENRATIO, PLUS	3.673e-11	4	34.3	10.4	True	((-2*Pi^2 + 3*PolyGamma[1, 1/3])*Sqrt[3])/9
1075	QRS associated constant	special	64	not found	12	PI, TWO, x, SQR, SUBTRACT, POWER	SEVEN, NINE, TIMES, LOG, SEVEN, PLUS	8.748e-11	4	33.9	10.1	True	Zeta[3/2, Root[{Zeta[1/2, #1/2] & , 0.605443657196732749478922842447`29.782073733759695}]/2]/4
1076	'beta', a constant appearing in the random links Traveling Salesman Problem	none	64	not found	12	x, FIVE, SUBTRACT, SQR, PI, SUBTRACT	SEVEN, THREE, POWER, EIGHT, DIVIDE, LOG	6.081e-11	4	34.8	10.2	True	
1077	Lüroth analog of Lévy constant	special	64	not found	12	THREE, THREE, x, SQR, SUBTRACT, POWER	SEVEN, SQR, EULER, DIVIDE, GOLDENRATIO, PLUS	1.094e-10	4	36.3	10.0	True	Sum[Log[\[FormalK]*(1 + \[FormalK])]/(\[FormalK]*(1 + \[FormalK])), {\[FormalK], 1, Infinity}]
1078	M_8, the 8th Madelung constant (negated)	none	64	not found	12	SEVEN, SQRT, x, EULER, POWER, SUBTRACT	NINE, GOLDENRATIO, SQRT, DIVIDE, FIVE, PLUS	1.945e-10	4	34.3	9.7	True	
1079	semi-meander critical exponent	algebraic	64	not found	12	x, SQRT, SEVEN, DIVIDE, FOUR, SUBTRACT	TWO, EXP, FOUR, SUBTRACT, THREE, DIVIDE	1.149e-11	4	34.6	10.9	True	1 + (Sqrt[11]*(Sqrt[5] + Sqrt[29]))/24
1080	one div ln phi	elementary	64	exact	4	x, INV	GOLDENRATIO, LOG	0.000e+00	25	0.0	64.0	True	1/Log[GoldenRatio]
1081	ln(8)	elementary	64	exact	3	x	EIGHT, LOG	0.000e+00	5	0.0	63.6	True	Log[8]
1082	two thirds pi	elementary	64	exact	6	x	THREE, PI, DIVIDE, PI, SUBTRACT	0.000e+00	912	0.2	64.0	True	2*Pi/3
1083	Wallis's constant	algebraic	64	exact	7	x, FIVE, DIVIDE, x, SQR, SUBTRACT	TWO	0.000e+00	41	34.5	64.0	True	(135/2 - (3*Sqrt[1929])/2)^(1/3)/3 + ((45 + Sqrt[1929])/2)^(1/3)/3^(2/3)
1084	Brown-Wang constant	special	64	not found	12	x, EXP, GOLDENRATIO, SQRT, TIMES, SQRT	GOLDENRATIO, PI, SQR, LOG, SQR, DIVIDE	2.307e-11	0	37.0	10.6	True	With[{\[FormalLambda] = Root[{(1 + #1)*Pi - Tan[#1*Pi] & , 0.43029665312420275777`20.}]}, Root[{(1 + \[FormalLambda])*Pi*((#1 - 1)*PolyGamma[1 + (#1 - 1)/2] - 2*#1*PolyGamma[1 + #1/2] + (#1 + 1)*PolyGamma[1 + (#1 + 1)/2]) - 2*Sin[\[FormalLambda]*Pi] & , 2.11023396612157219646682815666`30.}]]
1085	'sigma', a constant associated with the expected number of random elements to generate a finite abelian group	none	64	not found	12	PI, SQRT, x, PLUS, FIVE, SUBTRACT	PI, SQR, LOG, SQRT, SQRT, SQRT	1.979e-10	0	35.0	9.7	True	
1086	'a', an auxiliary constant associated with the asymptotic probability of success in the secretary problem when the numbe	none	64	not found	12	ONE, x, SUBTRACT, SEVEN, TIMES, INV	GOLDENRATIO, FOUR, PLUS, TWO, LOG, POWER	2.413e-11	4	34.7	10.6	True	
1087	Jacobi theta function theta_2(0, 1/2) where theta_2 is the 2nd Jacobi theta function	special	64	not found	12	x, NINE, DIVIDE, EXP, SIX, PLUS	GOLDENRATIO, THREE, POWER, EULER, PLUS, SQR	1.840e-11	0	34.9	10.7	True	EllipticTheta[2,0,1/2]
1088	Jacobi theta function theta_3(0, 1/2) where theta_3 is the 3rd Jacobi theta function	special	64	not found	12	GOLDENRATIO, x, DIVIDE, PI, INV, PLUS	EIGHT, LOG, LOG, INV, THREE, SUBTRACT	4.737e-11	8	35.5	10.3	True	EllipticTheta[3,0,1/2]
1089	pi^(2/3)	elementary	64	exact	5	THREE, x, POWER	PI, SQR	0.000e+00	113	0.1	63.7	True	Pi^(2/3)
1090	10^(1/3)	algebraic	64	exact	6	THREE, x, POWER	ONE, NINE, PLUS	0.000e+00	136	0.2	63.8	True	10^(1/3)
1092	Erdős-Szekeres constant	special	64	not found	12	THREE, x, POWER, SQRT, x, POWER	SEVEN, INV, EXP, FOUR, DIVIDE, SQR	1.355e-11	8	34.6	10.9	True	Zeta[3/2]/Zeta[3]
1093	K = exp(8*G/(3*Pi)), a Kneser-Mahler constant related to an asymptotic inequality involving Bombieri's supremum norm, wh	special	64	not found	11	SIX, SQRT, GOLDENRATIO, x, POWER, SUBTRACT	THREE, FIVE, TIMES, INV, EXP	5.166e-11	4	34.9	10.3	True	Exp[8*Catalan/(3*Pi)]
1094	normalized asymptotic mean of omega(m) when m is one of the values <= n taken by Euler's phi totient function	none	64	not found	12	NINE, x, INV, POWER, GOLDENRATIO, DIVIDE	GOLDENRATIO, EIGHT, EXP, DIVIDE, FOUR, PLUS	9.242e-13	4	35.0	12.0	True	
1095	a constant related to series-reduced trees	none	64	not found	12	x, LOG, SQRT, SEVEN, SUBTRACT, LOG	FOUR, LOG, INV, FOUR, SUBTRACT, SQRT	1.754e-11	0	35.0	10.8	True	
1096	'theta', the expected degree (valency) of the root of a random rooted tree with n vertices	none	64	not found	12	EULER, x, SIX, DIVIDE, LOG, POWER	SIX, PI, SUBTRACT, FOUR, POWER, EXP	1.736e-10	4	34.8	9.8	True	
1097	e^(pi/4)	elementary	64	exact	5	x	PI, EXP, SQRT, SQRT	0.000e+00	240	0.1	63.8	True	E^(Pi/4)
1098	ln(9)	elementary	64	exact	3	x	NINE, LOG	0.000e+00	4	0.0	63.9	True	Log[9]
1099	Lüroth analog of Khinchin constant	special	64	not found	12	FOUR, x, SQR, EXP, SQRT, DIVIDE	GOLDENRATIO, NINE, PLUS, INV, EULER, PLUS	4.376e-12	0	35.2	11.4	True	Product[\[FormalK]^(1/(\[FormalK]*(1 + \[FormalK]))), {\[FormalK], 1, Infinity}]
1100	totient constant	special	64	not found	12	PI, INV, FIVE, POWER, x, PLUS	THREE, SQRT, TWO, DIVIDE, EULER, PLUS	1.101e-10	4	34.8	10.0	True	Sum[1/(\[FormalK]*EulerPhi[\[FormalK]]), {\[FormalK], 1, Infinity}]
1101	Pi/2 + 2/Pi	elementary	64	exact	8	x, TWO, TIMES	PI, FOUR, DIVIDE, PI, PLUS	0.000e+00	609	34.3	63.8	True	Pi/2 + 2/Pi
1102	pi(2)^(-1/2)	elementary	64	exact	5	x	TWO, SQRT, PI, DIVIDE	0.000e+00	208	0.1	63.7	True	Pi*2^(-1/2)
1103	y_3, the third of four non-explicit constants recursively derived from Khintchine's [Khinchin's] constant	none	64	not found	12	TWO, x, SQR, SUBTRACT, LOG, SQR	GOLDENRATIO, SIX, SQR, LOG, SQRT, DIVIDE	5.025e-12	4	34.0	11.3	True	
1104	D(1), where D(x) is the infinite product function defined in the formula section (or in the Finch reference)	special	64	not found	12	x, EXP, PI, SUBTRACT, GOLDENRATIO, POWER	FOUR, SQR, FIVE, SQRT, LOG, DIVIDE	4.442e-12	4	34.6	11.4	True	Glaisher^6/(2^(1/6)*Sqrt[Pi])
1105	Sqrt 5	algebraic	64	exact	3	x	FIVE, SQRT	0.000e+00	3	0.0	63.7	True	Sqrt[5]
1106	Takeuchi-Prellberg constant	special	25	not found	12	EIGHT, GOLDENRATIO, DIVIDE, EXP, x, DIVIDE	TWO, SQRT, LOG, THREE, PLUS, SQRT	9.535e-11	8	34.1	10.0	True	ConditionalExpression[Extension`TakeuchiPrellbergConstant == Limit[Subscript[\[FormalCapitalT], \[FormalN]]/(BellB[\[FormalN]]*Exp[ProductLog[\[FormalN]]^2/2]), \[FormalN] -> Infinity], Subscript[\[FormalCapitalT], 0] == 0 && Subscript[\[FormalCapitalT], 1] == 1 && Subscript[\[FormalCapitalT], 2] == 4 && Subscript[\[FormalCapitalT], 3] == 14 && Subscript[\[FormalCapitalT], \[FormalN]] == Sum[Binomial[2*\[FormalK], \[FormalK]]/(1 + \[FormalK]), {\[FormalK], 1, \[FormalN]}] + Sum[Subscript[\[FormalCapitalT], -1 - \[FormalK] + \[FormalN]]*(2*Binomial[-1 + \[FormalK] + \[FormalN], \[FormalK]] - Binomial[\[FormalK] + \[FormalN], \[FormalK]]), {\[FormalK], 0, -2 + \[FormalN]}]]
1107	Sierpiński's second constant, K2 = lim_{n->oo} ((1/n) * (Sum_{i=1..n} A004018(i^2)) - 4/Pi * log(n))	special	64	not found	12	x, EXP, EXP, SQRT, FIVE, DIVIDE	EIGHT, PI, POWER, SIX, EXP, DIVIDE	5.803e-11	8	34.8	10.2	True	4(12 Log[Gamma[3/4]]-9 Log[Pi]+72 Log[Glaisher]-5 Log[2]+3 EulerGamma-3)/(3 Pi)
1108	Integral_{0..oo} 1/Gamma(1+x) dx, a variation of the Fransén-Robinson constant	none	64	not found	12	TWO, LOG, x, DIVIDE, SEVEN, SUBTRACT	SEVEN, GOLDENRATIO, FIVE, POWER, DIVIDE, SQR	3.881e-11	8	35.3	10.4	True	
1109	Landau-Kolmogorov constant C(4,1) for derivatives in L_2(0, infinity)	none	64	not found	12	TWO, EXP, ONE, x, SUBTRACT, POWER	FIVE, PI, POWER, INV, SIX, SUBTRACT	1.339e-12	12	34.6	11.9	True	
1110	1/A240969	none	64	not found	12	TWO, x, SUBTRACT, SQRT, EULER, DIVIDE	EIGHT, LOG, EIGHT, DIVIDE, NINE, SUBTRACT	1.241e-11	0	34.2	10.9	True	
1111	first Foias constant	special	64	not found	12	x, PI, x, POWER, LOG, POWER	FIVE, PI, POWER, INV, NINE, PLUS	6.166e-11	8	35.3	10.2	True	Root[{-(1 + 1/#1)^#1 + #1 & , 2.29316628741186103150802829125000000000007305694139121664`29.360435548444247}]
1112	zeta(2)*zeta(3)*zeta(4)*	none	64	not found	12	SIX, x, SQRT, x, POWER, SUBTRACT	EULER, FIVE, LOG, SQRT, LOG, SUBTRACT	6.487e-11	4	34.4	10.2	True	
1113	Universal parabolic constant	elementary	64	exact	9	x, TWO, SQRT, SUBTRACT	ONE, TWO, SQRT, SUBTRACT, LOG	0.000e+00	101	34.0	63.8	True	Sqrt[2] + ArcSinh[1]
1114	product_{n>=1} (n/(n+1))^((-1)^t(n)), a probabilistic counting constant, where t(n) = A010060(n) is the Thue-Morse seque	none	64	not found	12	GOLDENRATIO, x, SUBTRACT, THREE, LOG, DIVIDE	EULER, INV, GOLDENRATIO, TWO, PLUS, POWER	1.489e-10	4	34.9	9.8	True	
1115	logarithm of 10	elementary	64	exact	5	x	ONE, NINE, PLUS, LOG	0.000e+00	190	0.1	64.0	True	Log[10]
1116	y_1, the first of four non-explicit constants recursively derived from Khintchine's [Khinchin's] constant	none	64	not found	12	SIX, x, POWER, THREE, SQRT, TIMES	GOLDENRATIO, EIGHT, PLUS, SQRT, SIX, POWER	4.962e-11	0	35.8	10.3	True	
1117	Klarner-Rivest polyomino constant	none	64	not found	12	EIGHT, x, SQRT, SIX, TIMES, SUBTRACT	SEVEN, GOLDENRATIO, DIVIDE, SQR, EIGHT, POWER	1.094e-11	5	34.6	11.0	True	
1118	3D lattice sum analog of Euler γ	special	64	not found	12	x, x, POWER, FIVE, SQRT, POWER	NINE, FIVE, LOG, THREE, DIVIDE, POWER	1.472e-10	20	34.8	9.8	True	(-4*Pi)/3 + (19*Log[2])/2 - 4*Sum[((3 + 3*(-1)^\[FormalM] + (-1)^(\[FormalM] + \[FormalN]))*Csch[Pi*Sqrt[\[FormalM]^2 + \[FormalN]^2]])/Sqrt[\[FormalM]^2 + \[FormalN]^2], {\[FormalM], 1, Infinity}, {\[FormalN], 1, Infinity}]
1119	constant 1 + B3 (or 1 + B_3) related to the Mertens constant	none	64	not found	12	SEVEN, LOG, x, SUBTRACT, SQRT, EXP	FOUR, THREE, DIVIDE, EULER, PLUS, SQRT	8.213e-12	4	34.9	11.1	True	
1120	Ti_2(2+sqrt(3)), where Ti_2 is the inverse tangent integral function	none	64	not found	12	x, EIGHT, LOG, POWER, FOUR, TIMES	EULER, GOLDENRATIO, POWER, SQRT, FIVE, POWER	3.007e-11	4	34.9	10.5	True	
1121	three quarters pi	elementary	64	exact	6	x	PI, FOUR, DIVIDE, THREE, DIVIDE	0.000e+00	776	0.2	64.0	True	3*Pi/4
1122	monomer-dimer triangular constant	special	64	not found	12	FIVE, SEVEN, x, SQR, SUBTRACT, DIVIDE	THREE, SQRT, TWO, LOG, INV, SUBTRACT	4.220e-11	4	34.6	10.4	True	Exp[Integrate[Log[6 + 2*Cos[\[FormalT]] + 2*Cos[\[FormalPhi]] + 2*Cos[\[FormalT] + \[FormalPhi]]], {\[FormalT], -Pi, Pi}, {\[FormalPhi], -Pi, Pi}]/(8*Pi^2)]
1123	pi^(3/4)	elementary	64	exact	6	x	THREE, PI, POWER, SQRT, SQRT	0.000e+00	905	0.2	63.8	True	Pi^(3/4)
1124	Pi^2/(6*log 2)	elementary	64	exact	7	x	EIGHT, SQR, LOG, PI, SQR, DIVIDE	0.000e+00	1088	2.3	63.9	True	Pi^2/(6*Log[2])
1125	c = (7-sqrt(5))/2	algebraic	64	exact	4	x	GOLDENRATIO, FOUR, SUBTRACT	0.000e+00	19	0.0	63.9	True	4 - GoldenRatio
1126	ln(11)	elementary	64	exact	5	x	TWO, NINE, PLUS, LOG	0.000e+00	160	0.0	64.0	True	Log[11]
1127	asymptotic evaluation of the constrained maximum of a certain quadratic form	none	64	not found	12	SIX, SQRT, x, TIMES, TWO, PLUS	PI, EULER, SQRT, SEVEN, POWER, DIVIDE	8.153e-12	4	34.6	11.1	True	
1128	Narcissus constant	special	64	not found	12	x, LOG, SQR, FOUR, INV, PLUS	EIGHT, SQR, TWO, PLUS, INV, EXP	3.482e-11	8	35.0	10.5	True	Root[{1 + #1 - #1^(-1 + #1) & , 2.39838438278161142938900277955804885011`20.5225995583442}]
1129	Golden angle	elementary	64	exact	7	PI, x, DIVIDE	GOLDENRATIO, SQR, TWO, DIVIDE	0.000e+00	1798	2.4	64.0	True	(2*Pi)/GoldenRatio^2
1130	2*zeta(3)	special	64	not found	12	x, x, TWO, POWER, SQR, SUBTRACT	GOLDENRATIO, FOUR, DIVIDE, PI, EXP, PLUS	1.548e-10	5	34.5	9.8	True	2*Zeta[3]
1131	first zero of the Bessel function J_0(z)	special	64	not found	12	x, EXP, FOUR, SQR, SUBTRACT, LOG	PI, EULER, TIMES, LOG, INV, EXP	9.029e-12	8	34.6	11.0	True	BesselJZero[0, 1]
1132	solution to the Lane-Emden equation for a sphere of polytropic index n = 2	none	32	not found	12	PI, SQRT, x, THREE, POWER, SUBTRACT	SEVEN, FIVE, POWER, THREE, TIMES, LOG	4.616e-11	4	35.2	10.3	True	
1133	Silver ratio	algebraic	64	exact	5	x	TWO, SQRT, ONE, PLUS	0.000e+00	312	0.1	64.0	True	1 + Sqrt[2]
1134	c = 2.4149..., a random mapping statistics constant such that the asymptotic expectation of the maximum rho length (grap	none	20	not found	12	x, ONE, PLUS, SQRT, x, PLUS	NINE, LOG, SQR, SEVEN, DIVIDE, EXP	3.785e-11	16	34.5	10.4	True	
1135	prod_{n>=1} (1 + 1/n^3) = cosh(sqrt(3) pi/2)/pi	elementary	64	not found	12	x, ONE, SUBTRACT, SQR, SEVEN, DIVIDE	THREE, SQRT, PI, DIVIDE, GOLDENRATIO, PLUS	1.502e-12	4	36.0	11.8	True	Cosh[Sqrt[3]*Pi/2]/Pi
1136	a constant related to the asymptotic evaluation of the Lebesgue constants L_n	none	64	not found	12	PI, THREE, x, POWER, DIVIDE, SQR	GOLDENRATIO, SQRT, SQRT, EULER, TIMES, EXP	3.651e-11	8	34.8	10.4	True	
1137	theta = 2.472548..., an auxiliary constant used to compute the best constant in Friedrichs' inequality in one dimension	none	64	not found	11	x, LOG, INV, FIVE, POWER	THREE, SQRT, EULER, SUBTRACT, SIX, TIMES	1.713e-11	8	34.4	10.8	True	
1138	Otter's weakly binary tree enumeration asymptotic constant xi	none	64	not found	12	GOLDENRATIO, LOG, x, DIVIDE, SIX, SUBTRACT	PI, INV, THREE, POWER, INV, SQRT	2.777e-11	18	34.5	10.6	True	
1139	A1*B1, the average number of non-isomorphic semisimple rings of any order, where A1 is Product_{m>1} zeta(m) and B1 is P	none	64	not found	12	TWO, x, EXP, DIVIDE, x, PLUS	GOLDENRATIO, PI, SUBTRACT, EXP, FOUR, PLUS	3.929e-10	16	34.9	9.4	True	
1140	Feigenbaum alpha	none	64	not found	12	ONE, x, NINE, POWER, SUBTRACT, SQRT	PI, SQRT, PI, POWER, EIGHT, PLUS	1.399e-10	8	37.2	9.9	True	
1141	root two pi	elementary	64	exact	5	x, SQR	PI, PI, PLUS	0.000e+00	201	0.1	63.9	True	Sqrt[2*Pi]
1142	100^(1/5)	algebraic	64	exact	7	FIVE, x, POWER	ONE, NINE, PLUS, SQR	0.000e+00	393	2.3	64.0	True	100^(1/5)
1143	a constant related to identity trees	none	64	not found	12	x, EXP, x, SQRT, SUBTRACT, SQR	SIX, SQR, SEVEN, PLUS, EULER, TIMES	1.853e-10	8	35.0	9.7	True	
1144	doubly infinite sum N_3 = Sum_{i,j,k = -inf..inf} (-1)^(i+j+k)/(i^2+j^2+k^2), a lattice constant analog of Madelung's co	none	64	not found	11	x, PI, SUBTRACT, LOG, INV, SQR	TWO, LOG, INV, THREE, PLUS	5.957e-11	4	35.3	10.2	True	
1145	sqrt(2)*exp(2*G/Pi), where G = A006752	special	64	not found	12	x, INV, ONE, SUBTRACT, x, PLUS	THREE, EIGHT, LOG, SQR, LOG, POWER	9.777e-11	4	35.4	10.0	True	Sqrt[2]*Exp[2Catalan/Pi]
1146	a variant of the Komornik-Loreti constant	none	64	not found	12	x, TWO, SUBTRACT, SQR, THREE, TIMES	NINE, GOLDENRATIO, SUBTRACT, INV, THREE, POWER	8.122e-11	8	34.3	10.1	True	
1147	(Glaisher^12/(2*Pi*e^EulerGamma))^(Pi^2/6)	special	64	not found	12	THREE, x, SIX, POWER, DIVIDE, SQRT	FIVE, EIGHT, TIMES, LOG, TWO, PLUS	3.691e-11	4	34.8	10.4	True	(Glaisher^12/(2Pi E^EulerGamma))^(Pi^2/6)
1148	ln(13)	elementary	64	exact	5	x	FOUR, NINE, PLUS, LOG	0.000e+00	146	0.1	63.9	True	Log[13]
1149	exp(gamma)/log(2), a conjectural constant related to the asymptotic counting of Mersenne primes, where gamma is Euler's 	special	64	not found	12	x, GOLDENRATIO, SUBTRACT, EULER, TIMES, SQR	FIVE, LOG, LOG, SQRT, SIX, PLUS	1.410e-10	4	35.1	9.9	True	Exp[EulerGamma]/Log[2]
1150	Sierpiński's constant	special	64	not found	12	x, LOG, ONE, SUBTRACT, SQRT, SQRT	SIX, LOG, LOG, LOG, FOUR, POWER	4.724e-11	12	34.2	10.3	True	Pi*(2*EulerGamma - Log[Pi] + 4*Log[Gamma[3/4]])
1151	Barban constant	special	64	not found	12	x, FOUR, SUBTRACT, EXP, ONE, PLUS	GOLDENRATIO, SIX, SUBTRACT, LOG, THREE, POWER	9.738e-12	4	35.6	11.0	True	Product[1 + (-1 + 3*Prime[\[FormalK]]^2)/(Prime[\[FormalK]]*(1 + Prime[\[FormalK]])*(-1 + Prime[\[FormalK]]^2)), {\[FormalK], 1, Infinity}]
1152	twenty-vertex entropy constant	algebraic	64	exact	6	x	FOUR, INV, SEVEN, SUBTRACT, SQRT	0.000e+00	1036	0.2	64.0	True	(3*Sqrt[3])/2
1153	golden root	algebraic	64	exact	3	x	GOLDENRATIO, SQR	0.000e+00	6	0.0	63.9	True	2 + 2*Cos[(2*Pi)/5]
1154	Lemniscate constant	special	64	not found	12	SEVEN, THREE, SQRT, x, POWER, DIVIDE	TWO, LOG, EIGHT, SQRT, SUBTRACT, LOG	5.252e-11	2	34.3	10.3	True	Gamma[1/4]^2/(2*Sqrt[2*Pi])
1156	positive root of the equation 13x^4 - 7x^2 - 581 = 0	algebraic	64	not found	12	EIGHT, SIX, LOG, x, PLUS, DIVIDE	TWO, LOG, SQRT, FOUR, LOG, SUBTRACT	4.842e-11	4	33.6	10.3	True	Sqrt[1/26*(7+Sqrt[30261])]
1157	sqrt(2) + sqrt(3/2)	algebraic	64	exact	7	x	SIX, SQRT, EIGHT, SQRT, SUBTRACT, INV	1.178e-15	306	2.2	63.8	True	Sqrt[2] + Sqrt[3/2]
1158	sqrt(7)	algebraic	64	exact	3	x	SEVEN, SQRT	0.000e+00	5	0.0	64.0	True	Sqrt[7]
1159	Gelfond-Schneider constant	elementary	64	exact	5	x	TWO, SQRT, TWO, POWER	0.000e+00	198	0.1	63.9	True	2^Sqrt[2]
1160	Gamma(1/3)	special	64	not found	11	x, SIX, POWER, SEVEN, PLUS, SQRT	EULER, GOLDENRATIO, PLUS, SEVEN, PLUS	6.593e-11	4	34.5	10.2	True	Gamma[1/3]
1161	coefficient 'gamma' (see formula) appearing in Otter's result concerning the asymptotics of T_n, the number of non-isomo	none	64	not found	12	THREE, x, DIVIDE, FIVE, SQR, POWER	SEVEN, SQRT, EIGHT, GOLDENRATIO, POWER, DIVIDE	1.432e-10	8	35.8	9.8	True	
1162	Khinchin's constant	special	64	not found	12	x, FIVE, FOUR, LOG, POWER, DIVIDE	EULER, THREE, SQRT, THREE, SUBTRACT, POWER	2.442e-13	4	33.7	12.6	True	Khinchin
1163	Landau-Kolmogorov constant C(5,1) for derivatives in L_2(0, infinity)	none	64	not found	12	x, FIVE, TIMES, FOUR, LOG, PLUS	PI, TWO, SUBTRACT, EULER, SUBTRACT, SQR	7.089e-11	8	33.5	10.1	True	
1164	Euler number	elementary	64	exact	2	x	EULER	0.000e+00	12	0.0	64.0	True	E
1165	pi sqrt(3)/2	elementary	64	exact	7	x	THREE, FOUR, DIVIDE, SQRT, PI, DIVIDE	0.000e+00	1825	2.3	64.0	True	Pi*Sqrt[3]/2
1166	log e^(2π)	elementary	64	exact	8	x, PI, DIVIDE, EXP, SQR	ONE, NINE, PLUS	0.000e+00	593	34.0	64.0	True	Log10[E^(2*Pi)]
1167	Sum_{k>=1} sigma(k)/2^k where sigma(k) is the sum of divisors of k, 1 <= d <= k	special	64	not found	12	PI, SQRT, x, SUBTRACT, EXP, EXP	GOLDENRATIO, EIGHT, TIMES, THREE, LOG, PLUS	1.760e-10	20	34.6	9.8	True	Sum[n/(2^n - 1), {n, 1, 500}]
1168	Ramanujan nested radical constant	algebraic	64	exact	11	x, GOLDENRATIO, x, SUBTRACT, SQR, SUBTRACT	GOLDENRATIO, FOUR, TIMES, FIVE, SUBTRACT	0.000e+00	28	34.0	64.0	True	(2 + Sqrt[5] + Sqrt[15 - 6*Sqrt[5]])/2
1169	a constant related to A006196	none	64	not found	12	x, GOLDENRATIO, SUBTRACT, EXP, GOLDENRATIO, TIMES	SIX, LOG, SEVEN, SUBTRACT, EULER, DIVIDE	8.608e-11	5	33.5	10.1	True	
1170	C_{1/2}, a constant related to Kolmogorov's inequalities	special	64	not found	12	x, INV, SQRT, GOLDENRATIO, SUBTRACT, LOG	EULER, TWO, INV, SUBTRACT, SIX, POWER	5.713e-11	0	35.0	10.2	True	Gamma[1/4]^2/(Pi*Gamma[3/4]^2)
1171	(1/sqrt(Pi) + e*erfc(-1))/2	special	64	not found	12	x, SQRT, SEVEN, PLUS, x, DIVIDE	FIVE, LOG, EULER, SUBTRACT, LOG, SQRT	1.271e-10	9	34.5	9.9	True	(1/Sqrt[Pi]+E Erfc[-1])/2
1172	'xi', an optimal stopping auxiliary constant associated with the two choice case	none	64	not found	12	GOLDENRATIO, INV, x, PLUS, NINE, DIVIDE	THREE, EXP, GOLDENRATIO, DIVIDE, EULER, SUBTRACT	1.854e-11	9	34.3	10.7	True	
1173	2*Pi*phi(0), a constant appearing in connection with a study of zeros of the integral of xi(z), where phi(t) and xi(z) a	none	64	not found	12	EIGHT, x, FOUR, SUBTRACT, SQRT, POWER	GOLDENRATIO, EULER, FIVE, LOG, POWER, SUBTRACT	4.367e-11	6	34.3	10.4	True	
1174	Fransén–Robinson constant	special	64	not found	12	FOUR, LOG, x, DIVIDE, SIX, POWER	SIX, LOG, SEVEN, POWER, FIVE, PLUS	9.535e-11	0	34.8	10.0	True	Integrate[Gamma[x]^(-1), {x, 0, Infinity}]
1175	Murata constant	special	64	not found	11	ONE, x, FOUR, DIVIDE, SQR, SUBTRACT	SIX, EXP, INV, PI, POWER	6.301e-11	17	34.5	10.2	True	Product[1 + (-1 + Prime[\[FormalK]])^(-2), {\[FormalK], 1, Infinity}]
1176	ln(17)	elementary	64	exact	5	x	EIGHT, NINE, PLUS, LOG	0.000e+00	144	0.1	64.0	True	Log[17]
1177	Born's basic potential Pi_0	none	64	not found	12	x, LOG, LOG, INV, EIGHT, PLUS	SEVEN, NINE, DIVIDE, LOG, EIGHT, DIVIDE	1.038e-11	15	35.1	11.0	True	
1178	constant appearing in the variance for searching in a digital tree	none	64	not found	12	x, FIVE, SUBTRACT, PI, POWER, LOG	THREE, SEVEN, TIMES, SQR, LOG, SQRT	1.122e-10	9	33.9	9.9	True	
1179	Hardy-Littlewood prime triples constant	special	64	not found	12	x, INV, x, SUBTRACT, SQR, LOG	SIX, THREE, SQRT, FOUR, POWER, DIVIDE	3.350e-11	12	34.6	10.5	True	(9*Product[((-3 + Prime[\[FormalK]])*Prime[\[FormalK]]^2)/(-1 + Prime[\[FormalK]])^3, {\[FormalK], 3, Infinity}])/2
1180	(diagonal)/(shortest side) of 2nd electrum rectangle	none	64	exact	8	x, SQR	TWO, SIX, TIMES, SQRT, FIVE, PLUS	0.000e+00	1237	35.4	63.8	True	
1181	a second variant of the Komornik-Loreti constant	none	64	not found	12	x, EXP, FIVE, DIVIDE, LOG, SQR	PI, SQRT, LOG, SIX, SUBTRACT, LOG	4.208e-11	15	33.8	10.4	True	
1182	ln(19)	elementary	64	exact	6	x	FOUR, SQR, THREE, PLUS, LOG	0.000e+00	372	0.2	63.9	True	Log[19]
1183	Otter's rooted tree constant	none	64	not found	12	x, EULER, DIVIDE, EXP, FOUR, SUBTRACT	TWO, SQRT, SEVEN, DIVIDE, SQRT, SQRT	2.824e-11	9	34.9	10.5	True	
1184	Landau-Kolmogorov constant C(4,2) for derivatives in L_2(0, infinity)	none	64	not found	12	x, EIGHT, SUBTRACT, EIGHT, DIVIDE, SQR	SEVEN, SQRT, EULER, FOUR, PLUS, DIVIDE	4.629e-11	5	35.4	10.3	True	
1185	B, a constant related to the Goh-Schmutz constant and the asymptotic expected order of a random permutation	none	64	not found	12	FIVE, x, PI, SUBTRACT, DIVIDE, INV	EULER, GOLDENRATIO, LOG, PI, PLUS, POWER	9.022e-11	18	33.5	10.0	True	
1186	oloid volume constant	special	64	not found	12	TWO, SQRT, x, SUBTRACT, LOG, LOG	ONE, NINE, SEVEN, SQRT, DIVIDE, SUBTRACT	1.893e-10	2	33.0	9.7	True	(2*(2*EllipticE[3/4] + EllipticK[3/4]))/3
1187	Landau-Kolmogorov constant C(3,1) for derivatives in the case L_infinity(0, infinity)	algebraic	64	exact	8	THREE, x, POWER	EIGHT, FIVE, THREE, POWER, DIVIDE	0.000e+00	3637	34.1	64.0	True	(243/8)^(1/3)
1188	sqrt(480)/7	algebraic	64	exact	9	FOUR, x, DIVIDE	SEVEN, FIVE, SIX, TIMES, SQRT, DIVIDE	0.000e+00	1139	34.0	64.0	True	Sqrt[480]/7
1189	ln(23)	elementary	64	exact	6	x	FOUR, SQR, SEVEN, PLUS, LOG	0.000e+00	366	0.2	63.8	True	Log[23]
1190	Ramanujan's π-approximation constant	elementary	64	false positive	2	x	PI	0.000e+00	7	0.0	16.2	True	Log[262537412640768000]/Sqrt[163]
1191	Pi	elementary	64	exact	2	x	PI	0.000e+00	7	0.0	64.0	True	Pi
1192	mean value over all positive integers of a function giving the least quadratic nonresidue modulo a given odd integer (th	none	64	not found	12	GOLDENRATIO, LOG, x, FIVE, TIMES, SUBTRACT	EULER, EXP, SQR, PI, PLUS, SQRT	8.739e-11	17	34.2	10.1	True	
1193	10^(1/2)	algebraic	64	exact	5	x	ONE, NINE, PLUS, SQRT	0.000e+00	204	0.0	64.0	True	10^(1/2)
1194	C = log(2*Pi) + B_3 (where B_3 is A083343), one of Euler totient constants	none	64	not found	12	GOLDENRATIO, x, POWER, SIX, SUBTRACT, INV	TWO, SQRT, EULER, PLUS, TWO, SUBTRACT	3.695e-11	15	35.0	10.4	True	
1195	plate constant	special	64	not found	12	TWO, x, SUBTRACT, EXP, EIGHT, POWER	EIGHT, GOLDENRATIO, NINE, PLUS, LOG, POWER	1.804e-11	9	34.4	10.7	True	ConditionalExpression[Extension`PlateConstant == \[FormalX], BesselI[1, \[FormalX]]*BesselJ[0, \[FormalX]] + BesselI[0, \[FormalX]]*BesselJ[1, \[FormalX]] == 0 && 3 < \[FormalX] < 7/2]
1196	square of the constant A130834	special	64	not found	12	x, FOUR, SUBTRACT, PI, TIMES, SQR	GOLDENRATIO, FIVE, SUBTRACT, SQRT, EIGHT, SUBTRACT	1.609e-11	16	34.0	10.8	True	Exp[4*Catalan/Pi]
1197	1 + sqrt(5)	algebraic	64	exact	4	x	GOLDENRATIO, GOLDENRATIO, PLUS	0.000e+00	30	0.0	63.9	True	1 + Sqrt[5]
1198	Pálfy's constant c_3	elementary	64	exact	10	THREE, x, NINE, POWER, POWER	FIVE, EIGHT, NINE, TIMES, POWER	0.000e+00	123	34.7	64.0	True	5/3 + Log[9, 32]
1199	rayleigh kurtosis	elementary	64	exact	11	x, SIX, SUBTRACT, SQRT, TWO, PLUS	PI, FOUR, SUBTRACT, PI, DIVIDE	4.105e-16	17	37.0	64.0	True	(32 - 3*Pi^2)/(4 - Pi)^2
1200	silver root	algebraic	64	not found	12	TWO, SQRT, x, FIVE, PLUS, POWER	THREE, SEVEN, SIX, LOG, POWER, DIVIDE	2.402e-11	14	33.9	10.6	True	2 + 2*Cos[(2*Pi)/7]
1201	Lévy's constant 2	elementary	64	exact	9	x, SQR, LOG	EIGHT, SQR, LOG, PI, SQR, DIVIDE	0.000e+00	1206	34.6	64.0	True	E^(Pi^2/(12*Log[2]))
1202	a constant related to A000620, A000622, A000623 and A000625	none	64	not found	12	TWO, LOG, SIX, DIVIDE, x, POWER	SEVEN, SQR, NINE, PI, POWER, SUBTRACT	2.133e-11	6	34.4	10.7	True	
1203	y_2, the second of four non-explicit constants recursively derived from Khintchine's [Khinchin's] constant	none	64	not found	12	x, INV, ONE, PLUS, FOUR, DIVIDE	SEVEN, THREE, DIVIDE, NINE, PLUS, SQRT	7.033e-11	9	37.8	10.2	True	
1204	sqrt(11)	algebraic	64	exact	5	x	TWO, NINE, PLUS, SQRT	0.000e+00	158	0.1	64.0	True	Sqrt[11]
1205	average value of the Yekutieli-Mandelbrot parameter, that is the average number of maximal subtrees of an ordered binary	special	64	not found	12	PI, FOUR, PLUS, LOG, x, TIMES	EULER, THREE, DIVIDE, SQRT, SIX, POWER	2.404e-10	5	35.6	9.6	True	2*Catalan/(Pi*Log[2])+5/2
1206	Reciprocal Fibonacci constant	special	64	not found	12	x, LOG, LOG, SQR, EIGHT, DIVIDE	GOLDENRATIO, EIGHT, POWER, SQRT, EULER, POWER	5.990e-11	9	37.2	10.2	True	(Sqrt[5]*(EllipticTheta[2, 0, GoldenRatio^(-2)]^2 + (Log[5] + 2*QPolyGamma[0, 1, GoldenRatio^(-4)] - 4*QPolyGamma[0, 1, GoldenRatio^(-2)])/(2*Log[(1 + Sqrt[5])/2])))/4
1207	van der Corput constant	special	64	not found	12	PI, SQRT, EXP, x, POWER, SQRT	TWO, LOG, SQR, SIX, SQR, SUBTRACT	3.754e-10	6	35.3	9.4	True	With[{\[FormalX] = Root[{Cos[#1]*FresnelS[Sqrt[1 - (2*#1)/Pi]] + FresnelC[Sqrt[1 - (2*#1)/Pi]]*Sin[#1] & , -0.726643246813242509590219555941985563257278933469994008688`30.}]}, 2*(Cos[\[FormalX]]*FresnelC[Sqrt[1 - (2*\[FormalX])/Pi]] - FresnelS[Sqrt[1 - (2*\[FormalX])/Pi]]*Sin[\[FormalX]])*Sqrt[Pi]]
1208	ln(29)	elementary	64	exact	6	x	FIVE, SQR, FOUR, PLUS, LOG	0.000e+00	372	0.3	64.0	True	Log[29]
1209	Magata constant	special	64	not found	12	x, SEVEN, SUBTRACT, LOG, EIGHT, POWER	SEVEN, NINE, SQR, DIVIDE, EULER, PLUS	1.843e-11	14	36.0	10.7	True	ConditionalExpression[Extension`MagataConstant == Limit[Sum[Subscript[\[FormalC], \[FormalK]], {\[FormalK], 1, \[FormalN]}], \[FormalN] -> Infinity], Sum[Subscript[\[FormalC], \[FormalK]]*Product[-1 - \[FormalJ] + \[FormalM], {\[FormalJ], 0, -1 + \[FormalK]}], {\[FormalK], 0, -1 + \[FormalN]}] == Prime[\[FormalM]] && \[FormalM] <= \[FormalN]]
1210	meander critical exponent	algebraic	64	exact	10	ONE, x, INV, SUBTRACT, x, DIVIDE	FIVE, SIX, INV, SUBTRACT	0.000e+00	39	35.6	64.0	True	(29 + Sqrt[145])/12
1211	ln(31)	elementary	64	exact	6	x	FIVE, SQR, SIX, PLUS, LOG	0.000e+00	354	0.2	63.9	True	Log[31]
1212	y_4, the last of four non-explicit constants recursively derived from Khintchine's [Khinchin's] constant	none	64	not found	12	SIX, FIVE, x, EXP, SUBTRACT, DIVIDE	GOLDENRATIO, FIVE, SUBTRACT, LOG, SQR, EXP	1.957e-11	14	35.8	10.7	True	
1213	1 + sqrt(6)	algebraic	64	exact	5	x	SIX, SQRT, ONE, PLUS	0.000e+00	207	0.1	64.0	True	1+Sqrt[6]
1214	best constant K for the integral inequality integral_{0..1} f(x)^2*f'(x)^2 dx <= K*integral_{0..1} f'(x)^4 dx	none	64	not found	11	EULER, TWO, x, SUBTRACT, POWER	EULER, NINE, PLUS, INV, EULER, PLUS	6.507e-11	6	35.6	10.2	True	
1215	Product_{k>=1} (1-1/2^k)^(-1)	special	64	not found	12	PI, x, SUBTRACT, EIGHT, POWER, EXP	FIVE, SEVEN, TIMES, INV, SEVEN, PLUS	5.110e-14	2	36.2	13.3	True	1/QPochhammer[1/2, 1/2]
1216	square root of 12	algebraic	64	exact	5	x	TWO, SIX, TIMES, SQRT	0.000e+00	397	0.1	64.0	True	Sqrt[12]
1217	C, a coin tossing constant related to the asymptotic variance of the length of the longest run of consecutive heads	elementary	64	exact	11	TWO, INV, x, SIX, TIMES, SUBTRACT	TWO, LOG, PI, DIVIDE, SQR	1.266e-16	20	35.5	64.0	True	1/12 + Pi^2/(6*Log[2]^2)
1218	gamma = 8*lambda^2, a critical threshold of a boundary value problem, where lambda is Laplace's limit constant A033259	none	64	not found	12	NINE, x, TWO, POWER, SUBTRACT, LOG	TWO, SQRT, NINE, LOG, SUBTRACT, SQRT	6.332e-11	14	35.6	10.2	True	
1219	infinite product constant	special	64	not found	12	x, FIVE, DIVIDE, EXP, FIVE, SUBTRACT	FOUR, SQR, GOLDENRATIO, SQR, EXP, DIVIDE	1.631e-10	14	36.1	9.8	True	Product[(1 + \[FormalK]^(-1))^\[FormalK]^(-1), {\[FormalK], 1, Infinity}]
1220	log 10800/π	elementary	64	not found	11	EULER, x, SUBTRACT, x, TIMES, EXP	TWO, EXP, PI, SUBTRACT, SQR	8.678e-11	9	36.3	10.1	True	Log10[10800/Pi]
1221	accumulation point of the logistic map	none	64	not found	12	x, FOUR, SUBTRACT, SQRT, SIX, TIMES	PI, EIGHT, DIVIDE, LOG, THREE, PLUS	1.464e-11	17	35.7	10.8	True	
1222	sqrt(13)	algebraic	64	exact	5	x	FOUR, NINE, PLUS, SQRT	0.000e+00	159	0.1	64.0	True	Sqrt[13]
1223	4*(8 - 4*sqrt(2) - log(2))/(2*sqrt(2) - 1)	elementary	64	not found	12	x, GOLDENRATIO, POWER, x, SQRT, POWER	EULER, EXP, TWO, TIMES, EIGHT, PLUS	1.269e-10	18	36.7	9.9	True	4(8-4Sqrt[2]-Log[2])/(2Sqrt[2]-1)
1224	ln(37)	elementary	64	exact	6	x	SIX, SQR, ONE, PLUS, LOG	0.000e+00	294	0.3	64.0	True	Log[37]
1225	2 + phi, with the golden section phi from A001622	algebraic	64	exact	4	x	GOLDENRATIO, TWO, PLUS	0.000e+00	21	0.0	64.0	True	2 + GoldenRatio
1226	Gamma(1/4)	special	64	not found	12	x, GOLDENRATIO, POWER, NINE, LOG, PLUS	EULER, SQRT, PI, SUBTRACT, FOUR, POWER	6.976e-11	9	35.7	10.2	True	Gamma[1/4]
1227	'theta', the unique positive root of the equation polygamma(x) = log(Pi), where polygamma(x) gives gamma'(x)/gamma(x), t	none	64	not found	12	x, EXP, PI, LOG, POWER, LOG	TWO, PI, SQRT, FOUR, TIMES, SUBTRACT	1.596e-11	17	36.8	10.8	True	
1228	(65 + 9*sqrt(3))/22	algebraic	64	exact	9	x, FIVE, SUBTRACT	THREE, SQRT, FIVE, PLUS, NINE, DIVIDE	0.000e+00	105	36.7	64.0	True	(65+9Sqrt[3])/22
1229	Sum_{n>=1} prime(n)/(2^n)	special	64	not found	12	SEVEN, LOG, x, SUBTRACT, SQR, SQR	SEVEN, GOLDENRATIO, LOG, DIVIDE, NINE, SUBTRACT	2.350e-10	15	39.2	9.6	True	Sum[Prime[i]/2^i,{i,1000}]
1230	ln(41)	elementary	64	exact	6	x	SIX, SQR, FIVE, PLUS, LOG	0.000e+00	292	0.2	64.0	True	Log[41]
1231	ln(43)	elementary	64	exact	6	x	SIX, SQR, SEVEN, PLUS, LOG	0.000e+00	297	0.2	64.0	True	Log[43]
1232	ln(47)	elementary	64	exact	6	x	TWO, SEVEN, SQR, SUBTRACT, LOG	0.000e+00	317	0.2	64.0	True	Log[47]
1233	an optimal stopping constant related to the Secretary problem	none	64	not found	12	x, LOG, SQR, NINE, LOG, POWER	EULER, INV, PI, SUBTRACT, SEVEN, SUBTRACT	1.268e-11	5	35.8	10.9	True	
1234	2D lattice sum analog of Euler γ	special	64	not found	12	GOLDENRATIO, TWO, x, SUBTRACT, DIVIDE, EXP	SEVEN, PI, GOLDENRATIO, PLUS, SQR, DIVIDE	5.058e-11	5	35.9	10.3	True	-2*Zeta[1/2]*(Zeta[1/2, 1/4] - Zeta[1/2, 3/4])
1235	-zeta'(1/2)	special	64	not found	12	NINE, EIGHT, DIVIDE, EXP, x, DIVIDE	SEVEN, INV, EXP, THREE, DIVIDE, SQRT	2.135e-10	17	35.6	9.7	True	-Derivative[1][Zeta][1/2]
1236	ln(53)	elementary	64	exact	6	x	SEVEN, SQR, FOUR, PLUS, LOG	0.000e+00	314	0.2	64.0	True	Log[53]
1237	1000^(1/5)	algebraic	64	exact	8	FIVE, x, POWER	THREE, FIVE, POWER, EIGHT, TIMES	0.000e+00	890	34.9	64.0	True	1000^(1/5)
1239	ln(59)	elementary	64	exact	6	x	FIVE, EIGHT, SQR, SUBTRACT, LOG	0.000e+00	305	0.2	64.0	True	Log[59]
1240	ln(61)	elementary	64	exact	6	x	THREE, EIGHT, SQR, SUBTRACT, LOG	0.000e+00	306	0.2	64.0	True	Log[61]
1241	sqrt(17)	algebraic	64	exact	5	x	EIGHT, NINE, PLUS, SQRT	0.000e+00	138	0.1	64.0	True	Sqrt[17]
1242	sqrt(2*Pi*e)	elementary	64	exact	7	x	PI, PI, PLUS, EULER, TIMES, SQRT	0.000e+00	688	2.4	64.0	True	Sqrt[2Pi E]
1243	Hardy-Littlewood prime quadruples constant	special	64	not found	12	x, TWO, PLUS, EXP, ONE, PLUS	PI, SQR, NINE, POWER, LOG, SQR	2.659e-11	1	36.5	10.6	True	(27*Product[((-4 + Prime[\[FormalK]])*Prime[\[FormalK]]^3)/(-1 + Prime[\[FormalK]])^4, {\[FormalK], 3, Infinity}])/2
1244	four thirds pi	elementary	64	exact	6	x, FOUR, DIVIDE	PI, THREE, DIVIDE	0.000e+00	673	0.2	64.0	True	4*Pi/3
1245	ln(67)	elementary	64	exact	6	x	EIGHT, SQR, THREE, PLUS, LOG	0.000e+00	285	0.2	64.0	True	Log[67]
1246	(4*sqrt(2)*Pi^2)/gamma(1/4)^2	special	64	not found	11	x, SIX, TIMES, LOG, SQR	THREE, LOG, INV, EXP, EIGHT, PLUS	1.828e-10	5	36.6	9.7	True	(4*Sqrt[2]*Pi^2)/Gamma[1/4]^2
1247	ln(71)	elementary	64	exact	6	x	EIGHT, SQR, SEVEN, PLUS, LOG	0.000e+00	271	0.2	64.0	True	Log[71]
1248	Pi*e/2	elementary	64	exact	6	x	PI, TWO, DIVIDE, EULER, DIVIDE	2.080e-16	682	0.2	64.0	True	(Pi*E)/2
1249	ln(73)	elementary	64	exact	6	x	EIGHT, SQR, NINE, PLUS, LOG	0.000e+00	261	0.2	64.0	True	Log[73]
1250	asymptotic value of the second raw moment of the maximal exponent in the prime factorizations of n (A051903)	special	64	not found	12	EULER, EXP, x, SEVEN, DIVIDE, POWER	PI, GOLDENRATIO, NINE, SUBTRACT, EXP, SUBTRACT	2.118e-10	9	38.0	9.7	True	1 + Sum[(2*j - 1)*(1 - 1/Zeta[j]), {j, 2, 400}]
1251	Korn constant	rational	64	exact	7	x	SEVEN, INV, TWO, SUBTRACT, EIGHT, DIVIDE	0.000e+00	1097	2.4	64.0	True	56/13
1252	alpha, the unique solution on [2,oo) of the equation alpha*log((2*e)/alpha)=1	special	64	exact	8	x, INV, EXP, x, TIMES	EULER, EULER, PLUS	0.000e+00	75	35.7	64.0	True	-1/ProductLog[-1/(2*E)]
1253	sqrt(19)	algebraic	64	exact	6	x	FOUR, SQR, THREE, PLUS, SQRT	0.000e+00	408	0.2	64.0	True	Sqrt[19]
1254	ln(79)	elementary	64	exact	6	x	TWO, NINE, SQR, SUBTRACT, LOG	0.000e+00	241	0.2	64.0	True	Log[79]
1255	Hayman constant	special	64	not found	12	FIVE, INV, SIX, POWER, x, SUBTRACT	EULER, SEVEN, TIMES, LOG, INV, INV	6.680e-11	10	34.6	10.2	True	Gamma[1/4]^4/(4*Pi^2)
1256	ln(83)	elementary	64	exact	6	x	NINE, SQR, TWO, PLUS, LOG	0.000e+00	230	0.2	64.0	True	Log[83]
1257	pi(2)^(1/2)	elementary	64	exact	5	x	TWO, SQRT, PI, TIMES	0.000e+00	219	0.0	64.0	True	Pi*2^(1/2)
1258	ln(89)	elementary	64	exact	6	x	NINE, SQR, EIGHT, PLUS, LOG	0.000e+00	215	0.2	64.0	True	Log[89]
1259	Freiman constant	algebraic	64	not found	12	x, SIX, DIVIDE, GOLDENRATIO, PLUS, LOG	PI, EIGHT, DIVIDE, SQR, SEVEN, DIVIDE	3.728e-11	9	34.8	10.4	True	(2221564096 + 283748*Sqrt[462])/491993569
1260	Van der Pauw constant	elementary	64	exact	5	x	TWO, LOG, PI, DIVIDE	0.000e+00	236	0.1	64.0	True	Pi/Log[2]
1261	Gasper constant	algebraic	64	not found	12	PI, x, DIVIDE, SIX, INV, PLUS	PI, INV, EIGHT, POWER, PI, DIVIDE	1.156e-10	10	35.1	9.9	True	Root[-1134 - 3780*#1 - 5013*#1^2 - 3247*#1^3 - 948*#1^4 - 14*#1^5 + 55*#1^6 + 9*#1^7 & , 1]
1262	ln(97)	elementary	64	exact	7	x	FOUR, SQR, NINE, SQR, PLUS, LOG	0.000e+00	434	2.3	64.0	True	Log[97]
1263	2ln(10)	elementary	64	exact	6	x	ONE, NINE, PLUS, SQR, LOG	0.000e+00	442	0.2	64.0	True	2*Log[10]
1264	100^(1/3)	algebraic	64	exact	7	THREE, x, POWER	ONE, NINE, PLUS, SQR	0.000e+00	675	2.2	64.0	True	100^(1/3)
1265	Product_{p prime} (1 + 1/p^(4/3) + 1/p^(5/3))	none	64	not found	12	x, LOG, SIX, DIVIDE, FIVE, SUBTRACT	GOLDENRATIO, EXP, FOUR, PLUS, SQRT, LOG	8.578e-11	6	34.1	10.1	True	
1266	Feigenbaum delta	none	64	not found	12	x, FOUR, DIVIDE, EXP, PI, PLUS	FOUR, LOG, LOG, SQRT, PI, DIVIDE	2.117e-11	6	33.9	10.7	True	
1267	3pi/2	elementary	64	exact	6	x	PI, TWO, DIVIDE, THREE, DIVIDE	0.000e+00	1081	0.2	64.0	True	3*Pi/2
1268	rod constant	special	64	not found	12	x, LOG, EXP, x, SUBTRACT, INV	FIVE, SQR, FOUR, POWER, FIVE, SUBTRACT	3.755e-15	33	33.7	nan	False	Root[{-1 + Cos[#1]*Cosh[#1] & , 4.730040744862704026`19.67486488179338}]
1269	sqrt(23)	algebraic	64	exact	6	x	FOUR, SQR, SEVEN, PLUS, SQRT	0.000e+00	402	0.2	64.0	True	Sqrt[23]
1270	John constant lower bound	special	64	exact	4	x	PI, EXP, SQRT	0.000e+00	34	0.0	64.0	True	I^(-I)
1271	two-arc beam detection constant	special	64	not found	12	x, x, x, LOG, POWER, SUBTRACT	EULER, NINE, TIMES, INV, FOUR, PLUS	1.942e-10	10	34.7	9.7	True	ConditionalExpression[Extension`TwoArcApproximationBeamDetectionConstant == -2*\[FormalA] - \[FormalB] + 2*Pi - Cos[\[FormalB]/2] + Sec[\[FormalB]/2] + 2*Tan[\[FormalA]/2] + Sin[\[FormalB]/2]*Tan[\[FormalA]/2], \[FormalA] == 4*ArcTan[Sqrt[\[FormalC]]] && \[FormalB] == 2*ArcSin[2*Cos[\[FormalA]]] && \[FormalB] == 2*ArcSin[2*Cos[\[FormalA]]] && \[FormalC] == Root[1 + 65*\[FormalX] - 2139*\[FormalX]^2 + 20476*\[FormalX]^3 - 78054*\[FormalX]^4 + 126214*\[FormalX]^5 - 78054*\[FormalX]^6 + 20476*\[FormalX]^7 - 2139*\[FormalX]^8 + 65*\[FormalX]^9 + \[FormalX]^10, \[FormalX], 4]]
1272	second moment of the reciprocal gamma distribution	none	64	not found	12	THREE, x, SUBTRACT, TWO, DIVIDE, LOG	PI, EIGHT, POWER, FIVE, DIVIDE, SQRT	4.636e-12	6	34.6	11.3	True	
1273	unique solution > 1 of the equation x*log(x)=2(x-1)	none	64	exact	8	x, EULER, x, SQRT, DIVIDE, POWER	EULER, INV	0.000e+00	88	33.8	64.0	True	
1274	xi_3 = 5*G, the volume of an ideal hyperbolic cube, where G is Gieseking's constant	none	64	not found	12	SEVEN, x, SQR, DIVIDE, FOUR, SUBTRACT	GOLDENRATIO, SIX, DIVIDE, PI, SUBTRACT, SQR	4.815e-12	6	34.0	11.3	True	
1275	'lambda', a Sobolev isoperimetric constant related to the "rod inequality", arising from the elasticity study of a rod t	none	64	not found	12	x, SIX, SUBTRACT, INV, SIX, POWER	PI, THREE, EXP, SUBTRACT, LOG, SQR	1.713e-11	2	33.3	10.8	True	
1276	Lower limit of backward value of 5^n	none	64	not found	12	x, THREE, SUBTRACT, EXP, FOUR, DIVIDE	PI, PI, POWER, NINE, INV, PLUS	1.372e-11	16	33.7	10.9	True	
1277	hypersphere maximal volume dimension constant	special	64	not found	12	x, x, LOG, EXP, SUBTRACT, INV	FIVE, INV, SQR, INV, FOUR, POWER	3.717e-15	39	35.0	nan	False	Root[{-2 + Log[Pi]*#1 - PolyGamma[0, #1/2]*#1 & , 5.25694640486057678013283838869`29.720733549361597}]
1278	2*Pi^2*log(2) - 7*zeta(3)	special	64	not found	12	NINE, x, NINE, DIVIDE, SQRT, POWER	GOLDENRATIO, SQRT, EULER, DIVIDE, NINE, PLUS	1.051e-11	5	34.1	11.0	True	2Pi^2Log[2]-7Zeta[3]
1279	log 648000/π	elementary	64	not found	12	x, x, LOG, EXP, SUBTRACT, INV	FIVE, INV, SQR, INV, FOUR, POWER	3.677e-15	35	33.5	nan	False	Log10[648000/Pi]
1280	Pi*csc(Pi/5)	elementary	64	exact	9	x, TWO, DIVIDE	PI, GOLDENRATIO, THREE, SUBTRACT, SQRT, DIVIDE	0.000e+00	536	34.0	64.0	True	Pi*Csc[Pi/5]
1281	sqrt(29)	algebraic	64	exact	6	x	FIVE, SQR, FOUR, PLUS, SQRT	0.000e+00	417	0.3	64.0	True	Sqrt[29]
1282	analog of Lévy's constant in case of the nearest integer continued fraction of -1/2<x<1/2	elementary	64	exact	10	x, LOG, GOLDENRATIO, POWER	SIX, PI, SQR, DIVIDE, EXP, SQRT	0.000e+00	306	33.8	64.0	True	Exp[Pi^2/(12*Log[GoldenRatio])]
1283	sqrt(31)	algebraic	64	exact	6	x	FIVE, SQR, SIX, PLUS, SQRT	0.000e+00	384	0.2	64.0	True	Sqrt[31]
1284	pi^(3/2)	elementary	64	exact	5	x	THREE, PI, POWER, SQRT	0.000e+00	494	0.0	64.0	True	Pi^(3/2)
1285	1000^(1/4)	algebraic	64	exact	8	x, SQR	THREE, FIVE, POWER, EIGHT, TIMES, SQRT	0.000e+00	2824	33.7	64.0	True	1000^(1/4)
1286	a constant related to A000151	none	64	not found	12	x, x, LOG, EXP, SUBTRACT, INV	FIVE, SQR, FOUR, POWER, SIX, SUBTRACT	3.775e-15	43	35.0	nan	False	
1287	c for which b(n+1) = c^(b(n)/n) neither explodes nor converges (A278453)	none	64	not found	12	THREE, x, SUBTRACT, x, POWER, SQRT	GOLDENRATIO, EIGHT, SQRT, GOLDENRATIO, PLUS, POWER	1.162e-10	5	34.7	9.9	True	
1288	'lambda', a Sobolev isoperimetric constant related to the "membrane inequality", arising from the study of a vibrating m	none	64	not found	12	PI, SEVEN, LOG, x, SUBTRACT, DIVIDE	GOLDENRATIO, NINE, POWER, SEVEN, DIVIDE, EXP	3.597e-11	8	33.9	10.4	True	
1289	zeta(3/4) * Product_{p prime} (1 + 1/p^(5/4) - 1/p^2 - 1/p^(9/4)) (negated)	none	64	not found	12	x, x, LOG, EXP, SUBTRACT, INV	FIVE, SQR, FOUR, POWER, SIX, SUBTRACT	3.630e-15	45	33.9	nan	False	
1290	sqrt(37)	algebraic	64	exact	6	x	SIX, SQR, ONE, PLUS, SQRT	0.000e+00	321	0.2	64.0	True	Sqrt[37]
1291	Tau	elementary	64	exact	4	x	PI, PI, PLUS	0.000e+00	32	0.0	64.0	True	2*Pi
1292	2 Pi/sin(arctan(2 Pi))	elementary	64	exact	8	x, SQR	PI, PI, PLUS, SQR, ONE, PLUS	0.000e+00	662	34.3	64.0	True	2*Pi/Sin[ArcTan[2*Pi]]
1293	sqrt(41)	algebraic	64	exact	6	x	SIX, SQR, FIVE, PLUS, SQRT	0.000e+00	310	0.3	64.0	True	Sqrt[41]
1294	sqrt(43)	algebraic	64	exact	6	x	SIX, SQR, SEVEN, PLUS, SQRT	0.000e+00	300	0.2	64.0	True	Sqrt[43]
1295	Froda constant	elementary	64	exact	4	x	EULER, TWO, POWER	1.350e-16	35	0.0	64.0	True	2^E
1296	(real) period of the elliptic function sn(x,1/2)	special	64	not found	12	x, SQRT, SQR, x, SUBTRACT, INV	FIVE, SQR, FOUR, POWER, FOUR, SUBTRACT	4.215e-15	36	33.7	nan	False	8*EllipticK[-1/3]/Sqrt[3]
1297	sqrt(47)	algebraic	64	exact	6	x	TWO, SEVEN, SQR, SUBTRACT, SQRT	0.000e+00	314	0.2	64.0	True	Sqrt[47]
1298	3ln(10)	elementary	64	exact	7	x	THREE, FIVE, POWER, EIGHT, TIMES, LOG	0.000e+00	943	2.3	64.0	True	3*Log[10]
1299	John constant upper bound	special	64	not found	12	SIX, x, SUBTRACT, EXP, TWO, POWER	THREE, GOLDENRATIO, DIVIDE, EXP, EIGHT, PLUS	9.218e-11	5	34.9	10.0	True	ConditionalExpression[Extension`JohnConstantUpperBound == Exp[\[FormalLambda]*Pi], Pi/Exp[2*\[FormalLambda]*Pi] == Sum[(\[FormalK]*Exp[-1/2*(\[FormalK]*Pi)/\[FormalLambda]])/(\[FormalK]^2 + \[FormalLambda]^2), {\[FormalK], 1, Infinity}]]
1300	hypersphere maximal surface area dimension constant	special	64	not found	12	x, LOG, EXP, x, SUBTRACT, INV	FIVE, SQR, FOUR, POWER, EIGHT, SUBTRACT	3.916e-15	39	39.7	nan	False	Root[{Log[Pi] - PolyGamma[0, #1/2] & , 7.25694640486057678013283838869`29.860753915673623}]
1301	sqrt(53)	algebraic	64	exact	6	x	SEVEN, SQR, FOUR, PLUS, SQRT	0.000e+00	331	0.3	64.0	True	Sqrt[53]
1302	c_o, coefficient associated with the asymptotic evaluation c_o*2^(n^2/4) of the number of subspaces of the n-dimensional	none	64	not found	12	x, THREE, LOG, SEVEN, PLUS, SUBTRACT	PI, GOLDENRATIO, DIVIDE, LOG, GOLDENRATIO, POWER	1.107e-10	9	35.9	10.0	True	
1303	c_e, coefficient associated with the asymptotic evaluation c_e*2^(n^2/4) of the number of subspaces of the n-dimensional	none	64	not found	12	x, LOG, EXP, x, SUBTRACT, INV	FIVE, SQR, FOUR, POWER, EIGHT, SUBTRACT	3.855e-15	52	36.5	nan	False	
1304	e^2	elementary	64	exact	3	x	TWO, EXP	0.000e+00	18	0.0	64.0	True	E^2
1305	sqrt(59)	algebraic	64	exact	6	x	FIVE, EIGHT, SQR, SUBTRACT, SQRT	0.000e+00	328	0.2	64.0	True	Sqrt[59]
1306	digital search tree θ constant	special	64	not found	12	x, SIX, EXP, SUBTRACT, SIX, POWER	EULER, SIX, SUBTRACT, EXP, SQR, EXP	0.000e+00	14	38.5	nan	False	Sum[(2^(((-1 + \[FormalK])*\[FormalK])/2)*\[FormalK]*Sum[(-1 + 2^\[FormalI])^(-1), {\[FormalI], 1, \[FormalK]}])/Product[-1 + 2^\[FormalJ], {\[FormalJ], 1, \[FormalK]}], {\[FormalK], 1, Infinity}]
1307	sqrt(61)	algebraic	64	exact	6	x	THREE, EIGHT, SQR, SUBTRACT, SQRT	0.000e+00	325	0.2	64.0	True	Sqrt[61]
1308	Sierpiński's third constant, K3 = lim_{n->oo} ((1/n) * (Sum_{i=1..n} (A004018(i))^2) - 4 * log(n))	special	64	not found	12	x, SIX, EXP, SUBTRACT, SIX, POWER	SIX, GOLDENRATIO, POWER, SQR, NINE, POWER	0.000e+00	24	36.1	nan	False	4/3 (24*Log[Gamma[3/4]] - 12*Log[Pi] + 72*Log[Glaisher] - 5*Log[2] + 6*EulerGamma - 3)
1309	sqrt(67)	algebraic	64	exact	6	x	EIGHT, SQR, THREE, PLUS, SQRT	0.000e+00	285	0.2	64.0	True	Sqrt[67]
1310	sqrt(71)	algebraic	64	exact	6	x	EIGHT, SQR, SEVEN, PLUS, SQRT	0.000e+00	271	0.2	64.0	True	Sqrt[71]
1311	sqrt(73)	algebraic	64	exact	6	x	EIGHT, SQR, NINE, PLUS, SQRT	0.000e+00	286	0.2	64.0	True	Sqrt[73]
1312	polygon circumscription constant	special	64	not found	12	x, SIX, EXP, SUBTRACT, SIX, POWER	EULER, EXP, GOLDENRATIO, POWER, GOLDENRATIO, POWER	0.000e+00	4	34.6	nan	False	Product[Sec[Pi/\[FormalK]], {\[FormalK], 3, Infinity}]
1313	sqrt(79)	algebraic	64	exact	6	x	TWO, NINE, SQR, SUBTRACT, SQRT	0.000e+00	260	0.2	64.0	True	Sqrt[79]
1314	sqrt(83)	algebraic	64	exact	6	x	NINE, SQR, TWO, PLUS, SQRT	0.000e+00	247	0.2	64.0	True	Sqrt[83]
1315	4ln(10)	elementary	64	exact	7	x	ONE, NINE, PLUS, SQR, SQR, LOG	0.000e+00	916	2.2	64.0	True	4*Log[10]
1316	Varga's constant	none	64	not found	12	TWO, x, SUBTRACT, TWO, POWER, SQRT	PI, SQRT, EIGHT, SQR, LOG, POWER	2.296e-10	4	34.8	9.6	True	
1317	3pi	elementary	64	exact	4	x	PI, THREE, TIMES	0.000e+00	36	0.0	64.0	True	3*Pi
1318	sqrt(89)	algebraic	64	exact	6	x	NINE, SQR, EIGHT, PLUS, SQRT	0.000e+00	199	0.2	64.0	True	Sqrt[89]
1319	Wagon's constant	none	64	not found	12	x, LOG, EXP, x, SUBTRACT, INV	THREE, SEVEN, SQR, DIVIDE, EIGHT, POWER	4.123e-15	21	35.1	nan	False	
1320	Product_{p prime} (1 + 1/p^(5/4) + 1/p^(3/2) + 1/p^(7/4))	none	64	not found	12	x, x, SQRT, SQR, SUBTRACT, INV	THREE, SEVEN, SQR, DIVIDE, EIGHT, POWER	4.042e-15	23	34.3	nan	False	
1321	sqrt(97)	algebraic	64	exact	7	x	FOUR, SQR, NINE, SQR, PLUS, SQRT	0.000e+00	431	2.3	64.0	True	Sqrt[97]
1322	π^2	elementary	64	exact	3	x	PI, SQR	0.000e+00	6	0.0	64.0	True	Pi^2
1323	smallest number > 1 with the same digits in decimal and binary	none	64	not found	12	SEVEN, x, THREE, SUBTRACT, DIVIDE, SQR	EULER, SIX, GOLDENRATIO, DIVIDE, POWER, EXP	7.370e-11	4	35.4	10.1	True	
1324	2*zeta(3/2)^4/(3*sqrt(2*Pi)*zeta(3))	special	64	not found	12	PI, EIGHT, x, DIVIDE, SUBTRACT, EXP	FOUR, INV, GOLDENRATIO, SUBTRACT, SQRT, LOG	8.755e-11	5	34.8	10.1	True	2*Zeta[3/2]^4/(3*Sqrt[2*Pi]*Zeta[3])
1325	e^(Pi^2/(6*log(2)))	elementary	64	exact	8	x, LOG	EIGHT, SQR, LOG, PI, SQR, DIVIDE	0.000e+00	2022	34.8	63.4	True	E^(Pi^2/(6Log[2]))
1326	z_c = phi^5 (where phi is the golden ratio), a lattice statistics constant which is the exact value of the critical acti	algebraic	64	exact	4	x	FIVE, GOLDENRATIO, POWER	1.602e-16	53	0.0	63.5	True	GoldenRatio^5
1327	5ln(10)	elementary	64	exact	7	x	FIVE, ONE, NINE, PLUS, POWER, LOG	0.000e+00	426	2.3	63.4	True	5*Log[10]
1328	4pi	elementary	64	exact	4	x	PI, FOUR, TIMES	0.000e+00	30	0.0	64.0	True	4*Pi
1329	6ln(10)	elementary	64	exact	7	x	SIX, ONE, NINE, PLUS, POWER, LOG	0.000e+00	644	2.2	63.5	True	6*Log[10]
1330	Imaginary part of first non-trivial zero of zeta function	special	64	not found	12	x, x, EXP, PI, PLUS, DIVIDE	PI, SQRT, SEVEN, SUBTRACT, NINE, POWER	8.440e-11	8	35.0	10.1	True	Im[ZetaZero[1]]
1331	Product_{j>=1, j!=2} zeta(j/2) (negated)	none	64	not found	12	x, x, LOG, EXP, SUBTRACT, INV	SEVEN, SQR, TWO, SQRT, POWER, SQR	3.638e-15	42	34.7	nan	False	
1332	exponential reiterated constant	elementary	64	exact	3	x	EULER, EXP	1.172e-16	13	0.0	63.6	True	E^E
1333	5pi	elementary	64	exact	4	x	PI, FIVE, TIMES	0.000e+00	33	0.0	64.0	True	5*Pi
1334	7ln(10)	elementary	64	exact	7	x	SEVEN, ONE, NINE, PLUS, POWER, LOG	0.000e+00	388	2.2	63.7	True	7*Log[10]
1335	Product_{p prime} (1 + 1/p^(6/5) + 1/p^(7/5) - 1/p^2 - 1/p^(11/5) - 1/p^(12/5)) (negated)	none	64	not found	12	x, x, LOG, EXP, SUBTRACT, INV	EIGHT, SQR, EIGHT, SQRT, SQRT, POWER	5.022e-15	30	33.0	nan	False	
1336	8ln(10)	elementary	64	exact	7	x	EIGHT, ONE, NINE, PLUS, POWER, LOG	0.000e+00	430	2.2	63.9	True	8*Log[10]
1337	6pi	elementary	64	exact	4	x	PI, SIX, TIMES	0.000e+00	33	0.0	63.7	True	6*Pi
1338	Product_{p prime} (1 + 1/p^(6/5) + 1/p^(7/5) + 1/p^(8/5) + 1/p^(9/5))	none	64	not found	12	x, THREE, NINE, POWER, SUBTRACT, EXP	SEVEN, EXP, PI, SIX, DIVIDE, POWER	0.000e+00	43	34.8	nan	False	
1339	e^pi - pi	elementary	64	exact	5	x	PI, PI, EXP, SUBTRACT	1.776e-16	145	0.0	63.9	True	E^Pi - Pi
1340	e^3	elementary	64	exact	3	x	THREE, EXP	0.000e+00	13	0.0	64.0	True	E^3
1341	9ln(10)	elementary	64	exact	7	x	NINE, ONE, NINE, PLUS, POWER, LOG	0.000e+00	417	2.4	64.0	True	9*Log[10]
1342	imaginary part of 2nd nontrivial zero of Riemann zeta function	none	64	not found	12	x, THREE, NINE, POWER, SUBTRACT, EXP	SIX, GOLDENRATIO, POWER, SQR, NINE, POWER	0.000e+00	7	33.1	nan	False	
1343	7pi	elementary	64	exact	4	x	PI, SEVEN, TIMES	0.000e+00	38	0.0	63.8	True	7*Pi
1344	pi pow e	elementary	64	exact	4	x	EULER, PI, POWER	1.582e-16	35	0.0	63.7	True	Pi^E
1345	Gelfond's constant	elementary	64	exact	3	x	PI, EXP	1.535e-16	10	0.0	64.0	True	E^Pi
1346	imaginary part of 3rd nontrivial zero of Riemann zeta function	none	64	not found	12	x, LOG, EXP, x, SUBTRACT, INV	EIGHT, EIGHT, POWER, SQR, GOLDENRATIO, SUBTRACT	3.693e-15	34	33.1	nan	False	
1347	8pi	elementary	64	exact	4	x	PI, EIGHT, TIMES	0.000e+00	42	0.0	64.0	True	8*Pi
1348	9pi	elementary	64	exact	4	x	PI, NINE, TIMES	0.000e+00	37	0.0	64.0	True	9*Pi
1349	pi cubed	elementary	64	exact	4	x	THREE, PI, POWER	1.146e-16	66	0.0	63.9	True	Pi^3
1350	π^π	elementary	64	exact	4	x	PI, PI, POWER	1.949e-16	31	0.0	64.0	True	Pi^Pi
1351	e^4	elementary	64	exact	3	x	FOUR, EXP	0.000e+00	23	0.0	64.0	True	E^4
1352	radian	elementary	64	exact	7	x	SIX, SQR, PI, DIVIDE, FIVE, DIVIDE	0.000e+00	1238	2.1	64.0	True	180/Pi
1353	pi^4	elementary	64	exact	4	x	PI, SQR, SQR	1.459e-16	45	0.0	64.0	True	Pi^4
1354	Product_{j>=1, j!=3} zeta(j/3)	none	64	not found	12	FIVE, x, DIVIDE, LOG, LOG, SQRT	FIVE, SQR, GOLDENRATIO, DIVIDE, THREE, POWER	7.754e-10	9	29.7	9.1	True	
1355	Golden angle degrees	algebraic	64	exact	9	x, TWO, DIVIDE	FIVE, SIX, GOLDENRATIO, DIVIDE, SQR, DIVIDE	0.000e+00	1731	31.1	63.7	True	180*(3 - Sqrt[5])
1356	e^5	elementary	64	exact	3	x	FIVE, EXP	0.000e+00	13	0.0	64.0	True	E^5
1357	pi^5	elementary	64	exact	4	x	FIVE, PI, POWER	1.858e-16	41	0.0	64.0	True	Pi^5
1358	e^6	elementary	64	exact	3	x	SIX, EXP	0.000e+00	21	0.0	64.0	True	E^6
1359	e^(2pi)	elementary	64	exact	4	x	PI, EXP, SQR	2.123e-16	49	0.0	64.0	True	E^(2*Pi)
1360	Jenny constant	elementary	64	exact	12	PI, SQR, x, DIVIDE, NINE, PLUS	EULER, INV, EULER, SUBTRACT, SEVEN, POWER	3.931e-16	9	29.8	64.0	True	(-9 + 7^(-E^(-1) + E))*Pi^2
1361	pi^6	elementary	64	exact	4	x	SIX, PI, POWER	2.365e-16	55	0.0	64.0	True	Pi^6
1362	e^7	elementary	64	exact	3	x	SEVEN, EXP	0.000e+00	16	0.0	63.7	True	E^7
1363	e^8	elementary	64	exact	3	x	EIGHT, EXP	0.000e+00	26	0.0	63.9	True	E^8
1364	pi^7	elementary	64	exact	4	x	SEVEN, PI, POWER	3.011e-16	48	0.0	63.9	True	Pi^7
1365	10800/π	elementary	64	exact	10	x, THREE, DIVIDE, PI, DIVIDE	EIGHT, SQR, FOUR, SUBTRACT, SQR	0.000e+00	396	28.5	64.0	True	10800/Pi
1366	e^9	elementary	64	exact	3	x	NINE, EXP	0.000e+00	30	0.0	64.0	True	E^9
1367	Gram point crossover constant	special	64	not found	12	THREE, x, EIGHT, PLUS, LOG, DIVIDE	GOLDENRATIO, EXP, SQRT, SEVEN, PLUS, SQRT	8.989e-10	4	29.6	9.0	True	Root[{-RiemannSiegelTheta[#1] + Pi*#1 & , 9146.69819317145926586619766347`29.961264349227967}]
1368	pi^8	elementary	64	exact	4	x	EIGHT, PI, POWER	3.834e-16	63	0.0	64.0	True	Pi^8
1369	e^(3pi)	elementary	64	exact	5	x, LOG	PI, THREE, TIMES	0.000e+00	300	0.0	63.6	True	E^(3*Pi)
1370	e^10	elementary	64	exact	4	x, SQRT	FIVE, EXP	0.000e+00	73	0.0	63.7	True	E^10
1371	pi^9	elementary	64	exact	4	x	NINE, PI, POWER	3.661e-16	66	0.0	64.0	True	Pi^9
1372	pi^10	elementary	64	exact	5	x	FIVE, PI, POWER, SQR	3.108e-16	281	0.0	64.0	True	Pi^10
1373	648000/π	elementary	64	exact	11	x, THREE, FIVE, POWER, DIVIDE	EIGHT, NINE, TIMES, SQR, PI, DIVIDE	0.000e+00	96	30.4	64.0	True	648000/Pi
1374	e^(4pi)	elementary	64	exact	5	x, LOG	PI, FOUR, TIMES	0.000e+00	533	0.0	64.0	True	E^(4*Pi)
1375	e^(5pi)	elementary	64	exact	5	x, LOG	PI, FIVE, TIMES	0.000e+00	430	0.0	64.0	True	E^(5*Pi)
1376	e^(6pi)	elementary	64	exact	5	x, LOG	PI, SIX, TIMES	0.000e+00	390	0.0	63.9	True	E^(6*Pi)
1377	e^(7pi)	elementary	64	exact	5	x, LOG	PI, SEVEN, TIMES	0.000e+00	440	0.1	64.0	True	E^(7*Pi)
1378	e^(8pi)	elementary	64	exact	5	x, LOG	PI, EIGHT, TIMES	0.000e+00	418	0.0	64.0	True	E^(8*Pi)
1379	e^(9pi)	elementary	64	exact	5	x, LOG	PI, NINE, TIMES	0.000e+00	419	0.0	64.0	True	E^(9*Pi)
1380	e^(10pi)	elementary	64	exact	6	x, SQRT, LOG	PI, FIVE, TIMES	0.000e+00	896	0.1	64.0	True	E^(10*Pi)
1381	Ramanujan's constant	elementary	64	exact	11	PI, x, LOG, DIVIDE, SQR	NINE, SQR, TWO, TIMES, ONE, PLUS	3.535e-15	52	28.8	64.0	True	E^(Sqrt[163]*Pi)
