id	name	class	digits	verdict	total	LHS	RHS	REL_ERR	candidates	ms	agree	solved	formula
1	conic constant	elementary	64	exact	4	x, SQR	FOUR, EXP	0.000e+00	20	0.0	64.0	True	-E^2
2	log π/648000	elementary	64	not found	10	x, TWO, PLUS, EXP, INV	EIGHT, NINE, PLUS, GOLDENRATIO, TIMES	6.763e-09	0	1.8	8.2	True	Log10[Pi/648000]
3	log π/10800	elementary	64	not found	10	x, GOLDENRATIO, POWER, FIVE, TIMES	SEVEN, LOG, GOLDENRATIO, DIVIDE, SQRT	5.650e-08	0	1.7	nan	False	Log10[Pi/10800]
4	log e^(-2π)	elementary	64	exact	9	x, PI, DIVIDE, EXP	ONE, NINE, PLUS, INV, SQRT	0.000e+00	14	1.7	64.0	True	Log10[E^(-2*Pi)]
5	(1 + 1/e)/(1/e - 1) = -coth(1/2)	elementary	64	exact	8	x, ONE, PLUS	EULER, ONE, SUBTRACT, TWO, DIVIDE	0.000e+00	45	1.7	63.9	True	(1 + 1/E)/(1/E - 1)
6	Madelung 6D square lattice constant	special	64	not found	10	x, SIX, SQRT, LOG, POWER	PI, INV, PI, PLUS, LOG	3.651e-08	0	1.7	nan	False	(3*(4*DirichletBeta[5/2]*(-1 + Sqrt[2])*Zeta[1/2] - DirichletBeta[1/2]*(-1 + 4*Sqrt[2])*Zeta[5/2]))/Pi^2
7	Madelung 4D square lattice constant	special	64	not found	10	NINE, x, SQR, SQR, SUBTRACT	EULER, INV, EIGHT, LOG, PLUS	1.691e-09	0	1.7	8.8	True	-8*(5 - 3*Sqrt[2])*Zeta[-1/2]*Zeta[1/2]
8	log π/180	elementary	64	not found	10	x, SQR, x, SQR, POWER	PI, EXP, TWO, SQRT, TIMES	3.976e-08	0	1.7	nan	False	Log10[Pi/180]
9	Madelung 2D square lattice constant	special	64	not found	10	FIVE, LOG, x, SQR, SUBTRACT	EIGHT, EXP, INV, FIVE, POWER	2.729e-09	0	1.7	8.6	True	4*DirichletBeta[1/2]*(-1 + Sqrt[2])*Zeta[1/2]
10	Bateman-Grosswald constant	special	64	not found	10	EIGHT, x, SQR, LOG, POWER	PI, TWO, SUBTRACT, FIVE, POWER	4.241e-09	0	1.7	8.4	True	Zeta[2/3]/Zeta[2]
11	log e^(-π)	elementary	64	exact	8	x, PI, DIVIDE	ONE, NINE, PLUS, INV, LOG	0.000e+00	31	1.7	64.0	True	Log10[E^(-Pi)]
12	log 1/4π	elementary	64	exact	9	x, ONE, NINE, PLUS, POWER	PI, FOUR, TIMES, INV	0.000e+00	1	1.7	63.8	True	Log10[1/(4*Pi)]
13	generalized Stirling constant	special	64	not found	9	EIGHT, x, POWER, SIX, TIMES	NINE, EULER, EXP, SUBTRACT	1.057e-08	0	1.7	nan	False	EulerGamma^2/4 - Pi^2/48 + StieltjesGamma[1]/2 - Log[2*Pi]^2/4
14	Neg	rational	64	exact	3	x, SQR	ONE	0.000e+00	28	0.0	64.0	True	-1
15	log 1/π^2	elementary	64	exact	8	x, ONE, NINE, PLUS, POWER	PI, SQR, INV	0.000e+00	20	1.7	64.0	True	Log10[1/Pi^2]
16	log 1/3π	elementary	64	exact	9	x, ONE, NINE, PLUS, POWER	PI, THREE, INV, DIVIDE	0.000e+00	3	1.7	64.0	True	Log10[1/(3*Pi)]
17	zeta'(2)	special	64	not found	10	ONE, x, SQR, SUBTRACT, INV	NINE, EULER, TWO, DIVIDE, SUBTRACT	1.419e-08	0	1.7	nan	False	Derivative[1][Zeta][2]
18	log 1/e^2	elementary	64	exact	8	x, TWO, DIVIDE	ONE, NINE, PLUS, INV, LOG	0.000e+00	86	1.7	64.0	True	Log10[1/E^2]
19	log 1/2π	elementary	64	exact	9	x, ONE, NINE, PLUS, POWER	PI, PI, PLUS, INV	0.000e+00	2	1.7	64.0	True	Log10[1/(2*Pi)]
20	infinite tetration of reciprocal root 2	special	64	exact	6	x, INV, x, SQR, POWER	TWO	0.000e+00	15	1.8	64.0	True	(-2*ProductLog[Log[2]/2])/Log[2]
21	log e^(-π/2)	elementary	64	exact	9	x, PI, DIVIDE, EXP	ONE, NINE, PLUS, SQR, INV	0.000e+00	17	1.7	64.0	True	Log10[E^(-Pi/2)]
22	Granville-Soundararajan constant	special	64	not found	10	x, SQR, EXP, THREE, SUBTRACT	TWO, LOG, FIVE, SUBTRACT, LOG	7.556e-09	1	1.7	8.1	True	1 + Pi^2/3 + 4*PolyLog[2, -Sqrt[E]]
23	ln(gamma)	special	64	not found	10	x, SQR, PI, POWER, EXP	SEVEN, SQR, LOG, EIGHT, SUBTRACT	5.703e-08	0	1.7	nan	False	Log[EulerGamma]
24	log 1/π	elementary	64	exact	7	x, ONE, NINE, PLUS, POWER	PI, INV	0.000e+00	31	1.7	64.0	True	Log10[1/Pi]
25	log 1/e	elementary	64	exact	7	x, INV	ONE, NINE, PLUS, INV, LOG	0.000e+00	206	1.7	64.0	True	Log10[1/E]
26	log Sqrt[1/2π]	elementary	64	exact	10	x, ONE, NINE, PLUS, POWER	PI, PI, PLUS, INV, SQRT	0.000e+00	1	1.7	64.0	True	Log10[Sqrt[1/(2*Pi)]]
27	ln ln two	elementary	64	exact	4	x	TWO, LOG, LOG	0.000e+00	10	0.0	64.0	True	Log[Log[2]]
28	log M = log e	elementary	64	exact	10	x, ONE, NINE, PLUS, POWER	ONE, NINE, PLUS, LOG, INV	3.065e-16	1	1.7	63.9	True	Log10[Log10[E]]
29	log π/6	elementary	64	exact	8	x, ONE, NINE, PLUS, POWER	SIX, PI, DIVIDE	0.000e+00	3	1.7	64.0	True	Log10[Pi/6]
31	Airy function constant	special	64	not found	10	x, EXP, INV, SEVEN, POWER	GOLDENRATIO, THREE, SUBTRACT, NINE, TIMES	2.132e-08	0	1.7	nan	False	-(1/(3^(1/3)*Gamma[1/3]))
32	log Sqrt[1/π]	elementary	64	exact	8	x, ONE, NINE, PLUS, POWER	PI, INV, SQRT	0.000e+00	18	1.7	63.8	True	Log10[Sqrt[1/Pi]]
33	log γ	special	64	not found	10	x, FIVE, TIMES, TWO, SUBTRACT	NINE, LOG, EIGHT, PLUS, SQRT	9.250e-08	0	1.7	nan	False	Log10[EulerGamma]
34	log Sqrt[1/e]	elementary	64	exact	8	x, INV, EXP	ONE, NINE, PLUS, SQR, INV	0.000e+00	92	1.7	64.0	True	Log10[Sqrt[1/E]]
35	log Cbrt[3/4π]	elementary	64	not found	10	x, INV, SQR, THREE, PLUS	EIGHT, LOG, FOUR, EXP, DIVIDE	2.672e-09	0	1.7	8.6	True	Log10[CubeRoot[3/(4*Pi)]]
36	log 2/π	elementary	64	exact	8	x, ONE, NINE, PLUS, POWER	PI, TWO, DIVIDE	0.000e+00	3	1.7	64.0	True	Log10[2/Pi]
37	log Cbrt[1/π]	elementary	64	exact	10	x, ONE, NINE, PLUS, POWER	THREE, INV, PI, POWER, INV	0.000e+00	3	1.7	64.0	True	Log10[CubeRoot[1/Pi]]
38	log Cbrt[1/e]	elementary	64	exact	9	x, THREE, TIMES, INV	ONE, NINE, PLUS, INV, LOG	0.000e+00	37	1.7	63.8	True	Log10[CubeRoot[1/E]]
39	ln(Gamma(4/3))	special	64	not found	10	PI, SQRT, x, TIMES, INV	FIVE, EIGHT, INV, SQR, SUBTRACT	1.019e-08	0	1.7	nan	False	LogGamma[4/3]
40	log π/4	elementary	64	exact	8	x, ONE, NINE, PLUS, POWER	FOUR, PI, DIVIDE	0.000e+00	2	1.7	63.6	True	Log10[Pi/4]
41	ln(Gamma(5/3))	special	64	not found	10	x, FOUR, LOG, LOG, DIVIDE	PI, EXP, SQRT, GOLDENRATIO, SUBTRACT	1.605e-07	0	1.7	nan	False	LogGamma[5/3]
42	ln(Gamma(5/4))	special	64	not found	10	x, THREE, LOG, SUBTRACT, SQRT	PI, EXP, INV, EIGHT, POWER	1.971e-07	0	1.7	nan	False	LogGamma[5/4]
43	log Sqrt[2/π]	elementary	64	exact	9	x, ONE, NINE, PLUS, POWER	PI, TWO, DIVIDE, SQRT	0.000e+00	2	1.7	64.0	True	Log10[Sqrt[2/Pi]]
44	ln(Gamma(7/4))	special	64	not found	10	x, NINE, TIMES, EIGHT, PLUS	GOLDENRATIO, EXP, NINE, LOG, PLUS	4.079e-07	1	1.7	nan	False	LogGamma[7/4]
45	Stieltjes constant	special	64	not found	10	SIX, x, ONE, SUBTRACT, POWER	TWO, EULER, NINE, DIVIDE, SUBTRACT	1.148e-07	0	1.6	nan	False	1 + EulerGamma^2 - Pi^2/8 + 2*StieltjesGamma[1]
46	Gauchman constant	special	64	not found	9	FIVE, EXP, x, TIMES, SQR	EULER, SQRT, NINE, PLUS	8.507e-08	0	1.6	nan	False	ConditionalExpression[Extension`GauchmanConstant == \[FormalX], E^(\[FormalU]/2) + 2*E^\[FormalU] + E^((3*\[FormalU])/2) + E^(\[FormalU] + \[FormalV]) == E^\[FormalV] + 2*E^(\[FormalU]/2 + \[FormalV]) && 2*(1 + \[FormalX] + E^(\[FormalU]/2 - \[FormalV])) == 4/E^(\[FormalU]/2) + (-2 + \[FormalU])/E^\[FormalV] && 1 + \[FormalU] + 6*E^(\[FormalU]/2) + 4*E^\[FormalU] + 4*E^(\[FormalU]/2 + \[FormalV]) == \[FormalV] + 9*E^\[FormalV] && -1/40 < \[FormalX] < 0]
47	log 3/π	elementary	64	exact	8	x, ONE, NINE, PLUS, POWER	PI, THREE, DIVIDE	0.000e+00	3	1.5	64.0	True	Log10[3/Pi]
48	Zero	rational	64	exact	3	x, EXP	ONE	0.000e+00	10	0.0	64.0	True	0
49	e^(-10pi)	elementary	64	exact	7	x, INV, SQRT, LOG	PI, FIVE, TIMES	0.000e+00	347	1.6	64.0	True	E^(-10*Pi)
50	e^(-9pi)	elementary	64	exact	6	x, INV, LOG	PI, NINE, TIMES	0.000e+00	137	0.1	64.0	True	E^(-9*Pi)
51	'chi', a constant appearing in the asymptotic variance of the number of comparisons required for updating a digital sear	none	64	not found	10	x, GOLDENRATIO, SQRT, DIVIDE, SQRT	EULER, FIVE, PLUS, SIX, POWER	4.643e-06	0	1.6	nan	False	
52	e^(-8pi)	elementary	64	exact	6	x, INV, LOG	PI, EIGHT, TIMES	0.000e+00	217	0.1	63.9	True	E^(-8*Pi)
53	e^(-7pi)	elementary	64	exact	6	x, INV, LOG	PI, SEVEN, TIMES	0.000e+00	170	0.1	64.0	True	E^(-7*Pi)
54	e^(-6pi)	elementary	64	exact	6	x, INV, LOG	PI, SIX, TIMES	0.000e+00	183	0.1	64.0	True	E^(-6*Pi)
55	e^(-5pi)	elementary	64	exact	6	x, INV, LOG	PI, FIVE, TIMES	0.000e+00	138	0.1	63.6	True	E^(-5*Pi)
56	e^(-4pi)	elementary	64	exact	6	x	PI, EXP, INV, SQR, SQR	0.000e+00	303	0.1	64.0	True	E^(-4*Pi)
57	1 arcsecond in radians	elementary	64	not found	10	EIGHT, LOG, x, TIMES, SQRT	GOLDENRATIO, SQR, NINE, POWER, INV	5.274e-07	1	1.7	nan	False	Pi/648000
58	pi^-10	elementary	64	exact	6	x, SQRT, INV	FIVE, PI, POWER	0.000e+00	212	0.1	63.5	True	Pi^(-10)
59	pi^-9	elementary	64	exact	5	x	NINE, PI, POWER, INV	4.040e-16	95	0.0	63.8	True	Pi^(-9)
60	e^-10	elementary	64	exact	5	x	FIVE, EXP, SQR, INV	0.000e+00	124	0.0	64.0	True	E^(-10)
61	e^(-3pi)	elementary	64	exact	6	x	THREE, PI, EXP, INV, POWER	0.000e+00	235	0.1	64.0	True	E^(-3*Pi)
62	pi^-8	elementary	64	exact	5	x	EIGHT, PI, POWER, INV	3.858e-16	116	0.0	63.5	True	Pi^(-8)
63	sum_{r in Z}(1/r^3) where Z is the set of all nontrivial zeros r of the Riemann zeta function	special	64	not found	10	x, SQRT, PI, EXP, TIMES	PI, EIGHT, PLUS, EULER, DIVIDE	1.732e-07	0	1.7	nan	False	-(-7*Zeta[3]/8 + EulerGamma^3 + 3*EulerGamma*StieltjesGamma[1] + 3/2*StieltjesGamma[2] + 1)
64	e^-9	elementary	64	exact	4	x, INV	NINE, EXP	0.000e+00	30	0.0	63.4	True	E^(-9)
65	6th du Bois-Reymond constant	none	64	not found	10	x, GOLDENRATIO, TIMES, LOG, SQR	GOLDENRATIO, GOLDENRATIO, EIGHT, TIMES, POWER	7.214e-08	0	1.7	nan	False	
66	1 arcminute in radians	elementary	64	exact	10	x, THREE, PI, DIVIDE, DIVIDE	EIGHT, SQR, FOUR, SUBTRACT, SQR	0.000e+00	4	1.7	64.0	True	Pi/10800
67	pi^-7	elementary	64	exact	5	x	SEVEN, PI, POWER, INV	3.275e-16	76	0.0	64.0	True	Pi^(-7)
68	e^-8	elementary	64	exact	4	x	EIGHT, EXP, INV	0.000e+00	40	0.0	64.0	True	E^(-8)
69	zeta'(-5) (the derivative of Riemann's zeta function at -5) (negated)	special	64	not found	10	x, LOG, THREE, INV, POWER	GOLDENRATIO, THREE, POWER, FOUR, POWER	3.015e-08	0	1.7	nan	False	-(Zeta'[-5])
70	zeta'(-7) (the derivative of Riemann's zeta function at -7) (negated)	special	64	not found	10	NINE, INV, x, POWER, INV	GOLDENRATIO, LOG, SQR, TWO, PLUS	3.771e-07	0	1.7	nan	False	-(Zeta'[-7])
71	5th Stieltjes constant gamma_5	special	64	not found	10	NINE, x, INV, SUBTRACT, LOG	GOLDENRATIO, EXP, TWO, SQRT, TIMES	2.972e-07	0	1.7	nan	False	-(-StieltjesGamma[5])
72	e^-7	elementary	64	exact	4	x	SEVEN, EXP, INV	0.000e+00	28	0.0	64.0	True	E^(-7)
73	pi^-6	elementary	64	exact	5	x	SIX, PI, POWER, INV	2.085e-16	100	0.0	63.5	True	Pi^(-6)
74	5th du Bois-Reymond constant	none	64	not found	10	EULER, EXP, SQR, x, TIMES	EIGHT, NINE, PLUS, INV, SQRT	7.687e-08	0	1.7	nan	False	
75	Heath-Brown–Moroz constant	special	64	not found	9	PI, x, INV, SUBTRACT	EULER, GOLDENRATIO, POWER, SIX, POWER	4.042e-07	0	1.7	nan	False	Product[(1 - Prime[n]^(-1))^7*(1 + (1 + 7*Prime[n])/Prime[n]^2), {n, 1, Infinity}]
76	e^(-2pi)	elementary	64	exact	5	x	PI, EXP, INV, SQR	0.000e+00	102	0.0	63.8	True	E^(-2*Pi)
77	'mu', a Sobolev isoperimetric constant related to the "rod inequality", arising from the elasticity study of a rod that 	none	64	not found	10	x, FOUR, TIMES, EIGHT, TIMES	THREE, FOUR, INV, SUBTRACT, EXP	6.364e-07	0	1.8	nan	False	
78	3rd Stieltjes constant gamma_3	special	64	not found	10	x, LOG, TWO, PLUS, SQR	PI, EULER, TIMES, NINE, PLUS	1.961e-07	0	2.3	nan	False	-(-StieltjesGamma[3])
79	4th Stieltjes constant gamma_4	special	64	not found	10	x, INV, PI, PLUS, SQRT	EULER, THREE, POWER, ONE, PLUS	2.031e-07	0	2.4	nan	False	-(-StieltjesGamma[4])
80	e^-6	elementary	64	exact	4	x	SIX, EXP, INV	0.000e+00	33	0.0	64.0	True	E^(-6)
82	pi^-5	elementary	64	exact	5	x, INV	FIVE, PI, POWER	0.000e+00	79	0.0	64.0	True	Pi^(-5)
83	16/(9*sqrt(184607))	algebraic	64	not found	10	EIGHT, LOG, SQRT, x, TIMES	SIX, PI, SUBTRACT, SIX, POWER	1.291e-09	0	2.5	8.9	True	16/(9Sqrt[184607])
84	4th du Bois-Reymond constant	elementary	64	not found	10	x, NINE, EIGHT, POWER, DIVIDE	SIX, SQR, SEVEN, LOG, POWER	3.513e-09	0	1.8	8.5	True	(E^4 - 4E^2 - 25)/8
85	zeta'(-3) (the derivative of Riemann's zeta function at -3)	special	64	not found	10	x, SQRT, GOLDENRATIO, SQR, TIMES	SIX, LOG, SEVEN, SUBTRACT, INV	7.969e-08	0	1.8	nan	False	Zeta'[-3]
86	zeta'(-6) (the derivative of Riemann's zeta function at -6) (negated)	special	64	not found	10	EIGHT, x, INV, SUBTRACT, SQRT	GOLDENRATIO, SIX, TIMES, THREE, PLUS	1.362e-08	0	1.8	nan	False	-(Zeta'[-6])
87	zeta''(0)+2, the coefficient of z^2 in the Laurent expansion of zeta(z) at the origin	special	64	not found	10	THREE, x, SEVEN, DIVIDE, SUBTRACT	FIVE, LOG, SEVEN, EXP, PLUS	1.185e-09	1	1.8	8.9	True	-(Zeta''[0]+2)
88	e^-5	elementary	64	exact	4	x	FIVE, EXP, INV	0.000e+00	28	0.0	64.0	True	E^(-5)
89	Wyler constant	special	64	not found	10	FIVE, EXP, x, TIMES, SQRT	THREE, INV, SQRT, GOLDENRATIO, SUBTRACT	1.063e-07	0	1.9	nan	False	(9*(5!^(-1))^(1/4))/(16*Pi^(11/4))
90	zeta'(-4) (the derivative of Riemann's zeta function at -4)	special	64	not found	10	x, LOG, NINE, PLUS, SQR	EULER, THREE, TIMES, SQRT, EXP	6.168e-07	0	1.8	nan	False	Zeta'[-4]
91	zeta'(-8) (the derivative of Riemann's zeta function at -8)	special	64	not found	10	x, LOG, GOLDENRATIO, EXP, PLUS	EULER, EIGHT, PLUS, EULER, DIVIDE	5.013e-07	0	1.8	nan	False	Zeta'[-8]
92	sum of the alternating series tau(3), with tau(n) = Sum_{k>0} (-1)^k*log(k)^n/k	none	64	not found	10	GOLDENRATIO, x, FIVE, DIVIDE, SUBTRACT	THREE, GOLDENRATIO, FIVE, TIMES, POWER	2.537e-07	0	1.8	nan	False	
93	'mu', an isoperimetric constant associated with the study of a vibrating, homogeneous plate clamped at the boundary of t	none	64	not found	10	x, LOG, THREE, PLUS, SQR	GOLDENRATIO, GOLDENRATIO, THREE, DIVIDE, POWER	2.458e-07	0	1.8	nan	False	
94	2nd Stieltjes constant gamma_2 (negated)	special	64	not found	10	SIX, EXP, x, TIMES, SQR	PI, PI, PLUS, NINE, PLUS	1.516e-08	0	1.8	nan	False	-StieltjesGamma[2]
95	pi^-4	elementary	64	exact	5	x	PI, SQR, INV, SQR	0.000e+00	130	0.0	63.7	True	Pi^(-4)
96	p_3 (so named by S. Finch), a probability related to Vallée's constant	none	64	not found	10	FIVE, PI, POWER, x, TIMES	THREE, EXP, PI, PLUS, LOG	7.247e-08	0	1.8	nan	False	
97	16/(207*sqrt(53))	algebraic	64	not found	10	x, LOG, FIVE, PLUS, INV	EULER, TWO, DIVIDE, GOLDENRATIO, DIVIDE	2.461e-08	0	1.8	nan	False	16/(207Sqrt[53])
98	cube tetrahedron-picking constant	elementary	64	not found	10	SEVEN, SQRT, x, TIMES, INV	GOLDENRATIO, GOLDENRATIO, EIGHT, POWER, SUBTRACT	6.162e-08	0	1.8	nan	False	3977/216000 - Pi^2/2160
99	2*zeta(3)/Pi^2 - 11/18 + log(Pi)/3	special	64	not found	10	SEVEN, SQR, x, INV, SUBTRACT	GOLDENRATIO, SIX, POWER, FOUR, PLUS	3.959e-08	0	1.9	nan	False	2Zeta[3]/Pi^2-11/18+Log[Pi]/3
100	b_3, a constant associated with the 3rd Du Bois Reymond constant	none	64	not found	10	GOLDENRATIO, x, INV, SUBTRACT, INV	FIVE, EXP, SEVEN, SQRT, DIVIDE	1.441e-07	0	1.9	nan	False	
101	tetrahedron tetrahedron-picking constant	elementary	64	not found	10	x, EULER, EIGHT, POWER, DIVIDE	EULER, SEVEN, FOUR, POWER, SUBTRACT	1.765e-07	0	1.8	nan	False	13/720 - Pi^2/15015
102	number of radians in one degree	elementary	64	exact	7	x, FIVE, TIMES	SIX, SQR, PI, DIVIDE	0.000e+00	240	1.9	64.0	True	Pi/180
103	sum of the alternating series tau(4), with tau(n) = Sum_{k>0} (-1)^k*log(k)^n/k	none	64	not found	10	FIVE, SQRT, x, TIMES, INV	PI, SIX, PLUS, EULER, TIMES	6.329e-08	0	1.9	nan	False	
104	e^-4	elementary	64	exact	4	x	FOUR, EXP, INV	1.894e-16	32	0.0	64.0	True	E^(-4)
105	log π/3	elementary	64	exact	10	x, ONE, NINE, PLUS, POWER	THREE, PI, DIVIDE, SQRT, SQR	0.000e+00	3	1.9	64.0	True	Log10[Pi/3]
106	a Shapiro-Drinfeld constant, known as Gauchman's constant, related to the difference of cyclic sums (negated)	none	64	not found	10	x, SQRT, GOLDENRATIO, SUBTRACT, SQR	SIX, LOG, INV, EULER, SUBTRACT	4.656e-09	0	1.9	8.3	True	
107	lambda(1) in Li's criterion	special	64	not found	10	x, NINE, PLUS, x, POWER	SIX, SQR, TWO, SUBTRACT, EXP	3.442e-07	1	1.9	nan	False	EulerGamma/2 + 1 - Log[4 Pi]/2
108	triple integral of ({x/y}{y/z}{z/x})^2 over the unit cube	special	64	not found	10	x, SQRT, SQRT, EXP, SQR	GOLDENRATIO, SQRT, SEVEN, TIMES, LOG	8.230e-08	0	1.9	nan	False	1 - Zeta[2]/2 - Zeta[3]/2 + 7*Zeta[6]/48 + Zeta[2]*Zeta[3]/18 + Zeta[3]^2/18 + Zeta[3]*Zeta[4]/12
109	sum of the alternating series tau(5), with tau(n) = Sum_{k>0} (-1)^k*log(k)^n/k	none	64	not found	10	x, SIX, SQRT, LOG, DIVIDE	PI, THREE, POWER, FIVE, PLUS	7.577e-08	0	1.9	nan	False	
110	Matthews' constant C_4, an analog of Artin's constant for primitive roots	none	64	not found	10	SIX, x, GOLDENRATIO, DIVIDE, SUBTRACT	FIVE, SQRT, NINE, DIVIDE, EXP	7.907e-08	1	1.9	nan	False	
111	3rd du Bois-Reymond constant	none	64	not found	10	FIVE, SEVEN, DIVIDE, x, POWER	ONE, FIVE, EXP, SUBTRACT, INV	8.948e-08	0	1.9	nan	False	
112	sum of reciprocals of squares of perfect numbers	none	64	not found	10	x, TWO, DIVIDE, x, PLUS	PI, EIGHT, NINE, TIMES, SUBTRACT	1.279e-07	1	1.9	nan	False	
113	pi^-3	elementary	64	exact	5	x, INV	THREE, PI, POWER	0.000e+00	111	0.0	63.9	True	Pi^(-3)
114	1/2 - log(2)/4 - G/Pi, where G = A006752	special	64	not found	10	x, LOG, SQR, EIGHT, PLUS	PI, THREE, PLUS, GOLDENRATIO, POWER	1.529e-07	0	1.9	nan	False	1/2-Log[2]/4-Catalan/Pi
115	percolation cluster density constant	algebraic	64	not found	10	x, SQRT, EXP, THREE, POWER	GOLDENRATIO, LOG, SQR, FOUR, SUBTRACT	1.314e-07	0	1.9	nan	False	-41/16 + (3*Sqrt[3])/2
116	1/4 - 7*zeta(3)/(4*Pi^2)	special	64	not found	10	SEVEN, x, LOG, SQR, SUBTRACT	EULER, SQRT, SQRT, FIVE, DIVIDE	9.102e-09	0	1.9	8.0	True	1/4-7Zeta[3]/(4Pi^2)
117	a constant 'v' such that the asymptotic variance of the distribution of the longest cycle given a random n-permutation e	none	64	not found	10	x, PI, TIMES, TWO, SUBTRACT	EULER, THREE, SUBTRACT, INV, SQRT	1.470e-08	0	1.9	nan	False	
118	H(1/2,1), a constant appearing in the asymptotic variance of the largest component of random mappings on n symbols, expr	none	64	not found	10	x, SQRT, PI, DIVIDE, LOG	THREE, LOG, SQR, FOUR, SUBTRACT	3.592e-08	0	1.9	nan	False	
119	'v', a parking constant associated with the asymptotic variance of the number of cars that can be parked in a given inte	none	30	not found	10	FIVE, x, EXP, POWER, LOG	EULER, FIVE, EULER, DIVIDE, POWER	1.177e-07	0	1.9	nan	False	
120	Integral_{0..1/2} log(gamma(x+1)) dx (negated)	special	64	not found	10	x, INV, SQRT, GOLDENRATIO, POWER	EULER, NINE, TIMES, LOG, SQR	6.660e-09	0	1.9	8.2	True	-(-1/2 - (7/24)*Log[2] + (1/4)*Log[Pi] + (3/2) * Log[Glaisher])
121	e^(-1pi)	elementary	64	exact	4	x	PI, EXP, INV	0.000e+00	20	0.0	64.0	True	E^(-1*Pi)
122	16/(9*sqrt(1609))	algebraic	64	not found	10	EULER, x, POWER, x, DIVIDE	GOLDENRATIO, LOG, SEVEN, DIVIDE, SQR	9.585e-08	1	2.0	nan	False	16/(9Sqrt[1609])
123	pi^-e	elementary	64	exact	5	x	EULER, PI, POWER, INV	1.558e-16	64	0.0	64.0	True	Pi^(-E)
124	sum_{r in Z}(1/r^2) where Z is the set of all nontrivial zeros r of the Riemann zeta function	special	64	not found	10	SIX, x, ONE, PLUS, POWER	TWO, EULER, NINE, DIVIDE, SUBTRACT	1.148e-07	0	1.9	nan	False	-(-Pi^2/8 + EulerGamma^2 + 2*StieltjesGamma[1] + 1)
125	Mertens constant M(4,3) arising in the formula for the sum of reciprocals of primes p == 1 (mod 4)	none	64	not found	10	TWO, x, EIGHT, DIVIDE, SUBTRACT	FIVE, EIGHT, SQR, DIVIDE, SQR	4.790e-08	0	1.9	nan	False	
126	p_2, a probability associated with continuant polynomials	none	64	not found	10	NINE, x, SEVEN, DIVIDE, SUBTRACT	EULER, SIX, POWER, FIVE, PLUS	1.300e-07	0	1.9	nan	False	
127	a constant related to the variance of the number of vertices of the largest tree associated with a random mapping on n s	none	64	not found	10	x, FOUR, DIVIDE, SQRT, EXP	EIGHT, SQR, NINE, EXP, SUBTRACT	4.730e-08	0	2.0	nan	False	
128	e^-3	elementary	64	exact	4	x	THREE, EXP, INV	0.000e+00	28	0.0	64.0	True	E^(-3)
129	Integral_{x=0..Infinity} x*cos(x)/(1+x^2)	none	64	not found	10	x, PI, SIX, PLUS, DIVIDE	EULER, SQRT, EULER, POWER, EXP	2.731e-08	0	2.0	nan	False	
130	ball tetrahedron-picking constant	elementary	64	not found	10	PI, FIVE, PLUS, x, DIVIDE	FIVE, EXP, SIX, PLUS, INV	3.569e-08	0	2.0	nan	False	(12*Pi)/715
131	(9*sqrt(65) - 55)/320	algebraic	64	not found	10	x, EIGHT, TIMES, SIX, POWER	FOUR, INV, SEVEN, LOG, PLUS	1.552e-07	0	2.0	nan	False	(9Sqrt[65]-55)/320
132	log ln π	elementary	64	exact	7	x, ONE, NINE, PLUS, POWER	PI, LOG	0.000e+00	8	2.0	64.0	True	Log10[Log[Pi]]
133	constant A*B in the asymptotic expression of the summatory function Sum_{n=1..N} (1/phi(n)) as A(log(N)+B) + O(log(N)/N)	none	64	not found	10	x, LOG, SQR, FIVE, DIVIDE	NINE, INV, TWO, SUBTRACT, LOG	2.001e-07	0	2.0	nan	False	
134	Matthews' constant C_3, an analog of Artin's constant for primitive roots	none	64	not found	10	EULER, EXP, x, INV, SUBTRACT	GOLDENRATIO, LOG, PI, PLUS, LOG	1.074e-07	0	2.0	nan	False	
135	Norton constant	special	64	not found	10	FOUR, LOG, x, INV, SUBTRACT	GOLDENRATIO, THREE, POWER, EIGHT, PLUS	2.657e-07	0	2.0	nan	False	(-Pi^2 + 6*Log[2]*(-3 + 2*EulerGamma + Log[2] + 24*Log[Glaisher] - 2*Log[Pi]))/Pi^2
136	Sum_{k > 0} (-1)^k*log(k)^2/k	none	64	not found	10	x, GOLDENRATIO, TIMES, SEVEN, POWER	PI, EIGHT, SUBTRACT, INV, EXP	1.310e-07	0	2.0	nan	False	
137	analog of the Gibbs-Wilbraham constant for L_1 trigonometric polynomial approximation	none	64	not found	9	GOLDENRATIO, EXP, x, TIMES, EXP	GOLDENRATIO, PI, DIVIDE, SQRT	4.460e-08	0	2.0	nan	False	
138	e^-e	elementary	64	exact	4	x	EULER, EXP, INV	0.000e+00	17	0.0	64.0	True	E^(-E)
139	Pythagorean triple constant for perimeters	elementary	64	exact	6	x	PI, SQR, TWO, LOG, DIVIDE	0.000e+00	95	0.1	64.0	True	Log[2]/Pi^2
140	(sqrt(13) - 1)/36	algebraic	64	exact	10	x, INV, THREE, SUBTRACT, SQR	FOUR, NINE, PLUS, NINE, TIMES	0.000e+00	1	2.0	64.0	True	(Sqrt[13]-1)/36
141	1st Stieltjes constant gamma_1 (negated)	none	64	not found	10	SEVEN, INV, x, POWER, SQRT	GOLDENRATIO, SQR, SIX, DIVIDE, LOG	5.903e-08	0	2.0	nan	False	
142	probability that a random walk on an 8-d lattice returns to the origin	none	64	not found	10	TWO, x, SIX, POWER, DIVIDE	PI, NINE, SUBTRACT, LOG, LOG	1.079e-08	0	2.0	nan	False	
143	disk triangle-picking constant	elementary	64	not found	10	SEVEN, x, INV, SUBTRACT, SQRT	SIX, LOG, LOG, FIVE, POWER	6.928e-08	0	2.0	nan	False	35/(48*Pi^2)
144	1/4π	elementary	64	exact	5	x	PI, FOUR, TIMES, INV	0.000e+00	79	0.0	64.0	True	1/(4*Pi)
145	-Integral {x=1..2} log Gamma(x) dx	special	64	exact	8	x, ONE, SUBTRACT, EXP, SQR	PI, PI, PLUS	0.000e+00	43	2.0	64.0	True	-Integrate[ Log[ Gamma[ x]], {x, 1, 2}]
146	-Zeta'(-1)/2	special	64	not found	10	x, FIVE, DIVIDE, FIVE, PLUS	PI, EXP, EIGHT, SQRT, TIMES	2.708e-08	0	2.0	nan	False	-(1/24 - Log[Glaisher]/2)
147	solution to the Heilbronn triangle problem for seven points in a unit square	none	64	not found	10	x, LOG, EXP, TWO, DIVIDE	PI, SIX, TIMES, FIVE, PLUS	6.242e-08	1	2.0	nan	False	
148	1-Catalan	special	64	not found	10	x, SQRT, LOG, EIGHT, DIVIDE	SEVEN, THREE, GOLDENRATIO, DIVIDE, SUBTRACT	1.751e-08	0	2.0	nan	False	1 - Catalan
149	probability that a random walk on a 7-d lattice returns to the origin	none	64	not found	10	SIX, x, EULER, DIVIDE, POWER	PI, EXP, SIX, SQRT, POWER	2.271e-07	0	2.0	nan	False	
150	Erdős–Tenenbaum–Ford constant	elementary	64	exact	9	x, TWO, POWER, INV	EULER, TWO, POWER, SQRT, LOG	0.000e+00	28	2.0	64.0	True	1 - (1 + Log[Log[2]])/Log[2]
151	1/2-G/Pi, the lowest limiting trough of a square wave Fourier series, where G is the Gibbs-Wilbraham constant. [negated]	none	64	not found	10	x, GOLDENRATIO, DIVIDE, x, SUBTRACT	PI, SEVEN, TIMES, FOUR, SUBTRACT	2.205e-08	0	2.0	nan	False	
152	integral_{0..infinity} x*log(x)*(1-eta(x)^2) dx, where the function 'eta' is a solution of the Painlevé III differential	special	64	not found	10	SIX, x, THREE, DIVIDE, POWER	NINE, EIGHT, POWER, NINE, TIMES	1.117e-07	0	2.0	nan	False	-(1/4 + (7/12)*Log[2] - 3*Log[Glaisher])
153	lambda(2) in Li's criterion	none	64	not found	10	NINE, x, INV, SUBTRACT, SQRT	GOLDENRATIO, THREE, POWER, EIGHT, DIVIDE	8.792e-08	0	2.0	nan	False	
154	e^(-Pi^2/(6*log(2)))	elementary	64	exact	9	x, LOG, EIGHT, POWER	PI, SQR, EXP, SQRT, INV	0.000e+00	54	2.0	64.0	True	E^(-Pi^2/(6Log[2]))
155	second non-alternating series of reciprocal primes constant	special	64	not found	10	x, EIGHT, LOG, POWER, LOG	EULER, FOUR, POWER, THREE, DIVIDE	8.417e-08	0	2.0	nan	False	Sum[(-2 + Mod[Prime[\[FormalK]], 4])/Prime[\[FormalK]]^2, {\[FormalK], 2, Infinity}]
156	area of the convex hull of a circle of circumference 1 and a line segment of length 1/2 with midpoint at the circle cent	elementary	64	not found	10	SEVEN, x, NINE, POWER, POWER	FIVE, TWO, DIVIDE, FOUR, PLUS	4.435e-08	0	2.0	nan	False	(Sqrt[Pi^2-4]+Pi-2ArcCos[2/Pi])/(4Pi^2)
157	log Sqrt[π/2]	elementary	64	exact	9	x, ONE, NINE, PLUS, POWER	TWO, PI, DIVIDE, SQRT	0.000e+00	1	2.0	64.0	True	Log10[Sqrt[Pi/2]]
158	Sum_{n>=0} 1/10^(3^n), a transcendental number	none	64	not found	10	PI, LOG, LOG, x, DIVIDE	NINE, INV, TWO, PLUS, LOG	4.678e-09	0	2.0	8.3	True	
159	pi^-2	elementary	64	exact	4	x	PI, SQR, INV	0.000e+00	22	0.0	64.0	True	Pi^(-2)
160	value of the Dickman function at phi + 1 = phi^2 = (3 + sqrt(5))/2 (A104457)	elementary	64	not found	9	x, INV, EIGHT, SUBTRACT, SQR	PI, EULER, PLUS, SQRT	3.416e-08	0	2.0	nan	False	1 - 2*Log[GoldenRatio] + Log[GoldenRatio]^2 - Pi^2/60
161	Quinn-Rand-Strogatz constant c2 (negated)	none	64	not found	10	x, INV, EXP, SQRT, SQRT	EULER, EXP, SQRT, SEVEN, PLUS	5.764e-08	0	2.0	nan	False	
162	probability that a random walk on a 6-d lattice returns to the origin	none	64	not found	10	SIX, x, FIVE, POWER, POWER	PI, EIGHT, DIVIDE, SEVEN, DIVIDE	3.845e-08	0	2.0	nan	False	
163	log 4/π	elementary	64	exact	8	x, ONE, NINE, PLUS, POWER	PI, FOUR, DIVIDE	0.000e+00	3	2.0	63.6	True	Log10[4/Pi]
164	1/3π	elementary	64	exact	5	x	PI, THREE, TIMES, INV	0.000e+00	95	0.0	63.4	True	1/(3*Pi)
165	one-ninth constant	special	64	not found	10	x, GOLDENRATIO, NINE, SUBTRACT, POWER	FIVE, INV, SQRT, GOLDENRATIO, POWER	9.407e-08	0	2.0	nan	False	With[{\[FormalX] = Root[{-2*EllipticE[#1^2] + EllipticK[#1^2] & , 0.908908557548541478236118908745`29.9585201924082}]}, Exp[-((Pi*EllipticK[1 - \[FormalX]^2])/EllipticK[\[FormalX]^2])]]
166	Michael Trott's constant: continued fraction expansion (allowing 0's) begins in same way as decimal expansion	none	53	not found	10	x, FIVE, DIVIDE, EIGHT, DIVIDE	PI, SQRT, SEVEN, LOG, SUBTRACT	3.240e-07	0	2.0	nan	False	
167	Liouville's constant	special	64	not found	9	x, EIGHT, TIMES, INV, SQR	EULER, THREE, LOG, POWER	3.023e-08	0	2.0	nan	False	Sum[10^(-n!), {n, 1, Infinity}]
168	1/sqrt(80) = sqrt(5)/20	algebraic	64	exact	6	x	FIVE, SQRT, FOUR, TIMES, INV	0.000e+00	247	0.1	63.6	True	1/Sqrt[80]
169	mean cluster density for bond percolation on the triangular lattice	algebraic	64	not found	10	EIGHT, x, PI, POWER, POWER	FIVE, NINE, SQR, DIVIDE, LOG	3.344e-08	0	2.0	nan	False	35/4 - 3/(2*Sin[Pi/18])
170	Kepler–Bouwkamp constant	special	64	not found	9	TWO, x, INV, SUBTRACT, LOG	GOLDENRATIO, TWO, PLUS, SQRT	3.062e-08	0	2.0	nan	False	Product[Cos[Pi/n], {n, 3, Infinity}]
171	Given the two curves y = (1 - exp(x/2))/(exp(x) + exp(x/2)) and y = (exp(-x) - 1)/2, draw a line tangent to both. This s	none	64	not found	10	GOLDENRATIO, NINE, PLUS, x, TIMES	NINE, LOG, INV, GOLDENRATIO, POWER	9.030e-08	0	2.0	nan	False	
172	C_2 (so named by S. Finch), a constant which is an analog of Niven's constant when mean of exponents is considered inste	none	64	not found	10	x, EXP, LOG, SEVEN, DIVIDE	GOLDENRATIO, EXP, EIGHT, SQR, SUBTRACT	9.330e-09	0	2.0	8.0	True	
173	4*Pi/105	elementary	64	exact	9	x, SEVEN, PI, DIVIDE, DIVIDE	FOUR, INV, FOUR, SUBTRACT	0.000e+00	53	2.0	63.9	True	4*Pi/105
174	2/(5*sqrt(11))	algebraic	64	exact	9	x, FIVE, TIMES, SQR	FOUR, INV, THREE, SUBTRACT, INV	0.000e+00	21	2.0	63.6	True	2/(5Sqrt[11])
175	3*zeta(3)/2 + 12*log(2) - 10	special	64	not found	10	TWO, EXP, x, INV, SUBTRACT	GOLDENRATIO, TWO, POWER, EULER, DIVIDE	1.226e-07	0	2.0	nan	False	3Zeta[3]/2+12Log[2]-10
176	50*Pi/1296	elementary	64	exact	9	PI, x, DIVIDE, EIGHT, TIMES	NINE, FIVE, DIVIDE, SQR	0.000e+00	10	2.0	63.4	True	50Pi/1296
177	sqrt(Pi^2 - 4)/(2*Pi^2)	elementary	64	not found	10	x, GOLDENRATIO, SEVEN, PLUS, POWER	PI, THREE, PLUS, EIGHT, DIVIDE	1.294e-08	0	2.0	nan	False	Sqrt[Pi^2-4]/(2Pi^2)
178	Champernowne constant	special	64	not found	10	ONE, NINE, PLUS, x, DIVIDE	NINE, INV, SQR, EXP, LOG	8.281e-09	0	2.0	8.1	True	ChampernowneNumber[]
179	first (of 10) decimal selvage numbers	none	64	not found	10	x, INV, SEVEN, SQRT, SUBTRACT	EIGHT, PI, EIGHT, DIVIDE, SUBTRACT	6.174e-08	0	2.0	nan	False	
180	Product_{k >= 1} (k*(k+1))^(-1/(k*(k+1))), a constant related to the alternating Lüroth representations of real numbers	none	64	not found	9	x, EULER, INV, EXP, DIVIDE	THREE, FIVE, SQRT, POWER	2.538e-08	0	2.0	nan	False	
181	3*sqrt(3)/(4*Pi^2)	elementary	64	exact	10	THREE, FOUR, DIVIDE, x, TIMES	PI, SQR, THREE, SQRT, DIVIDE	0.000e+00	5	2.0	63.7	True	3Sqrt[3]/(4Pi^2)
182	harmonic oscillator tunneling constant	special	64	not found	10	THREE, x, LOG, SQR, SUBTRACT	SEVEN, INV, SQR, SEVEN, POWER	6.334e-08	0	2.0	nan	False	2/(3^(2/3)*Gamma[1/3]^2)
183	probability that a random walk on the 5-d simple cubic (hypercubic) lattice returns to the origin	none	64	not found	10	SEVEN, x, SEVEN, TIMES, POWER	GOLDENRATIO, EIGHT, LOG, SUBTRACT, SQRT	7.852e-08	0	2.0	nan	False	
184	e^-2	elementary	64	exact	4	x	EULER, INV, SQR	0.000e+00	27	0.0	63.5	True	E^(-2)
185	probability that an integer 4-tuple is pairwise unitary coprime	none	64	not found	10	x, SIX, INV, EXP, DIVIDE	PI, SQRT, EXP, EULER, PLUS	9.135e-08	0	2.0	nan	False	
186	Given the two curves y = (1 - exp(x/2))/(exp(x) + exp(x/2)) and y = (exp(-x) - 1)/2, draw a line tangent to both. This s	none	64	not found	10	x, GOLDENRATIO, x, DIVIDE, POWER	EULER, FIVE, SUBTRACT, GOLDENRATIO, DIVIDE	4.810e-08	1	2.0	nan	False	
187	pi minus three	elementary	64	exact	4	x	THREE, PI, SUBTRACT	7.841e-16	8	0.0	64.0	True	Pi - 3
188	Pi^4/15 + Pi^2*log(2)^2/4 - log(2)^4/4 - 21*log(2)*zeta(3)/4 - 6*Li_4(1/2)	special	64	not found	10	x, TWO, DIVIDE, FOUR, PLUS	FOUR, LOG, FIVE, SQR, DIVIDE	1.045e-07	0	2.0	nan	False	Pi^4/15+Pi^2Log[2]^2/4-Log[2]^4/4-21Log[2]Zeta[3]/4-6PolyLog[4,1/2]
189	log Cbrt[e]	elementary	64	exact	8	x, INV, EXP	THREE, FIVE, POWER, EIGHT, TIMES	0.000e+00	83	2.0	63.8	True	Log10[CubeRoot[E]]
190	Matthews' constant C_2, an analog of Artin's constant for primitive roots	none	64	not found	10	x, ONE, PLUS, FOUR, DIVIDE	THREE, EULER, EXP, SUBTRACT, SQRT	4.991e-08	0	2.0	nan	False	
191	arctan(1/2)/Pi	elementary	64	not found	10	x, FIVE, TIMES, GOLDENRATIO, PLUS	SIX, SQRT, EIGHT, SUBTRACT, SQRT	1.958e-08	0	2.0	nan	False	ArcTan[1/2]/Pi
192	(1-C_2)/e, a constant connected with two-sided generalized Fibonacci sequences, where C_2 is the Euler-Gompertz constant	none	64	not found	10	FIVE, x, THREE, DIVIDE, SUBTRACT	FIVE, NINE, GOLDENRATIO, POWER, DIVIDE	1.770e-08	0	2.0	nan	False	
193	Given the two curves y = exp(-x) and y = 2/(exp(x) + exp(x/2)), draw a line tangent to both. This sequence is the decima	none	64	not found	10	x, FIVE, TWO, DIVIDE, DIVIDE	PI, INV, SQRT, PI, SUBTRACT	1.076e-08	0	2.0	nan	False	
194	9*zeta(3)/Pi^2 - 93*zeta(5)/(2*Pi^4) - log(2) + 1/4	special	64	not found	10	x, THREE, TIMES, INV, EXP	GOLDENRATIO, EXP, SQRT, SIX, PLUS	4.377e-10	0	2.0	9.4	True	9Zeta[3]/Pi^2-93Zeta[5]/(2Pi^4)-Log[2]+1/4
195	Sum_{k >= 0} 1/(4*k+3)^2	special	64	not found	10	SIX, x, INV, SUBTRACT, INV	SEVEN, LOG, SQRT, TWO, PLUS	2.039e-08	0	2.0	nan	False	Pi^2/16 - Catalan/2
196	Pythagorean triple constant for hypotenuses	elementary	64	exact	5	x	PI, PI, PLUS, INV	0.000e+00	99	0.0	63.6	True	1/(2*Pi)
197	Sum_{k>=1} (-1)^k*log(k)/k	special	64	not found	10	FIVE, x, INV, SUBTRACT, INV	TWO, INV, EULER, SUBTRACT, LOG	8.935e-08	0	2.0	nan	False	EulerGamma*Log[2] - Log[2]^2/2
198	Euler-Kronecker constant (as named by P. Moree) for hypotenuse numbers	none	64	not found	10	x, FOUR, POWER, GOLDENRATIO, PLUS	TWO, EULER, SUBTRACT, FOUR, TIMES	1.678e-08	0	2.0	nan	False	
199	log Cbrt[π]	elementary	64	exact	9	x, INV, PI, POWER	THREE, FIVE, POWER, EIGHT, TIMES	0.000e+00	6	2.0	64.0	True	Log10[CubeRoot[Pi]]
200	sixth	rational	64	exact	3	x	SIX, INV	0.000e+00	6	0.0	63.7	True	1/6
201	Hall-Montgomery constant	special	64	not found	10	x, PI, EIGHT, SUBTRACT, POWER	PI, LOG, SIX, INV, PLUS	7.656e-08	0	2.0	nan	False	1 + Pi^2/6 + 2*PolyLog[2, -Sqrt[E]]
202	(-2*Catalan + Pi*log(2))/2	special	64	not found	10	x, LOG, EIGHT, PLUS, SQR	GOLDENRATIO, NINE, POWER, FOUR, PLUS	1.367e-08	0	2.0	nan	False	Pi*Log[2]/2 - Catalan
203	'mu', a Sobolev isoperimetric constant related to the "membrane inequality", arising from the study of a vibrating membr	none	64	not found	10	x, LOG, SQR, SEVEN, TIMES	PI, THREE, PLUS, EXP, SQRT	4.217e-08	0	2.1	nan	False	
204	log(2)/4	elementary	64	exact	5	x	FOUR, TWO, LOG, DIVIDE	0.000e+00	75	0.0	63.8	True	Log[2]/4
205	probability that three positive integers are pairwise not coprime	none	64	not found	10	x, x, PI, POWER, DIVIDE	FIVE, EXP, INV, SEVEN, PLUS	2.066e-09	0	2.0	8.7	True	
206	H, an auxiliary constant used to evaluate some Ising-related constants on triangular and hexagonal lattices (negated)	none	64	not found	10	x, PI, x, TIMES, POWER	EULER, GOLDENRATIO, SQR, LOG, POWER	1.215e-09	0	2.0	8.9	True	
207	Gibbs-Wilbraham constant	special	64	not found	10	GOLDENRATIO, x, EXP, SQR, POWER	GOLDENRATIO, NINE, LOG, SUBTRACT, EXP	5.373e-08	0	2.0	nan	False	-1 + (2*SinIntegral[Pi])/Pi
208	pi^(-3/2)	elementary	64	exact	6	x	THREE, PI, POWER, SQRT, INV	0.000e+00	312	0.1	63.8	True	Pi^(-3/2)
209	Markoff number asymptotic density constant	none	64	not found	9	FIVE, SQRT, x, INV, SUBTRACT	EULER, FOUR, TIMES, SQRT	1.321e-10	0	2.0	9.9	True	
210	a1, the first of two constants associated with Djokovic's conjecture on an integral inequality	none	64	not found	10	EIGHT, x, SEVEN, TIMES, POWER	FOUR, FIVE, GOLDENRATIO, POWER, SUBTRACT	7.431e-09	1	2.0	8.1	True	
211	G/2 - Pi*log(2)/8, where G = A006752	special	64	not found	10	x, NINE, TIMES, SQR, LOG	FIVE, INV, SQR, TWO, POWER	2.241e-08	0	2.0	nan	False	Catalan/2-Pi Log[2]/8
212	Hardy-Littlewood constant C_6 = Product_{p prime > 6} 1/(1-1/p)^6 (1-6/p)	none	64	not found	10	x, PI, TIMES, PI, SUBTRACT	EIGHT, FIVE, POWER, LOG, LOG	1.867e-08	0	2.0	nan	False	
213	MRB constant	special	64	not found	10	FIVE, x, SQRT, LOG, POWER	PI, TWO, LOG, SUBTRACT, INV	1.783e-08	0	2.0	nan	False	Sum[(-1)^n*(-1 + n^n^(-1)), {n, 1, Infinity}]
214	9*zeta(3)/(2*Pi^2) - log(2) + 1/3	special	64	not found	10	ONE, x, INV, SQRT, SUBTRACT	EIGHT, SQRT, THREE, LOG, POWER	3.464e-08	0	2.0	nan	False	9Zeta[3]/(2Pi^2)-Log[2]+1/3
215	entropy of folding of the triangular lattice constant	special	64	not found	10	FOUR, x, INV, SUBTRACT, EXP	SEVEN, SQRT, SQRT, SQRT, EXP	1.898e-08	0	2.0	nan	False	Log[(Gamma[1/3]^(3/2)*Sqrt[3])/(2*Pi)]
216	gamma^3	special	64	not found	10	x, SIX, TIMES, SQR, SQR	SEVEN, INV, THREE, PLUS, SQRT	7.755e-09	0	2.0	8.1	True	EulerGamma^3
217	1/sqrt(27)	algebraic	64	exact	5	x	NINE, THREE, SQRT, DIVIDE	1.442e-16	118	0.0	63.7	True	1/Sqrt[27]
218	q of the maximum of the Dedekind eta function	none	64	not found	10	x, FOUR, POWER, SQR, SQR	PI, LOG, PI, SQRT, PLUS	9.993e-09	0	2.0	8.0	True	
219	probability that a random walk on a 4-d lattice returns to the origin	none	64	not found	10	ONE, x, INV, SQR, SUBTRACT	FOUR, INV, THREE, PLUS, EXP	1.081e-08	0	2.0	nan	False	
220	Second du Bois-Reymond constant	elementary	64	exact	7	x, TWO, TIMES, SEVEN, PLUS	TWO, EXP	0.000e+00	143	2.0	63.7	True	(-7 + E^2)/2
221	log π/2	elementary	64	exact	8	x, ONE, NINE, PLUS, POWER	TWO, PI, DIVIDE	0.000e+00	3	2.0	64.0	True	Log10[Pi/2]
222	Pi/16	none	64	exact	5	x	FOUR, SQR, PI, DIVIDE	0.000e+00	68	0.0	64.0	True	
223	Vallée constant	none	24	not found	10	EULER, x, EXP, SQRT, POWER	PI, LOG, SIX, INV, PLUS	2.688e-09	0	2.0	8.6	True	
224	Erdős-Lebensold constant	special	24	not found	10	x, INV, SEVEN, LOG, POWER	FIVE, GOLDENRATIO, PI, DIVIDE, POWER	1.410e-07	0	2.0	nan	False	Sum[1/(Prime[\[FormalK]]^\[FormalS]*Log[Prime[\[FormalK]]^\[FormalS]]), {\[FormalS], 1, Infinity}, {\[FormalK], 1, Infinity}]
225	(6/Pi^2) Sum_{p prime} 1/(p(p+1)), a Meissel-Mertens constant related to the asymptotic density of certain sequences of 	none	64	not found	10	EULER, x, EIGHT, TIMES, POWER	EIGHT, THREE, DIVIDE, FOUR, SUBTRACT	2.435e-09	0	2.0	8.6	True	
226	Given the two curves y = exp(-x) and y = 2/(exp(x) + exp(x/2)), draw a line tangent to both. This sequence is the decima	none	64	not found	10	x, EIGHT, POWER, ONE, PLUS	PI, SQRT, SEVEN, TIMES, LOG	2.439e-08	0	2.0	nan	False	
227	White House switchboard constant	elementary	64	not found	10	x, SIX, TIMES, SQR, SQR	EIGHT, LOG, GOLDENRATIO, DIVIDE, EXP	4.819e-10	0	2.0	9.3	True	Exp[-(1 + 8^(-1 + E)^(-1))^Pi^(-1)]
228	Rumor's constant	special	64	exact	6	x, SQRT, x, EXP, DIVIDE	EULER	0.000e+00	25	2.0	63.6	True	-ProductLog[ -2/E^2]/2
229	ln(Gamma(3/4))	special	64	not found	10	GOLDENRATIO, x, NINE, DIVIDE, POWER	PI, SEVEN, POWER, NINE, PLUS	6.762e-09	1	2.0	8.2	True	LogGamma[3/4]
230	sum of the reciprocals of the perfect numbers	none	64	not found	10	SEVEN, x, EULER, DIVIDE, DIVIDE	THREE, SQRT, SIX, INV, PLUS	1.662e-08	0	2.0	nan	False	
231	log Cbrt[4π/3]	elementary	64	not found	10	x, INV, SQR, THREE, PLUS	EIGHT, LOG, FOUR, EXP, DIVIDE	2.672e-09	0	2.0	8.6	True	Log10[CubeRoot[4*Pi/3]]
232	lambda(3) in Li's criterion	none	64	not found	10	x, SIX, TIMES, LOG, LOG	PI, SEVEN, SQRT, SQRT, SUBTRACT	1.548e-07	0	2.0	nan	False	
233	e^(-pi/2)	elementary	64	exact	5	x	PI, EXP, INV, SQRT	0.000e+00	100	0.0	63.7	True	E^(-Pi/2)
234	-zeta(-1/2)	special	64	not found	10	x, SQR, PI, EXP, TIMES	SIX, FIVE, POWER, INV, EXP	1.744e-08	0	2.0	nan	False	-Zeta[-1/2]
235	a constant related to A000621	none	64	not found	10	GOLDENRATIO, LOG, INV, x, TIMES	SIX, GOLDENRATIO, POWER, EIGHT, DIVIDE	5.576e-08	0	2.0	nan	False	
236	log Sqrt[e]	elementary	64	exact	7	x, INV	ONE, NINE, PLUS, SQR, LOG	0.000e+00	159	2.0	64.0	True	Log10[Sqrt[E]]
237	Lochs-Porter constant	special	64	not found	10	GOLDENRATIO, SEVEN, PLUS, x, POWER	EULER, EXP, TWO, SUBTRACT, EXP	2.861e-09	0	2.0	8.5	True	3/4 - (3*Log[2]*(-2 + 4*EulerGamma + 3*Log[2] - (24*Derivative[1][Zeta][2])/Pi^2))/Pi^2 - (6*Log[2]*(-1/2 + (6*Derivative[1][Zeta][2])/Pi^2))/Pi^2
238	B (negated), a constant related to Glaisher's constant A and the Gaussian unitary ensemble hypothesis	none	64	not found	10	NINE, EXP, SQRT, x, DIVIDE	SEVEN, EULER, PI, SUBTRACT, POWER	7.839e-08	0	2.0	nan	False	
239	2*log(2) - 4*Catalan/Pi	special	64	not found	10	FOUR, SQR, x, TIMES, INV	ONE, EULER, SQRT, SQRT, SUBTRACT	7.264e-08	1	2.0	nan	False	2*Log[2] - 4*Catalan/Pi
240	gamma^e	special	64	not found	10	SEVEN, x, FIVE, TIMES, POWER	TWO, SQRT, PI, POWER, SQRT	3.231e-09	0	2.0	8.5	True	EulerGamma^E
241	7*zeta(3)/(2*Pi^2) - log(2) + 1/2	special	64	not found	10	EIGHT, SQRT, SQRT, x, TIMES	SIX, SQRT, FIVE, SUBTRACT, INV	9.993e-09	0	2.0	8.0	True	7Zeta[3]/(2Pi^2)-Log[2]+1/2
242	Conway-Guy constant	special	64	not found	10	x, INV, FIVE, SUBTRACT, SQR	SIX, SQR, THREE, EXP, DIVIDE	2.087e-08	1	2.0	nan	False	ConditionalExpression[Extension`ConwayGuyConstant == Limit[\[FormalV][\[FormalN]]/2^\[FormalN], \[FormalN] -> Infinity], \[FormalV][0] == 0 && \[FormalV][1] == 1 && \[FormalV][\[FormalN]] == 2*\[FormalV][-1 + \[FormalN]] - \[FormalV][-1 + \[FormalN] - Floor[1/2 + Sqrt[2*(-1 + \[FormalN])]]]]
243	Copeland–Erdős constant	special	64	not found	10	FOUR, PI, SUBTRACT, x, POWER	EULER, FIVE, DIVIDE, GOLDENRATIO, PLUS	1.934e-08	0	2.0	nan	False	Sum[10^(-\[FormalK] - Sum[Floor[Log[10, Prime[\[FormalJ]]]], {\[FormalJ], 1, \[FormalK]}])*Prime[\[FormalK]], {\[FormalK], 1, Infinity}]
244	Pi*(3 - gamma)/32, where gamma is Euler's constant A001620	special	64	not found	10	EULER, x, INV, EXP, SUBTRACT	FOUR, INV, EIGHT, SQR, PLUS	1.736e-08	0	2.0	nan	False	Pi*(3 - EulerGamma)/32
245	quadtree constant	special	64	not found	10	x, INV, x, PLUS, LOG	NINE, GOLDENRATIO, DIVIDE, NINE, POWER	1.125e-08	1	2.0	nan	False	228 - 26*Pi^2 + 24*Zeta[3]
246	1/sqrt(2*Pi*e), one of the Traveling Salesman constants	elementary	64	exact	8	x, INV, SQR	PI, PI, PLUS, EULER, TIMES	0.000e+00	135	2.0	64.0	True	1/Sqrt[2*Pi*E]
247	a(F_5), the maximum inradius of all triangles that lie in a regular pentagon of width 1	none	64	not found	10	x, FOUR, POWER, EIGHT, POWER	FIVE, LOG, THREE, EXP, SUBTRACT	3.389e-08	0	2.0	nan	False	
248	rayleigh kurtosis excess	elementary	64	not found	10	TWO, PI, SUBTRACT, x, TIMES	GOLDENRATIO, NINE, LOG, POWER, INV	1.127e-08	0	2.0	nan	False	-(6*Pi^2 - 24*Pi + 16)/(4 - Pi)^2
250	second (of 10) decimal selvage numbers	none	64	not found	10	EIGHT, NINE, PLUS, x, TIMES	FOUR, LOG, EIGHT, SQRT, PLUS	3.255e-09	0	2.0	8.5	True	
251	log Sqrt[π]	elementary	64	exact	7	x, ONE, NINE, PLUS, POWER	PI, SQRT	2.233e-16	27	2.0	63.8	True	Log10[Sqrt[Pi]]
252	logarithm of Glaisher's constant	special	64	not found	10	x, GOLDENRATIO, EXP, DIVIDE, LOG	PI, LOG, GOLDENRATIO, POWER, SQR	4.193e-08	0	2.0	nan	False	Log[Glaisher]
253	a multiplicative constant related to A006196	none	64	not found	10	THREE, EXP, x, TIMES, SQR	EULER, EULER, SIX, SUBTRACT, POWER	7.041e-08	1	2.1	nan	False	
254	self number density constant	special	64	not found	10	THREE, x, FOUR, TIMES, POWER	EULER, EXP, INV, GOLDENRATIO, POWER	7.761e-08	0	2.0	nan	False	Sum[Piecewise[{{1, SatisfiableQ[\[FormalK] == Sum[(1 + 2^\[FormalN])*\[FormalA][\[FormalK], \[FormalN]], {\[FormalN], 1, Infinity}] && ForAll[\[FormalN], Element[\[FormalN], Integers] && \[FormalN] > 0, Element[\[FormalA][\[FormalK], \[FormalN]], Integers]], {\[FormalA]}]}}, 0]/2^\[FormalK], {\[FormalK], 1, Infinity}]^2/8
255	(1/384)*Pi^4	elementary	64	exact	8	x, SIX, TIMES	EIGHT, PI, SQR, DIVIDE, SQR	0.000e+00	53	2.0	64.0	True	Pi^4/ 384
256	Flajolet-Prodinger constant 'K', a constant related to asymptotically enumerating level number sequences for binary tree	none	64	not found	10	x, FOUR, NINE, PLUS, DIVIDE	SEVEN, SQR, EIGHT, LOG, PLUS	9.992e-10	0	2.0	9.0	True	
257	third (of 10) decimal selvage numbers	none	64	not found	10	x, NINE, TIMES, SEVEN, SUBTRACT	SEVEN, EULER, EXP, DIVIDE, SQR	5.625e-09	0	2.0	8.2	True	
258	Meissel-Mertens constant	special	64	not found	10	x, SQRT, LOG, SQR, EXP	SEVEN, GOLDENRATIO, DIVIDE, SEVEN, POWER	4.267e-08	0	2.0	nan	False	EulerGamma + Sum[Log[1 - Prime[n]^(-1)] + Prime[n]^(-1), {n, 1, Infinity}]
259	Pi/12	none	64	exact	6	x	TWO, SIX, TIMES, PI, DIVIDE	2.120e-16	223	0.2	64.0	True	
260	Mrs. Miniver constant	special	64	not found	10	x, SQR, SEVEN, EXP, DIVIDE	ONE, SIX, FIVE, POWER, SUBTRACT	3.408e-08	0	2.0	nan	False	Root[{#1 - Sin[Pi/6 - #1*Sqrt[1 - #1^2]] & , 0.264932084602776862`17.423134556719873}]
261	Ti_2(2-sqrt(3)), where Ti_2 is the inverse tangent integral function	none	64	not found	10	x, FOUR, TIMES, LOG, INV	EULER, EXP, THREE, LOG, PLUS	8.698e-09	0	2.0	8.1	True	
262	unforgeable word constant	special	64	not found	10	SIX, x, EIGHT, PLUS, DIVIDE	SEVEN, INV, SQRT, ONE, PLUS	8.076e-09	0	2.0	8.1	True	Sum[(2*(-1)^(-1 + \[FormalK])*Product[2^(-1 + 2^\[FormalJ])/(-1 + 2^(-1 + 2^\[FormalJ])), {\[FormalJ], 2, \[FormalK]}])/(-1 + 2^(-1 + 2^(1 + \[FormalK]))), {\[FormalK], 1, Infinity}]
263	volume of a regular ideal hyperbolic 4-simplex	elementary	64	not found	10	x, TWO, SQRT, LOG, SUBTRACT	GOLDENRATIO, NINE, POWER, EULER, DIVIDE	1.579e-08	0	2.0	nan	False	10*Pi/3*ArcSin[1/3] - Pi^2/3
265	one of the Pell-Stevenhagen constants	none	64	not found	10	THREE, PI, POWER, x, TIMES	PI, TWO, DIVIDE, NINE, SUBTRACT	2.994e-09	0	2.0	8.5	True	
266	1/(8*log(2)*A005597), where A005597 is the twin prime constant C_2	none	64	not found	9	FIVE, x, SIX, TIMES, POWER	EIGHT, SQRT, NINE, PLUS	4.084e-09	0	2.0	8.4	True	
267	constant appearing in the expected number of comparisons for an unsuccessful digital tree search (negated)	none	64	not found	10	EULER, x, POWER, EIGHT, POWER	GOLDENRATIO, LOG, INV, PI, SUBTRACT	9.971e-09	0	2.0	8.0	True	
269	(6/Pi^2)*Sum_{n>=1} 1/prime(n)^2	special	64	not found	10	x, EULER, DIVIDE, EULER, POWER	NINE, NINE, THREE, POWER, SUBTRACT	1.355e-08	0	2.0	nan	False	6*PrimeZetaP[2]/Pi^2
270	1/Gamma(1/4)	special	64	not found	10	SIX, x, SQR, LOG, POWER	FOUR, PI, POWER, THREE, TIMES	1.177e-08	0	2.0	nan	False	1/Gamma[1/4]
271	rho_c = (5-sqrt(5))/10, the asymptotic critical density for the hard hexagon model	algebraic	64	exact	5	x	GOLDENRATIO, TWO, PLUS, INV	0.000e+00	69	0.0	63.8	True	(5 - Sqrt[5])/10
272	Bernstein's constant	none	50	not found	10	THREE, GOLDENRATIO, SUBTRACT, x, DIVIDE	SIX, SQRT, TWO, DIVIDE, LOG	1.884e-10	0	2.0	9.7	True	
273	Series-parallel networks constant	none	22	not found	10	x, SQRT, THREE, TIMES, LOG	PI, SQRT, FIVE, SQRT, SUBTRACT	4.596e-08	0	2.0	nan	False	
274	log 6/π	elementary	64	exact	8	x, ONE, NINE, PLUS, POWER	PI, SIX, DIVIDE	0.000e+00	4	2.0	64.0	True	Log10[6/Pi]
275	((5 - 2*sqrt(2))*Pi)/24	elementary	64	not found	10	THREE, x, SEVEN, POWER, SUBTRACT	FOUR, LOG, EIGHT, INV, SUBTRACT	2.458e-08	0	2.0	nan	False	((5-2*Sqrt[2])*Pi)/24
276	Mertens constant M(3,2) arising in the formula for the sum of reciprocals of primes p == 2 (mod 3)	none	64	not found	10	x, INV, GOLDENRATIO, EXP, SUBTRACT	THREE, SEVEN, INV, EXP, POWER	5.225e-08	0	2.1	nan	False	
277	Mertens constant M(4,1) arising in the formula for the sum of reciprocals of primes p == 1 (mod 4) (negated)	none	64	not found	10	x, LOG, EIGHT, SQRT, DIVIDE	THREE, EULER, TWO, DIVIDE, SUBTRACT	3.215e-09	0	2.0	8.5	True	
278	strongly carefree constant	special	64	not found	10	x, SIX, SEVEN, TIMES, POWER	EIGHT, GOLDENRATIO, DIVIDE, EULER, PLUS	3.367e-08	0	2.0	nan	False	Product[1 - (-2 + 3*Prime[\[FormalK]])/Prime[\[FormalK]]^3, {\[FormalK], 1, Infinity}]
279	digital search tree Q constant	special	64	not found	10	TWO, x, ONE, PLUS, DIVIDE	EULER, FOUR, PLUS, LOG, LOG	1.549e-10	0	2.0	9.8	True	QPochhammer[1/2, 1/2]
280	Sum_{k>=0} (k!/(k+2)!)^2	elementary	64	exact	7	x, THREE, PLUS	THREE, PI, SQR, DIVIDE	0.000e+00	114	2.0	63.9	True	Pi^2/3 - 3
281	domino tiling constant	special	64	not found	10	x, ONE, PLUS, TWO, DIVIDE	TWO, NINE, PLUS, LOG, SQRT	4.148e-09	0	2.0	8.4	True	Catalan/Pi
282	d_0, the constant term in the asymptotic expansion of the average number of registers needed to evaluate a binary tree	none	64	not found	9	x, FIVE, TIMES, SQR, EXP	GOLDENRATIO, LOG, EIGHT, PLUS	8.256e-09	0	2.0	8.1	True	
283	(1/105)*Pi^3	elementary	64	exact	10	x, SEVEN, TIMES, THREE, TIMES	FIVE, THREE, PI, POWER, DIVIDE	0.000e+00	6	2.0	63.8	True	Pi^3/105
284	Pythagorean triple second-order constant for areas	special	64	not found	10	PI, x, TWO, TIMES, POWER	EIGHT, SIX, SQRT, SQRT, DIVIDE	3.186e-09	0	2.0	8.5	True	-(((1 + 2^(-1/3))*Zeta[1/3])/((1 + 2^(-2/3))*Zeta[4/3]))
285	a constant that appears in flux/diffusion problems with trapping surfaces	special	64	not found	9	TWO, x, INV, SUBTRACT	EULER, SIX, SUBTRACT, INV, EXP	2.672e-08	1	2.0	nan	False	-1/Pi * Integrate[Log[(6/x^2) * (1 - Sin[x]/x)]/x^2, {x, 0, Infinity}]
286	Wadsworth constant	rational	64	exact	6	x	THREE, INV, THREE, PLUS, INV	0.000e+00	450	0.2	64.0	True	3/10
287	Sum_{m,n >= 1} (-1)^(m + n)/(m*n*(m + n))	none	64	not found	10	FOUR, INV, x, SUBTRACT, SQRT	EULER, EULER, EIGHT, DIVIDE, SUBTRACT	9.449e-10	0	2.0	9.0	True	
288	log10(2)	elementary	64	exact	6	x, ONE, NINE, PLUS, POWER	TWO	0.000e+00	72	2.0	64.0	True	Log[10, 2]
289	ln(Gamma(2/3))	special	64	not found	10	TWO, x, SUBTRACT, INV, EXP	NINE, LOG, FOUR, SUBTRACT, INV	3.849e-09	0	2.0	8.4	True	LogGamma[2/3]
290	coefficient c appearing in the asymptotic evaluation of the number of prime additive compositions of n as c*(1/xi)^n, wh	none	64	not found	10	EULER, x, LOG, INV, SUBTRACT	FIVE, TWO, LOG, INV, SUBTRACT	3.138e-08	0	2.0	nan	False	
291	Gauss-Kuzmin-Wirsing constant	special	64	not found	10	FIVE, x, SQRT, POWER, LOG	THREE, SEVEN, INV, SQR, SUBTRACT	8.667e-10	1	2.0	9.1	True	Inactive[Limit][Inactive[Part][SortBy[N][Abs[Eigenvalues[Inactive[Table][((-1)^\[FormalJ]*Inactive[Sum][(-2)^\[FormalI]*Binomial[\[FormalK], \[FormalI]]*Pochhammer[2 + \[FormalI], \[FormalJ]]*(-2^(2 + \[FormalI] + \[FormalJ]) + (-1 + 2^(2 + \[FormalI] + \[FormalJ]))*Zeta[2 + \[FormalI] + \[FormalJ]]), {\[FormalI], 0, \[FormalK]}])/((-2)^\[FormalK]*\[FormalJ]!), {\[FormalJ], 0, -1 + \[FormalN]}, {\[FormalK], 0, -1 + \[FormalN]}]]]], -2], \[FormalN] -> Infinity]
292	3/pi^2	elementary	64	exact	5	x	PI, SQR, THREE, DIVIDE	0.000e+00	63	0.0	64.0	True	3/Pi^2
293	radius of convergence of the generating function of A000625 (alcohol stereoisomers enumeration)	none	64	not found	10	x, FOUR, SQR, DIVIDE, LOG	FIVE, EULER, THREE, POWER, DIVIDE	4.218e-08	0	2.0	nan	False	
294	1 - log(2)	elementary	64	exact	5	x	TWO, LOG, ONE, SUBTRACT	0.000e+00	78	0.0	64.0	True	1-Log[2]
295	Hardy-Littlewood constant Product_{p prime >= 5} (1-(6*p^2-4*p+1)/(p-1)^4)	none	64	not found	10	x, SQR, x, SQRT, DIVIDE	EULER, INV, SQR, SIX, SUBTRACT	2.947e-08	1	2.0	nan	False	
296	coefficient c_v in c_v*log(N), the asymptotic variance of the number of factors in a random factorization of n <= N	none	64	not found	10	SEVEN, x, LOG, SQR, POWER	GOLDENRATIO, EXP, SEVEN, SQR, DIVIDE	1.341e-07	1	2.0	nan	False	
297	Littlewood-Salem-Izumi constant	special	64	not found	10	PI, x, POWER, EIGHT, POWER	FIVE, LOG, EULER, SUBTRACT, SQRT	2.426e-08	1	2.0	nan	False	Root[{HypergeometricPFQ[{1/2 - #1/2}, {1/2, 3/2 - #1/2}, (-(1/16))*(9*Pi^2)] & , 0.3084437795619860030341969509860000000000000000000000000001`29.489176016177844}]
298	sin(Pi/10) (angle of 18 degrees)	algebraic	64	exact	5	x, GOLDENRATIO, TIMES	TWO, INV	0.000e+00	128	0.0	63.8	True	Sin[18 Degree]
299	-(8*(EulerGamma - log(2)))/3	special	64	not found	10	PI, LOG, x, INV, SUBTRACT	PI, LOG, FIVE, DIVIDE, SQRT	8.358e-10	0	2.0	9.1	True	-(8*(EulerGamma - Log[2]))/3
300	Zolotarev-Schur constant	special	64	not found	10	EIGHT, x, ONE, PLUS, POWER	SIX, GOLDENRATIO, DIVIDE, NINE, SUBTRACT	9.292e-09	0	2.0	8.0	True	With[{\[FormalX] = Root[{EllipticE[#1^2]^3 - 3*EllipticE[#1^2]^2*EllipticK[#1^2] + EllipticK[#1^2]*(-1 - EllipticK[#1^2]^2 + #1^2) + EllipticE[#1^2]*(1 + 3*EllipticK[#1^2]^2 + #1^2) & , 0.9155020553896763963055240364016622896543129422884607667501`30.102999566398122}]}, (1 - EllipticE[\[FormalX]^2]/EllipticK[\[FormalX]^2])^2/\[FormalX]^2]
301	k_3 = 3/(2*Pi*m_3), a constant associated with the asymptotic expansion of the probability that a three-dimensional rand	none	64	not found	10	x, SQR, SIX, INV, SUBTRACT	SEVEN, EXP, FIVE, DIVIDE, SQRT	1.006e-08	0	2.0	nan	False	
302	(negated) constant in the expansion of the prime zeta function about s = 1	none	64	not found	10	x, INV, EXP, THREE, PLUS	EIGHT, SQRT, EIGHT, SUBTRACT, SQR	1.355e-08	1	2.1	nan	False	
303	Atkinson-Negro-Santoro constant	special	64	not found	10	x, LOG, THREE, SUBTRACT, LOG	TWO, LOG, EULER, SUBTRACT, SQRT	1.831e-08	1	2.0	nan	False	ConditionalExpression[Extension`AtkinsonNegroSantoroConstant == Limit[\[FormalU][\[FormalN]]/2^\[FormalN], \[FormalN] -> Infinity], \[FormalU][0] == 0 && \[FormalU][1] == 1 && \[FormalU][\[FormalN]] == 2*\[FormalU][-1 + \[FormalN]] - \[FormalU][-1 + \[FormalN] - Floor[1 + (-1 + \[FormalN])/2]]]
304	real part of the solution of z = log z	special	64	not found	10	x, EXP, INV, FOUR, POWER	FIVE, TWO, DIVIDE, PI, SUBTRACT	1.902e-08	1	2.0	nan	False	Re[-ProductLog[-1]]
305	Kalmar composition constant	special	64	not found	10	GOLDENRATIO, SQRT, x, TIMES, EXP	EIGHT, INV, SQRT, PI, POWER	1.263e-08	0	2.0	nan	False	ConditionalExpression[Extension`KalmarCompositionConstant == -(1/(\[FormalRho]*Derivative[1][Zeta][\[FormalRho]])), \[FormalRho] == Root[{-2 + Zeta[#1] & , 1.7286472389981836181351030103`29.237706376855613}]]
306	reciprocal of π	elementary	64	exact	3	x	PI, INV	0.000e+00	4	0.0	64.0	True	Pi^(-1)
307	a constant related to a certain Sobolev isoperimetric inequality	none	64	not found	10	x, EXP, ONE, SUBTRACT, INV	GOLDENRATIO, SEVEN, SUBTRACT, EULER, SUBTRACT	2.567e-08	1	2.0	nan	False	
308	eta/xi = A086318/A086317, a coefficient associated with the asymptotics of the number of weakly binary trees	none	64	not found	10	x, TWO, SUBTRACT, SQRT, LOG	EIGHT, GOLDENRATIO, POWER, LOG, INV	1.607e-08	1	2.0	nan	False	
309	Feller-Tornier product constant	special	64	not found	10	GOLDENRATIO, x, SQR, DIVIDE, LOG	PI, SQRT, EXP, PI, SUBTRACT	3.282e-08	0	2.1	nan	False	Product[1 - 2/Prime[\[FormalK]]^2, {\[FormalK], 1, Infinity}]
310	second Kneser-Mahler polynomial constant	special	64	not found	10	x, PI, FIVE, SUBTRACT, DIVIDE	GOLDENRATIO, SQR, NINE, LOG, TIMES	2.895e-09	1	2.1	8.5	True	(9 - PolyGamma[1, 2/3] + PolyGamma[1, 4/3])/(4*Pi*Sqrt[3])
311	1/(4*K), a constant related to the asymptotic evaluation of the number of positive integers all of whose prime factors a	none	64	not found	10	EULER, x, THREE, TIMES, POWER	THREE, EXP, INV, ONE, SUBTRACT	2.165e-08	1	2.0	nan	False	
312	infinite product of (j/Pi)*sin(Pi/j), for j >= 2, a constant similar to the Kepler-Bouwkamp constant	none	64	not found	10	NINE, x, PI, TIMES, POWER	NINE, GOLDENRATIO, DIVIDE, FIVE, POWER	1.224e-07	1	2.0	nan	False	
313	constant that appears in the asymptotic formula for average order of an infinitary analog of Euler's phi function (A0917	none	64	not found	10	x, SIX, POWER, SQR, SQR	GOLDENRATIO, FIVE, EXP, SQRT, SUBTRACT	3.440e-08	0	2.0	nan	False	
314	Given the two curves y = (1 + exp(x))/2 and y = (1 + exp(x))/(1 + exp(x/2)), draw a line tangent to both. This sequence 	none	64	not found	10	PI, x, GOLDENRATIO, DIVIDE, POWER	EULER, SIX, TIMES, NINE, TIMES	5.322e-09	0	2.0	8.3	True	
315	9099999999923/27500000000000	rational	64	not found	10	x, EULER, PLUS, x, POWER	PI, EXP, SIX, PLUS, INV	4.381e-09	1	2.0	8.4	True	9099999999923/27500000000000
316	euler sqr	special	64	not found	10	x, SIX, DIVIDE, PI, DIVIDE	EIGHT, THREE, INV, EXP, DIVIDE	9.954e-10	0	2.0	9.0	True	EulerGamma^2
317	log(A085851)	none	64	not found	10	x, SEVEN, DIVIDE, NINE, PLUS	NINE, NINE, EXP, DIVIDE, SQRT	1.742e-08	0	2.0	nan	False	
318	third	rational	64	exact	3	x	THREE, INV	0.000e+00	5	0.0	64.0	True	1/3
319	Sum_{k>=2} c(k)/prime(k), where c(k) = -1 if p == 1 (mod 4) and c(k) = +1 if p == 3 (mod 4)	none	64	not found	10	x, SQRT, x, POWER, SQR	FOUR, GOLDENRATIO, SQRT, SQRT, DIVIDE	1.795e-08	1	2.0	nan	False	
320	radius of convergence of g.f. for unlabeled trees (A000055)	none	64	not found	10	NINE, x, INV, LOG, POWER	NINE, FOUR, DIVIDE, GOLDENRATIO, PLUS	5.954e-09	0	2.2	8.2	True	
321	probability that a random walk on a 3-D lattice returns to the origin	special	64	not found	10	x, GOLDENRATIO, TIMES, EULER, DIVIDE	PI, EXP, SIX, TIMES, LOG	1.994e-09	0	2.7	8.7	True	1 - (16*Sqrt[2/3]*Pi^3) / (Gamma[1/24]*Gamma[5/24]*Gamma[7/24]*Gamma[11/24])
322	2*sin(Pi/18)	algebraic	64	exact	6	x, INV, x, SQR, PLUS	THREE	1.598e-16	8	2.4	64.0	True	2Sin[Pi/18]
323	sqrt(5^(1/3)-4^(1/3))	algebraic	64	not found	10	PI, x, FIVE, TIMES, POWER	FIVE, SEVEN, GOLDENRATIO, POWER, DIVIDE	1.708e-08	1	2.0	nan	False	Sqrt[Surd[5, 3] - Surd[4, 3]]
324	meander connective constant	special	64	not found	10	x, TWO, LOG, DIVIDE, LOG	THREE, INV, PI, POWER, INV	5.123e-08	1	2.0	nan	False	Product[1 - 2^(-2^\[FormalK]), {\[FormalK], 0, Infinity}]
325	lim_{N->infinity} (1/N^2 Sum_{n=1..N} K(n)), where K(n) is the squarefree kernel of n	none	64	not found	10	x, LOG, SQR, PI, POWER	FIVE, LOG, SQR, GOLDENRATIO, POWER	2.931e-09	0	2.0	8.5	True	
326	a coefficient associated with the asymptotics of the variance of the distance between a vertex and the root of a random 	none	64	not found	9	x, FOUR, TIMES, INV	GOLDENRATIO, SIX, PLUS, LOG, LOG	2.181e-09	0	2.0	8.7	True	
327	Hafner–Sarnak–McCurley constant	none	64	not found	10	x, EIGHT, POWER, x, PLUS	EULER, SIX, SUBTRACT, EIGHT, DIVIDE	7.528e-08	0	2.0	nan	False	
328	radius of convergence of the generating function of A000598, the number of rooted ternary trees of n vertices	none	64	not found	10	EULER, SQRT, x, INV, SUBTRACT	EIGHT, PI, DIVIDE, SQR, EXP	3.914e-08	0	2.0	nan	False	
330	imaginary part of the infinite power tower of i	special	64	not found	9	EIGHT, x, LOG, POWER, EXP	PI, SQRT, FIVE, SUBTRACT	1.557e-08	1	2.0	nan	False	Im[-ProductLog[-Log[I]]/Log[I]]
331	log 1/M = ln 10	elementary	64	exact	9	x, ONE, NINE, PLUS, POWER	ONE, NINE, PLUS, LOG	0.000e+00	2	2.0	63.9	True	Log10[Log[10]]
332	equilateral triangle line-picking constant	elementary	64	not found	9	GOLDENRATIO, SQRT, x, PLUS, INV	EULER, SQR, EIGHT, SUBTRACT	5.676e-09	1	2.1	8.2	True	(4 + 3*Log[3])/20
333	(3*sqrt(6) - 7)*Pi/3	elementary	64	not found	10	x, INV, SQR, NINE, SUBTRACT	TWO, SQRT, PI, DIVIDE, SQRT	1.307e-08	1	2.0	nan	False	(3Sqrt[6]-7)Pi/3
334	standard Gumbel distribution median	elementary	64	exact	5	x, EXP	TWO, LOG, INV	0.000e+00	71	0.0	64.0	True	-Log[Log[2]]
335	constant that appears in the asymptotic formula for average order of the number of  infinitary divisors function (A03744	none	64	not found	10	x, INV, EXP, THREE, DIVIDE	THREE, LOG, FOUR, PLUS, INV	2.627e-08	1	2.0	nan	False	
336	reciprocal of e	elementary	64	exact	3	x	EULER, INV	0.000e+00	2	0.0	64.0	True	E^(-1)
337	Hardy-Littlewood constant C_7 = Product_{p prime > 7} 1/(1-1/p)^7 (1-7/p)	none	64	not found	10	PI, x, THREE, DIVIDE, SUBTRACT	SIX, LOG, SIX, POWER, SQRT	3.301e-08	0	2.0	nan	False	
338	fourth (of 10) decimal selvage number	none	64	not found	10	x, x, TWO, DIVIDE, POWER	GOLDENRATIO, LOG, SIX, PLUS, LOG	1.237e-08	0	2.0	nan	False	
339	constant c appearing in the expected number of pair of twin vacancies in a digital tree	none	64	not found	10	x, INV, TWO, SUBTRACT, EXP	FIVE, SQR, LOG, GOLDENRATIO, DIVIDE	1.685e-08	0	2.0	nan	False	
340	variance of the maximum of a size 8 sample from a normal (0,1) distribution	none	64	not found	10	x, LOG, EIGHT, INV, POWER	NINE, TWO, DIVIDE, EIGHT, SUBTRACT	1.920e-08	0	2.0	nan	False	
341	(1/144)*3^(1/2)*Pi^3	elementary	64	not found	10	x, EIGHT, POWER, EULER, SUBTRACT	THREE, EXP, SIX, DIVIDE, SQRT	1.592e-08	0	2.0	nan	False	Sqrt[3]*Pi^3/144
342	1/Gamma(1/3)	special	64	not found	10	x, SQRT, x, POWER, INV	SIX, LOG, EIGHT, SUBTRACT, LOG	1.068e-08	0	2.0	nan	False	1/Gamma[1/3]
343	first positive solution to exp(1-1/x)/x = 1/2, a binary search tree constant	special	64	exact	8	x, INV, EXP, x, TIMES	EULER, EULER, PLUS	1.487e-16	4	2.0	64.0	True	-1/ProductLog[-1, -1/(2*E)]
344	Artin's constant	special	64	not found	10	EIGHT, x, POWER, NINE, DIVIDE	GOLDENRATIO, FOUR, PLUS, SIX, POWER	6.394e-09	1	2.0	8.2	True	Product[1 - 1/((-1 + Prime[n])*Prime[n]), {n, 1, Infinity}]
345	64/169, the upper bound (as given by S. Finch) of the 2-dimensional simultaneous Diophantine approximation constant	none	64	exact	7	x, SQRT	FOUR, NINE, PLUS, EIGHT, DIVIDE	0.000e+00	144	2.0	64.0	True	
346	upper bound of the 6-dimensional simultaneous Diophantine approximation constant	none	64	not found	10	SEVEN, x, PI, POWER, POWER	EULER, EXP, SIX, SQR, SUBTRACT	5.070e-09	1	2.0	8.3	True	
347	expected distance from a randomly selected point in the unit square to its center: (sqrt(2) + log(1 + sqrt(2)))/6	elementary	64	not found	10	x, x, ONE, SUBTRACT, POWER	PI, EXP, SQRT, FOUR, DIVIDE	7.330e-09	0	2.0	8.1	True	(Sqrt[2] + Log[1 + Sqrt[2]])/6
348	Given the two curves y = (1 + exp(x))/2 and y = (1 + exp(x))/(1 + exp(x/2)), draw a line tangent to both. This sequence 	none	64	not found	10	x, SEVEN, TIMES, PI, SUBTRACT	GOLDENRATIO, GOLDENRATIO, LOG, SQRT, DIVIDE	2.217e-08	0	2.0	nan	False	
349	upper bound of the 5-dimensional simultaneous Diophantine approximation constant	elementary	64	not found	9	x, SQRT, SQRT, SIX, POWER	EIGHT, NINE, PLUS, SQRT	8.907e-09	1	2.0	8.1	True	3/(208 + 72*Pi - 96*Sqrt[2]*Pi)
350	variance of the maximum of a size 7 sample from a normal (0,1) distribution	none	64	not found	9	PI, x, POWER, FIVE, DIVIDE	EIGHT, SQRT, FIVE, POWER	2.293e-09	0	2.0	8.6	True	
351	1 - 6/pi^2	elementary	64	exact	7	x, ONE, SUBTRACT	PI, SQR, SIX, DIVIDE	0.000e+00	83	2.0	64.0	True	1 - 6/Pi^2
352	Pi/8	none	64	exact	4	x	EIGHT, PI, DIVIDE	0.000e+00	14	0.0	64.0	True	
353	A(rectangles), an analog of Moser's worm constant, which is associated with the class of rectangular regions of the plan	none	64	not found	10	x, ONE, PLUS, EULER, DIVIDE	FIVE, SQRT, PI, TIMES, LOG	7.213e-08	0	2.0	nan	False	
354	radius of convergence of the generating function for the enumeration of rooted identity trees (A004111)	none	50	not found	10	x, EULER, EIGHT, DIVIDE, SUBTRACT	GOLDENRATIO, LOG, SIX, PLUS, SQRT	1.617e-08	0	2.0	nan	False	
355	Pi*G - 33*zeta(3)/16, where G = A006752	special	64	not found	10	x, GOLDENRATIO, PLUS, FIVE, SUBTRACT	PI, THREE, DIVIDE, PI, POWER	1.815e-08	1	2.0	nan	False	Pi Catalan-33Zeta[3]/16
356	one div root two pi	elementary	64	exact	6	x	PI, PI, PLUS, INV, SQRT	0.000e+00	222	0.1	64.0	True	1/Sqrt[2*Pi]
357	log Sqrt[2π]	elementary	64	exact	9	x, ONE, NINE, PLUS, POWER	PI, PI, PLUS, SQRT	1.391e-16	2	2.0	64.0	True	Log10[Sqrt[2*Pi]]
358	'lambda', a Somos quadratic recurrence constant mentioned by Steven Finch	none	64	not found	10	GOLDENRATIO, SQRT, x, EXP, SUBTRACT	THREE, GOLDENRATIO, SUBTRACT, THREE, POWER	9.109e-09	0	2.0	8.0	True	
359	Feigenbaum's constant 0.399535	none	64	not found	10	FIVE, LOG, x, POWER, INV	SEVEN, INV, SQRT, FOUR, PLUS	5.493e-08	0	2.0	nan	False	
360	Li_3(2 - phi)	special	64	not found	10	x, FOUR, POWER, SQR, SQR	NINE, SQR, SIX, PLUS, SQRT	1.375e-08	0	2.0	nan	False	PolyLog[3,2-GoldenRatio]
361	radius of convergence of Wedderburn-Etherington numbers g.f	none	64	not found	10	x, LOG, SQR, TWO, TIMES	SEVEN, SIX, SQRT, EXP, DIVIDE	4.198e-08	0	2.0	nan	False	
362	'mu', a percolation constant associated with the asymptotic threshold for 3-dimensional bootstrap percolation	none	64	not found	9	x, INV, FIVE, SUBTRACT, SQR	THREE, LOG, SEVEN, DIVIDE	3.488e-09	1	2.0	8.5	True	
363	log(A085850)	none	41	not found	9	x, EIGHT, DIVIDE, SQRT, EXP	NINE, SQR, THREE, PLUS	1.743e-08	0	2.0	nan	False	
364	m_2 = (2-1/e)/4, one of Renyi's parking constants, the mean car density in case "monomer with nearest neighbor exclusion	elementary	64	exact	7	x, FOUR, TIMES	EULER, INV, TWO, SUBTRACT	0.000e+00	107	2.1	64.0	True	(2 - 1/E)/4
365	upper bound of the 4-dimensional simultaneous Diophantine approximation constant	elementary	64	not found	10	THREE, x, ONE, PLUS, POWER	THREE, SEVEN, SQR, DIVIDE, LOG	3.875e-08	0	2.3	nan	False	27/(4*(8*Sqrt[3]*Pi - 27))
366	Euler-Kronecker constant (as named by P. Moree) for non-hypotenuse numbers	none	64	not found	10	EULER, x, PI, SUBTRACT, POWER	THREE, SQRT, ONE, PLUS, EXP	2.804e-08	1	2.0	nan	False	
367	lower bound of the Berry-Esseen constant	elementary	64	not found	10	x, FIVE, SIX, TIMES, POWER	SIX, SQRT, PI, SQR, DIVIDE	4.803e-09	0	2.0	8.3	True	(3 + Sqrt[10])/(6*Sqrt[2*Pi])
368	Hardy-Littlewood constant C_5 = Product_{p prime > 5} 1/(1-1/p)^5 (1-5/p)	none	64	not found	10	SEVEN, x, EULER, DIVIDE, SUBTRACT	SIX, SQRT, PI, SUBTRACT, LOG	1.542e-08	0	2.0	nan	False	
369	sqrt(2)*(sqrt(6) - 1)/5	algebraic	64	exact	8	THREE, SQRT, x, INV, SUBTRACT	TWO, SQRT, INV	0.000e+00	26	2.0	64.0	True	Sqrt[2](Sqrt[6]-1)/5
370	Prouhet–Thue–Morse constant	special	64	not found	10	x, LOG, PI, PLUS, LOG	PI, EIGHT, LOG, DIVIDE, SQRT	7.260e-09	1	2.0	8.1	True	(2 - Product[(-1 + 2^2^\[FormalK])/2^2^\[FormalK], {\[FormalK], 0, Infinity}])/4
371	1/(eta*P'(eta)), a constant related to the asymptotic evaluation of the number of prime multiplicative compositions, whe	none	30	not found	10	EULER, x, TWO, DIVIDE, POWER	PI, SQR, TWO, EXP, TIMES	1.636e-08	0	2.0	nan	False	
372	sqrt(2) - 1	algebraic	64	exact	5	x, ONE, PLUS	TWO, SQRT	0.000e+00	71	0.0	64.0	True	Sqrt[2] - 1
373	isosceles triangle line-picking constant	elementary	64	not found	10	NINE, LOG, SQR, x, TIMES	NINE, EXP, INV, TWO, PLUS	3.717e-08	0	2.1	nan	False	(2 + 4*Sqrt[2] + ArcSinh[1]*(4 + Sqrt[2]))/30
374	Prime constant	special	64	not found	10	PI, x, THREE, POWER, POWER	EIGHT, SQR, GOLDENRATIO, PLUS, LOG	6.145e-09	1	2.0	8.2	True	Sum[2^(-Prime[n]), {n, 1, Infinity}]
375	variance of the maximum of a size 6 sample from a normal (0,1) distribution	none	64	not found	10	GOLDENRATIO, x, THREE, DIVIDE, POWER	EULER, PI, POWER, TWO, PLUS	2.193e-08	1	2.0	nan	False	
376	volume of the Meissner Body	elementary	64	not found	10	GOLDENRATIO, x, FOUR, TIMES, POWER	EULER, INV, SEVEN, LOG, PLUS	2.340e-08	1	2.0	nan	False	(2/3 - Sqrt[3]/4 * ArcCos[1/3])* Pi
377	Minkowski-Bower constant	special	64	not found	10	x, INV, GOLDENRATIO, EXP, SUBTRACT	THREE, LOG, SIX, PLUS, SQRT	2.259e-08	1	2.0	nan	False	Inactive[Root][{#1 - MinkowskiQuestionMark[#1] & , 0.420372339423223075640993`23.623634131640042}]
378	Schlüter ten disk constant	algebraic	64	not found	10	x, THREE, POWER, TWO, DIVIDE	EIGHT, LOG, GOLDENRATIO, SQR, DIVIDE	3.142e-08	1	2.0	nan	False	Root[819200 - 14172160*\[FormalX] + 114038784*\[FormalX]^2 - 563649536*\[FormalX]^3 + 1899131648*\[FormalX]^4 - 4564076288*\[FormalX]^5 + 7918461504*\[FormalX]^6 - 9722063488*\[FormalX]^7 + 7803109440*\[FormalX]^8 - 2960321792*\[FormalX]^9 - 1038261808*\[FormalX]^10 + 1526909568*\[FormalX]^11 + 227573920*\[FormalX]^12 - 1398966480*\[FormalX]^13 + 1145811528*\[FormalX]^14 - 462103584*\[FormalX]^15 + 98015844*\[FormalX]^16 - 11436428*\[FormalX]^17 + 1180129*\[FormalX]^18, \[FormalX], 1]
379	logarithmic capacity of the unit equilateral triangle	none	64	not found	10	x, SQRT, EIGHT, SUBTRACT, EXP	FOUR, EULER, NINE, SUBTRACT, POWER	3.024e-09	0	2.0	8.5	True	
380	c_1, a constant associated with the computation of the maximal modulus of an algebraic integer	none	64	not found	10	x, GOLDENRATIO, DIVIDE, THREE, POWER	GOLDENRATIO, SQR, PI, TIMES, SQR	4.793e-09	0	2.0	8.3	True	
381	Reuleaux tetrahedron volume	elementary	64	not found	10	x, EULER, PLUS, x, POWER	NINE, EXP, SQRT, SIX, DIVIDE	2.909e-09	1	2.0	8.5	True	(8*Pi)/3 - (27*ArcCos[1/3])/4 + Sqrt[2]/4
382	1 - gamma, where gamma is Euler's constant (or the Euler-Mascheroni constant)	special	64	not found	10	PI, x, SIX, POWER, SUBTRACT	GOLDENRATIO, SQR, FIVE, LOG, SUBTRACT	1.346e-09	0	2.0	8.9	True	1 - EulerGamma
383	pi^(-3/4)	elementary	64	exact	6	x	PI, PI, SQRT, SQRT, DIVIDE	1.310e-16	210	0.2	64.0	True	Pi^(-3/4)
384	Dawson's integral at the inflection point	none	64	not found	10	EIGHT, x, TWO, TIMES, POWER	PI, SQR, EIGHT, SQRT, DIVIDE	1.492e-09	1	2.0	8.8	True	
385	(2/3)*x where x is the real solution of the equation x^2 + 2*sqrt(1 - x^2) = 2*x*(x + arccos(x))	none	64	not found	10	x, SQRT, LOG, PI, SUBTRACT	TWO, SQRT, GOLDENRATIO, EXP, DIVIDE	1.469e-08	1	2.0	nan	False	
386	gamma', the analog of Euler's constant when 1/x is replaced by 1/(x*log(x))	none	64	not found	10	NINE, EXP, SQRT, x, TIMES	SIX, LOG, EIGHT, SUBTRACT, SQR	5.547e-09	0	2.0	8.3	True	
387	carefree constant	special	64	not found	10	x, EXP, SQR, ONE, PLUS	PI, TWO, DIVIDE, EULER, PLUS	7.921e-08	0	2.1	nan	False	Product[1 - (-1 + 2*Prime[\[FormalK]])/Prime[\[FormalK]]^3, {\[FormalK], 1, Infinity}]
388	'lambda', a Young-Fejér-Jackson constant linked to the positivity of certain sine sums	none	64	not found	10	EIGHT, x, LOG, POWER, EXP	FOUR, LOG, LOG, GOLDENRATIO, SUBTRACT	1.504e-08	1	2.0	nan	False	
389	2*arccsch(2)/sqrt(5)	none	64	exact	7	FIVE, SQRT, x, TIMES	GOLDENRATIO, SQR, LOG	0.000e+00	121	2.0	64.0	True	
390	m = (1-1/e^2)/2, one of Renyi's parking constants	elementary	64	exact	8	x, TWO, TIMES	EULER, INV, SQR, ONE, SUBTRACT	0.000e+00	68	2.0	64.0	True	(1 - 1/E^2)/2
391	Bloch constant lower limit	algebraic	64	not found	10	FIVE, x, PI, DIVIDE, SUBTRACT	SIX, EULER, DIVIDE, SIX, POWER	3.405e-10	1	2.0	9.5	True	1/5000 + Sqrt[3]/4
392	common logarithm of e	elementary	64	exact	6	x, INV	ONE, NINE, PLUS, LOG	0.000e+00	55	0.1	64.0	True	Log10[E]
393	asymptotic probability of success in the full-information secretary problem with uniform distribution when the number of	none	64	not found	10	x, GOLDENRATIO, DIVIDE, EULER, SUBTRACT	ONE, NINE, EXP, INV, SUBTRACT	3.443e-09	0	2.0	8.5	True	
394	a constant related to the [dimensionless] electrical capacitance of the ring torus without hole (with unit circle radius	none	64	not found	10	x, INV, THREE, SUBTRACT, SQR	PI, NINE, PLUS, SIX, DIVIDE	3.033e-08	0	2.0	nan	False	
395	1/(2*(Pi-2)), the upper bound of the 3-dimensional simultaneous Diophantine approximation constant	elementary	64	exact	7	x, INV	PI, FOUR, SUBTRACT, PI, SUBTRACT	0.000e+00	325	2.0	64.0	True	1/(2*(Pi - 2))
397	real part of the infinite power tower of i	special	64	not found	10	EULER, x, NINE, TIMES, SUBTRACT	GOLDENRATIO, SIX, LOG, DIVIDE, SQR	3.988e-08	0	2.0	nan	False	Re[-ProductLog[-Log[I]]/Log[I]]
398	breadth of the "caliper", the broadest worm of unit length	none	64	not found	10	GOLDENRATIO, SQR, x, TIMES, SQR	EULER, THREE, PLUS, LOG, SQRT	2.160e-08	1	2.0	nan	False	
399	Otter's asymptotic constant beta for the number of rooted trees	none	64	not found	10	NINE, x, EULER, TIMES, POWER	SEVEN, EXP, INV, FIVE, PLUS	3.740e-08	0	2.0	nan	False	
400	Ising constant	elementary	64	exact	7	x, EXP	TWO, SQRT, ONE, PLUS, SQRT	0.000e+00	135	2.0	64.0	True	Log[1 + Sqrt[2]]/2
401	1/log(2)-1, the mean value of a random variable following the Gauss-Kuzmin distribution	elementary	64	exact	6	x	ONE, TWO, LOG, INV, SUBTRACT	0.000e+00	118	0.1	64.0	True	1/Log[2] - 1
403	1D Diophantine approximation constant	algebraic	64	exact	4	x	FIVE, INV, SQRT	0.000e+00	13	0.0	64.0	True	Sqrt[5]^(-1)
404	variance of the maximum of a size 5 sample from a normal (0,1) distribution	special	64	not found	10	x, EULER, DIVIDE, SEVEN, SUBTRACT	EULER, SEVEN, PLUS, NINE, DIVIDE	1.714e-09	0	2.0	8.8	True	1 - 25/Pi + 150*ArcCsc[Sqrt[3]]/Pi^2 + 5*Sqrt[3]*ArcSec[2*Sqrt[2/3]]/Pi^2 - 225*ArcCsc[Sqrt[3]]^2/Pi^3
405	7*sqrt(3)/27	algebraic	64	exact	7	x, NINE, TIMES	THREE, SQRT, SEVEN, DIVIDE	0.000e+00	369	2.0	64.0	True	7Sqrt[3]/27
406	asymptotic probability of success in the full information version of the secretary problem	none	64	not found	10	x, PI, DIVIDE, EULER, POWER	FIVE, SQR, EIGHT, PLUS, SQR	1.849e-08	0	2.0	nan	False	
407	2^(1/2)/pi	elementary	64	exact	5	x	PI, TWO, SQRT, DIVIDE	1.233e-16	40	0.0	64.0	True	2^(1/2)/Pi
408	log(Pi/2)	elementary	64	exact	5	x, EXP	TWO, PI, DIVIDE	0.000e+00	28	0.0	64.0	True	Log[Pi/2]
409	prime zeta function at 2: Sum_{p prime} 1/p^2	special	64	not found	10	x, INV, LOG, x, DIVIDE	PI, EULER, PLUS, LOG, LOG	6.498e-10	0	2.1	9.2	True	PrimeZetaP[2]
410	Product_{n>1} (1-1/n)^(1/n)	none	64	not found	10	THREE, GOLDENRATIO, x, SUBTRACT, POWER	EULER, SEVEN, DIVIDE, ONE, SUBTRACT	2.499e-08	0	2.0	nan	False	
411	e^(-pi/4)	elementary	64	exact	6	x	PI, EXP, INV, SQRT, SQRT	0.000e+00	308	0.1	64.0	True	E^(-Pi/4)
412	c^c^c^...  where c is the constant defined in A037077	none	64	not found	10	x, EXP, EXP, SEVEN, TIMES	PI, SQRT, SIX, SQR, SUBTRACT	8.447e-10	1	2.0	9.1	True	
413	Machin Gregory series constant	elementary	64	not found	10	x, SIX, TIMES, SQR, LOG	EULER, GOLDENRATIO, TIMES, NINE, DIVIDE	2.255e-09	0	2.0	8.6	True	ArcTan[1/2]
414	6*K/Pi^2, a constant related to the asymptotic evaluation of the number of positive squarefree integers of the form a^2 	none	64	not found	10	x, EXP, EXP, EIGHT, SUBTRACT	EULER, FOUR, DIVIDE, GOLDENRATIO, PLUS	2.643e-08	1	2.0	nan	False	
415	(1/30)*2^(1/2)*Pi^2	elementary	64	exact	10	x, FIVE, TIMES, SIX, TIMES	PI, SQR, TWO, SQRT, TIMES	0.000e+00	2	2.0	64.0	True	(Sqrt[2] Pi^2)/30
416	'etaHat', a constant used in the asymptotic evaluation of e.g.f. coefficients for the number of labeled mobiles	none	64	not found	10	x, TWO, TIMES, PI, DIVIDE	SEVEN, SQRT, SQRT, FIVE, SUBTRACT	1.255e-09	0	2.0	8.9	True	
417	pi^(-2/3)	elementary	64	exact	6	THREE, x, POWER	PI, SQR, INV	0.000e+00	174	0.1	64.0	True	Pi^(-2/3)
418	Bloch constant upper limit	special	64	not found	10	GOLDENRATIO, x, INV, POWER, EXP	EIGHT, SQR, LOG, SEVEN, TIMES	1.965e-08	0	2.0	nan	False	(Sqrt[(-1 + Sqrt[3])/2]*Gamma[1/3]*Gamma[11/12])/Gamma[1/4]
419	Weierstrass constant	special	64	not found	10	x, FIVE, TIMES, SEVEN, DIVIDE	EIGHT, SQRT, LOG, SQR, EXP	4.378e-09	0	2.0	8.4	True	(2*2^(1/4)*E^(Pi/8)*Sqrt[Pi])/Gamma[1/4]^2
420	Plouffe's b-constant	none	64	not found	10	PI, SQRT, LOG, x, PLUS	EIGHT, SQR, THREE, DIVIDE, EXP	3.710e-08	0	2.0	nan	False	
421	common logarithm of 3	elementary	64	exact	6	x, ONE, NINE, PLUS, POWER	THREE	0.000e+00	68	2.0	64.0	True	Log10[3]
422	quadtree leaf proportion constant	elementary	64	false negative	9	FOUR, x, THREE, PLUS, DIVIDE	NINE, PI, SQR, SUBTRACT	5.569e-15	0	2.0	64.0	True	-39 + 4*Pi^2
423	(6*sqrt(3) + 12*log(2+sqrt(3)) - Pi)/48	elementary	64	not found	10	x, INV, LOG, LOG, SQR	FIVE, EIGHT, POWER, LOG, INV	9.219e-09	1	2.0	8.0	True	(6Sqrt[3]+12Log[2+Sqrt[3]]-Pi)/48
424	(ln 2)^2	elementary	64	exact	4	x, SQRT	TWO, LOG	0.000e+00	18	0.0	64.0	True	Log[2]^2
425	2*zeta(3)/5	special	64	not found	10	x, SEVEN, TIMES, LOG, SQR	EULER, SEVEN, TIMES, SQRT, LOG	1.309e-08	0	2.0	nan	False	2*Zeta[3]/5
426	logarithm of golden ratio	elementary	64	exact	3	x	GOLDENRATIO, LOG	0.000e+00	3	0.0	64.0	True	Log[GoldenRatio]
427	Trott's third constant	none	64	not found	10	x, LOG, INV, SEVEN, POWER	GOLDENRATIO, EIGHT, POWER, TWO, DIVIDE	1.648e-08	0	2.0	nan	False	
428	a constant related to the expected number of vertices of the largest tree associated with a random mapping on n symbols	none	64	not found	10	NINE, x, SQRT, POWER, INV	EULER, SEVEN, GOLDENRATIO, POWER, SUBTRACT	4.792e-09	0	2.6	8.3	True	
429	2*K/Pi, a constant related to the asymptotic evaluation of the number of positive integers all of whose prime factors ar	none	64	not found	10	EULER, x, EXP, EXP, POWER	FIVE, SQRT, NINE, SQR, PLUS	2.883e-09	1	2.0	8.5	True	
430	Gaussian twin prime constant	special	64	not found	10	x, PI, POWER, PI, DIVIDE	EIGHT, GOLDENRATIO, DIVIDE, TWO, SUBTRACT	1.773e-09	1	2.0	8.8	True	(Pi^2*Product[Piecewise[{{((1 - 4/Prime[\[FormalK]])*(1 + Prime[\[FormalK]])^2)/(-1 + Prime[\[FormalK]])^2, Mod[Prime[\[FormalK]], 4] == 1}}, 1], {\[FormalK], 1, Infinity}])/8
431	3/(8*K), a constant related to the asymptotic evaluation of the number of positive integers that can be expressed as the	none	64	not found	10	EULER, x, TWO, TIMES, POWER	THREE, EXP, INV, ONE, SUBTRACT	2.165e-08	1	2.0	nan	False	
432	variance of the maximum of a size 4 sample from a normal (0,1) distribution	special	64	not found	10	FOUR, ONE, x, SUBTRACT, DIVIDE	PI, SQR, TWO, SUBTRACT, INV	2.299e-09	0	2.0	8.6	True	1 + Sqrt[3]/Pi - 36*ArcSec[Sqrt[3]]^2/Pi^3
433	Shapiro-Drinfeld cyclic sum constant	special	64	not found	10	x, SIX, PI, SUBTRACT, DIVIDE	EULER, SQR, FIVE, LOG, SUBTRACT	8.695e-09	0	2.0	8.1	True	ConditionalExpression[Extension`ShapiroDrinfeldCyclicSumConstant == \[FormalY]/2, \[FormalY] + \[FormalY]*E^(\[FormalX]/2) == (2 + \[FormalX])/E^(\[FormalX]/2) + \[FormalX]/(1 + E^(\[FormalX]/2)) && \[FormalX] + (1 + 2*E^(\[FormalX]/2))^(-1) == Log[(4*E^\[FormalX]*Cosh[\[FormalX]/4]^2)/(1 + 2*E^(\[FormalX]/2))] && -3/2 < \[FormalX] < -1/2 && 1/2 < \[FormalY] < 1]
434	fifth (of 10) decimal selvage number	none	64	false positive	7	x, INV	SEVEN, INV, SQR, TWO, PLUS	0.000e+00	89	2.0	19.6	True	
435	1-gamma-gamma(1), a constant related to the asymptotic expansion of j(n), the counting function of "jagged" numbers, whe	special	64	not found	10	x, INV, PI, SUBTRACT, SQR	ONE, SIX, LOG, SUBTRACT, INV	1.409e-08	0	2.0	nan	False	1 - EulerGamma - StieltjesGamma[1]
436	common logarithm of π	elementary	64	exact	6	x, ONE, NINE, PLUS, POWER	PI	0.000e+00	55	2.0	64.0	True	Log10[Pi]
437	Half	rational	64	exact	3	x	TWO, INV	0.000e+00	4	0.0	64.0	True	1/2
438	birthday problem constant	rational	64	not found	10	SEVEN, EULER, DIVIDE, x, SUBTRACT	FOUR, FIVE, LOG, LOG, DIVIDE	1.971e-08	0	2.0	nan	False	38093904702297390785243708291056390518886454060947061/75091883268515350125426207425223147563269805908203125
439	A245781*Pi/2	none	64	not found	10	THREE, x, EIGHT, TIMES, SUBTRACT	PI, FIVE, PLUS, INV, EXP	1.046e-08	0	2.0	nan	False	
440	sqrt(2 - sqrt(3)), edge length of a regular dodecagon with circumradius 1	none	64	exact	6	x, x, INV, SUBTRACT	TWO, SQRT	0.000e+00	85	0.1	64.0	True	
441	a constant related to the asymptotic expansion of the smallest Lebesgue constant corresponding to an optimal interpolati	special	64	not found	9	x, EXP, EXP, EXP	THREE, SIX, POWER, EULER, PLUS	3.033e-08	0	2.0	nan	False	2/Pi*(2*Log[2] - Log[Pi] + EulerGamma)
442	square line-picking constant	elementary	64	not found	10	EULER, x, THREE, DIVIDE, SUBTRACT	FOUR, PI, NINE, PLUS, DIVIDE	2.815e-09	0	2.0	8.6	True	(2 + 5*Log[1 + Sqrt[2]] + Sqrt[2])/15
443	sixth pi	elementary	64	exact	4	x	SIX, PI, DIVIDE	2.120e-16	13	0.0	64.0	True	Pi/6
444	Upper limit of backward value of 5^n	none	64	not found	10	x, NINE, POWER, EIGHT, PLUS	FIVE, SQRT, FIVE, SQR, DIVIDE	1.318e-08	0	2.0	nan	False	
445	Mrs. Miniver's constant	none	64	not found	10	x, EIGHT, LOG, INV, SUBTRACT	PI, EXP, EULER, SUBTRACT, INV	1.268e-08	0	2.0	nan	False	
446	Pythagorean triple constant for areas	special	64	not found	10	x, LOG, SQR, x, SUBTRACT	PI, SQRT, PI, POWER, INV	6.900e-08	0	2.0	nan	False	Gamma[1/4]^2/Sqrt[2*Pi^5]
447	Otter's asymptotic constant beta for the number of unrooted trees	none	64	not found	10	NINE, x, POWER, GOLDENRATIO, DIVIDE	GOLDENRATIO, FOUR, DIVIDE, SQR, EXP	2.454e-08	0	2.0	nan	False	
448	Product_{p odd prime} 1-2/(p*(p-1)), a constant related to Artin's conjecture in the context of quadratic fields	none	64	not found	10	x, FOUR, PI, SUBTRACT, SUBTRACT	EULER, FOUR, SUBTRACT, LOG, LOG	1.187e-08	0	2.0	nan	False	
449	2*(2 - sqrt(3))	algebraic	64	exact	6	x, SQRT, ONE, PLUS	THREE, SQRT	0.000e+00	111	0.1	64.0	True	2(2-Sqrt[3])
450	Li_3(1/2)	special	64	not found	10	x, GOLDENRATIO, INV, EXP, DIVIDE	PI, EIGHT, DIVIDE, SIX, SUBTRACT	2.098e-08	0	2.0	nan	False	PolyLog[3, 1/2]
451	'c', one of Polya's Random Walk constants, related to the asymptotics of the number of 3-D random walks starting from an	none	64	not found	10	x, GOLDENRATIO, TIMES, SIX, POWER	PI, FIVE, DIVIDE, THREE, TIMES	1.681e-08	0	2.0	nan	False	
452	Ioachimescu constant	special	64	not found	9	x, FOUR, DIVIDE, PI, DIVIDE	FOUR, PI, SUBTRACT, EXP	1.833e-08	1	2.0	nan	False	2 + Zeta[1/2]
453	cos one	elementary	64	not found	10	x, FOUR, LOG, SQRT, DIVIDE	GOLDENRATIO, SQR, LOG, PI, SUBTRACT	1.269e-08	0	2.0	nan	False	Cos[1]
454	value of the maximum of Dawson's integral D_+(x)	none	64	not found	10	x, EULER, TIMES, FIVE, TIMES	EIGHT, INV, SQRT, SEVEN, PLUS	4.148e-09	1	2.0	8.4	True	
455	Landau constant upper limit	special	64	not found	10	x, SQRT, SQRT, EXP, SQR	GOLDENRATIO, SQRT, EXP, TWO, PLUS	2.242e-09	0	2.0	8.6	True	(Gamma[1/3]*Gamma[5/6])/Gamma[1/6]
456	Pi^2/18	elementary	64	exact	7	x, TWO, TIMES	NINE, PI, SQR, DIVIDE	0.000e+00	660	2.0	64.0	True	Pi^2/18
457	-ln gamma	special	64	not found	10	x, LOG, TWO, PLUS, LOG	GOLDENRATIO, SQRT, FIVE, LOG, SUBTRACT	2.800e-08	0	2.0	nan	False	-Log[EulerGamma]
458	coefficient c_m in c_m*log(N), the asymptotic mean number of factors in a random factorization of n <= N	none	64	not found	10	TWO, PI, x, POWER, DIVIDE	EULER, SEVEN, EULER, DIVIDE, POWER	3.062e-09	0	2.0	8.5	True	
459	probability that an integer triple is pairwise unitary coprime	none	64	not found	10	EULER, SQRT, x, POWER, EXP	GOLDENRATIO, SQRT, PI, POWER, LOG	3.207e-08	0	2.0	nan	False	
460	Kuijlaars-Saff constant	special	64	not found	10	SEVEN, x, FOUR, DIVIDE, SUBTRACT	SIX, THREE, INV, EXP, DIVIDE	1.759e-08	0	2.0	nan	False	-1/2*(3^(3/4)*Zeta[1/2]*(Zeta[1/2, 1/3] - Zeta[1/2, 2/3]))/Sqrt[2*Pi]
461	smallest disk radius for which six equal disks can cover the unit disk	none	64	not found	10	GOLDENRATIO, SQR, SQR, x, TIMES	FIVE, LOG, PI, DIVIDE, SQR	3.686e-08	0	2.0	nan	False	
462	1-9/(4*Pi)+sqrt(3)/(2*Pi), an extreme value constant	elementary	64	not found	10	x, SEVEN, SIX, DIVIDE, DIVIDE	SEVEN, EULER, DIVIDE, THREE, POWER	1.418e-09	0	2.0	8.8	True	1 - 9/(4*Pi) + Sqrt[3]/(2*Pi)
463	value of the Buchstab function at phi + 2 = (5 + sqrt(5))/2 (A296184)	elementary	64	not found	10	SEVEN, x, EXP, EXP, SUBTRACT	THREE, SQRT, TWO, INV, SUBTRACT	7.017e-08	0	2.0	nan	False	(1 + 2*Log[GoldenRatio] + Log[GoldenRatio]^2 - Pi^2/60)/(GoldenRatio + 2)
464	reciprocal exponential of Euler γ	special	64	not found	10	x, FOUR, TIMES, SQR, LOG	NINE, EXP, INV, GOLDENRATIO, PLUS	3.059e-09	1	2.0	8.5	True	E^(-EulerGamma)
465	one div root pi	elementary	64	exact	4	x	PI, INV, SQRT	0.000e+00	12	0.0	64.0	True	1/Sqrt[Pi]
466	Omega constant	special	64	exact	5	x, EXP, x, TIMES	ONE	0.000e+00	28	0.1	64.0	True	ProductLog[1]
467	infinite tetration of i absolute value	special	64	not found	10	SIX, x, PI, TIMES, POWER	PI, EIGHT, TIMES, SEVEN, PLUS	2.548e-08	0	2.0	nan	False	Limit[Abs[Nest[I^#1 & , I, \[FormalN]]], \[FormalN] -> Infinity]
468	B, a constant appearing in an asymptotic formula related to the exponential divisor function sigma^(e)	none	64	not found	9	x, SEVEN, TIMES, SQRT	SIX, NINE, TIMES, SQRT, LOG	6.358e-09	0	2.0	8.2	True	
469	(PolyGamma(1,(1+sqrt(5))/4)-PolyGamma(1,(3+sqrt(5))/4))/2	special	64	not found	10	GOLDENRATIO, x, POWER, FOUR, DIVIDE	PI, SQR, NINE, INV, PLUS	6.847e-09	1	2.0	8.2	True	(PolyGamma[1,(1+Sqrt[5])/4]-PolyGamma[1,(3+Sqrt[5])/4])/2
470	weakly carefree constant	special	64	not found	10	x, GOLDENRATIO, TIMES, THREE, TIMES	EULER, SQRT, SIX, PLUS, SQRT	4.128e-08	0	2.0	nan	False	2*Product[1 - (-1 + 2*Prime[\[FormalK]])/Prime[\[FormalK]]^3, {\[FormalK], 1, Infinity}] - Product[1 - (-2 + 3*Prime[\[FormalK]])/Prime[\[FormalK]]^3, {\[FormalK], 1, Infinity}]
471	Product_{p prime > 2} 1-1/(p^2-3p+3), a constant related to I. M. Vinogradov's proof of the "ternary" Goldbach conjectur	none	64	not found	10	x, ONE, NINE, PLUS, POWER	EULER, INV, SQRT, PI, PLUS	1.417e-08	0	2.0	nan	False	
472	eta_A, a constant associated with the asymptotics of the enumeration of labeled acyclic digraphs	none	64	not found	10	x, EIGHT, LOG, SQR, DIVIDE	EULER, FOUR, DIVIDE, NINE, SUBTRACT	4.652e-08	0	2.0	nan	False	
473	Stephens' constant	special	64	not found	10	THREE, x, EIGHT, POWER, DIVIDE	SEVEN, LOG, INV, GOLDENRATIO, SUBTRACT	9.529e-09	0	2.0	8.0	True	Product[1 - Prime[n]/(-1 + Prime[n]^3), {n, 1, Infinity}]
474	a constant related to the asymptotics of A005169	none	64	not found	10	x, SQR, THREE, DIVIDE, EXP	GOLDENRATIO, FIVE, EXP, DIVIDE, SQR	1.577e-09	0	2.0	8.8	True	
475	Euler gamma	special	64	not found	10	FOUR, x, EIGHT, TIMES, SUBTRACT	SEVEN, EIGHT, LOG, SQR, DIVIDE	3.379e-09	0	2.0	8.5	True	EulerGamma
476	3^(-1/2)	algebraic	64	exact	4	x	THREE, INV, SQRT	0.000e+00	19	0.0	64.0	True	3^(-1/2)
477	Pi/(2e)	none	64	exact	6	x	EULER, EULER, PLUS, PI, DIVIDE	0.000e+00	146	0.1	64.0	True	
478	k3, a Diophantine approximation constant such that the conjectured volume of the "critical parallelepiped" is 2^3*k3 (th	algebraic	64	not found	10	FOUR, LOG, SQR, x, DIVIDE	EULER, GOLDENRATIO, POWER, FOUR, SUBTRACT	1.203e-08	1	2.0	nan	False	8/7*Cos[2*Pi/7]*Cos[Pi/7]^2
479	asymptotic probability of success in one of the Secretary problems	none	64	not found	10	x, PI, DIVIDE, ONE, PLUS	GOLDENRATIO, EXP, GOLDENRATIO, SQRT, TIMES	6.215e-09	0	2.0	8.2	True	
480	Pell constant	special	64	not found	10	x, x, LOG, SQR, POWER	EULER, INV, EIGHT, INV, PLUS	7.154e-10	0	2.0	9.1	True	1 - QPochhammer[1/2, 1/4]
481	gamma_3, a lattice sum constant, analog of Euler's constant for 3-dimensional lattices	none	64	not found	10	TWO, x, GOLDENRATIO, DIVIDE, SUBTRACT	NINE, SEVEN, SQRT, LOG, POWER	5.054e-08	0	2.0	nan	False	
482	-zeta(1/2)/sqrt(2*Pi)	special	64	not found	10	x, x, EXP, DIVIDE, SQR	SIX, SQRT, PI, EXP, DIVIDE	2.673e-08	1	2.0	nan	False	-Zeta[1/2]/Sqrt[2*Pi]
483	first Kneser-Mahler polynomial constant	special	64	not found	10	x, TWO, PLUS, FOUR, DIVIDE	TWO, NINE, PLUS, LOG, SQRT	4.148e-09	0	2.0	8.4	True	(2*Catalan)/Pi
484	Logarithmic capacity of the unit disk	special	64	not found	10	x, SQR, EXP, EXP, EXP	FIVE, SQRT, EIGHT, SQR, SUBTRACT	1.533e-08	1	2.0	nan	False	Gamma[1/4]^2/(4*Pi^(3/2))
485	Lehmer constant	special	64	not found	10	TWO, PI, x, POWER, DIVIDE	EULER, EULER, PI, SUBTRACT, POWER	2.129e-08	0	2.0	nan	False	ConditionalExpression[Extension`LehmerConstant == Cot[Sum[(-1)^\[FormalK]*ArcCot[Subscript[\[FormalC], \[FormalK]]], {\[FormalK], 0, Infinity}]], Subscript[\[FormalC], 0] == 0 && Subscript[\[FormalC], \[FormalK]] == 1 + Subscript[\[FormalC], -1 + \[FormalK]] + Subscript[\[FormalC], -1 + \[FormalK]]^2]
487	Gompertz constant	special	64	not found	10	PI, FOUR, SUBTRACT, x, PLUS	PI, INV, EXP, TWO, DIVIDE	1.701e-08	1	2.0	nan	False	-(E*ExpIntegralEi[-1])
489	Champernowne base-3 constant	special	64	not found	10	x, LOG, INV, ONE, PLUS	SIX, PI, SUBTRACT, EULER, DIVIDE	1.607e-08	0	2.1	nan	False	ChampernowneNumber[3]
490	second lemniscate constant	special	64	not found	10	PI, x, NINE, POWER, SUBTRACT	PI, EXP, EIGHT, DIVIDE, SQRT	8.447e-09	1	2.0	8.1	True	Gamma[3/4]^2/Sqrt[2*Pi]
491	sqrt(13)/6	algebraic	64	exact	7	x, SQR	FOUR, INV, NINE, INV, PLUS	0.000e+00	172	2.0	64.0	True	Sqrt[13] / 6
492	log10(4)	elementary	64	exact	6	x, ONE, NINE, PLUS, POWER	FOUR	0.000e+00	63	2.0	64.0	True	Log[10, 4]
493	G(1/2) where G is the Barnes G-function	special	64	not found	10	THREE, x, EIGHT, TIMES, SUBTRACT	EULER, SQRT, THREE, SUBTRACT, SQR	9.411e-09	0	2.0	8.0	True	BarnesG[1/2]
494	sum_{n>=1} 1/(n binomial(2n, n))	elementary	64	exact	7	PI, x, DIVIDE	NINE, THREE, SQRT, DIVIDE	0.000e+00	459	2.0	64.0	True	Pi/(3*Sqrt[3])
495	QRS constant	special	64	not found	10	FIVE, TWO, DIVIDE, x, SUBTRACT	PI, TWO, SUBTRACT, FOUR, POWER	5.103e-10	0	2.0	9.3	True	Root[{Zeta[1/2, #1/2] & , 0.605443657196732749478922842447`29.782073733759695}]
496	exp minus half	elementary	64	exact	4	x	EULER, INV, SQRT	0.000e+00	13	0.0	64.0	True	Exp[-1/2]
497	6/Pi^2	elementary	64	exact	5	x	PI, SQR, SIX, DIVIDE	0.000e+00	53	0.0	64.0	True	6/Pi^2
498	Sum{p prime>=2} log(p)/(p^2-p+1)	none	64	not found	10	x, NINE, TWO, DIVIDE, SUBTRACT	PI, SQRT, FOUR, LOG, SUBTRACT	9.625e-09	0	2.0	8.0	True	
499	Neville five disk constant	algebraic	64	not found	9	x, EULER, FOUR, TIMES, POWER	SEVEN, SQRT, GOLDENRATIO, TIMES	4.998e-09	0	2.0	8.3	True	Root[625 - 800*\[FormalX] + 22*\[FormalX]^2 - 1776*\[FormalX]^3 + 1665*\[FormalX]^4 + 1360*\[FormalX]^5 - 3480*\[FormalX]^6 + 2112*\[FormalX]^7 + 1296*\[FormalX]^8, \[FormalX], 3]
500	strongly triple-free set constant	none	28	not found	10	NINE, FOUR, DIVIDE, x, SUBTRACT	FIVE, SEVEN, TIMES, INV, SQRT	4.269e-08	0	2.0	nan	False	
501	best lower bound for the Steiner ratio rho_3, the least upper bound on the ratio of the length of the Steiner minimal tr	none	64	not found	10	EIGHT, x, POWER, FOUR, TIMES	EIGHT, THREE, EXP, SUBTRACT, INV	8.824e-09	0	2.0	8.1	True	
502	(1/16)*Pi^2	special	64	exact	5	x	FOUR, PI, DIVIDE, SQR	0.000e+00	46	0.0	64.0	True	Gamma[3/2]^4
503	-1/(e^2 Ei(-1)), an increasing rooted tree enumeration constant associated with the Euler-Gompertz constant, where Ei is	special	64	not found	10	SEVEN, FOUR, x, DIVIDE, POWER	THREE, EXP, SEVEN, SUBTRACT, EXP	1.548e-08	0	2.0	nan	False	-1/(E^2*ExpIntegralEi[-1])
504	Lenz-Ising constant	elementary	64	not found	10	x, THREE, SEVEN, TIMES, POWER	PI, FIVE, DIVIDE, FIVE, PLUS	9.856e-09	1	2.0	8.0	True	1 + Pi/4 + Log[(Log[1 + Sqrt[2]]*Sqrt[2])/4]
505	Cbrt[3/4π]	elementary	64	exact	8	THREE, x, POWER	PI, FOUR, TIMES, THREE, DIVIDE	0.000e+00	60	2.0	64.0	True	CubeRoot[3/(4*Pi)]
506	1/(theta*P'(theta)), a constant appearing in the asymptotic evaluation of the coefficients q_n in 1/(1+P(x)), where P(x)	none	64	not found	10	x, EULER, SEVEN, SUBTRACT, POWER	NINE, INV, SIX, PLUS, SQRT	1.893e-08	0	2.0	nan	False	
507	'kappa', an asymptotic enumeration constant related to unit interval graphs	none	64	not found	10	x, PI, TIMES, GOLDENRATIO, TIMES	TWO, LOG, SQRT, FOUR, SUBTRACT	9.707e-09	0	2.0	8.0	True	
508	Golomb–Dickman constant	special	64	not found	10	x, SQR, FIVE, SQR, POWER	SIX, SQRT, LOG, PI, DIVIDE	1.041e-08	0	2.0	nan	False	Integrate[E^LogIntegral[\[FormalX]], {\[FormalX], 0, 1}]
509	constant in Kac's formula	none	64	not found	10	x, SQR, NINE, LOG, DIVIDE	SEVEN, EULER, DIVIDE, SIX, SUBTRACT	3.286e-09	0	2.0	8.5	True	
510	'lambda', a constant such that exp(lambda*Pi) is the best-known upper bound (as given by Julian Gevirtz) of the John con	none	64	not found	10	SIX, x, EULER, TIMES, POWER	PI, FIVE, TIMES, NINE, PLUS	1.584e-08	0	2.0	nan	False	
511	Davison-Shallit constant	special	64	not found	10	PI, x, EULER, SUBTRACT, POWER	TWO, SQRT, SQRT, SEVEN, POWER	4.330e-09	1	2.0	8.4	True	ConditionalExpression[Extension`DavisonShallitConstant == Sum[(-1)^\[FormalK]/(Subscript[\[FormalQ], \[FormalK]]*Subscript[\[FormalQ], 1 + \[FormalK]]), {\[FormalK], 0, Infinity}], Subscript[\[FormalQ], 0] == 1 && Subscript[\[FormalQ], 1] == 1 && Subscript[\[FormalQ], \[FormalK]] == Subscript[\[FormalQ], -2 + \[FormalK]]*(1 + Subscript[\[FormalQ], -1 + \[FormalK]])]
512	rayleigh skewness	elementary	64	not found	10	PI, x, EIGHT, DIVIDE, SUBTRACT	SEVEN, SQRT, SQRT, FOUR, POWER	2.251e-08	0	2.0	nan	False	2*Sqrt[Pi]*(Pi - 3)/(4 - Pi)^(3/2)
513	1 - 1/e	elementary	64	exact	5	x	EULER, INV, ONE, SUBTRACT	0.000e+00	46	0.0	64.0	True	1 - 1/E
514	Hardy-Littlewood constant Product_{p prime >= 5} (1-(3*p-1)/(p-1)^3)	none	64	not found	10	x, INV, EXP, SIX, SUBTRACT	EULER, SQR, EIGHT, DIVIDE, SQR	2.652e-09	0	2.0	8.6	True	
515	Buffon constant	elementary	64	exact	4	x	PI, TWO, DIVIDE	0.000e+00	16	0.0	64.0	True	2/Pi
516	(2^(1/3)-1)^(1/3)	algebraic	64	exact	9	THREE, x, POWER, ONE, PLUS	THREE, INV, TWO, POWER	0.000e+00	3	2.0	64.0	True	Power[Power[2, (3)^-1] - 1, (3)^-1]
517	an analog of the Landau-Ramanujan constant for Loeschian numbers	none	64	not found	10	x, GOLDENRATIO, SUBTRACT, TWO, TIMES	TWO, LOG, PI, PLUS, SQRT	7.118e-09	0	2.0	8.1	True	
518	first non-alternating series of reciprocal primes constant	special	64	not found	10	FIVE, x, FOUR, DIVIDE, SUBTRACT	PI, EXP, SQRT, INV, EXP	1.041e-08	1	2.0	nan	False	Sum[Piecewise[{{-1, Mod[Prime[\[FormalK]], 3] == 1}, {1, Mod[Prime[\[FormalK]], 3] == 2}}, 0]/Prime[\[FormalK]], {\[FormalK], 1, Infinity}]
519	Cahen's constant	special	64	not found	10	x, EIGHT, SQRT, DIVIDE, EXP	EIGHT, INV, NINE, SQR, PLUS	1.462e-08	0	2.0	nan	False	ConditionalExpression[Extension`CahenConstant == Sum[(-1)^\[FormalK]/(-1 + \[FormalS][\[FormalK]]), {\[FormalK], 0, Infinity}], \[FormalS][0] == 2 && \[FormalS][\[FormalN]] == 1 - \[FormalS][-1 + \[FormalN]] + \[FormalS][-1 + \[FormalN]]^2 && \[FormalS][\[FormalN]] == 1 + Product[\[FormalS][\[FormalK]], {\[FormalK], 0, -1 + \[FormalN]}]]
520	a constant related to a conjectured value of the Masser-Gramain constant	special	64	not found	10	PI, x, EIGHT, DIVIDE, SUBTRACT	THREE, SQRT, FOUR, SQR, DIVIDE	5.183e-08	0	2.0	nan	False	Pi/4*(2*EulerGamma + 2*Log[2] + 3*Log[Pi] - 4*Log[Gamma[1/4]])
521	Integral_{x=0..Infinity} sin(x)/(x^2+1) dx	none	64	not found	10	x, TWO, SUBTRACT, NINE, POWER	GOLDENRATIO, EULER, NINE, SUBTRACT, POWER	1.235e-08	0	2.0	nan	False	
522	unit-diameter hexagon area	algebraic	64	exact	7	x, SQR	THREE, FOUR, THREE, DIVIDE, POWER	0.000e+00	585	2.0	64.0	True	(3*Sqrt[3])/8
523	Maximal unitary square-free divisor sum constant	none	64	not found	10	SEVEN, x, DIVIDE, GOLDENRATIO, POWER	PI, SQRT, LOG, GOLDENRATIO, SUBTRACT	4.737e-08	0	2.0	nan	False	
524	delta = (1+alpha)/4, a constant appearing in Koecher's formula for Euler's gamma constant, where alpha is A065442, the E	none	64	not found	10	x, THREE, TIMES, ONE, PLUS	SIX, INV, GOLDENRATIO, POWER, EXP	2.201e-09	0	2.0	8.7	True	
525	negative of Granville-Soundararajan constant	special	64	not found	10	x, SQR, EXP, THREE, SUBTRACT	TWO, LOG, FIVE, SUBTRACT, LOG	7.556e-09	1	2.0	8.1	True	-(4*PolyLog[2, -Sqrt[E]] + Pi^2/3 + 1)
526	harmonic power tower even term limit	special	64	not found	10	EULER, x, EXP, SQR, SUBTRACT	PI, FOUR, POWER, INV, EXP	1.390e-09	0	2.0	8.9	True	Limit[Fold[(1/#2)^#1 & , 1, Table[\[FormalI], {\[FormalI], 2*\[FormalN], 2, -1}]], \[FormalN] -> Infinity]
527	escape probability for a random walk on the 3-D cubic lattice (a Polya random walk constant)	none	64	not found	10	EIGHT, x, SQR, LOG, POWER	FIVE, LOG, EULER, PLUS, INV	6.068e-10	1	2.0	9.2	True	
528	Twin primes constant	special	64	not found	10	x, EXP, EXP, EIGHT, SUBTRACT	SEVEN, SQRT, EULER, SUBTRACT, EXP	2.461e-08	0	2.0	nan	False	Product[1 - (-1 + Prime[\[FormalK]])^(-2), {\[FormalK], 2, Infinity}]
529	Feller–Tornier constant	special	64	not found	10	x, NINE, POWER, FIVE, TIMES	FOUR, SEVEN, DIVIDE, SQR, EXP	8.988e-09	0	2.0	8.0	True	1/2 + Product[1 - 2/Prime[n]^2, {n, 1, Infinity}]/2
530	Robbins constant	elementary	64	not found	10	FIVE, SQRT, x, POWER, INV	NINE, LOG, SQRT, FOUR, SUBTRACT	3.105e-08	0	2.0	nan	False	(4 + 17*Sqrt[2] - 6*Sqrt[3] - 7*Pi)/105 + Log[1 + Sqrt[2]]/5 + (2*Log[2 + Sqrt[3]])/5
531	Laplace limit	special	64	not found	10	x, EXP, x, PLUS, LOG	GOLDENRATIO, SEVEN, SQRT, LOG, POWER	2.103e-09	0	2.0	8.7	True	Root[{-1 + E^Sqrt[1 + #1^2]*#1 - Sqrt[1 + #1^2] & , 0.6627434193491815809747420971092529070562335491150224175204`30.}]
532	twothirds	rational	64	exact	4	x	THREE, TWO, DIVIDE	0.000e+00	23	0.0	64.0	True	2/3
533	3/2 - gamma / log(2), a coin tossing constant related to the asymptotic evaluation of the expected length of the longest	special	64	not found	10	EULER, x, POWER, x, PLUS	NINE, EXP, GOLDENRATIO, DIVIDE, EXP	1.616e-08	0	2.0	nan	False	3/2 - EulerGamma/Log[2]
534	Shanks constant	special	64	not found	10	x, PI, POWER, LOG, SQR	FIVE, LOG, NINE, LOG, SUBTRACT	5.409e-08	0	2.0	nan	False	(Pi^2*Product[Piecewise[{{((1 - 4/Prime[\[FormalK]])*(1 + Prime[\[FormalK]])^2)/(-1 + Prime[\[FormalK]])^2, Mod[Prime[\[FormalK]], 8] == 1}}, 1], {\[FormalK], 1, Infinity}])/(16*Log[1 + Sqrt[2]])
535	sqrt(3)/(4 - sqrt(2))	algebraic	64	exact	8	x, THREE, SQRT, DIVIDE	TWO, SQRT, FOUR, SUBTRACT	1.657e-16	12	2.0	64.0	True	Sqrt[3]/(4-Sqrt[2])
536	gamma_2, a lattice sum constant, analog of Euler's constant for two-dimensional lattices	none	64	not found	10	x, PI, FIVE, POWER, DIVIDE	NINE, FIVE, THREE, POWER, SUBTRACT	8.054e-09	0	2.0	8.1	True	
537	probable error constant	special	64	not found	10	FOUR, x, INV, EXP, SUBTRACT	SEVEN, PI, LOG, DIVIDE, SQRT	4.939e-09	0	2.0	8.3	True	InverseErf[1/2]*Sqrt[2]
538	Graham biggest little hexagon area	algebraic	64	not found	10	ONE, x, SUBTRACT, FIVE, TIMES	SIX, LOG, SIX, INV, SUBTRACT	5.100e-09	0	2.0	8.3	True	Root[11993 - 78488*#1 + 144464*#1^2 + 1232*#1^3 - 221360*#1^4 + 146496*#1^5 + 21056*#1^6 - 30848*#1^7 - 3008*#1^8 + 8192*#1^9 + 4096*#1^10 & , 5]
539	generalized Euler constant gamma(1,3)	special	64	not found	10	x, SQR, EULER, EXP, POWER	THREE, EULER, EXP, SUBTRACT, SQRT	7.087e-09	0	2.0	8.1	True	EulerGamma/3 + Pi*Sqrt[3]/18 + Log[3]/6
540	Taniguchi constant	special	64	not found	10	PI, EULER, PLUS, x, POWER	SEVEN, LOG, FIVE, TIMES, INV	1.456e-09	0	2.0	8.8	True	Product[1 - Prime[n]^(-6) + Prime[n]^(-5) + 2/Prime[n]^4 - 3/Prime[n]^3, {n, 1, Infinity}]
541	1 - 1/Pi	elementary	64	exact	5	x	PI, INV, ONE, SUBTRACT	1.629e-16	52	0.0	64.0	True	1 - 1/Pi
542	positive solution to the equation x/(1-x) = 1+log(1/(1-x)), an auxiliary constant associated with the problem of enumera	none	64	not found	10	THREE, LOG, INV, x, PLUS	NINE, LOG, EULER, PLUS, LOG	1.865e-08	0	2.0	nan	False	
543	log e^(π/2)	elementary	64	exact	8	x, PI, DIVIDE, EXP	ONE, NINE, PLUS, SQR	0.000e+00	27	2.0	64.0	True	Log10[E^(Pi/2)]
544	one div cbrt pi	elementary	64	exact	5	THREE, x, POWER	PI, INV	0.000e+00	37	0.0	64.0	True	Pi^(-1/3)
545	least x>0 having sin(4x) = (sin x)^2	none	64	not found	10	x, GOLDENRATIO, DIVIDE, NINE, POWER	SIX, NINE, SQR, DIVIDE, SQR	1.641e-09	1	2.0	8.8	True	
546	Integral_{x=0..1} log(floor(1/x))/(1+x) dx	special	64	not found	10	THREE, x, NINE, POWER, SUBTRACT	PI, EULER, TWO, PLUS, DIVIDE	6.325e-09	0	2.0	8.2	True	Log[2]*Log[Khinchin]
547	-x, the real root of the equation 0 = 1 + Sum_{k>=1} prime(k) x^k. The inverse of Backhouse's constant (A072508)	none	64	not found	10	PI, TWO, PLUS, x, POWER	PI, NINE, POWER, LOG, INV	2.398e-08	1	2.0	nan	False	
548	harmonic power tower odd term limit	special	64	not found	10	PI, x, GOLDENRATIO, TIMES, SUBTRACT	EULER, GOLDENRATIO, LOG, SQRT, SUBTRACT	3.777e-08	0	2.0	nan	False	Limit[Fold[(1/#2)^#1 & , 1, Table[\[FormalI], {\[FormalI], 1 + 2*\[FormalN], 2, -1}]], \[FormalN] -> Infinity]
549	reciprocal of Steiner number	elementary	64	exact	5	x	EULER, INV, EXP, INV	0.000e+00	63	0.0	64.0	True	E^(-E^(-1))
550	Sum_{k=1..50000} (-1)^(k+1) / k	special	64	not found	10	x, PI, PI, POWER, POWER	TWO, SEVEN, SQRT, EXP, SUBTRACT	1.488e-08	0	2.0	nan	False	Sum[(-1)^(k + 1)/k, {k, 1, 50000}]
551	Natural logarithm of 2	elementary	64	exact	3	x	TWO, LOG	0.000e+00	4	0.0	64.0	True	Log[2]
552	rank-2 Artin constant	special	64	not found	10	EIGHT, INV, EXP, x, PLUS	EULER, SQRT, FIVE, SUBTRACT, SQRT	1.283e-09	0	2.0	8.9	True	Product[1 - 1/((-1 + Prime[\[FormalK]])*Prime[\[FormalK]]^2), {\[FormalK], 1, Infinity}]
553	First continued fraction constant	special	64	not found	10	x, SEVEN, TIMES, SIX, SUBTRACT	TWO, LOG, FIVE, POWER, LOG	8.796e-09	0	2.0	8.1	True	BesselI[1, 2]/BesselI[0, 2]
554	log10(5)	elementary	64	exact	6	x, ONE, NINE, PLUS, POWER	FIVE	0.000e+00	58	2.0	64.0	True	Log[10, 5]
555	probability that a point of an infinite (rooted) tree is fixed by every automorphism of the tree	none	64	not found	10	x, EXP, SQR, TWO, POWER	THREE, INV, PI, SUBTRACT, EXP	9.205e-09	0	2.0	8.0	True	
558	Integral_{x = 1..infinity} 1/x^x dx	none	64	not found	10	PI, x, SIX, TIMES, SUBTRACT	THREE, EXP, INV, FIVE, POWER	1.814e-08	0	2.0	nan	False	
559	carefree product constant	special	64	not found	9	x, SEVEN, POWER, SQRT	TWO, LOG, LOG, GOLDENRATIO, SUBTRACT	2.429e-08	0	2.0	nan	False	Product[1 - 1/(Prime[\[FormalK]]*(1 + Prime[\[FormalK]])), {\[FormalK], 1, Infinity}]
560	rectilinear crossing constant	elementary	64	not found	10	x, SQR, PI, SQRT, TIMES	EULER, FIVE, DIVIDE, GOLDENRATIO, DIVIDE	9.317e-09	0	2.0	8.0	True	1 - 35/(12*Pi^2)
561	'C' (as designated by D. Shanks), a constant appearing in the second order term of the asymptotic expansion of the numbe	none	64	not found	10	x, SIX, POWER, FOUR, POWER	EULER, SIX, POWER, FOUR, PLUS	5.894e-09	0	2.0	8.2	True	
562	K, a constant arising in the analysis of the binary Euclidean algorithm	none	40	not found	9	x, THREE, DIVIDE, SQRT, EXP	SEVEN, INV, EIGHT, SUBTRACT	1.826e-08	0	2.0	nan	False	
563	sqrt(1/2)	algebraic	64	exact	4	x	TWO, INV, SQRT	0.000e+00	18	0.0	64.0	True	1/Sqrt[2]
564	rabbit constant	special	64	not found	10	SEVEN, INV, EXP, x, TIMES	SEVEN, SQRT, SIX, DIVIDE, LOG	1.251e-08	0	2.0	nan	False	Sum[2^(-Floor[\[FormalK]*GoldenRatio]), {\[FormalK], 1, Infinity}]
565	generalized Euler constant gamma(1,4)	special	64	not found	10	TWO, x, EIGHT, POWER, SUBTRACT	TWO, PI, GOLDENRATIO, PLUS, DIVIDE	2.803e-10	0	2.0	9.6	True	EulerGamma/4 + Pi/8 + Log[2]/4
566	Hopf constant	special	64	not found	10	GOLDENRATIO, x, EIGHT, DIVIDE, SUBTRACT	FOUR, LOG, PI, DIVIDE, EXP	1.083e-09	0	2.0	9.0	True	6/Pi^2 + Integrate[3/\[FormalTheta]^2 - (1 - \[FormalTheta]*Cot[\[FormalTheta]])^(-1), {\[FormalTheta], 0, Pi/2}]/Pi
567	1/(phi*log(4 - phi))	elementary	64	exact	8	x, INV, EXP	GOLDENRATIO, GOLDENRATIO, FOUR, SUBTRACT, POWER	0.000e+00	31	2.0	64.0	True	(GoldenRatio Log[4-GoldenRatio])^(-1)
568	Traveling Salesman constant	algebraic	64	not found	10	x, SEVEN, TWO, DIVIDE, POWER	TWO, LOG, PI, SUBTRACT, INV	2.714e-08	0	2.0	nan	False	4/153*(1 + 2*Sqrt[2])*Sqrt[51]
569	e^(-1/3)	elementary	64	exact	5	x	THREE, INV, EXP, INV	0.000e+00	114	0.0	64.0	True	E^(-1/3)
570	constant appearing in the expected number of comparisons for a successful digital tree search (negated)	none	64	not found	10	FIVE, x, INV, POWER, EXP	SIX, SQRT, NINE, SQR, TIMES	3.059e-08	0	2.0	nan	False	
571	1/(2 log 2)	elementary	64	exact	4	x	FOUR, LOG, INV	0.000e+00	12	0.0	64.0	True	1/(2Log[2])
572	k2, a Diophantine approximation constant such that the area of the "critical parallelogram" (in this case a square) is 4	algebraic	64	exact	5	x	FIVE, SQRT, GOLDENRATIO, DIVIDE	0.000e+00	79	0.0	64.0	True	(1+1/Sqrt[5])/2
573	Sarnak constant	special	64	not found	10	SEVEN, x, POWER, GOLDENRATIO, DIVIDE	SEVEN, LOG, TWO, PLUS, SQR	1.116e-09	0	2.0	9.0	True	Product[1 - (2 + Prime[\[FormalK]])/Prime[\[FormalK]]^3, {\[FormalK], 2, Infinity}]
574	Langford constant	elementary	64	not found	10	SIX, x, TWO, SUBTRACT, POWER	GOLDENRATIO, SIX, DIVIDE, EIGHT, SUBTRACT	2.464e-10	1	2.1	9.6	True	97/150 + Pi/40
575	constant that appears in the asymptotic formula for average order of the infinitary divisors sum function (A049417)	none	64	not found	10	EIGHT, x, TWO, SUBTRACT, POWER	SEVEN, GOLDENRATIO, POWER, SQR, LOG	9.657e-09	0	2.0	8.0	True	
576	a constant related to the asymptotic evaluation of Product_{p prime congruent to 1 modulo 4} (1 + 1/p)	none	64	not found	10	x, NINE, POWER, PI, PLUS	EULER, GOLDENRATIO, TIMES, SQRT, EXP	9.847e-09	0	2.0	8.0	True	
577	sum_{n>=1} 1/binomial(2n, n)	elementary	64	not found	10	GOLDENRATIO, LOG, SQRT, x, SUBTRACT	SEVEN, EXP, TWO, DIVIDE, SQRT	2.934e-08	0	2.0	nan	False	1/3 + 2*Sqrt[3]*Pi/27
579	1/Gamma(2/3)	special	64	not found	10	x, LOG, TWO, PLUS, INV	NINE, LOG, FOUR, SUBTRACT, LOG	1.167e-09	0	2.0	8.9	True	1/Gamma[2/3]
580	Dottie number	special	64	not found	10	EIGHT, x, SEVEN, DIVIDE, SUBTRACT	FIVE, LOG, INV, SQR, EXP	5.608e-09	0	2.0	8.3	True	Root[{Cos[#1] - #1 & , 0.7390851332151606416553120876738734040134117589007574649656`30.}]
581	densest spatial packing of spheres constant	elementary	64	exact	7	x, THREE, TIMES	TWO, SQRT, PI, DIVIDE	0.000e+00	449	2.0	64.0	True	Pi/(3*Sqrt[2])
582	Rosser constant	special	64	not found	10	TWO, x, EXP, SUBTRACT, INV	GOLDENRATIO, SQR, SIX, DIVIDE, EXP	1.422e-08	0	2.0	nan	False	(8*Catalan)/Pi^2
583	Sarnak product constant	special	64	not found	10	GOLDENRATIO, NINE, SUBTRACT, x, POWER	EIGHT, INV, NINE, SUBTRACT, INV	1.487e-09	0	2.0	8.8	True	(5*Pi^2*Product[1 - (2 + Prime[\[FormalK]])/Prime[\[FormalK]]^3, {\[FormalK], 2, Infinity}])/48
584	s_4, a 4-dimensional Steiner ratio analog	none	64	not found	10	x, x, LOG, SQR, DIVIDE	SEVEN, EULER, SUBTRACT, EXP, SQRT	4.321e-09	0	2.0	8.4	True	
585	B, the coefficient of n*log(n)^2 in the asymptotic formula of Ramanujan for Sum_{k=1..n} (d(k)^2), where d(k) is the num	none	64	not found	10	x, THREE, TIMES, PI, POWER	GOLDENRATIO, GOLDENRATIO, THREE, TIMES, POWER	3.175e-10	0	2.0	9.5	True	
586	Rényi parking constant	special	64	not found	10	x, FIVE, POWER, ONE, PLUS	TWO, SQRT, SQRT, PI, PLUS	8.138e-09	0	2.0	8.1	True	Integrate[Exp[-2*(EulerGamma + Gamma[0, \[FormalT]] + Log[\[FormalT]])], {\[FormalT], 0, Infinity}]
587	exp(-gamma/2)	special	64	not found	10	x, SQR, NINE, POWER, EXP	PI, NINE, TIMES, EULER, PLUS	3.361e-08	1	2.0	nan	False	Exp[-EulerGamma/2]
588	three quarters	rational	64	exact	4	x	FOUR, THREE, DIVIDE	0.000e+00	16	0.0	64.0	True	3/4
589	pi^(-1/4)	elementary	64	exact	5	x	PI, INV, SQRT, SQRT	0.000e+00	73	0.0	64.0	True	Pi^(-1/4)
590	Sum_{n>=1} (-1)^(n-1)*H(n)/n^2, where H(n) is the n-th harmonic number	special	64	not found	10	SEVEN, x, EIGHT, TIMES, SUBTRACT	GOLDENRATIO, FIVE, PI, DIVIDE, SUBTRACT	4.354e-09	0	2.0	8.4	True	5*Zeta[3]/8
591	linear asymptotic constant B in Sum_{k=1..n} 1/A000688(k) = ~B*n + 	none	64	not found	10	x, INV, SQR, EXP, EXP	THREE, SEVEN, POWER, EIGHT, PLUS	5.516e-08	0	2.0	nan	False	
592	Flajolet-Odlyzko constant	special	64	not found	10	x, SQRT, EXP, GOLDENRATIO, POWER	EULER, PI, DIVIDE, TWO, PLUS	1.103e-08	0	2.0	nan	False	2*Integrate[1 - E^(ExpIntegralEi[-\[FormalT]]/2), {\[FormalT], 0, Infinity}]
593	constant appearing in the variance for inserting in a digital tree	special	64	false positive	9	FOUR, LOG, INV, x, SUBTRACT	THREE, EIGHT, TIMES, INV	0.000e+00	10	2.0	22.7	True	1/Log[4] + 1/24 + (4*Pi^2/Log[2]^2)*Sum[DivisorSigma[1, n]*Exp[-4*Pi^2*n/Log[2]], {n, 1, 6}]
594	Landau-Ramanujan constant	special	64	not found	10	TWO, INV, x, SQRT, SUBTRACT	PI, FOUR, PLUS, INV, SQRT	4.105e-09	0	2.0	8.4	True	Product[((4^2^\[FormalK]*(1 - 2^(-2^\[FormalK]))*Zeta[2^\[FormalK]])/(Zeta[2^\[FormalK], 1/4] - Zeta[2^\[FormalK], 3/4]))^2^(-1 - \[FormalK]), {\[FormalK], 1, Infinity}]/Sqrt[2]
595	analog of the Mertens constant B_2 in the asymptotic series for the variance of the number of prime factors Omega	none	64	not found	10	PI, TWO, POWER, x, POWER	TWO, EXP, TWO, LOG, DIVIDE	1.036e-09	1	2.0	9.0	True	
596	binary Liouville number	special	64	not found	10	NINE, INV, x, SUBTRACT, INV	TWO, LOG, GOLDENRATIO, DIVIDE, SQRT	8.002e-09	0	2.1	8.1	True	Sum[1/2^(n!), {n, Infinity}]
597	-x, where x is the negative solution to the equation 2^x = x^2	none	64	exact	7	x, INV, x, POWER	TWO, SQRT, INV	0.000e+00	114	2.0	64.0	True	
598	Sum_{k>1} 1/(k*(k-1)*zeta(k)), a constant related to Niven's constant	none	64	not found	9	THREE, x, EIGHT, TIMES, SUBTRACT	EULER, SQRT, TWO, POWER	6.985e-09	0	2.0	8.2	True	
599	C = 2^(1/3)*e^(1/4)/A^3, a constant associated with the Gaudin-Mehta probability distribution and the Glaisher-Kinkelin 	special	64	not found	10	x, SQR, GOLDENRATIO, LOG, PLUS	TWO, GOLDENRATIO, TWO, POWER, SUBTRACT	1.563e-08	0	2.0	nan	False	2^(1/3)*E^(1/4)/Glaisher^3
600	trace of the Ruelle-Mayer linear operator G_2	none	64	not found	10	EIGHT, NINE, DIVIDE, x, POWER	NINE, EULER, FOUR, PLUS, DIVIDE	8.322e-09	0	2.0	8.1	True	
601	Sum_{p prime} 1/(p*(p-1))	none	64	not found	10	TWO, x, PI, TIMES, SUBTRACT	NINE, THREE, LOG, INV, POWER	1.079e-08	1	2.0	nan	False	
602	Flajolet-Martin constant	special	64	not found	10	PI, x, DIVIDE, FOUR, SUBTRACT	PI, GOLDENRATIO, PI, SUBTRACT, POWER	9.153e-10	0	2.0	9.0	True	(E^EulerGamma*Product[(1 + 1/(2*\[FormalK]))^(-1)^Mod[DigitCount[\[FormalK], 2, 1], 2], {\[FormalK], 1, Infinity}])/Sqrt[2]
603	Pi*G - 7*zeta(3)/4, where G = A006752	special	64	not found	10	x, SQR, PI, POWER, EXP	GOLDENRATIO, TWO, DIVIDE, NINE, DIVIDE	1.390e-09	0	2.0	8.9	True	Pi Catalan-7Zeta[3]/4
604	lambda_3, an analog of the Stolarsky-Harborth constant for the number of elements not divisible by 3 in Pascal's triangl	none	64	not found	10	x, EULER, POWER, ONE, PLUS	TWO, THREE, EXP, DIVIDE, SQRT	4.375e-09	0	2.1	8.4	True	
605	strongly carefree product constant	special	64	not found	10	SEVEN, x, EXP, EXP, SUBTRACT	SEVEN, INV, EXP, EXP, SQRT	9.226e-09	0	2.0	8.0	True	Product[1 - (1 + Prime[\[FormalK]])^(-2), {\[FormalK], 1, Infinity}]
606	Bender r constant	none	51	not found	10	SIX, x, EXP, EXP, SUBTRACT	THREE, SQRT, SIX, PLUS, SQRT	6.245e-10	0	2.0	9.2	True	
607	hypercube line-picking constant	special	64	not found	10	x, PI, POWER, EULER, SUBTRACT	GOLDENRATIO, EIGHT, PLUS, EULER, DIVIDE	9.509e-09	0	2.0	8.0	True	(-644 + 1344*Catalan + 3744*ArcCsch[Sqrt[2]] + 270*ArcSinh[1] - 3024*Im[PolyLog[2, I*(3 - 2*Sqrt[2])]] + 1773*Log[3] + 84*(PolyGamma[1, 1/12] + PolyGamma[1, 5/12]) + (6048*I)*(PolyLog[2, (1/2 - I/2)*(-2 + Sqrt[2])] - PolyLog[2, (1/2 + I/2)*(-2 + Sqrt[2])]) + (6048*I)*(PolyLog[2, I*(1 - Sqrt[2])] - PolyLog[2, I*(-1 + Sqrt[2])]) + 438*Sqrt[2] - 2448*ArcCot[2*Sqrt[2]]*Sqrt[2] - 189*(PolyGamma[1, 1/8] + PolyGamma[1, 3/8])*Sqrt[2] + 12*Pi*(-16 + 7*Pi*(-8 + 9*Sqrt[2])) + 288*Sqrt[3])/3780
608	6/(Pi^2 A086724)	none	64	not found	10	THREE, x, POWER, INV, EXP	TWO, NINE, TIMES, LOG, SQR	9.833e-09	0	2.0	8.0	True	
609	log10(6)	elementary	64	exact	7	x, INV, SIX, POWER	ONE, NINE, PLUS	0.000e+00	47	2.0	64.0	True	Log[10, 6]
610	Purdom-Williams constant, a constant related to the Golomb-Dickman constant and to the asymptotic evaluation of the expe	none	64	not found	10	x, LOG, GOLDENRATIO, POWER, LOG	GOLDENRATIO, INV, TWO, INV, SUBTRACT	1.833e-08	0	2.0	nan	False	
611	first Bernoulli sophomore dream constant	special	64	not found	10	SIX, x, POWER, GOLDENRATIO, DIVIDE	TWO, SEVEN, EXP, SUBTRACT, LOG	7.091e-09	0	2.0	8.1	True	-Sum[(-\[FormalK])^(-\[FormalK]), {\[FormalK], 1, Infinity}]
612	(sqrt(3) + sqrt(5) + 2*sqrt(6))/(8*sqrt(2))	algebraic	64	not found	10	x, SEVEN, TIMES, SIX, SUBTRACT	EULER, EXP, FOUR, DIVIDE, SQRT	2.139e-08	1	2.1	nan	False	(Sqrt[3]+Sqrt[5]+2Sqrt[6])/(8Sqrt[2])
613	(3*sqrt(3)+sqrt(7))/10	algebraic	64	not found	10	x, EULER, SIX, SUBTRACT, POWER	THREE, GOLDENRATIO, DIVIDE, TWO, PLUS	1.393e-08	0	2.0	nan	False	(3*Sqrt[3]+Sqrt[7])/10
614	Integral_{x = 0 to oo} Product_{m=1..oo} cos(x/m) dx	none	39	not found	10	x, SQRT, THREE, LOG, SUBTRACT	EULER, THREE, SQRT, INV, DIVIDE	4.647e-09	0	2.0	8.3	True	
615	pi/4	elementary	64	exact	4	x	FOUR, PI, DIVIDE	0.000e+00	14	0.0	64.0	True	Pi/4
616	Lüroth constant	special	64	not found	10	x, LOG, EIGHT, POWER, SQRT	FIVE, SQR, LOG, FOUR, SUBTRACT	1.356e-08	0	2.0	nan	False	Sum[Log[\[FormalK]/(-1 + \[FormalK])]/\[FormalK], {\[FormalK], 2, Infinity}]
617	asymptotic constant eta for counts of weakly binary trees	none	64	not found	10	x, EXP, SQR, SEVEN, SUBTRACT	THREE, SQRT, SQRT, GOLDENRATIO, TIMES	6.464e-09	1	2.0	8.2	True	
618	Lal's constant: the Hardy-Littlewood constant for A217795	none	64	not found	10	x, GOLDENRATIO, POWER, GOLDENRATIO, SUBTRACT	SIX, EIGHT, LOG, LOG, POWER	1.343e-08	0	2.0	nan	False	
619	Kolakoski constant	none	64	not found	10	SIX, x, POWER, GOLDENRATIO, DIVIDE	FIVE, LOG, INV, EXP, EXP	2.971e-09	0	2.0	8.5	True	
620	root two div pi	elementary	64	exact	5	x	PI, TWO, DIVIDE, SQRT	0.000e+00	52	0.0	64.0	True	Sqrt[2/Pi]
621	log 2π	elementary	64	exact	8	x, ONE, NINE, PLUS, POWER	PI, PI, PLUS	0.000e+00	3	2.0	64.0	True	Log10[2*Pi]
622	Product_{n>1} (1 - 1/n^2)^(1/n)	none	64	not found	10	FIVE, x, POWER, INV, EXP	THREE, SQRT, PI, EXP, SUBTRACT	1.273e-08	0	2.0	nan	False	
624	unique real solution of the equation Ei(x)-gamma-log(x) = 1, where Ei is the exponential integral function and gamma the	none	64	not found	10	GOLDENRATIO, SQR, x, EXP, POWER	GOLDENRATIO, INV, SQRT, NINE, SUBTRACT	1.095e-08	1	2.0	nan	False	
625	disk half-area offset constant	special	64	not found	10	x, EULER, TIMES, SQR, EXP	SIX, EULER, SIX, POWER, SUBTRACT	1.164e-08	1	2.0	nan	False	Root[{Pi - 4*ArcCos[#1/2] + #1*Sqrt[4 - #1^2] & , 0.8079455065990344186379234801330000000000000000000000000001`29.907382069955993}]
626	Solomon parking constant	special	64	not found	10	x, LOG, INV, PI, SUBTRACT	FIVE, NINE, DIVIDE, PI, POWER	2.528e-08	0	2.0	nan	False	Integrate[(1 + 2*\[FormalX])*Exp[-2*(-1 + \[FormalX] + Exp[-\[FormalX]])]*Exp[-2*(EulerGamma - ExpIntegralEi[-\[FormalX]] + Log[\[FormalX]])], {\[FormalX], 0, Infinity}]
627	Alladi-Grinstead constant	special	64	not found	10	THREE, EULER, SUBTRACT, x, POWER	TWO, NINE, TIMES, LOG, LOG	3.478e-09	0	2.0	8.5	True	Exp[-1 - Sum[Log[1 - \[FormalK]^(-1)]/\[FormalK], {\[FormalK], 2, Infinity}]]
628	product_{n>=1} (n/(n+1))^((-1)^t(n-1)), a probabilistic counting constant, where t(n) = A010060(n) is the Thue-Morse seq	none	64	not found	10	x, GOLDENRATIO, TIMES, TWO, DIVIDE	EIGHT, GOLDENRATIO, DIVIDE, EIGHT, POWER	4.676e-08	0	2.0	nan	False	
629	'mu', a Young-Fejér-Jackson constant linked to the positivity of certain sine sums	none	64	not found	10	x, ONE, PLUS, SQR, SQR	FIVE, NINE, DIVIDE, SIX, TIMES	4.541e-09	0	2.1	8.3	True	
630	(1 + sqrt(6))/(3*sqrt(2))	algebraic	64	exact	9	THREE, INV, SQRT, x, SUBTRACT	SIX, TWO, SQRT, DIVIDE	0.000e+00	9	2.0	64.0	True	(1+Sqrt[6])/(3Sqrt[2])
631	1/Gamma(3/4)	special	64	not found	10	GOLDENRATIO, x, PI, DIVIDE, SUBTRACT	NINE, LOG, THREE, SUBTRACT, EXP	5.286e-08	1	2.0	nan	False	1/Gamma[3/4]
632	sum_{n>=0} 1/2^(2^n)	special	64	not found	10	PI, x, POWER, EIGHT, TIMES	THREE, INV, THREE, POWER, EXP	1.672e-09	1	2.0	8.8	True	Sum[1/2^(2^n), {n, 0, Infinity}]
633	a2, the second of two constants associated with Djokovic's conjecture on an integral inequality	none	64	not found	10	EIGHT, NINE, x, POWER, DIVIDE	EULER, EXP, SQRT, EXP, INV	5.859e-10	1	2.0	9.2	True	
634	First Nielsen-Ramanujan constant	elementary	64	exact	7	x, TWO, TIMES	SIX, PI, SQR, DIVIDE	0.000e+00	613	2.0	64.0	True	Pi^2/12
635	Sierpiński constant	special	64	not found	10	x, LOG, SQR, PI, DIVIDE	FIVE, LOG, NINE, SQR, PLUS	1.191e-08	1	2.0	nan	False	2*EulerGamma + 2*Log[2] + 3*Log[Pi] - 4*Log[Gamma[1/4]]
636	sigma_3, a Turán's Power Sum Constant	none	64	not found	10	SIX, x, POWER, EIGHT, TIMES	EIGHT, TWO, EXP, DIVIDE, EXP	1.485e-09	1	2.0	8.8	True	
637	Prouhet-Thue-Morse constant	special	64	not found	10	x, SQR, EIGHT, SQRT, SUBTRACT	FOUR, LOG, SIX, SUBTRACT, SQRT	1.527e-08	1	2.0	nan	False	1 - Product[(-1 + 2^2^\[FormalK])/2^2^\[FormalK], {\[FormalK], 0, Infinity}]/2
638	Pi/8 + sqrt(3)/4	elementary	64	exact	9	EIGHT, PI, DIVIDE, x, SUBTRACT	FOUR, THREE, SQRT, DIVIDE	0.000e+00	6	2.1	64.0	True	Pi/8+Sqrt[3]/4
639	asymptotic efficiency constant	elementary	64	exact	8	x, PI, TIMES	FOUR, INV, SEVEN, SUBTRACT, SQRT	1.342e-16	101	2.0	64.0	True	(3*Sqrt[3])/(2*Pi)
640	1/zeta(3)	special	64	not found	10	SEVEN, x, FIVE, DIVIDE, SUBTRACT	GOLDENRATIO, FIVE, PI, DIVIDE, SUBTRACT	4.354e-09	0	2.0	8.4	True	1/Zeta[3]
641	Rosser's constant	none	64	not found	10	x, SQR, GOLDENRATIO, EXP, DIVIDE	NINE, INV, EULER, SQR, SUBTRACT	8.688e-09	0	2.0	8.1	True	
642	Gauss's constant	special	64	not found	9	x, SQR, EXP, FOUR, POWER	EULER, EXP, ONE, PLUS	1.359e-08	1	2.0	nan	False	ArithmeticGeometricMean[1, Sqrt[2]]^(-1)
643	Baker constant	elementary	64	not found	10	x, EXP, TWO, SQRT, POWER	EULER, NINE, TIMES, SQRT, SQRT	6.750e-09	1	2.0	8.2	True	(Log[2] + Pi/Sqrt[3])/3
645	Shepp's constant 'alpha', an optimal stopping constant associated with the case of a zero mean and unit variance distrib	none	64	not found	10	NINE, x, POWER, EIGHT, POWER	EULER, EXP, SQRT, SIX, DIVIDE	4.360e-09	1	2.0	8.4	True	
646	2*G/(Pi*log(2)), a constant appearing in the average root bifurcation ratio of binary trees, where G is Catalan's consta	special	64	not found	10	EIGHT, x, POWER, FIVE, TIMES	PI, LOG, EULER, SUBTRACT, SQRT	1.290e-08	0	2.0	nan	False	2 Catalan/(Pi*Log[2])
647	sin one	elementary	64	not found	10	SEVEN, x, GOLDENRATIO, TIMES, POWER	FOUR, LOG, LOG, NINE, SUBTRACT	5.275e-08	0	2.0	nan	False	Sin[1]
648	reciprocal of the Khinchin-Lévy constant	elementary	64	exact	8	SIX, x, DIVIDE	PI, SQR, FOUR, LOG, DIVIDE	0.000e+00	208	2.0	64.0	True	(12*Log[2])/Pi^2
650	log10(7)	elementary	64	exact	6	x, ONE, NINE, PLUS, POWER	SEVEN	0.000e+00	57	2.0	64.0	True	Log[10, 7]
651	3/(2*sqrt(Pi))	elementary	64	exact	7	x, SQR	PI, FOUR, TIMES, NINE, DIVIDE	0.000e+00	533	2.0	64.0	True	3/(2*Sqrt[Pi])
652	ubiquitous constant	special	64	not found	10	SEVEN, LOG, SQRT, x, SUBTRACT	EIGHT, SIX, GOLDENRATIO, SUBTRACT, DIVIDE	2.385e-09	0	2.0	8.6	True	(2*Pi^(3/2))/Gamma[1/4]^2
653	Regular paperfolding sequence	special	64	not found	10	PI, x, POWER, NINE, TIMES	THREE, FIVE, TIMES, SQR, LOG	1.131e-09	0	2.0	8.9	True	Sum[8^2^n/(-1 + 2^2^(2 + n)), {n, 0, Infinity}]
654	maximal quantum success probability of the CHSH game	algebraic	64	exact	6	x, SQR, x, SUBTRACT	EIGHT, INV	0.000e+00	81	0.1	64.0	True	Cos[Pi/8]^2
655	1/(2*K^2) = Product_(p prime congruent to 3 modulo 4) (1 - 1/p^2), where K is the Landau-Ramanujan constant	none	64	not found	10	x, INV, NINE, INV, SUBTRACT	FOUR, EULER, EIGHT, DIVIDE, SUBTRACT	3.143e-09	1	2.0	8.5	True	
656	rank-3 Artin constant	special	64	not found	10	EIGHT, NINE, DIVIDE, x, POWER	PI, SEVEN, PLUS, LOG, LOG	2.898e-08	0	2.0	nan	False	Product[1 - 1/((-1 + Prime[\[FormalK]])*Prime[\[FormalK]]^3), {\[FormalK], 1, Infinity}]
657	four minus pi	elementary	64	exact	4	x	PI, FOUR, SUBTRACT	1.293e-16	8	0.0	64.0	True	4 - Pi
658	Champernowne base-2 constant	special	64	not found	10	GOLDENRATIO, x, PI, SUBTRACT, POWER	EULER, SIX, DIVIDE, SIX, SUBTRACT	4.134e-09	0	2.0	8.4	True	ChampernowneNumber[2]
659	Steiner ratio of the Euclidean plane	algebraic	64	exact	5	x	FOUR, THREE, DIVIDE, SQRT	0.000e+00	112	0.0	64.0	True	Sqrt[3]/2
660	log(4 - phi), where phi = A001622	elementary	64	exact	5	x	GOLDENRATIO, FOUR, SUBTRACT, LOG	0.000e+00	18	0.0	64.0	True	Log[4-GoldenRatio]
661	log e^2	elementary	64	exact	7	x, INV	ONE, NINE, PLUS, SQRT, LOG	0.000e+00	126	2.0	64.0	True	Log10[E^2]
662	sqrt(Pi)/(2K)*exp(-gamma/2) where K is the Landau-Ramanujan constant and gamma the Euler-Mascheroni constant	none	64	not found	10	x, INV, SQR, x, PLUS	EIGHT, INV, EXP, TWO, POWER	3.028e-10	0	2.0	9.5	True	
663	square edge line-picking constant	elementary	64	not found	10	EULER, x, FIVE, DIVIDE, SUBTRACT	FOUR, PI, NINE, PLUS, DIVIDE	2.815e-09	0	2.0	8.6	True	(2 + 5*Log[1 + Sqrt[2]] + Sqrt[2])/9
664	integral_{0..infinity} exp(-x^2)*log(x) dx	special	64	not found	10	x, SQR, SQR, EXP, SQR	GOLDENRATIO, THREE, TIMES, EIGHT, SUBTRACT	7.996e-09	0	2.0	8.1	True	-(-(1/4)*Sqrt[Pi]*( EulerGamma + 2*Log[2]))
666	product_{n>=1} (2n/(2n+1))^((-1)^t(n-1)), a probabilistic counting constant, where t(n) = A010060(n) is the Thue-Morse s	none	64	not found	10	NINE, x, POWER, FIVE, DIVIDE	SIX, GOLDENRATIO, SEVEN, POWER, SUBTRACT	4.379e-09	0	2.0	8.4	True	
667	total area of Ford circles	special	64	not found	10	SEVEN, x, POWER, FIVE, DIVIDE	SEVEN, SQRT, SQRT, EIGHT, TIMES	6.302e-09	1	2.0	8.2	True	(45*Zeta[3])/(2*Pi^3)
668	(5/18)*Pi	elementary	64	exact	8	FIVE, x, DIVIDE	TWO, NINE, TIMES, PI, DIVIDE	0.000e+00	376	2.0	64.0	True	5Pi/18
669	a constant related to the asymptotic counting function of numbers of the form x^2 + 2*y^2 (A002479)	none	64	not found	10	NINE, x, POWER, SIX, POWER	THREE, SQRT, PI, TIMES, LOG	6.765e-10	1	2.0	9.2	True	
670	Integral_{x=0..Pi/2} sin(x)^(3/2) dx	special	64	not found	10	x, FIVE, GOLDENRATIO, DIVIDE, POWER	GOLDENRATIO, FIVE, EULER, DIVIDE, POWER	1.139e-08	0	2.0	nan	False	1/3*Sqrt[2]*EllipticK[1/2]
671	sqrt(2)/phi, where phi = (1+sqrt(5))/2	algebraic	64	exact	5	x	GOLDENRATIO, TWO, SQRT, DIVIDE	0.000e+00	54	0.0	64.0	True	Sqrt[2]/GoldenRatio
672	sum of reciprocal perfect powers (excluding 1)	none	64	not found	10	x, EXP, FOUR, SQR, DIVIDE	FOUR, LOG, LOG, SEVEN, SUBTRACT	1.427e-08	1	2.0	nan	False	
673	average length of a line segment picked at random in a unit 5-cube	none	64	not found	9	PI, x, THREE, DIVIDE, POWER	GOLDENRATIO, SEVEN, SQR, SUBTRACT	4.308e-09	0	2.0	8.4	True	
674	an Ising constant related to the triangular lattice	none	64	not found	10	x, x, FIVE, POWER, SUBTRACT	PI, LOG, SQRT, THREE, POWER	9.760e-09	1	2.0	8.0	True	
675	quadratic class number constant	special	64	not found	10	FIVE, x, POWER, FIVE, TIMES	SIX, LOG, SQRT, FOUR, SUBTRACT	5.320e-09	1	2.0	8.3	True	Product[1 - 1/(Prime[\[FormalK]]^2*(1 + Prime[\[FormalK]])), {\[FormalK], 1, Infinity}]
676	positive minimum of the gamma function	special	64	not found	10	EIGHT, x, EIGHT, DIVIDE, SUBTRACT	SEVEN, INV, SQR, FIVE, POWER	4.225e-09	0	2.0	8.4	True	Gamma[Root[{PolyGamma[0, #1] & , 1.46163214496836234126265954233`29.164838085677864}]]
677	sqrt(Pi)/2	elementary	64	exact	5	x, SQR	FOUR, PI, DIVIDE	0.000e+00	79	0.0	64.0	True	Sqrt[Pi]/2
678	exp(gamma)/2	special	64	not found	10	x, LOG, FIVE, POWER, SQRT	TWO, SQRT, INV, GOLDENRATIO, SUBTRACT	6.506e-10	1	2.0	9.2	True	E^EulerGamma/2
679	reciprocal sum of integer powers constant	special	64	not found	10	x, NINE, POWER, LOG, SQR	FOUR, LOG, SQRT, PI, POWER	2.168e-08	0	2.0	nan	False	Sum[-1 + Zeta[Prime[\[FormalK]]], {\[FormalK], 1, Infinity}]
680	Gamma(4/3)	special	64	not found	10	SIX, x, NINE, POWER, SUBTRACT	PI, PI, PLUS, SEVEN, DIVIDE	1.827e-08	0	2.0	nan	False	Gamma[4/3]
681	Product_{p prime, p == 1 (mod 4)} (1 - 2/p^2)	none	64	not found	10	GOLDENRATIO, SQRT, x, POWER, SQR	EIGHT, INV, TWO, PLUS, LOG	1.309e-09	0	2.0	8.9	True	
682	'delta', a constant arising in the asymptotics of the regularized product of the Fibonacci numbers	none	64	not found	10	EULER, x, EIGHT, PLUS, DIVIDE	NINE, FIVE, DIVIDE, EULER, PLUS	1.166e-08	0	2.0	nan	False	
683	Gamma(5/3)	special	64	not found	10	x, PI, SQR, DIVIDE, EXP	FIVE, SEVEN, SIX, POWER, DIVIDE	8.895e-09	0	2.0	8.1	True	Gamma[5/3]
684	log10(8)	elementary	64	exact	6	x, ONE, NINE, PLUS, POWER	EIGHT	0.000e+00	70	2.0	64.0	True	Log[10, 8]
685	disk line-picking constant	elementary	64	exact	10	x, PI, TIMES, THREE, SUBTRACT	FIVE, NINE, TIMES, SEVEN, DIVIDE	0.000e+00	8	2.0	64.0	True	128/(45*Pi)
686	Gamma(5/4)	special	64	not found	10	x, SQR, x, PLUS, LOG	PI, ONE, EULER, SUBTRACT, DIVIDE	1.116e-08	0	2.1	nan	False	Gamma[5/4]
687	densest planar packing of circles constant	elementary	64	exact	7	PI, x, DIVIDE	SIX, THREE, SQRT, DIVIDE	0.000e+00	502	2.0	64.0	True	Pi/(2*Sqrt[3])
688	value of x such that K(x) = 2E(x)	none	64	not found	10	THREE, x, POWER, SEVEN, DIVIDE	SIX, LOG, FOUR, DIVIDE, EXP	9.046e-10	1	2.1	9.0	True	
689	(sqrt(Pi)/(2^(1/4)*Gamma(5/8)*Gamma(7/8)))^2	special	64	not found	10	x, GOLDENRATIO, NINE, PLUS, POWER	SEVEN, TWO, EULER, DIVIDE, POWER	1.261e-08	0	2.0	nan	False	(Pi/Sqrt[2])*(1/(Gamma[5/8]*Gamma[7/8]))^2
690	(1 + sqrt(3))/3	algebraic	64	exact	7	x, THREE, TIMES	THREE, SQRT, ONE, PLUS	0.000e+00	153	2.0	64.0	True	(1+Sqrt[3])/3
691	Catalan's constant	special	64	not found	10	SEVEN, x, POWER, FOUR, DIVIDE	NINE, SQR, LOG, THREE, PLUS	1.262e-08	0	2.0	nan	False	Catalan
692	log root two pi	elementary	64	exact	6	x, EXP, SQR	PI, PI, PLUS	0.000e+00	72	0.1	64.0	True	Log[Sqrt[2*Pi]]
693	Gamma(7/4)	special	64	not found	10	x, NINE, POWER, FIVE, DIVIDE	EULER, GOLDENRATIO, PLUS, FIVE, SUBTRACT	5.602e-09	1	2.0	8.3	True	Gamma[7/4]
694	position of the positive real maximum of Dawson's integral D_+(x)	none	64	not found	10	x, SQRT, ONE, SUBTRACT, INV	GOLDENRATIO, SEVEN, PLUS, THREE, TIMES	4.416e-09	0	2.0	8.4	True	
695	cube face line-picking constant	elementary	64	not found	10	NINE, x, POWER, THREE, POWER	EIGHT, INV, PI, SUBTRACT, SQRT	2.282e-09	0	2.0	8.6	True	(4 - 7*Pi + 21*Log[1 + Sqrt[2]] + 42*Log[2 + Sqrt[3]] + 17*Sqrt[2] - 6*Sqrt[3])/75
696	Product_{n>=1} (1 - 1/(4n+1)^2)	special	64	not found	10	x, SEVEN, POWER, SEVEN, SUBTRACT	SIX, EULER, EXP, DIVIDE, LOG	1.177e-09	0	2.0	8.9	True	Product[1 - 1/(4 n + 1)^2, {n, 1, Infinity}]
697	an Ising constant related to the random coloring problem	special	64	not found	10	PI, FOUR, PLUS, x, POWER	GOLDENRATIO, SEVEN, SUBTRACT, LOG, INV	8.085e-09	0	2.0	8.1	True	Log[2]/2 + 2*Catalan/Pi
698	rank-4 Artin constant	special	64	not found	10	x, PI, EIGHT, POWER, POWER	GOLDENRATIO, SQR, EIGHT, TIMES, SQR	8.114e-09	1	2.0	8.1	True	Product[1 - 1/((-1 + Prime[\[FormalK]])*Prime[\[FormalK]]^4), {\[FormalK], 1, Infinity}]
699	-zeta'(2) (the first derivative of the zeta function at 2)	none	64	not found	10	ONE, x, SQR, SUBTRACT, INV	NINE, EULER, TWO, DIVIDE, SUBTRACT	1.419e-08	0	2.0	nan	False	
700	(4K/Pi)^2 where K is the Landau-Ramanujan constant	none	64	not found	10	x, PI, POWER, PI, SUBTRACT	EULER, SIX, PLUS, GOLDENRATIO, DIVIDE	2.349e-09	0	2.0	8.6	True	
701	Pi*(1+sqrt(2))/8	elementary	64	exact	9	x, PI, DIVIDE, EIGHT, DIVIDE	TWO, SQRT, ONE, PLUS	0.000e+00	13	2.0	64.0	True	Pi*(1+Sqrt[2])/8
702	log10(9)	elementary	64	exact	6	x, ONE, NINE, PLUS, POWER	NINE	0.000e+00	63	1.9	64.0	True	Log[10, 9]
703	3/π	elementary	64	exact	4	x	PI, THREE, DIVIDE	0.000e+00	17	0.0	64.0	True	3/Pi
704	Magic angle	elementary	64	not found	10	GOLDENRATIO, x, FIVE, POWER, SUBTRACT	EULER, SQRT, FOUR, LOG, PLUS	3.475e-08	1	2.0	nan	False	ArcCos[1/Sqrt[3]]
705	(log(2) + Pi)/4	elementary	64	exact	7	x, FOUR, TIMES	TWO, LOG, PI, PLUS	0.000e+00	59	2.0	64.0	True	(Log[2]+Pi)/4
706	a limit associated with the asymptotic number of ways of writing a number as a sum of powers of 2, with each power used 	elementary	64	not found	10	GOLDENRATIO, SEVEN, PLUS, x, POWER	GOLDENRATIO, SEVEN, PLUS, SIX, DIVIDE	3.569e-09	0	2.0	8.4	True	3^(Log[GoldenRatio]/Log[2]) / Sqrt[5]
707	a constant related to the asymptotic expansion of the Lebesgue constant corresponding to the n-th Chebyshev polynomial	special	64	not found	10	x, TWO, LOG, DIVIDE, SQR	EULER, ONE, PLUS, INV, SQRT	1.716e-09	1	2.0	8.8	True	2/Pi*(3*Log[2] - Log[Pi] + EulerGamma)
708	L(3, chi4), where L(s, chi4) is the Dirichlet L-function for the non-principal character modulo 4	elementary	64	exact	8	TWO, x, DIVIDE	THREE, FOUR, PI, DIVIDE, POWER	1.146e-16	139	1.9	64.0	True	Pi^3/32
709	Lochs constant	elementary	64	not found	10	PI, SEVEN, DIVIDE, x, POWER	EULER, SQRT, EULER, SUBTRACT, INV	4.130e-09	0	1.8	8.4	True	6*Log[2]*Log[10]/Pi^2
710	4*K/Pi, a constant appearing in the asymptotic evaluation of the number of non-hypotenuse numbers not exceeding a given 	none	64	not found	10	x, EXP, EIGHT, DIVIDE, EXP	FOUR, GOLDENRATIO, POWER, THREE, TIMES	3.076e-08	1	1.8	nan	False	
711	log 3π	elementary	64	exact	8	x, ONE, NINE, PLUS, POWER	PI, THREE, TIMES	0.000e+00	4	1.8	64.0	True	Log10[3*Pi]
712	Elbert constant	special	64	not found	10	EULER, x, POWER, NINE, POWER	FOUR, EXP, EIGHT, PLUS, SQRT	1.157e-08	0	1.8	nan	False	ConditionalExpression[Extension`ElbertConstant == 1 + E^\[FormalU] - (\[FormalV]*E^\[FormalU])/2 + E^(\[FormalU] + \[FormalV]/2) - E^\[FormalV], E^\[FormalU] + 2*E^(\[FormalU] + \[FormalV]/2) + E^(\[FormalV]/2) + E^(\[FormalU] + \[FormalV]) == 2*E^\[FormalV] + E^((3*\[FormalV])/2) && 1 + (1 + \[FormalU] - \[FormalV])*E^\[FormalU] + 2*E^(\[FormalU] + \[FormalV]/2) == 2*E^\[FormalV] && -1/3 < \[FormalU] < 0 && 1/3 < \[FormalV] < 1]
713	4*sqrt(2) - 6*sqrt(6)/Pi	elementary	64	not found	10	GOLDENRATIO, x, FOUR, TIMES, SUBTRACT	GOLDENRATIO, SIX, SQRT, SUBTRACT, EXP	2.558e-08	0	1.9	nan	False	4Sqrt[2]-6Sqrt[6]/Pi
714	generalized Glaisher-Kinkelin constant A(3)	special	64	not found	10	x, SIX, SUBTRACT, LOG, SQR	GOLDENRATIO, EXP, SIX, SUBTRACT, EXP	1.186e-08	1	1.8	nan	False	Exp[-11/720 - Zeta'[-3]]
715	a parking constant related to the asymptotic expected number of cars, assuming random car lengths	none	64	not found	10	x, GOLDENRATIO, SUBTRACT, INV, LOG	NINE, TWO, SQRT, EXP, DIVIDE	1.939e-08	0	1.8	nan	False	
716	a constant related to the asymptotic evaluation of Product_{p prime congruent to 3 modulo 4} (1 + 1/p)	none	64	not found	10	NINE, x, POWER, GOLDENRATIO, TIMES	GOLDENRATIO, EXP, SIX, DIVIDE, SQR	1.154e-10	1	1.9	9.9	True	
717	ln(Gamma(1/3))	special	64	not found	10	SIX, x, FIVE, POWER, SUBTRACT	PI, SQRT, LOG, SQR, LOG	1.276e-08	1	1.8	nan	False	LogGamma[1/3]
718	Reuleaux triangle square cutting fraction	elementary	64	not found	10	SIX, GOLDENRATIO, SUBTRACT, x, POWER	GOLDENRATIO, EIGHT, DIVIDE, SIX, SUBTRACT	9.252e-10	0	1.8	9.0	True	-3 + Pi/6 + 2*Sqrt[3]
719	logarithm of Khinchin constant	special	64	not found	10	x, SIX, POWER, THREE, DIVIDE	EULER, SIX, DIVIDE, EULER, SUBTRACT	3.618e-08	0	1.8	nan	False	Log[Khinchin]
720	phi(0), an auxiliary constant associated with Shapiro's cyclic sum constant lambda	none	64	not found	10	EULER, SEVEN, DIVIDE, x, POWER	GOLDENRATIO, FIVE, LOG, SQR, SUBTRACT	5.605e-09	0	1.8	8.3	True	
721	Asymptotic behavior of Lebesgue constants	special	64	not found	10	x, THREE, POWER, TWO, POWER	THREE, EIGHT, SQR, SUBTRACT, SQRT	8.028e-09	1	1.9	8.1	True	(-4*PolyGamma[0, 1/2])/Pi^2 + (8*Sum[Log[k]/(-1 + 4*k^2), {k, 1, Infinity}])/Pi^2
722	generalized Glaisher-Kinkelin constant A(4)	special	64	not found	10	x, SQRT, GOLDENRATIO, POWER, SQRT	GOLDENRATIO, FOUR, DIVIDE, PI, DIVIDE	9.494e-09	0	1.8	8.0	True	Exp[-3*Zeta[5]/(4*Pi^4)]
723	log π^2	elementary	64	exact	7	x, ONE, NINE, PLUS, POWER	PI, SQR	0.000e+00	26	1.8	64.0	True	Log10[Pi^2]
724	Ramanujan's first continued fraction constant	elementary	64	not found	10	x, EULER, TIMES, LOG, INV	PI, EXP, INV, SQR, EXP	5.417e-09	1	1.8	8.3	True	Exp[(2*Pi)/5]*(-GoldenRatio + Sqrt[GoldenRatio*Sqrt[5]])
725	One	rational	64	exact	2	x	ONE	0.000e+00	10	0.0	64.0	True	1
726	'nu', a coefficient related to the variance for searching corresponding to patricia tries	none	64	not found	10	PI, EIGHT, PLUS, x, POWER	FIVE, SQR, EXP, INV, EXP	9.048e-15	0	1.7	14.0	True	
727	zeta(9)	special	64	not found	9	EULER, EXP, x, POWER	EIGHT, INV, SQR, SEVEN, POWER	2.263e-08	0	1.8	nan	False	Zeta[9]
728	side of the equilateral triangle that can cover every triangle of perimeter 2	none	64	not found	10	x, SEVEN, TIMES, NINE, SUBTRACT	EIGHT, LOG, SIX, SUBTRACT, SQRT	1.086e-10	0	1.8	10.0	True	
729	generalized Stirling constant	none	64	not found	10	THREE, LOG, SQRT, x, DIVIDE	FIVE, LOG, GOLDENRATIO, TIMES, LOG	3.826e-09	0	1.8	8.4	True	
730	Pi^3/(36*sqrt(3)) + 91*zeta(3)/216	special	64	not found	10	THREE, x, DIVIDE, INV, EXP	NINE, EULER, DIVIDE, SIX, DIVIDE	2.286e-09	0	1.8	8.6	True	Pi^3/(36*Sqrt[3])+91*Zeta[3]/216
731	DeVicci's tesseract constant	algebraic	64	not found	10	x, EIGHT, SQRT, DIVIDE, LOG	EULER, SIX, PLUS, NINE, DIVIDE	1.878e-08	0	1.9	nan	False	Root[16 + 16*#1^2 - 7*#1^4 - 28*#1^6 + 4*#1^8 & , 3, 0]
732	zeta(7)	special	64	not found	10	x, PI, TWO, PLUS, DIVIDE	FIVE, SQR, ONE, PLUS, SQRT	2.276e-09	0	1.8	8.6	True	Zeta[7]
733	generalized Glaisher-Kinkelin constant A(5)	special	64	not found	9	THREE, x, POWER, FIVE, POWER	PI, SQR, LOG, SQR	3.174e-09	0	1.8	8.5	True	Exp[137/15120-Zeta'[-5]]
734	Pi^3/64 + 7*zeta(3)/16	special	64	not found	10	NINE, x, POWER, PI, DIVIDE	NINE, SEVEN, POWER, LOG, LOG	5.814e-09	0	1.8	8.2	True	Pi^3/64+7Zeta[3]/16
735	Gieseking constant	special	64	not found	10	NINE, GOLDENRATIO, DIVIDE, x, PLUS	PI, EULER, GOLDENRATIO, PLUS, SUBTRACT	2.861e-09	0	1.8	8.5	True	(3*Sqrt[3]*(1 - PolyGamma[1, 2/3]/9 + PolyGamma[1, 4/3]/9))/4
736	h_3, a constant related to certain evaluations of the gamma function from elliptic integrals	special	64	not found	10	x, FIVE, POWER, TWO, POWER	PI, SQRT, EXP, SIX, TIMES	5.351e-09	0	1.8	8.3	True	4*EllipticK[4*Sqrt[3]-7]/(Sqrt[2+Sqrt[3]]*Pi)
737	2*Pi^3/(81*sqrt(3)) + 13*zeta(3)/27	special	64	not found	10	EIGHT, SQRT, x, SUBTRACT, SQR	THREE, SQRT, LOG, EULER, PLUS	1.580e-09	0	1.8	8.8	True	2Pi^3/(81Sqrt[3])+13Zeta[3]/27
738	an Ising constant related to the hexagonal lattice	none	64	not found	10	GOLDENRATIO, EIGHT, DIVIDE, x, POWER	PI, EIGHT, SQRT, LOG, POWER	2.809e-08	0	1.8	nan	False	
739	6*arcsec(sqrt(3))/Pi^(3/2), an extreme value constant	special	64	not found	10	x, FOUR, SEVEN, DIVIDE, SUBTRACT	SIX, GOLDENRATIO, DIVIDE, SQRT, SQRT	3.830e-09	0	1.9	8.4	True	6*ArcSec[Sqrt[3]]/Pi^(3/2)
740	e^pi/pi^e	elementary	64	exact	7	x, PI, EXP, DIVIDE	EULER, PI, POWER	2.155e-16	40	1.8	64.0	True	E^Pi/Pi^E
741	continued fraction constant (base 10)	elementary	64	not found	9	PI, SEVEN, DIVIDE, x, POWER	EULER, SQRT, EULER, SUBTRACT	4.130e-09	0	1.8	8.4	True	Pi^2/(6Log[2]Log[10])
742	generalized Glaisher-Kinkelin constant A(2)	special	64	not found	9	x, EXP, FOUR, SQR, PLUS	EULER, GOLDENRATIO, PLUS, SQR	9.964e-09	0	1.8	8.0	True	Exp[Zeta[3]/(4*Pi^2)]
743	generalized hypergeometric function 3F2(1/2,1/2,1/2; 3/2,3/2; x) at x=1/2	special	64	not found	10	x, LOG, INV, GOLDENRATIO, PLUS	FIVE, PI, POWER, LOG, SQR	2.864e-09	0	2.0	8.5	True	(Pi*Log[2]/4 + Catalan)/Sqrt[2]
744	Hadamard-de la Vallee-Poussin constant	special	64	not found	10	GOLDENRATIO, EXP, x, SQR, POWER	NINE, LOG, NINE, DIVIDE, LOG	5.882e-09	0	2.0	8.2	True	EulerGamma + Sum[(-1 + Prime[\[FormalK]])^(-1) + Log[1 - Prime[\[FormalK]]^(-1)], {\[FormalK], 1, Infinity}]
745	secant of 15 degrees (cosecant of 75 degrees)	algebraic	64	exact	6	TWO, SQRT, x, PLUS	SIX, SQRT	0.000e+00	42	0.1	63.6	True	Sec[15 Degree]
746	zeta(5)	special	64	not found	10	EULER, SQR, x, SQR, POWER	EIGHT, LOG, FIVE, SUBTRACT, SQRT	2.140e-08	0	2.0	nan	False	Zeta[5]
747	Landau-Kolmogorov constant C(3,1) for derivatives in the case L_infinity(-infinity, infinity)	none	64	exact	6	THREE, x, POWER	EIGHT, NINE, DIVIDE	0.000e+00	53	0.1	64.0	True	
748	log10(11)	elementary	64	exact	8	x, ONE, NINE, PLUS, POWER	TWO, NINE, PLUS	0.000e+00	3	2.0	63.5	True	Log[10, 11]
749	sec(phi), a constant related to the "broadworm" (or "caliper") problem	none	64	not found	10	THREE, x, POWER, GOLDENRATIO, POWER	PI, SIX, POWER, LOG, LOG	1.519e-08	0	2.0	nan	False	
750	Landau-Kolmogorov constant C(5,1) for derivatives in the case L_infinity(infinity, infinity)	none	64	exact	10	FIVE, x, POWER, SIX, TIMES	NINE, FOUR, FIVE, DIVIDE, POWER	0.000e+00	1	2.0	63.7	True	
751	li(2) = gamma + log(log(2)) + Sum_{k>=1} log(2)^k / ( k*k! )	special	64	not found	10	PI, x, NINE, POWER, SUBTRACT	NINE, INV, EULER, SUBTRACT, SQR	2.347e-09	0	2.0	8.6	True	LogIntegral[2]
752	third pi	elementary	64	exact	4	x	THREE, PI, DIVIDE	2.120e-16	12	0.0	64.0	True	Pi/3
753	asymptotic constant in Goebel's sequence A003504	none	64	not found	10	x, LOG, SEVEN, SQR, TIMES	PI, LOG, SIX, DIVIDE, SQRT	2.944e-08	0	2.0	nan	False	
754	Sum_{i>=0} 1/(2*i+1)^3	special	64	not found	10	EIGHT, NINE, PLUS, x, POWER	THREE, PI, SQRT, POWER, SQRT	6.315e-09	0	2.0	8.2	True	7 Zeta[3]/8
755	192*K^2*G/Pi^4 = Product_{p prime congruent to 1 modulo 4} (1 + 1/p^2), where K is the Landau-Ramanujan constant and G C	none	64	not found	9	x, SQR, THREE, SUBTRACT	FOUR, LOG, LOG, SEVEN, POWER	1.423e-08	0	2.0	nan	False	
756	1/2+2/sqrt(13), a constant related to the asymptotic evaluation of the number of self-avoiding rook paths joining opposi	algebraic	64	exact	10	TWO, INV, x, SUBTRACT, SQR	FOUR, INV, THREE, PLUS, INV	0.000e+00	2	2.0	63.5	True	1/2 + 2/Sqrt[13]
757	an infinite product involving the ratio of n! to its Stirling approximation	special	64	not found	10	x, SQRT, PI, SQRT, SUBTRACT	PI, THREE, LOG, POWER, INV	3.249e-08	0	2.0	nan	False	Glaisher^3/(2^(7/12)*Pi^(1/4))
758	Twelfth root of 2	algebraic	64	exact	5	SIX, x, POWER	TWO, SQRT	0.000e+00	25	0.0	63.4	True	2^(1/12)
759	(3/4)*sqrt(2)	algebraic	64	exact	5	x	EIGHT, NINE, DIVIDE, SQRT	0.000e+00	69	0.0	63.3	True	3 Sqrt[2]/4
760	I, a constant appearing (as I^2) in the asymptotic variance of the area of the convex hull of random points in the unit 	special	64	not found	10	EIGHT, LOG, SQR, x, POWER	EULER, GOLDENRATIO, DIVIDE, SQRT, INV	6.363e-10	0	2.0	9.2	True	Sqrt[2]*Pi^2/Gamma[1/4]^2
761	(8*G - Pi*log(2 + sqrt(3)))/3, where G = A006752	special	64	not found	10	FOUR, NINE, PLUS, x, TIMES	PI, TWO, POWER, FIVE, PLUS	2.494e-10	0	2.0	9.6	True	(8Catalan-Pi Log[2+Sqrt[3]])/3
762	(gamma + log(16))/Pi	special	64	not found	10	GOLDENRATIO, x, GOLDENRATIO, DIVIDE, POWER	EIGHT, INV, SEVEN, PLUS, LOG	1.717e-08	0	2.0	nan	False	(EulerGamma + Log[16])/Pi
763	m_3, the expected number of returns to the origin in a three-dimensional random walk restricted to the region x >= y >= 	none	64	not found	10	FIVE, x, EULER, DIVIDE, POWER	PI, LOG, NINE, TIMES, SQR	4.745e-09	0	2.0	8.3	True	
764	Sum_{k >= 0} 1/(4*k+1)^2	special	64	not found	10	GOLDENRATIO, SQRT, x, TIMES, LOG	EULER, NINE, TIMES, LOG, INV	7.688e-09	0	2.0	8.1	True	Catalan/2 + Pi^2/16
765	expected number of returns to the origin of a random walk on an 8-d lattice	none	64	not found	10	FIVE, x, POWER, EULER, DIVIDE	FOUR, EIGHT, TIMES, LOG, SQRT	1.170e-08	0	2.0	nan	False	
766	beta = 1.07869..., the best constant in Friedrichs' inequality in one dimension	none	64	not found	10	FIVE, x, SIX, POWER, SUBTRACT	FOUR, LOG, SEVEN, SQRT, DIVIDE	9.358e-09	0	2.0	8.0	True	
767	Landau-Kolmogorov constant C(4,1) for derivatives in the case L_infinity(infinity, infinity)	none	64	exact	10	FOUR, x, POWER, THREE, TIMES	THREE, FIVE, EIGHT, DIVIDE, POWER	0.000e+00	3	2.0	63.4	True	
768	c = twice the maximum of Dawson's integral, a constant used in the asymptotic evaluation of the ideal hyperbolic n-cube 	none	64	not found	10	x, EXP, FIVE, TIMES, SQRT	EIGHT, SQR, LOG, EIGHT, SUBTRACT	1.324e-08	0	2.0	nan	False	
769	zeta(4) = pi^4/90	elementary	64	exact	9	x, PI, SQR, SQR, DIVIDE	NINE, SQR, NINE, PLUS	0.000e+00	17	2.0	63.4	True	Pi^4/90
770	6*exp(gamma)/Pi^2	special	64	not found	10	x, INV, EXP, EULER, SUBTRACT	GOLDENRATIO, NINE, POWER, SEVEN, DIVIDE	4.168e-09	0	2.0	8.4	True	6*Exp[EulerGamma]/Pi^2
771	Feller α coin-tossing constant	algebraic	64	not found	10	FIVE, x, PI, POWER, DIVIDE	FIVE, SQRT, EULER, SUBTRACT, SQRT	4.023e-09	0	2.0	8.4	True	(2*(-1 - 2/(17 + 3*Sqrt[33])^(1/3) + (17 + 3*Sqrt[33])^(1/3)))/3
772	1/Gamma(7/4)	special	64	not found	10	x, PI, NINE, PLUS, DIVIDE	EIGHT, SQR, LOG, SEVEN, PLUS	2.323e-08	0	2.0	nan	False	1/Gamma[7/4]
773	Pi*log(2)/2	elementary	64	exact	6	x	PI, TWO, POWER, SQRT, LOG	0.000e+00	209	0.1	63.4	True	Pi*Log[2]/2
775	1/2+G/Pi, the highest limiting crest of a square wave Fourier series, where G is the Gibbs-Wilbraham constant	none	64	not found	10	x, FOUR, TIMES, THREE, SUBTRACT	GOLDENRATIO, NINE, INV, LOG, DIVIDE	4.414e-09	0	2.0	8.4	True	
776	expected number of returns to the origin of a random walk on a 7-d lattice	none	64	not found	10	x, EXP, EXP, THREE, PLUS	SEVEN, SQRT, EXP, GOLDENRATIO, TIMES	5.115e-09	0	2.0	8.3	True	
777	Gamma(1/4)^4/(16*Pi^2)	special	64	not found	10	x, LOG, PI, EXP, DIVIDE	FOUR, SQR, SQR, ONE, PLUS	7.213e-10	0	2.0	9.1	True	Gamma[1/4]^4/(16Pi^2)
778	square root of 6/5	none	64	exact	5	x	FIVE, SIX, DIVIDE, SQRT	0.000e+00	53	0.0	63.4	True	
779	a 5-dimensional analog of DeVicci's tesseract constant	algebraic	64	exact	6	THREE, SQRT, x, PLUS	EIGHT, SQRT	0.000e+00	20	0.1	63.4	True	Sqrt[11-4*Sqrt[6]]
781	ln(3)	elementary	64	exact	3	x	THREE, LOG	0.000e+00	3	0.0	63.5	True	Log[3]
782	Paris constant	special	64	not found	10	THREE, x, EXP, DIVIDE, SQR	NINE, EXP, INV, GOLDENRATIO, POWER	1.584e-08	0	2.0	nan	False	ConditionalExpression[Extension`ParisConstant == Limit[(2*GoldenRatio)^\[FormalN]*(GoldenRatio - Subscript[\[FormalCapitalF], \[FormalN]]), \[FormalN] -> Infinity]/2, Subscript[\[FormalCapitalF], 1] == 1 && Subscript[\[FormalCapitalF], \[FormalN]] == Sqrt[1 + Subscript[\[FormalCapitalF], -1 + \[FormalN]]]]
783	Lengyel constant	special	64	not found	10	SIX, x, POWER, GOLDENRATIO, PLUS	EULER, NINE, SUBTRACT, LOG, SQR	4.911e-09	1	2.0	8.3	True	ConditionalExpression[Extension`LengyelConstant == Limit[(2^\[FormalN]*\[FormalN]^(1 + Log[2]/3)*Subscript[\[FormalC], \[FormalN]]*Log[2]^\[FormalN])/\[FormalN]!^2, \[FormalN] -> Infinity], Subscript[\[FormalC], 1] == 1 && Subscript[\[FormalC], \[FormalN]] == Sum[StirlingS2[\[FormalN], \[FormalK]]*Subscript[\[FormalC], \[FormalK]], {\[FormalK], 1, -1 + \[FormalN]}]]
784	log 4π	elementary	64	exact	8	x, ONE, NINE, PLUS, POWER	PI, FOUR, TIMES	0.000e+00	2	2.0	63.8	True	Log10[4*Pi]
785	9*Sum_{k>=1} 1/(10^k-1)	none	64	not found	10	PI, SEVEN, TIMES, x, POWER	EULER, SQRT, SQRT, SEVEN, PLUS	3.838e-09	0	2.0	8.4	True	
786	1/Gamma(5/4)	special	64	not found	10	x, THREE, TIMES, LOG, SQRT	PI, EXP, INV, EIGHT, POWER	1.936e-08	0	2.0	nan	False	1/Gamma[5/4]
788	sqrt(8/Pi)*log(2), a constant related to the asymptotic evaluation of the minimum number of one-dimensional random walks	elementary	64	exact	8	x, TWO, LOG, DIVIDE	EIGHT, PI, DIVIDE, SQRT	0.000e+00	91	2.0	64.0	True	Sqrt[8/Pi]*Log[2]
790	1/Gamma(5/3)	special	64	not found	10	x, x, SEVEN, POWER, DIVIDE	THREE, LOG, SQR, NINE, SUBTRACT	8.759e-09	0	2.1	8.1	True	1/Gamma[5/3]
791	Pi/(2*sqrt(2))	none	64	exact	5	x	EIGHT, SQRT, PI, DIVIDE	0.000e+00	35	0.0	63.6	True	
792	4*L/(3*Pi), a constant related to the asymptotic evaluation of the number of primes of the form a^2+b^4, where L is Gaus	none	64	not found	10	SIX, SQRT, EXP, x, POWER	GOLDENRATIO, LOG, LOG, EULER, SUBTRACT	5.111e-09	0	2.0	8.3	True	
793	log10(13)	elementary	64	exact	8	x, ONE, NINE, PLUS, POWER	FOUR, NINE, PLUS	0.000e+00	3	2.0	64.0	True	Log[10, 13]
794	positive real root of 3*x^4 - x^3 - x^2 - 2, a constant related to quasi-isometric mappings	none	64	not found	10	SEVEN, x, SQR, POWER, SQR	SIX, SQRT, SEVEN, SUBTRACT, SQR	2.874e-09	0	2.0	8.5	True	
795	Landau-Kolmogorov constant C(5,2) for derivatives in the case L_infinity(infinity, infinity)	none	64	exact	10	THREE, FIVE, x, POWER, DIVIDE	THREE, SIX, FIVE, DIVIDE, POWER	0.000e+00	4	2.0	63.5	True	
796	expected number of returns to the origin of a random walk on a 6-d lattice	none	64	not found	10	SEVEN, x, POWER, EIGHT, SUBTRACT	THREE, EULER, DIVIDE, SEVEN, POWER	2.527e-10	0	2.0	9.6	True	
797	Goh-Schmutz constant	special	64	not found	10	ONE, x, THREE, POWER, SUBTRACT	SIX, EULER, DIVIDE, SEVEN, POWER	3.141e-09	0	2.0	8.5	True	-Sum[(E^\[FormalK]*ExpIntegralEi[-\[FormalK]])/\[FormalK], {\[FormalK], 1, Infinity}]
798	Steinitz constant of the Euclidean plane	algebraic	64	exact	5	x	FOUR, FIVE, DIVIDE, SQRT	0.000e+00	101	0.0	63.6	True	Sqrt[5]/2
799	Landau-Kolmogorov constant C(5,3) for derivatives in the case L_infinity(infinity, infinity)	none	64	exact	10	FIVE, x, POWER, TWO, TIMES	EIGHT, INV, TWO, SUBTRACT, SQR	0.000e+00	3	2.0	63.9	True	
800	1/Gamma(4/3)	special	64	not found	10	x, EXP, FIVE, SQRT, SUBTRACT	PI, SQR, LOG, INV, LOG	2.575e-09	0	2.0	8.6	True	1/Gamma[4/3]
801	2*exp(-gamma)	special	64	not found	10	NINE, x, POWER, THREE, POWER	THREE, SEVEN, TIMES, GOLDENRATIO, PLUS	3.011e-09	1	2.0	8.5	True	2*Exp[-EulerGamma]
802	zeta(7/2)	special	64	not found	10	TWO, LOG, x, EXP, SUBTRACT	FIVE, PI, POWER, LOG, SQRT	2.848e-09	0	2.2	8.5	True	Zeta[7/2]
803	2/sqrt(pi)	elementary	64	exact	5	x	PI, FOUR, DIVIDE, SQRT	0.000e+00	61	0.0	63.4	True	2/Sqrt[Pi]
805	a coefficient associated with the asymptotics of the average distance between a vertex and the root of a random rooted t	none	64	not found	10	x, LOG, SQR, SEVEN, TIMES	GOLDENRATIO, TWO, POWER, LOG, LOG	1.827e-10	0	2.0	9.7	True	
806	digital search tree β constant	special	64	not found	10	x, EULER, NINE, SUBTRACT, DIVIDE	NINE, SEVEN, DIVIDE, NINE, POWER	3.331e-09	0	2.0	8.5	True	-1 + (Log[2]*QPolyGamma[0, 1, 1/2] + QPolyGamma[1, 1, 1/2])/Log[2]^2
807	extreme value skewness	special	64	not found	10	THREE, x, POWER, SIX, POWER	EULER, PI, SUBTRACT, SIX, DIVIDE	1.421e-08	0	2.0	nan	False	12*Sqrt[6]*Zeta[3]/Pi^3
808	a function approximation constant which is the analog of Gibbs's constant 2*G/Pi (A036793) for de la Vallée-Poussin sums	none	64	not found	9	PI, x, SQRT, POWER	FOUR, NINE, DIVIDE, LOG, INV	6.591e-09	0	2.0	8.2	True	
809	ln(pi)	elementary	64	exact	3	x	PI, LOG	0.000e+00	2	0.0	63.4	True	Log[Pi]
810	1/sqrt(tanh(1))	elementary	64	not found	10	x, TWO, DIVIDE, PI, DIVIDE	FIVE, INV, EXP, GOLDENRATIO, POWER	1.064e-08	0	2.0	nan	False	1/Sqrt[Tanh[1]]
811	Goldbach-Vinogradov constant	special	64	not found	9	x, NINE, LOG, POWER	EULER, SQRT, THREE, SQRT, POWER	3.630e-09	0	2.1	8.4	True	Product[1 + (-1 + Prime[\[FormalK]])^(-3), {\[FormalK], 1, Infinity}]/2
812	Pi^2/(16*K^2*G) = Product_{p prime congruent to 3 modulo 4} (1 + 1/p^2), where K is the Landau-Ramanujan constant and G 	none	64	not found	10	x, EULER, DIVIDE, SQR, EXP	FOUR, SQR, SQR, PI, PLUS	1.156e-08	1	2.0	nan	False	
813	Second Hermite constant	algebraic	64	exact	5	x	THREE, FOUR, DIVIDE, SQRT	0.000e+00	103	0.0	64.0	True	2/Sqrt[3]
814	expected number of returns to the origin of a random walk on a 5-d lattice	none	64	not found	10	x, ONE, PLUS, x, POWER	EIGHT, SQRT, PI, SUBTRACT, EXP	5.909e-09	0	2.0	8.2	True	
815	cubic recurrence constant	special	64	not found	10	GOLDENRATIO, SEVEN, POWER, x, POWER	GOLDENRATIO, NINE, SUBTRACT, FOUR, TIMES	1.853e-09	0	2.0	8.7	True	Product[\[FormalK]^3^(-\[FormalK]), {\[FormalK], 1, Infinity}]
816	'xiHat', a constant used in the asymptotic evaluation of e.g.f. coefficients for the number of labeled mobiles	none	64	not found	10	x, INV, SQR, FIVE, POWER	EULER, INV, SQRT, EULER, PLUS	2.069e-08	0	2.0	nan	False	
817	grazing goat constant	special	64	not found	10	x, EXP, EXP, x, TIMES	EULER, SEVEN, TIMES, NINE, PLUS	2.676e-09	0	2.0	8.6	True	Root[{Pi - 2*ArcCos[1 - #1^2/2] - 2*ArcCos[#1/2]*#1^2 + #1*Sqrt[4 - #1^2] & , 1.158728473018121517828233509934`30.063981678858028}]
818	Given the two curves y = exp(-x) and y = 2/(exp(x) + exp(x/2)), draw a line tangent to both. This sequence is the decima	none	64	not found	10	x, NINE, x, TIMES, POWER	PI, GOLDENRATIO, TIMES, THREE, TIMES	2.963e-09	0	2.0	8.5	True	
819	expectation of the maximum of a size 5 sample from a normal (0,1) distribution	special	64	not found	10	x, FIVE, TIMES, SEVEN, SUBTRACT	EIGHT, EULER, DIVIDE, EXP, SQRT	1.005e-08	0	2.0	nan	False	5/Sqrt[Pi] - 15*ArcCsc[Sqrt[3]]/Pi^(3/2)
820	'c', an optimal stopping constant associated with the two choice case	none	64	not found	10	x, SEVEN, POWER, LOG, SQR	GOLDENRATIO, INV, EXP, SEVEN, SUBTRACT	3.144e-09	0	2.0	8.5	True	
821	spanning tree constant of the square lattice	special	64	not found	10	x, FOUR, PLUS, EIGHT, DIVIDE	TWO, NINE, PLUS, LOG, SQRT	4.148e-09	0	2.0	8.4	True	4*Catalan/Pi
822	(5 + 3*sqrt(5))/10	algebraic	64	exact	6	x	FIVE, SQRT, GOLDENRATIO, SQR, DIVIDE	0.000e+00	223	0.1	63.5	True	(5 + 3 Sqrt[5])/10
823	sinh one	elementary	64	exact	7	x, TWO, TIMES	EULER, INV, EULER, SUBTRACT	0.000e+00	45	2.0	64.0	True	Sinh[1]
824	Salem constant	algebraic	64	not found	10	x, SEVEN, DIVIDE, SIX, DIVIDE	SEVEN, EXP, NINE, DIVIDE, EXP	5.510e-09	0	2.0	8.3	True	Root[1 + #1 - #1^3 - #1^4 - #1^5 - #1^6 - #1^7 + #1^9 + #1^10 & , 2, 0]
825	root ln four	elementary	64	exact	4	x	FOUR, LOG, SQRT	0.000e+00	11	0.0	63.4	True	Sqrt[Log[4]]
826	Gibbs constant	special	64	not found	10	FIVE, x, POWER, PI, DIVIDE	GOLDENRATIO, TWO, PLUS, SQRT, SQRT	3.041e-09	0	2.0	8.5	True	(2*SinIntegral[Pi])/Pi
827	Lévy's constant	elementary	64	exact	8	x, FOUR, TIMES	EIGHT, LOG, PI, SQR, DIVIDE	0.000e+00	210	2.0	63.5	True	Pi^2/(12*Log[2])
828	Foias constant	none	64	not found	10	x, SIX, PLUS, x, TIMES	PI, GOLDENRATIO, POWER, FOUR, PLUS	3.198e-09	0	2.0	8.5	True	
829	2^(1/4)	algebraic	64	exact	4	x	TWO, SQRT, SQRT	0.000e+00	12	0.0	63.6	True	2^(1/4)
830	theta_2, one of the angles associated with the bow-and-arrow configuration used in the 2-arc smallest length problem	none	64	not found	10	x, SQRT, EXP, x, POWER	EIGHT, NINE, PLUS, LOG, SQRT	7.185e-09	0	2.0	8.1	True	
831	arithmetic-geometric mean constant	special	64	not found	10	PI, x, THREE, POWER, SUBTRACT	PI, EXP, EIGHT, DIVIDE, SQRT	8.447e-09	1	2.0	8.1	True	(2*Pi^(3/2)*Sqrt[2])/Gamma[1/4]^2
832	real fixed point of coth(z)	special	64	not found	10	EULER, NINE, x, POWER, SUBTRACT	NINE, EULER, THREE, DIVIDE, POWER	1.231e-08	0	2.0	nan	False	Root[{-Coth[#1] + #1 & , 1.199678640257733833916369848641`30.079064926502777}]
833	lim_{n->infinity} ((1/log(n)^2)*Product_{2 < p < n, p prime} p/(p-2))	none	64	not found	10	x, SQR, LOG, GOLDENRATIO, DIVIDE	GOLDENRATIO, INV, EULER, SUBTRACT, SQR	4.841e-09	0	2.0	8.3	True	
834	sqrt(e^(1/e)) = 1.20194336847031	elementary	64	exact	5	x	EULER, INV, EXP, SQRT	0.000e+00	42	0.0	63.9	True	E^(E^-1/2)
835	Apéry's constant	special	64	not found	10	SEVEN, x, FIVE, TIMES, SUBTRACT	GOLDENRATIO, FIVE, PI, DIVIDE, SUBTRACT	4.354e-09	0	2.0	8.4	True	Zeta[3]
836	growth constant in random Fibonacci sequence	algebraic	64	not found	10	x, SQR, SQR, THREE, POWER	TWO, FIVE, EXP, SQRT, SUBTRACT	1.219e-08	0	2.0	nan	False	Root[#1^3 + #1^2 - #1 - 2 &, 1]
837	sqrt(A224273)	special	64	not found	10	FIVE, x, SEVEN, TIMES, SUBTRACT	PI, EULER, DIVIDE, FOUR, TIMES	6.127e-10	0	2.0	9.2	True	Sqrt[3] Gamma[1/3]^(3/2)/(2 Pi)
838	2/sqrt(e), a constant appearing in the expression of the asymptotic expected volume V(d) of the convex hull of randomly 	elementary	64	exact	5	x	EULER, FOUR, DIVIDE, SQRT	0.000e+00	60	0.0	63.4	True	2/Sqrt[E]
839	12/Pi^2	elementary	64	exact	7	SIX, x, DIVIDE	PI, SQR, TWO, DIVIDE	0.000e+00	571	2.0	63.7	True	12/Pi^2
840	positive real root of x^4 - x - 1	algebraic	64	exact	6	x, FOUR, x, POWER, SUBTRACT	ONE	0.000e+00	36	2.0	64.0	True	Root[#1^4 - #1 - 1 &, 2]
841	Mertens constant C(5,1)	none	64	not found	10	x, SQR, SEVEN, SQR, POWER	THREE, SEVEN, POWER, GOLDENRATIO, PLUS	8.374e-09	0	2.0	8.1	True	
842	Gamma(3/4)	special	64	not found	10	x, TWO, POWER, FOUR, SUBTRACT	SEVEN, GOLDENRATIO, DIVIDE, NINE, POWER	4.671e-09	0	2.0	8.3	True	Gamma[3/4]
843	Fibonacci factorial constant	special	64	not found	10	TWO, FIVE, x, POWER, SUBTRACT	PI, TWO, POWER, LOG, LOG	1.490e-08	0	2.0	nan	False	QPochhammer[-GoldenRatio^(-2)]
844	log10(17)	elementary	64	exact	8	x, ONE, NINE, PLUS, POWER	EIGHT, NINE, PLUS	0.000e+00	1	2.0	63.6	True	Log[10, 17]
845	Second Favard constant	elementary	64	exact	5	x	EIGHT, PI, SQR, DIVIDE	0.000e+00	47	0.0	64.0	True	Pi^2/8
846	Feller β coin-tossing constant	algebraic	64	not found	10	x, SQR, NINE, POWER, LOG	PI, LOG, SQRT, PI, TIMES	1.638e-12	0	2.0	11.8	True	(2 + 4*(17 + 3*Sqrt[33])^(1/3) - (17 + 3*Sqrt[33])^(2/3))/(6 + 9*(17 + 3*Sqrt[33])^(1/3) - 3*(17 + 3*Sqrt[33])^(2/3))
847	expected number of returns to the origin of a random walk on a 4-d lattice	none	64	not found	10	EULER, x, SQR, POWER, EXP	EULER, THREE, SUBTRACT, SEVEN, DIVIDE	1.095e-08	0	2.0	nan	False	
848	Bertrand's constant	none	46	not found	10	EIGHT, INV, x, SQR, SUBTRACT	PI, SQRT, SIX, SUBTRACT, LOG	2.898e-09	0	2.0	8.5	True	
849	root half pi	elementary	64	exact	5	x, SQR	TWO, PI, DIVIDE	0.000e+00	45	0.0	63.9	True	Sqrt[Pi/2]
850	Khinchin-Lévy sum constant	special	64	not found	10	SIX, x, TWO, DIVIDE, POWER	FOUR, SQR, SIX, INV, PLUS	6.273e-09	0	2.0	8.2	True	Sum[Log[1 + \[FormalK]]/(\[FormalK]*(1 + \[FormalK])), {\[FormalK], 1, Infinity}]
851	Cube root of 2	algebraic	64	exact	4	THREE, x, POWER	TWO	0.000e+00	72	0.0	63.9	True	2^(1/3)
852	limiting length appearing in the asymptotic probability involved in the "stick breaking" problem	none	64	exact	6	x, SQR, LOG, x, DIVIDE	EULER	0.000e+00	65	2.0	64.0	True	
853	c*sqrt(e/2), a constant associated with Dawson's integral and the asymptotic evaluation of the ideal hyperbolic n-cube v	none	64	not found	10	x, THREE, POWER, FOUR, DIVIDE	NINE, EXP, THREE, DIVIDE, EXP	2.691e-10	0	2.0	9.6	True	
854	fractal dimension of Koch snowflake	elementary	64	exact	4	x, THREE, POWER	FOUR	0.000e+00	25	0.0	63.6	True	Log[4]/Log[3]
855	Vardi constant	special	64	not found	10	NINE, x, SQRT, POWER, EXP	PI, ONE, PLUS, TWO, POWER	7.000e-10	0	2.1	9.2	True	ConditionalExpression[Extension`VardiConstant == (Exp[Sum[2^(-1 - \[FormalK])*Log[1 + (-1 + 2*Subscript[\[FormalA], \[FormalK]])^(-2)], {\[FormalK], 1, Infinity}]]*Sqrt[6])/2, Subscript[\[FormalA], 0] == 2 && Subscript[\[FormalA], \[FormalN]] == 1 - Subscript[\[FormalA], -1 + \[FormalN]] + Subscript[\[FormalA], -1 + \[FormalN]]^2]
856	expectation of the maximum of a size 6 sample from a normal (0,1) distribution	none	64	not found	10	FIVE, x, POWER, LOG, SQR	FIVE, PI, LOG, SQRT, POWER	1.218e-09	0	2.0	8.9	True	
857	constant c_0 appearing in the asymptotic evaluation of the n-th Lebesgue constant (related to Fourier series) as L_n ~ (	none	64	not found	10	GOLDENRATIO, SQRT, x, SQR, SUBTRACT	GOLDENRATIO, PI, GOLDENRATIO, DIVIDE, POWER	7.631e-09	0	2.0	8.1	True	
858	Ramanujan-Forsyth series constant	elementary	64	exact	4	x	PI, FOUR, DIVIDE	0.000e+00	14	0.0	63.4	True	4/Pi
859	log10(19)	elementary	64	exact	9	x, ONE, NINE, PLUS, POWER	FOUR, SQR, THREE, PLUS	0.000e+00	1	2.0	63.6	True	Log[10, 19]
860	Glaisher-Kinkelin constant	special	64	not found	10	x, LOG, LOG, GOLDENRATIO, SUBTRACT	PI, LOG, GOLDENRATIO, POWER, SQR	1.043e-08	0	2.0	nan	False	Glaisher
861	theta_1, one of the angles associated with the bow-and-arrow configuration used in the 2-arc smallest length problem	none	64	not found	10	EULER, x, POWER, FIVE, SUBTRACT	SIX, FOUR, EXP, DIVIDE, SQRT	1.889e-09	0	2.0	8.7	True	
862	ln(Gamma(1/4))	special	64	not found	10	FIVE, x, POWER, FIVE, SUBTRACT	THREE, EXP, SQRT, SQRT, SQRT	7.130e-10	0	2.0	9.1	True	LogGamma[1/4]
863	integral of the q-Pochhammer symbol over -1..1	elementary	64	not found	10	NINE, x, EIGHT, POWER, DIVIDE	PI, LOG, THREE, DIVIDE, SQRT	5.686e-09	0	2.0	8.2	True	4*Sqrt[3/23]*Pi*(2*Sinh[Sqrt[23]*Pi/6] + Sqrt[2]*Sinh[Sqrt[23]*Pi/4])/(2*Cosh[Sqrt[23]*Pi/3] - 1)
864	second Bernoulli sophomore dream constant	special	64	not found	10	x, EXP, TWO, SQRT, PLUS	PI, FIVE, SUBTRACT, EULER, TIMES	9.248e-09	0	2.0	8.0	True	Sum[\[FormalK]^(-\[FormalK]), {\[FormalK], 1, Infinity}]
865	(4/sqrt(Pi))*exp(-gamma/2)*K where K is the Landau-Ramanujan constant and gamma the Euler-Mascheroni constant	none	64	not found	10	PI, x, SEVEN, POWER, SUBTRACT	FIVE, INV, EXP, EIGHT, PLUS	2.038e-09	0	2.0	8.7	True	
866	Salem number of degree 38 (Mossinghoff)	algebraic	64	not found	10	SEVEN, SQRT, EXP, x, POWER	SIX, EULER, FIVE, DIVIDE, POWER	6.145e-10	1	2.0	9.2	True	Root[#1^38 - #1^36 - #1^34 - #1^29 + #1^28 - #1^24 - #1^14 + #1^10 - #1^9 - #1^4 - #1^2 + 1 &, 4]
868	Mertens constant C(5,4)	none	64	not found	10	PI, x, FOUR, DIVIDE, POWER	SIX, LOG, SIX, SQR, SUBTRACT	5.192e-09	0	2.0	8.3	True	
871	Conway's constant	algebraic	64	not found	10	PI, SIX, x, POWER, SUBTRACT	GOLDENRATIO, GOLDENRATIO, EXP, DIVIDE, SQRT	5.272e-09	0	2.0	8.3	True	Root[-6 + 3*#1 - 6*#1^2 + 12*#1^3 - 4*#1^4 + 7*#1^5 - 7*#1^6 + #1^7 + 5*#1^9 - 2*#1^10 - 4*#1^11 - 12*#1^12 + 2*#1^13 + 7*#1^14 + 12*#1^15 - 7*#1^16 - 10*#1^17 - 4*#1^18 + 3*#1^19 + 9*#1^20 - 7*#1^21 - 8*#1^23 + 14*#1^24 - 3*#1^25 + 9*#1^26 + 2*#1^27 - 3*#1^28 - 10*#1^29 - 2*#1^30 - 6*#1^31 + #1^32 + 10*#1^33 - 3*#1^34 + #1^35 + 7*#1^36 - 7*#1^37 + 7*#1^38 - 12*#1^39 - 5*#1^40 + 8*#1^41 + 6*#1^42 + 10*#1^43 - 8*#1^44 - 8*#1^45 - 7*#1^46 - 3*#1^47 + 9*#1^48 + #1^49 + 6*#1^50 + 6*#1^51 - 2*#1^52 - 3*#1^53 - 10*#1^54 - 2*#1^55 + 3*#1^56 + 5*#1^57 + 2*#1^58 - #1^59 - #1^60 - #1^61 - #1^62 - #1^63 + #1^64 + 2*#1^65 + 2*#1^66 - #1^67 - 2*#1^68 - #1^69 + #1^71 & , 3, 0]
872	Mills' constant	special	64	not found	10	PI, x, SQR, LOG, POWER	FOUR, SQR, FIVE, SQRT, DIVIDE	9.223e-09	0	2.0	8.0	True	ConditionalExpression[Extension`MillsConstant == \[FormalX], ForAll[\[FormalN], Element[\[FormalN], Integers] && \[FormalN] > 0, Element[Floor[\[FormalX]^3^\[FormalN]], Primes]] && ForAll[Subscript[\[FormalX], 1], Subscript[\[FormalX], 1] < \[FormalX], Exists[\[FormalN], Element[\[FormalN], Integers] && \[FormalN] > 0, NotElement[Floor[Subscript[\[FormalX], 1]^3^\[FormalN]], Primes]]]]
873	first lemniscate constant	special	64	not found	10	GOLDENRATIO, x, POWER, GOLDENRATIO, POWER	SEVEN, SQR, LOG, SIX, SUBTRACT	5.717e-09	0	2.0	8.2	True	Gamma[1/4]^2/(4*Sqrt[2*Pi])
874	Khinchin mean K_{-3}	none	64	not found	10	EULER, x, POWER, FOUR, SUBTRACT	GOLDENRATIO, INV, EIGHT, POWER, SQRT	2.099e-09	0	2.0	8.7	True	
875	3^(1/4)	algebraic	64	exact	4	x	THREE, SQRT, SQRT	0.000e+00	13	0.0	63.5	True	3^(1/4)
876	extended twin prime conjecture constant	special	64	not found	10	x, SQR, TWO, DIVIDE, SQR	SIX, EULER, SQRT, DIVIDE, EXP	1.141e-08	0	2.1	nan	False	2*Product[1 - (-1 + Prime[\[FormalK]])^(-2), {\[FormalK], 2, Infinity}]
877	Plastic ratio	algebraic	64	exact	6	x, INV, x, SQR, SUBTRACT	ONE	0.000e+00	18	2.0	63.6	True	(27/2 - (3*Sqrt[69])/2)^(1/3)/3 + ((9 + Sqrt[69])/2)^(1/3)/3^(2/3)
878	pi^(1/4)	elementary	64	exact	4	x	PI, SQRT, SQRT	0.000e+00	12	0.0	64.0	True	Pi^(1/4)
879	constant B3 (or B_3) related to the Mertens constant	none	64	not found	10	NINE, x, THREE, SUBTRACT, POWER	PI, GOLDENRATIO, SEVEN, DIVIDE, POWER	1.154e-08	0	2.0	nan	False	
880	imaginary part of the solution of z = log z	special	64	not found	10	x, LOG, x, SUBTRACT, INV	PI, SQRT, GOLDENRATIO, DIVIDE, SQRT	8.696e-09	1	2.0	8.1	True	Im[ProductLog[-1]]
881	monomer-dimer constant	special	64	not found	10	ONE, x, SQR, EXP, SUBTRACT	SEVEN, GOLDENRATIO, NINE, POWER, DIVIDE	5.491e-09	0	2.0	8.3	True	E^(Catalan/Pi)
882	totient product constant	special	64	not found	10	x, SQR, x, INV, SUBTRACT	THREE, EIGHT, DIVIDE, GOLDENRATIO, SUBTRACT	3.608e-09	0	2.0	8.4	True	Product[1 + 1/((-1 + Prime[\[FormalK]])*Prime[\[FormalK]]^2), {\[FormalK], 1, Infinity}]
883	zeta(5/2)	special	64	not found	10	x, THREE, POWER, FIVE, SUBTRACT	FIVE, SQRT, SQRT, LOG, SQRT	4.341e-09	0	2.0	8.4	True	Zeta[5/2]
884	entropy constant related to A063443	none	18	not found	10	x, x, GOLDENRATIO, SUBTRACT, POWER	EULER, SQRT, FOUR, PLUS, INV	5.013e-09	0	2.0	8.3	True	
885	'b', an auxiliary constant associated with the asymptotic probability of success in the full information version of the 	none	64	not found	10	EIGHT, x, EXP, EXP, DIVIDE	EULER, PI, SIX, DIVIDE, POWER	3.817e-09	1	2.0	8.4	True	
886	Davis constant	special	64	not found	10	x, EXP, EXP, x, TIMES	GOLDENRATIO, GOLDENRATIO, EIGHT, TIMES, POWER	2.594e-08	0	2.0	nan	False	Pi^2/(8*Catalan)
887	'xi', a constant related to the second order quadratic recurrence q(0)=q(1)=1, q(n)=q(n-2)*(q(n-1)+1)	none	64	not found	10	x, SQRT, GOLDENRATIO, SQRT, SUBTRACT	THREE, LOG, EIGHT, PLUS, INV	9.874e-09	0	2.0	8.0	True	
888	mean number of iterations in comparing two numbers via their continued fractions	none	64	not found	10	PI, x, DIVIDE, ONE, SUBTRACT	PI, EULER, PLUS, LOG, LOG	3.480e-09	0	2.0	8.5	True	
889	expectation of the maximum of a size 7 sample from a normal (0,1) distribution	none	64	not found	10	x, x, SQR, SQR, SUBTRACT	SIX, SQRT, GOLDENRATIO, TIMES, SQRT	2.925e-09	0	2.0	8.5	True	
890	'c', an asymptotic constant related to a variation of the "Secretary problem" with a uniform distribution	none	64	not found	10	x, LOG, x, SQRT, DIVIDE	SEVEN, INV, EXP, FIVE, SUBTRACT	4.115e-09	0	2.0	8.4	True	
891	Gamma(2/3)	special	64	not found	10	x, LOG, TWO, SUBTRACT, INV	NINE, LOG, FOUR, SUBTRACT, LOG	1.167e-09	0	2.0	8.9	True	Gamma[2/3]
892	golden spiral constant	elementary	64	exact	5	PI, x, POWER	GOLDENRATIO, SQR	0.000e+00	24	0.0	63.7	True	GoldenRatio^(2/Pi)
893	Pippenger product constant	elementary	64	exact	4	x	TWO, EULER, DIVIDE	0.000e+00	16	0.0	64.0	True	E/2
894	log10(23)	elementary	64	exact	9	x, ONE, NINE, PLUS, POWER	FOUR, SQR, SEVEN, PLUS	0.000e+00	1	2.0	63.5	True	Log[10, 23]
895	log e^π	elementary	64	exact	7	x, PI, DIVIDE, EXP	ONE, NINE, PLUS	0.000e+00	55	2.0	64.0	True	Log10[E^Pi]
896	Shallit constant	special	64	not found	10	x, EXP, PI, SUBTRACT, SQR	FIVE, LOG, FIVE, SQRT, SUBTRACT	5.366e-09	0	2.0	8.3	True	ConditionalExpression[Extension`ShallitConstant == Limit[3*\[FormalN] - Min[Sum[Subscript[\[FormalX], \[FormalK]], {\[FormalK], 1, \[FormalN]}] + Sum[Product[Subscript[\[FormalX], \[FormalJ]]^(-1), {\[FormalJ], \[FormalI], \[FormalK]}], {\[FormalK], 1, \[FormalN]}, {\[FormalI], 1, \[FormalK]}]], \[FormalN] -> Infinity], Element[Subscript[\[FormalX], \[FormalJ]], Reals] && Subscript[\[FormalX], \[FormalJ]] > 0]
897	Hardy-Littlewood conjecture constant	special	64	not found	10	x, NINE, LOG, SQRT, SUBTRACT	TWO, EULER, SUBTRACT, LOG, SQR	7.571e-09	1	2.0	8.1	True	Inactive[Product][1 - (-1)^((-1 + Prime[\[FormalK]])/2)/(-1 + Prime[\[FormalK]]), {\[FormalK], 2, Infinity}]
898	sum of 1/(p-1)^2 over all primes p	none	64	not found	10	x, x, SQR, EXP, DIVIDE	GOLDENRATIO, INV, SQRT, EXP, SQR	5.264e-09	0	2.0	8.3	True	
899	Kneser-Mahler β constant	special	64	not found	10	x, TWO, POWER, THREE, SUBTRACT	FIVE, PI, SUBTRACT, EXP, SQRT	1.006e-08	0	2.0	nan	False	Exp[(9 - PolyGamma[1, 2/3] + PolyGamma[1, 4/3])/(4*Pi*Sqrt[3])]
900	arccosh(8)/2 = ln((3 + sqrt 7)/sqrt 2)	elementary	64	exact	9	x, EXP, TWO, SQRT, TIMES	SEVEN, SQRT, THREE, PLUS	0.000e+00	10	2.0	63.7	True	ArcCosh[8]/2
901	ln(4)	elementary	64	exact	3	x	FOUR, LOG	0.000e+00	4	0.0	64.0	True	Log[4]
903	Gamma(1/4)^4/(4*Pi^3)	special	64	not found	10	EULER, x, SQR, SQR, SUBTRACT	EULER, THREE, PLUS, SIX, DIVIDE	2.156e-08	0	2.0	nan	False	Gamma[1/4]^4/(4*Pi^3)
904	hard hexagon entropy constant	algebraic	64	not found	10	SEVEN, x, GOLDENRATIO, DIVIDE, POWER	SEVEN, NINE, TIMES, SQRT, SQRT	5.712e-09	0	2.0	8.2	True	Root[-32751691810479015985152 + 97143135277377575190528*#1^4 - 73347491183630103871488*#1^6 - 71220809441400405884928*#1^8 + 107155448150443388043264*#1^10 - 72405670285649161617408*#1^12 + 2958015038376958230528*#1^14 + 7449488310131083100160*#1^16 + 797726698866658379776*#1^18 + 2505062311720673792*#1^20 + 2013290651222784*#1^22 + 25937424601*#1^24 &, 2]
905	e^(1/3)	elementary	64	exact	4	x	THREE, INV, EXP	0.000e+00	21	0.0	64.0	True	E^(1/3)
906	unique solution of the equation sum_(p prime)(1/p^x) = 1, a constant related to the asymptotic evaluation of the number 	none	64	not found	10	x, PI, SIX, TIMES, POWER	PI, EULER, TIMES, GOLDENRATIO, POWER	4.349e-09	0	2.0	8.4	True	
907	Myrberg point	none	64	not found	10	PI, SQRT, x, SQR, SUBTRACT	EULER, FIVE, EULER, DIVIDE, POWER	1.006e-08	0	2.0	nan	False	
908	L = Integral_{t=0..1} 1/(1-2t^2/3) dt, an auxiliary constant associated with one of the integral inequalities studied by	elementary	64	not found	10	x, EULER, EIGHT, DIVIDE, SUBTRACT	TWO, SQRT, EIGHT, INV, PLUS	1.313e-09	0	2.0	8.9	True	Sqrt[3/2]*ArcTanh[Sqrt[2/3]]
909	complex Grothendieck constant upper bound	special	64	not found	9	x, PI, x, PLUS, POWER	EULER, SQR, ONE, PLUS	3.553e-09	0	2.0	8.4	True	(-EllipticE[-1] + 2*EllipticK[-1])^(-1)
910	1 + 1/(1*3) + 1/(1*3*5) + 1/(1*3*5*7) + 	special	64	not found	10	FIVE, x, SIX, DIVIDE, POWER	PI, SIX, POWER, FIVE, TIMES	3.293e-09	0	2.0	8.5	True	Sqrt[E*Pi/2] * Erf[1/Sqrt[2]]
911	Pythagoras constant	algebraic	64	exact	3	x	TWO, SQRT	0.000e+00	3	0.0	64.0	True	Sqrt[2]
912	inverse of carefree constant	special	64	not found	10	x, SEVEN, PLUS, NINE, DIVIDE	THREE, FIVE, TIMES, INV, EXP	1.072e-08	0	2.0	nan	False	Product[1 + (-1 + Prime[\[FormalK]] + Prime[\[FormalK]]^2)^(-1), {\[FormalK], 1, Infinity}]
913	Sum_{m >= 0, m not a binary self number} 2^(-m)	none	64	not found	10	PI, x, POWER, SIX, DIVIDE	SEVEN, LOG, TWO, PLUS, SQRT	3.562e-09	0	2.0	8.4	True	
914	expectation of the maximum of a size 8 sample from a normal (0,1) distribution	none	64	not found	10	THREE, x, THREE, TIMES, SUBTRACT	PI, FOUR, DIVIDE, GOLDENRATIO, DIVIDE	1.157e-09	0	2.0	8.9	True	
915	'eta', a constant related to the second order quadratic recurrence q(0)=q(1)=1, q(n)=q(n-2)*(q(n-1)+1)	none	64	not found	10	TWO, x, PI, POWER, DIVIDE	PI, SQRT, LOG, PI, SUBTRACT	8.350e-10	0	2.0	9.1	True	
916	exp(sqrt(Pi/24))	elementary	64	exact	7	x, SQR	SIX, PI, DIVIDE, SQRT, EXP	0.000e+00	133	2.0	63.7	True	Exp[Sqrt[Pi/24]]
917	first Lebesgue constant	elementary	64	not found	10	EULER, SQRT, EXP, x, POWER	SIX, SQRT, SQRT, FIVE, PLUS	9.905e-10	0	2.0	9.0	True	1/3 + (2*Sqrt[3])/Pi
918	Cube root of 3	algebraic	64	exact	4	THREE, x, POWER	THREE	0.000e+00	74	0.0	63.5	True	3^(1/3)
919	log2(e)	elementary	64	exact	4	x	TWO, LOG, INV	0.000e+00	16	0.0	64.0	True	1/Log[2]
920	Steiner number	elementary	64	exact	4	x	EULER, INV, EXP	0.000e+00	9	0.0	63.7	True	E^E^(-1)
921	Khinchin mean K_{-2}	none	64	not found	10	x, SQR, GOLDENRATIO, SQR, SUBTRACT	GOLDENRATIO, TWO, LOG, SQRT, DIVIDE	3.016e-08	0	2.0	nan	False	
922	Soldner constant	special	64	not found	10	x, SIX, TIMES, NINE, SUBTRACT	GOLDENRATIO, SQR, EXP, FOUR, DIVIDE	5.884e-09	0	2.0	8.2	True	Root[{LogIntegral[#1] & , 1.4513692348833810502839684858920274494930322836480158630931`30.}]
923	Backhouse's constant	special	64	not found	9	PI, TWO, PLUS, x, POWER	PI, NINE, POWER, LOG	2.398e-08	0	2.0	nan	False	ConditionalExpression[Extension`BackhouseConstant == Limit[Abs[Subscript[\[FormalQ], 1 + \[FormalN]]/Subscript[\[FormalQ], \[FormalN]]], \[FormalN] -> Infinity], Sum[\[FormalZ]^\[FormalK]*Subscript[\[FormalQ], \[FormalK]], {\[FormalK], 0, Infinity}] == (1 + Sum[\[FormalZ]^\[FormalK]*Prime[\[FormalK]], {\[FormalK], 1, Infinity}])^(-1)]
924	AGM(1, 2)	special	64	not found	10	x, NINE, POWER, x, PLUS	GOLDENRATIO, NINE, PLUS, SQRT, EXP	1.208e-08	0	2.0	nan	False	ArithmeticGeometricMean[1, 2]
926	1 - ln(1 - 1/e) (random mappings)	elementary	64	exact	7	x, TWO, SUBTRACT	ONE, EULER, SUBTRACT, LOG	0.000e+00	111	2.0	63.8	True	1 - Log[1 - 1/E]
927	zeta(1/2) (negated)	special	64	not found	10	EULER, x, SIX, POWER, SUBTRACT	GOLDENRATIO, NINE, SQR, LOG, POWER	7.179e-09	0	2.0	8.1	True	-(Zeta[1/2])
928	Baxter's four-coloring constant	special	64	not found	10	GOLDENRATIO, x, SQR, EXP, SUBTRACT	GOLDENRATIO, EXP, SIX, LOG, PLUS	1.668e-09	0	2.0	8.8	True	3 Gamma[1/3]^3/(4 Pi^2)
929	position of the positive minimum of the gamma function	special	64	not found	10	x, SQRT, PI, TIMES, EXP	GOLDENRATIO, PI, POWER, SEVEN, TIMES	1.598e-08	0	2.0	nan	False	Root[{PolyGamma[0, #1] & , 1.46163214496836234126265954233`29.164838085677864}]
930	log10(29)	elementary	64	exact	9	x, ONE, NINE, PLUS, POWER	FIVE, SQR, FOUR, PLUS	0.000e+00	1	2.1	63.6	True	Log[10, 29]
931	cbrt pi	elementary	64	exact	4	THREE, x, POWER	PI	1.516e-16	55	0.0	64.0	True	Pi^(1/3)
932	Supergolden ratio	algebraic	64	exact	6	x, INV, SQR, x, SUBTRACT	ONE	0.000e+00	26	2.0	63.8	True	(1 + (29/2 - (3*Sqrt[93])/2)^(1/3) + ((29 + 3*Sqrt[93])/2)^(1/3))/3
933	Porter's constant	special	64	not found	10	x, FIVE, x, POWER, SUBTRACT	THREE, LOG, SQR, FOUR, POWER	1.439e-08	0	2.0	nan	False	-1/2 + (6*Log[2]*(-2 + 4*EulerGamma + 3*Log[2] - (24*Derivative[1][Zeta][2])/Pi^2))/Pi^2
934	Product_{p prime} (1+1/p)^(1/p), an infinite product considered and computed by Marc Deléglise	none	64	not found	10	x, PI, SQRT, SQR, SUBTRACT	PI, LOG, SQRT, GOLDENRATIO, POWER	1.511e-09	0	2.0	8.8	True	
935	variance of the degree (valency) of the root of a random rooted tree with n vertices	none	64	not found	10	FOUR, x, EXP, SUBTRACT, INV	EULER, THREE, DIVIDE, GOLDENRATIO, PLUS	1.669e-08	0	2.0	nan	False	
936	constant C such that Sum_{k>=1} 1/C^p(k) = 1 where p(k) is the k-th prime	none	64	not found	10	FOUR, x, PI, POWER, SUBTRACT	PI, SIX, SUBTRACT, INV, EXP	7.087e-09	0	2.0	8.1	True	
937	Landau-Kolmogorov constant C(4,3) for derivatives in the case L_infinity(infinity, infinity)	none	64	exact	7	x, SQR	FIVE, INV, FIVE, SUBTRACT, SQRT	0.000e+00	308	2.1	63.9	True	
938	coefficient c_md in c_md*log(N)^(1/rho), the asymptotic mean number of distinct factors in a random factorization of n <	none	64	not found	10	x, LOG, x, EXP, SUBTRACT	NINE, EIGHT, DIVIDE, PI, PLUS	1.941e-08	0	2.0	nan	False	
939	Bateman-Grosswald constant zeta(2/3)/zeta(2), a constant (negated) arising in the asymptotic evaluation of the number of	special	64	not found	10	EIGHT, x, SQR, LOG, POWER	PI, TWO, SUBTRACT, FIVE, POWER	4.241e-09	0	2.0	8.4	True	-(Zeta[2/3] / Zeta[2])
940	smallest positive root of the function lambda(x) = Sum_{n>=0} (-1)^n*x^n/(2^(n*(n-1)/2)*n!)	none	64	not found	10	TWO, x, SUBTRACT, x, TIMES	TWO, PI, GOLDENRATIO, SUBTRACT, DIVIDE	6.232e-10	0	2.0	9.2	True	
941	log10(31)	elementary	64	exact	9	x, ONE, NINE, PLUS, POWER	FIVE, SQR, SIX, PLUS	0.000e+00	1	2.0	64.0	True	Log[10, 31]
942	Landau-Kolmogorov constant C(5,4) for derivatives in the case L_infinity(-infinity, infinity)	none	64	exact	7	FIVE, x, POWER	TWO, INV, SEVEN, PLUS	0.000e+00	115	2.0	63.5	True	
943	lim_{n -> infinity} A001699(n)^(1/2^n)	none	64	not found	10	x, THREE, POWER, EIGHT, SUBTRACT	THREE, SQRT, FIVE, POWER, LOG	4.665e-09	0	2.0	8.3	True	
944	hard square entropy constant	none	44	not found	10	x, LOG, EIGHT, DIVIDE, SQRT	NINE, SQR, THREE, PLUS, LOG	7.104e-09	0	2.0	8.1	True	
945	Greenfield-Nussbaum constant	none	64	not found	10	x, SQR, SQR, EULER, SUBTRACT	GOLDENRATIO, SQR, SIX, INV, SUBTRACT	6.770e-09	0	2.0	8.2	True	
946	Selberg-Delange constant Product_{prime p > 2} (1 + 1/(p(p-2)))	none	64	not found	10	TWO, x, SQR, DIVIDE, SQR	SIX, EULER, SQRT, DIVIDE, EXP	1.141e-08	1	2.0	nan	False	
947	value of Watson's integral	special	64	not found	10	x, TWO, POWER, THREE, SUBTRACT	EULER, GOLDENRATIO, SUBTRACT, SIX, POWER	4.266e-10	0	2.1	9.4	True	Sqrt[6]/32/Pi^3*Gamma[1/24]*Gamma[5/24]*Gamma[7/24]*Gamma[11/24]
948	(Glaisher^12/(2^(4/3) * Pi * e^EulerGamma))^(Pi^2/8)	special	64	not found	10	x, SEVEN, LOG, SQRT, DIVIDE	FIVE, NINE, DIVIDE, EULER, SUBTRACT	1.160e-11	0	2.0	10.9	True	(Glaisher^12/(2^(4/3)Pi E^EulerGamma))^(Pi^2/8)
949	Bateman-Stemmler constant	special	64	not found	10	x, PI, DIVIDE, EXP, SQRT	TWO, LOG, SEVEN, LOG, DIVIDE	6.962e-09	0	2.0	8.2	True	Product[(1 - (2 + KroneckerSymbol[-3, Prime[\[FormalK]]])/Prime[\[FormalK]])/(1 - Prime[\[FormalK]]^(-1))^2, {\[FormalK], 1, Infinity}]
950	equianharmonic Weierstrass elliptic ω_2 constant	special	64	not found	10	x, SQR, THREE, SUBTRACT, SQR	EULER, SIX, INV, EXP, DIVIDE	3.053e-09	0	2.0	8.5	True	Gamma[1/3]^3/(4*Pi)
951	exp(7*zeta(3)/(2*Pi^2))	special	64	not found	10	FIVE, x, EULER, SUBTRACT, POWER	EULER, TWO, DIVIDE, GOLDENRATIO, PLUS	7.617e-09	0	2.0	8.1	True	Exp[7*Zeta[3]/(2*Pi^2)]
952	Sum_{n>=1} 1/Fibonacci(2*n)	none	64	not found	10	FOUR, x, LOG, LOG, POWER	THREE, GOLDENRATIO, SUBTRACT, GOLDENRATIO, POWER	1.264e-09	0	2.0	8.9	True	
953	Lieb's square ice constant	algebraic	64	exact	7	x, EIGHT, DIVIDE	THREE, THREE, POWER, SQRT	0.000e+00	695	2.0	63.7	True	8/(3*Sqrt[3])
954	Madelung 2D hexagonal lattice constant	special	64	not found	10	NINE, x, SQR, EXP, SUBTRACT	EULER, NINE, TIMES, LOG, SQRT	1.699e-09	0	2.0	8.8	True	(-3 + Sqrt[3])*Zeta[1/2]*(Zeta[1/2, 1/6] + (1 - Sqrt[2])*Zeta[1/2, 1/3])
955	cosh one	elementary	64	exact	7	x, TWO, TIMES	EULER, INV, EULER, PLUS	0.000e+00	50	2.0	63.7	True	Cosh[1]
956	maximal width of a Reuleaux triangle avoiding all vertices of the integer square lattice	none	64	not found	10	FIVE, LOG, INV, x, SUBTRACT	FIVE, GOLDENRATIO, THREE, PLUS, DIVIDE	2.067e-08	0	2.0	nan	False	
957	Integral_{x=0..Pi/2} (x^2/sin(x)) dx	special	64	not found	10	x, GOLDENRATIO, POWER, x, POWER	PI, INV, EIGHT, SQRT, SUBTRACT	7.384e-10	0	2.0	9.1	True	2*Pi*Catalan - 7*Zeta[3]/2
958	D(1/2), where D(x) is the infinite product function defined in the formula section (or in the Finch reference)	none	64	not found	10	EULER, x, POWER, FOUR, POWER	TWO, SQRT, PI, PLUS, EXP	4.190e-09	0	2.0	8.4	True	
959	Calabi ratio	algebraic	64	not found	10	x, SEVEN, SQRT, DIVIDE, LOG	PI, SQRT, EXP, PI, DIVIDE	1.221e-08	0	2.0	nan	False	1/3 + 11/(3*2^(1/3)*(-23 + (3*I)*Sqrt[237])^(1/3)) + (-23 + (3*I)*Sqrt[237])^(1/3)/(3*2^(2/3))
960	sqrt(sqrt(2) + 1)	algebraic	64	exact	6	x	TWO, SQRT, ONE, PLUS, SQRT	0.000e+00	102	0.1	63.7	True	Sqrt[Sqrt[2] + 1]
961	c, a constant appearing in the asymptotic lower bound of the size of a restricted difference set	none	64	not found	10	x, SQR, EULER, DIVIDE, SQR	GOLDENRATIO, PI, NINE, DIVIDE, SUBTRACT	1.471e-08	0	2.0	nan	False	
962	triangular root of two	algebraic	64	exact	5	x, SQR, x, PLUS	FOUR	0.000e+00	7	0.1	63.5	True	(-1 + Sqrt[17])/2
963	log10(37)	elementary	64	exact	9	x, ONE, NINE, PLUS, POWER	SIX, SQR, ONE, PLUS	0.000e+00	2	2.0	63.9	True	Log[10, 37]
964	2*Sum_{k=1..50000} (-1)^(k-1)/(2k-1)	special	64	not found	10	x, FIVE, SEVEN, DIVIDE, SUBTRACT	SEVEN, PI, LOG, SUBTRACT, INV	8.175e-09	0	2.0	8.1	True	2*Sum[(-1)^(k - 1)/(2*k - 1), {k, 1, 50000}]
965	Favard constant	elementary	64	exact	4	x	TWO, PI, DIVIDE	0.000e+00	13	0.0	64.0	True	Pi/2
966	10^(1/5)	algebraic	64	exact	6	FIVE, x, POWER	ONE, NINE, PLUS	0.000e+00	18	0.1	63.7	True	10^(1/5)
967	Sierpiński triangle fractal dimension	elementary	64	exact	4	x, TWO, POWER	THREE	0.000e+00	40	0.0	63.5	True	Log[3]/Log[2]
968	Erdős–Borwein constant	special	64	not found	10	GOLDENRATIO, EULER, POWER, x, POWER	SEVEN, PI, EXP, DIVIDE, SQR	1.849e-08	0	2.0	nan	False	(Log[2] - QPolyGamma[0, 1, 1/2])/Log[2]
969	ln(5)	elementary	64	exact	3	x	FIVE, LOG	0.000e+00	3	0.0	63.5	True	Log[5]
970	exponential primorial constant	none	64	not found	9	THREE, x, POWER, GOLDENRATIO, POWER	GOLDENRATIO, LOG, SEVEN, PLUS	2.999e-10	0	2.0	9.5	True	
971	Cbrt[4π/3]	elementary	64	exact	8	THREE, x, POWER	PI, THREE, DIVIDE, FOUR, DIVIDE	0.000e+00	75	2.0	63.6	True	CubeRoot[4*Pi/3]
972	log10(41)	elementary	64	exact	9	x, ONE, NINE, PLUS, POWER	SIX, SQR, FIVE, PLUS	0.000e+00	2	2.0	64.0	True	Log[10, 41]
973	z_tri, a constant related to the enumeration of spanning trees on the triangular lattice (this is different from A242968	none	64	not found	10	EIGHT, SQRT, SQR, x, POWER	SEVEN, SQRT, SEVEN, SQR, SUBTRACT	1.235e-08	0	2.0	nan	False	
974	Madelung's constant M2	none	64	not found	10	FIVE, LOG, x, SQR, SUBTRACT	EIGHT, EXP, INV, FIVE, POWER	2.729e-09	0	2.0	8.6	True	
975	Golden ratio	algebraic	64	exact	2	x	GOLDENRATIO	0.000e+00	4	0.0	63.7	True	GoldenRatio
976	Odlyzko-Wilf constant	special	64	not found	10	x, SIX, DIVIDE, SEVEN, SUBTRACT	SIX, LOG, LOG, EULER, PLUS	7.927e-09	0	2.0	8.1	True	ConditionalExpression[Extension`OdlyzkoWilfConstant == Limit[(2/3)^\[FormalN]*\[FormalS][\[FormalN]], \[FormalN] -> Infinity], \[FormalS][0] == 0 && \[FormalS][\[FormalN]] == 1 + Floor[(3*\[FormalS][-1 + \[FormalN]])/2]]
977	Product_{n>=1} (2n/(2n+1))^((-1)^t(n)), where t(n) = A010060(n) is the Thue-Morse sequence	none	64	not found	9	PI, x, POWER, SEVEN, POWER	NINE, NINE, EXP, SUBTRACT	4.443e-09	0	2.0	8.4	True	
978	log10(43)	elementary	64	exact	9	x, ONE, NINE, PLUS, POWER	SIX, SQR, SEVEN, PLUS	0.000e+00	1	2.0	64.0	True	Log[10, 43]
979	Erdős-Cohen constant	special	64	not found	10	x, SQR, SIX, INV, PLUS	NINE, LOG, FIVE, LOG, POWER	3.203e-09	0	2.0	8.5	True	Sum[1/(Prime[\[FormalK]]*Log[Prime[\[FormalK]]]), {\[FormalK], 1, Infinity}]
980	2nd Lebesgue constant L2	elementary	64	not found	10	EULER, x, POWER, GOLDENRATIO, TIMES	SEVEN, GOLDENRATIO, DIVIDE, SIX, PLUS	7.506e-09	0	2.0	8.1	True	1/5 + Sqrt[25 - 2*Sqrt[5]]/Pi
981	Riemann ζ of 2	elementary	64	exact	5	x	SIX, PI, SQR, DIVIDE	0.000e+00	48	0.0	63.6	True	Pi^2/6
982	Product_{k>=0} (1+1/2^(2k))^(1/2)	special	64	not found	10	THREE, SQRT, x, POWER, SQR	SIX, LOG, INV, PI, DIVIDE	3.949e-08	0	2.0	nan	False	Sqrt[Product[1 + 1/2^(2*k), {k, 0, Infinity}]]
983	square root of e	elementary	64	exact	3	x	EULER, SQRT	0.000e+00	4	0.0	63.7	True	Sqrt[E]
984	minimum value of the function s(t) = (Pi + 2*sqrt(1 + t^2))/(1 + Pi/2 + t) for t > 0	elementary	64	not found	10	GOLDENRATIO, INV, x, SUBTRACT, SQR	FOUR, LOG, GOLDENRATIO, DIVIDE, SQRT	2.429e-09	0	2.0	8.6	True	2(Pi+Pi^2+Sqrt[8+Pi^3+4Pi(3+Sqrt[2+Pi])+Pi^2(7+2Sqrt[2+Pi])])/(4+Pi^2+Pi(4+Sqrt[2+Pi]))
985	Somos' quadratic recurrence constant	special	64	not found	10	SEVEN, LOG, SQR, x, POWER	PI, SQR, TWO, LOG, TIMES	7.559e-09	0	2.0	8.1	True	E^(-Derivative[1, 0][PolyLog][0, 1/2])
986	Hermite's constant gamma_6 = 2/3^(1/6)	algebraic	64	exact	6	SIX, x, TWO, DIVIDE, POWER	THREE	0.000e+00	294	2.0	63.6	True	2/3^(1/6)
987	log10(47)	elementary	64	exact	9	x, ONE, NINE, PLUS, POWER	TWO, SEVEN, SQR, SUBTRACT	0.000e+00	1	2.0	63.8	True	Log[10, 47]
988	a constant related to A000621 and A000624	none	64	not found	10	GOLDENRATIO, x, DIVIDE, EIGHT, POWER	EULER, SEVEN, TIMES, LOG, SQR	7.687e-09	0	2.0	8.1	True	
989	zeta(3/5) * zeta(4/5) * Product_{p prime} (1 - 1/p^(8/5) - 1/p^(9/5) - 1/p^2 + 1/p^(13/5) + 1/p^(14/5))	none	64	not found	10	x, SQR, INV, EXP, EXP	FOUR, EXP, NINE, PLUS, LOG	4.939e-09	0	2.0	8.3	True	
990	1 + log(2*Pi) - 2*gamma, where gamma is Euler's constant (A001620)	special	64	not found	10	x, FOUR, DIVIDE, SQR, INV	SEVEN, SQRT, THREE, PLUS, INV	6.460e-09	0	2.0	8.2	True	1 + Log[2*Pi] - 2*EulerGamma
991	maximal circumradius of a planar convex set containing no lattice point except for the origin where it has its circumcen	none	64	not found	10	PI, FOUR, DIVIDE, x, POWER	THREE, INV, FIVE, LOG, PLUS	1.084e-08	0	2.0	nan	False	
992	Sum_{k>=0} 1/A007018(k)	none	64	not found	10	x, PI, POWER, FOUR, SUBTRACT	SEVEN, GOLDENRATIO, DIVIDE, SQR, LOG	3.612e-08	0	2.0	nan	False	
993	Niven's constant	special	64	not found	10	x, FOUR, POWER, TWO, POWER	TWO, SQRT, EXP, SIX, POWER	1.028e-08	0	2.0	nan	False	1 + Sum[1 - Zeta[n]^(-1), {n, 2, Infinity}]
994	Pi^2/(12*log(phi))	elementary	64	exact	9	x, GOLDENRATIO, SQR, POWER	SIX, PI, SQR, DIVIDE, EXP	1.299e-16	42	2.0	63.6	True	Pi^2/(12*Log[GoldenRatio])
995	log10(53)	elementary	64	exact	9	x, ONE, NINE, PLUS, POWER	SEVEN, SQR, FOUR, PLUS	0.000e+00	1	2.0	63.9	True	Log[10, 53]
996	Kalmar ρ composition constant	special	64	not found	10	x, SIX, DIVIDE, FOUR, SUBTRACT	PI, TWO, DIVIDE, EXP, INV	1.059e-08	0	2.1	nan	False	Root[{-2 + Zeta[#1] & , 1.7286472389981836181351030103`29.237706376855613}]
997	Theodorus constant	algebraic	64	exact	3	x	THREE, SQRT	0.000e+00	4	0.0	63.6	True	Sqrt[3]
998	reciprocal of Euler γ	special	64	not found	10	FOUR, x, EIGHT, DIVIDE, SUBTRACT	SEVEN, EIGHT, LOG, SQR, DIVIDE	3.379e-09	0	2.0	8.5	True	EulerGamma^(-1)
999	1/A347901	none	64	not found	10	x, SQR, THREE, EXP, POWER	GOLDENRATIO, FIVE, EXP, DIVIDE, SQR	1.577e-09	0	2.1	8.8	True	
1000	sqrt(2*Pi)*log(2), a constant associated with asymptotic evaluation of random mapping statistics	elementary	64	exact	8	FOUR, LOG, x, DIVIDE, SQR	TWO, PI, DIVIDE	0.000e+00	107	2.0	64.0	True	Sqrt[2*Pi]*Log[2]
1001	value of a nonregular continued fraction giving tau/(3*tau-1), where tau is the Prouhet-Thue-Morse constant	none	64	not found	10	x, GOLDENRATIO, SUBTRACT, THREE, SUBTRACT	THREE, SQRT, EIGHT, PLUS, SQRT	1.087e-09	0	2.0	9.0	True	
1002	'tau' (named sigma_2 by C. Pomerance), a constant associated with the expected number of random elements to generate a f	none	64	not found	9	x, EULER, SUBTRACT, SQR	THREE, LOG, SQRT, TWO, SUBTRACT	8.599e-09	0	2.0	8.1	True	
1003	Khinchin harmonic mean	special	64	not found	10	NINE, x, PI, SUBTRACT, POWER	SIX, EXP, THREE, PLUS, SQRT	1.039e-08	0	2.0	nan	False	ConditionalExpression[Extension`KhinchinHarmonicMeanConstant == Limit[\[FormalN]/Sum[Subscript[\[FormalA], \[FormalK]]^(-1), {\[FormalK], 1, \[FormalN]}], \[FormalN] -> Infinity], Element[Subscript[\[FormalA], \[FormalK]], Integers] && Subscript[\[FormalA], \[FormalK]] > 0]
1004	Madelung constant (negated) for NaCl structure	special	64	not found	10	x, PI, GOLDENRATIO, PLUS, POWER	EULER, EXP, EIGHT, INV, PLUS	2.104e-09	0	2.0	8.7	True	12Pi*Sum[ Sech[Pi/2*Sqrt[(2j + 1)^2 + (2k + 1)^2]]^2, {j, 0, 40}, {k, 0, 40}]
1005	continued fraction expansion [1; 1/2, 1/3, 1/4, 1/5, 1/6, ...]	elementary	64	exact	6	x, TWO, DIVIDE	TWO, PI, SUBTRACT	0.000e+00	91	0.1	64.0	True	2/(Pi - 2)
1006	Feller coin-tossing constant	algebraic	64	exact	8	x, x, INV, SQRT, SUBTRACT	EULER, INV, LOG	0.000e+00	8	2.0	63.7	True	(2 + (25 - 3*Sqrt[69])^(1/3)/2^(1/3) + (25 + 3*Sqrt[69])^(1/3)/2^(1/3))/3
1007	nested radical constant	special	64	not found	10	SEVEN, LOG, x, POWER, EXP	NINE, SEVEN, GOLDENRATIO, POWER, SUBTRACT	1.924e-08	0	2.0	nan	False	Limit[Fold[Sqrt[#1 + #2] & , Sqrt[1 + \[FormalN]], Table[\[FormalI], {\[FormalI], \[FormalN], 1, -1}]], \[FormalN] -> Infinity]
1008	log 180/π	elementary	64	not found	10	x, GOLDENRATIO, FOUR, SUBTRACT, POWER	EULER, EXP, SIX, PLUS, SQRT	3.996e-09	0	2.0	8.4	True	Log10[180/Pi]
1009	Product_{n>1} (1+1/n)^(1/n)	none	64	not found	10	THREE, x, POWER, NINE, SUBTRACT	EIGHT, INV, EXP, PI, TIMES	1.609e-09	0	2.0	8.8	True	
1010	constant x such that x^x = e. Inverse of W(1), where W is Lambert's function	special	64	exact	4	x, x, POWER	EULER	0.000e+00	6	0.0	63.6	True	1/ProductLog[1]
1011	'b', an optimal stopping constant associated with the secretary problem when the objective is to maximize the hiree's ex	none	64	not found	10	SIX, x, ONE, SUBTRACT, POWER	THREE, SQRT, PI, PLUS, INV	1.424e-09	0	2.0	8.8	True	
1012	log10(59)	elementary	64	exact	9	x, ONE, NINE, PLUS, POWER	FIVE, EIGHT, SQR, SUBTRACT	0.000e+00	1	2.0	63.8	True	Log[10, 59]
1013	Sierpiński's S^ (Ŝ or "S hat" as named by S. Finch), a constant appearing in the asymptotics of the number of representa	none	64	not found	10	x, GOLDENRATIO, POWER, x, POWER	NINE, FOUR, EXP, SUBTRACT, LOG	1.907e-09	0	2.0	8.7	True	
1014	Carlson-Levin constant	elementary	64	exact	3	x	PI, SQRT	1.253e-16	3	0.0	64.0	True	Sqrt[Pi]
1015	angle in radians at the apex of the Calabi triangle	none	64	not found	10	x, EXP, SQRT, PI, POWER	FOUR, SQR, SEVEN, INV, PLUS	7.795e-09	0	2.0	8.1	True	
1016	10^(1/4)	algebraic	64	exact	6	x	ONE, NINE, PLUS, SQRT, SQRT	0.000e+00	75	0.1	63.9	True	10^(1/4)
1017	3rd Lebesgue constant L3	elementary	64	not found	10	x, EXP, INV, x, PLUS	SIX, LOG, TWO, PLUS, SQRT	3.618e-09	0	2.0	8.4	True	(3*Pi-14*Cos[Pi/14]+70*Cos[3*Pi/14]+154*Sin[Pi/7])/(21*Pi)
1018	exponential of Euler γ	special	64	not found	10	x, FOUR, DIVIDE, SQR, LOG	NINE, EXP, INV, GOLDENRATIO, PLUS	3.059e-09	1	2.0	8.5	True	E^EulerGamma
1019	conjectured upper bound on Grothendieck's constant	elementary	64	exact	8	x, PI, DIVIDE	EIGHT, SQRT, THREE, PLUS, LOG	0.000e+00	22	2.0	64.0	True	Pi/(2*Log[1 + Sqrt[2]])
1020	log10(61)	elementary	64	exact	9	x, ONE, NINE, PLUS, POWER	THREE, EIGHT, SQR, SUBTRACT	0.000e+00	1	2.0	63.7	True	Log[10, 61]
1021	Silverman constant	special	64	not found	10	x, NINE, LOG, SUBTRACT, INV	EULER, SQRT, SQRT, TWO, POWER	1.261e-09	0	2.0	8.9	True	Sum[1/(DivisorSigma[1, \[FormalK]]*EulerPhi[\[FormalK]]), {\[FormalK], 1, Infinity}]
1022	Komornik–Loreti constant	special	64	not found	10	FOUR, x, EXP, SUBTRACT, EXP	PI, INV, THREE, SUBTRACT, SQR	2.433e-09	0	2.0	8.6	True	Root[{Product[1 - 1/#1^2^\[FormalK], {\[FormalK], 0, Infinity}] - (2 - #1)/(#1 - 1) & , 1.7872316501829659330132`22.252180846784352}]
1023	2D dimer constant	special	64	not found	10	ONE, x, EULER, POWER, SUBTRACT	SEVEN, GOLDENRATIO, NINE, POWER, DIVIDE	1.098e-08	0	2.0	nan	False	E^((2*Catalan)/Pi)
1024	ln(6)	elementary	64	exact	3	x	SIX, LOG	0.000e+00	3	0.0	64.0	True	Log[6]
1026	Hermite's constant gamma_7 = 2^(6/7)	algebraic	64	exact	5	SEVEN, x, POWER	EIGHT, SQR	0.000e+00	35	0.0	63.9	True	2^(6/7)
1027	limit of a recursive sequence connected to the Plastic constant (A060006)	none	64	not found	10	x, SQR, EULER, TIMES, SQR	GOLDENRATIO, LOG, NINE, SQR, SUBTRACT	8.680e-09	0	2.0	8.1	True	
1028	sqrt((3+sqrt(13))/2), a constant related to the asymptotic evaluation of the number of self-avoiding rook paths joining 	algebraic	64	not found	10	x, SQR, LOG, GOLDENRATIO, SUBTRACT	GOLDENRATIO, NINE, PLUS, LOG, INV	2.923e-10	0	2.0	9.5	True	Sqrt[(3 + Sqrt[13])/2]
1029	Masser-Gramain constant conjectured value	special	64	not found	10	FIVE, x, x, POWER, DIVIDE	PI, GOLDENRATIO, DIVIDE, EXP, INV	1.316e-08	0	2.0	nan	False	1 + 2*EulerGamma + 2*Log[2] + 3*Log[Pi] - 4*Log[Gamma[1/4]]
1030	log10(67)	elementary	64	exact	9	x, ONE, NINE, PLUS, POWER	EIGHT, SQR, THREE, PLUS	0.000e+00	1	2.0	63.6	True	Log[10, 67]
1031	two times the Catalan constant	special	64	not found	10	SIX, x, THREE, SUBTRACT, POWER	EULER, PI, SUBTRACT, SIX, TIMES	1.383e-08	0	2.0	nan	False	2 Catalan
1032	ln(2 pi)	elementary	64	exact	5	x, EXP	PI, PI, PLUS	0.000e+00	28	0.0	64.0	True	Log[2*Pi]
1033	Tribonacci constant	algebraic	64	not found	10	x, SQR, FIVE, DIVIDE, SQR	EIGHT, SQRT, PI, TIMES, LOG	2.528e-09	0	2.0	8.6	True	(1 + (19 - 3*Sqrt[33])^(1/3) + (19 + 3*Sqrt[33])^(1/3))/3
1034	4th Madelung constant (negated)	special	64	not found	10	NINE, x, SQR, SQR, SUBTRACT	EULER, INV, EIGHT, LOG, PLUS	1.691e-09	0	2.0	8.8	True	8*(5 - 3*Sqrt[2])*Zeta[1/2]*Zeta[-1/2]
1035	Landau-Kolmogorov constant	algebraic	64	not found	10	x, GOLDENRATIO, TIMES, SIX, DIVIDE	EIGHT, PI, DIVIDE, GOLDENRATIO, PLUS	2.898e-09	0	2.0	8.5	True	Sqrt[3]/(2^(1/3)*(-1 + Sqrt[2])^(1/3))
1036	Connective constant	algebraic	64	exact	6	x	TWO, SQRT, TWO, PLUS, SQRT	0.000e+00	67	0.1	63.6	True	Sqrt[2 + Sqrt[2]]
1037	log10(71)	elementary	64	exact	9	x, ONE, NINE, PLUS, POWER	EIGHT, SQR, SEVEN, PLUS	0.000e+00	1	2.0	64.0	True	Log[10, 71]
1038	Integral_{x=0..Pi} (sin(x)/x) dx	special	64	not found	10	GOLDENRATIO, x, POWER, EULER, DIVIDE	THREE, SEVEN, POWER, INV, EXP	6.050e-09	0	2.0	8.2	True	SinIntegral[Pi]
1039	Gauss lemniscate constant	special	64	not found	9	x, GOLDENRATIO, x, TIMES, POWER	THREE, INV, EIGHT, SUBTRACT	2.206e-09	0	2.0	8.7	True	Gamma[1/4]^2/(4*Sqrt[Pi])
1040	spiral of Theodorus constant	special	64	not found	10	SIX, x, THREE, SUBTRACT, POWER	SIX, PI, DIVIDE, EULER, SUBTRACT	6.534e-09	0	2.2	8.2	True	Sum[1/((1 + \[FormalK])*Sqrt[\[FormalK]]), {\[FormalK], 1, Infinity}]
1041	log10(73)	elementary	64	exact	9	x, ONE, NINE, PLUS, POWER	EIGHT, SQR, NINE, PLUS	0.000e+00	1	2.0	63.6	True	Log[10, 73]
1042	expected reciprocal Euclidean distance between two random points in the unit cube	none	64	not found	10	FIVE, LOG, x, SQR, SUBTRACT	FIVE, LOG, THREE, SUBTRACT, SQR	8.385e-09	0	2.0	8.1	True	
1043	log10(79)	elementary	64	exact	9	x, ONE, NINE, PLUS, POWER	TWO, NINE, SQR, SUBTRACT	0.000e+00	2	2.0	63.8	True	Log[10, 79]
1045	Boyd constant	special	64	not found	10	NINE, x, LOG, POWER, INV	SEVEN, LOG, SEVEN, SQR, PLUS	1.013e-08	0	2.0	nan	False	Exp[(9 - PolyGamma[1, 2/3] + PolyGamma[1, 4/3])/(2*Pi*Sqrt[3])]
1046	M_5, the 5-dimensional analog of Madelung's constant (negated)	none	32	not found	9	THREE, LOG, x, EXP, DIVIDE	SEVEN, INV, SIX, PLUS	1.119e-08	0	2.0	nan	False	
1047	6/π	elementary	64	exact	4	x	PI, SIX, DIVIDE	0.000e+00	17	0.0	63.8	True	6/Pi
1048	tetrahedral bond angle	elementary	64	not found	10	THREE, x, POWER, EULER, TIMES	SEVEN, SQRT, SEVEN, SUBTRACT, SQR	5.396e-09	1	2.0	8.3	True	ArcCos[-1/3]
1049	log10(83)	elementary	64	exact	9	x, ONE, NINE, PLUS, POWER	NINE, SQR, TWO, PLUS	0.000e+00	1	2.0	63.6	True	Log[10, 83]
1050	tetranacci constant	algebraic	64	not found	10	x, GOLDENRATIO, POWER, PI, TIMES	EULER, EIGHT, DIVIDE, FIVE, PLUS	9.375e-09	0	2.0	8.0	True	Root[-1 - #1 - #1^2 - #1^3 + #1^4 & , 2]
1052	Omega prime-generating constant	none	64	not found	10	x, SEVEN, NINE, DIVIDE, SUBTRACT	SIX, SEVEN, PI, SUBTRACT, DIVIDE	5.375e-09	0	2.0	8.3	True	
1053	first moment of the reciprocal gamma distribution	none	64	not found	10	x, TWO, POWER, NINE, DIVIDE	NINE, LOG, LOG, PI, SUBTRACT	2.341e-08	0	2.0	nan	False	
1054	Euler totient A constant	special	64	not found	10	x, EXP, x, TIMES, SQRT	TWO, SQRT, EULER, SUBTRACT, EXP	1.730e-09	0	2.0	8.8	True	(315*Zeta[3])/(2*Pi^4)
1055	ln(7)	elementary	64	exact	3	x	SEVEN, LOG	0.000e+00	2	0.0	64.0	True	Log[7]
1056	C_4, a constant related to sharp inequalities for the product of 4 polynomials, which was introduced by David Boyd	none	64	not found	10	EIGHT, x, SQR, SQR, DIVIDE	TWO, SQRT, LOG, SQRT, EXP	4.295e-09	0	2.0	8.4	True	
1057	log10(89)	elementary	64	exact	9	x, ONE, NINE, PLUS, POWER	NINE, SQR, EIGHT, PLUS	0.000e+00	1	2.0	64.0	True	Log[10, 89]
1058	Z score	special	64	not found	10	x, THREE, SUBTRACT, SIX, DIVIDE	EULER, SIX, SQR, SUBTRACT, SQRT	2.780e-09	0	2.0	8.6	True	Sqrt[2]*InverseErf[19/20]
1059	reciprocal Lucas constant	special	64	not found	10	GOLDENRATIO, x, FOUR, PLUS, DIVIDE	FIVE, EULER, DIVIDE, PI, PLUS	1.531e-09	0	2.0	8.8	True	(-1 + EllipticTheta[3, 0, GoldenRatio^(-2)]^2)/4 + (7*Log[GoldenRatio] - Log[1 + GoldenRatio^2] - QPolyGamma[0, 1, GoldenRatio^(-4)] + 4*QPolyGamma[0, 1, GoldenRatio^(-2)] - 4*QPolyGamma[0, 1, GoldenRatio^(-1)])/(4*Log[GoldenRatio])
1060	M_6, the 6th Madelung constant	none	64	not found	10	THREE, EULER, DIVIDE, x, SUBTRACT	SIX, INV, TWO, POWER, SQRT	9.311e-10	0	2.0	9.0	True	
1061	pentanacci constant	algebraic	64	not found	10	x, NINE, DIVIDE, EXP, SQRT	PI, NINE, DIVIDE, SEVEN, PLUS	6.273e-09	0	2.0	8.2	True	Root[-1 - #1 - #1^2 - #1^3 - #1^4 + #1^5 & , 1]
1062	C_5, a constant related to sharp inequalities for the product of 5 polynomials, which was introduced by David Boyd	none	64	not found	10	x, SIX, SUBTRACT, EIGHT, POWER	FOUR, LOG, SEVEN, PLUS, EXP	1.782e-09	0	2.0	8.7	True	
1063	C_6, a constant related to sharp inequalities for the product of 6 polynomials, which was introduced by David Boyd	none	64	not found	10	GOLDENRATIO, x, SQR, DIVIDE, EXP	FIVE, SEVEN, DIVIDE, EIGHT, TIMES	1.306e-08	0	2.0	nan	False	
1064	Gamma''(1)	none	64	not found	10	x, PI, DIVIDE, PI, POWER	FIVE, INV, GOLDENRATIO, PLUS, EXP	4.648e-08	0	2.0	nan	False	
1065	hexanacci constant	algebraic	64	not found	10	x, LOG, SQRT, x, TIMES	TWO, THREE, DIVIDE, PI, SUBTRACT	3.328e-08	0	2.0	nan	False	Root[-1 - #1 - #1^2 - #1^3 - #1^4 - #1^5 + #1^6 & , 2]
1066	log10(97)	elementary	64	exact	10	x, ONE, NINE, PLUS, POWER	FOUR, SQR, NINE, SQR, PLUS	0.000e+00	1	2.0	64.0	True	Log[10, 97]
1067	heptanacci constant	algebraic	64	not found	10	x, SIX, PLUS, EIGHT, DIVIDE	PI, NINE, POWER, INV, EXP	1.129e-08	0	2.0	nan	False	Root[-1 - #1 - #1^2 - #1^3 - #1^4 - #1^5 - #1^6 + #1^7 & , 1]
1068	integral_{x=0..Infinity} 1/x^x dx	none	64	not found	10	x, GOLDENRATIO, DIVIDE, PI, POWER	PI, SQR, THREE, LOG, POWER	2.304e-09	0	2.0	8.6	True	
1069	Two	rational	64	exact	2	x	TWO	0.000e+00	8	0.0	64.0	True	2
1070	M_7, the 7-dimensional analog of Madelung's constant (negated)	none	64	not found	10	PI, x, EULER, PLUS, DIVIDE	PI, TWO, PLUS, SQRT, SQRT	1.506e-09	0	2.0	8.8	True	
1071	Sierpiński's S~ (S "tilde" as named by S. Finch), a constant appearing in the asymptotics of the number of representatio	none	64	not found	10	SIX, LOG, x, SQRT, SUBTRACT	ONE, FIVE, PI, DIVIDE, SUBTRACT	9.820e-09	0	2.0	8.0	True	
1072	solution to the Lane-Emden equation for a sphere of polytropic index n = 3	none	32	not found	10	x, SQR, PI, SUBTRACT, SQR	FOUR, THREE, DIVIDE, GOLDENRATIO, SUBTRACT	3.481e-08	0	2.0	nan	False	
1073	least x > 0 satisfying x + tan(x) = 0	none	64	not found	10	SEVEN, EIGHT, DIVIDE, x, POWER	SIX, LOG, LOG, FOUR, POWER	1.890e-08	0	2.0	nan	False	
1074	figure-eight knot hyperbolic volume	special	64	not found	10	PI, x, FIVE, POWER, SUBTRACT	GOLDENRATIO, THREE, PLUS, FIVE, TIMES	3.410e-09	0	2.0	8.5	True	((-2*Pi^2 + 3*PolyGamma[1, 1/3])*Sqrt[3])/9
1075	QRS associated constant	special	64	not found	10	x, GOLDENRATIO, NINE, PLUS, POWER	GOLDENRATIO, THREE, FIVE, POWER, SUBTRACT	1.679e-09	0	2.0	8.8	True	Zeta[3/2, Root[{Zeta[1/2, #1/2] & , 0.605443657196732749478922842447`29.782073733759695}]/2]/4
1076	'beta', a constant appearing in the random links Traveling Salesman Problem	none	64	not found	10	SIX, x, TWO, DIVIDE, POWER	PI, NINE, SUBTRACT, SQRT, LOG	3.002e-08	0	2.0	nan	False	
1077	Lüroth analog of Lévy constant	special	64	not found	10	NINE, x, SEVEN, POWER, SUBTRACT	GOLDENRATIO, PI, POWER, SEVEN, TIMES	1.610e-09	0	2.0	8.8	True	Sum[Log[\[FormalK]*(1 + \[FormalK])]/(\[FormalK]*(1 + \[FormalK])), {\[FormalK], 1, Infinity}]
1078	M_8, the 8th Madelung constant (negated)	none	64	not found	10	TWO, x, FOUR, POWER, DIVIDE	PI, SQRT, EXP, EULER, PLUS	1.563e-08	0	2.1	nan	False	
1079	semi-meander critical exponent	algebraic	64	not found	10	FIVE, INV, x, SQR, SUBTRACT	EIGHT, INV, SQR, FOUR, PLUS	4.301e-09	0	2.0	8.4	True	1 + (Sqrt[11]*(Sqrt[5] + Sqrt[29]))/24
1080	one div ln phi	elementary	64	exact	4	x, INV	GOLDENRATIO, LOG	0.000e+00	11	0.0	64.0	True	1/Log[GoldenRatio]
1081	ln(8)	elementary	64	exact	3	x	EIGHT, LOG	0.000e+00	2	0.0	63.6	True	Log[8]
1082	two thirds pi	elementary	64	exact	6	x	THREE, PI, DIVIDE, PI, SUBTRACT	0.000e+00	324	0.2	64.0	True	2*Pi/3
1083	Wallis's constant	algebraic	64	not found	10	x, EULER, FOUR, SUBTRACT, POWER	THREE, SIX, POWER, LOG, LOG	7.847e-09	0	2.0	8.1	True	(135/2 - (3*Sqrt[1929])/2)^(1/3)/3 + ((45 + Sqrt[1929])/2)^(1/3)/3^(2/3)
1084	Brown-Wang constant	special	64	not found	9	SEVEN, x, FIVE, PLUS, DIVIDE	EIGHT, INV, SQR, EXP	2.850e-09	0	2.0	8.5	True	With[{\[FormalLambda] = Root[{(1 + #1)*Pi - Tan[#1*Pi] & , 0.43029665312420275777`20.}]}, Root[{(1 + \[FormalLambda])*Pi*((#1 - 1)*PolyGamma[1 + (#1 - 1)/2] - 2*#1*PolyGamma[1 + #1/2] + (#1 + 1)*PolyGamma[1 + (#1 + 1)/2]) - 2*Sin[\[FormalLambda]*Pi] & , 2.11023396612157219646682815666`30.}]]
1085	'sigma', a constant associated with the expected number of random elements to generate a finite abelian group	none	64	not found	10	x, PI, DIVIDE, EIGHT, DIVIDE	THREE, PI, DIVIDE, FIVE, POWER	2.564e-09	0	2.0	8.6	True	
1086	'a', an auxiliary constant associated with the asymptotic probability of success in the secretary problem when the numbe	none	64	not found	10	x, NINE, POWER, SIX, TIMES	SIX, SQRT, FOUR, PLUS, EXP	4.186e-09	0	2.0	8.4	True	
1087	Jacobi theta function theta_2(0, 1/2) where theta_2 is the 2nd Jacobi theta function	special	64	not found	10	PI, x, SQR, SUBTRACT, INV	THREE, SIX, SQRT, LOG, POWER	1.402e-08	0	2.0	nan	False	EllipticTheta[2,0,1/2]
1088	Jacobi theta function theta_3(0, 1/2) where theta_3 is the 3rd Jacobi theta function	special	64	not found	10	THREE, x, POWER, FIVE, TIMES	SEVEN, LOG, FIVE, PLUS, SQR	4.699e-09	0	2.0	8.3	True	EllipticTheta[3,0,1/2]
1089	pi^(2/3)	elementary	64	exact	5	THREE, x, POWER	PI, SQR	0.000e+00	44	0.0	63.7	True	Pi^(2/3)
1090	10^(1/3)	algebraic	64	exact	6	THREE, x, POWER	ONE, NINE, PLUS	0.000e+00	36	0.1	63.8	True	10^(1/3)
1092	Erdős-Szekeres constant	special	64	not found	10	x, THREE, POWER, NINE, DIVIDE	SEVEN, FOUR, SQR, DIVIDE, LOG	3.665e-09	0	2.1	8.4	True	Zeta[3/2]/Zeta[3]
1093	K = exp(8*G/(3*Pi)), a Kneser-Mahler constant related to an asymptotic inequality involving Bombieri's supremum norm, wh	special	64	not found	9	GOLDENRATIO, x, POWER, TWO, POWER	PI, SIX, SQR, DIVIDE	4.169e-09	0	2.0	8.4	True	Exp[8*Catalan/(3*Pi)]
1094	normalized asymptotic mean of omega(m) when m is one of the values <= n taken by Euler's phi totient function	none	64	not found	10	FOUR, x, SQR, SUBTRACT, EXP	PI, EULER, FOUR, SUBTRACT, POWER	7.222e-09	0	2.0	8.1	True	
1095	a constant related to series-reduced trees	none	64	not found	10	TWO, x, SUBTRACT, x, TIMES	PI, EIGHT, PLUS, LOG, INV	1.122e-09	0	2.0	9.0	True	
1096	'theta', the expected degree (valency) of the root of a random rooted tree with n vertices	none	64	not found	10	SEVEN, THREE, x, POWER, SUBTRACT	SEVEN, EULER, DIVIDE, PI, PLUS	1.057e-08	0	2.0	nan	False	
1097	e^(pi/4)	elementary	64	exact	5	x	PI, EXP, SQRT, SQRT	0.000e+00	65	0.0	63.8	True	E^(Pi/4)
1098	ln(9)	elementary	64	exact	3	x	NINE, LOG	0.000e+00	3	0.0	63.9	True	Log[9]
1099	Lüroth analog of Khinchin constant	special	64	not found	10	x, EXP, THREE, SUBTRACT, SQR	PI, INV, SIX, SQR, PLUS	1.403e-08	0	2.0	nan	False	Product[\[FormalK]^(1/(\[FormalK]*(1 + \[FormalK]))), {\[FormalK], 1, Infinity}]
1100	totient constant	special	64	not found	10	GOLDENRATIO, x, ONE, PLUS, DIVIDE	EULER, SEVEN, NINE, DIVIDE, POWER	2.694e-09	0	2.0	8.6	True	Sum[1/(\[FormalK]*EulerPhi[\[FormalK]]), {\[FormalK], 1, Infinity}]
1101	Pi/2 + 2/Pi	elementary	64	exact	8	x, TWO, TIMES	PI, FOUR, DIVIDE, PI, PLUS	0.000e+00	27	2.0	63.8	True	Pi/2 + 2/Pi
1102	pi(2)^(-1/2)	elementary	64	exact	5	x	TWO, SQRT, PI, DIVIDE	0.000e+00	43	0.0	63.7	True	Pi*2^(-1/2)
1103	y_3, the third of four non-explicit constants recursively derived from Khintchine's [Khinchin's] constant	none	64	not found	9	PI, x, SUBTRACT, NINE, TIMES	PI, SQR, GOLDENRATIO, SUBTRACT	7.049e-09	0	2.0	8.2	True	
1104	D(1), where D(x) is the infinite product function defined in the formula section (or in the Finch reference)	special	64	not found	10	GOLDENRATIO, x, SIX, TIMES, POWER	PI, SIX, SUBTRACT, SQR, SQR	1.616e-08	0	2.0	nan	False	Glaisher^6/(2^(1/6)*Sqrt[Pi])
1105	Sqrt 5	algebraic	64	exact	3	x	FIVE, SQRT	0.000e+00	2	0.0	63.7	True	Sqrt[5]
1106	Takeuchi-Prellberg constant	special	25	not found	10	x, SQRT, PI, SQR, DIVIDE	EULER, GOLDENRATIO, DIVIDE, SIX, PLUS	1.846e-09	0	2.0	8.7	True	ConditionalExpression[Extension`TakeuchiPrellbergConstant == Limit[Subscript[\[FormalCapitalT], \[FormalN]]/(BellB[\[FormalN]]*Exp[ProductLog[\[FormalN]]^2/2]), \[FormalN] -> Infinity], Subscript[\[FormalCapitalT], 0] == 0 && Subscript[\[FormalCapitalT], 1] == 1 && Subscript[\[FormalCapitalT], 2] == 4 && Subscript[\[FormalCapitalT], 3] == 14 && Subscript[\[FormalCapitalT], \[FormalN]] == Sum[Binomial[2*\[FormalK], \[FormalK]]/(1 + \[FormalK]), {\[FormalK], 1, \[FormalN]}] + Sum[Subscript[\[FormalCapitalT], -1 - \[FormalK] + \[FormalN]]*(2*Binomial[-1 + \[FormalK] + \[FormalN], \[FormalK]] - Binomial[\[FormalK] + \[FormalN], \[FormalK]]), {\[FormalK], 0, -2 + \[FormalN]}]]
1107	Sierpiński's second constant, K2 = lim_{n->oo} ((1/n) * (Sum_{i=1..n} A004018(i^2)) - 4/Pi * log(n))	special	64	not found	10	SIX, SQRT, x, SUBTRACT, EXP	EULER, SEVEN, PLUS, EIGHT, DIVIDE	6.498e-09	0	2.0	8.2	True	4(12 Log[Gamma[3/4]]-9 Log[Pi]+72 Log[Glaisher]-5 Log[2]+3 EulerGamma-3)/(3 Pi)
1108	Integral_{0..oo} 1/Gamma(1+x) dx, a variation of the Fransén-Robinson constant	none	64	not found	10	x, TWO, SEVEN, TIMES, POWER	EULER, SQR, SIX, EXP, SUBTRACT	7.992e-09	0	2.0	8.1	True	
1109	Landau-Kolmogorov constant C(4,1) for derivatives in L_2(0, infinity)	none	64	not found	10	x, SQR, x, POWER, SQRT	THREE, INV, EXP, SIX, TIMES	6.970e-09	0	2.0	8.2	True	
1110	1/A240969	none	64	not found	10	SIX, LOG, x, SUBTRACT, INV	SEVEN, GOLDENRATIO, EXP, DIVIDE, EXP	3.170e-09	0	2.0	8.5	True	
1111	first Foias constant	special	64	not found	10	SIX, FIVE, x, POWER, SUBTRACT	TWO, EULER, EXP, DIVIDE, SQR	8.149e-09	0	2.0	8.1	True	Root[{-(1 + 1/#1)^#1 + #1 & , 2.29316628741186103150802829125000000000007305694139121664`29.360435548444247}]
1112	zeta(2)*zeta(3)*zeta(4)*	none	64	not found	10	x, EXP, SEVEN, SUBTRACT, SQR	EIGHT, SQR, NINE, PLUS, SQRT	3.596e-09	0	2.0	8.4	True	
1113	Universal parabolic constant	elementary	64	exact	9	x, TWO, SQRT, SUBTRACT	ONE, TWO, SQRT, SUBTRACT, LOG	0.000e+00	9	2.0	63.8	True	Sqrt[2] + ArcSinh[1]
1114	product_{n>=1} (n/(n+1))^((-1)^t(n)), a probabilistic counting constant, where t(n) = A010060(n) is the Thue-Morse seque	none	64	not found	10	x, SQR, SEVEN, INV, PLUS	EULER, INV, EXP, FOUR, PLUS	9.229e-09	0	2.0	8.0	True	
1115	logarithm of 10	elementary	64	exact	5	x	ONE, NINE, PLUS, LOG	0.000e+00	30	0.0	64.0	True	Log[10]
1116	y_1, the first of four non-explicit constants recursively derived from Khintchine's [Khinchin's] constant	none	64	not found	10	FIVE, TWO, x, DIVIDE, POWER	GOLDENRATIO, EULER, SIX, SUBTRACT, DIVIDE	1.014e-08	0	2.0	nan	False	
1117	Klarner-Rivest polyomino constant	none	64	not found	10	x, NINE, PLUS, LOG, SQRT	SIX, LOG, SQR, FIVE, DIVIDE	9.254e-09	0	2.0	8.0	True	
1118	3D lattice sum analog of Euler γ	special	64	not found	10	EIGHT, x, FOUR, POWER, DIVIDE	EULER, FOUR, DIVIDE, GOLDENRATIO, PLUS	2.866e-08	2	2.0	nan	False	(-4*Pi)/3 + (19*Log[2])/2 - 4*Sum[((3 + 3*(-1)^\[FormalM] + (-1)^(\[FormalM] + \[FormalN]))*Csch[Pi*Sqrt[\[FormalM]^2 + \[FormalN]^2]])/Sqrt[\[FormalM]^2 + \[FormalN]^2], {\[FormalM], 1, Infinity}, {\[FormalN], 1, Infinity}]
1119	constant 1 + B3 (or 1 + B_3) related to the Mertens constant	none	64	not found	10	GOLDENRATIO, SQR, x, EXP, DIVIDE	FIVE, NINE, LOG, POWER, LOG	5.280e-09	0	2.0	8.3	True	
1120	Ti_2(2+sqrt(3)), where Ti_2 is the inverse tangent integral function	none	64	not found	10	GOLDENRATIO, x, FOUR, DIVIDE, SUBTRACT	FIVE, EIGHT, FIVE, DIVIDE, POWER	3.657e-09	0	2.0	8.4	True	
1121	three quarters pi	elementary	64	exact	6	x	PI, FOUR, DIVIDE, THREE, DIVIDE	0.000e+00	241	0.1	64.0	True	3*Pi/4
1122	monomer-dimer triangular constant	special	64	not found	10	x, TWO, FIVE, DIVIDE, SUBTRACT	GOLDENRATIO, PI, DIVIDE, EXP, INV	9.809e-09	0	2.1	8.0	True	Exp[Integrate[Log[6 + 2*Cos[\[FormalT]] + 2*Cos[\[FormalPhi]] + 2*Cos[\[FormalT] + \[FormalPhi]]], {\[FormalT], -Pi, Pi}, {\[FormalPhi], -Pi, Pi}]/(8*Pi^2)]
1123	pi^(3/4)	elementary	64	exact	6	x	THREE, PI, POWER, SQRT, SQRT	0.000e+00	253	0.1	63.8	True	Pi^(3/4)
1124	Pi^2/(6*log 2)	elementary	64	exact	7	x, EIGHT, POWER	PI, SQR, EXP, SQRT	0.000e+00	332	2.0	63.9	True	Pi^2/(6*Log[2])
1125	c = (7-sqrt(5))/2	algebraic	64	exact	4	x	GOLDENRATIO, FOUR, SUBTRACT	0.000e+00	7	0.0	63.9	True	4 - GoldenRatio
1126	ln(11)	elementary	64	exact	5	x	TWO, NINE, PLUS, LOG	0.000e+00	23	0.0	64.0	True	Log[11]
1127	asymptotic evaluation of the constrained maximum of a certain quadratic form	none	64	not found	10	TWO, x, SUBTRACT, THREE, TIMES	EIGHT, SQR, LOG, LOG, SQRT	1.997e-08	0	2.0	nan	False	
1128	Narcissus constant	special	64	not found	10	THREE, x, POWER, ONE, PLUS	EULER, GOLDENRATIO, POWER, FOUR, TIMES	9.242e-09	0	2.0	8.0	True	Root[{1 + #1 - #1^(-1 + #1) & , 2.39838438278161142938900277955804885011`20.5225995583442}]
1129	Golden angle	elementary	64	exact	7	PI, x, DIVIDE	GOLDENRATIO, SQR, TWO, DIVIDE	0.000e+00	502	2.0	64.0	True	(2*Pi)/GoldenRatio^2
1130	2*zeta(3)	special	64	not found	10	x, SQR, LOG, EULER, TIMES	SEVEN, GOLDENRATIO, DIVIDE, FIVE, SUBTRACT	1.293e-09	0	2.0	8.9	True	2*Zeta[3]
1131	first zero of the Bessel function J_0(z)	special	64	not found	9	x, SQRT, GOLDENRATIO, DIVIDE, LOG	EIGHT, SQR, EULER, DIVIDE	2.476e-08	0	2.0	nan	False	BesselJZero[0, 1]
1132	solution to the Lane-Emden equation for a sphere of polytropic index n = 2	none	32	not found	10	GOLDENRATIO, x, POWER, FIVE, SUBTRACT	NINE, THREE, LOG, POWER, LOG	1.536e-10	0	2.0	9.8	True	
1133	Silver ratio	algebraic	64	exact	5	x	TWO, SQRT, ONE, PLUS	0.000e+00	72	0.0	64.0	True	1 + Sqrt[2]
1134	c = 2.4149..., a random mapping statistics constant such that the asymptotic expectation of the maximum rho length (grap	none	20	not found	10	PI, GOLDENRATIO, DIVIDE, x, PLUS	TWO, PI, EULER, PLUS, DIVIDE	1.038e-09	2	2.0	9.0	True	
1135	prod_{n>=1} (1 + 1/n^3) = cosh(sqrt(3) pi/2)/pi	elementary	64	not found	10	x, GOLDENRATIO, SUBTRACT, SQR, EXP	PI, INV, FIVE, LOG, PLUS	1.218e-08	0	2.0	nan	False	Cosh[Sqrt[3]*Pi/2]/Pi
1136	a constant related to the asymptotic evaluation of the Lebesgue constants L_n	none	64	not found	10	SIX, x, EULER, DIVIDE, POWER	GOLDENRATIO, TWO, DIVIDE, PI, SUBTRACT	3.972e-09	0	2.0	8.4	True	
1137	theta = 2.472548..., an auxiliary constant used to compute the best constant in Friedrichs' inequality in one dimension	none	64	not found	10	x, SIX, POWER, PI, TIMES	ONE, EULER, SUBTRACT, EXP, EXP	4.785e-08	0	2.0	nan	False	
1138	Otter's weakly binary tree enumeration asymptotic constant xi	none	64	not found	10	NINE, SQR, LOG, x, PLUS	EULER, ONE, PLUS, SQRT, EXP	1.558e-09	2	2.0	8.8	True	
1139	A1*B1, the average number of non-isomorphic semisimple rings of any order, where A1 is Product_{m>1} zeta(m) and B1 is P	none	64	not found	10	x, x, EXP, SUBTRACT, SQRT	EIGHT, PI, DIVIDE, EULER, PLUS	6.438e-09	2	2.0	8.2	True	
1140	Feigenbaum alpha	none	64	not found	10	THREE, x, POWER, x, PLUS	FIVE, EXP, SQRT, SIX, PLUS	3.040e-10	0	2.0	9.5	True	
1141	root two pi	elementary	64	exact	5	x, SQR	PI, PI, PLUS	0.000e+00	46	0.0	63.9	True	Sqrt[2*Pi]
1142	100^(1/5)	algebraic	64	exact	7	FIVE, x, POWER	ONE, NINE, PLUS, SQR	0.000e+00	122	2.0	64.0	True	100^(1/5)
1143	a constant related to identity trees	none	64	not found	10	x, INV, NINE, LOG, PLUS	TWO, EXP, SIX, PLUS, LOG	2.514e-08	0	2.0	nan	False	
1144	doubly infinite sum N_3 = Sum_{i,j,k = -inf..inf} (-1)^(i+j+k)/(i^2+j^2+k^2), a lattice constant analog of Madelung's co	none	64	not found	10	EIGHT, x, x, POWER, DIVIDE	NINE, FIVE, SQRT, DIVIDE, EXP	9.251e-09	0	2.0	8.0	True	
1145	sqrt(2)*exp(2*G/Pi), where G = A006752	special	64	not found	10	GOLDENRATIO, x, SUBTRACT, SIX, POWER	EIGHT, SQR, EULER, TIMES, LOG	1.259e-08	0	2.0	nan	False	Sqrt[2]*Exp[2Catalan/Pi]
1146	a variant of the Komornik-Loreti constant	none	64	not found	10	SEVEN, x, EXP, SUBTRACT, LOG	EIGHT, EULER, DIVIDE, FIVE, POWER	8.494e-09	0	2.0	8.1	True	
1147	(Glaisher^12/(2*Pi*e^EulerGamma))^(Pi^2/6)	special	64	not found	10	x, EULER, SUBTRACT, PI, TIMES	SIX, SIX, SQRT, LOG, POWER	1.681e-09	0	2.0	8.8	True	(Glaisher^12/(2Pi E^EulerGamma))^(Pi^2/6)
1148	ln(13)	elementary	64	exact	5	x	FOUR, NINE, PLUS, LOG	0.000e+00	20	0.0	63.9	True	Log[13]
1149	exp(gamma)/log(2), a conjectural constant related to the asymptotic counting of Mersenne primes, where gamma is Euler's 	special	64	not found	10	x, PI, NINE, PLUS, DIVIDE	SEVEN, SQRT, EIGHT, LOG, PLUS	6.611e-09	0	2.0	8.2	True	Exp[EulerGamma]/Log[2]
1150	Sierpiński's constant	special	64	not found	10	NINE, SEVEN, DIVIDE, x, SUBTRACT	SIX, SQRT, EIGHT, DIVIDE, SQRT	9.833e-09	0	2.0	8.0	True	Pi*(2*EulerGamma - Log[Pi] + 4*Log[Gamma[3/4]])
1151	Barban constant	special	64	not found	10	EULER, SEVEN, x, POWER, SUBTRACT	EULER, SEVEN, POWER, FOUR, TIMES	8.258e-10	0	2.0	9.1	True	Product[1 + (-1 + 3*Prime[\[FormalK]]^2)/(Prime[\[FormalK]]*(1 + Prime[\[FormalK]])*(-1 + Prime[\[FormalK]]^2)), {\[FormalK], 1, Infinity}]
1152	twenty-vertex entropy constant	algebraic	64	exact	6	x	FOUR, INV, SEVEN, SUBTRACT, SQRT	0.000e+00	330	0.2	64.0	True	(3*Sqrt[3])/2
1153	golden root	algebraic	64	exact	3	x	GOLDENRATIO, SQR	0.000e+00	4	0.0	63.9	True	2 + 2*Cos[(2*Pi)/5]
1154	Lemniscate constant	special	64	not found	10	x, THREE, DIVIDE, SIX, SUBTRACT	GOLDENRATIO, LOG, SQRT, SEVEN, TIMES	3.212e-08	0	2.0	nan	False	Gamma[1/4]^2/(2*Sqrt[2*Pi])
1156	positive root of the equation 13x^4 - 7x^2 - 581 = 0	algebraic	64	not found	10	x, THREE, DIVIDE, SEVEN, POWER	NINE, LOG, THREE, EXP, DIVIDE	1.405e-08	0	2.0	nan	False	Sqrt[1/26*(7+Sqrt[30261])]
1157	sqrt(2) + sqrt(3/2)	algebraic	64	exact	7	x, INV	SIX, SQRT, EIGHT, SQRT, SUBTRACT	1.178e-15	78	1.9	63.8	True	Sqrt[2] + Sqrt[3/2]
1158	sqrt(7)	algebraic	64	exact	3	x	SEVEN, SQRT	0.000e+00	3	0.0	64.0	True	Sqrt[7]
1159	Gelfond-Schneider constant	elementary	64	exact	5	x	TWO, SQRT, TWO, POWER	0.000e+00	30	0.0	63.9	True	2^Sqrt[2]
1160	Gamma(1/3)	special	64	not found	10	PI, SQRT, x, PLUS, EXP	EULER, EIGHT, PLUS, EIGHT, TIMES	8.088e-09	0	2.0	8.1	True	Gamma[1/3]
1161	coefficient 'gamma' (see formula) appearing in Otter's result concerning the asymptotics of T_n, the number of non-isomo	none	64	not found	10	EIGHT, x, EXP, DIVIDE, SQR	PI, SQRT, SQRT, TWO, PLUS	4.212e-09	0	2.0	8.4	True	
1162	Khinchin's constant	special	64	not found	10	FIVE, x, SQR, DIVIDE, SQR	FIVE, LOG, EULER, PLUS, SQRT	2.545e-09	0	2.0	8.6	True	Khinchin
1163	Landau-Kolmogorov constant C(5,1) for derivatives in L_2(0, infinity)	none	64	not found	10	SEVEN, x, NINE, POWER, SUBTRACT	PI, EULER, TIMES, TWO, POWER	7.561e-09	0	2.0	8.1	True	
1164	Euler number	elementary	64	exact	2	x	EULER	0.000e+00	6	0.0	64.0	True	E
1165	pi sqrt(3)/2	elementary	64	exact	7	x, PI, DIVIDE	THREE, FOUR, DIVIDE, SQRT	0.000e+00	426	2.0	64.0	True	Pi*Sqrt[3]/2
1166	log e^(2π)	elementary	64	exact	8	x, PI, DIVIDE, EXP, SQR	ONE, NINE, PLUS	0.000e+00	25	1.9	64.0	True	Log10[E^(2*Pi)]
1167	Sum_{k>=1} sigma(k)/2^k where sigma(k) is the sum of divisors of k, 1 <= d <= k	special	64	not found	10	FOUR, INV, x, PLUS, SQRT	SIX, GOLDENRATIO, DIVIDE, TWO, SUBTRACT	1.758e-08	2	2.0	nan	False	Sum[n/(2^n - 1), {n, 1, 500}]
1168	Ramanujan nested radical constant	algebraic	64	not found	10	SEVEN, x, POWER, FIVE, PLUS	EIGHT, EIGHT, PI, POWER, DIVIDE	2.120e-09	2	2.0	8.7	True	(2 + Sqrt[5] + Sqrt[15 - 6*Sqrt[5]])/2
1169	a constant related to A006196	none	64	not found	9	x, LOG, SQRT, SQRT	SIX, EXP, INV, PI, POWER	1.466e-08	0	1.9	nan	False	
1170	C_{1/2}, a constant related to Kolmogorov's inequalities	special	64	not found	10	SEVEN, x, ONE, PLUS, POWER	PI, FIVE, PLUS, PI, POWER	3.749e-10	0	1.9	9.4	True	Gamma[1/4]^2/(Pi*Gamma[3/4]^2)
1171	(1/sqrt(Pi) + e*erfc(-1))/2	special	64	not found	10	x, THREE, POWER, SIX, TIMES	THREE, FIVE, POWER, PI, PLUS	1.173e-08	2	2.0	nan	False	(1/Sqrt[Pi]+E Erfc[-1])/2
1172	'xi', an optimal stopping auxiliary constant associated with the two choice case	none	64	not found	10	SEVEN, FOUR, x, SUBTRACT, POWER	SIX, PI, SQR, LOG, SUBTRACT	1.030e-08	1	2.0	nan	False	
1173	2*Pi*phi(0), a constant appearing in connection with a study of zeros of the integral of xi(z), where phi(t) and xi(z) a	none	64	not found	10	x, PI, POWER, x, TIMES	GOLDENRATIO, SIX, DIVIDE, PI, POWER	9.217e-10	0	2.1	9.0	True	
1174	Fransén–Robinson constant	special	64	not found	10	THREE, LOG, EXP, x, TIMES	PI, EULER, SUBTRACT, EIGHT, SUBTRACT	1.176e-08	0	2.0	nan	False	Integrate[Gamma[x]^(-1), {x, 0, Infinity}]
1175	Murata constant	special	64	not found	10	x, SIX, PLUS, EIGHT, SUBTRACT	PI, LOG, PI, INV, SUBTRACT	9.192e-10	2	2.0	9.0	True	Product[1 + (-1 + Prime[\[FormalK]])^(-2), {\[FormalK], 1, Infinity}]
1176	ln(17)	elementary	64	exact	5	x	EIGHT, NINE, PLUS, LOG	0.000e+00	15	0.0	64.0	True	Log[17]
1177	Born's basic potential Pi_0	none	64	not found	9	x, TWO, TIMES, SEVEN, SUBTRACT	EULER, THREE, SUBTRACT, EXP	1.576e-08	1	2.0	nan	False	
1178	constant appearing in the variance for searching in a digital tree	none	64	not found	10	EULER, SQRT, x, SQRT, SUBTRACT	SIX, SQR, SEVEN, DIVIDE, SQR	7.653e-09	0	2.0	8.1	True	
1179	Hardy-Littlewood prime triples constant	special	64	not found	10	x, SQR, EXP, GOLDENRATIO, TIMES	EIGHT, SQR, PI, LOG, POWER	2.676e-09	2	2.0	8.6	True	(9*Product[((-3 + Prime[\[FormalK]])*Prime[\[FormalK]]^2)/(-1 + Prime[\[FormalK]])^3, {\[FormalK], 3, Infinity}])/2
1180	(diagonal)/(shortest side) of 2nd electrum rectangle	none	64	exact	8	FIVE, x, SQR, SUBTRACT	TWO, SIX, TIMES, SQRT	0.000e+00	30	1.9	63.8	True	
1181	a second variant of the Komornik-Loreti constant	none	64	not found	10	x, LOG, SQR, TWO, PLUS	EULER, GOLDENRATIO, PI, SUBTRACT, POWER	5.455e-09	2	2.0	8.3	True	
1182	ln(19)	elementary	64	exact	6	x	FOUR, SQR, THREE, PLUS, LOG	0.000e+00	123	0.1	63.9	True	Log[19]
1183	Otter's rooted tree constant	none	64	not found	9	NINE, x, LOG, POWER	NINE, FOUR, DIVIDE, GOLDENRATIO, PLUS	5.954e-09	0	2.0	8.2	True	
1184	Landau-Kolmogorov constant C(4,2) for derivatives in L_2(0, infinity)	none	64	not found	10	TWO, EXP, x, LOG, POWER	FIVE, SQRT, LOG, EULER, SUBTRACT	1.180e-09	0	2.0	8.9	True	
1185	B, a constant related to the Goh-Schmutz constant and the asymptotic expected order of a random permutation	none	64	not found	10	x, x, POWER, FIVE, PLUS	FIVE, LOG, FOUR, PLUS, SQR	2.321e-09	2	2.0	8.6	True	
1186	oloid volume constant	special	64	not found	10	x, GOLDENRATIO, POWER, TWO, POWER	EIGHT, SQRT, PI, EXP, SUBTRACT	2.245e-09	0	2.0	8.6	True	(2*(2*EllipticE[3/4] + EllipticK[3/4]))/3
1187	Landau-Kolmogorov constant C(3,1) for derivatives in the case L_infinity(0, infinity)	algebraic	64	exact	8	THREE, x, POWER	EIGHT, FIVE, THREE, POWER, DIVIDE	0.000e+00	150	2.0	64.0	True	(243/8)^(1/3)
1188	sqrt(480)/7	algebraic	64	exact	9	FOUR, x, DIVIDE, SEVEN, TIMES	FIVE, SIX, TIMES, SQRT	0.000e+00	10	2.0	64.0	True	Sqrt[480]/7
1189	ln(23)	elementary	64	exact	6	x	FOUR, SQR, SEVEN, PLUS, LOG	0.000e+00	117	0.1	63.8	True	Log[23]
1190	Ramanujan's π-approximation constant	elementary	64	false positive	2	x	PI	0.000e+00	3	0.0	16.2	True	Log[262537412640768000]/Sqrt[163]
1191	Pi	elementary	64	exact	2	x	PI	0.000e+00	3	0.0	64.0	True	Pi
1192	mean value over all positive integers of a function giving the least quadratic nonresidue modulo a given odd integer (th	none	64	not found	10	PI, x, FOUR, SUBTRACT, POWER	THREE, THREE, LOG, DIVIDE, SQRT	2.551e-09	2	2.0	8.6	True	
1193	10^(1/2)	algebraic	64	exact	5	x	ONE, NINE, PLUS, SQRT	0.000e+00	48	0.0	64.0	True	10^(1/2)
1194	C = log(2*Pi) + B_3 (where B_3 is A083343), one of Euler totient constants	none	64	not found	9	x, EIGHT, TIMES, LOG	PI, GOLDENRATIO, DIVIDE, EULER, PLUS	2.130e-08	1	2.0	nan	False	
1195	plate constant	special	64	not found	10	x, SQR, EXP, SEVEN, TIMES	PI, SIX, EIGHT, TIMES, POWER	1.358e-08	0	2.0	nan	False	ConditionalExpression[Extension`PlateConstant == \[FormalX], BesselI[1, \[FormalX]]*BesselJ[0, \[FormalX]] + BesselI[0, \[FormalX]]*BesselJ[1, \[FormalX]] == 0 && 3 < \[FormalX] < 7/2]
1196	square of the constant A130834	special	64	not found	10	THREE, x, EULER, DIVIDE, POWER	EIGHT, PI, DIVIDE, ONE, SUBTRACT	5.202e-09	2	2.0	8.3	True	Exp[4*Catalan/Pi]
1197	1 + sqrt(5)	algebraic	64	exact	4	x	GOLDENRATIO, GOLDENRATIO, PLUS	0.000e+00	17	0.0	63.9	True	1 + Sqrt[5]
1198	Pálfy's constant c_3	elementary	64	exact	10	THREE, x, NINE, POWER, POWER	FIVE, EIGHT, NINE, TIMES, POWER	0.000e+00	6	2.0	64.0	True	5/3 + Log[9, 32]
1199	rayleigh kurtosis	elementary	64	not found	10	SEVEN, LOG, x, SQRT, SUBTRACT	NINE, EIGHT, LOG, SUBTRACT, INV	2.002e-10	2	2.0	9.7	True	(32 - 3*Pi^2)/(4 - Pi)^2
1200	silver root	algebraic	64	not found	10	x, THREE, SUBTRACT, FIVE, POWER	TWO, PI, DIVIDE, LOG, SQRT	6.537e-09	2	2.0	8.2	True	2 + 2*Cos[(2*Pi)/7]
1201	Lévy's constant 2	elementary	64	exact	9	x, SQR, SQR, LOG	EIGHT, LOG, PI, SQR, DIVIDE	0.000e+00	57	2.0	64.0	True	E^(Pi^2/(12*Log[2]))
1202	a constant related to A000620, A000622, A000623 and A000625	none	64	not found	10	NINE, EULER, x, DIVIDE, POWER	SIX, SQR, SEVEN, TIMES, LOG	1.215e-08	0	2.0	nan	False	
1203	y_2, the second of four non-explicit constants recursively derived from Khintchine's [Khinchin's] constant	none	64	not found	10	x, SEVEN, SQRT, SUBTRACT, INV	TWO, TWO, LOG, SQR, SUBTRACT	4.230e-09	0	2.1	8.4	True	
1204	sqrt(11)	algebraic	64	exact	5	x	TWO, NINE, PLUS, SQRT	0.000e+00	27	0.0	64.0	True	Sqrt[11]
1205	average value of the Yekutieli-Mandelbrot parameter, that is the average number of maximal subtrees of an ordered binary	special	64	not found	10	SIX, INV, x, SUBTRACT, SQR	GOLDENRATIO, LOG, INV, EIGHT, PLUS	9.986e-10	0	2.0	9.0	True	2*Catalan/(Pi*Log[2])+5/2
1206	Reciprocal Fibonacci constant	special	64	not found	10	x, GOLDENRATIO, SUBTRACT, FOUR, PLUS	THREE, INV, EXP, GOLDENRATIO, TIMES	4.882e-09	0	2.0	8.3	True	(Sqrt[5]*(EllipticTheta[2, 0, GoldenRatio^(-2)]^2 + (Log[5] + 2*QPolyGamma[0, 1, GoldenRatio^(-4)] - 4*QPolyGamma[0, 1, GoldenRatio^(-2)])/(2*Log[(1 + Sqrt[5])/2])))/4
1207	van der Corput constant	special	64	not found	10	SEVEN, x, TWO, POWER, DIVIDE	FIVE, LOG, INV, SQR, EXP	2.638e-09	0	2.0	8.6	True	With[{\[FormalX] = Root[{Cos[#1]*FresnelS[Sqrt[1 - (2*#1)/Pi]] + FresnelC[Sqrt[1 - (2*#1)/Pi]]*Sin[#1] & , -0.726643246813242509590219555941985563257278933469994008688`30.}]}, 2*(Cos[\[FormalX]]*FresnelC[Sqrt[1 - (2*\[FormalX])/Pi]] - FresnelS[Sqrt[1 - (2*\[FormalX])/Pi]]*Sin[\[FormalX]])*Sqrt[Pi]]
1208	ln(29)	elementary	64	exact	6	x	FIVE, SQR, FOUR, PLUS, LOG	0.000e+00	112	0.1	64.0	True	Log[29]
1209	Magata constant	special	64	not found	10	SEVEN, TWO, x, SUBTRACT, POWER	FOUR, EXP, FIVE, INV, TIMES	2.705e-08	2	2.0	nan	False	ConditionalExpression[Extension`MagataConstant == Limit[Sum[Subscript[\[FormalC], \[FormalK]], {\[FormalK], 1, \[FormalN]}], \[FormalN] -> Infinity], Sum[Subscript[\[FormalC], \[FormalK]]*Product[-1 - \[FormalJ] + \[FormalM], {\[FormalJ], 0, -1 + \[FormalK]}], {\[FormalK], 0, -1 + \[FormalN]}] == Prime[\[FormalM]] && \[FormalM] <= \[FormalN]]
1210	meander critical exponent	algebraic	64	exact	10	TWO, x, SUBTRACT, x, DIVIDE	FIVE, INV, SIX, SUBTRACT, SQRT	1.298e-16	1	2.0	64.0	True	(29 + Sqrt[145])/12
1211	ln(31)	elementary	64	exact	6	x	FIVE, SQR, SIX, PLUS, LOG	0.000e+00	107	0.1	63.9	True	Log[31]
1212	y_4, the last of four non-explicit constants recursively derived from Khintchine's [Khinchin's] constant	none	64	not found	10	PI, x, SUBTRACT, FOUR, TIMES	PI, EXP, SQRT, INV, EXP	2.565e-09	2	2.0	8.6	True	
1213	1 + sqrt(6)	algebraic	64	exact	5	x	SIX, SQRT, ONE, PLUS	0.000e+00	43	0.0	64.0	True	1+Sqrt[6]
1214	best constant K for the integral inequality integral_{0..1} f(x)^2*f'(x)^2 dx <= K*integral_{0..1} f'(x)^4 dx	none	64	not found	10	EULER, x, SQR, DIVIDE, SQRT	PI, LOG, SQRT, TWO, POWER	1.988e-08	0	2.0	nan	False	
1215	Product_{k>=1} (1-1/2^k)^(-1)	special	64	not found	10	x, INV, ONE, PLUS, EXP	EULER, FOUR, PLUS, LOG, SQR	1.549e-10	0	2.0	9.8	True	1/QPochhammer[1/2, 1/2]
1216	square root of 12	algebraic	64	exact	5	x	TWO, SIX, TIMES, SQRT	0.000e+00	125	0.0	64.0	True	Sqrt[12]
1217	C, a coin tossing constant related to the asymptotic variance of the length of the longest run of consecutive heads	elementary	64	not found	10	THREE, x, SQRT, EXP, DIVIDE	SEVEN, SQRT, LOG, PI, SUBTRACT	8.810e-09	2	2.0	8.1	True	1/12 + Pi^2/(6*Log[2]^2)
1218	gamma = 8*lambda^2, a critical threshold of a boundary value problem, where lambda is Laplace's limit constant A033259	none	64	not found	10	x, PI, EIGHT, PLUS, POWER	PI, SQR, SEVEN, TIMES, SQR	1.911e-08	2	2.0	nan	False	
1219	infinite product constant	special	64	not found	10	x, FIVE, SUBTRACT, x, POWER	PI, EIGHT, DIVIDE, NINE, SUBTRACT	2.404e-08	2	2.0	nan	False	Product[(1 + \[FormalK]^(-1))^\[FormalK]^(-1), {\[FormalK], 1, Infinity}]
1220	log 10800/π	elementary	64	not found	10	x, SQRT, x, SUBTRACT, SQR	FIVE, TWO, DIVIDE, PI, SUBTRACT	1.206e-08	0	2.0	nan	False	Log10[10800/Pi]
1221	accumulation point of the logistic map	none	64	not found	10	SIX, x, LOG, POWER, EXP	PI, TWO, POWER, GOLDENRATIO, POWER	4.226e-09	2	2.0	8.4	True	
1222	sqrt(13)	algebraic	64	exact	5	x	FOUR, NINE, PLUS, SQRT	0.000e+00	25	0.0	64.0	True	Sqrt[13]
1223	4*(8 - 4*sqrt(2) - log(2))/(2*sqrt(2) - 1)	elementary	64	not found	10	x, PI, DIVIDE, EULER, DIVIDE	FOUR, EXP, INV, PI, SUBTRACT	1.804e-08	2	2.1	nan	False	4(8-4Sqrt[2]-Log[2])/(2Sqrt[2]-1)
1224	ln(37)	elementary	64	exact	6	x	SIX, SQR, ONE, PLUS, LOG	0.000e+00	94	0.1	64.0	True	Log[37]
1225	2 + phi, with the golden section phi from A001622	algebraic	64	exact	4	x	GOLDENRATIO, TWO, PLUS	0.000e+00	14	0.0	64.0	True	2 + GoldenRatio
1226	Gamma(1/4)	special	64	not found	10	THREE, x, SQR, LOG, POWER	PI, SQR, THREE, SQRT, TIMES	1.177e-08	0	2.0	nan	False	Gamma[1/4]
1227	'theta', the unique positive root of the equation polygamma(x) = log(Pi), where polygamma(x) gives gamma'(x)/gamma(x), t	none	64	not found	10	SIX, INV, x, SUBTRACT, EXP	SEVEN, SQRT, THREE, PLUS, SQR	7.747e-09	2	2.0	8.1	True	
1228	(65 + 9*sqrt(3))/22	algebraic	64	exact	9	x, FIVE, SUBTRACT, NINE, DIVIDE	THREE, SQRT, FIVE, PLUS	0.000e+00	4	2.0	64.0	True	(65+9Sqrt[3])/22
1229	Sum_{n>=1} prime(n)/(2^n)	special	64	not found	10	x, SQR, SQR, SIX, TIMES	SEVEN, SQRT, SEVEN, EXP, SUBTRACT	2.732e-09	1	2.0	8.6	True	Sum[Prime[i]/2^i,{i,1000}]
1230	ln(41)	elementary	64	exact	6	x	SIX, SQR, FIVE, PLUS, LOG	0.000e+00	96	0.2	64.0	True	Log[41]
1231	ln(43)	elementary	64	exact	6	x	SIX, SQR, SEVEN, PLUS, LOG	0.000e+00	90	0.1	64.0	True	Log[43]
1232	ln(47)	elementary	64	exact	6	x	TWO, SEVEN, SQR, SUBTRACT, LOG	0.000e+00	87	0.1	64.0	True	Log[47]
1233	an optimal stopping constant related to the Secretary problem	none	64	not found	10	x, THREE, POWER, NINE, DIVIDE	GOLDENRATIO, LOG, GOLDENRATIO, SUBTRACT, LOG	1.008e-08	0	2.0	nan	False	
1234	2D lattice sum analog of Euler γ	special	64	not found	10	x, LOG, LOG, GOLDENRATIO, SUBTRACT	EULER, EIGHT, DIVIDE, SQRT, SQRT	1.512e-08	0	2.0	nan	False	-2*Zeta[1/2]*(Zeta[1/2, 1/4] - Zeta[1/2, 3/4])
1235	-zeta'(1/2)	special	64	not found	10	x, PI, PLUS, TWO, PLUS	EULER, FOUR, NINE, DIVIDE, POWER	5.363e-09	2	2.0	8.3	True	-Derivative[1][Zeta][1/2]
1236	ln(53)	elementary	64	exact	6	x	SEVEN, SQR, FOUR, PLUS, LOG	0.000e+00	84	0.1	64.0	True	Log[53]
1237	1000^(1/5)	algebraic	64	exact	8	FIVE, x, POWER	THREE, FIVE, POWER, EIGHT, TIMES	0.000e+00	46	2.0	64.0	True	1000^(1/5)
1239	ln(59)	elementary	64	exact	6	x	FIVE, EIGHT, SQR, SUBTRACT, LOG	0.000e+00	80	0.1	64.0	True	Log[59]
1240	ln(61)	elementary	64	exact	6	x	THREE, EIGHT, SQR, SUBTRACT, LOG	0.000e+00	76	0.1	64.0	True	Log[61]
1241	sqrt(17)	algebraic	64	exact	5	x	EIGHT, NINE, PLUS, SQRT	0.000e+00	19	0.0	64.0	True	Sqrt[17]
1242	sqrt(2*Pi*e)	elementary	64	exact	7	x, SQR	PI, PI, PLUS, EULER, TIMES	0.000e+00	201	2.0	64.0	True	Sqrt[2Pi E]
1243	Hardy-Littlewood prime quadruples constant	special	64	not found	10	x, PI, SUBTRACT, x, TIMES	FIVE, TWO, GOLDENRATIO, DIVIDE, SUBTRACT	1.167e-08	0	2.0	nan	False	(27*Product[((-4 + Prime[\[FormalK]])*Prime[\[FormalK]]^3)/(-1 + Prime[\[FormalK]])^4, {\[FormalK], 3, Infinity}])/2
1244	four thirds pi	elementary	64	exact	6	x, FOUR, DIVIDE	PI, THREE, DIVIDE	0.000e+00	230	0.1	64.0	True	4*Pi/3
1245	ln(67)	elementary	64	exact	6	x	EIGHT, SQR, THREE, PLUS, LOG	0.000e+00	72	0.1	64.0	True	Log[67]
1246	(4*sqrt(2)*Pi^2)/gamma(1/4)^2	special	64	not found	10	EIGHT, x, POWER, NINE, PLUS	PI, EXP, EULER, SQRT, POWER	6.817e-09	0	2.0	8.2	True	(4*Sqrt[2]*Pi^2)/Gamma[1/4]^2
1247	ln(71)	elementary	64	exact	6	x	EIGHT, SQR, SEVEN, PLUS, LOG	0.000e+00	76	0.1	64.0	True	Log[71]
1248	Pi*e/2	elementary	64	exact	6	x	PI, TWO, DIVIDE, EULER, DIVIDE	2.080e-16	190	0.1	64.0	True	(Pi*E)/2
1249	ln(73)	elementary	64	exact	6	x	EIGHT, SQR, NINE, PLUS, LOG	0.000e+00	78	0.1	64.0	True	Log[73]
1250	asymptotic value of the second raw moment of the maximal exponent in the prime factorizations of n (A051903)	special	64	not found	10	FIVE, x, SIX, SUBTRACT, POWER	GOLDENRATIO, PI, TWO, PLUS, POWER	3.129e-08	0	2.0	nan	False	1 + Sum[(2*j - 1)*(1 - 1/Zeta[j]), {j, 2, 400}]
1251	Korn constant	rational	64	exact	7	x, EIGHT, DIVIDE	SEVEN, INV, TWO, SUBTRACT	0.000e+00	281	2.0	64.0	True	56/13
1252	alpha, the unique solution on [2,oo) of the equation alpha*log((2*e)/alpha)=1	special	64	exact	8	x, INV, EXP, x, TIMES	EULER, EULER, PLUS	0.000e+00	4	2.0	64.0	True	-1/ProductLog[-1/(2*E)]
1253	sqrt(19)	algebraic	64	exact	6	x	FOUR, SQR, THREE, PLUS, SQRT	0.000e+00	125	0.1	64.0	True	Sqrt[19]
1254	ln(79)	elementary	64	exact	6	x	TWO, NINE, SQR, SUBTRACT, LOG	0.000e+00	62	0.1	64.0	True	Log[79]
1255	Hayman constant	special	64	not found	10	x, GOLDENRATIO, EXP, SQRT, SUBTRACT	SIX, SQRT, PI, INV, SUBTRACT	1.748e-09	0	2.0	8.8	True	Gamma[1/4]^4/(4*Pi^2)
1256	ln(83)	elementary	64	exact	6	x	NINE, SQR, TWO, PLUS, LOG	0.000e+00	55	0.1	64.0	True	Log[83]
1257	pi(2)^(1/2)	elementary	64	exact	5	x	TWO, SQRT, PI, TIMES	0.000e+00	42	0.0	64.0	True	Pi*2^(1/2)
1258	ln(89)	elementary	64	exact	6	x	NINE, SQR, EIGHT, PLUS, LOG	0.000e+00	51	0.1	64.0	True	Log[89]
1259	Freiman constant	algebraic	64	not found	10	x, FIVE, SUBTRACT, FOUR, DIVIDE	EULER, FOUR, DIVIDE, SEVEN, PLUS	5.689e-09	0	2.0	8.2	True	(2221564096 + 283748*Sqrt[462])/491993569
1260	Van der Pauw constant	elementary	64	exact	5	x	TWO, LOG, PI, DIVIDE	0.000e+00	57	0.0	64.0	True	Pi/Log[2]
1261	Gasper constant	algebraic	64	not found	10	THREE, SQRT, x, PLUS, EXP	PI, EXP, SQR, NINE, PLUS	1.597e-08	0	2.0	nan	False	Root[-1134 - 3780*#1 - 5013*#1^2 - 3247*#1^3 - 948*#1^4 - 14*#1^5 + 55*#1^6 + 9*#1^7 & , 1]
1262	ln(97)	elementary	64	exact	7	x, EXP	FOUR, SQR, NINE, SQR, PLUS	0.000e+00	124	2.0	64.0	True	Log[97]
1263	2ln(10)	elementary	64	exact	6	x	ONE, NINE, PLUS, SQR, LOG	0.000e+00	124	0.1	64.0	True	2*Log[10]
1264	100^(1/3)	algebraic	64	exact	7	THREE, x, POWER	ONE, NINE, PLUS, SQR	0.000e+00	177	2.0	64.0	True	100^(1/3)
1265	Product_{p prime} (1 + 1/p^(4/3) + 1/p^(5/3))	none	64	not found	10	NINE, LOG, LOG, x, PLUS	GOLDENRATIO, SQR, EIGHT, SQRT, PLUS	3.688e-09	0	2.0	8.4	True	
1266	Feigenbaum delta	none	64	not found	10	THREE, GOLDENRATIO, x, DIVIDE, SUBTRACT	FOUR, LOG, GOLDENRATIO, SQRT, SUBTRACT	2.203e-09	0	2.0	8.7	True	
1267	3pi/2	elementary	64	exact	6	x	PI, TWO, DIVIDE, THREE, DIVIDE	0.000e+00	373	0.1	64.0	True	3*Pi/2
1268	rod constant	special	64	not found	10	x, FIVE, SUBTRACT, EIGHT, TIMES	SEVEN, LOG, EULER, PLUS, SQRT	8.394e-11	2	2.0	10.1	True	Root[{-1 + Cos[#1]*Cosh[#1] & , 4.730040744862704026`19.67486488179338}]
1269	sqrt(23)	algebraic	64	exact	6	x	FOUR, SQR, SEVEN, PLUS, SQRT	0.000e+00	120	0.1	64.0	True	Sqrt[23]
1270	John constant lower bound	special	64	exact	4	x	PI, EXP, SQRT	0.000e+00	17	0.0	64.0	True	I^(-I)
1271	two-arc beam detection constant	special	64	not found	10	PI, SQRT, x, TIMES, EXP	EIGHT, EXP, NINE, EXP, SUBTRACT	1.169e-08	0	2.1	nan	False	ConditionalExpression[Extension`TwoArcApproximationBeamDetectionConstant == -2*\[FormalA] - \[FormalB] + 2*Pi - Cos[\[FormalB]/2] + Sec[\[FormalB]/2] + 2*Tan[\[FormalA]/2] + Sin[\[FormalB]/2]*Tan[\[FormalA]/2], \[FormalA] == 4*ArcTan[Sqrt[\[FormalC]]] && \[FormalB] == 2*ArcSin[2*Cos[\[FormalA]]] && \[FormalB] == 2*ArcSin[2*Cos[\[FormalA]]] && \[FormalC] == Root[1 + 65*\[FormalX] - 2139*\[FormalX]^2 + 20476*\[FormalX]^3 - 78054*\[FormalX]^4 + 126214*\[FormalX]^5 - 78054*\[FormalX]^6 + 20476*\[FormalX]^7 - 2139*\[FormalX]^8 + 65*\[FormalX]^9 + \[FormalX]^10, \[FormalX], 4]]
1272	second moment of the reciprocal gamma distribution	none	64	not found	10	PI, x, SIX, SUBTRACT, POWER	THREE, NINE, LOG, SQR, DIVIDE	9.145e-10	0	2.0	9.0	True	
1273	unique solution > 1 of the equation x*log(x)=2(x-1)	none	64	not found	10	FIVE, SQRT, EXP, x, SUBTRACT	SIX, SIX, SQRT, SQRT, SUBTRACT	7.699e-09	1	2.0	8.1	True	
1274	xi_3 = 5*G, the volume of an ideal hyperbolic cube, where G is Gieseking's constant	none	64	not found	10	EIGHT, PI, x, DIVIDE, POWER	SEVEN, SQRT, SEVEN, SQR, SUBTRACT	1.235e-08	0	2.0	nan	False	
1275	'lambda', a Sobolev isoperimetric constant related to the "rod inequality", arising from the elasticity study of a rod t	none	64	not found	10	x, GOLDENRATIO, NINE, DIVIDE, SUBTRACT	EULER, ONE, SUBTRACT, EXP, SQRT	9.521e-10	0	2.0	9.0	True	
1276	Lower limit of backward value of 5^n	none	64	not found	10	NINE, TWO, x, SUBTRACT, POWER	GOLDENRATIO, FIVE, NINE, POWER, DIVIDE	4.278e-09	1	2.0	8.4	True	
1277	hypersphere maximal volume dimension constant	special	64	not found	10	x, EULER, THREE, PLUS, DIVIDE	FIVE, SEVEN, DIVIDE, SQRT, SQRT	5.307e-09	2	2.0	8.3	True	Root[{-2 + Log[Pi]*#1 - PolyGamma[0, #1/2]*#1 & , 5.25694640486057678013283838869`29.720733549361597}]
1278	2*Pi^2*log(2) - 7*zeta(3)	special	64	not found	10	GOLDENRATIO, THREE, PLUS, x, POWER	FOUR, LOG, EIGHT, EXP, DIVIDE	5.513e-09	0	2.0	8.3	True	2Pi^2Log[2]-7Zeta[3]
1279	log 648000/π	elementary	64	not found	10	EULER, SQR, x, EXP, DIVIDE	EIGHT, NINE, PLUS, GOLDENRATIO, TIMES	6.763e-09	2	2.0	8.2	True	Log10[648000/Pi]
1280	Pi*csc(Pi/5)	elementary	64	exact	9	PI, x, DIVIDE, SQR	GOLDENRATIO, THREE, SUBTRACT, FOUR, DIVIDE	0.000e+00	13	2.0	64.0	True	Pi*Csc[Pi/5]
1281	sqrt(29)	algebraic	64	exact	6	x	FIVE, SQR, FOUR, PLUS, SQRT	0.000e+00	118	0.1	64.0	True	Sqrt[29]
1282	analog of Lévy's constant in case of the nearest integer continued fraction of -1/2<x<1/2	elementary	64	exact	10	x, LOG, GOLDENRATIO, POWER, SQR	SIX, PI, SQR, DIVIDE, EXP	0.000e+00	6	2.0	64.0	True	Exp[Pi^2/(12*Log[GoldenRatio])]
1283	sqrt(31)	algebraic	64	exact	6	x	FIVE, SQR, SIX, PLUS, SQRT	0.000e+00	110	0.1	64.0	True	Sqrt[31]
1284	pi^(3/2)	elementary	64	exact	5	x	THREE, PI, POWER, SQRT	0.000e+00	98	0.0	64.0	True	Pi^(3/2)
1285	1000^(1/4)	algebraic	64	exact	8	x, FIVE, DIVIDE	EIGHT, FIVE, DIVIDE, SQRT, SQRT	0.000e+00	149	2.0	64.0	True	1000^(1/4)
1286	a constant related to A000151	none	64	not found	10	x, x, POWER, NINE, DIVIDE	SIX, FIVE, POWER, EIGHT, DIVIDE	2.339e-10	2	2.0	9.6	True	
1287	c for which b(n+1) = c^(b(n)/n) neither explodes nor converges (A278453)	none	64	not found	10	x, EULER, POWER, FOUR, PLUS	EULER, SEVEN, POWER, GOLDENRATIO, TIMES	1.122e-08	0	2.0	nan	False	
1288	'lambda', a Sobolev isoperimetric constant related to the "membrane inequality", arising from the study of a vibrating m	none	64	not found	10	NINE, LOG, LOG, x, DIVIDE	TWO, SQRT, LOG, SEVEN, PLUS	1.634e-08	0	2.0	nan	False	
1289	zeta(3/4) * Product_{p prime} (1 + 1/p^(5/4) - 1/p^2 - 1/p^(9/4)) (negated)	none	64	not found	10	PI, x, POWER, SQRT, LOG	FOUR, INV, SQR, EULER, PLUS	2.386e-08	2	2.0	nan	False	
1290	sqrt(37)	algebraic	64	exact	6	x	SIX, SQR, ONE, PLUS, SQRT	0.000e+00	98	0.1	64.0	True	Sqrt[37]
1291	Tau	elementary	64	exact	4	x	PI, PI, PLUS	0.000e+00	15	0.0	64.0	True	2*Pi
1292	2 Pi/sin(arctan(2 Pi))	elementary	64	exact	8	ONE, x, SQR, SUBTRACT	PI, PI, PLUS, SQR	0.000e+00	18	1.9	64.0	True	2*Pi/Sin[ArcTan[2*Pi]]
1293	sqrt(41)	algebraic	64	exact	6	x	SIX, SQR, FIVE, PLUS, SQRT	0.000e+00	97	0.1	64.0	True	Sqrt[41]
1294	sqrt(43)	algebraic	64	exact	6	x	SIX, SQR, SEVEN, PLUS, SQRT	0.000e+00	88	0.1	64.0	True	Sqrt[43]
1295	Froda constant	elementary	64	exact	4	x	EULER, TWO, POWER	1.350e-16	13	0.0	64.0	True	2^E
1296	(real) period of the elliptic function sn(x,1/2)	special	64	not found	9	EIGHT, SQRT, x, PLUS	SEVEN, FOUR, DIVIDE, NINE, PLUS	4.068e-09	2	2.0	8.4	True	8*EllipticK[-1/3]/Sqrt[3]
1297	sqrt(47)	algebraic	64	exact	6	x	TWO, SEVEN, SQR, SUBTRACT, SQRT	0.000e+00	85	0.1	64.0	True	Sqrt[47]
1298	3ln(10)	elementary	64	exact	7	x, EXP	THREE, FIVE, POWER, EIGHT, TIMES	0.000e+00	254	1.9	64.0	True	3*Log[10]
1299	John constant upper bound	special	64	not found	10	SEVEN, PI, POWER, x, TIMES	SIX, EULER, EIGHT, SUBTRACT, POWER	1.238e-08	0	1.9	nan	False	ConditionalExpression[Extension`JohnConstantUpperBound == Exp[\[FormalLambda]*Pi], Pi/Exp[2*\[FormalLambda]*Pi] == Sum[(\[FormalK]*Exp[-1/2*(\[FormalK]*Pi)/\[FormalLambda]])/(\[FormalK]^2 + \[FormalLambda]^2), {\[FormalK], 1, Infinity}]]
1300	hypersphere maximal surface area dimension constant	special	64	not found	10	SEVEN, x, SUBTRACT, FIVE, TIMES	FOUR, LOG, FIVE, SUBTRACT, LOG	4.725e-08	2	2.0	nan	False	Root[{Log[Pi] - PolyGamma[0, #1/2] & , 7.25694640486057678013283838869`29.860753915673623}]
1301	sqrt(53)	algebraic	64	exact	6	x	SEVEN, SQR, FOUR, PLUS, SQRT	0.000e+00	87	0.2	64.0	True	Sqrt[53]
1302	c_o, coefficient associated with the asymptotic evaluation c_o*2^(n^2/4) of the number of subspaces of the n-dimensional	none	64	not found	10	x, SQR, EULER, SQR, PLUS	SEVEN, INV, EIGHT, SUBTRACT, SQR	1.395e-08	0	2.0	nan	False	
1303	c_e, coefficient associated with the asymptotic evaluation c_e*2^(n^2/4) of the number of subspaces of the n-dimensional	none	64	not found	10	SIX, x, DIVIDE, PI, SUBTRACT	THREE, SEVEN, LOG, DIVIDE, EXP	3.180e-09	2	2.0	8.5	True	
1304	e^2	elementary	64	exact	3	x	TWO, EXP	0.000e+00	7	0.0	64.0	True	E^2
1305	sqrt(59)	algebraic	64	exact	6	x	FIVE, EIGHT, SQR, SUBTRACT, SQRT	0.000e+00	81	0.1	64.0	True	Sqrt[59]
1306	digital search tree θ constant	special	64	not found	9	x, GOLDENRATIO, FOUR, DIVIDE, POWER	SEVEN, EXP, NINE, PLUS	1.293e-08	1	2.0	nan	False	Sum[(2^(((-1 + \[FormalK])*\[FormalK])/2)*\[FormalK]*Sum[(-1 + 2^\[FormalI])^(-1), {\[FormalI], 1, \[FormalK]}])/Product[-1 + 2^\[FormalJ], {\[FormalJ], 1, \[FormalK]}], {\[FormalK], 1, Infinity}]
1307	sqrt(61)	algebraic	64	exact	6	x	THREE, EIGHT, SQR, SUBTRACT, SQRT	0.000e+00	76	0.1	64.0	True	Sqrt[61]
1308	Sierpiński's third constant, K3 = lim_{n->oo} ((1/n) * (Sum_{i=1..n} (A004018(i))^2) - 4 * log(n))	special	64	not found	10	x, FIVE, x, PLUS, POWER	PI, EXP, SIX, POWER, SQRT	1.738e-08	2	2.0	nan	False	4/3 (24*Log[Gamma[3/4]] - 12*Log[Pi] + 72*Log[Glaisher] - 5*Log[2] + 6*EulerGamma - 3)
1309	sqrt(67)	algebraic	64	exact	6	x	EIGHT, SQR, THREE, PLUS, SQRT	0.000e+00	70	0.1	64.0	True	Sqrt[67]
1310	sqrt(71)	algebraic	64	exact	6	x	EIGHT, SQR, SEVEN, PLUS, SQRT	0.000e+00	75	0.1	64.0	True	Sqrt[71]
1311	sqrt(73)	algebraic	64	exact	6	x	EIGHT, SQR, NINE, PLUS, SQRT	0.000e+00	81	0.1	64.0	True	Sqrt[73]
1312	polygon circumscription constant	special	64	not found	10	THREE, SEVEN, x, SUBTRACT, POWER	PI, EXP, ONE, PLUS, SQRT	4.467e-09	0	2.0	8.3	True	Product[Sec[Pi/\[FormalK]], {\[FormalK], 3, Infinity}]
1313	sqrt(79)	algebraic	64	exact	6	x	TWO, NINE, SQR, SUBTRACT, SQRT	0.000e+00	67	0.1	64.0	True	Sqrt[79]
1314	sqrt(83)	algebraic	64	exact	6	x	NINE, SQR, TWO, PLUS, SQRT	0.000e+00	59	0.1	64.0	True	Sqrt[83]
1315	4ln(10)	elementary	64	exact	7	x, EXP	ONE, NINE, PLUS, SQR, SQR	0.000e+00	208	2.0	64.0	True	4*Log[10]
1316	Varga's constant	none	64	not found	10	x, THREE, POWER, EULER, TIMES	SIX, GOLDENRATIO, FOUR, TIMES, POWER	4.293e-08	0	2.0	nan	False	
1317	3pi	elementary	64	exact	4	x	PI, THREE, TIMES	0.000e+00	14	0.0	64.0	True	3*Pi
1318	sqrt(89)	algebraic	64	exact	6	x	NINE, SQR, EIGHT, PLUS, SQRT	0.000e+00	43	0.1	64.0	True	Sqrt[89]
1319	Wagon's constant	none	64	not found	10	SEVEN, x, EULER, DIVIDE, POWER	NINE, THREE, POWER, PI, DIVIDE	3.875e-08	2	2.0	nan	False	
1320	Product_{p prime} (1 + 1/p^(5/4) + 1/p^(3/2) + 1/p^(7/4))	none	64	not found	10	ONE, x, SEVEN, TIMES, SUBTRACT	FIVE, INV, FOUR, PLUS, EXP	3.915e-08	2	2.0	nan	False	
1321	sqrt(97)	algebraic	64	exact	7	x, SQR	FOUR, SQR, NINE, SQR, PLUS	0.000e+00	120	1.9	64.0	True	Sqrt[97]
1322	π^2	elementary	64	exact	3	x	PI, SQR	0.000e+00	5	0.0	64.0	True	Pi^2
1323	smallest number > 1 with the same digits in decimal and binary	none	64	not found	10	x, FOUR, PLUS, PI, POWER	SEVEN, PI, EXP, SUBTRACT, EXP	1.473e-09	0	2.0	8.8	True	
1324	2*zeta(3/2)^4/(3*sqrt(2*Pi)*zeta(3))	special	64	not found	10	x, LOG, SQR, PI, POWER	FIVE, THREE, EIGHT, POWER, SUBTRACT	1.101e-08	0	2.0	nan	False	2*Zeta[3/2]^4/(3*Sqrt[2*Pi]*Zeta[3])
1325	e^(Pi^2/(6*log(2)))	elementary	64	exact	8	x, SQR, LOG	EIGHT, LOG, PI, SQR, DIVIDE	0.000e+00	103	1.9	63.4	True	E^(Pi^2/(6Log[2]))
1326	z_c = phi^5 (where phi is the golden ratio), a lattice statistics constant which is the exact value of the critical acti	algebraic	64	exact	4	x	FIVE, GOLDENRATIO, POWER	1.602e-16	17	0.0	63.5	True	GoldenRatio^5
1327	5ln(10)	elementary	64	exact	7	x, EXP	FIVE, ONE, NINE, PLUS, POWER	0.000e+00	74	1.9	63.4	True	5*Log[10]
1328	4pi	elementary	64	exact	4	x	PI, FOUR, TIMES	0.000e+00	12	0.0	64.0	True	4*Pi
1329	6ln(10)	elementary	64	exact	7	x, EXP	SIX, ONE, NINE, PLUS, POWER	0.000e+00	145	1.9	63.5	True	6*Log[10]
1330	Imaginary part of first non-trivial zero of zeta function	special	64	not found	10	x, SQRT, SQRT, THREE, SUBTRACT	EULER, INV, TWO, LOG, PLUS	4.046e-08	0	2.0	nan	False	Im[ZetaZero[1]]
1331	Product_{j>=1, j!=2} zeta(j/2) (negated)	none	64	not found	10	EIGHT, SIX, x, SUBTRACT, DIVIDE	FIVE, INV, SQR, SEVEN, POWER	1.104e-08	2	1.9	nan	False	
1332	exponential reiterated constant	elementary	64	exact	3	x	EULER, EXP	1.172e-16	6	0.0	63.6	True	E^E
1333	5pi	elementary	64	exact	4	x	PI, FIVE, TIMES	0.000e+00	13	0.0	64.0	True	5*Pi
1334	7ln(10)	elementary	64	exact	7	x, EXP	SEVEN, ONE, NINE, PLUS, POWER	0.000e+00	82	1.9	63.7	True	7*Log[10]
1335	Product_{p prime} (1 + 1/p^(6/5) + 1/p^(7/5) - 1/p^2 - 1/p^(11/5) - 1/p^(12/5)) (negated)	none	64	not found	10	GOLDENRATIO, x, THREE, TIMES, SUBTRACT	PI, INV, SEVEN, SQR, PLUS	1.130e-08	1	1.9	nan	False	
1336	8ln(10)	elementary	64	exact	7	x, EXP	EIGHT, ONE, NINE, PLUS, POWER	0.000e+00	88	1.9	63.9	True	8*Log[10]
1337	6pi	elementary	64	exact	4	x	PI, SIX, TIMES	0.000e+00	12	0.0	63.7	True	6*Pi
1338	Product_{p prime} (1 + 1/p^(6/5) + 1/p^(7/5) + 1/p^(8/5) + 1/p^(9/5))	none	64	not found	10	x, SQRT, EULER, EXP, DIVIDE	EULER, TWO, SUBTRACT, EULER, SUBTRACT	6.922e-09	2	1.9	8.2	True	
1339	e^pi - pi	elementary	64	exact	5	x	PI, PI, EXP, SUBTRACT	1.776e-16	20	0.0	63.9	True	E^Pi - Pi
1340	e^3	elementary	64	exact	3	x	THREE, EXP	0.000e+00	5	0.0	64.0	True	E^3
1341	9ln(10)	elementary	64	exact	7	x, EXP	NINE, ONE, NINE, PLUS, POWER	0.000e+00	80	1.9	64.0	True	9*Log[10]
1342	imaginary part of 2nd nontrivial zero of Riemann zeta function	none	64	not found	10	SIX, LOG, x, DIVIDE, LOG	NINE, LOG, LOG, PI, POWER	1.361e-08	0	1.9	nan	False	
1343	7pi	elementary	64	exact	4	x	PI, SEVEN, TIMES	0.000e+00	13	0.0	63.8	True	7*Pi
1344	pi pow e	elementary	64	exact	4	x	EULER, PI, POWER	1.582e-16	13	0.0	63.7	True	Pi^E
1345	Gelfond's constant	elementary	64	exact	3	x	PI, EXP	1.535e-16	5	0.0	64.0	True	E^Pi
1346	imaginary part of 3rd nontrivial zero of Riemann zeta function	none	64	not found	10	TWO, THREE, x, SUBTRACT, DIVIDE	SIX, LOG, SQRT, SIX, POWER	1.328e-08	1	1.9	nan	False	
1347	8pi	elementary	64	exact	4	x	PI, EIGHT, TIMES	0.000e+00	17	0.0	64.0	True	8*Pi
1348	9pi	elementary	64	exact	4	x	PI, NINE, TIMES	0.000e+00	16	0.0	64.0	True	9*Pi
1349	pi cubed	elementary	64	exact	4	x	THREE, PI, POWER	1.146e-16	31	0.0	63.9	True	Pi^3
1350	π^π	elementary	64	exact	4	x	PI, PI, POWER	1.949e-16	10	0.0	64.0	True	Pi^Pi
1351	e^4	elementary	64	exact	3	x	FOUR, EXP	0.000e+00	11	0.0	64.0	True	E^4
1352	radian	elementary	64	exact	7	x, FIVE, DIVIDE	SIX, SQR, PI, DIVIDE	0.000e+00	303	1.7	64.0	True	180/Pi
1353	pi^4	elementary	64	exact	4	x	PI, SQR, SQR	1.459e-16	25	0.0	64.0	True	Pi^4
1354	Product_{j>=1, j!=3} zeta(j/3)	none	64	not found	10	x, SQRT, EXP, FOUR, TIMES	GOLDENRATIO, SQR, SQR, SIX, POWER	1.334e-07	0	1.7	nan	False	
1355	Golden angle degrees	algebraic	64	exact	9	EIGHT, x, DIVIDE, SQRT	GOLDENRATIO, THREE, TIMES, NINE, SUBTRACT	0.000e+00	40	1.7	63.7	True	180*(3 - Sqrt[5])
1356	e^5	elementary	64	exact	3	x	FIVE, EXP	0.000e+00	8	0.0	64.0	True	E^5
1357	pi^5	elementary	64	exact	4	x	FIVE, PI, POWER	1.858e-16	13	0.0	64.0	True	Pi^5
1358	e^6	elementary	64	exact	3	x	SIX, EXP	0.000e+00	9	0.0	64.0	True	E^6
1359	e^(2pi)	elementary	64	exact	4	x	PI, EXP, SQR	2.123e-16	22	0.0	64.0	True	E^(2*Pi)
1360	Jenny constant	elementary	64	not found	10	SEVEN, EXP, x, SQR, DIVIDE	ONE, PI, EIGHT, POWER, SUBTRACT	2.090e-08	0	1.7	nan	False	(-9 + 7^(-E^(-1) + E))*Pi^2
1361	pi^6	elementary	64	exact	4	x	SIX, PI, POWER	2.365e-16	26	0.0	64.0	True	Pi^6
1362	e^7	elementary	64	exact	3	x	SEVEN, EXP	0.000e+00	9	0.0	63.7	True	E^7
1363	e^8	elementary	64	exact	3	x	EIGHT, EXP	0.000e+00	15	0.0	63.9	True	E^8
1364	pi^7	elementary	64	exact	4	x	SEVEN, PI, POWER	3.011e-16	13	0.0	63.9	True	Pi^7
1365	10800/π	elementary	64	exact	10	x, THREE, DIVIDE, PI, DIVIDE	EIGHT, SQR, FOUR, SUBTRACT, SQR	0.000e+00	5	1.7	64.0	True	10800/Pi
1366	e^9	elementary	64	exact	3	x	NINE, EXP	0.000e+00	14	0.0	64.0	True	E^9
1367	Gram point crossover constant	special	64	not found	10	NINE, x, SIX, SUBTRACT, DIVIDE	SEVEN, EXP, NINE, SQR, SUBTRACT	2.544e-08	0	1.7	nan	False	Root[{-RiemannSiegelTheta[#1] + Pi*#1 & , 9146.69819317145926586619766347`29.961264349227967}]
1368	pi^8	elementary	64	exact	4	x	EIGHT, PI, POWER	3.834e-16	24	0.0	64.0	True	Pi^8
1369	e^(3pi)	elementary	64	exact	5	x, LOG	PI, THREE, TIMES	0.000e+00	62	0.0	63.6	True	E^(3*Pi)
1370	e^10	elementary	64	exact	4	x, SQRT	FIVE, EXP	0.000e+00	29	0.0	63.7	True	E^10
1371	pi^9	elementary	64	exact	4	x	NINE, PI, POWER	3.661e-16	20	0.0	64.0	True	Pi^9
1372	pi^10	elementary	64	exact	5	x	FIVE, PI, POWER, SQR	3.108e-16	54	0.0	64.0	True	Pi^10
1373	648000/π	elementary	64	not found	10	NINE, x, SIX, PLUS, DIVIDE	EIGHT, SQRT, NINE, EXP, TIMES	1.703e-07	0	1.6	nan	False	648000/Pi
1374	e^(4pi)	elementary	64	exact	5	x, LOG	PI, FOUR, TIMES	0.000e+00	99	0.0	64.0	True	E^(4*Pi)
1375	e^(5pi)	elementary	64	exact	5	x, LOG	PI, FIVE, TIMES	0.000e+00	49	0.0	64.0	True	E^(5*Pi)
1376	e^(6pi)	elementary	64	exact	5	x, LOG	PI, SIX, TIMES	0.000e+00	54	0.0	63.9	True	E^(6*Pi)
1377	e^(7pi)	elementary	64	exact	5	x, LOG	PI, SEVEN, TIMES	0.000e+00	51	0.0	64.0	True	E^(7*Pi)
1378	e^(8pi)	elementary	64	exact	5	x, LOG	PI, EIGHT, TIMES	0.000e+00	77	0.0	64.0	True	E^(8*Pi)
1379	e^(9pi)	elementary	64	exact	5	x, LOG	PI, NINE, TIMES	0.000e+00	54	0.0	64.0	True	E^(9*Pi)
1380	e^(10pi)	elementary	64	exact	6	x, SQRT, LOG	PI, FIVE, TIMES	0.000e+00	137	0.1	64.0	True	E^(10*Pi)
1381	Ramanujan's constant	elementary	64	not found	10	TWO, x, LOG, SQR, SUBTRACT	GOLDENRATIO, NINE, SUBTRACT, EULER, POWER	3.379e-07	0	1.4	nan	False	E^(Sqrt[163]*Pi)
