id	name	class	digits	verdict	total	LHS	RHS	REL_ERR	candidates	ms	agree	solved	formula
1	conic constant	elementary	64	exact	4	x, SQR	FOUR, EXP	0.000e+00	2	0.4	64.0	True	-E^2
2	log π/648000	elementary	64	not found	12	x, TAN, INV, ARCSIN, ARCSIN	EULER, COSH, INV, FIVE, ARCTAN, INV, PLUS	6.518e-15	7	0.4	14.2	True	Log10[Pi/648000]
3	log π/10800	elementary	64	not found	12	x, SIN, SQRT, GAMMA, ARCSINH	TWO, ARCCOSH, SIN, TWO, DIVIDE, ARCCOSH, SQRT	1.316e-13	18	0.4	12.9	True	Log10[Pi/10800]
4	log e^(-2π)	elementary	64	exact	7	x	THREE, ARCTAN, COS, LOG, PI, DIVIDE	0.000e+00	5	0.4	64.0	True	Log10[E^(-2*Pi)]
5	(1 + 1/e)/(1/e - 1) = -coth(1/2)	elementary	64	exact	6	x	TWO, NEG, DIVIDE, TANH, INV	0.000e+00	6	0.4	63.9	True	(1 + 1/E)/(1/E - 1)
6	Madelung 6D square lattice constant	special	64	not found	12	x, COS, EXP, ARCCOS, TAN	EIGHT, SIN, SQRT, EXP, INV, TAN, COSH	1.378e-14	18	0.4	13.9	True	(3*(4*DirichletBeta[5/2]*(-1 + Sqrt[2])*Zeta[1/2] - DirichletBeta[1/2]*(-1 + 4*Sqrt[2])*Zeta[5/2]))/Pi^2
7	Madelung 4D square lattice constant	special	64	not found	12	x, COSH, EXP, ARCCOSH, TAN	SEVEN, SIX, DIVIDE, FIVE, ARCTAN, SIN, POWER	1.368e-13	14	0.4	12.9	True	-8*(5 - 3*Sqrt[2])*Zeta[-1/2]*Zeta[1/2]
8	log π/180	elementary	64	exact	11	x, NEG, NINE, SUBTRACT, POWER	SEVEN, GAMMA, PI, DIVIDE, FOUR, TIMES	0.000e+00	6	0.4	64.0	True	Log10[Pi/180]
9	Madelung 2D square lattice constant	special	64	not found	12	x, FOUR, TANH, COSH, DIVIDE	TWO, SQRT, SEVEN, PLUS, COS, INV, TANH	2.804e-14	4	0.4	13.6	True	4*DirichletBeta[1/2]*(-1 + Sqrt[2])*Zeta[1/2]
10	Bateman-Grosswald constant	special	64	not found	12	PI, TANH, x, DIVIDE, GAMMA	NINE, COSH, ARCTAN, ARCCOSH, ARCCOSH, LOG, SQR	2.131e-13	1	0.4	12.7	True	Zeta[2/3]/Zeta[2]
11	log e^(-π)	elementary	64	exact	8	x	THREE, ARCTAN, COS, SQR, LOG, PI, DIVIDE	0.000e+00	12	0.4	64.0	True	Log10[E^(-Pi)]
12	log 1/4π	elementary	64	exact	9	x, NEG, NINE, SUBTRACT, POWER	PI, FOUR, TIMES, INV	0.000e+00	3	0.4	63.8	True	Log10[1/(4*Pi)]
13	generalized Stirling constant	special	64	not found	12	x, SQR, SQR, SINH, LOG	SIX, SQRT, TANH, TAN, COSH, INV, SQR	3.896e-14	0	0.4	13.4	True	EulerGamma^2/4 - Pi^2/48 + StieltjesGamma[1]/2 - Log[2*Pi]^2/4
14	Neg	rational	64	exact	2	x	NEG	0.000e+00	1	0.4	64.0	True	-1
15	log 1/π^2	elementary	64	exact	6	x, THREE, ARCTAN, COS, POWER	PI	0.000e+00	6	0.4	64.0	True	Log10[1/Pi^2]
16	log 1/3π	elementary	64	exact	9	x, NEG, NINE, SUBTRACT, POWER	PI, THREE, TIMES, INV	0.000e+00	3	0.4	64.0	True	Log10[1/(3*Pi)]
17	zeta'(2)	special	64	not found	12	x, ARCSIN, INV, TANH, COS	EIGHT, PI, ARCCOSH, ARCCOSH, DIVIDE, COS, ARCTAN	1.007e-14	5	0.4	14.0	True	Derivative[1][Zeta][2]
18	log 1/e^2	elementary	64	exact	6	x, INV	THREE, ARCTAN, COS, LOG	0.000e+00	4	0.4	64.0	True	Log10[1/E^2]
19	log 1/2π	elementary	64	exact	9	x, NEG, NINE, SUBTRACT, POWER	PI, PI, PLUS, INV	0.000e+00	3	0.4	64.0	True	Log10[1/(2*Pi)]
20	infinite tetration of reciprocal root 2	special	64	not found	11	x, ARCTAN, ARCTAN, INV, TAN	TWO, ARCCOSH, GAMMA, COS, SEVEN, SUBTRACT	7.776e-14	0	0.4	13.1	True	(-2*ProductLog[Log[2]/2])/Log[2]
21	log e^(-π/2)	elementary	64	exact	8	x	THREE, ARCTAN, COS, LOG, ONE, ARCTAN, DIVIDE	0.000e+00	10	0.4	64.0	True	Log10[E^(-Pi/2)]
22	Granville-Soundararajan constant	special	64	not found	12	x, GOLDENRATIO, DIVIDE, TAN, TAN	GOLDENRATIO, EXP, ARCSINH, FOUR, SUBTRACT, TANH, GAMMA	2.460e-13	2	0.4	12.6	True	1 + Pi^2/3 + 4*PolyLog[2, -Sqrt[E]]
23	ln(gamma)	special	64	not found	12	EIGHT, x, ARCSINH, SQR, DIVIDE	GOLDENRATIO, FOUR, TIMES, SIN, SIN, SIN, SQR	4.970e-14	27	0.4	13.3	True	Log[EulerGamma]
24	log 1/π	elementary	64	exact	7	x, NEG, NINE, SUBTRACT, POWER	PI, INV	0.000e+00	16	0.4	64.0	True	Log10[1/Pi]
25	log 1/e	elementary	64	exact	7	x, INV	THREE, ARCTAN, COS, SQR, LOG	0.000e+00	11	0.4	64.0	True	Log10[1/E]
26	log Sqrt[1/2π]	elementary	64	exact	10	x, NEG, NINE, SUBTRACT, POWER	PI, ONE, ARCSIN, SQRT, DIVIDE	0.000e+00	4	0.4	64.0	True	Log10[Sqrt[1/(2*Pi)]]
27	ln ln two	elementary	64	exact	4	x	TWO, LOG, LOG	0.000e+00	2	0.4	64.0	True	Log[Log[2]]
28	log M = log e	elementary	64	exact	10	x, THREE, ARCTAN, COS, POWER	NEG, NINE, SUBTRACT, LOG, SQRT	0.000e+00	7	0.4	63.9	True	Log10[Log10[E]]
29	log π/6	elementary	64	exact	8	x, NEG, NINE, SUBTRACT, POWER	TWO, INV, ARCSIN	0.000e+00	6	0.4	64.0	True	Log10[Pi/6]
31	Airy function constant	special	64	exact	11	SIX, x, POWER, INV	SIX, THREE, INV, GAMMA, POWER, NINE, TIMES	0.000e+00	3	0.4	63.8	True	-(1/(3^(1/3)*Gamma[1/3]))
32	log Sqrt[1/π]	elementary	64	exact	8	x, NEG, NINE, SUBTRACT, POWER	PI, INV, SQRT	0.000e+00	10	0.4	63.8	True	Log10[Sqrt[1/Pi]]
33	log γ	special	64	not found	12	x, EULER, DIVIDE, COS, TANH	FOUR, SINH, SQRT, ARCCOSH, SQR, TWO, DIVIDE	9.641e-13	3	0.4	12.0	True	Log10[EulerGamma]
34	log Sqrt[1/e]	elementary	64	exact	8	x, INV	THREE, ARCTAN, COS, SQR, SQR, LOG	0.000e+00	14	0.4	64.0	True	Log10[Sqrt[1/E]]
35	log Cbrt[3/4π]	elementary	64	not found	12	x, PI, THREE, TIMES, POWER	SEVEN, LOG, ARCCOSH, ARCTAN, SQR, TANH, SIN	2.219e-13	0	0.4	12.7	True	Log10[CubeRoot[3/(4*Pi)]]
36	log 2/π	elementary	64	exact	8	x, NEG, NINE, SUBTRACT, POWER	ONE, ARCSIN, INV	0.000e+00	10	0.4	64.0	True	Log10[2/Pi]
37	log Cbrt[1/π]	elementary	64	exact	9	x, INV, PI, POWER	SIX, THREE, ARCTAN, COS, POWER	0.000e+00	5	0.4	64.0	True	Log10[CubeRoot[1/Pi]]
38	log Cbrt[1/e]	elementary	64	exact	8	x	SIX, THREE, ARCTAN, COS, POWER, LOG, INV	0.000e+00	8	0.4	63.8	True	Log10[CubeRoot[1/E]]
39	ln(Gamma(4/3))	special	64	exact	8	x	THREE, LOG, SINH, GAMMA, LOG, ARCCOS, COS	1.226e-16	1	0.4	63.4	True	LogGamma[4/3]
40	log π/4	elementary	64	exact	8	x, INV, ONE, ARCTAN, POWER	NEG, NINE, SUBTRACT	1.323e-16	10	0.4	63.6	True	Log10[Pi/4]
41	ln(Gamma(5/3))	special	64	exact	6	x	THREE, LOG, COSH, GAMMA, LOG	2.713e-16	1	0.4	63.9	True	LogGamma[5/3]
42	ln(Gamma(5/4))	special	64	exact	6	x	TWO, LOG, COSH, GAMMA, LOG	4.237e-16	1	0.4	64.0	True	LogGamma[5/4]
43	log Sqrt[2/π]	elementary	64	exact	10	x, INV, ONE, ARCSIN, POWER	THREE, ARCTAN, COS, SQR, SQR	0.000e+00	13	0.4	64.0	True	Log10[Sqrt[2/Pi]]
44	ln(Gamma(7/4))	special	64	exact	8	x	FOUR, SEVEN, DIVIDE, GAMMA, EXP, LOG, LOG	0.000e+00	2	0.4	64.0	True	LogGamma[7/4]
45	Stieltjes constant	special	64	not found	12	x, SIN, TAN, INV, COS	TWO, EULER, COSH, TANH, TANH, SUBTRACT, SIN	4.480e-13	8	0.4	12.3	True	1 + EulerGamma^2 - Pi^2/8 + 2*StieltjesGamma[1]
46	Gauchman constant	special	64	not found	12	x, SIN, GOLDENRATIO, COS, DIVIDE	EULER, SIN, ARCTAN, INV, SIX, PLUS, LOG	5.316e-13	16	0.4	12.3	True	ConditionalExpression[Extension`GauchmanConstant == \[FormalX], E^(\[FormalU]/2) + 2*E^\[FormalU] + E^((3*\[FormalU])/2) + E^(\[FormalU] + \[FormalV]) == E^\[FormalV] + 2*E^(\[FormalU]/2 + \[FormalV]) && 2*(1 + \[FormalX] + E^(\[FormalU]/2 - \[FormalV])) == 4/E^(\[FormalU]/2) + (-2 + \[FormalU])/E^\[FormalV] && 1 + \[FormalU] + 6*E^(\[FormalU]/2) + 4*E^\[FormalU] + 4*E^(\[FormalU]/2 + \[FormalV]) == \[FormalV] + 9*E^\[FormalV] && -1/40 < \[FormalX] < 0]
47	log 3/π	elementary	64	not found	11	SIX, x, GAMMA, DIVIDE, TAN	NINE, NEG, TAN, POWER, SQR, ARCTAN	4.219e-11	29	0.4	10.4	True	Log10[3/Pi]
48	Zero	rational	64	exact	3	x, EXP	ONE	0.000e+00	1	0.4	64.0	True	0
49	e^(-10pi)	elementary	64	exact	7	x, SQRT	FIVE, PI, EXP, INV, POWER	0.000e+00	4	0.4	64.0	True	E^(-10*Pi)
50	e^(-9pi)	elementary	64	exact	6	x	NINE, PI, EXP, INV, POWER	3.843e-16	1	0.4	64.0	True	E^(-9*Pi)
51	'chi', a constant appearing in the asymptotic variance of the number of comparisons required for updating a digital sear	none	64	not found	12	TWO, LOG, x, TIMES, INV	TWO, SQRT, LOG, PI, SQR, DIVIDE, SINH	2.089e-13	101	0.4	12.7	True	
52	e^(-8pi)	elementary	64	exact	6	x	EIGHT, PI, EXP, INV, POWER	1.328e-16	1	0.4	63.9	True	E^(-8*Pi)
53	e^(-7pi)	elementary	64	exact	6	x	SEVEN, PI, EXP, INV, POWER	1.837e-16	1	0.4	64.0	True	E^(-7*Pi)
54	e^(-6pi)	elementary	64	exact	6	x	SIX, PI, EXP, INV, POWER	2.540e-16	1	0.4	64.0	True	E^(-6*Pi)
55	e^(-5pi)	elementary	64	exact	6	x	FIVE, PI, EXP, INV, POWER	0.000e+00	2	0.4	63.6	True	E^(-5*Pi)
56	e^(-4pi)	elementary	64	exact	6	x	PI, EXP, INV, SQR, SQR	0.000e+00	4	0.4	64.0	True	E^(-4*Pi)
57	1 arcsecond in radians	elementary	64	exact	10	x, FIVE, TIMES	SIX, GAMMA, THREE, TIMES, SQR, PI, DIVIDE	0.000e+00	36	0.4	64.0	True	Pi/648000
58	pi^-10	elementary	64	exact	6	x	FIVE, PI, SQR, INV, POWER	1.586e-16	2	0.4	63.5	True	Pi^(-10)
59	pi^-9	elementary	64	exact	5	x	NINE, PI, POWER, INV	4.040e-16	2	0.4	63.8	True	Pi^(-9)
60	e^-10	elementary	64	exact	5	x	FIVE, EXP, SQR, INV	0.000e+00	4	0.4	64.0	True	E^(-10)
61	e^(-3pi)	elementary	64	exact	6	x	THREE, PI, EXP, INV, POWER	0.000e+00	2	0.4	64.0	True	E^(-3*Pi)
62	pi^-8	elementary	64	exact	5	x	EIGHT, PI, POWER, INV	1.286e-16	2	0.4	63.5	True	Pi^(-8)
63	sum_{r in Z}(1/r^3) where Z is the set of all nontrivial zeros r of the Riemann zeta function	special	64	not found	12	x, TAN, SQR, LOG, SIN	THREE, COSH, SIN, SIN, EXP, SIN, TAN	6.918e-12	294	0.4	11.2	True	-(-7*Zeta[3]/8 + EulerGamma^3 + 3*EulerGamma*StieltjesGamma[1] + 3/2*StieltjesGamma[2] + 1)
64	e^-9	elementary	64	exact	4	x, INV	NINE, EXP	0.000e+00	2	0.4	63.4	True	E^(-9)
65	6th du Bois-Reymond constant	none	64	not found	12	x, LOG, TAN, SQR, GAMMA	FOUR, SIN, COS, ARCSINH, ARCTANH, ARCTAN, GAMMA	4.545e-13	318	0.4	12.3	True	
66	1 arcminute in radians	elementary	64	exact	9	x, THREE, TIMES	SEVEN, GAMMA, FIVE, TIMES, PI, DIVIDE	0.000e+00	32	0.4	64.0	True	Pi/10800
67	pi^-7	elementary	64	exact	5	x	SEVEN, PI, POWER, INV	3.275e-16	2	0.4	64.0	True	Pi^(-7)
68	e^-8	elementary	64	exact	4	x	EIGHT, EXP, INV	0.000e+00	2	0.4	64.0	True	E^(-8)
69	zeta'(-5) (the derivative of Riemann's zeta function at -5) (negated)	special	64	not found	12	x, ARCSIN, ARCTAN, LOG, COS	SEVEN, ARCCOSH, COS, PI, ARCTAN, PLUS, ARCSINH	4.265e-13	79	0.4	12.4	True	-(Zeta'[-5])
70	zeta'(-7) (the derivative of Riemann's zeta function at -7) (negated)	special	64	not found	12	x, LOG, TAN, TAN, SIN	THREE, SIN, SIN, SQRT, SIN, COSH, GAMMA	3.649e-13	52	0.4	12.4	True	-(Zeta'[-7])
71	5th Stieltjes constant gamma_5	special	64	not found	12	x, LOG, GAMMA, LOG, COS	NEG, ARCSINH, THREE, ARCSINH, POWER, COSH, ARCTAN	1.333e-12	58	0.4	11.9	True	-(-StieltjesGamma[5])
72	e^-7	elementary	64	exact	4	x	SEVEN, EXP, INV	0.000e+00	2	0.4	64.0	True	E^(-7)
73	pi^-6	elementary	64	exact	5	x	SIX, PI, POWER, INV	2.085e-16	2	0.4	63.5	True	Pi^(-6)
74	5th du Bois-Reymond constant	none	64	not found	12	EULER, ARCTAN, TANH, x, TIMES	SEVEN, GAMMA, SEVEN, ARCSINH, COS, COS, DIVIDE	5.431e-13	29	0.4	12.3	True	
75	Heath-Brown–Moroz constant	special	64	not found	12	x, SQRT, SINH, ARCSIN, TANH	SEVEN, EIGHT, NEG, SIN, POWER, ARCSIN, DIVIDE	2.257e-12	47	0.4	11.6	True	Product[(1 - Prime[n]^(-1))^7*(1 + (1 + 7*Prime[n])/Prime[n]^2), {n, 1, Infinity}]
76	e^(-2pi)	elementary	64	exact	5	x	PI, EXP, INV, SQR	0.000e+00	5	0.4	63.8	True	E^(-2*Pi)
77	'mu', a Sobolev isoperimetric constant related to the "rod inequality", arising from the elasticity study of a rod that 	none	64	not found	12	EIGHT, GAMMA, x, TIMES, TAN	NEG, SIN, ARCTAN, SINH, NINE, ARCTAN, POWER	4.137e-12	105	0.4	11.4	True	
78	3rd Stieltjes constant gamma_3	special	64	not found	12	x, SQRT, ARCSIN, ARCSINH, ARCTANH	EULER, SIX, EULER, TANH, POWER, ARCCOS, POWER	1.239e-12	112	0.4	11.9	True	-(-StieltjesGamma[3])
79	4th Stieltjes constant gamma_4	special	64	not found	12	x, NINE, TIMES, SQR, LOG	EIGHT, FIVE, ARCSINH, TAN, SINH, EXP, SUBTRACT	1.302e-12	176	0.4	11.9	True	-(-StieltjesGamma[4])
80	e^-6	elementary	64	exact	4	x	SIX, EXP, INV	0.000e+00	2	0.4	64.0	True	E^(-6)
82	pi^-5	elementary	64	exact	5	x	FIVE, PI, POWER, INV	2.654e-16	2	0.4	64.0	True	Pi^(-5)
83	16/(9*sqrt(184607))	algebraic	64	not found	11	x, LOG, TAN, INV	FIVE, GOLDENRATIO, ARCSINH, ARCCOSH, SQRT, ARCSIN, POWER	1.308e-12	106	0.4	11.9	True	16/(9Sqrt[184607])
84	4th du Bois-Reymond constant	elementary	64	not found	12	x, GAMMA, LOG, SQR, TAN	EULER, INV, ARCTAN, COSH, EXP, TWO, SUBTRACT	3.563e-13	153	0.4	12.4	True	(E^4 - 4E^2 - 25)/8
85	zeta'(-3) (the derivative of Riemann's zeta function at -3)	special	64	not found	12	x, SINH, LOG, TAN, EXP	NINE, ARCCOSH, SIX, SIN, DIVIDE, SIX, PLUS	4.296e-13	167	0.4	12.4	True	Zeta'[-3]
86	zeta'(-6) (the derivative of Riemann's zeta function at -6) (negated)	special	64	not found	12	x, SQR, LOG, TAN, COSH	FOUR, ARCSINH, SQR, GOLDENRATIO, POWER, ARCSINH, ARCCOSH	9.409e-15	70	0.4	14.0	True	-(Zeta'[-6])
87	zeta''(0)+2, the coefficient of z^2 in the Laurent expansion of zeta(z) at the origin	special	64	not found	12	x, LOG, COS, SINH, GAMMA	PI, INV, TWO, PLUS, ARCCOSH, ARCCOSH, EXP	6.986e-14	69	0.4	13.2	True	-(Zeta''[0]+2)
88	e^-5	elementary	64	exact	4	x	FIVE, EXP, INV	0.000e+00	2	0.4	64.0	True	E^(-5)
89	Wyler constant	special	64	not found	12	x, FIVE, TIMES, NINE, TIMES	FIVE, ARCCOSH, ONE, SINH, TANH, ARCSINH, DIVIDE	1.016e-12	44	0.4	12.0	True	(9*(5!^(-1))^(1/4))/(16*Pi^(11/4))
90	zeta'(-4) (the derivative of Riemann's zeta function at -4)	special	64	not found	12	x, SQR, LOG, SIN, SINH	FIVE, TAN, INV, SINH, GOLDENRATIO, TIMES, SQR	2.261e-12	55	0.4	11.6	True	Zeta'[-4]
91	zeta'(-8) (the derivative of Riemann's zeta function at -8)	special	64	not found	12	x, ARCTANH, INV, ARCSINH, COS	THREE, EULER, GOLDENRATIO, POWER, SUBTRACT, SQRT, ARCTAN	5.626e-12	70	0.4	11.2	True	Zeta'[-8]
92	sum of the alternating series tau(3), with tau(n) = Sum_{k>0} (-1)^k*log(k)^n/k	none	64	not found	12	x, TANH, LOG, SIN, ARCTANH	SIX, GOLDENRATIO, ARCCOSH, SQRT, TAN, POWER, ARCCOSH	2.376e-12	92	0.4	11.6	True	
93	'mu', an isoperimetric constant associated with the study of a vibrating, homogeneous plate clamped at the boundary of t	none	64	not found	12	x, ARCTANH, SIX, EXP, TIMES	NINE, COS, NINE, POWER, TANH, FOUR, SUBTRACT	2.149e-12	109	0.4	11.7	True	
94	2nd Stieltjes constant gamma_2 (negated)	special	64	not found	12	FIVE, COSH, x, TIMES, ARCSIN	EIGHT, NINE, TAN, DIVIDE, EXP, GAMMA, ARCTAN	1.395e-12	113	0.4	11.9	True	-StieltjesGamma[2]
95	pi^-4	elementary	64	exact	5	x	PI, SQR, INV, SQR	0.000e+00	4	0.4	63.7	True	Pi^(-4)
96	p_3 (so named by S. Finch), a probability related to Vallée's constant	none	64	not found	12	x, GOLDENRATIO, DIVIDE, ARCSINH, COS	NINE, EIGHT, DIVIDE, SINH, SEVEN, TAN, DIVIDE	4.925e-13	158	0.4	12.3	True	
97	16/(207*sqrt(53))	algebraic	64	not found	12	x, THREE, TAN, DIVIDE, COS	EULER, ARCTAN, GOLDENRATIO, TANH, DIVIDE, ARCSINH, ARCSINH	2.304e-14	175	0.4	13.6	True	16/(207Sqrt[53])
98	cube tetrahedron-picking constant	elementary	64	not found	12	x, TAN, ARCSIN, LOG, SINH	THREE, SIN, LOG, ARCTAN, SINH, SIN, GAMMA	3.117e-12	97	0.4	11.5	True	3977/216000 - Pi^2/2160
99	2*zeta(3)/Pi^2 - 11/18 + log(Pi)/3	special	64	not found	12	FOUR, SIN, TAN, x, POWER	THREE, SIN, SQRT, COSH, TAN, NINE, POWER	8.699e-13	125	0.4	12.1	True	2Zeta[3]/Pi^2-11/18+Log[Pi]/3
100	b_3, a constant associated with the 3rd Du Bois Reymond constant	none	64	not found	12	x, TANH, TAN, SINH, SQRT	FIVE, SIN, SQR, TAN, TWO, ARCSINH, SUBTRACT	2.265e-13	178	0.4	12.6	True	
101	tetrahedron tetrahedron-picking constant	elementary	64	not found	12	x, SIN, LOG, SINH, COS	FOUR, ARCTAN, TANH, TAN, FIVE, COS, SUBTRACT	8.535e-14	168	0.4	13.1	True	13/720 - Pi^2/15015
102	number of radians in one degree	elementary	64	exact	7	x	SIX, SQR, FIVE, TIMES, PI, DIVIDE	0.000e+00	13	0.4	64.0	True	Pi/180
103	sum of the alternating series tau(4), with tau(n) = Sum_{k>0} (-1)^k*log(k)^n/k	none	64	not found	12	x, SEVEN, ARCSINH, SIN, DIVIDE	THREE, EXP, THREE, DIVIDE, FIVE, PLUS, SQR	5.978e-13	85	0.4	12.2	True	
104	e^-4	elementary	64	exact	4	x	FOUR, EXP, INV	1.894e-16	2	0.4	64.0	True	E^(-4)
105	log π/3	elementary	64	not found	12	EIGHT, SQRT, x, GAMMA, DIVIDE	EIGHT, GOLDENRATIO, GAMMA, DIVIDE, GAMMA, NINE, PLUS	5.058e-13	72	0.4	12.3	True	Log10[Pi/3]
106	a Shapiro-Drinfeld constant, known as Gauchman's constant, related to the difference of cyclic sums (negated)	none	64	not found	12	THREE, SINH, ARCCOSH, x, TIMES	FIVE, PI, INV, TAN, TANH, TAN, DIVIDE	3.864e-13	31	0.4	12.4	True	
107	lambda(1) in Li's criterion	special	64	not found	12	x, SQR, GAMMA, LOG, TAN	THREE, EULER, GAMMA, DIVIDE, SIN, GAMMA, COSH	2.199e-12	63	0.4	11.7	True	EulerGamma/2 + 1 - Log[4 Pi]/2
108	triple integral of ({x/y}{y/z}{z/x})^2 over the unit cube	special	64	not found	12	x, THREE, SIN, TANH, DIVIDE	GOLDENRATIO, GAMMA, COS, SINH, EIGHT, POWER, GAMMA	2.983e-13	32	0.4	12.5	True	1 - Zeta[2]/2 - Zeta[3]/2 + 7*Zeta[6]/48 + Zeta[2]*Zeta[3]/18 + Zeta[3]^2/18 + Zeta[3]*Zeta[4]/12
109	sum of the alternating series tau(5), with tau(n) = Sum_{k>0} (-1)^k*log(k)^n/k	none	64	not found	12	x, FOUR, DIVIDE, ARCSINH, COS	FOUR, INV, ARCCOS, ARCTAN, ARCSIN, SQR, TANH	1.797e-14	19	0.4	13.8	True	
110	Matthews' constant C_4, an analog of Artin's constant for primitive roots	none	64	not found	12	x, SIN, ARCSINH, ARCTAN, ARCTAN	SIX, SQR, ARCCOSH, NINE, INV, ARCTANH, DIVIDE	8.771e-15	52	0.4	14.1	True	
111	3rd du Bois-Reymond constant	none	64	not found	12	x, SEVEN, TIMES, INV, ARCSINH	NINE, ARCTAN, COSH, GOLDENRATIO, GAMMA, ARCTANH, POWER	1.911e-13	71	0.4	12.7	True	
112	sum of reciprocals of squares of perfect numbers	none	64	not found	12	x, LOG, COS, ARCTAN, SQR	GOLDENRATIO, COS, THREE, TANH, SUBTRACT, COS, ARCTANH	1.087e-12	57	0.4	12.0	True	
113	pi^-3	elementary	64	exact	5	x, INV	THREE, PI, POWER	0.000e+00	2	0.4	63.9	True	Pi^(-3)
114	1/2 - log(2)/4 - G/Pi, where G = A006752	special	64	not found	12	x, INV, COS, ARCCOS, SINH	TWO, SINH, COSH, SQR, ARCCOSH, PI, PLUS	6.903e-13	40	0.4	12.2	True	1/2-Log[2]/4-Catalan/Pi
115	percolation cluster density constant	algebraic	64	exact	11	FOUR, SQR, x, TIMES	SEVEN, ARCCOSH, EXP, SIX, DIVIDE, ONE, SUBTRACT	0.000e+00	11	0.4	64.0	True	-41/16 + (3*Sqrt[3])/2
116	1/4 - 7*zeta(3)/(4*Pi^2)	special	64	not found	11	x, TAN, GAMMA, THREE, PLUS	GOLDENRATIO, NINE, INV, EIGHT, PLUS, POWER	2.458e-13	39	0.4	12.6	True	1/4-7Zeta[3]/(4Pi^2)
117	a constant 'v' such that the asymptotic variance of the distribution of the longest cycle given a random n-permutation e	none	64	not found	12	x, TANH, INV, SIN, ARCSINH	FIVE, SIX, TIMES, SIN, PI, ARCCOSH, PLUS	8.648e-15	41	0.4	14.1	True	
118	H(1/2,1), a constant appearing in the asymptotic variance of the largest component of random mappings on n symbols, expr	none	64	not found	12	x, SINH, SIX, TIMES, SIN	GOLDENRATIO, INV, TANH, ARCCOS, ARCTAN, ONE, SUBTRACT	7.744e-14	41	0.4	13.1	True	
119	'v', a parking constant associated with the asymptotic variance of the number of cars that can be parked in a given inte	none	30	not found	12	x, GAMMA, COS, SIX, POWER	TWO, SEVEN, TIMES, SQRT, THREE, ARCTAN, TIMES	3.593e-13	16	0.4	12.4	True	
120	Integral_{0..1/2} log(gamma(x+1)) dx (negated)	special	64	not found	12	x, TANH, LOG, GAMMA, TAN	PI, ARCSINH, TAN, INV, COS, ARCTANH, ARCSINH	7.818e-13	12	0.4	12.1	True	-(-1/2 - (7/24)*Log[2] + (1/4)*Log[Pi] + (3/2) * Log[Glaisher])
121	e^(-1pi)	elementary	64	exact	4	x	PI, EXP, INV	0.000e+00	2	0.4	64.0	True	E^(-1*Pi)
122	16/(9*sqrt(1609))	algebraic	64	not found	12	x, SEVEN, TAN, DIVIDE, COS	SIX, THREE, SQRT, SIN, POWER, COS, TAN	1.910e-13	14	0.4	12.7	True	16/(9Sqrt[1609])
123	pi^-e	elementary	64	exact	5	x	EULER, PI, POWER, INV	3.117e-16	2	0.4	64.0	True	Pi^(-E)
124	sum_{r in Z}(1/r^2) where Z is the set of all nontrivial zeros r of the Riemann zeta function	special	64	not found	12	x, LOG, GAMMA, GAMMA, COSH	EULER, GAMMA, EXP, GAMMA, INV, COS, TAN	2.458e-13	13	0.4	12.6	True	-(-Pi^2/8 + EulerGamma^2 + 2*StieltjesGamma[1] + 1)
125	Mertens constant M(4,3) arising in the formula for the sum of reciprocals of primes p == 1 (mod 4)	none	64	not found	12	EULER, TAN, x, POWER, COS	SEVEN, ARCSINH, GOLDENRATIO, POWER, TAN, TAN, LOG	3.831e-13	33	0.4	12.4	True	
126	p_2, a probability associated with continuant polynomials	none	64	not found	12	ONE, ARCSINH, x, TIMES, ARCTANH	SEVEN, TAN, TAN, NINE, SUBTRACT, COS, TANH	1.473e-12	39	0.4	11.8	True	
127	a constant related to the variance of the number of vertices of the largest tree associated with a random mapping on n s	none	64	not found	12	x, LOG, COSH, COS, COS	FOUR, SIN, COS, FOUR, SUBTRACT, ARCTAN, ARCCOSH	4.488e-14	40	0.4	13.3	True	
128	e^-3	elementary	64	exact	4	x	THREE, EXP, INV	0.000e+00	2	0.4	64.0	True	E^(-3)
129	Integral_{x=0..Infinity} x*cos(x)/(1+x^2)	none	64	not found	12	NINE, x, LOG, COSH, SUBTRACT	EULER, SIN, TWO, POWER, ARCSINH, SIN, SQRT	2.601e-14	42	0.4	13.6	True	
130	ball tetrahedron-picking constant	elementary	64	exact	10	x, FIVE, TIMES	SIX, LOG, SINH, NINE, PLUS, PI, DIVIDE	0.000e+00	105	0.4	64.0	True	(12*Pi)/715
131	(9*sqrt(65) - 55)/320	algebraic	64	exact	12	x, SEVEN, DIVIDE, ONE, SUBTRACT	EIGHT, ARCSINH, EXP, TWO, SUBTRACT, NINE, TIMES	0.000e+00	823	0.4	64.0	True	(9Sqrt[65]-55)/320
132	log ln π	elementary	64	exact	8	x, INV, PI, LOG, POWER	NEG, NINE, SUBTRACT	0.000e+00	77	0.4	64.0	True	Log10[Log[Pi]]
133	constant A*B in the asymptotic expression of the summatory function Sum_{n=1..N} (1/phi(n)) as A(log(N)+B) + O(log(N)/N)	none	64	not found	12	x, GAMMA, COS, SINH, ARCTAN	NINE, ARCSINH, GAMMA, ARCSINH, TAN, SIN, SIN	1.046e-12	184	0.4	12.0	True	
134	Matthews' constant C_3, an analog of Artin's constant for primitive roots	none	64	not found	12	x, INV, COS, COSH, SINH	TWO, ARCTAN, PI, SQRT, DIVIDE, COSH, ARCSINH	2.535e-13	166	0.4	12.6	True	
135	Norton constant	special	64	not found	12	THREE, TAN, x, DIVIDE, SQR	THREE, LOG, LOG, COS, NEG, ARCTAN, PLUS	2.584e-13	60	0.4	12.6	True	(-Pi^2 + 6*Log[2]*(-3 + 2*EulerGamma + Log[2] + 24*Log[Glaisher] - 2*Log[Pi]))/Pi^2
136	Sum_{k > 0} (-1)^k*log(k)^2/k	none	64	not found	12	x, TANH, TANH, GAMMA, TAN	THREE, ARCSINH, ARCSINH, NINE, SINH, SIN, TIMES	2.615e-13	60	0.4	12.6	True	
137	analog of the Gibbs-Wilbraham constant for L_1 trigonometric polynomial approximation	none	64	not found	12	x, TAN, GAMMA, SIN, TAN	PI, ARCSINH, SIN, TANH, SEVEN, TAN, DIVIDE	6.540e-15	60	0.4	14.2	True	
138	e^-e	elementary	64	exact	4	x	EULER, EXP, INV	0.000e+00	2	0.4	64.0	True	E^(-E)
139	Pythagorean triple constant for perimeters	elementary	64	exact	6	x	PI, SQR, TWO, LOG, DIVIDE	0.000e+00	3	0.4	64.0	True	Log[2]/Pi^2
140	(sqrt(13) - 1)/36	algebraic	64	exact	9	x, INV	THREE, SIX, GAMMA, SUBTRACT, SQRT, THREE, PLUS	0.000e+00	5	0.4	64.0	True	(Sqrt[13]-1)/36
141	1st Stieltjes constant gamma_1 (negated)	none	64	not found	12	x, INV, SIN, GAMMA, SQRT	GOLDENRATIO, TANH, TANH, COS, LOG, COS, GAMMA	2.840e-14	52	0.4	13.5	True	
142	probability that a random walk on an 8-d lattice returns to the origin	none	64	not found	12	x, GAMMA, TAN, SQRT, TAN	NEG, TAN, GAMMA, ARCCOSH, INV, ARCTANH, ARCTANH	1.523e-13	40	0.4	12.8	True	
143	disk triangle-picking constant	elementary	64	exact	9	x, FOUR, TIMES	PI, SQR, SIX, LOG, SINH, DIVIDE	0.000e+00	8	0.4	64.0	True	35/(48*Pi^2)
144	1/4π	elementary	64	exact	5	x	PI, FOUR, TIMES, INV	0.000e+00	4	0.4	64.0	True	1/(4*Pi)
145	-Integral {x=1..2} log Gamma(x) dx	special	64	exact	10	x, ARCCOS, COS	PI, PI, PLUS, SQRT, LOG, ONE, SUBTRACT	0.000e+00	13	0.4	64.0	True	-Integrate[ Log[ Gamma[ x]], {x, 1, 2}]
146	-Zeta'(-1)/2	special	64	not found	12	x, TANH, EIGHT, TIMES, SIN	SEVEN, TANH, TAN, SINH, GAMMA, SIN, COS	2.198e-14	59	0.4	13.7	True	-(1/24 - Log[Glaisher]/2)
147	solution to the Heilbronn triangle problem for seven points in a unit square	none	64	not found	12	x, TANH, ARCTAN, INV, SIN	GOLDENRATIO, TAN, THREE, ARCSINH, PLUS, TAN, SINH	3.853e-13	73	0.4	12.4	True	
148	1-Catalan	special	64	not found	12	x, SINH, INV, TAN, COS	FIVE, EXP, ARCSINH, COS, SINH, COS, ARCTANH	8.274e-14	77	0.4	13.1	True	1 - Catalan
149	probability that a random walk on a 7-d lattice returns to the origin	none	64	not found	12	x, INV, TAN, TANH, COSH	PI, SINH, SQRT, COSH, FIVE, DIVIDE, EXP	3.898e-13	69	0.4	12.4	True	
150	Erdős–Tenenbaum–Ford constant	elementary	64	exact	11	x, TWO, POWER, LOG	EULER, TWO, POWER, SQRT, LOG, INV, LOG	0.000e+00	31	0.4	64.0	True	1 - (1 + Log[Log[2]])/Log[2]
151	1/2-G/Pi, the lowest limiting trough of a square wave Fourier series, where G is the Gibbs-Wilbraham constant. [negated]	none	64	not found	12	x, TAN, GOLDENRATIO, DIVIDE, COS	SEVEN, SIN, PI, SINH, SUBTRACT, LOG, SIN	3.319e-14	91	0.4	13.5	True	
152	integral_{0..infinity} x*log(x)*(1-eta(x)^2) dx, where the function 'eta' is a solution of the Painlevé III differential	special	64	not found	12	x, ARCSINH, GAMMA, TAN, ARCTAN	SEVEN, PI, DIVIDE, COS, SIN, EXP, TANH	4.620e-14	70	0.4	13.3	True	-(1/4 + (7/12)*Log[2] - 3*Log[Glaisher])
153	lambda(2) in Li's criterion	none	64	not found	12	x, NINE, TIMES, ARCSIN, SQR	THREE, EIGHT, SQRT, SUBTRACT, THREE, ARCTAN, POWER	2.305e-13	89	0.4	12.6	True	
154	e^(-Pi^2/(6*log(2)))	elementary	64	exact	9	x, LOG	EIGHT, LOG, NEG, ARCSIN, DIVIDE, PI, TIMES	0.000e+00	26	0.4	64.0	True	E^(-Pi^2/(6Log[2]))
155	second non-alternating series of reciprocal primes constant	special	64	not found	12	x, ARCSINH, ARCTANH, GAMMA, TAN	GOLDENRATIO, COSH, COS, TANH, COSH, SIN, TANH	2.394e-13	60	0.4	12.6	True	Sum[(-2 + Mod[Prime[\[FormalK]], 4])/Prime[\[FormalK]]^2, {\[FormalK], 2, Infinity}]
156	area of the convex hull of a circle of circumference 1 and a line segment of length 1/2 with midpoint at the circle cent	elementary	64	not found	12	x, ARCSINH, GAMMA, SIX, POWER	SIX, FIVE, ARCCOSH, EIGHT, GAMMA, POWER, DIVIDE	1.321e-13	31	0.4	12.9	True	(Sqrt[Pi^2-4]+Pi-2ArcCos[2/Pi])/(4Pi^2)
157	log Sqrt[π/2]	elementary	64	exact	9	x, INV, ONE, ARCSIN, POWER	NEG, NINE, SUBTRACT, SQR	1.415e-16	36	0.4	64.0	True	Log10[Sqrt[Pi/2]]
158	Sum_{n>=0} 1/10^(3^n), a transcendental number	none	64	not found	12	x, INV, COS, SQR, ARCSIN	NINE, COS, GOLDENRATIO, SIN, SQRT, LOG, SUBTRACT	1.134e-13	46	0.4	12.9	True	
159	pi^-2	elementary	64	exact	4	x	PI, SQR, INV	0.000e+00	3	0.4	64.0	True	Pi^(-2)
160	value of the Dickman function at phi + 1 = phi^2 = (3 + sqrt(5))/2 (A104457)	elementary	64	not found	12	x, ARCSINH, EULER, DIVIDE, SIN	SIX, EXP, COS, SIX, ARCCOSH, TIMES, ARCTANH	2.732e-13	56	0.4	12.6	True	1 - 2*Log[GoldenRatio] + Log[GoldenRatio]^2 - Pi^2/60
161	Quinn-Rand-Strogatz constant c2 (negated)	none	64	not found	12	SEVEN, ARCSINH, COS, x, DIVIDE	EIGHT, TWO, ARCCOSH, DIVIDE, SIX, PLUS, TAN	2.886e-13	55	0.4	12.5	True	
162	probability that a random walk on a 6-d lattice returns to the origin	none	64	not found	12	x, FIVE, TIMES, SINH, SINH	NINE, ARCSINH, SIN, SQRT, SQRT, ARCTAN, SIN	2.747e-13	58	0.4	12.6	True	
163	log 4/π	elementary	64	exact	9	x, INV, ONE, ARCTAN, POWER	THREE, ARCTAN, COS, SQR	1.323e-16	20	0.4	63.6	True	Log10[4/Pi]
164	1/3π	elementary	64	exact	5	x	PI, THREE, TIMES, INV	0.000e+00	4	0.4	63.4	True	1/(3*Pi)
165	one-ninth constant	special	64	not found	12	x, LOG, GAMMA, TAN, LOG	ONE, SIN, SINH, THREE, DIVIDE, TAN, EXP	3.210e-14	76	0.4	13.5	True	With[{\[FormalX] = Root[{-2*EllipticE[#1^2] + EllipticK[#1^2] & , 0.908908557548541478236118908745`29.9585201924082}]}, Exp[-((Pi*EllipticK[1 - \[FormalX]^2])/EllipticK[\[FormalX]^2])]]
166	Michael Trott's constant: continued fraction expansion (allowing 0's) begins in same way as decimal expansion	none	53	not found	12	x, EIGHT, TANH, SQRT, DIVIDE	THREE, TAN, GAMMA, SIN, COSH, SIX, TIMES	4.775e-14	41	0.4	13.3	True	
167	Liouville's constant	special	64	not found	12	x, INV, SIN, SINH, GAMMA	SEVEN, TANH, COSH, TANH, SQR, ARCSIN, EXP	5.130e-13	52	0.4	12.3	True	Sum[10^(-n!), {n, 1, Infinity}]
168	1/sqrt(80) = sqrt(5)/20	algebraic	64	exact	5	x	NINE, INV, ARCSIN, TAN	0.000e+00	7	0.4	63.6	True	1/Sqrt[80]
169	mean cluster density for bond percolation on the triangular lattice	algebraic	64	not found	12	x, INV, TAN, EXP, COS	GOLDENRATIO, TANH, ARCSINH, GOLDENRATIO, TIMES, ARCTAN, ARCSINH	2.559e-13	66	0.4	12.6	True	35/4 - 3/(2*Sin[Pi/18])
170	Kepler–Bouwkamp constant	special	64	not found	12	x, LOG, COS, INV, GAMMA	SIX, TWO, ARCTAN, EXP, DIVIDE, GAMMA, SQR	3.177e-13	100	0.4	12.5	True	Product[Cos[Pi/n], {n, 3, Infinity}]
171	Given the two curves y = (1 - exp(x/2))/(exp(x) + exp(x/2)) and y = (exp(-x) - 1)/2, draw a line tangent to both. This s	none	64	not found	12	PI, x, NINE, TIMES, POWER	GOLDENRATIO, ARCTAN, COS, ARCTAN, GOLDENRATIO, TIMES, GAMMA	2.338e-13	40	0.4	12.6	True	
172	C_2 (so named by S. Finch), a constant which is an analog of Niven's constant when mean of exponents is considered inste	none	64	not found	11	x, INV, TAN, COSH	EULER, ARCTAN, EXP, TANH, ARCSIN, FOUR, SUBTRACT	1.542e-13	91	0.4	12.8	True	
173	4*Pi/105	elementary	64	exact	8	x	SIX, LOG, SINH, NINE, TIMES, PI, DIVIDE	0.000e+00	5	0.4	63.9	True	4*Pi/105
174	2/(5*sqrt(11))	algebraic	64	exact	9	x, FIVE, TIMES	SEVEN, FOUR, DIVIDE, SQRT, ARCTAN, SIN	0.000e+00	18	0.4	63.6	True	2/(5Sqrt[11])
175	3*zeta(3)/2 + 12*log(2) - 10	special	64	not found	12	x, SEVEN, SIN, DIVIDE, COS	EULER, INV, ARCCOS, FOUR, TAN, ARCCOSH, TIMES	1.348e-13	72	0.4	12.9	True	3Zeta[3]/2+12Log[2]-10
176	50*Pi/1296	elementary	64	exact	8	NINE, SQR, x, TIMES, TAN	NEG, ARCSINH, EXP	0.000e+00	15	0.4	63.4	True	50Pi/1296
177	sqrt(Pi^2 - 4)/(2*Pi^2)	elementary	64	exact	8	x	PI, SQR, ONE, ARCSIN, ARCCOSH, SINH, DIVIDE	0.000e+00	3	0.4	64.0	True	Sqrt[Pi^2-4]/(2Pi^2)
178	Champernowne constant	special	64	not found	12	SIX, x, SEVEN, TIMES, POWER	THREE, SQRT, SQRT, COS, TAN, GOLDENRATIO, TIMES	1.495e-14	47	0.4	13.8	True	ChampernowneNumber[]
179	first (of 10) decimal selvage numbers	none	64	not found	11	x, SINH, ARCTAN, SQRT, TAN	FIVE, GAMMA, SQRT, SIN, EXP, ARCSINH	6.643e-14	46	0.4	13.2	True	
180	Product_{k >= 1} (k*(k+1))^(-1/(k*(k+1))), a constant related to the alternating Lüroth representations of real numbers	none	64	not found	12	x, GAMMA, TAN, INV, TAN	EULER, COS, ARCSIN, GOLDENRATIO, SINH, TAN, DIVIDE	5.069e-14	39	0.4	13.3	True	
181	3*sqrt(3)/(4*Pi^2)	elementary	64	exact	9	x, NINE, DIVIDE	SEVEN, ARCCOSH, SINH, PI, SQR, TIMES	2.109e-16	13	0.4	63.7	True	3Sqrt[3]/(4Pi^2)
182	harmonic oscillator tunneling constant	special	64	exact	12	THREE, x, POWER, NINE, TIMES	SIX, THREE, INV, GAMMA, POWER, EIGHT, DIVIDE	0.000e+00	96	0.4	63.5	True	2/(3^(2/3)*Gamma[1/3]^2)
183	probability that a random walk on the 5-d simple cubic (hypercubic) lattice returns to the origin	none	64	not found	12	x, ARCTANH, ARCCOS, TAN, SQRT	NINE, TAN, COSH, ARCSINH, EXP, SEVEN, DIVIDE	2.792e-14	71	0.4	13.6	True	
184	e^-2	elementary	64	exact	4	x	EULER, INV, SQR	0.000e+00	3	0.4	63.5	True	E^(-2)
185	probability that an integer 4-tuple is pairwise unitary coprime	none	64	not found	12	x, INV, EIGHT, TAN, PLUS	SEVEN, SIX, SINH, COS, SQRT, POWER, ARCTANH	7.398e-14	107	0.4	13.1	True	
186	Given the two curves y = (1 - exp(x/2))/(exp(x) + exp(x/2)) and y = (exp(-x) - 1)/2, draw a line tangent to both. This s	none	64	not found	12	x, GAMMA, SINH, LOG, COS	FOUR, ARCCOSH, SIN, SQR, ARCCOS, TAN, ARCSIN	2.090e-14	41	0.4	13.7	True	
187	pi minus three	elementary	64	exact	4	x	THREE, SIN, ARCSIN	0.000e+00	2	0.4	64.0	True	Pi - 3
188	Pi^4/15 + Pi^2*log(2)^2/4 - log(2)^4/4 - 21*log(2)*zeta(3)/4 - 6*Li_4(1/2)	special	64	not found	12	x, TAN, GAMMA, SQRT, GAMMA	PI, TANH, TANH, THREE, TIMES, SQR, ARCTAN	1.169e-14	57	0.4	13.9	True	Pi^4/15+Pi^2Log[2]^2/4-Log[2]^4/4-21Log[2]Zeta[3]/4-6PolyLog[4,1/2]
189	log Cbrt[e]	elementary	64	exact	8	x	THREE, FIVE, POWER, EIGHT, TIMES, LOG, INV	0.000e+00	15	0.4	63.8	True	Log10[CubeRoot[E]]
190	Matthews' constant C_2, an analog of Artin's constant for primitive roots	none	64	not found	12	x, TANH, ARCTAN, SINH, GAMMA	PI, ARCSINH, SEVEN, COS, TIMES, NINE, DIVIDE	2.679e-13	87	0.4	12.6	True	
191	arctan(1/2)/Pi	elementary	64	exact	6	x	PI, TWO, INV, ARCTAN, DIVIDE	1.881e-16	3	0.4	63.6	True	ArcTan[1/2]/Pi
192	(1-C_2)/e, a constant connected with two-sided generalized Fibonacci sequences, where C_2 is the Euler-Gompertz constant	none	64	not found	11	x, INV, COS, ARCSINH, ARCSIN	NINE, TAN, ARCTANH, EIGHT, PLUS, SIN	1.837e-13	46	0.4	12.7	True	
193	Given the two curves y = exp(-x) and y = 2/(exp(x) + exp(x/2)), draw a line tangent to both. This sequence is the decima	none	64	not found	12	SIX, x, ARCCOS, POWER, EXP	SIX, ARCSINH, ARCCOSH, NINE, SUBTRACT, SQR, SQR	6.671e-14	67	0.4	13.2	True	
194	9*zeta(3)/Pi^2 - 93*zeta(5)/(2*Pi^4) - log(2) + 1/4	special	64	not found	12	x, SINH, PI, DIVIDE, SIN	EULER, COSH, TANH, GAMMA, ARCTAN, ARCTANH, ARCTAN	2.916e-14	145	0.4	13.5	True	9Zeta[3]/Pi^2-93Zeta[5]/(2Pi^4)-Log[2]+1/4
195	Sum_{k >= 0} 1/(4*k+3)^2	special	64	not found	12	FOUR, ARCTAN, ARCCOSH, x, TIMES	EIGHT, NINE, SIN, FIVE, PLUS, TANH, DIVIDE	5.748e-13	85	0.4	12.2	True	Pi^2/16 - Catalan/2
196	Pythagorean triple constant for hypotenuses	elementary	64	exact	5	x	PI, PI, PLUS, INV	0.000e+00	4	0.4	63.6	True	1/(2*Pi)
197	Sum_{k>=1} (-1)^k*log(k)/k	special	64	not found	12	x, PI, DIVIDE, COS, INV	NEG, COSH, SQRT, LOG, GOLDENRATIO, DIVIDE, ARCTAN	1.554e-13	90	0.4	12.8	True	EulerGamma*Log[2] - Log[2]^2/2
198	Euler-Kronecker constant (as named by P. Moree) for hypotenuse numbers	none	64	not found	12	x, SINH, PI, TIMES, SINH	GOLDENRATIO, SEVEN, LOG, SUBTRACT, EULER, SQRT, TIMES	3.350e-13	105	0.4	12.5	True	
199	log Cbrt[π]	elementary	64	exact	9	x, INV, PI, POWER	SIX, THREE, ARCSINH, COSH, POWER	0.000e+00	10	0.4	64.0	True	Log10[CubeRoot[Pi]]
200	sixth	rational	64	exact	3	x	SIX, INV	0.000e+00	1	0.4	63.7	True	1/6
201	Hall-Montgomery constant	special	64	not found	12	x, ARCTAN, GAMMA, LOG, SQRT	TWO, ARCSINH, SQRT, SIX, TIMES, LOG, ARCCOSH	4.904e-14	53	0.4	13.3	True	1 + Pi^2/6 + 2*PolyLog[2, -Sqrt[E]]
202	(-2*Catalan + Pi*log(2))/2	special	64	not found	12	x, ARCTANH, SIX, TIMES, ARCTAN	FOUR, INV, COS, TANH, SIN, SIN, COS	5.573e-14	43	0.4	13.3	True	Pi*Log[2]/2 - Catalan
203	'mu', a Sobolev isoperimetric constant related to the "membrane inequality", arising from the study of a vibrating membr	none	64	not found	12	x, TWO, DIVIDE, COS, ARCCOS	PI, NINE, SIN, DIVIDE, TAN, GAMMA, TANH	6.260e-15	47	0.4	14.2	True	
204	log(2)/4	elementary	64	exact	5	x	FOUR, TWO, LOG, DIVIDE	0.000e+00	3	0.4	63.8	True	Log[2]/4
205	probability that three positive integers are pairwise not coprime	none	64	not found	12	x, SEVEN, COSH, POWER, SIN	GOLDENRATIO, SQRT, EXP, SQRT, NINE, SUBTRACT, INV	1.286e-13	92	0.4	12.9	True	
206	H, an auxiliary constant used to evaluate some Ising-related constants on triangular and hexagonal lattices (negated)	none	64	not found	12	x, SIN, GAMMA, COS, TAN	EULER, COS, NINE, SUBTRACT, SIN, PI, POWER	3.214e-13	50	0.4	12.5	True	
207	Gibbs-Wilbraham constant	special	64	not found	12	x, INV, GOLDENRATIO, POWER, SIN	GOLDENRATIO, LOG, TAN, NINE, POWER, TANH, SIN	3.071e-14	47	0.4	13.5	True	-1 + (2*SinIntegral[Pi])/Pi
208	pi^(-3/2)	elementary	64	exact	6	x	THREE, PI, POWER, SQRT, INV	0.000e+00	9	0.4	63.8	True	Pi^(-3/2)
209	Markoff number asymptotic density constant	none	64	not found	12	x, TAN, FIVE, TIMES, ARCSIN	NEG, SIN, EXP, TANH, SIN, GAMMA, ARCTAN	2.477e-13	33	0.4	12.6	True	
210	a1, the first of two constants associated with Djokovic's conjecture on an integral inequality	none	64	exact	12	TWO, x, INV, SUBTRACT, INV	THREE, FOUR, INV, ARCSINH, DIVIDE, SINH, SQRT	0.000e+00	52	0.4	63.6	True	
211	G/2 - Pi*log(2)/8, where G = A006752	special	64	not found	12	FIVE, x, TAN, SUBTRACT, TAN	FIVE, TANH, EXP, SQRT, GAMMA, NINE, DIVIDE	4.407e-14	24	0.4	13.3	True	Catalan/2-Pi Log[2]/8
212	Hardy-Littlewood constant C_6 = Product_{p prime > 6} 1/(1-1/p)^6 (1-6/p)	none	64	not found	12	PI, x, SUBTRACT, GAMMA, SIN	FOUR, SINH, COS, ARCTAN, COSH, INV, TANH	1.588e-13	31	0.4	12.8	True	
213	MRB constant	special	64	not found	12	x, ARCSIN, TWO, DIVIDE, TAN	NINE, EULER, COS, POWER, SQR, GAMMA, ARCSINH	2.055e-13	23	0.4	12.7	True	Sum[(-1)^n*(-1 + n^n^(-1)), {n, 1, Infinity}]
214	9*zeta(3)/(2*Pi^2) - log(2) + 1/3	special	64	not found	12	x, SIN, SINH, ARCSIN, ARCTANH	FIVE, ARCSINH, COSH, FIVE, SQRT, TANH, DIVIDE	1.601e-13	26	0.4	12.8	True	9Zeta[3]/(2Pi^2)-Log[2]+1/3
215	entropy of folding of the triangular lattice constant	special	64	not found	12	SEVEN, SINH, ARCTAN, x, POWER	FIVE, SIX, TANH, SINH, SQRT, POWER, COS	3.674e-13	23	0.4	12.4	True	Log[(Gamma[1/3]^(3/2)*Sqrt[3])/(2*Pi)]
216	gamma^3	special	64	not found	12	x, EXP, SQR, ARCCOSH, ARCTANH	FOUR, SIN, ARCSINH, GAMMA, GAMMA, SIN, ARCCOS	9.176e-13	31	0.4	12.0	True	EulerGamma^3
217	1/sqrt(27)	algebraic	64	exact	5	x	NINE, THREE, SQRT, DIVIDE	1.442e-16	2	0.4	63.7	True	1/Sqrt[27]
218	q of the maximum of the Dedekind eta function	none	64	not found	12	x, ARCTANH, GAMMA, GAMMA, COS	SEVEN, TAN, INV, TAN, GOLDENRATIO, POWER, COS	5.257e-13	23	0.4	12.3	True	
219	probability that a random walk on a 4-d lattice returns to the origin	none	64	not found	12	FOUR, PI, SUBTRACT, x, POWER	SEVEN, COSH, SQRT, SQRT, ARCTAN, THREE, TIMES	8.533e-14	26	0.4	13.1	True	
220	Second du Bois-Reymond constant	elementary	64	exact	7	x	TWO, SEVEN, TWO, EXP, SUBTRACT, DIVIDE	4.280e-16	2	0.4	63.7	True	(-7 + E^2)/2
221	log π/2	elementary	64	exact	7	x, NEG, NINE, SUBTRACT, POWER	ONE, ARCSIN	0.000e+00	18	0.4	64.0	True	Log10[Pi/2]
222	Pi/16	none	64	exact	5	x	FOUR, SQR, PI, DIVIDE	0.000e+00	4	0.4	64.0	True	
223	Vallée constant	none	24	not found	12	x, FOUR, TIMES, ARCTANH, COS	GOLDENRATIO, NINE, SIN, POWER, TWO, TIMES, ARCSINH	5.956e-13	22	0.4	12.2	True	
224	Erdős-Lebensold constant	special	24	not found	11	x, COS, TAN, TAN, COS	FIVE, ARCCOSH, TWO, COSH, SUBTRACT, SIN	3.790e-14	17	0.4	13.4	True	Sum[1/(Prime[\[FormalK]]^\[FormalS]*Log[Prime[\[FormalK]]^\[FormalS]]), {\[FormalS], 1, Infinity}, {\[FormalK], 1, Infinity}]
225	(6/Pi^2) Sum_{p prime} 1/(p(p+1)), a Meissel-Mertens constant related to the asymptotic density of certain sequences of 	none	64	not found	12	x, SIN, EXP, ARCCOSH, GAMMA	EULER, GAMMA, ARCTAN, GOLDENRATIO, POWER, THREE, SUBTRACT	6.747e-14	17	0.4	13.2	True	
226	Given the two curves y = exp(-x) and y = 2/(exp(x) + exp(x/2)), draw a line tangent to both. This sequence is the decima	none	64	not found	12	x, THREE, POWER, NEG, PLUS	GOLDENRATIO, NINE, SIN, SINH, POWER, ARCSIN, TANH	1.844e-13	20	0.4	12.7	True	
227	White House switchboard constant	elementary	64	not found	12	x, EULER, TIMES, SINH, COSH	NINE, SEVEN, ARCTAN, DIVIDE, ARCSINH, ARCSIN, EXP	2.399e-13	15	0.4	12.6	True	Exp[-(1 + 8^(-1 + E)^(-1))^Pi^(-1)]
228	Rumor's constant	special	64	not found	12	x, SEVEN, TIMES, SQRT, ARCCOSH	SEVEN, LOG, EIGHT, SUBTRACT, ARCTAN, INV, TANH	1.187e-13	17	0.4	12.9	True	-ProductLog[ -2/E^2]/2
229	ln(Gamma(3/4))	special	64	exact	6	x	TWO, LOG, SINH, GAMMA, LOG	0.000e+00	1	0.4	64.0	True	LogGamma[3/4]
230	sum of the reciprocals of the perfect numbers	none	64	not found	12	x, INV, ARCCOSH, PI, DIVIDE	PI, TANH, TANH, INV, COSH, SQR, LOG	4.031e-14	12	0.4	13.4	True	
231	log Cbrt[4π/3]	elementary	64	not found	12	NEG, TAN, x, POWER, COS	EULER, SINH, TANH, ARCTAN, GAMMA, INV, ARCCOS	6.023e-14	16	0.4	13.2	True	Log10[CubeRoot[4*Pi/3]]
232	lambda(3) in Li's criterion	none	64	not found	12	x, TAN, LOG, ARCTAN, SQR	SIX, INV, TANH, SIX, SUBTRACT, TANH, INV	5.801e-13	18	0.4	12.2	True	
233	e^(-pi/2)	elementary	64	exact	4	x, LOG	NEG, ARCSIN	0.000e+00	2	0.4	63.7	True	E^(-Pi/2)
234	-zeta(-1/2)	special	64	not found	12	x, SQRT, NINE, DIVIDE, TAN	FIVE, LOG, TANH, SEVEN, ARCCOSH, DIVIDE, ARCTAN	2.323e-14	15	0.4	13.6	True	-Zeta[-1/2]
235	a constant related to A000621	none	64	not found	12	x, GAMMA, TAN, SEVEN, DIVIDE	PI, SQRT, SINH, FOUR, TANH, SUBTRACT, TAN	2.044e-14	45	0.4	13.7	True	
236	log Sqrt[e]	elementary	64	exact	7	x, INV	NEG, NINE, SUBTRACT, SQR, LOG	0.000e+00	6	0.4	64.0	True	Log10[Sqrt[E]]
237	Lochs-Porter constant	special	64	not found	12	x, FIVE, TANH, ARCTAN, SUBTRACT	NINE, ARCTAN, SQR, EXP, ARCCOSH, ARCSINH, INV	1.144e-13	26	0.4	12.9	True	3/4 - (3*Log[2]*(-2 + 4*EulerGamma + 3*Log[2] - (24*Derivative[1][Zeta][2])/Pi^2))/Pi^2 - (6*Log[2]*(-1/2 + (6*Derivative[1][Zeta][2])/Pi^2))/Pi^2
238	B (negated), a constant related to Glaisher's constant A and the Gaussian unitary ensemble hypothesis	none	64	not found	12	x, GOLDENRATIO, SQRT, DIVIDE, COS	TWO, INV, ARCSIN, ARCCOS, ARCTAN, SQR, ARCCOS	1.747e-13	33	0.4	12.8	True	
239	2*log(2) - 4*Catalan/Pi	special	64	not found	11	x, SEVEN, DIVIDE, COS	EIGHT, SIN, FOUR, PLUS, TAN, TAN, COS	1.564e-14	26	0.4	13.8	True	2*Log[2] - 4*Catalan/Pi
240	gamma^e	special	64	not found	12	SIX, x, ARCCOS, POWER, TAN	GOLDENRATIO, THREE, TANH, SINH, SUBTRACT, ARCTAN, TANH	1.308e-13	16	0.4	12.9	True	EulerGamma^E
241	7*zeta(3)/(2*Pi^2) - log(2) + 1/2	special	64	not found	12	x, TANH, SIN, GAMMA, TAN	THREE, COS, ARCTAN, ARCSIN, TANH, TANH, COSH	1.712e-13	22	0.4	12.8	True	7Zeta[3]/(2Pi^2)-Log[2]+1/2
242	Conway-Guy constant	special	64	not found	12	x, EULER, ARCTAN, DIVIDE, COS	GOLDENRATIO, EULER, INV, EXP, SQR, SUBTRACT, SIN	5.879e-14	24	0.4	13.2	True	ConditionalExpression[Extension`ConwayGuyConstant == Limit[\[FormalV][\[FormalN]]/2^\[FormalN], \[FormalN] -> Infinity], \[FormalV][0] == 0 && \[FormalV][1] == 1 && \[FormalV][\[FormalN]] == 2*\[FormalV][-1 + \[FormalN]] - \[FormalV][-1 + \[FormalN] - Floor[1/2 + Sqrt[2*(-1 + \[FormalN])]]]]
243	Copeland–Erdős constant	special	64	not found	12	NINE, SIN, ARCSINH, x, PLUS	EULER, PI, FIVE, DIVIDE, TANH, POWER, SQR	3.716e-13	27	0.4	12.4	True	Sum[10^(-\[FormalK] - Sum[Floor[Log[10, Prime[\[FormalJ]]]], {\[FormalJ], 1, \[FormalK]}])*Prime[\[FormalK]], {\[FormalK], 1, Infinity}]
244	Pi*(3 - gamma)/32, where gamma is Euler's constant A001620	special	64	not found	12	x, ARCTAN, EULER, TIMES, ARCTAN	FOUR, SINH, COS, ARCTAN, COS, COS, TANH	1.879e-14	24	0.4	13.7	True	Pi*(3 - EulerGamma)/32
245	quadtree constant	special	64	not found	12	FIVE, INV, x, PLUS, SIN	EIGHT, ARCSINH, EXP, GOLDENRATIO, COSH, SINH, DIVIDE	2.260e-13	31	0.4	12.6	True	228 - 26*Pi^2 + 24*Zeta[3]
246	1/sqrt(2*Pi*e), one of the Traveling Salesman constants	elementary	64	exact	8	x, INV	PI, PI, PLUS, EULER, TIMES, SQRT	0.000e+00	16	0.4	64.0	True	1/Sqrt[2*Pi*E]
247	a(F_5), the maximum inradius of all triangles that lie in a regular pentagon of width 1	none	64	not found	12	x, SINH, GAMMA, GAMMA, GAMMA	PI, LOG, INV, EXP, EIGHT, ARCCOSH, TIMES	1.490e-14	15	0.4	13.8	True	
248	rayleigh kurtosis excess	elementary	64	exact	12	TWO, COS, ARCSIN, x, TIMES	FOUR, SIN, ARCSIN, EIGHT, DIVIDE, SIN, ARCSIN	3.397e-16	15	0.4	63.9	True	-(6*Pi^2 - 24*Pi + 16)/(4 - Pi)^2
250	second (of 10) decimal selvage numbers	none	64	not found	12	x, ARCCOS, EXP, COSH, SIN	FIVE, ARCTAN, GAMMA, LOG, COS, SIN, SIN	1.362e-13	15	0.4	12.9	True	
251	log Sqrt[π]	elementary	64	exact	7	x, NEG, NINE, SUBTRACT, POWER	PI, SQRT	2.233e-16	10	0.4	63.8	True	Log10[Sqrt[Pi]]
252	logarithm of Glaisher's constant	special	64	not found	12	PI, x, POWER, NINE, TIMES	TWO, EXP, THREE, TANH, SIN, DIVIDE, ARCSIN	2.678e-14	14	0.4	13.6	True	Log[Glaisher]
253	a multiplicative constant related to A006196	none	64	not found	12	x, LOG, SINH, SQR, TAN	FIVE, ARCCOSH, ARCCOSH, SINH, SQRT, LOG, ARCTANH	2.381e-13	24	0.4	12.6	True	
254	self number density constant	special	64	not found	12	x, PI, TIMES, SIN, TANH	PI, ARCSINH, LOG, ARCTANH, ONE, SIN, TIMES	3.537e-13	26	0.4	12.5	True	Sum[Piecewise[{{1, SatisfiableQ[\[FormalK] == Sum[(1 + 2^\[FormalN])*\[FormalA][\[FormalK], \[FormalN]], {\[FormalN], 1, Infinity}] && ForAll[\[FormalN], Element[\[FormalN], Integers] && \[FormalN] > 0, Element[\[FormalA][\[FormalK], \[FormalN]], Integers]], {\[FormalA]}]}}, 0]/2^\[FormalK], {\[FormalK], 1, Infinity}]^2/8
255	(1/384)*Pi^4	elementary	64	exact	8	x, SIX, TIMES	EIGHT, PI, SQR, DIVIDE, SQR	0.000e+00	5	0.4	64.0	True	Pi^4/ 384
256	Flajolet-Prodinger constant 'K', a constant related to asymptotically enumerating level number sequences for binary tree	none	64	not found	12	x, TAN, SINH, SIN, SQR	NINE, THREE, TAN, EXP, COS, ARCSINH, DIVIDE	2.181e-13	17	0.4	12.7	True	
257	third (of 10) decimal selvage numbers	none	64	not found	12	x, SINH, NEG, PLUS, SQR	THREE, TANH, ARCSINH, EIGHT, POWER, LOG, INV	2.851e-14	25	0.4	13.5	True	
258	Meissel-Mertens constant	special	64	not found	12	x, TAN, ARCTANH, EXP, SQR	SIX, ARCTAN, SQR, EIGHT, PLUS, ARCSINH, SQRT	2.441e-14	18	0.4	13.6	True	EulerGamma + Sum[Log[1 - Prime[n]^(-1)] + Prime[n]^(-1), {n, 1, Infinity}]
259	Pi/12	none	64	exact	5	x	THREE, ONE, ARCTAN, DIVIDE	2.120e-16	3	0.4	64.0	True	
260	Mrs. Miniver constant	special	64	not found	12	x, GAMMA, GAMMA, GAMMA, SIN	FIVE, INV, COS, FIVE, SQRT, SUBTRACT, ARCTAN	9.638e-14	40	0.4	13.0	True	Root[{#1 - Sin[Pi/6 - #1*Sqrt[1 - #1^2]] & , 0.264932084602776862`17.423134556719873}]
261	Ti_2(2-sqrt(3)), where Ti_2 is the inverse tangent integral function	none	64	not found	12	x, ARCTAN, ARCTANH, PI, DIVIDE	FOUR, ARCCOSH, EIGHT, SUBTRACT, LOG, FOUR, POWER	2.840e-14	42	0.4	13.5	True	
262	unforgeable word constant	special	64	not found	12	x, LOG, SQR, TWO, DIVIDE	GOLDENRATIO, TANH, SIN, EULER, INV, ARCCOS, POWER	2.011e-14	42	0.4	13.7	True	Sum[(2*(-1)^(-1 + \[FormalK])*Product[2^(-1 + 2^\[FormalJ])/(-1 + 2^(-1 + 2^\[FormalJ])), {\[FormalJ], 2, \[FormalK]}])/(-1 + 2^(-1 + 2^(1 + \[FormalK]))), {\[FormalK], 1, Infinity}]
263	volume of a regular ideal hyperbolic 4-simplex	elementary	64	not found	12	PI, x, ARCSIN, POWER, LOG	FIVE, NINE, TANH, GAMMA, COSH, TANH, SUBTRACT	1.780e-13	41	0.4	12.7	True	10*Pi/3*ArcSin[1/3] - Pi^2/3
265	one of the Pell-Stevenhagen constants	none	64	not found	12	x, TWO, SINH, DIVIDE, TAN	EULER, SQRT, SIN, FOUR, SUBTRACT, LOG, SQR	3.015e-13	38	0.4	12.5	True	
266	1/(8*log(2)*A005597), where A005597 is the twin prime constant C_2	none	64	not found	12	x, TAN, INV, TAN, COS	TWO, SQRT, SIN, NINE, DIVIDE, ARCTAN, TANH	1.040e-13	27	0.4	13.0	True	
267	constant appearing in the expected number of comparisons for an unsuccessful digital tree search (negated)	none	64	not found	12	SIX, SQRT, x, GAMMA, SUBTRACT	SIX, SINH, LOG, FIVE, DIVIDE, ARCSIN, TANH	5.653e-14	28	0.4	13.2	True	
269	(6/Pi^2)*Sum_{n>=1} 1/prime(n)^2	special	64	not found	11	x, INV, TAN, ARCCOS	ONE, SINH, ARCCOSH, FIVE, LOG, SIN, POWER	1.131e-14	36	0.4	14.0	True	6*PrimeZetaP[2]/Pi^2
270	1/Gamma(1/4)	special	64	exact	5	x	FOUR, INV, GAMMA, INV	0.000e+00	2	0.4	64.0	True	1/Gamma[1/4]
271	rho_c = (5-sqrt(5))/10, the asymptotic critical density for the hard hexagon model	algebraic	64	exact	5	x	GOLDENRATIO, TWO, PLUS, INV	0.000e+00	4	0.4	63.8	True	(5 - Sqrt[5])/10
272	Bernstein's constant	none	50	not found	12	x, GAMMA, SQR, COS, COS	NINE, GOLDENRATIO, DIVIDE, ARCTANH, FOUR, TANH, SUBTRACT	1.956e-13	21	0.4	12.7	True	
273	Series-parallel networks constant	none	22	not found	12	x, SQR, TANH, SINH, INV	PI, INV, FIVE, ARCSINH, POWER, SEVEN, POWER	1.603e-13	24	0.4	12.8	True	
274	log 6/π	elementary	64	exact	8	x, NEG, NINE, SUBTRACT, POWER	PI, SIX, DIVIDE	0.000e+00	16	0.4	64.0	True	Log10[6/Pi]
275	((5 - 2*sqrt(2))*Pi)/24	elementary	64	exact	10	FIVE, GAMMA, x, TIMES, SIN	EIGHT, SQRT, PI, TIMES, SIN	0.000e+00	19	0.4	64.0	True	((5-2*Sqrt[2])*Pi)/24
276	Mertens constant M(3,2) arising in the formula for the sum of reciprocals of primes p == 2 (mod 3)	none	64	not found	11	THREE, x, INV, SUBTRACT	GOLDENRATIO, ARCTAN, EULER, ARCTAN, ARCSINH, COS, DIVIDE	1.595e-13	28	0.4	12.8	True	
277	Mertens constant M(4,1) arising in the formula for the sum of reciprocals of primes p == 1 (mod 4) (negated)	none	64	not found	12	x, GAMMA, GAMMA, SIN, GAMMA	SEVEN, PI, LOG, SIN, SUBTRACT, SIN, EXP	1.435e-13	23	0.4	12.8	True	
278	strongly carefree constant	special	64	not found	12	THREE, ARCCOSH, x, TIMES, INV	PI, ARCSINH, COSH, LOG, ONE, ARCTAN, PLUS	1.185e-13	23	0.4	12.9	True	Product[1 - (-2 + 3*Prime[\[FormalK]])/Prime[\[FormalK]]^3, {\[FormalK], 1, Infinity}]
279	digital search tree Q constant	special	64	not found	12	x, THREE, DIVIDE, SIN, ARCSIN	NEG, TAN, SIX, COSH, SQRT, ARCTAN, DIVIDE	2.557e-14	89	0.4	13.6	True	QPochhammer[1/2, 1/2]
280	Sum_{k>=0} (k!/(k+2)!)^2	elementary	64	exact	7	x	THREE, THREE, PI, SQR, DIVIDE, SUBTRACT	1.915e-16	1	0.4	63.9	True	Pi^2/3 - 3
281	domino tiling constant	special	64	not found	12	FIVE, x, INV, SQR, DIVIDE	THREE, INV, EULER, ARCSINH, SIN, EXP, SUBTRACT	5.103e-14	22	0.4	13.3	True	Catalan/Pi
282	d_0, the constant term in the asymptotic expansion of the average number of registers needed to evaluate a binary tree	none	64	not found	12	x, EULER, COSH, DIVIDE, SIN	SEVEN, COS, ARCSINH, ARCTANH, ARCTAN, ARCSINH, TAN	1.162e-13	32	0.4	12.9	True	
283	(1/105)*Pi^3	elementary	64	exact	10	x, SEVEN, TIMES	THREE, FIVE, THREE, PI, POWER, DIVIDE, DIVIDE	0.000e+00	16	0.4	63.8	True	Pi^3/105
284	Pythagorean triple second-order constant for areas	special	64	not found	12	x, ARCTANH, LOG, GAMMA, ARCTAN	GOLDENRATIO, COS, SIX, POWER, SQRT, ARCSINH, COSH	3.154e-14	22	0.4	13.5	True	-(((1 + 2^(-1/3))*Zeta[1/3])/((1 + 2^(-2/3))*Zeta[4/3]))
285	a constant that appears in flux/diffusion problems with trapping surfaces	special	64	not found	12	x, TWO, DIVIDE, ARCSINH, LOG	GOLDENRATIO, NINE, SIN, SIN, SUBTRACT, EXP, COS	1.172e-13	34	0.4	12.9	True	-1/Pi * Integrate[Log[(6/x^2) * (1 - Sin[x]/x)]/x^2, {x, 0, Infinity}]
286	Wadsworth constant	rational	64	exact	6	x	THREE, INV, THREE, PLUS, INV	0.000e+00	18	0.4	64.0	True	3/10
287	Sum_{m,n >= 1} (-1)^(m + n)/(m*n*(m + n))	none	64	not found	12	x, GAMMA, SIN, INV, COS	ONE, TAN, GAMMA, EXP, SINH, ARCCOSH, TANH	1.899e-13	63	0.4	12.7	True	
288	log10(2)	elementary	64	exact	6	x, NEG, NINE, SUBTRACT, POWER	TWO	0.000e+00	5	0.4	64.0	True	Log[10, 2]
289	ln(Gamma(2/3))	special	64	exact	6	x, EXP	THREE, TWO, DIVIDE, GAMMA	0.000e+00	2	0.4	63.9	True	LogGamma[2/3]
290	coefficient c appearing in the asymptotic evaluation of the number of prime additive compositions of n as c*(1/xi)^n, wh	none	64	not found	12	x, FOUR, ARCSINH, DIVIDE, TAN	NINE, ARCTAN, COSH, EIGHT, ARCCOSH, SUBTRACT, SQRT	1.298e-14	17	0.4	13.9	True	
291	Gauss-Kuzmin-Wirsing constant	special	64	not found	12	x, LOG, ARCTAN, SQR, ARCTANH	SIX, SINH, PI, ARCCOSH, SQRT, DIVIDE, COSH	2.408e-13	17	0.4	12.6	True	Inactive[Limit][Inactive[Part][SortBy[N][Abs[Eigenvalues[Inactive[Table][((-1)^\[FormalJ]*Inactive[Sum][(-2)^\[FormalI]*Binomial[\[FormalK], \[FormalI]]*Pochhammer[2 + \[FormalI], \[FormalJ]]*(-2^(2 + \[FormalI] + \[FormalJ]) + (-1 + 2^(2 + \[FormalI] + \[FormalJ]))*Zeta[2 + \[FormalI] + \[FormalJ]]), {\[FormalI], 0, \[FormalK]}])/((-2)^\[FormalK]*\[FormalJ]!), {\[FormalJ], 0, -1 + \[FormalN]}, {\[FormalK], 0, -1 + \[FormalN]}]]]], -2], \[FormalN] -> Infinity]
292	3/pi^2	elementary	64	exact	5	x	PI, SQR, THREE, DIVIDE	0.000e+00	2	0.4	64.0	True	3/Pi^2
293	radius of convergence of the generating function of A000625 (alcohol stereoisomers enumeration)	none	64	not found	12	EULER, SIN, x, SIN, DIVIDE	SEVEN, NINE, DIVIDE, GAMMA, ARCSIN, INV, ARCTAN	2.901e-14	16	0.4	13.5	True	
294	1 - log(2)	elementary	64	exact	5	x	TWO, LOG, ONE, SUBTRACT	0.000e+00	3	0.4	64.0	True	1-Log[2]
295	Hardy-Littlewood constant Product_{p prime >= 5} (1-(6*p^2-4*p+1)/(p-1)^4)	none	64	not found	12	TWO, ARCSINH, x, GAMMA, SUBTRACT	FOUR, ARCCOSH, SINH, TAN, NINE, DIVIDE, ARCTAN	2.363e-13	23	0.4	12.6	True	
296	coefficient c_v in c_v*log(N), the asymptotic variance of the number of factors in a random factorization of n <= N	none	64	not found	12	NINE, SIN, ARCTANH, x, DIVIDE	FIVE, TANH, GOLDENRATIO, SUBTRACT, COSH, ARCTAN, TANH	7.992e-14	19	0.4	13.1	True	
297	Littlewood-Salem-Izumi constant	special	64	not found	12	SEVEN, SQR, x, TIMES, SIN	GOLDENRATIO, SIN, FOUR, TIMES, GAMMA, LOG, INV	1.872e-14	23	0.4	13.7	True	Root[{HypergeometricPFQ[{1/2 - #1/2}, {1/2, 3/2 - #1/2}, (-(1/16))*(9*Pi^2)] & , 0.3084437795619860030341969509860000000000000000000000000001`29.489176016177844}]
298	sin(Pi/10) (angle of 18 degrees)	algebraic	64	exact	5	x, GOLDENRATIO, TIMES	TWO, INV	0.000e+00	4	0.4	63.8	True	Sin[18 Degree]
299	-(8*(EulerGamma - log(2)))/3	special	64	not found	12	x, TANH, LOG, TAN, TAN	FIVE, SINH, LOG, LOG, SQR, EULER, SUBTRACT	8.709e-14	19	0.4	13.1	True	-(8*(EulerGamma - Log[2]))/3
300	Zolotarev-Schur constant	special	64	not found	12	x, EXP, EXP, COSH, COS	SIX, ARCTAN, TANH, ARCTAN, GOLDENRATIO, SIN, POWER	6.353e-14	17	0.4	13.2	True	With[{\[FormalX] = Root[{EllipticE[#1^2]^3 - 3*EllipticE[#1^2]^2*EllipticK[#1^2] + EllipticK[#1^2]*(-1 - EllipticK[#1^2]^2 + #1^2) + EllipticE[#1^2]*(1 + 3*EllipticK[#1^2]^2 + #1^2) & , 0.9155020553896763963055240364016622896543129422884607667501`30.102999566398122}]}, (1 - EllipticE[\[FormalX]^2]/EllipticK[\[FormalX]^2])^2/\[FormalX]^2]
301	k_3 = 3/(2*Pi*m_3), a constant associated with the asymptotic expansion of the probability that a three-dimensional rand	none	64	not found	12	x, GAMMA, TAN, ARCTAN, ARCCOS	THREE, SQRT, SIN, TANH, SIX, ARCCOSH, TIMES	1.312e-13	43	0.4	12.9	True	
302	(negated) constant in the expansion of the prime zeta function about s = 1	none	64	not found	12	x, NINE, POWER, COSH, TAN	FIVE, EIGHT, TIMES, SIN, SINH, SINH, TANH	4.343e-14	43	0.4	13.4	True	
303	Atkinson-Negro-Santoro constant	special	64	not found	12	SEVEN, TAN, x, TIMES, GAMMA	NINE, SEVEN, DIVIDE, FOUR, SINH, POWER, ARCSINH	6.293e-14	39	0.4	13.2	True	ConditionalExpression[Extension`AtkinsonNegroSantoroConstant == Limit[\[FormalU][\[FormalN]]/2^\[FormalN], \[FormalN] -> Infinity], \[FormalU][0] == 0 && \[FormalU][1] == 1 && \[FormalU][\[FormalN]] == 2*\[FormalU][-1 + \[FormalN]] - \[FormalU][-1 + \[FormalN] - Floor[1 + (-1 + \[FormalN])/2]]]
304	real part of the solution of z = log z	special	64	not found	12	x, ARCSIN, GAMMA, THREE, SUBTRACT	GOLDENRATIO, GAMMA, COSH, TANH, FIVE, POWER, INV	5.584e-14	43	0.4	13.3	True	Re[-ProductLog[-1]]
305	Kalmar composition constant	special	64	not found	12	THREE, x, SIN, GAMMA, DIVIDE	SIX, TANH, THREE, EXP, TAN, SUBTRACT, SIN	7.363e-14	42	0.4	13.1	True	ConditionalExpression[Extension`KalmarCompositionConstant == -(1/(\[FormalRho]*Derivative[1][Zeta][\[FormalRho]])), \[FormalRho] == Root[{-2 + Zeta[#1] & , 1.7286472389981836181351030103`29.237706376855613}]]
306	reciprocal of π	elementary	64	exact	3	x	PI, INV	0.000e+00	1	0.4	64.0	True	Pi^(-1)
307	a constant related to a certain Sobolev isoperimetric inequality	none	64	not found	12	x, ARCTAN, EIGHT, DIVIDE, COS	EULER, SIX, ARCCOSH, SQRT, DIVIDE, SINH, TAN	4.423e-14	42	0.4	13.4	True	
308	eta/xi = A086318/A086317, a coefficient associated with the asymptotics of the number of weakly binary trees	none	64	not found	11	x, SQR, LOG, SQR	EULER, ARCTAN, TWO, TANH, POWER, FIVE, DIVIDE	6.983e-14	42	0.4	13.2	True	
309	Feller-Tornier product constant	special	64	not found	12	x, SINH, GAMMA, LOG, SQRT	SEVEN, SIN, COS, SEVEN, COS, SUBTRACT, COSH	4.198e-14	42	0.4	13.4	True	Product[1 - 2/Prime[\[FormalK]]^2, {\[FormalK], 1, Infinity}]
310	second Kneser-Mahler polynomial constant	special	64	not found	12	x, LOG, INV, ARCSIN, SQR	EULER, ARCSINH, GOLDENRATIO, TIMES, COS, COSH, ARCSINH	2.505e-13	42	0.4	12.6	True	(9 - PolyGamma[1, 2/3] + PolyGamma[1, 4/3])/(4*Pi*Sqrt[3])
311	1/(4*K), a constant related to the asymptotic evaluation of the number of positive integers all of whose prime factors a	none	64	not found	12	x, SQR, SEVEN, TIMES, SQR	SEVEN, COS, ARCTANH, SEVEN, TANH, COSH, SUBTRACT	4.650e-14	31	0.4	13.3	True	
312	infinite product of (j/Pi)*sin(Pi/j), for j >= 2, a constant similar to the Kepler-Bouwkamp constant	none	64	not found	12	x, LOG, TAN, TAN, ARCTAN	FIVE, ARCTAN, INV, ARCSIN, ARCSIN, ARCSINH, GAMMA	9.795e-14	32	0.4	13.0	True	
313	constant that appears in the asymptotic formula for average order of an infinitary analog of Euler's phi function (A0917	none	64	not found	12	x, FIVE, DIVIDE, SIN, INV	FIVE, COS, SQR, ARCSINH, EXP, PI, SUBTRACT	2.423e-13	31	0.4	12.6	True	
314	Given the two curves y = (1 + exp(x))/2 and y = (1 + exp(x))/(1 + exp(x/2)), draw a line tangent to both. This sequence 	none	64	not found	12	x, TWO, SQRT, ARCTAN, SUBTRACT	FOUR, GOLDENRATIO, DIVIDE, COS, ARCTAN, ARCCOS, TANH	6.280e-14	28	0.4	13.2	True	
315	9099999999923/27500000000000	rational	64	not found	12	x, TANH, EXP, ARCCOSH, SINH	EULER, SIN, SQRT, NINE, SIN, COS, POWER	2.432e-14	32	0.4	13.6	True	9099999999923/27500000000000
316	euler sqr	special	64	not found	12	EIGHT, x, SQR, DIVIDE, GAMMA	GOLDENRATIO, INV, ARCTANH, PI, POWER, COSH, COSH	5.232e-14	60	0.4	13.3	True	EulerGamma^2
317	log(A085851)	none	64	not found	12	x, GAMMA, GOLDENRATIO, DIVIDE, ARCCOS	NEG, COSH, SIN, SQRT, ARCTAN, ARCTANH, ARCSINH	1.604e-13	60	0.4	12.8	True	
318	third	rational	64	exact	3	x	THREE, INV	0.000e+00	1	0.4	64.0	True	1/3
319	Sum_{k>=2} c(k)/prime(k), where c(k) = -1 if p == 1 (mod 4) and c(k) = +1 if p == 3 (mod 4)	none	64	not found	12	ONE, ARCSINH, SIN, x, POWER	SIX, ARCCOSH, EXP, COS, NEG, COS, TIMES	1.236e-13	31	0.4	12.9	True	
320	radius of convergence of g.f. for unlabeled trees (A000055)	none	64	not found	12	x, ARCSINH, ARCTAN, ARCSIN, ARCCOS	EULER, SIN, TAN, SINH, THREE, PLUS, LOG	1.592e-14	24	0.4	13.8	True	
321	probability that a random walk on a 3-D lattice returns to the origin	special	64	not found	12	x, INV, SIN, FIVE, POWER	EIGHT, COSH, ARCTAN, ARCTAN, SQRT, SINH, SQR	1.166e-13	52	0.4	12.9	True	1 - (16*Sqrt[2/3]*Pi^3) / (Gamma[1/24]*Gamma[5/24]*Gamma[7/24]*Gamma[11/24])
322	2*sin(Pi/18)	algebraic	64	exact	8	x	NINE, ONE, ARCSIN, DIVIDE, SIN, TWO, TIMES	1.598e-16	3	0.4	64.0	True	2Sin[Pi/18]
323	sqrt(5^(1/3)-4^(1/3))	algebraic	64	not found	11	x, EXP, SINH, COSH, TAN	TWO, COSH, COSH, SIN, ARCTANH, ARCSINH	3.837e-14	22	0.4	13.4	True	Sqrt[Surd[5, 3] - Surd[4, 3]]
324	meander connective constant	special	64	not found	12	x, INV, COSH, SQRT, GAMMA	GOLDENRATIO, INV, SINH, EXP, COS, TANH, ARCCOS	3.741e-14	35	0.4	13.4	True	Product[1 - 2^(-2^\[FormalK]), {\[FormalK], 0, Infinity}]
325	lim_{N->infinity} (1/N^2 Sum_{n=1..N} K(n)), where K(n) is the squarefree kernel of n	none	64	not found	12	PI, GOLDENRATIO, PLUS, x, TIMES	FIVE, LOG, PI, TANH, SQR, EXP, DIVIDE	7.329e-14	18	0.4	13.1	True	
326	a coefficient associated with the asymptotics of the variance of the distance between a vertex and the root of a random 	none	64	not found	12	x, ARCTANH, TWO, DIVIDE, TAN	NEG, ARCSINH, ARCTANH, EIGHT, TANH, SIN, TIMES	8.650e-14	29	0.4	13.1	True	
327	Hafner–Sarnak–McCurley constant	none	64	not found	11	x, GAMMA, SIN, LOG	PI, PI, POWER, ARCTAN, SEVEN, TANH, SUBTRACT	5.846e-14	44	0.4	13.2	True	
328	radius of convergence of the generating function of A000598, the number of rooted ternary trees of n vertices	none	64	not found	12	x, EXP, INV, SINH, ARCSIN	FOUR, EXP, INV, EIGHT, GAMMA, POWER, ARCTAN	4.409e-13	20	0.4	12.4	True	
330	imaginary part of the infinite power tower of i	special	64	not found	12	x, ARCSIN, TWO, ARCCOSH, TIMES	EIGHT, TANH, INV, PI, SUBTRACT, INV, ARCSIN	1.478e-14	62	0.4	13.8	True	Im[-ProductLog[-Log[I]]/Log[I]]
331	log 1/M = ln 10	elementary	64	exact	9	x, NEG, NINE, SUBTRACT, POWER	NEG, NINE, SUBTRACT, LOG	0.000e+00	13	0.4	63.9	True	Log10[Log[10]]
332	equilateral triangle line-picking constant	elementary	64	exact	11	x, FIVE, INV, SUBTRACT	SEVEN, THREE, INV, SUBTRACT, THREE, LOG, DIVIDE	0.000e+00	19	0.4	63.9	True	(4 + 3*Log[3])/20
333	(3*sqrt(6) - 7)*Pi/3	elementary	64	exact	11	NEG, ARCSIN, x, DIVIDE	THREE, INV, FIVE, ARCCOSH, EXP, INV, SUBTRACT	0.000e+00	21	0.4	64.0	True	(3Sqrt[6]-7)Pi/3
334	standard Gumbel distribution median	elementary	64	exact	5	x, EXP	TWO, LOG, INV	0.000e+00	3	0.4	64.0	True	-Log[Log[2]]
335	constant that appears in the asymptotic formula for average order of the number of  infinitary divisors function (A03744	none	64	not found	12	PI, x, ARCTANH, GAMMA, DIVIDE	PI, NEG, SIN, TWO, SUBTRACT, DIVIDE, ARCTAN	7.495e-14	20	0.4	13.1	True	
336	reciprocal of e	elementary	64	exact	3	x	EULER, INV	0.000e+00	1	0.4	64.0	True	E^(-1)
337	Hardy-Littlewood constant C_7 = Product_{p prime > 7} 1/(1-1/p)^7 (1-7/p)	none	64	not found	12	SEVEN, x, COSH, POWER, LOG	EULER, FOUR, SQR, TAN, ARCSINH, ARCCOS, DIVIDE	4.177e-14	40	0.4	13.4	True	
338	fourth (of 10) decimal selvage number	none	64	not found	12	GOLDENRATIO, ARCCOSH, x, TAN, DIVIDE	NINE, SEVEN, DIVIDE, ARCSINH, ARCCOS, GAMMA, COS	8.562e-14	41	0.4	13.1	True	
339	constant c appearing in the expected number of pair of twin vacancies in a digital tree	none	64	not found	12	x, SEVEN, SQR, ARCTAN, DIVIDE	SEVEN, GAMMA, SQRT, ARCSINH, ARCCOSH, TWO, POWER	3.384e-13	42	0.4	12.5	True	
340	variance of the maximum of a size 8 sample from a normal (0,1) distribution	none	64	not found	12	x, TANH, INV, SIN, TAN	FIVE, COS, ARCCOS, EXP, COSH, LOG, INV	2.054e-13	41	0.4	12.7	True	
341	(1/144)*3^(1/2)*Pi^3	elementary	64	exact	10	x, TWO, TIMES	THREE, THREE, SQRT, ONE, ARCSIN, DIVIDE, POWER	0.000e+00	16	0.4	64.0	True	Sqrt[3]*Pi^3/144
342	1/Gamma(1/3)	special	64	exact	5	x	THREE, INV, GAMMA, INV	1.487e-16	2	0.4	64.0	True	1/Gamma[1/3]
343	first positive solution to exp(1-1/x)/x = 1/2, a binary search tree constant	special	64	not found	12	x, TAN, ARCCOS, ARCSINH, ARCTANH	TWO, ARCSINH, EULER, TIMES, ARCTAN, SQR, SQR	2.074e-13	42	0.4	12.7	True	-1/ProductLog[-1, -1/(2*E)]
344	Artin's constant	special	64	not found	12	x, GAMMA, LOG, COS, ARCTANH	FIVE, SIX, TIMES, ARCTAN, GAMMA, TANH, SINH	4.476e-13	40	0.4	12.3	True	Product[1 - 1/((-1 + Prime[n])*Prime[n]), {n, 1, Infinity}]
345	64/169, the upper bound (as given by S. Finch) of the 2-dimensional simultaneous Diophantine approximation constant	none	64	exact	7	x, SQRT	FOUR, NINE, PLUS, EIGHT, DIVIDE	0.000e+00	3	0.4	64.0	True	
346	upper bound of the 6-dimensional simultaneous Diophantine approximation constant	none	64	not found	12	x, SINH, TAN, TWO, TIMES	FOUR, SIN, ARCSINH, COS, SINH, SIN, SINH	1.714e-14	32	0.4	13.8	True	
347	expected distance from a randomly selected point in the unit square to its center: (sqrt(2) + log(1 + sqrt(2)))/6	elementary	64	exact	8	x	SIX, NEG, ARCSINH, TWO, SQRT, SUBTRACT, DIVIDE	0.000e+00	2	0.4	64.0	True	(Sqrt[2] + Log[1 + Sqrt[2]])/6
348	Given the two curves y = (1 + exp(x))/2 and y = (1 + exp(x))/(1 + exp(x/2)), draw a line tangent to both. This sequence 	none	64	not found	11	x, GAMMA, LOG, ARCSIN	TWO, ARCTAN, GAMMA, ARCTAN, TANH, GOLDENRATIO, SUBTRACT	3.065e-14	60	0.4	13.5	True	
349	upper bound of the 5-dimensional simultaneous Diophantine approximation constant	elementary	64	not found	12	EULER, SINH, x, TIMES, GAMMA	PI, TANH, ARCCOS, TWO, COS, PLUS, ARCCOS	1.051e-14	33	0.4	14.0	True	3/(208 + 72*Pi - 96*Sqrt[2]*Pi)
350	variance of the maximum of a size 7 sample from a normal (0,1) distribution	none	64	not found	12	x, ARCTANH, SQRT, ARCTAN, ARCSINH	PI, INV, TAN, TWO, SUBTRACT, SIN, COS	4.041e-13	23	0.4	12.4	True	
351	1 - 6/pi^2	elementary	64	exact	7	x	PI, SQR, SIX, DIVIDE, ONE, SUBTRACT	0.000e+00	3	0.4	64.0	True	1 - 6/Pi^2
352	Pi/8	none	64	exact	4	x	EIGHT, PI, DIVIDE	0.000e+00	1	0.4	64.0	True	
353	A(rectangles), an analog of Moser's worm constant, which is associated with the class of rectangular regions of the plan	none	64	not found	12	x, GAMMA, SQRT, COSH, TAN	GOLDENRATIO, TANH, SIX, SINH, DIVIDE, SIN, INV	3.744e-14	21	0.4	13.4	True	
354	radius of convergence of the generating function for the enumeration of rooted identity trees (A004111)	none	50	not found	12	x, GAMMA, TAN, SQR, SINH	EULER, ARCCOSH, LOG, EULER, DIVIDE, SIN, ARCCOS	3.648e-14	44	0.4	13.4	True	
355	Pi*G - 33*zeta(3)/16, where G = A006752	special	64	not found	12	x, ARCCOS, ONE, ARCSINH, DIVIDE	FOUR, ARCCOSH, SQRT, TWO, TANH, POWER, ARCTAN	1.115e-13	29	0.4	13.0	True	Pi Catalan-33Zeta[3]/16
356	one div root two pi	elementary	64	exact	6	x	PI, PI, PLUS, INV, SQRT	0.000e+00	9	0.4	64.0	True	1/Sqrt[2*Pi]
357	log Sqrt[2π]	elementary	64	exact	9	x, NEG, NINE, SUBTRACT, POWER	PI, PI, PLUS, SQRT	1.391e-16	21	0.4	64.0	True	Log10[Sqrt[2*Pi]]
358	'lambda', a Somos quadratic recurrence constant mentioned by Steven Finch	none	64	not found	12	x, EXP, ARCSINH, INV, ARCSIN	PI, EULER, PLUS, ARCTAN, SIN, TAN, SIN	2.695e-14	24	0.4	13.6	True	
359	Feigenbaum's constant 0.399535	none	64	not found	12	x, COSH, TAN, ARCCOSH, SQR	GOLDENRATIO, LOG, SQR, ARCSINH, TWO, PLUS, ARCSINH	1.991e-13	24	0.4	12.7	True	
360	Li_3(2 - phi)	special	64	not found	12	x, TAN, GAMMA, SIN, SINH	FIVE, EXP, SQRT, EIGHT, COS, DIVIDE, EXP	4.149e-14	25	0.4	13.4	True	PolyLog[3,2-GoldenRatio]
361	radius of convergence of Wedderburn-Etherington numbers g.f	none	64	not found	12	x, GAMMA, FOUR, COS, PLUS	SIX, SIN, SQR, ARCTAN, ARCCOS, SQRT, SINH	1.447e-14	31	0.4	13.8	True	
362	'mu', a percolation constant associated with the asymptotic threshold for 3-dimensional bootstrap percolation	none	64	not found	12	THREE, x, GAMMA, POWER, SIN	GOLDENRATIO, COSH, ARCSINH, GOLDENRATIO, GAMMA, SUBTRACT, ARCSIN	1.924e-14	79	0.4	13.7	True	
363	log(A085850)	none	41	not found	12	PI, x, LOG, SQR, POWER	FOUR, TAN, TAN, COS, THREE, POWER, SINH	1.560e-13	29	0.4	12.8	True	
364	m_2 = (2-1/e)/4, one of Renyi's parking constants, the mean car density in case "monomer with nearest neighbor exclusion	elementary	64	exact	7	x	FOUR, EULER, INV, TWO, SUBTRACT, DIVIDE	0.000e+00	3	0.4	64.0	True	(2 - 1/E)/4
365	upper bound of the 4-dimensional simultaneous Diophantine approximation constant	elementary	64	not found	12	x, GAMMA, SINH, TAN, ARCSINH	GOLDENRATIO, TWO, POWER, COSH, TANH, COS, GAMMA	1.574e-13	20	0.4	12.8	True	27/(4*(8*Sqrt[3]*Pi - 27))
366	Euler-Kronecker constant (as named by P. Moree) for non-hypotenuse numbers	none	64	not found	12	x, LOG, SQR, ARCTANH, INV	THREE, SEVEN, DIVIDE, TANH, INV, SINH, GAMMA	8.648e-14	17	0.4	13.1	True	
367	lower bound of the Berry-Esseen constant	elementary	64	exact	11	x, THREE, ARCSINH, EXP, DIVIDE	PI, EIGHT, TIMES, NINE, TIMES, SQRT	0.000e+00	30	0.4	64.0	True	(3 + Sqrt[10])/(6*Sqrt[2*Pi])
368	Hardy-Littlewood constant C_5 = Product_{p prime > 5} 1/(1-1/p)^5 (1-5/p)	none	64	not found	12	x, GAMMA, SIX, SUBTRACT, LOG	TWO, ARCSINH, ARCCOSH, COS, SINH, SQRT, COSH	1.077e-13	20	0.4	13.0	True	
369	sqrt(2)*(sqrt(6) - 1)/5	algebraic	64	exact	7	x, ARCTANH	NEG, ARCSINH, TWO, ARCCOSH, PLUS	0.000e+00	6	0.4	64.0	True	Sqrt[2](Sqrt[6]-1)/5
370	Prouhet–Thue–Morse constant	special	64	not found	11	x, SQRT, SIN, COS, SQR	TWO, SIN, GAMMA, INV, TANH, ARCSINH	7.510e-14	18	0.4	13.1	True	(2 - Product[(-1 + 2^2^\[FormalK])/2^2^\[FormalK], {\[FormalK], 0, Infinity}])/4
371	1/(eta*P'(eta)), a constant related to the asymptotic evaluation of the number of prime multiplicative compositions, whe	none	30	not found	12	NINE, x, THREE, TIMES, POWER	SEVEN, SQR, ARCTAN, SQRT, TANH, SIX, PLUS	2.679e-13	18	0.4	12.6	True	
372	sqrt(2) - 1	algebraic	64	exact	4	x	NEG, ARCSINH, EXP	1.340e-16	2	0.4	64.0	True	Sqrt[2] - 1
373	isosceles triangle line-picking constant	elementary	64	not found	12	FOUR, LOG, x, GAMMA, DIVIDE	NEG, COS, ARCSINH, ARCCOS, LOG, SINH, ARCCOS	3.202e-14	15	0.4	13.5	True	(2 + 4*Sqrt[2] + ArcSinh[1]*(4 + Sqrt[2]))/30
374	Prime constant	special	64	not found	12	x, SINH, ARCTAN, SINH, SIN	THREE, EIGHT, SIN, ARCSINH, SQRT, ARCSIN, DIVIDE	1.365e-14	16	0.4	13.9	True	Sum[2^(-Prime[n]), {n, 1, Infinity}]
375	variance of the maximum of a size 6 sample from a normal (0,1) distribution	none	64	not found	12	x, ARCSIN, TAN, SQR, ARCSINH	EULER, ARCTAN, SIN, PI, LOG, SUBTRACT, SINH	3.764e-14	20	0.4	13.4	True	
376	volume of the Meissner Body	elementary	64	not found	12	x, GAMMA, THREE, SUBTRACT, ARCSINH	GOLDENRATIO, ARCCOSH, INV, ARCTAN, SINH, COS, TAN	2.182e-14	38	0.4	13.7	True	(2/3 - Sqrt[3]/4 * ArcCos[1/3])* Pi
377	Minkowski-Bower constant	special	64	not found	12	x, PI, DIVIDE, COS, INV	TWO, SINH, COS, EXP, SEVEN, PLUS, ARCCOSH	1.544e-13	41	0.4	12.8	True	Inactive[Root][{#1 - MinkowskiQuestionMark[#1] & , 0.420372339423223075640993`23.623634131640042}]
378	Schlüter ten disk constant	algebraic	64	not found	12	TWO, LOG, COS, x, POWER	EIGHT, TANH, SQRT, COS, ARCSINH, TAN, TANH	7.353e-14	39	0.4	13.1	True	Root[819200 - 14172160*\[FormalX] + 114038784*\[FormalX]^2 - 563649536*\[FormalX]^3 + 1899131648*\[FormalX]^4 - 4564076288*\[FormalX]^5 + 7918461504*\[FormalX]^6 - 9722063488*\[FormalX]^7 + 7803109440*\[FormalX]^8 - 2960321792*\[FormalX]^9 - 1038261808*\[FormalX]^10 + 1526909568*\[FormalX]^11 + 227573920*\[FormalX]^12 - 1398966480*\[FormalX]^13 + 1145811528*\[FormalX]^14 - 462103584*\[FormalX]^15 + 98015844*\[FormalX]^16 - 11436428*\[FormalX]^17 + 1180129*\[FormalX]^18, \[FormalX], 1]
379	logarithmic capacity of the unit equilateral triangle	none	64	exact	11	x, THREE, TIMES, PI, DIVIDE	THREE, THREE, TWO, DIVIDE, GAMMA, POWER	0.000e+00	28	0.4	64.0	True	
380	c_1, a constant associated with the computation of the maximal modulus of an algebraic integer	none	64	not found	12	x, ARCSIN, SINH, LOG, SINH	SIX, LOG, EIGHT, TANH, SUBTRACT, ARCSINH, TAN	4.672e-14	39	0.4	13.3	True	
381	Reuleaux tetrahedron volume	elementary	64	not found	12	x, GAMMA, SQR, COS, EXP	TWO, SQRT, SEVEN, ARCTAN, POWER, SQRT, ARCCOSH	1.461e-13	42	0.4	12.8	True	(8*Pi)/3 - (27*ArcCos[1/3])/4 + Sqrt[2]/4
382	1 - gamma, where gamma is Euler's constant (or the Euler-Mascheroni constant)	special	64	not found	12	x, GOLDENRATIO, SINH, DIVIDE, TAN	THREE, EIGHT, ARCCOSH, DIVIDE, EXP, TAN, TANH	4.832e-13	37	0.4	12.3	True	1 - EulerGamma
383	pi^(-3/4)	elementary	64	exact	6	x	PI, PI, SQRT, SQRT, DIVIDE	1.310e-16	3	0.4	64.0	True	Pi^(-3/4)
384	Dawson's integral at the inflection point	none	64	not found	12	THREE, x, POWER, INV, COS	EULER, SIX, LOG, ARCCOSH, SUBTRACT, EXP, COS	5.750e-14	38	0.4	13.2	True	
385	(2/3)*x where x is the real solution of the equation x^2 + 2*sqrt(1 - x^2) = 2*x*(x + arccos(x))	none	64	not found	12	x, ARCTANH, ARCSIN, INV, ARCCOSH	PI, SINH, ARCCOSH, ARCTAN, SQRT, GAMMA, TAN	2.763e-14	37	0.4	13.6	True	
386	gamma', the analog of Euler's constant when 1/x is replaced by 1/(x*log(x))	none	64	not found	12	GOLDENRATIO, x, EXP, SQR, SUBTRACT	EULER, SIN, TANH, PI, DIVIDE, LOG, LOG	3.241e-14	55	0.4	13.5	True	
387	carefree constant	special	64	not found	12	SIX, x, SIN, INV, SUBTRACT	EULER, TANH, ARCTAN, GOLDENRATIO, ARCCOSH, PLUS, TAN	6.131e-14	55	0.4	13.2	True	Product[1 - (-1 + 2*Prime[\[FormalK]])/Prime[\[FormalK]]^3, {\[FormalK], 1, Infinity}]
388	'lambda', a Young-Fejér-Jackson constant linked to the positivity of certain sine sums	none	64	not found	12	x, TAN, TANH, PI, DIVIDE	SIX, COS, SIN, TAN, GOLDENRATIO, PLUS, SINH	1.974e-14	36	0.4	13.7	True	
389	2*arccsch(2)/sqrt(5)	none	64	exact	7	x	GOLDENRATIO, LOG, COSH, GOLDENRATIO, LOG, DIVIDE	0.000e+00	12	0.4	64.0	True	
390	m = (1-1/e^2)/2, one of Renyi's parking constants	elementary	64	exact	5	x	EULER, ONE, SINH, DIVIDE	0.000e+00	2	0.4	64.0	True	(1 - 1/E^2)/2
391	Bloch constant lower limit	algebraic	64	not found	12	x, ARCTANH, LOG, ARCTANH, COSH	FOUR, ARCTAN, SQR, SQR, SIN, COSH, TAN	2.371e-14	26	0.4	13.6	True	1/5000 + Sqrt[3]/4
392	common logarithm of e	elementary	64	exact	6	x, INV	NEG, NINE, SUBTRACT, LOG	0.000e+00	3	0.4	64.0	True	Log10[E]
393	asymptotic probability of success in the full-information secretary problem with uniform distribution when the number of	none	64	not found	12	x, FIVE, INV, SINH, POWER	NEG, SINH, SQR, GAMMA, FOUR, LOG, SUBTRACT	1.351e-13	30	0.4	12.9	True	
394	a constant related to the [dimensionless] electrical capacitance of the ring torus without hole (with unit circle radius	none	64	not found	12	x, GAMMA, COS, COSH, SINH	EULER, TAN, FIVE, INV, COSH, COS, POWER	8.505e-14	25	0.4	13.1	True	
395	1/(2*(Pi-2)), the upper bound of the 3-dimensional simultaneous Diophantine approximation constant	elementary	64	exact	5	x, INV	FOUR, COS, ARCCOS	0.000e+00	3	0.4	64.0	True	1/(2*(Pi - 2))
397	real part of the infinite power tower of i	special	64	not found	12	x, ARCTANH, GAMMA, SQR, ARCSINH	EIGHT, LOG, ARCSINH, ARCTAN, TANH, SIN, EXP	4.889e-14	26	0.4	13.3	True	Re[-ProductLog[-Log[I]]/Log[I]]
398	breadth of the "caliper", the broadest worm of unit length	none	64	not found	12	x, ARCSIN, TAN, ARCSIN, ARCTAN	ONE, ARCSINH, SQRT, ARCSIN, INV, ARCTAN, SQR	1.762e-13	26	0.4	12.8	True	
399	Otter's asymptotic constant beta for the number of rooted trees	none	64	not found	12	x, ARCSINH, SQR, TAN, INV	EULER, NINE, SUBTRACT, TAN, ARCCOS, SEVEN, SUBTRACT	3.659e-14	28	0.4	13.4	True	
400	Ising constant	elementary	64	exact	5	x	FOUR, THREE, ARCCOSH, DIVIDE	0.000e+00	6	0.4	64.0	True	Log[1 + Sqrt[2]]/2
401	1/log(2)-1, the mean value of a random variable following the Gauss-Kuzmin distribution	elementary	64	exact	6	x	TWO, LOG, INV, NEG, PLUS	0.000e+00	4	0.4	64.0	True	1/Log[2] - 1
403	1D Diophantine approximation constant	algebraic	64	exact	4	x	FIVE, INV, SQRT	0.000e+00	5	0.4	64.0	True	Sqrt[5]^(-1)
404	variance of the maximum of a size 5 sample from a normal (0,1) distribution	special	64	not found	11	x, TWO, DIVIDE, TAN	THREE, EIGHT, SIN, SINH, EXP, SINH, DIVIDE	4.962e-15	26	0.4	14.3	True	1 - 25/Pi + 150*ArcCsc[Sqrt[3]]/Pi^2 + 5*Sqrt[3]*ArcSec[2*Sqrt[2/3]]/Pi^2 - 225*ArcCsc[Sqrt[3]]^2/Pi^3
405	7*sqrt(3)/27	algebraic	64	exact	7	x	FIVE, THREE, POWER, SQRT, SEVEN, DIVIDE	0.000e+00	7	0.4	64.0	True	7Sqrt[3]/27
406	asymptotic probability of success in the full information version of the secretary problem	none	64	not found	12	x, LOG, SQR, ARCTANH, SQRT	NINE, ARCCOSH, TANH, GAMMA, SEVEN, TAN, POWER	5.004e-14	18	0.4	13.3	True	
407	2^(1/2)/pi	elementary	64	exact	5	x	PI, TWO, SQRT, DIVIDE	1.233e-16	2	0.4	64.0	True	2^(1/2)/Pi
408	log(Pi/2)	elementary	64	exact	4	x, EXP	ONE, ARCSIN	0.000e+00	2	0.4	64.0	True	Log[Pi/2]
409	prime zeta function at 2: Sum_{p prime} 1/p^2	special	64	not found	12	x, SQRT, SINH, COS, ARCTANH	TWO, SQRT, ARCSINH, EIGHT, LOG, DIVIDE, SIN	8.703e-14	54	0.4	13.1	True	PrimeZetaP[2]
410	Product_{n>1} (1-1/n)^(1/n)	none	64	not found	12	x, INV, ARCCOSH, EXP, TAN	NINE, LOG, TANH, GOLDENRATIO, TANH, SUBTRACT, ARCCOS	1.276e-13	42	0.4	12.9	True	
411	e^(-pi/4)	elementary	64	exact	4	x	NEG, ARCTAN, EXP	0.000e+00	2	0.4	64.0	True	E^(-Pi/4)
412	c^c^c^...  where c is the constant defined in A037077	none	64	not found	12	x, ARCTANH, THREE, LOG, SUBTRACT	EIGHT, ARCSINH, GOLDENRATIO, ARCTAN, DIVIDE, ARCSINH, SQRT	3.966e-14	79	0.4	13.4	True	
413	Machin Gregory series constant	elementary	64	exact	4	x	TWO, INV, ARCTAN	1.197e-16	2	0.4	64.0	True	ArcTan[1/2]
414	6*K/Pi^2, a constant related to the asymptotic evaluation of the number of positive squarefree integers of the form a^2 	none	64	not found	12	x, INV, TAN, SQR, ARCCOSH	SEVEN, GAMMA, ARCCOSH, INV, TANH, GOLDENRATIO, SUBTRACT	1.637e-14	28	0.4	13.8	True	
415	(1/30)*2^(1/2)*Pi^2	elementary	64	exact	9	x, THREE, TIMES	SEVEN, ARCSINH, COSH, PI, SQR, DIVIDE	0.000e+00	10	0.4	64.0	True	(Sqrt[2] Pi^2)/30
416	'etaHat', a constant used in the asymptotic evaluation of e.g.f. coefficients for the number of labeled mobiles	none	64	not found	12	x, TWO, DIVIDE, TAN, SINH	EULER, TANH, TWO, DIVIDE, GAMMA, COSH, EXP	2.481e-13	29	0.4	12.6	True	
417	pi^(-2/3)	elementary	64	exact	6	THREE, x, POWER	PI, SQR, INV	0.000e+00	11	0.4	64.0	True	Pi^(-2/3)
418	Bloch constant upper limit	special	64	not found	12	x, GAMMA, GAMMA, ARCTANH, LOG	SIX, ARCCOSH, EXP, ARCCOSH, GAMMA, ARCSINH, INV	2.021e-13	17	0.4	12.7	True	(Sqrt[(-1 + Sqrt[3])/2]*Gamma[1/3]*Gamma[11/12])/Gamma[1/4]
419	Weierstrass constant	special	64	not found	12	GOLDENRATIO, SINH, SIN, x, TIMES	SEVEN, SIN, GAMMA, INV, TWO, COS, PLUS	4.032e-14	44	0.4	13.4	True	(2*2^(1/4)*E^(Pi/8)*Sqrt[Pi])/Gamma[1/4]^2
420	Plouffe's b-constant	none	64	not found	12	x, SIN, GAMMA, ARCSINH, COSH	FIVE, ARCCOSH, SIX, INV, SIN, ARCCOS, POWER	5.696e-14	47	0.4	13.2	True	
421	common logarithm of 3	elementary	64	exact	6	x, NEG, NINE, SUBTRACT, POWER	THREE	1.163e-16	6	0.4	64.0	True	Log10[3]
422	quadtree leaf proportion constant	elementary	64	exact	12	SIX, SQR, x, PLUS, SINH	PI, PI, PLUS, SQR, THREE, SUBTRACT, COSH	0.000e+00	39	0.4	31.1	True	-39 + 4*Pi^2
423	(6*sqrt(3) + 12*log(2+sqrt(3)) - Pi)/48	elementary	64	not found	12	x, SIX, TIMES, ARCTAN, SQR	THREE, SIN, GAMMA, INV, TAN, COS, COSH	5.883e-14	39	0.4	13.2	True	(6Sqrt[3]+12Log[2+Sqrt[3]]-Pi)/48
424	(ln 2)^2	elementary	64	exact	4	x, SQRT	TWO, LOG	0.000e+00	2	0.4	64.0	True	Log[2]^2
425	2*zeta(3)/5	special	64	not found	12	x, ARCSIN, FOUR, DIVIDE, SIN	GOLDENRATIO, INV, THREE, ARCSINH, SUBTRACT, ARCTAN, SINH	5.103e-14	80	0.4	13.3	True	2*Zeta[3]/5
426	logarithm of golden ratio	elementary	64	exact	3	x	GOLDENRATIO, LOG	0.000e+00	1	0.4	64.0	True	Log[GoldenRatio]
427	Trott's third constant	none	64	not found	12	x, ARCCOS, SINH, GOLDENRATIO, DIVIDE	TWO, SIN, THREE, LOG, TAN, ARCCOSH, POWER	3.182e-13	53	0.4	12.5	True	
428	a constant related to the expected number of vertices of the largest tree associated with a random mapping on n symbols	none	64	not found	12	x, TANH, GAMMA, GAMMA, SQRT	GOLDENRATIO, PI, THREE, DIVIDE, EXP, ARCCOSH, DIVIDE	5.534e-14	42	0.4	13.3	True	
429	2*K/Pi, a constant related to the asymptotic evaluation of the number of positive integers all of whose prime factors ar	none	64	not found	12	x, EIGHT, TIMES, COS, SQR	TWO, ARCTAN, SIX, LOG, INV, ARCSIN, DIVIDE	9.653e-14	27	0.4	13.0	True	
430	Gaussian twin prime constant	special	64	not found	12	x, FIVE, POWER, EXP, ARCSINH	EULER, COSH, COS, COS, INV, SQR, EXP	1.158e-13	30	0.4	12.9	True	(Pi^2*Product[Piecewise[{{((1 - 4/Prime[\[FormalK]])*(1 + Prime[\[FormalK]])^2)/(-1 + Prime[\[FormalK]])^2, Mod[Prime[\[FormalK]], 4] == 1}}, 1], {\[FormalK], 1, Infinity}])/8
431	3/(8*K), a constant related to the asymptotic evaluation of the number of positive integers that can be expressed as the	none	64	not found	12	x, SQR, SIX, TIMES, ARCCOSH	THREE, GOLDENRATIO, EXP, FOUR, TIMES, SIN, POWER	7.930e-14	34	0.4	13.1	True	
432	variance of the maximum of a size 4 sample from a normal (0,1) distribution	special	64	not found	12	x, ARCTANH, FIVE, TIMES, LOG	TWO, FOUR, ARCSINH, SQR, GAMMA, ARCCOSH, SUBTRACT	2.551e-14	26	0.4	13.6	True	1 + Sqrt[3]/Pi - 36*ArcSec[Sqrt[3]]^2/Pi^3
433	Shapiro-Drinfeld cyclic sum constant	special	64	not found	12	SEVEN, x, TANH, INV, POWER	NINE, EXP, SEVEN, TIMES, SQRT, NEG, PLUS	2.763e-13	25	0.4	12.6	True	ConditionalExpression[Extension`ShapiroDrinfeldCyclicSumConstant == \[FormalY]/2, \[FormalY] + \[FormalY]*E^(\[FormalX]/2) == (2 + \[FormalX])/E^(\[FormalX]/2) + \[FormalX]/(1 + E^(\[FormalX]/2)) && \[FormalX] + (1 + 2*E^(\[FormalX]/2))^(-1) == Log[(4*E^\[FormalX]*Cosh[\[FormalX]/4]^2)/(1 + 2*E^(\[FormalX]/2))] && -3/2 < \[FormalX] < -1/2 && 1/2 < \[FormalY] < 1]
434	fifth (of 10) decimal selvage number	none	64	false positive	7	x	SEVEN, ARCTAN, SIN, ARCTAN, SIN, SQR	0.000e+00	11	0.4	19.6	True	
435	1-gamma-gamma(1), a constant related to the asymptotic expansion of j(n), the counting function of "jagged" numbers, whe	special	64	not found	12	x, SQRT, EXP, SIN, ARCCOS	TWO, COS, INV, EXP, ARCTAN, FIVE, TIMES	6.317e-14	28	0.4	13.2	True	1 - EulerGamma - StieltjesGamma[1]
436	common logarithm of π	elementary	64	exact	6	x, NEG, NINE, SUBTRACT, POWER	PI	0.000e+00	5	0.4	64.0	True	Log10[Pi]
437	Half	rational	64	exact	3	x	TWO, INV	0.000e+00	1	0.4	64.0	True	1/2
438	birthday problem constant	rational	64	not found	11	x, GOLDENRATIO, EIGHT, TIMES, POWER	THREE, EIGHT, DIVIDE, ARCCOSH, SIX, DIVIDE	7.397e-14	19	0.4	13.1	True	38093904702297390785243708291056390518886454060947061/75091883268515350125426207425223147563269805908203125
439	A245781*Pi/2	none	64	not found	12	THREE, x, POWER, TAN, INV	EULER, TANH, SINH, SIX, TIMES, GAMMA, ARCSINH	2.010e-13	19	0.4	12.7	True	
440	sqrt(2 - sqrt(3)), edge length of a regular dodecagon with circumradius 1	none	64	exact	5	x, SQR, LOG, COSH	TWO	2.145e-16	16	0.4	64.0	True	
441	a constant related to the asymptotic expansion of the smallest Lebesgue constant corresponding to an optimal interpolati	special	64	not found	12	x, TAN, SQRT, SINH, SINH	TWO, TANH, FIVE, TIMES, ARCCOSH, ARCTAN, GAMMA	2.982e-14	25	0.4	13.5	True	2/Pi*(2*Log[2] - Log[Pi] + EulerGamma)
442	square line-picking constant	elementary	64	not found	12	x, COS, SQR, ARCTANH, ARCCOS	EIGHT, SIN, TAN, GOLDENRATIO, EXP, COS, DIVIDE	6.579e-14	25	0.4	13.2	True	(2 + 5*Log[1 + Sqrt[2]] + Sqrt[2])/15
443	sixth pi	elementary	64	exact	4	x	TWO, INV, ARCSIN	0.000e+00	2	0.4	64.0	True	Pi/6
444	Upper limit of backward value of 5^n	none	64	not found	12	x, SINH, ARCCOS, TAN, ARCCOSH	GOLDENRATIO, GOLDENRATIO, ARCCOSH, ARCSINH, ARCTANH, POWER, TANH	6.135e-14	16	0.4	13.2	True	
445	Mrs. Miniver's constant	none	64	not found	12	x, COS, INV, TAN, INV	NEG, COS, SQRT, FIVE, ARCTAN, SQRT, SUBTRACT	2.032e-14	35	0.4	13.7	True	
446	Pythagorean triple constant for areas	special	64	exact	11	ONE, ARCSIN, SQRT, x, TIMES	TWO, LOG, SINH, GAMMA, SQR, INV	0.000e+00	16	0.4	64.0	True	Gamma[1/4]^2/Sqrt[2*Pi^5]
447	Otter's asymptotic constant beta for the number of unrooted trees	none	64	not found	12	THREE, INV, SIN, x, PLUS	NINE, EULER, COSH, DIVIDE, SIN, TAN, SQR	8.156e-14	23	0.4	13.1	True	
448	Product_{p odd prime} 1-2/(p*(p-1)), a constant related to Artin's conjecture in the context of quadratic fields	none	64	not found	12	x, TAN, ARCTANH, SQR, TAN	NINE, SIN, GOLDENRATIO, POWER, ARCTAN, TANH, SQR	1.245e-14	20	0.4	13.9	True	
449	2*(2 - sqrt(3))	algebraic	64	exact	6	x	THREE, SQRT, NEG, PLUS, SQR	2.072e-16	4	0.4	64.0	True	2(2-Sqrt[3])
450	Li_3(1/2)	special	64	not found	12	NEG, TANH, INV, x, POWER	EULER, INV, SIX, GAMMA, ARCCOSH, SUBTRACT, SQRT	5.043e-14	11	0.4	13.3	True	PolyLog[3, 1/2]
451	'c', one of Polya's Random Walk constants, related to the asymptotics of the number of 3-D random walks starting from an	none	64	not found	12	PI, LOG, x, DIVIDE, TANH	PI, ONE, TAN, TANH, TAN, DIVIDE, TAN	7.638e-14	32	0.4	13.1	True	
452	Ioachimescu constant	special	64	not found	12	x, TWO, TIMES, INV, ARCTANH	FIVE, INV, EXP, ARCCOSH, ARCSIN, TANH, INV	2.510e-14	11	0.4	13.6	True	2 + Zeta[1/2]
453	cos one	elementary	64	exact	3	x	NEG, COS	0.000e+00	1	0.4	64.0	True	Cos[1]
454	value of the maximum of Dawson's integral D_+(x)	none	64	not found	12	EULER, EXP, TANH, x, DIVIDE	FIVE, COS, ARCCOS, INV, ARCTANH, TAN, LOG	1.276e-13	56	0.4	12.9	True	
455	Landau constant upper limit	special	64	not found	12	GOLDENRATIO, x, SIN, DIVIDE, GAMMA	SEVEN, TWO, SQRT, COSH, NINE, TIMES, DIVIDE	4.108e-14	16	0.4	13.4	True	(Gamma[1/3]*Gamma[5/6])/Gamma[1/6]
456	Pi^2/18	elementary	64	exact	7	x	PI, SIX, DIVIDE, SQR, TWO, DIVIDE	0.000e+00	21	0.4	64.0	True	Pi^2/18
457	-ln gamma	special	64	not found	11	EIGHT, SQRT, x, ARCSINH, DIVIDE	GOLDENRATIO, FOUR, TIMES, SIN, SIN, SIN	4.970e-14	13	0.4	13.3	True	-Log[EulerGamma]
458	coefficient c_m in c_m*log(N), the asymptotic mean number of factors in a random factorization of n <= N	none	64	not found	12	x, GAMMA, COSH, SIN, EXP	SEVEN, ARCTAN, COSH, SINH, SEVEN, SUBTRACT, ARCSINH	1.080e-13	14	0.4	13.0	True	
459	probability that an integer triple is pairwise unitary coprime	none	64	not found	12	x, SIN, PI, INV, PLUS	NINE, INV, ARCSIN, TANH, SQRT, ARCCOS, TANH	1.102e-13	12	0.4	13.0	True	
460	Kuijlaars-Saff constant	special	64	not found	12	x, ARCCOS, EXP, SQR, TAN	SEVEN, SIN, ARCSINH, SQR, PI, POWER, ARCSINH	9.696e-14	21	0.4	13.0	True	-1/2*(3^(3/4)*Zeta[1/2]*(Zeta[1/2, 1/3] - Zeta[1/2, 2/3]))/Sqrt[2*Pi]
461	smallest disk radius for which six equal disks can cover the unit disk	none	64	not found	12	FIVE, x, EIGHT, TIMES, SUBTRACT	NINE, ARCTAN, LOG, SIN, EIGHT, POWER, COS	5.452e-14	12	0.4	13.3	True	
462	1-9/(4*Pi)+sqrt(3)/(2*Pi), an extreme value constant	elementary	64	exact	12	x, PI, TIMES, TAN, ARCTAN	FOUR, NINE, DIVIDE, TWO, ARCCOSH, TANH, SUBTRACT	0.000e+00	19	0.4	64.0	True	1 - 9/(4*Pi) + Sqrt[3]/(2*Pi)
463	value of the Buchstab function at phi + 2 = (5 + sqrt(5))/2 (A296184)	elementary	64	not found	12	x, ARCTANH, GAMMA, SIN, SINH	GOLDENRATIO, COSH, INV, TANH, SQR, THREE, POWER	4.057e-14	11	0.4	13.4	True	(1 + 2*Log[GoldenRatio] + Log[GoldenRatio]^2 - Pi^2/60)/(GoldenRatio + 2)
464	reciprocal exponential of Euler γ	special	64	not found	12	x, ARCSIN, COS, TAN, ARCCOSH	PI, SQRT, EULER, TANH, ARCTAN, POWER, SQR	8.107e-14	11	0.4	13.1	True	E^(-EulerGamma)
465	one div root pi	elementary	64	exact	4	x	PI, INV, SQRT	0.000e+00	3	0.4	64.0	True	1/Sqrt[Pi]
466	Omega constant	special	64	not found	12	x, SQR, GAMMA, SINH, SIN	NEG, TAN, THREE, SIN, SUBTRACT, SIN, SQR	6.068e-14	13	0.4	13.2	True	ProductLog[1]
467	infinite tetration of i absolute value	special	64	not found	12	x, INV, TAN, SIN, COSH	EULER, SQRT, FIVE, ARCSINH, TIMES, ARCSINH, SQRT	4.108e-14	12	0.4	13.4	True	Limit[Abs[Nest[I^#1 & , I, \[FormalN]]], \[FormalN] -> Infinity]
468	B, a constant appearing in an asymptotic formula related to the exponential divisor function sigma^(e)	none	64	not found	12	x, ARCTANH, ARCSIN, ARCTANH, SIN	GOLDENRATIO, SQRT, ONE, SINH, TIMES, ARCCOSH, ARCTAN	5.861e-15	13	0.4	14.2	True	
469	(PolyGamma(1,(1+sqrt(5))/4)-PolyGamma(1,(3+sqrt(5))/4))/2	special	64	not found	12	x, SIN, ARCSINH, ARCSIN, ARCCOS	NEG, TAN, INV, EXP, TWO, DIVIDE, TANH	1.282e-13	13	0.4	12.9	True	(PolyGamma[1,(1+Sqrt[5])/4]-PolyGamma[1,(3+Sqrt[5])/4])/2
470	weakly carefree constant	special	64	not found	12	x, TANH, ARCCOS, ARCSINH, ARCCOS	FOUR, SIN, ARCSINH, NEG, COSH, SUBTRACT, INV	4.365e-14	9	0.4	13.4	True	2*Product[1 - (-1 + 2*Prime[\[FormalK]])/Prime[\[FormalK]]^3, {\[FormalK], 1, Infinity}] - Product[1 - (-2 + 3*Prime[\[FormalK]])/Prime[\[FormalK]]^3, {\[FormalK], 1, Infinity}]
471	Product_{p prime > 2} 1-1/(p^2-3p+3), a constant related to I. M. Vinogradov's proof of the "ternary" Goldbach conjectur	none	64	not found	12	x, ARCCOS, SQR, ARCCOS, SINH	TWO, SIN, GOLDENRATIO, POWER, LOG, SIN, SIN	7.275e-14	12	0.4	13.1	True	
472	eta_A, a constant associated with the asymptotics of the enumeration of labeled acyclic digraphs	none	64	not found	12	x, TAN, ARCCOS, SQR, ARCSIN	TWO, SIN, GAMMA, SIN, SQR, COS, SQRT	5.799e-15	12	0.4	14.2	True	
473	Stephens' constant	special	64	not found	12	x, EXP, TWO, TIMES, SIN	EULER, SIN, TAN, GOLDENRATIO, SINH, SUBTRACT, COS	1.631e-13	12	0.4	12.8	True	Product[1 - Prime[n]/(-1 + Prime[n]^3), {n, 1, Infinity}]
474	a constant related to the asymptotics of A005169	none	64	not found	12	x, THREE, ARCTAN, ARCSINH, DIVIDE	GOLDENRATIO, ARCTAN, SIX, ARCCOSH, POWER, SINH, LOG	1.175e-14	9	0.4	13.9	True	
475	Euler gamma	special	64	not found	12	GOLDENRATIO, COSH, x, ARCCOS, POWER	FIVE, SINH, INV, FOUR, SUBTRACT, TAN, INV	3.424e-14	16	0.4	13.5	True	EulerGamma
476	3^(-1/2)	algebraic	64	exact	4	x	THREE, INV, SQRT	0.000e+00	3	0.4	64.0	True	3^(-1/2)
477	Pi/(2e)	none	64	exact	5	x	EULER, ONE, ARCSIN, DIVIDE	0.000e+00	2	0.4	64.0	True	
478	k3, a Diophantine approximation constant such that the conjectured volume of the "critical parallelepiped" is 2^3*k3 (th	algebraic	64	exact	11	x, SEVEN, TIMES, LOG	SEVEN, PI, DIVIDE, COS, ONE, PLUS, ARCSINH	0.000e+00	7	0.4	64.0	True	8/7*Cos[2*Pi/7]*Cos[Pi/7]^2
479	asymptotic probability of success in one of the Secretary problems	none	64	not found	12	x, SQR, ARCSINH, EXP, TAN	FIVE, THREE, ARCTAN, SINH, POWER, LOG, SQR	1.129e-14	12	0.4	14.0	True	
480	Pell constant	special	64	not found	12	x, ONE, SUBTRACT, TAN, INV	FIVE, SIN, GAMMA, SIN, COSH, ARCTAN, EXP	5.679e-14	12	0.4	13.3	True	1 - QPochhammer[1/2, 1/4]
481	gamma_3, a lattice sum constant, analog of Euler's constant for 3-dimensional lattices	none	64	not found	12	x, TAN, COS, TAN, GAMMA	ONE, TAN, ARCCOSH, SINH, GAMMA, COSH, SIN	2.271e-14	12	0.4	13.6	True	
482	-zeta(1/2)/sqrt(2*Pi)	special	64	not found	12	x, ARCSINH, LOG, ARCTANH, ARCSIN	EULER, FIVE, TANH, ARCSINH, SUBTRACT, SIN, TANH	1.124e-14	12	0.4	13.9	True	-Zeta[1/2]/Sqrt[2*Pi]
483	first Kneser-Mahler polynomial constant	special	64	not found	12	x, SQR, GAMMA, LOG, SIN	GOLDENRATIO, EXP, SIX, PLUS, ARCTAN, SQRT, INV	4.017e-14	12	0.4	13.4	True	(2*Catalan)/Pi
484	Logarithmic capacity of the unit disk	special	64	exact	10	x, ONE, ARCTAN, SQRT, DIVIDE	TWO, LOG, SINH, GAMMA, SQR	1.881e-16	10	0.4	64.0	True	Gamma[1/4]^2/(4*Pi^(3/2))
485	Lehmer constant	special	64	not found	12	SIX, TAN, ARCTANH, x, SUBTRACT	EIGHT, TANH, ARCSINH, GAMMA, TANH, ARCSINH, TAN	1.049e-13	10	0.4	13.0	True	ConditionalExpression[Extension`LehmerConstant == Cot[Sum[(-1)^\[FormalK]*ArcCot[Subscript[\[FormalC], \[FormalK]]], {\[FormalK], 0, Infinity}]], Subscript[\[FormalC], 0] == 0 && Subscript[\[FormalC], \[FormalK]] == 1 + Subscript[\[FormalC], -1 + \[FormalK]] + Subscript[\[FormalC], -1 + \[FormalK]]^2]
487	Gompertz constant	special	64	not found	12	x, LOG, INV, TAN, GAMMA	GOLDENRATIO, TWO, TANH, COSH, TAN, DIVIDE, ARCTAN	1.676e-14	9	0.4	13.8	True	-(E*ExpIntegralEi[-1])
489	Champernowne base-3 constant	special	64	not found	12	x, FIVE, TIMES, THREE, DIVIDE	GOLDENRATIO, ARCTAN, LOG, ARCTAN, TWO, ARCTAN, POWER	1.792e-13	9	0.4	12.7	True	ChampernowneNumber[3]
490	second lemniscate constant	special	64	exact	11	ONE, ARCSIN, SQRT, x, TIMES	FOUR, INV, GAMMA, PI, DIVIDE, SQR	0.000e+00	13	0.4	64.0	True	Gamma[3/4]^2/Sqrt[2*Pi]
491	sqrt(13)/6	algebraic	64	exact	6	x	SIX, SEVEN, DIVIDE, ARCCOSH, SINH	3.695e-16	2	0.4	64.0	True	Sqrt[13] / 6
492	log10(4)	elementary	64	exact	6	x, THREE, ARCSINH, COSH, POWER	TWO	0.000e+00	9	0.4	64.0	True	Log[10, 4]
493	G(1/2) where G is the Barnes G-function	special	64	not found	12	x, LOG, COS, ARCTANH, TAN	GOLDENRATIO, TANH, SQR, EIGHT, TIMES, SQR, ARCSINH	6.607e-14	12	0.4	13.2	True	BarnesG[1/2]
494	sum_{n>=1} 1/(n binomial(2n, n))	elementary	64	exact	7	x	THREE, THREE, POWER, SQRT, PI, DIVIDE	0.000e+00	14	0.4	64.0	True	Pi/(3*Sqrt[3])
495	QRS constant	special	64	not found	12	x, ARCSINH, INV, SINH, TAN	GOLDENRATIO, SIN, SINH, INV, ARCTANH, EXP, SIN	1.372e-13	12	0.4	12.9	True	Root[{Zeta[1/2, #1/2] & , 0.605443657196732749478922842447`29.782073733759695}]
496	exp minus half	elementary	64	exact	4	x	EULER, INV, SQRT	0.000e+00	3	0.4	64.0	True	Exp[-1/2]
497	6/Pi^2	elementary	64	exact	5	x	PI, SQR, SIX, DIVIDE	0.000e+00	2	0.4	64.0	True	6/Pi^2
498	Sum{p prime>=2} log(p)/(p^2-p+1)	none	64	not found	12	x, SINH, ARCTANH, ARCTANH, SQR	GOLDENRATIO, ARCSINH, ONE, TAN, ARCCOSH, DIVIDE, TAN	8.759e-14	9	0.4	13.1	True	
499	Neville five disk constant	algebraic	64	not found	12	x, INV, GAMMA, INV, SINH	PI, GOLDENRATIO, GAMMA, ARCTAN, SIN, DIVIDE, ARCCOS	7.288e-14	12	0.4	13.1	True	Root[625 - 800*\[FormalX] + 22*\[FormalX]^2 - 1776*\[FormalX]^3 + 1665*\[FormalX]^4 + 1360*\[FormalX]^5 - 3480*\[FormalX]^6 + 2112*\[FormalX]^7 + 1296*\[FormalX]^8, \[FormalX], 3]
500	strongly triple-free set constant	none	28	not found	12	x, ARCCOS, GAMMA, GOLDENRATIO, SUBTRACT	NINE, SIX, SIN, SEVEN, PLUS, DIVIDE, SQR	6.895e-14	10	0.4	13.2	True	
501	best lower bound for the Steiner ratio rho_3, the least upper bound on the ratio of the length of the Steiner minimal tr	none	64	not found	12	x, ARCSINH, ARCSIN, SINH, ARCSIN	SIX, COS, SQR, GAMMA, TANH, ARCCOS, SINH	5.408e-14	18	0.4	13.3	True	
502	(1/16)*Pi^2	special	64	exact	4	x	NEG, ARCTAN, SQR	0.000e+00	2	0.4	64.0	True	Gamma[3/2]^4
503	-1/(e^2 Ei(-1)), an increasing rooted tree enumeration constant associated with the Euler-Gompertz constant, where Ei is	special	64	not found	12	x, TANH, ARCCOS, ARCCOS, EXP	GOLDENRATIO, COS, SINH, EXP, ARCTAN, ARCSIN, INV	3.743e-14	12	0.4	13.4	True	-1/(E^2*ExpIntegralEi[-1])
504	Lenz-Ising constant	elementary	64	exact	12	x, ONE, ARCTAN, SUBTRACT, EXP	EULER, ONE, ARCSINH, EIGHT, SQRT, DIVIDE, DIVIDE	0.000e+00	11	0.4	64.0	True	1 + Pi/4 + Log[(Log[1 + Sqrt[2]]*Sqrt[2])/4]
505	Cbrt[3/4π]	elementary	64	exact	7	THREE, x, POWER, INV, TAN	THREE, SQRT	0.000e+00	13	0.4	64.0	True	CubeRoot[3/(4*Pi)]
506	1/(theta*P'(theta)), a constant appearing in the asymptotic evaluation of the coefficients q_n in 1/(1+P(x)), where P(x)	none	64	not found	12	x, ONE, ARCSINH, SUBTRACT, SQRT	FOUR, ARCSINH, GAMMA, INV, SQRT, COS, ARCTAN	2.444e-14	12	0.4	13.6	True	
507	'kappa', an asymptotic enumeration constant related to unit interval graphs	none	64	not found	12	x, SQR, GAMMA, SIN, ARCTANH	FIVE, EULER, ARCSINH, GAMMA, DIVIDE, TAN, COS	6.949e-15	9	0.4	14.2	True	
508	Golomb–Dickman constant	special	64	not found	12	x, SEVEN, SQRT, DIVIDE, TAN	GOLDENRATIO, SEVEN, COSH, COS, GOLDENRATIO, PLUS, POWER	5.032e-14	9	0.4	13.3	True	Integrate[E^LogIntegral[\[FormalX]], {\[FormalX], 0, 1}]
509	constant in Kac's formula	none	64	not found	12	x, GAMMA, ARCCOSH, ARCTANH, ARCTAN	EIGHT, SIN, TAN, SINH, COSH, COS, COS	3.460e-14	9	0.4	13.5	True	
510	'lambda', a constant such that exp(lambda*Pi) is the best-known upper bound (as given by Julian Gevirtz) of the John con	none	64	not found	12	x, EXP, INV, ARCCOS, ARCCOSH	EIGHT, SINH, ARCCOSH, FOUR, TANH, DIVIDE, SIN	8.842e-15	9	0.4	14.0	True	
511	Davison-Shallit constant	special	64	not found	12	x, SINH, TANH, GAMMA, TAN	SEVEN, TAN, FIVE, TIMES, FOUR, SQR, PLUS	8.025e-14	9	0.4	13.1	True	ConditionalExpression[Extension`DavisonShallitConstant == Sum[(-1)^\[FormalK]/(Subscript[\[FormalQ], \[FormalK]]*Subscript[\[FormalQ], 1 + \[FormalK]]), {\[FormalK], 0, Infinity}], Subscript[\[FormalQ], 0] == 1 && Subscript[\[FormalQ], 1] == 1 && Subscript[\[FormalQ], \[FormalK]] == Subscript[\[FormalQ], -2 + \[FormalK]]*(1 + Subscript[\[FormalQ], -1 + \[FormalK]])]
512	rayleigh skewness	elementary	64	exact	12	THREE, x, ARCCOS, DIVIDE, TAN	NEG, ARCSIN, EIGHT, COS, ARCSIN, DIVIDE, SQRT	0.000e+00	10	0.4	64.0	True	2*Sqrt[Pi]*(Pi - 3)/(4 - Pi)^(3/2)
513	1 - 1/e	elementary	64	exact	5	x	EULER, INV, ONE, SUBTRACT	0.000e+00	2	0.4	64.0	True	1 - 1/E
514	Hardy-Littlewood constant Product_{p prime >= 5} (1-(3*p-1)/(p-1)^3)	none	64	not found	12	x, NINE, POWER, GAMMA, COS	FIVE, SIN, ARCTANH, TWO, COSH, SUBTRACT, TANH	3.426e-14	9	0.4	13.5	True	
515	Buffon constant	elementary	64	exact	4	x	ONE, ARCSIN, INV	0.000e+00	2	0.4	64.0	True	2/Pi
516	(2^(1/3)-1)^(1/3)	algebraic	64	exact	9	THREE, x, POWER	THREE, INV, TWO, POWER, NEG, PLUS	0.000e+00	2	0.4	64.0	True	Power[Power[2, (3)^-1] - 1, (3)^-1]
517	an analog of the Landau-Ramanujan constant for Loeschian numbers	none	64	not found	12	SEVEN, ARCTAN, ARCSINH, x, DIVIDE	SEVEN, TAN, SIN, SQRT, TAN, ARCCOSH, ARCTAN	2.050e-14	0	0.4	13.7	True	
518	first non-alternating series of reciprocal primes constant	special	64	not found	12	GOLDENRATIO, INV, x, INV, SUBTRACT	SIX, COS, GOLDENRATIO, ARCCOSH, GAMMA, POWER, SQR	5.431e-14	0	0.4	13.3	True	Sum[Piecewise[{{-1, Mod[Prime[\[FormalK]], 3] == 1}, {1, Mod[Prime[\[FormalK]], 3] == 2}}, 0]/Prime[\[FormalK]], {\[FormalK], 1, Infinity}]
519	Cahen's constant	special	64	not found	12	x, COSH, TAN, TWO, POWER	EULER, SINH, SEVEN, POWER, ARCTAN, EIGHT, SUBTRACT	3.744e-14	0	0.4	13.4	True	ConditionalExpression[Extension`CahenConstant == Sum[(-1)^\[FormalK]/(-1 + \[FormalS][\[FormalK]]), {\[FormalK], 0, Infinity}], \[FormalS][0] == 2 && \[FormalS][\[FormalN]] == 1 - \[FormalS][-1 + \[FormalN]] + \[FormalS][-1 + \[FormalN]]^2 && \[FormalS][\[FormalN]] == 1 + Product[\[FormalS][\[FormalK]], {\[FormalK], 0, -1 + \[FormalN]}]]
520	a constant related to a conjectured value of the Masser-Gramain constant	special	64	not found	12	x, FOUR, TIMES, ARCSINH, COS	PI, FIVE, PLUS, SEVEN, ARCCOSH, COS, DIVIDE	1.168e-14	0	0.4	13.9	True	Pi/4*(2*EulerGamma + 2*Log[2] + 3*Log[Pi] - 4*Log[Gamma[1/4]])
521	Integral_{x=0..Infinity} sin(x)/(x^2+1) dx	none	64	not found	12	x, SQR, SIN, ARCTAN, GAMMA	GOLDENRATIO, INV, ARCTAN, GAMMA, PI, TIMES, ARCCOSH	5.630e-14	0	0.4	13.2	True	
522	unit-diameter hexagon area	algebraic	64	exact	6	x	THREE, TWO, ARCCOSH, TANH, POWER	1.709e-16	1	0.4	64.0	True	(3*Sqrt[3])/8
523	Maximal unitary square-free divisor sum constant	none	64	not found	12	x, ARCSIN, SINH, TAN, TANH	SEVEN, EULER, ARCSINH, POWER, LOG, LOG, INV	1.760e-13	3	0.4	12.8	True	
524	delta = (1+alpha)/4, a constant appearing in Koecher's formula for Euler's gamma constant, where alpha is A065442, the E	none	64	not found	12	SIX, SQRT, x, TIMES, SQR	NEG, ARCTAN, ARCSIN, SQR, THREE, SQRT, PLUS	4.038e-14	0	0.4	13.4	True	
525	negative of Granville-Soundararajan constant	special	64	not found	12	EULER, SINH, COS, x, DIVIDE	EULER, TANH, ARCCOS, SIX, SUBTRACT, ARCTAN, COSH	6.033e-14	0	0.4	13.2	True	-(4*PolyLog[2, -Sqrt[E]] + Pi^2/3 + 1)
526	harmonic power tower even term limit	special	64	not found	12	SEVEN, COS, x, DIVIDE, SINH	GOLDENRATIO, PI, FIVE, PLUS, ARCCOSH, DIVIDE, SIN	1.398e-13	0	0.4	12.9	True	Limit[Fold[(1/#2)^#1 & , 1, Table[\[FormalI], {\[FormalI], 2*\[FormalN], 2, -1}]], \[FormalN] -> Infinity]
527	escape probability for a random walk on the 3-D cubic lattice (a Polya random walk constant)	none	64	not found	12	x, ARCSINH, ARCTANH, TAN, ARCSINH	PI, EXP, ARCTAN, NINE, PLUS, SIN, SQR	2.929e-14	4	0.4	13.5	True	
528	Twin primes constant	special	64	not found	12	x, SEVEN, POWER, ARCCOSH, INV	EIGHT, COS, FIVE, SINH, POWER, ARCTAN, SINH	1.110e-14	1	0.4	13.9	True	Product[1 - (-1 + Prime[\[FormalK]])^(-2), {\[FormalK], 2, Infinity}]
529	Feller–Tornier constant	special	64	not found	12	x, EXP, EXP, COS, TAN	SIX, SIN, GAMMA, GOLDENRATIO, POWER, SQR, EXP	1.471e-13	1	0.4	12.8	True	1/2 + Product[1 - 2/Prime[n]^2, {n, 1, Infinity}]/2
530	Robbins constant	elementary	64	not found	12	x, SIN, ARCTAN, GAMMA, ARCTAN	PI, ARCTAN, INV, ARCSIN, SQRT, ARCSINH, ARCSIN	6.124e-14	2	0.4	13.2	True	(4 + 17*Sqrt[2] - 6*Sqrt[3] - 7*Pi)/105 + Log[1 + Sqrt[2]]/5 + (2*Log[2 + Sqrt[3]])/5
531	Laplace limit	special	64	not found	12	x, SINH, TAN, TAN, SINH	FIVE, TAN, COSH, COS, EXP, SINH, GAMMA	9.649e-14	1	0.4	13.0	True	Root[{-1 + E^Sqrt[1 + #1^2]*#1 - Sqrt[1 + #1^2] & , 0.6627434193491815809747420971092529070562335491150224175204`30.}]
532	twothirds	rational	64	exact	4	x	THREE, TWO, DIVIDE	0.000e+00	1	0.4	64.0	True	2/3
533	3/2 - gamma / log(2), a coin tossing constant related to the asymptotic evaluation of the expected length of the longest	special	64	not found	12	x, THREE, SINH, DIVIDE, SIN	FOUR, SIN, FIVE, TANH, SUBTRACT, INV, TAN	4.576e-14	0	0.4	13.3	True	3/2 - EulerGamma/Log[2]
534	Shanks constant	special	64	not found	12	x, INV, TAN, LOG, LOG	FIVE, SQR, GAMMA, ARCSINH, ARCCOSH, ARCTAN, ARCTAN	8.073e-14	1	0.4	13.1	True	(Pi^2*Product[Piecewise[{{((1 - 4/Prime[\[FormalK]])*(1 + Prime[\[FormalK]])^2)/(-1 + Prime[\[FormalK]])^2, Mod[Prime[\[FormalK]], 8] == 1}}, 1], {\[FormalK], 1, Infinity}])/(16*Log[1 + Sqrt[2]])
535	sqrt(3)/(4 - sqrt(2))	algebraic	64	exact	8	x	TWO, SQRT, FOUR, SUBTRACT, THREE, SQRT, DIVIDE	1.657e-16	2	0.4	64.0	True	Sqrt[3]/(4-Sqrt[2])
536	gamma_2, a lattice sum constant, analog of Euler's constant for two-dimensional lattices	none	64	not found	12	SEVEN, x, POWER, GAMMA, COS	TWO, COS, EXP, SEVEN, DIVIDE, SQRT, COS	3.459e-14	0	0.4	13.5	True	
537	probable error constant	special	64	not found	12	x, EIGHT, TIMES, COS, SQR	EIGHT, ARCSINH, GAMMA, SIX, SQRT, DIVIDE, LOG	1.848e-13	0	0.4	12.7	True	InverseErf[1/2]*Sqrt[2]
538	Graham biggest little hexagon area	algebraic	64	not found	12	x, SIN, GAMMA, SINH, GAMMA	TWO, ARCCOSH, GOLDENRATIO, SUBTRACT, SQR, COS, SQR	5.527e-14	0	0.4	13.3	True	Root[11993 - 78488*#1 + 144464*#1^2 + 1232*#1^3 - 221360*#1^4 + 146496*#1^5 + 21056*#1^6 - 30848*#1^7 - 3008*#1^8 + 8192*#1^9 + 4096*#1^10 & , 5]
539	generalized Euler constant gamma(1,3)	special	64	not found	12	x, TAN, COSH, SINH, LOG	SEVEN, ARCCOSH, SQRT, NEG, ARCTAN, PLUS, ARCCOS	8.026e-15	1	0.4	14.1	True	EulerGamma/3 + Pi*Sqrt[3]/18 + Log[3]/6
540	Taniguchi constant	special	64	not found	12	x, ARCSINH, ARCCOS, ARCTANH, ARCSINH	EULER, GAMMA, EULER, ARCTAN, ARCTAN, GAMMA, POWER	8.185e-15	0	0.4	14.1	True	Product[1 - Prime[n]^(-6) + Prime[n]^(-5) + 2/Prime[n]^4 - 3/Prime[n]^3, {n, 1, Infinity}]
541	1 - 1/Pi	elementary	64	exact	5	x	PI, INV, ONE, SUBTRACT	1.629e-16	2	0.4	64.0	True	1 - 1/Pi
542	positive solution to the equation x/(1-x) = 1+log(1/(1-x)), an auxiliary constant associated with the problem of enumera	none	64	not found	12	x, TANH, ARCTAN, SIN, TAN	NINE, TAN, THREE, INV, SIN, SQR, SUBTRACT	2.604e-14	0	0.4	13.6	True	
543	log e^(π/2)	elementary	64	exact	8	x	THREE, ARCTAN, COS, LOG, NEG, ARCTAN, DIVIDE	0.000e+00	12	0.4	64.0	True	Log10[E^(Pi/2)]
544	one div cbrt pi	elementary	64	exact	5	THREE, x, POWER	PI, INV	0.000e+00	4	0.4	64.0	True	Pi^(-1/3)
545	least x>0 having sin(4x) = (sin x)^2	none	64	not found	12	x, ARCSINH, TWO, DIVIDE, ARCSINH	GOLDENRATIO, COSH, COS, ARCTAN, PI, LOG, SUBTRACT	8.372e-14	0	0.4	13.1	True	
546	Integral_{x=0..1} log(floor(1/x))/(1+x) dx	special	64	not found	12	x, LOG, ARCTANH, TAN, SQR	EULER, GAMMA, TANH, INV, ARCCOSH, SQR, ARCTAN	3.972e-14	0	0.4	13.4	True	Log[2]*Log[Khinchin]
547	-x, the real root of the equation 0 = 1 + Sum_{k>=1} prime(k) x^k. The inverse of Backhouse's constant (A072508)	none	64	not found	12	x, ARCCOS, ARCTANH, SQR, LOG	PI, LOG, TANH, INV, ARCSINH, ARCCOSH, TAN	2.603e-14	0	0.4	13.6	True	
548	harmonic power tower odd term limit	special	64	not found	12	FOUR, LOG, LOG, x, SUBTRACT	GOLDENRATIO, COSH, SQR, ARCSINH, INV, ARCSINH, SIN	1.032e-13	0	0.4	13.0	True	Limit[Fold[(1/#2)^#1 & , 1, Table[\[FormalI], {\[FormalI], 1 + 2*\[FormalN], 2, -1}]], \[FormalN] -> Infinity]
549	reciprocal of Steiner number	elementary	64	exact	5	x, LOG	EULER, NEG, DIVIDE	0.000e+00	5	0.4	64.0	True	E^(-E^(-1))
550	Sum_{k=1..50000} (-1)^(k+1) / k	special	64	not found	12	x, EXP, SQR, SIX, SUBTRACT	FIVE, FIVE, POWER, INV, FOUR, PLUS, SQRT	7.688e-15	0	0.4	14.1	True	Sum[(-1)^(k + 1)/k, {k, 1, 50000}]
551	Natural logarithm of 2	elementary	64	exact	3	x	TWO, LOG	0.000e+00	1	0.4	64.0	True	Log[2]
552	rank-2 Artin constant	special	64	not found	12	x, INV, ARCCOSH, ARCCOS, ARCTANH	FOUR, THREE, SIN, GAMMA, SUBTRACT, ARCCOSH, LOG	2.021e-14	0	0.4	13.7	True	Product[1 - 1/((-1 + Prime[\[FormalK]])*Prime[\[FormalK]]^2), {\[FormalK], 1, Infinity}]
553	First continued fraction constant	special	64	not found	12	x, SIN, INV, COSH, COSH	GOLDENRATIO, THREE, NINE, EXP, SUBTRACT, ARCSINH, DIVIDE	4.614e-14	0	0.4	13.3	True	BesselI[1, 2]/BesselI[0, 2]
554	log10(5)	elementary	64	exact	6	x, NEG, NINE, SUBTRACT, POWER	FIVE	0.000e+00	5	0.4	64.0	True	Log[10, 5]
555	probability that a point of an infinite (rooted) tree is fixed by every automorphism of the tree	none	64	not found	12	THREE, x, POWER, ARCCOS, LOG	NINE, THREE, ARCSINH, GOLDENRATIO, TIMES, ARCSINH, DIVIDE	3.174e-15	0	0.4	14.5	True	
558	Integral_{x = 1..infinity} 1/x^x dx	none	64	not found	12	x, SINH, ARCTANH, TAN, COSH	EIGHT, ARCSINH, GOLDENRATIO, SIN, SIX, PLUS, DIVIDE	6.827e-14	0	0.4	13.2	True	
559	carefree product constant	special	64	not found	12	THREE, x, SQRT, SUBTRACT, TAN	THREE, TAN, COS, GAMMA, COSH, ARCSINH, SQR	3.215e-14	0	0.4	13.5	True	Product[1 - 1/(Prime[\[FormalK]]*(1 + Prime[\[FormalK]])), {\[FormalK], 1, Infinity}]
560	rectilinear crossing constant	elementary	64	exact	9	x, ONE, SUBTRACT	PI, SQR, SIX, LOG, SINH, DIVIDE	0.000e+00	3	0.4	64.0	True	1 - 35/(12*Pi^2)
561	'C' (as designated by D. Shanks), a constant appearing in the second order term of the asymptotic expansion of the numbe	none	64	not found	12	x, ARCTANH, TWO, DIVIDE, COS	GOLDENRATIO, COSH, GOLDENRATIO, ARCSINH, DIVIDE, TAN, LOG	5.545e-14	0	0.4	13.3	True	
562	K, a constant arising in the analysis of the binary Euclidean algorithm	none	40	not found	12	x, ARCSIN, TAN, GOLDENRATIO, SUBTRACT	NEG, ARCTAN, ARCCOS, ARCSINH, ARCSINH, INV, SQR	8.524e-14	0	0.4	13.1	True	
563	sqrt(1/2)	algebraic	64	exact	4	x	NEG, ARCTAN, COS	0.000e+00	6	0.4	64.0	True	1/Sqrt[2]
564	rabbit constant	special	64	not found	12	GOLDENRATIO, x, ARCSIN, POWER, LOG	THREE, SINH, INV, SIX, SUBTRACT, SIN, ARCSIN	6.429e-14	0	0.4	13.2	True	Sum[2^(-Floor[\[FormalK]*GoldenRatio]), {\[FormalK], 1, Infinity}]
565	generalized Euler constant gamma(1,4)	special	64	not found	12	x, THREE, PLUS, SQR, TAN	FOUR, TANH, ONE, SIN, SINH, POWER, EXP	1.969e-14	0	0.4	13.7	True	EulerGamma/4 + Pi/8 + Log[2]/4
566	Hopf constant	special	64	not found	12	x, ARCTANH, ARCSIN, GAMMA, TAN	PI, LOG, SIN, EXP, TAN, ARCSIN, COSH	8.517e-14	0	0.4	13.1	True	6/Pi^2 + Integrate[3/\[FormalTheta]^2 - (1 - \[FormalTheta]*Cot[\[FormalTheta]])^(-1), {\[FormalTheta], 0, Pi/2}]/Pi
567	1/(phi*log(4 - phi))	elementary	64	exact	8	x	GOLDENRATIO, GOLDENRATIO, FOUR, SUBTRACT, POWER, LOG, INV	0.000e+00	9	0.4	64.0	True	(GoldenRatio Log[4-GoldenRatio])^(-1)
568	Traveling Salesman constant	algebraic	64	exact	12	THREE, ARCCOSH, TANH, x, DIVIDE	TWO, SQRT, ARCTAN, FOUR, ARCTAN, PLUS, SIN	3.106e-16	1	0.4	64.0	True	4/153*(1 + 2*Sqrt[2])*Sqrt[51]
569	e^(-1/3)	elementary	64	exact	5	x	THREE, INV, EXP, INV	0.000e+00	6	0.4	64.0	True	E^(-1/3)
570	constant appearing in the expected number of comparisons for a successful digital tree search (negated)	none	64	not found	12	x, ARCSIN, LOG, GAMMA, SIN	GOLDENRATIO, SEVEN, ARCTAN, SUBTRACT, ARCTANH, ARCTANH, EXP	9.063e-14	0	0.4	13.0	True	
571	1/(2 log 2)	elementary	64	exact	4	x	FOUR, LOG, INV	0.000e+00	2	0.4	64.0	True	1/(2Log[2])
572	k2, a Diophantine approximation constant such that the area of the "critical parallelogram" (in this case a square) is 4	algebraic	64	exact	5	x	FIVE, SQRT, GOLDENRATIO, DIVIDE	0.000e+00	6	0.4	64.0	True	(1+1/Sqrt[5])/2
573	Sarnak constant	special	64	not found	12	x, ARCSINH, TWO, COSH, POWER	SEVEN, SEVEN, ARCCOSH, DIVIDE, PI, POWER, COSH	6.275e-14	0	0.4	13.2	True	Product[1 - (2 + Prime[\[FormalK]])/Prime[\[FormalK]]^3, {\[FormalK], 2, Infinity}]
574	Langford constant	elementary	64	not found	12	x, TAN, GOLDENRATIO, TANH, PLUS	THREE, TANH, EULER, INV, ARCCOS, DIVIDE, COSH	1.208e-13	0	0.4	12.9	True	97/150 + Pi/40
575	constant that appears in the asymptotic formula for average order of the infinitary divisors sum function (A049417)	none	64	not found	12	x, ARCSIN, SQR, SINH, SINH	THREE, EXP, SIN, ARCTANH, ARCTAN, SIN, ARCSINH	1.004e-13	0	0.4	13.0	True	
576	a constant related to the asymptotic evaluation of Product_{p prime congruent to 1 modulo 4} (1 + 1/p)	none	64	not found	12	x, ARCSIN, ARCTANH, GAMMA, COS	PI, GAMMA, EIGHT, TANH, TANH, POWER, ARCTANH	1.067e-13	0	0.4	13.0	True	
577	sum_{n>=1} 1/binomial(2n, n)	elementary	64	exact	10	x, NINE, TIMES	TWO, ARCCOSH, TANH, PI, DIVIDE, THREE, PLUS	0.000e+00	2	0.4	64.0	True	1/3 + 2*Sqrt[3]*Pi/27
579	1/Gamma(2/3)	special	64	exact	6	x	THREE, TWO, DIVIDE, GAMMA, INV	0.000e+00	2	0.4	64.0	True	1/Gamma[2/3]
580	Dottie number	special	64	not found	12	FOUR, COS, x, PLUS, ARCSINH	FIVE, ONE, ARCSIN, SIX, COS, DIVIDE, POWER	1.097e-14	0	0.4	14.0	True	Root[{Cos[#1] - #1 & , 0.7390851332151606416553120876738734040134117589007574649656`30.}]
581	densest spatial packing of spheres constant	elementary	64	exact	7	x	THREE, ARCCOSH, TANH, ONE, ARCTAN, TIMES	0.000e+00	16	0.4	64.0	True	Pi/(3*Sqrt[2])
582	Rosser constant	special	64	not found	12	x, EXP, SIX, ARCCOSH, POWER	FOUR, ARCTAN, ARCTAN, THREE, ARCCOSH, DIVIDE, EXP	7.970e-14	0	0.4	13.1	True	(8*Catalan)/Pi^2
583	Sarnak product constant	special	64	not found	12	x, INV, TAN, SIX, SUBTRACT	PI, SQRT, SINH, ARCCOSH, GOLDENRATIO, TIMES, SQRT	9.849e-15	0	0.4	14.0	True	(5*Pi^2*Product[1 - (2 + Prime[\[FormalK]])/Prime[\[FormalK]]^3, {\[FormalK], 2, Infinity}])/48
584	s_4, a 4-dimensional Steiner ratio analog	none	64	not found	12	x, TAN, COSH, COSH, LOG	THREE, COS, COSH, SIN, SIN, TANH, ARCCOS	1.821e-14	0	0.4	13.7	True	
585	B, the coefficient of n*log(n)^2 in the asymptotic formula of Ramanujan for Sum_{k=1..n} (d(k)^2), where d(k) is the num	none	64	not found	12	x, SQRT, TAN, SINH, ARCTAN	NINE, INV, GOLDENRATIO, GAMMA, ARCTAN, COS, POWER	3.126e-13	0	0.4	12.5	True	
586	Rényi parking constant	special	64	not found	12	x, FOUR, SINH, POWER, COS	THREE, TANH, THREE, TIMES, COS, SQR, TANH	4.336e-14	0	0.4	13.4	True	Integrate[Exp[-2*(EulerGamma + Gamma[0, \[FormalT]] + Log[\[FormalT]])], {\[FormalT], 0, Infinity}]
587	exp(-gamma/2)	special	64	not found	12	x, GAMMA, ARCCOSH, ARCSINH, LOG	SIX, LOG, LOG, LOG, ARCSIN, ARCTAN, ARCTAN	2.372e-13	0	0.4	12.6	True	Exp[-EulerGamma/2]
588	three quarters	rational	64	exact	4	x	TWO, LOG, SINH	0.000e+00	2	0.4	64.0	True	3/4
589	pi^(-1/4)	elementary	64	exact	5	x	PI, INV, SQRT, SQRT	0.000e+00	6	0.4	64.0	True	Pi^(-1/4)
590	Sum_{n>=1} (-1)^(n-1)*H(n)/n^2, where H(n) is the n-th harmonic number	special	64	not found	12	x, ARCSIN, SINH, ARCSIN, INV	SIX, ARCCOSH, INV, FOUR, PLUS, TANH, ARCTAN	1.940e-13	0	0.4	12.7	True	5*Zeta[3]/8
591	linear asymptotic constant B in Sum_{k=1..n} 1/A000688(k) = ~B*n + 	none	64	not found	12	x, EULER, COSH, DIVIDE, TAN	THREE, COSH, ARCTAN, LOG, SQRT, COSH, INV	1.079e-13	0	0.4	13.0	True	
592	Flajolet-Odlyzko constant	special	64	not found	12	x, SINH, ARCSIN, ARCSIN, INV	THREE, TAN, TANH, COSH, ARCTAN, ARCTAN, SINH	9.669e-15	0	0.4	14.0	True	2*Integrate[1 - E^(ExpIntegralEi[-\[FormalT]]/2), {\[FormalT], 0, Infinity}]
593	constant appearing in the variance for inserting in a digital tree	special	64	false positive	8	x	FOUR, LOG, INV, FIVE, GAMMA, INV, PLUS	0.000e+00	3	0.4	22.7	True	1/Log[4] + 1/24 + (4*Pi^2/Log[2]^2)*Sum[DivisorSigma[1, n]*Exp[-4*Pi^2*n/Log[2]], {n, 1, 6}]
594	Landau-Ramanujan constant	special	64	not found	12	x, TAN, EXP, COS, SQR	THREE, LOG, EULER, DIVIDE, SQRT, SINH, SIN	6.247e-14	0	0.4	13.2	True	Product[((4^2^\[FormalK]*(1 - 2^(-2^\[FormalK]))*Zeta[2^\[FormalK]])/(Zeta[2^\[FormalK], 1/4] - Zeta[2^\[FormalK], 3/4]))^2^(-1 - \[FormalK]), {\[FormalK], 1, Infinity}]/Sqrt[2]
595	analog of the Mertens constant B_2 in the asymptotic series for the variance of the number of prime factors Omega	none	64	not found	12	x, ARCSINH, TAN, ARCSIN, COSH	GOLDENRATIO, ARCCOSH, EIGHT, TAN, SUBTRACT, TAN, ARCTAN	3.542e-14	0	0.4	13.4	True	
596	binary Liouville number	special	64	exact	11	EIGHT, SQR, x, TIMES	SIX, EIGHT, POWER, INV, SEVEN, SQR, PLUS	0.000e+00	1	0.4	36.0	True	Sum[1/2^(n!), {n, Infinity}]
597	-x, where x is the negative solution to the equation 2^x = x^2	none	64	not found	11	x, ARCTAN, ARCTAN, INV, TAN	SEVEN, TWO, ARCCOSH, GAMMA, COS, SUBTRACT	7.776e-14	0	0.4	13.1	True	
598	Sum_{k>1} 1/(k*(k-1)*zeta(k)), a constant related to Niven's constant	none	64	not found	12	x, TAN, GAMMA, SQR, EXP	EULER, COS, TAN, FOUR, EXP, ARCTAN, SUBTRACT	5.776e-14	0	0.4	13.2	True	
599	C = 2^(1/3)*e^(1/4)/A^3, a constant associated with the Gaudin-Mehta probability distribution and the Glaisher-Kinkelin 	special	64	not found	11	x, NINE, ARCSINH, POWER	EIGHT, ARCCOSH, ARCTAN, GOLDENRATIO, ARCTAN, EXP, DIVIDE	1.158e-14	0	0.4	13.9	True	2^(1/3)*E^(1/4)/Glaisher^3
600	trace of the Ruelle-Mayer linear operator G_2	none	64	not found	12	x, EXP, SIN, ARCSINH, TAN	FIVE, LOG, INV, TAN, EXP, SIN, SQRT	1.656e-14	0	0.4	13.8	True	
601	Sum_{p prime} 1/(p*(p-1))	none	64	not found	11	x, SINH, INV, ARCSINH	SEVEN, SIN, SQR, EXP, COSH, ARCSINH, SIN	5.816e-14	0	0.4	13.2	True	
602	Flajolet-Martin constant	special	64	not found	12	PI, x, DIVIDE, GAMMA, TAN	SEVEN, TAN, SIX, SINH, LOG, COS, POWER	2.096e-14	0	0.4	13.7	True	(E^EulerGamma*Product[(1 + 1/(2*\[FormalK]))^(-1)^Mod[DigitCount[\[FormalK], 2, 1], 2], {\[FormalK], 1, Infinity}])/Sqrt[2]
603	Pi*G - 7*zeta(3)/4, where G = A006752	special	64	not found	12	x, ARCTANH, INV, ARCTANH, SIN	PI, ARCTAN, THREE, SIN, COSH, ARCSINH, POWER	3.443e-15	0	0.4	14.4	True	Pi Catalan-7Zeta[3]/4
604	lambda_3, an analog of the Stolarsky-Harborth constant for the number of elements not divisible by 3 in Pascal's triangl	none	64	exact	10	x, TWO, TIMES	THREE, LOG, TWO, LOG, SQR, DIVIDE, EXP	0.000e+00	6	0.4	64.0	True	
605	strongly carefree product constant	special	64	not found	12	x, ARCSIN, EIGHT, TIMES, TAN	EULER, COSH, PI, GAMMA, EXP, DIVIDE, ARCSINH	1.007e-13	0	0.4	13.0	True	Product[1 - (1 + Prime[\[FormalK]])^(-2), {\[FormalK], 1, Infinity}]
606	Bender r constant	none	51	not found	12	x, SIN, COS, SQR, ARCCOS	NINE, COS, SIN, COS, ARCSIN, ARCSIN, SQRT	2.604e-14	0	0.4	13.6	True	
607	hypercube line-picking constant	special	64	not found	12	x, ARCSIN, SIX, ARCTAN, SUBTRACT	PI, GOLDENRATIO, PLUS, LOG, INV, TANH, ARCTAN	6.481e-14	0	0.4	13.2	True	(-644 + 1344*Catalan + 3744*ArcCsch[Sqrt[2]] + 270*ArcSinh[1] - 3024*Im[PolyLog[2, I*(3 - 2*Sqrt[2])]] + 1773*Log[3] + 84*(PolyGamma[1, 1/12] + PolyGamma[1, 5/12]) + (6048*I)*(PolyLog[2, (1/2 - I/2)*(-2 + Sqrt[2])] - PolyLog[2, (1/2 + I/2)*(-2 + Sqrt[2])]) + (6048*I)*(PolyLog[2, I*(1 - Sqrt[2])] - PolyLog[2, I*(-1 + Sqrt[2])]) + 438*Sqrt[2] - 2448*ArcCot[2*Sqrt[2]]*Sqrt[2] - 189*(PolyGamma[1, 1/8] + PolyGamma[1, 3/8])*Sqrt[2] + 12*Pi*(-16 + 7*Pi*(-8 + 9*Sqrt[2])) + 288*Sqrt[3])/3780
608	6/(Pi^2 A086724)	none	64	not found	12	x, INV, ARCCOSH, SQR, ARCTAN	EULER, GAMMA, LOG, TAN, SINH, SINH, SIN	4.181e-14	0	0.4	13.4	True	
609	log10(6)	elementary	64	exact	6	x, NEG, NINE, SUBTRACT, POWER	SIX	0.000e+00	5	0.4	64.0	True	Log[10, 6]
610	Purdom-Williams constant, a constant related to the Golomb-Dickman constant and to the asymptotic evaluation of the expe	none	64	not found	11	SEVEN, SIN, x, SUBTRACT	FIVE, COS, TANH, LOG, FIVE, POWER, ARCTAN	4.824e-15	0	0.4	14.3	True	
611	first Bernoulli sophomore dream constant	special	64	not found	12	FOUR, ARCTAN, INV, x, SUBTRACT	EIGHT, FIVE, ARCTAN, DIVIDE, ARCSINH, SQR, ARCTAN	3.259e-14	0	0.4	13.5	True	-Sum[(-\[FormalK])^(-\[FormalK]), {\[FormalK], 1, Infinity}]
612	(sqrt(3) + sqrt(5) + 2*sqrt(6))/(8*sqrt(2))	algebraic	64	not found	12	PI, x, POWER, GAMMA, SINH	PI, LOG, TAN, INV, EIGHT, SQRT, PLUS	2.082e-14	0	0.4	13.7	True	(Sqrt[3]+Sqrt[5]+2Sqrt[6])/(8Sqrt[2])
613	(3*sqrt(3)+sqrt(7))/10	algebraic	64	exact	10	x, INV, ARCCOSH	TWO, TWO, ARCCOSH, EIGHT, ARCCOSH, SUBTRACT, DIVIDE	0.000e+00	4	0.4	64.0	True	(3*Sqrt[3]+Sqrt[7])/10
614	Integral_{x = 0 to oo} Product_{m=1..oo} cos(x/m) dx	none	39	not found	12	x, TAN, SINH, LOG, SQRT	TWO, PI, EXP, SUBTRACT, NINE, DIVIDE, TANH	7.238e-14	0	0.4	13.1	True	
615	pi/4	elementary	64	exact	3	x	ONE, ARCTAN	0.000e+00	1	0.4	64.0	True	Pi/4
616	Lüroth constant	special	64	not found	12	x, TAN, NEG, COS, DIVIDE	ONE, ARCSINH, LOG, COS, INV, SQRT, COS	7.124e-14	0	0.4	13.1	True	Sum[Log[\[FormalK]/(-1 + \[FormalK])]/\[FormalK], {\[FormalK], 2, Infinity}]
617	asymptotic constant eta for counts of weakly binary trees	none	64	not found	12	FOUR, ARCCOSH, x, ARCTANH, POWER	FOUR, COS, SQR, ARCTANH, SQRT, TAN, GAMMA	5.806e-14	0	0.4	13.2	True	
618	Lal's constant: the Hardy-Littlewood constant for A217795	none	64	not found	12	SEVEN, GAMMA, ARCTAN, x, TIMES	EIGHT, SIN, SINH, EXP, TANH, TAN, SQRT	5.774e-14	0	0.4	13.2	True	
619	Kolakoski constant	none	64	not found	12	EIGHT, ARCCOSH, x, TIMES, SINH	GOLDENRATIO, ARCCOSH, ARCTAN, EXP, THREE, COSH, DIVIDE	5.925e-14	0	0.4	13.2	True	
620	root two div pi	elementary	64	exact	5	x	ONE, ARCSIN, INV, SQRT	0.000e+00	5	0.4	64.0	True	Sqrt[2/Pi]
621	log 2π	elementary	64	exact	8	x, NEG, NINE, SUBTRACT, POWER	PI, PI, PLUS	0.000e+00	3	0.4	64.0	True	Log10[2*Pi]
622	Product_{n>1} (1 - 1/n^2)^(1/n)	none	64	not found	12	x, SINH, ARCCOS, ONE, SUBTRACT	SIX, TAN, ARCCOS, ARCTAN, GAMMA, COS, ARCTAN	1.111e-14	0	0.4	14.0	True	
624	unique real solution of the equation Ei(x)-gamma-log(x) = 1, where Ei is the exponential integral function and gamma the	none	64	not found	12	x, ARCSIN, ARCCOS, ARCSINH, INV	SEVEN, COS, SIX, SINH, POWER, SIN, ARCCOS	2.471e-14	0	0.4	13.6	True	
625	disk half-area offset constant	special	64	not found	12	x, SQR, ARCCOS, SQR, ARCSIN	PI, GAMMA, SQRT, SIX, SIN, DIVIDE, EXP	3.257e-14	0	0.4	13.5	True	Root[{Pi - 4*ArcCos[#1/2] + #1*Sqrt[4 - #1^2] & , 0.8079455065990344186379234801330000000000000000000000000001`29.907382069955993}]
626	Solomon parking constant	special	64	not found	12	x, GOLDENRATIO, SUBTRACT, SIN, SQRT	ONE, SINH, SIX, GAMMA, LOG, TANH, DIVIDE	3.075e-14	0	0.4	13.5	True	Integrate[(1 + 2*\[FormalX])*Exp[-2*(-1 + \[FormalX] + Exp[-\[FormalX]])]*Exp[-2*(EulerGamma - ExpIntegralEi[-\[FormalX]] + Log[\[FormalX]])], {\[FormalX], 0, Infinity}]
627	Alladi-Grinstead constant	special	64	not found	12	GOLDENRATIO, SINH, x, ARCTANH, POWER	GOLDENRATIO, SINH, LOG, ONE, TAN, DIVIDE, ARCSINH	3.566e-15	0	0.4	14.4	True	Exp[-1 - Sum[Log[1 - \[FormalK]^(-1)]/\[FormalK], {\[FormalK], 2, Infinity}]]
628	product_{n>=1} (n/(n+1))^((-1)^t(n-1)), a probabilistic counting constant, where t(n) = A010060(n) is the Thue-Morse seq	none	64	not found	12	x, SINH, SQR, TAN, SINH	THREE, COS, GOLDENRATIO, POWER, SEVEN, SIN, PLUS	2.462e-14	0	0.4	13.6	True	
629	'mu', a Young-Fejér-Jackson constant linked to the positivity of certain sine sums	none	64	not found	12	TWO, COSH, x, ARCSIN, POWER	FIVE, SINH, COS, ARCSIN, COSH, GAMMA, SIN	1.653e-14	0	0.4	13.8	True	
630	(1 + sqrt(6))/(3*sqrt(2))	algebraic	64	exact	9	x, THREE, TIMES	NEG, ARCTAN, SIN, THREE, SQRT, SUBTRACT	0.000e+00	7	0.4	64.0	True	(1+Sqrt[6])/(3Sqrt[2])
631	1/Gamma(3/4)	special	64	exact	6	x, INV	TWO, LOG, SINH, GAMMA	0.000e+00	2	0.4	64.0	True	1/Gamma[3/4]
632	sum_{n>=0} 1/2^(2^n)	special	64	not found	12	x, GAMMA, TAN, EXP, COS	EULER, TANH, LOG, COS, FIVE, TIMES, SIN	1.741e-14	0	0.4	13.8	True	Sum[1/2^(2^n), {n, 0, Infinity}]
633	a2, the second of two constants associated with Djokovic's conjecture on an integral inequality	none	64	not found	12	x, ARCSINH, ARCCOS, ARCCOS, ARCCOS	SIX, SEVEN, DIVIDE, ARCCOSH, SQRT, SQRT, ARCTAN	1.046e-14	0	0.4	14.0	True	
634	First Nielsen-Ramanujan constant	elementary	64	exact	6	x	THREE, NEG, ARCSIN, SQR, DIVIDE	0.000e+00	3	0.4	64.0	True	Pi^2/12
635	Sierpiński constant	special	64	not found	12	x, PI, TIMES, ARCSINH, COS	PI, FIVE, PLUS, SEVEN, ARCCOSH, COS, DIVIDE	1.187e-14	0	0.4	13.9	True	2*EulerGamma + 2*Log[2] + 3*Log[Pi] - 4*Log[Gamma[1/4]]
636	sigma_3, a Turán's Power Sum Constant	none	64	not found	12	x, SQR, LOG, TAN, EXP	ONE, TAN, ARCCOSH, SINH, PI, SUBTRACT, LOG	2.854e-14	0	0.4	13.5	True	
637	Prouhet-Thue-Morse constant	special	64	not found	12	x, ARCCOS, COSH, SQR, ARCCOSH	NEG, TANH, NEG, SUBTRACT, THREE, ARCCOSH, POWER	2.202e-13	0	0.4	12.7	True	1 - Product[(-1 + 2^2^\[FormalK])/2^2^\[FormalK], {\[FormalK], 0, Infinity}]/2
638	Pi/8 + sqrt(3)/4	elementary	64	exact	7	x, FOUR, TIMES, SIN	THREE, SQRT, COS	0.000e+00	4	0.4	64.0	True	Pi/8+Sqrt[3]/4
639	asymptotic efficiency constant	elementary	64	exact	8	x	PI, THREE, DIVIDE, TWO, ARCCOSH, TANH, TIMES	0.000e+00	12	0.4	64.0	True	(3*Sqrt[3])/(2*Pi)
640	1/zeta(3)	special	64	not found	12	EULER, SIN, x, PLUS, INV	FOUR, LOG, LOG, ARCCOS, PI, TANH, DIVIDE	7.620e-14	0	0.4	13.1	True	1/Zeta[3]
641	Rosser's constant	none	64	not found	12	x, ARCTANH, SQR, ARCSINH, SQR	THREE, LOG, GAMMA, COS, ARCTANH, ARCTANH, COSH	3.214e-14	0	0.4	13.5	True	
642	Gauss's constant	special	64	exact	10	x, ONE, ARCSIN, SQRT, DIVIDE	TWO, LOG, SINH, GAMMA, SQR	1.330e-16	4	0.4	64.0	True	ArithmeticGeometricMean[1, Sqrt[2]]^(-1)
643	Baker constant	elementary	64	exact	10	x, THREE, TIMES	THREE, SQRT, PI, DIVIDE, TWO, LOG, PLUS	0.000e+00	2	0.4	64.0	True	(Log[2] + Pi/Sqrt[3])/3
645	Shepp's constant 'alpha', an optimal stopping constant associated with the case of a zero mean and unit variance distrib	none	64	not found	11	x, TAN, SINH, TANH	THREE, ARCTAN, GAMMA, GAMMA, GAMMA, ARCTAN, SQRT	3.688e-14	0	0.4	13.4	True	
646	2*G/(Pi*log(2)), a constant appearing in the average root bifurcation ratio of binary trees, where G is Catalan's consta	special	64	not found	12	EIGHT, x, POWER, EIGHT, TIMES	PI, GAMMA, SQRT, GAMMA, PI, PLUS, SQRT	5.859e-14	0	0.4	13.2	True	2 Catalan/(Pi*Log[2])
647	sin one	elementary	64	exact	3	x	ONE, SIN	0.000e+00	1	0.4	64.0	True	Sin[1]
648	reciprocal of the Khinchin-Lévy constant	elementary	64	exact	7	x	NEG, ARCSIN, SQR, EIGHT, LOG, DIVIDE	0.000e+00	4	0.4	64.0	True	(12*Log[2])/Pi^2
650	log10(7)	elementary	64	exact	6	x, NEG, NINE, SUBTRACT, POWER	SEVEN	0.000e+00	5	0.4	64.0	True	Log[10, 7]
651	3/(2*sqrt(Pi))	elementary	64	exact	6	x, PI, TIMES, SQR, TAN	ONE	0.000e+00	16	0.4	64.0	True	3/(2*Sqrt[Pi])
652	ubiquitous constant	special	64	exact	9	PI, SQRT, x, TIMES, SQRT	TWO, LOG, SINH, GAMMA	0.000e+00	4	0.4	64.0	True	(2*Pi^(3/2))/Gamma[1/4]^2
653	Regular paperfolding sequence	special	64	not found	12	x, LOG, SIN, ARCTAN, INV	SIX, EIGHT, FOUR, SINH, DIVIDE, SIN, SUBTRACT	9.879e-14	0	0.4	13.0	True	Sum[8^2^n/(-1 + 2^2^(2 + n)), {n, 0, Infinity}]
654	maximal quantum success probability of the CHSH game	algebraic	64	exact	6	x	EIGHT, PI, DIVIDE, COS, SQR	0.000e+00	5	0.4	64.0	True	Cos[Pi/8]^2
655	1/(2*K^2) = Product_(p prime congruent to 3 modulo 4) (1 - 1/p^2), where K is the Landau-Ramanujan constant	none	64	not found	12	x, ARCSIN, ARCTAN, SINH, SQR	FOUR, ARCSINH, NINE, SUBTRACT, COS, SINH, SIN	1.128e-14	0	0.4	14.0	True	
656	rank-3 Artin constant	special	64	not found	12	x, EULER, ARCCOSH, POWER, ARCCOSH	EULER, ARCCOSH, TWO, ARCTAN, PLUS, SINH, SIN	4.057e-14	0	0.4	13.4	True	Product[1 - 1/((-1 + Prime[\[FormalK]])*Prime[\[FormalK]]^3), {\[FormalK], 1, Infinity}]
657	four minus pi	elementary	64	exact	4	x, TAN	FOUR, TAN	0.000e+00	2	0.4	64.0	True	4 - Pi
658	Champernowne base-2 constant	special	64	not found	12	PI, COSH, x, POWER, SIN	TWO, ARCTAN, NEG, ARCSIN, GAMMA, SUBTRACT, LOG	9.747e-14	0	0.4	13.0	True	ChampernowneNumber[2]
659	Steiner ratio of the Euclidean plane	algebraic	64	exact	4	x	TWO, ARCCOSH, TANH	0.000e+00	2	0.4	64.0	True	Sqrt[3]/2
660	log(4 - phi), where phi = A001622	elementary	64	exact	5	x	GOLDENRATIO, FOUR, SUBTRACT, LOG	0.000e+00	2	0.4	64.0	True	Log[4-GoldenRatio]
661	log e^2	elementary	64	exact	6	x, INV	THREE, ARCSINH, COSH, LOG	0.000e+00	4	0.4	64.0	True	Log10[E^2]
662	sqrt(Pi)/(2K)*exp(-gamma/2) where K is the Landau-Ramanujan constant and gamma the Euler-Mascheroni constant	none	64	not found	12	x, LOG, ARCTANH, SQR, GAMMA	SEVEN, THREE, SIN, SINH, DIVIDE, ARCSIN, INV	5.877e-15	0	0.4	14.2	True	
663	square edge line-picking constant	elementary	64	exact	12	x, NINE, TIMES, TWO, SUBTRACT	TWO, SQRT, NEG, ARCSINH, FIVE, TIMES, SUBTRACT	0.000e+00	2	0.4	64.0	True	(2 + 5*Log[1 + Sqrt[2]] + Sqrt[2])/9
664	integral_{0..infinity} exp(-x^2)*log(x) dx	special	64	not found	12	x, ARCCOS, GAMMA, COSH, GAMMA	GOLDENRATIO, LOG, ARCTANH, ARCTAN, TWO, ARCCOSH, PLUS	5.117e-14	0	0.4	13.3	True	-(-(1/4)*Sqrt[Pi]*( EulerGamma + 2*Log[2]))
666	product_{n>=1} (2n/(2n+1))^((-1)^t(n-1)), a probabilistic counting constant, where t(n) = A010060(n) is the Thue-Morse s	none	64	not found	12	NINE, x, SINH, POWER, SINH	THREE, ARCCOSH, EXP, SIN, INV, EXP, COS	3.619e-14	0	0.4	13.4	True	
667	total area of Ford circles	special	64	not found	12	x, GAMMA, COS, SINH, EXP	GOLDENRATIO, INV, TANH, GOLDENRATIO, TANH, SINH, PLUS	6.415e-14	0	0.4	13.2	True	(45*Zeta[3])/(2*Pi^3)
668	(5/18)*Pi	elementary	64	exact	6	x, THREE, TIMES, SIN	TWO, INV	0.000e+00	8	0.4	64.0	True	5Pi/18
669	a constant related to the asymptotic counting function of numbers of the form x^2 + 2*y^2 (A002479)	none	64	not found	12	x, ARCCOS, THREE, TANH, TIMES	THREE, FIVE, LOG, TANH, COSH, DIVIDE, ARCSIN	1.526e-14	0	0.4	13.8	True	
670	Integral_{x=0..Pi/2} sin(x)^(3/2) dx	special	64	not found	12	THREE, x, EULER, DIVIDE, SUBTRACT	GOLDENRATIO, ARCCOSH, EULER, INV, TANH, DIVIDE, SQR	3.950e-14	0	0.4	13.4	True	1/3*Sqrt[2]*EllipticK[1/2]
671	sqrt(2)/phi, where phi = (1+sqrt(5))/2	algebraic	64	exact	5	x	GOLDENRATIO, TWO, SQRT, DIVIDE	0.000e+00	2	0.4	64.0	True	Sqrt[2]/GoldenRatio
672	sum of reciprocal perfect powers (excluding 1)	none	64	not found	12	x, TANH, INV, TAN, SQR	PI, TWO, SIN, FIVE, TIMES, COSH, SUBTRACT	1.360e-13	0	0.4	12.9	True	
673	average length of a line segment picked at random in a unit 5-cube	none	64	not found	12	x, ARCTANH, COS, SINH, SQRT	FOUR, LOG, LOG, GAMMA, GAMMA, LOG, ARCSINH	3.640e-14	0	0.4	13.4	True	
674	an Ising constant related to the triangular lattice	none	64	not found	12	EULER, x, ARCCOS, GAMMA, SUBTRACT	GOLDENRATIO, GAMMA, COSH, TAN, INV, LOG, SIN	5.806e-14	0	0.4	13.2	True	
675	quadratic class number constant	special	64	false positive	12	x, NINE, DIVIDE, ARCSINH, TAN	THREE, ONE, TANH, SIN, LOG, DIVIDE, SIN	2.519e-16	1	0.4	15.8	True	Product[1 - 1/(Prime[\[FormalK]]^2*(1 + Prime[\[FormalK]])), {\[FormalK], 1, Infinity}]
676	positive minimum of the gamma function	special	64	not found	11	EULER, EXP, TANH, x, POWER	NINE, ARCSINH, ARCSINH, GAMMA, COSH, GAMMA	5.265e-15	0	0.4	14.3	True	Gamma[Root[{PolyGamma[0, #1] & , 1.46163214496836234126265954233`29.164838085677864}]]
677	sqrt(Pi)/2	elementary	64	exact	4	x, SQR	ONE, ARCTAN	0.000e+00	2	0.4	64.0	True	Sqrt[Pi]/2
678	exp(gamma)/2	special	64	not found	12	x, SEVEN, TANH, SQRT, SUBTRACT	EULER, TANH, FIVE, SQRT, SUBTRACT, SQRT, LOG	7.754e-14	0	0.4	13.1	True	E^EulerGamma/2
679	reciprocal sum of integer powers constant	special	64	not found	12	x, ARCTANH, FIVE, ARCTAN, POWER	GOLDENRATIO, LOG, SQR, ARCTANH, ARCSIN, COSH, COSH	7.212e-15	0	0.4	14.1	True	Sum[-1 + Zeta[Prime[\[FormalK]]], {\[FormalK], 1, Infinity}]
680	Gamma(4/3)	special	64	exact	5	x	THREE, LOG, SINH, GAMMA	1.243e-16	1	0.4	64.0	True	Gamma[4/3]
681	Product_{p prime, p == 1 (mod 4)} (1 - 2/p^2)	none	64	not found	12	THREE, SIN, x, SUBTRACT, TAN	NINE, SQR, ARCTAN, LOG, COS, ARCTAN, ARCTANH	3.226e-14	0	0.4	13.5	True	
682	'delta', a constant arising in the asymptotics of the regularized product of the Fibonacci numbers	none	64	not found	12	x, LOG, EIGHT, POWER, EXP	SEVEN, SIN, FIVE, SINH, SIN, COSH, DIVIDE	4.469e-14	0	0.4	13.3	True	
683	Gamma(5/3)	special	64	exact	5	x	THREE, LOG, COSH, GAMMA	0.000e+00	1	0.4	64.0	True	Gamma[5/3]
684	log10(8)	elementary	64	exact	6	x, NEG, NINE, SUBTRACT, POWER	EIGHT	0.000e+00	5	0.4	64.0	True	Log[10, 8]
685	disk line-picking constant	elementary	64	exact	10	TWO, x, DIVIDE	TWO, SEVEN, DIVIDE, GAMMA, SQR, FIVE, DIVIDE	0.000e+00	26	0.4	64.0	True	128/(45*Pi)
686	Gamma(5/4)	special	64	exact	5	x	TWO, LOG, COSH, GAMMA	0.000e+00	1	0.4	64.0	True	Gamma[5/4]
687	densest planar packing of circles constant	elementary	64	exact	6	x	THREE, SQRT, ONE, ARCSIN, DIVIDE	0.000e+00	3	0.4	64.0	True	Pi/(2*Sqrt[3])
688	value of x such that K(x) = 2E(x)	none	64	not found	12	x, ARCSIN, NEG, COSH, SUBTRACT	FOUR, INV, SIN, SEVEN, SQRT, SQRT, TIMES	1.281e-13	0	0.4	12.9	True	
689	(sqrt(Pi)/(2^(1/4)*Gamma(5/8)*Gamma(7/8)))^2	special	64	not found	12	x, ARCTANH, EULER, SUBTRACT, TAN	TWO, SINH, INV, COSH, COS, FIVE, TIMES	6.826e-14	0	0.4	13.2	True	(Pi/Sqrt[2])*(1/(Gamma[5/8]*Gamma[7/8]))^2
690	(1 + sqrt(3))/3	algebraic	64	exact	7	x	THREE, THREE, SQRT, ONE, PLUS, DIVIDE	0.000e+00	8	0.4	64.0	True	(1+Sqrt[3])/3
691	Catalan's constant	special	64	not found	12	SEVEN, COS, x, POWER, SQR	EIGHT, ARCTAN, SQR, ARCSINH, GOLDENRATIO, TIMES, LOG	9.818e-15	0	0.4	14.0	True	Catalan
692	log root two pi	elementary	64	exact	6	x, EXP	PI, PI, PLUS, SQRT	0.000e+00	3	0.4	64.0	True	Log[Sqrt[2*Pi]]
693	Gamma(7/4)	special	64	exact	5	x	FOUR, SEVEN, DIVIDE, GAMMA	1.208e-16	1	0.4	64.0	True	Gamma[7/4]
694	position of the positive real maximum of Dawson's integral D_+(x)	none	64	not found	12	x, ARCSINH, SQR, SQR, TAN	THREE, TANH, SQR, ARCSINH, ARCSINH, SIN, SQR	1.910e-14	0	0.4	13.7	True	
695	cube face line-picking constant	elementary	64	not found	12	FOUR, x, SINH, EXP, SUBTRACT	PI, GAMMA, SQRT, NINE, TAN, SUBTRACT, ARCTAN	1.015e-13	0	0.4	13.0	True	(4 - 7*Pi + 21*Log[1 + Sqrt[2]] + 42*Log[2 + Sqrt[3]] + 17*Sqrt[2] - 6*Sqrt[3])/75
696	Product_{n>=1} (1 - 1/(4n+1)^2)	special	64	exact	10	x, EIGHT, TIMES	PI, SQRT, FOUR, INV, GAMMA, SQR, DIVIDE	0.000e+00	3	0.4	64.0	True	Product[1 - 1/(4 n + 1)^2, {n, 1, Infinity}]
697	an Ising constant related to the random coloring problem	special	64	not found	12	ONE, SINH, SIN, x, DIVIDE	FOUR, ARCCOSH, NINE, ARCTAN, SINH, DIVIDE, GAMMA	7.870e-14	0	0.4	13.1	True	Log[2]/2 + 2*Catalan/Pi
698	rank-4 Artin constant	special	64	not found	12	x, ARCSINH, LOG, INV, SIN	PI, TWO, PLUS, SQRT, TANH, ARCSINH, SQR	2.194e-14	0	0.4	13.7	True	Product[1 - 1/((-1 + Prime[\[FormalK]])*Prime[\[FormalK]]^4), {\[FormalK], 1, Infinity}]
699	-zeta'(2) (the first derivative of the zeta function at 2)	none	64	not found	12	x, ARCSIN, INV, TANH, COS	EIGHT, PI, ARCCOSH, ARCCOSH, DIVIDE, COS, ARCTAN	1.007e-14	3	0.4	14.0	True	
700	(4K/Pi)^2 where K is the Landau-Ramanujan constant	none	64	not found	12	x, GAMMA, ARCCOSH, GAMMA, ARCCOSH	EULER, SINH, LOG, GAMMA, SINH, GOLDENRATIO, TIMES	1.008e-14	10	0.4	14.0	True	
701	Pi*(1+sqrt(2))/8	elementary	64	exact	8	x	EIGHT, ONE, ARCSINH, EXP, DIVIDE, PI, TIMES	0.000e+00	11	0.4	64.0	True	Pi*(1+Sqrt[2])/8
702	log10(9)	elementary	64	exact	6	x, NEG, NINE, SUBTRACT, POWER	NINE	0.000e+00	9	0.4	64.0	True	Log[10, 9]
703	3/π	elementary	64	exact	4	x	PI, THREE, DIVIDE	0.000e+00	1	0.4	64.0	True	3/Pi
704	Magic angle	elementary	64	exact	4	x	TWO, SQRT, ARCTAN	0.000e+00	2	0.4	64.0	True	ArcCos[1/Sqrt[3]]
705	(log(2) + Pi)/4	elementary	64	exact	7	x	FOUR, TWO, LOG, PI, PLUS, DIVIDE	0.000e+00	7	0.4	64.0	True	(Log[2]+Pi)/4
706	a limit associated with the asymptotic number of ways of writing a number as a sum of powers of 2, with each power used 	elementary	64	exact	11	FIVE, SQRT, x, TIMES	TWO, LOG, GOLDENRATIO, LOG, DIVIDE, THREE, POWER	0.000e+00	2	0.4	64.0	True	3^(Log[GoldenRatio]/Log[2]) / Sqrt[5]
707	a constant related to the asymptotic expansion of the Lebesgue constant corresponding to the n-th Chebyshev polynomial	special	64	not found	12	GOLDENRATIO, x, SQRT, ARCTANH, POWER	NEG, SINH, ARCTAN, EXP, TAN, GAMMA, SQR	8.074e-15	0	0.4	14.1	True	2/Pi*(3*Log[2] - Log[Pi] + EulerGamma)
708	L(3, chi4), where L(s, chi4) is the Dirichlet L-function for the non-principal character modulo 4	elementary	64	exact	7	ONE, ARCSIN, x, DIVIDE	NEG, ARCTAN, SQR	0.000e+00	6	0.4	64.0	True	Pi^3/32
709	Lochs constant	elementary	64	exact	12	EIGHT, SQR, LOG, x, DIVIDE	PI, SQR, NEG, NINE, SUBTRACT, LOG, DIVIDE	0.000e+00	7	0.4	64.0	True	6*Log[2]*Log[10]/Pi^2
710	4*K/Pi, a constant appearing in the asymptotic evaluation of the number of non-hypotenuse numbers not exceeding a given 	none	64	not found	12	FOUR, TAN, TAN, x, POWER	EIGHT, COS, ARCCOS, TANH, ARCTAN, GAMMA, SIN	6.641e-14	3	0.4	13.2	True	
711	log 3π	elementary	64	exact	8	x, NEG, NINE, SUBTRACT, POWER	PI, THREE, TIMES	0.000e+00	3	0.4	64.0	True	Log10[3*Pi]
712	Elbert constant	special	64	not found	12	x, INV, ARCCOSH, ARCSINH, ARCTANH	EIGHT, SQR, NINE, SUBTRACT, ARCTAN, EXP, SINH	3.110e-14	11	0.4	13.5	True	ConditionalExpression[Extension`ElbertConstant == 1 + E^\[FormalU] - (\[FormalV]*E^\[FormalU])/2 + E^(\[FormalU] + \[FormalV]/2) - E^\[FormalV], E^\[FormalU] + 2*E^(\[FormalU] + \[FormalV]/2) + E^(\[FormalV]/2) + E^(\[FormalU] + \[FormalV]) == 2*E^\[FormalV] + E^((3*\[FormalV])/2) && 1 + (1 + \[FormalU] - \[FormalV])*E^\[FormalU] + 2*E^(\[FormalU] + \[FormalV]/2) == 2*E^\[FormalV] && -1/3 < \[FormalU] < 0 && 1/3 < \[FormalV] < 1]
713	4*sqrt(2) - 6*sqrt(6)/Pi	elementary	64	not found	12	x, ARCCOS, PI, GAMMA, DIVIDE	PI, ARCTAN, COS, TANH, SQR, SIN, GAMMA	9.166e-14	11	0.4	13.0	True	4Sqrt[2]-6Sqrt[6]/Pi
714	generalized Glaisher-Kinkelin constant A(3)	special	64	not found	12	THREE, x, DIVIDE, EXP, EXP	NINE, EULER, SQRT, SUBTRACT, EXP, FOUR, SUBTRACT	2.595e-14	0	0.4	13.6	True	Exp[-11/720 - Zeta'[-3]]
715	a parking constant related to the asymptotic expected number of cars, assuming random car lengths	none	64	not found	12	x, NINE, POWER, SIN, SINH	FIVE, TAN, SINH, SIN, TANH, COS, ARCSINH	5.095e-14	0	0.4	13.3	True	
716	a constant related to the asymptotic evaluation of Product_{p prime congruent to 3 modulo 4} (1 + 1/p)	none	64	not found	12	GOLDENRATIO, COSH, EXP, x, POWER	THREE, FOUR, ARCTAN, POWER, ARCCOSH, ARCCOSH, SIN	1.871e-13	1	0.4	12.7	True	
717	ln(Gamma(1/3))	special	64	exact	5	x	THREE, INV, GAMMA, LOG	1.127e-16	2	0.4	64.0	True	LogGamma[1/3]
718	Reuleaux triangle square cutting fraction	elementary	64	exact	11	SIX, PI, DIVIDE, x, SUBTRACT	TWO, ARCCOSH, EXP, THREE, SQRT, DIVIDE	0.000e+00	8	0.4	64.0	True	-3 + Pi/6 + 2*Sqrt[3]
719	logarithm of Khinchin constant	special	64	not found	12	x, ARCTANH, ARCCOSH, NEG, PLUS	FIVE, ARCTAN, GAMMA, COS, TAN, SIN, ARCTAN	8.305e-14	0	0.4	13.1	True	Log[Khinchin]
720	phi(0), an auxiliary constant associated with Shapiro's cyclic sum constant lambda	none	64	not found	12	x, COS, GOLDENRATIO, SUBTRACT, SQR	THREE, LOG, SINH, EXP, INV, ARCCOS, SQRT	1.504e-14	0	0.4	13.8	True	
721	Asymptotic behavior of Lebesgue constants	special	64	not found	12	GOLDENRATIO, x, ARCTANH, SQRT, DIVIDE	GOLDENRATIO, SIN, TAN, EXP, TANH, TWO, SUBTRACT	4.219e-14	1	0.4	13.4	True	(-4*PolyGamma[0, 1/2])/Pi^2 + (8*Sum[Log[k]/(-1 + 4*k^2), {k, 1, Infinity}])/Pi^2
722	generalized Glaisher-Kinkelin constant A(4)	special	64	not found	11	x, TANH, EIGHT, POWER	FIVE, ARCCOSH, ARCTAN, SQRT, TWO, COSH, PLUS	7.162e-15	1	0.4	14.1	True	Exp[-3*Zeta[5]/(4*Pi^4)]
723	log π^2	elementary	64	exact	6	x, THREE, ARCSINH, COSH, POWER	PI	0.000e+00	7	0.4	64.0	True	Log10[Pi^2]
724	Ramanujan's first continued fraction constant	elementary	64	false positive	9	x, TWO, DIVIDE	PI, TANH, LOG, TANH, TWO, SUBTRACT	0.000e+00	3	0.4	16.4	True	Exp[(2*Pi)/5]*(-GoldenRatio + Sqrt[GoldenRatio*Sqrt[5]])
725	One	rational	64	exact	2	x	ONE	0.000e+00	1	0.4	64.0	True	1
726	'nu', a coefficient related to the variance for searching corresponding to patricia tries	none	64	false positive	7	x	EULER, EXP, EXP, SIX, DIVIDE, COSH	2.220e-16	1	0.4	15.7	True	
727	zeta(9)	special	64	not found	12	x, NINE, GAMMA, LOG, POWER	THREE, TAN, COSH, SQR, THREE, TIMES, SINH	1.706e-14	1	0.4	13.8	True	Zeta[9]
728	side of the equilateral triangle that can cover every triangle of perimeter 2	none	64	not found	12	SIX, SINH, ARCTAN, x, TIMES	SEVEN, SQR, NINE, PLUS, SQRT, EXP, ARCTAN	2.856e-14	1	0.4	13.5	True	
729	generalized Stirling constant	none	64	not found	12	x, SQR, SQR, SINH, LOG	SIX, SQRT, TANH, TAN, COSH, INV, SQR	3.896e-14	0	0.4	13.4	True	
730	Pi^3/(36*sqrt(3)) + 91*zeta(3)/216	special	64	not found	12	x, TAN, SINH, COSH, LOG	SIX, PI, TANH, DIVIDE, COSH, EXP, GAMMA	3.274e-14	5	0.4	13.5	True	Pi^3/(36*Sqrt[3])+91*Zeta[3]/216
731	DeVicci's tesseract constant	algebraic	64	not found	12	x, EXP, SIN, PI, TIMES	NEG, COS, ARCSINH, PI, SQRT, DIVIDE, LOG	7.273e-15	0	0.4	14.1	True	Root[16 + 16*#1^2 - 7*#1^4 - 28*#1^6 + 4*#1^8 & , 3, 0]
732	zeta(7)	special	64	not found	12	EULER, x, ARCSINH, POWER, TAN	GOLDENRATIO, COSH, SINH, TANH, INV, GAMMA, ARCSINH	1.674e-14	1	0.4	13.8	True	Zeta[7]
733	generalized Glaisher-Kinkelin constant A(5)	special	64	not found	12	x, ONE, ARCSIN, DIVIDE, ARCTAN	THREE, FOUR, ARCTAN, POWER, SQRT, SIN, SQRT	1.210e-14	1	0.4	13.9	True	Exp[137/15120-Zeta'[-5]]
734	Pi^3/64 + 7*zeta(3)/16	special	64	not found	12	PI, SQRT, ARCCOSH, x, POWER	EIGHT, NINE, TANH, TAN, SQRT, DIVIDE, COSH	1.187e-14	1	0.4	13.9	True	Pi^3/64+7Zeta[3]/16
735	Gieseking constant	special	64	not found	12	x, SIN, PI, POWER, SINH	EIGHT, EXP, NINE, ARCSINH, DIVIDE, SEVEN, PLUS	4.747e-14	1	0.4	13.3	True	(3*Sqrt[3]*(1 - PolyGamma[1, 2/3]/9 + PolyGamma[1, 4/3]/9))/4
736	h_3, a constant related to certain evaluations of the gamma function from elliptic integrals	special	64	false positive	12	THREE, SIN, SIN, x, SUBTRACT	PI, SQRT, COSH, SIN, TAN, COS, ARCSINH	4.365e-16	2	0.4	15.5	True	4*EllipticK[4*Sqrt[3]-7]/(Sqrt[2+Sqrt[3]]*Pi)
737	2*Pi^3/(81*sqrt(3)) + 13*zeta(3)/27	special	64	not found	11	THREE, x, INV, ARCTAN, POWER	TWO, SINH, COS, EXP, GAMMA, INV	1.079e-13	1	0.4	13.0	True	2Pi^3/(81Sqrt[3])+13Zeta[3]/27
738	an Ising constant related to the hexagonal lattice	none	64	not found	12	THREE, TANH, COS, x, SUBTRACT	SEVEN, ARCTAN, SIN, SEVEN, SQRT, SIN, DIVIDE	7.820e-14	1	0.4	13.1	True	
739	6*arcsec(sqrt(3))/Pi^(3/2), an extreme value constant	special	64	exact	11	PI, SQRT, x, TIMES	TWO, INV, ARCSIN, TWO, SQRT, ARCTAN, DIVIDE	0.000e+00	7	0.4	64.0	True	6*ArcSec[Sqrt[3]]/Pi^(3/2)
740	e^pi/pi^e	elementary	64	exact	7	x	EULER, PI, POWER, PI, EXP, DIVIDE	4.310e-16	3	0.4	64.0	True	E^Pi/Pi^E
741	continued fraction constant (base 10)	elementary	64	exact	12	x, NEG, ARCSIN, SQR, DIVIDE	THREE, ARCSINH, COSH, LOG, EIGHT, POWER, LOG	0.000e+00	7	0.4	63.6	True	Pi^2/(6Log[2]Log[10])
742	generalized Glaisher-Kinkelin constant A(2)	special	64	not found	12	x, GAMMA, ARCTANH, LOG, SQR	PI, ARCTAN, FOUR, TIMES, ARCCOSH, TANH, TANH	1.314e-14	1	0.4	13.9	True	Exp[Zeta[3]/(4*Pi^2)]
743	generalized hypergeometric function 3F2(1/2,1/2,1/2; 3/2,3/2; x) at x=1/2	special	64	not found	12	FIVE, SQR, x, POWER, ARCSINH	FOUR, COS, EXP, ARCTANH, GAMMA, SIN, COSH	6.214e-14	1	0.4	13.2	True	(Pi*Log[2]/4 + Catalan)/Sqrt[2]
744	Hadamard-de la Vallee-Poussin constant	special	64	not found	12	x, ARCCOSH, SIN, SINH, SQR	FOUR, THREE, SIN, SUBTRACT, TWO, POWER, SIN	4.893e-14	1	0.4	13.3	True	EulerGamma + Sum[(-1 + Prime[\[FormalK]])^(-1) + Log[1 - Prime[\[FormalK]]^(-1)], {\[FormalK], 1, Infinity}]
745	secant of 15 degrees (cosecant of 75 degrees)	algebraic	64	exact	6	TWO, SQRT, x, PLUS	SIX, SQRT	0.000e+00	3	0.4	63.6	True	Sec[15 Degree]
746	zeta(5)	special	64	not found	12	EIGHT, SIN, EXP, x, POWER	FOUR, TAN, ARCCOSH, TANH, ARCSINH, ARCTAN, ARCCOS	6.852e-15	1	0.4	14.2	True	Zeta[5]
747	Landau-Kolmogorov constant C(3,1) for derivatives in the case L_infinity(-infinity, infinity)	none	64	exact	6	THREE, x, POWER	EIGHT, NINE, DIVIDE	0.000e+00	4	0.4	64.0	True	
748	log10(11)	elementary	64	exact	8	x, NEG, NINE, SUBTRACT, POWER	TWO, NINE, PLUS	0.000e+00	4	0.4	63.5	True	Log[10, 11]
749	sec(phi), a constant related to the "broadworm" (or "caliper") problem	none	64	not found	12	x, COSH, LOG, SINH, ARCCOS	GOLDENRATIO, SIX, ARCSINH, SIN, ARCTAN, EXP, DIVIDE	2.000e-14	2	0.4	13.7	True	
750	Landau-Kolmogorov constant C(5,1) for derivatives in the case L_infinity(infinity, infinity)	none	64	exact	10	FIVE, x, POWER	SIX, NINE, TWO, LOG, COSH, POWER, DIVIDE	0.000e+00	2	0.4	63.7	True	
751	li(2) = gamma + log(log(2)) + Sum_{k>=1} log(2)^k / ( k*k! )	special	64	not found	12	SIX, ARCCOSH, x, POWER, TAN	FOUR, FOUR, LOG, EULER, ARCCOSH, DIVIDE, POWER	6.586e-15	1	0.4	14.2	True	LogIntegral[2]
752	third pi	elementary	64	exact	4	x	TWO, INV, ARCCOS	0.000e+00	3	0.4	64.0	True	Pi/3
753	asymptotic constant in Goebel's sequence A003504	none	64	not found	12	TWO, SINH, SIN, x, POWER	SIX, LOG, INV, SIN, LOG, ARCCOS, TANH	2.649e-14	1	0.4	13.6	True	
754	Sum_{i>=0} 1/(2*i+1)^3	special	64	not found	12	SIX, TAN, ARCSIN, x, PLUS	GOLDENRATIO, TANH, GAMMA, EXP, ARCTAN, SIN, ARCTAN	5.700e-15	1	0.4	14.2	True	7 Zeta[3]/8
755	192*K^2*G/Pi^4 = Product_{p prime congruent to 1 modulo 4} (1 + 1/p^2), where K is the Landau-Ramanujan constant and G C	none	64	not found	11	x, SQR, SQR, TANH	EIGHT, SIN, SQRT, ARCCOS, ARCTANH, COSH, SIN	6.675e-14	18	0.4	13.2	True	
756	1/2+2/sqrt(13), a constant related to the asymptotic evaluation of the number of self-avoiding rook paths joining opposi	algebraic	64	exact	9	TWO, INV, x, SUBTRACT	TWO, THREE, DIVIDE, ARCTAN, COS	0.000e+00	8	0.4	63.5	True	1/2 + 2/Sqrt[13]
757	an infinite product involving the ratio of n! to its Stirling approximation	special	64	not found	12	EULER, SQRT, TAN, x, POWER	GOLDENRATIO, LOG, ARCSINH, INV, ARCSINH, TWO, SUBTRACT	2.016e-14	5	0.4	13.7	True	Glaisher^3/(2^(7/12)*Pi^(1/4))
758	Twelfth root of 2	algebraic	64	exact	5	SIX, x, POWER	TWO, SQRT	0.000e+00	5	0.4	63.4	True	2^(1/12)
759	(3/4)*sqrt(2)	algebraic	64	exact	5	x	THREE, INV, ARCTANH, COSH	0.000e+00	8	0.4	63.3	True	3 Sqrt[2]/4
760	I, a constant appearing (as I^2) in the asymptotic variance of the area of the convex hull of random points in the unit 	special	64	exact	9	TWO, SQRT, x, TIMES	TWO, LOG, SINH, GAMMA, SQR	0.000e+00	12	0.4	63.5	True	Sqrt[2]*Pi^2/Gamma[1/4]^2
761	(8*G - Pi*log(2 + sqrt(3)))/3, where G = A006752	special	64	not found	12	PI, ARCTAN, x, DIVIDE, TAN	SIX, TAN, ARCCOS, EXP, TANH, SIN, GAMMA	2.547e-14	5	0.4	13.6	True	(8Catalan-Pi Log[2+Sqrt[3]])/3
762	(gamma + log(16))/Pi	special	64	not found	12	x, TANH, ARCSINH, ARCTANH, SQR	NINE, INV, COS, EULER, COS, SQR, DIVIDE	7.518e-14	14	0.4	13.1	True	(EulerGamma + Log[16])/Pi
763	m_3, the expected number of returns to the origin in a three-dimensional random walk restricted to the region x >= y >= 	none	64	not found	12	x, SQR, EULER, ARCSINH, POWER	SIX, COSH, COS, GAMMA, COS, SQRT, EXP	1.047e-13	5	0.4	13.0	True	
764	Sum_{k >= 0} 1/(4*k+1)^2	special	64	not found	12	x, EXP, EULER, SUBTRACT, SINH	PI, ARCCOSH, GAMMA, SIN, LOG, SIN, ARCTAN	3.471e-14	8	0.4	13.5	True	Catalan/2 + Pi^2/16
765	expected number of returns to the origin of a random walk on an 8-d lattice	none	64	not found	12	x, SINH, ARCCOSH, ARCCOS, TANH	TWO, SIN, SQRT, EXP, GAMMA, INV, ARCTAN	1.348e-13	9	0.4	12.9	True	
766	beta = 1.07869..., the best constant in Friedrichs' inequality in one dimension	none	64	not found	12	THREE, x, POWER, COS, SQRT	NEG, SIN, EULER, PLUS, COSH, COS, COS	5.846e-14	8	0.4	13.2	True	
767	Landau-Kolmogorov constant C(4,1) for derivatives in the case L_infinity(infinity, infinity)	none	64	exact	9	x, EIGHT, DIVIDE	SIX, GAMMA, SQRT, FIVE, TIMES, SQRT	0.000e+00	10	0.4	63.4	True	
768	c = twice the maximum of Dawson's integral, a constant used in the asymptotic evaluation of the ideal hyperbolic n-cube 	none	64	not found	12	x, FOUR, ARCSINH, DIVIDE, COS	PI, NINE, COS, ARCSIN, DIVIDE, SINH, ARCTAN	2.093e-14	0	0.4	13.7	True	
769	zeta(4) = pi^4/90	elementary	64	exact	9	x, PI, SQR, SQR, DIVIDE	NINE, SQR, NINE, PLUS	0.000e+00	13	0.4	63.4	True	Pi^4/90
770	6*exp(gamma)/Pi^2	special	64	not found	12	x, COSH, NINE, ARCTAN, SUBTRACT	SEVEN, ARCTAN, SQR, SIX, PLUS, COS, ARCSINH	4.922e-14	0	0.4	13.3	True	6*Exp[EulerGamma]/Pi^2
771	Feller α coin-tossing constant	algebraic	64	not found	12	x, SIX, TIMES, TAN, TANH	GOLDENRATIO, SINH, SIX, ARCSINH, DIVIDE, ARCCOSH, ARCSIN	3.145e-14	0	0.4	13.5	True	(2*(-1 - 2/(17 + 3*Sqrt[33])^(1/3) + (17 + 3*Sqrt[33])^(1/3)))/3
772	1/Gamma(7/4)	special	64	exact	6	x	FOUR, SEVEN, DIVIDE, GAMMA, INV	2.041e-16	2	0.4	63.7	True	1/Gamma[7/4]
773	Pi*log(2)/2	elementary	64	exact	6	x	ONE, ARCSIN, TWO, POWER, LOG	0.000e+00	10	0.4	63.4	True	Pi*Log[2]/2
775	1/2+G/Pi, the highest limiting crest of a square wave Fourier series, where G is the Gibbs-Wilbraham constant	none	64	not found	12	x, COS, THREE, SUBTRACT, ARCCOSH	GOLDENRATIO, SIX, PLUS, INV, FIVE, SUBTRACT, LOG	3.424e-14	0	0.4	13.5	True	
776	expected number of returns to the origin of a random walk on a 7-d lattice	none	64	not found	11	PI, x, POWER, ARCCOSH, SINH	NEG, COSH, COS, EXP, GAMMA, ARCSINH	4.324e-14	0	0.4	13.4	True	
777	Gamma(1/4)^4/(16*Pi^2)	special	64	exact	10	x, SQRT, PI, TIMES	TWO, FOUR, INV, GAMMA, DIVIDE, SQR	2.029e-16	12	0.4	63.6	True	Gamma[1/4]^4/(16Pi^2)
778	square root of 6/5	none	64	exact	5	x	FIVE, SIX, DIVIDE, SQRT	0.000e+00	2	0.4	63.4	True	
779	a 5-dimensional analog of DeVicci's tesseract constant	algebraic	64	exact	6	THREE, SQRT, x, PLUS	EIGHT, SQRT	0.000e+00	3	0.4	63.4	True	Sqrt[11-4*Sqrt[6]]
781	ln(3)	elementary	64	exact	3	x	THREE, LOG	0.000e+00	1	0.4	63.5	True	Log[3]
782	Paris constant	special	64	not found	11	x, EXP, TAN, TAN	EIGHT, ARCCOSH, SIX, PLUS, ARCSINH, ARCCOSH, COS	1.900e-14	0	0.4	13.7	True	ConditionalExpression[Extension`ParisConstant == Limit[(2*GoldenRatio)^\[FormalN]*(GoldenRatio - Subscript[\[FormalCapitalF], \[FormalN]]), \[FormalN] -> Infinity]/2, Subscript[\[FormalCapitalF], 1] == 1 && Subscript[\[FormalCapitalF], \[FormalN]] == Sqrt[1 + Subscript[\[FormalCapitalF], -1 + \[FormalN]]]]
783	Lengyel constant	special	64	not found	12	EULER, x, EXP, SUBTRACT, SINH	SIX, COS, GAMMA, NINE, COS, ARCTAN, PLUS	4.042e-15	0	0.4	14.4	True	ConditionalExpression[Extension`LengyelConstant == Limit[(2^\[FormalN]*\[FormalN]^(1 + Log[2]/3)*Subscript[\[FormalC], \[FormalN]]*Log[2]^\[FormalN])/\[FormalN]!^2, \[FormalN] -> Infinity], Subscript[\[FormalC], 1] == 1 && Subscript[\[FormalC], \[FormalN]] == Sum[StirlingS2[\[FormalN], \[FormalK]]*Subscript[\[FormalC], \[FormalK]], {\[FormalK], 1, -1 + \[FormalN]}]]
784	log 4π	elementary	64	exact	8	x, NEG, NINE, SUBTRACT, POWER	PI, FOUR, TIMES	0.000e+00	3	0.4	63.8	True	Log10[4*Pi]
785	9*Sum_{k>=1} 1/(10^k-1)	none	64	not found	12	x, SQRT, SEVEN, PLUS, TAN	EULER, COSH, LOG, GAMMA, SQRT, LOG, LOG	8.128e-14	0	0.4	13.1	True	
786	1/Gamma(5/4)	special	64	exact	6	x	TWO, LOG, COSH, GAMMA, INV	0.000e+00	3	0.4	63.4	True	1/Gamma[5/4]
788	sqrt(8/Pi)*log(2), a constant related to the asymptotic evaluation of the minimum number of one-dimensional random walks	elementary	64	exact	7	x	ONE, ARCSIN, SQRT, FOUR, LOG, DIVIDE	0.000e+00	4	0.4	64.0	True	Sqrt[8/Pi]*Log[2]
790	1/Gamma(5/3)	special	64	exact	6	x	THREE, LOG, COSH, GAMMA, INV	0.000e+00	2	0.4	64.0	True	1/Gamma[5/3]
791	Pi/(2*sqrt(2))	none	64	exact	5	x	EIGHT, SQRT, PI, DIVIDE	0.000e+00	2	0.4	63.6	True	
792	4*L/(3*Pi), a constant related to the asymptotic evaluation of the number of primes of the form a^2+b^4, where L is Gaus	none	64	not found	12	SIX, ARCTAN, x, COSH, POWER	EULER, ARCTAN, GAMMA, COSH, THREE, TIMES, SQRT	5.108e-14	0	0.4	13.3	True	
793	log10(13)	elementary	64	exact	8	x, NEG, NINE, SUBTRACT, POWER	FOUR, NINE, PLUS	0.000e+00	3	0.4	64.0	True	Log[10, 13]
794	positive real root of 3*x^4 - x^3 - x^2 - 2, a constant related to quasi-isometric mappings	none	64	not found	12	x, ARCSINH, SQR, ARCCOS, SQR	EULER, EIGHT, SUBTRACT, ARCSINH, ARCTAN, LOG, ARCTANH	1.674e-14	0	0.4	13.8	True	
795	Landau-Kolmogorov constant C(5,2) for derivatives in the case L_infinity(infinity, infinity)	none	64	exact	10	FIVE, x, POWER	THREE, FIVE, SIX, DIVIDE, POWER, THREE, DIVIDE	0.000e+00	9	0.4	63.5	True	
796	expected number of returns to the origin of a random walk on a 6-d lattice	none	64	not found	12	EULER, ARCSINH, SQRT, x, POWER	NINE, ARCSINH, SQR, ARCSINH, SIX, SUBTRACT, LOG	1.769e-14	0	0.4	13.8	True	
797	Goh-Schmutz constant	special	64	not found	12	x, ARCCOSH, TANH, EIGHT, POWER	GOLDENRATIO, COSH, SQR, NINE, TAN, PLUS, SQRT	4.509e-14	0	0.4	13.3	True	-Sum[(E^\[FormalK]*ExpIntegralEi[-\[FormalK]])/\[FormalK], {\[FormalK], 1, Infinity}]
798	Steinitz constant of the Euclidean plane	algebraic	64	exact	4	x	GOLDENRATIO, LOG, COSH	0.000e+00	2	0.4	63.6	True	Sqrt[5]/2
799	Landau-Kolmogorov constant C(5,3) for derivatives in the case L_infinity(infinity, infinity)	none	64	exact	9	FIVE, x, POWER	TWO, FOUR, LOG, SINH, SQR, DIVIDE	0.000e+00	2	0.4	63.9	True	
800	1/Gamma(4/3)	special	64	exact	6	x	THREE, LOG, SINH, GAMMA, INV	0.000e+00	3	0.4	63.6	True	1/Gamma[4/3]
801	2*exp(-gamma)	special	64	not found	12	x, EXP, ARCCOSH, EXP, TAN	FOUR, LOG, ONE, ARCSINH, DIVIDE, EXP, COS	2.630e-14	0	0.4	13.6	True	2*Exp[-EulerGamma]
802	zeta(7/2)	special	64	not found	12	x, TWO, ARCSINH, INV, SUBTRACT	PI, ARCTAN, ARCTAN, TANH, ARCCOS, TANH, LOG	2.444e-14	0	0.4	13.6	True	Zeta[7/2]
803	2/sqrt(pi)	elementary	64	exact	5	x	ONE, ARCTAN, INV, SQRT	0.000e+00	5	0.4	63.4	True	2/Sqrt[Pi]
805	a coefficient associated with the asymptotics of the average distance between a vertex and the root of a random rooted t	none	64	not found	12	x, TAN, FIVE, INV, PLUS	PI, TWO, SIN, POWER, GAMMA, TWO, POWER	1.231e-14	0	0.4	13.9	True	
806	digital search tree β constant	special	64	not found	12	FIVE, x, EXP, SQR, DIVIDE	NINE, ARCCOSH, SIN, EXP, SIN, TWO, POWER	3.553e-14	0	0.4	13.4	True	-1 + (Log[2]*QPolyGamma[0, 1, 1/2] + QPolyGamma[1, 1, 1/2])/Log[2]^2
807	extreme value skewness	special	64	not found	12	x, SIX, COS, SQRT, SUBTRACT	PI, SQR, LOG, ARCTAN, ONE, SUBTRACT, ARCSIN	3.313e-15	0	0.4	14.5	True	12*Sqrt[6]*Zeta[3]/Pi^3
808	a function approximation constant which is the analog of Gibbs's constant 2*G/Pi (A036793) for de la Vallée-Poussin sums	none	64	not found	12	x, SINH, LOG, GAMMA, SINH	EIGHT, GOLDENRATIO, POWER, SEVEN, INV, SINH, TIMES	1.943e-14	0	0.4	13.7	True	
809	ln(pi)	elementary	64	exact	3	x	PI, LOG	0.000e+00	1	0.4	63.4	True	Log[Pi]
810	1/sqrt(tanh(1))	elementary	64	exact	5	x	ONE, TANH, INV, SQRT	0.000e+00	5	0.4	63.5	True	1/Sqrt[Tanh[1]]
811	Goldbach-Vinogradov constant	special	64	not found	12	x, SIX, DIVIDE, TAN, SINH	GOLDENRATIO, SIN, GAMMA, EXP, SIX, SIN, SUBTRACT	2.876e-14	0	0.4	13.5	True	Product[1 + (-1 + Prime[\[FormalK]])^(-3), {\[FormalK], 1, Infinity}]/2
812	Pi^2/(16*K^2*G) = Product_{p prime congruent to 3 modulo 4} (1 + 1/p^2), where K is the Landau-Ramanujan constant and G 	none	64	not found	11	x, SIN, SINH, SINH, TAN	SIX, SQR, LOG, TANH, THREE, TIMES	7.703e-15	0	0.4	14.1	True	
813	Second Hermite constant	algebraic	64	exact	5	x	TWO, INV, ARCTANH, COSH	0.000e+00	11	0.4	64.0	True	2/Sqrt[3]
814	expected number of returns to the origin of a random walk on a 5-d lattice	none	64	not found	12	x, ARCSINH, ARCSIN, ARCCOSH, SINH	EULER, COSH, ARCSINH, ARCSINH, SEVEN, DIVIDE, TANH	3.841e-15	0	0.4	14.4	True	
815	cubic recurrence constant	special	64	not found	12	x, COS, INV, TAN, SQR	SEVEN, ARCCOSH, GAMMA, GOLDENRATIO, SIN, DIVIDE, ARCTAN	7.681e-14	0	0.4	13.1	True	Product[\[FormalK]^3^(-\[FormalK]), {\[FormalK], 1, Infinity}]
816	'xiHat', a constant used in the asymptotic evaluation of e.g.f. coefficients for the number of labeled mobiles	none	64	not found	12	THREE, ARCCOSH, x, TAN, SUBTRACT	THREE, SINH, THREE, SUBTRACT, TANH, COS, ARCSINH	3.031e-14	0	0.4	13.5	True	
817	grazing goat constant	special	64	not found	12	EULER, x, ARCSINH, ARCTANH, DIVIDE	GOLDENRATIO, SIN, GAMMA, LOG, SIX, COS, PLUS	3.143e-14	0	0.4	13.5	True	Root[{Pi - 2*ArcCos[1 - #1^2/2] - 2*ArcCos[#1/2]*#1^2 + #1*Sqrt[4 - #1^2] & , 1.158728473018121517828233509934`30.063981678858028}]
818	Given the two curves y = exp(-x) and y = 2/(exp(x) + exp(x/2)), draw a line tangent to both. This sequence is the decima	none	64	not found	12	x, LOG, SEVEN, ARCCOSH, DIVIDE	EULER, COSH, COS, SIN, TANH, SQR, GAMMA	6.636e-14	0	0.4	13.2	True	
819	expectation of the maximum of a size 5 sample from a normal (0,1) distribution	special	64	not found	12	x, INV, TAN, LOG, COS	FOUR, ARCSINH, INV, ARCTAN, INV, TANH, SQRT	2.024e-14	0	0.4	13.7	True	5/Sqrt[Pi] - 15*ArcCsc[Sqrt[3]]/Pi^(3/2)
820	'c', an optimal stopping constant associated with the two choice case	none	64	not found	12	THREE, COS, x, SUBTRACT, ARCCOSH	NINE, GOLDENRATIO, SINH, DIVIDE, ARCCOS, SQRT, SINH	9.963e-14	0	0.4	13.0	True	
821	spanning tree constant of the square lattice	special	64	not found	12	x, ARCSINH, SQRT, EXP, GAMMA	NEG, TAN, SINH, EIGHT, POWER, COSH, TAN	5.940e-14	0	0.4	13.2	True	4*Catalan/Pi
822	(5 + 3*sqrt(5))/10	algebraic	64	exact	6	x	TWO, ARCTAN, COS, GOLDENRATIO, SUBTRACT	0.000e+00	9	0.4	63.5	True	(5 + 3 Sqrt[5])/10
823	sinh one	elementary	64	exact	3	x	ONE, SINH	0.000e+00	1	0.4	64.0	True	Sinh[1]
824	Salem constant	algebraic	64	not found	12	x, ARCCOSH, GAMMA, SINH, SIN	SIX, INV, EXP, EXP, SQRT, ARCTAN, ARCTAN	1.227e-14	0	0.4	13.9	True	Root[1 + #1 - #1^3 - #1^4 - #1^5 - #1^6 - #1^7 + #1^9 + #1^10 & , 2, 0]
825	root ln four	elementary	64	exact	4	x	FOUR, LOG, SQRT	0.000e+00	2	0.4	63.4	True	Sqrt[Log[4]]
826	Gibbs constant	special	64	not found	12	x, TAN, COSH, ARCSINH, TAN	GOLDENRATIO, COSH, FOUR, ARCSINH, SQRT, SUBTRACT, INV	7.910e-15	1	0.4	14.1	True	(2*SinIntegral[Pi])/Pi
827	Lévy's constant	elementary	64	exact	7	x	EIGHT, LOG, NEG, ARCSIN, SQR, DIVIDE	0.000e+00	7	0.4	63.5	True	Pi^2/(12*Log[2])
828	Foias constant	none	64	not found	12	x, COS, SQR, FIVE, TIMES	FIVE, GAMMA, ARCSINH, SQRT, SINH, LOG, ARCCOSH	1.234e-14	0	0.4	13.9	True	
829	2^(1/4)	algebraic	64	exact	4	x	TWO, SQRT, SQRT	0.000e+00	2	0.4	63.6	True	2^(1/4)
830	theta_2, one of the angles associated with the bow-and-arrow configuration used in the 2-arc smallest length problem	none	64	not found	12	x, SIN, INV, TAN, EXP	EULER, COSH, PI, DIVIDE, SIN, SIX, PLUS	4.418e-14	0	0.4	13.4	True	
831	arithmetic-geometric mean constant	special	64	exact	10	ONE, ARCSIN, SQRT, x, TIMES	TWO, LOG, SINH, GAMMA, SQR	0.000e+00	2	0.4	64.0	True	(2*Pi^(3/2)*Sqrt[2])/Gamma[1/4]^2
832	real fixed point of coth(z)	special	64	not found	12	x, SIX, POWER, SIN, ARCTANH	NINE, SIN, ONE, ARCTAN, POWER, GAMMA, GAMMA	9.069e-15	1	0.4	14.0	True	Root[{-Coth[#1] + #1 & , 1.199678640257733833916369848641`30.079064926502777}]
833	lim_{n->infinity} ((1/log(n)^2)*Product_{2 < p < n, p prime} p/(p-2))	none	64	not found	12	x, INV, TAN, COS, SINH	FIVE, ONE, ARCSINH, POWER, ARCTAN, ARCSIN, TANH	3.845e-14	0	0.4	13.4	True	
834	sqrt(e^(1/e)) = 1.20194336847031	elementary	64	exact	5	x	EULER, INV, EXP, SQRT	0.000e+00	4	0.4	63.9	True	E^(E^-1/2)
835	Apéry's constant	special	64	not found	12	x, SQR, ARCTAN, ARCSIN, COS	EIGHT, FIVE, GAMMA, ARCCOSH, ARCSINH, DIVIDE, SINH	3.768e-14	0	0.4	13.4	True	Zeta[3]
836	growth constant in random Fibonacci sequence	algebraic	64	not found	12	x, TAN, COS, TWO, PLUS	FOUR, EULER, ARCSINH, SUBTRACT, TAN, TANH, GAMMA	1.289e-14	0	0.4	13.9	True	Root[#1^3 + #1^2 - #1 - 2 &, 1]
837	sqrt(A224273)	special	64	not found	12	x, COSH, GAMMA, GOLDENRATIO, POWER	THREE, ARCTAN, SINH, SEVEN, PLUS, COSH, ARCTAN	6.283e-14	1	0.4	13.2	True	Sqrt[3] Gamma[1/3]^(3/2)/(2 Pi)
838	2/sqrt(e), a constant appearing in the expression of the asymptotic expected volume V(d) of the convex hull of randomly 	elementary	64	exact	5	x	EULER, FOUR, DIVIDE, SQRT	0.000e+00	3	0.4	63.4	True	2/Sqrt[E]
839	12/Pi^2	elementary	64	exact	6	x	NEG, ARCSIN, SQR, THREE, DIVIDE	0.000e+00	3	0.4	63.7	True	12/Pi^2
840	positive real root of x^4 - x - 1	algebraic	64	not found	12	THREE, x, COSH, SUBTRACT, GAMMA	PI, ARCTAN, FOUR, SIN, ARCTAN, SUBTRACT, GAMMA	1.601e-14	3	0.4	13.8	True	Root[#1^4 - #1 - 1 &, 2]
841	Mertens constant C(5,1)	none	64	not found	12	FIVE, x, DIVIDE, GAMMA, TAN	FIVE, SIN, SINH, EULER, TAN, TAN, SUBTRACT	4.041e-14	3	0.4	13.4	True	
842	Gamma(3/4)	special	64	exact	5	x	TWO, LOG, SINH, GAMMA	0.000e+00	1	0.4	63.6	True	Gamma[3/4]
843	Fibonacci factorial constant	special	64	not found	12	FIVE, x, POWER, COS, ARCTANH	EULER, TAN, ARCTAN, TANH, ARCTAN, INV, ARCSINH	3.113e-14	3	0.4	13.5	True	QPochhammer[-GoldenRatio^(-2)]
844	log10(17)	elementary	64	exact	8	x, THREE, ARCSINH, COSH, POWER	FOUR, ARCSINH, COSH	0.000e+00	3	0.4	63.6	True	Log[10, 17]
845	Second Favard constant	elementary	64	exact	5	x	EIGHT, PI, SQR, DIVIDE	0.000e+00	2	0.4	64.0	True	Pi^2/8
846	Feller β coin-tossing constant	algebraic	64	not found	12	x, LOG, GAMMA, SIN, SQR	NINE, TAN, ARCTANH, COS, SQR, GAMMA, INV	6.104e-15	3	0.4	14.2	True	(2 + 4*(17 + 3*Sqrt[33])^(1/3) - (17 + 3*Sqrt[33])^(2/3))/(6 + 9*(17 + 3*Sqrt[33])^(1/3) - 3*(17 + 3*Sqrt[33])^(2/3))
847	expected number of returns to the origin of a random walk on a 4-d lattice	none	64	not found	12	x, TAN, GAMMA, ARCCOSH, SINH	THREE, INV, SIX, SUBTRACT, COSH, COS, COSH	3.350e-14	7	0.4	13.5	True	
848	Bertrand's constant	none	46	not found	12	x, SQR, SQR, COSH, COS	EULER, SIN, SQRT, COS, NINE, INV, PLUS	6.209e-15	3	0.4	14.2	True	
849	root half pi	elementary	64	exact	4	x, SQR	ONE, ARCSIN	0.000e+00	2	0.4	63.9	True	Sqrt[Pi/2]
850	Khinchin-Lévy sum constant	special	64	not found	12	x, INV, SINH, COS, GAMMA	NINE, ARCTAN, LOG, ARCTANH, SQR, COS, ARCSIN	6.867e-14	3	0.4	13.2	True	Sum[Log[1 + \[FormalK]]/(\[FormalK]*(1 + \[FormalK])), {\[FormalK], 1, Infinity}]
851	Cube root of 2	algebraic	64	exact	4	THREE, x, POWER	TWO	0.000e+00	4	0.4	63.9	True	2^(1/3)
852	limiting length appearing in the asymptotic probability involved in the "stick breaking" problem	none	64	not found	12	x, INV, ARCCOS, SINH, TANH	SIX, LOG, INV, ARCTAN, GAMMA, INV, SINH	1.039e-14	3	0.4	14.0	True	
853	c*sqrt(e/2), a constant associated with Dawson's integral and the asymptotic evaluation of the ideal hyperbolic n-cube v	none	64	not found	12	THREE, ARCSINH, x, DIVIDE, GAMMA	FOUR, SIX, LOG, ARCTAN, DIVIDE, SINH, EXP	7.146e-14	3	0.4	13.1	True	
854	fractal dimension of Koch snowflake	elementary	64	exact	4	x, THREE, POWER	FOUR	0.000e+00	3	0.4	63.6	True	Log[4]/Log[3]
855	Vardi constant	special	64	not found	12	x, SEVEN, INV, TANH, SUBTRACT	EIGHT, COS, TANH, INV, ARCTAN, TANH, INV	7.869e-14	4	0.4	13.1	True	ConditionalExpression[Extension`VardiConstant == (Exp[Sum[2^(-1 - \[FormalK])*Log[1 + (-1 + 2*Subscript[\[FormalA], \[FormalK]])^(-2)], {\[FormalK], 1, Infinity}]]*Sqrt[6])/2, Subscript[\[FormalA], 0] == 2 && Subscript[\[FormalA], \[FormalN]] == 1 - Subscript[\[FormalA], -1 + \[FormalN]] + Subscript[\[FormalA], -1 + \[FormalN]]^2]
856	expectation of the maximum of a size 6 sample from a normal (0,1) distribution	none	64	not found	12	x, TAN, TWO, SUBTRACT, SQR	SIX, SIN, EULER, PLUS, EULER, TIMES, ARCTAN	4.696e-14	3	0.4	13.3	True	
857	constant c_0 appearing in the asymptotic evaluation of the n-th Lebesgue constant (related to Fourier series) as L_n ~ (	none	64	not found	12	x, TAN, TWO, SIN, DIVIDE	THREE, EXP, SIN, ONE, TAN, ARCSINH, SUBTRACT	1.783e-14	5	0.4	13.7	True	
858	Ramanujan-Forsyth series constant	elementary	64	exact	4	x	ONE, ARCTAN, INV	0.000e+00	2	0.4	63.4	True	4/Pi
859	log10(19)	elementary	64	exact	9	x, NEG, NINE, SUBTRACT, POWER	FOUR, SQR, THREE, PLUS	0.000e+00	4	0.4	63.6	True	Log[10, 19]
860	Glaisher-Kinkelin constant	special	64	not found	12	TWO, x, EXP, DIVIDE, COSH	TWO, COSH, FIVE, PLUS, ARCCOSH, GAMMA, SQR	1.063e-13	4	0.4	13.0	True	Glaisher
861	theta_1, one of the angles associated with the bow-and-arrow configuration used in the 2-arc smallest length problem	none	64	not found	12	GOLDENRATIO, ARCTAN, SIN, x, TIMES	THREE, COS, NEG, PLUS, COS, TAN, COSH	5.696e-14	10	0.4	13.2	True	
862	ln(Gamma(1/4))	special	64	exact	5	x	FOUR, INV, GAMMA, LOG	0.000e+00	2	0.4	63.4	True	LogGamma[1/4]
863	integral of the q-Pochhammer symbol over -1..1	elementary	64	not found	12	x, EXP, TAN, SQRT, ARCSIN	FOUR, ARCCOSH, COS, SINH, COSH, SIN, SQR	5.188e-14	11	0.4	13.3	True	4*Sqrt[3/23]*Pi*(2*Sinh[Sqrt[23]*Pi/6] + Sqrt[2]*Sinh[Sqrt[23]*Pi/4])/(2*Cosh[Sqrt[23]*Pi/3] - 1)
864	second Bernoulli sophomore dream constant	special	64	not found	12	x, SQR, ARCSINH, ARCTAN, COSH	SIX, ARCCOSH, TANH, TANH, SEVEN, PLUS, ARCTAN	1.255e-14	19	0.4	13.9	True	Sum[\[FormalK]^(-\[FormalK]), {\[FormalK], 1, Infinity}]
865	(4/sqrt(Pi))*exp(-gamma/2)*K where K is the Landau-Ramanujan constant and gamma the Euler-Mascheroni constant	none	64	not found	12	x, ARCCOSH, FOUR, DIVIDE, SIN	SEVEN, LOG, TAN, GOLDENRATIO, COSH, DIVIDE, ARCTAN	1.409e-14	12	0.4	13.9	True	
866	Salem number of degree 38 (Mossinghoff)	algebraic	64	not found	12	x, EIGHT, SIN, DIVIDE, TAN	THREE, FOUR, LOG, ARCTAN, SUBTRACT, TAN, TANH	2.073e-14	3	0.4	13.7	True	Root[#1^38 - #1^36 - #1^34 - #1^29 + #1^28 - #1^24 - #1^14 + #1^10 - #1^9 - #1^4 - #1^2 + 1 &, 4]
868	Mertens constant C(5,4)	none	64	not found	12	x, SQRT, TAN, LOG, ARCTANH	PI, TANH, SQR, SIN, SIN, GAMMA, ARCSINH	3.930e-14	6	0.4	13.4	True	
871	Conway's constant	algebraic	64	not found	12	THREE, ARCTAN, EXP, x, POWER	EULER, INV, ARCSIN, ARCSINH, SIN, SEVEN, TIMES	2.896e-15	2	0.4	14.5	True	Root[-6 + 3*#1 - 6*#1^2 + 12*#1^3 - 4*#1^4 + 7*#1^5 - 7*#1^6 + #1^7 + 5*#1^9 - 2*#1^10 - 4*#1^11 - 12*#1^12 + 2*#1^13 + 7*#1^14 + 12*#1^15 - 7*#1^16 - 10*#1^17 - 4*#1^18 + 3*#1^19 + 9*#1^20 - 7*#1^21 - 8*#1^23 + 14*#1^24 - 3*#1^25 + 9*#1^26 + 2*#1^27 - 3*#1^28 - 10*#1^29 - 2*#1^30 - 6*#1^31 + #1^32 + 10*#1^33 - 3*#1^34 + #1^35 + 7*#1^36 - 7*#1^37 + 7*#1^38 - 12*#1^39 - 5*#1^40 + 8*#1^41 + 6*#1^42 + 10*#1^43 - 8*#1^44 - 8*#1^45 - 7*#1^46 - 3*#1^47 + 9*#1^48 + #1^49 + 6*#1^50 + 6*#1^51 - 2*#1^52 - 3*#1^53 - 10*#1^54 - 2*#1^55 + 3*#1^56 + 5*#1^57 + 2*#1^58 - #1^59 - #1^60 - #1^61 - #1^62 - #1^63 + #1^64 + 2*#1^65 + 2*#1^66 - #1^67 - 2*#1^68 - #1^69 + #1^71 & , 3, 0]
872	Mills' constant	special	64	not found	12	x, ARCCOSH, ARCCOS, GAMMA, LOG	SIX, PI, SQR, ARCSINH, ARCTAN, SQR, DIVIDE	1.545e-13	4	0.4	12.8	True	ConditionalExpression[Extension`MillsConstant == \[FormalX], ForAll[\[FormalN], Element[\[FormalN], Integers] && \[FormalN] > 0, Element[Floor[\[FormalX]^3^\[FormalN]], Primes]] && ForAll[Subscript[\[FormalX], 1], Subscript[\[FormalX], 1] < \[FormalX], Exists[\[FormalN], Element[\[FormalN], Integers] && \[FormalN] > 0, NotElement[Floor[Subscript[\[FormalX], 1]^3^\[FormalN]], Primes]]]]
873	first lemniscate constant	special	64	exact	11	ONE, ARCSIN, SQRT, x, TIMES	EIGHT, FOUR, INV, GAMMA, SQR, DIVIDE	0.000e+00	3	0.4	64.0	True	Gamma[1/4]^2/(4*Sqrt[2*Pi])
874	Khinchin mean K_{-3}	none	64	not found	12	x, FOUR, TAN, ARCSINH, DIVIDE	EIGHT, SQRT, LOG, ARCTAN, SINH, ARCTAN, ARCCOS	1.079e-13	5	0.4	13.0	True	
875	3^(1/4)	algebraic	64	exact	4	x	THREE, SQRT, SQRT	0.000e+00	2	0.4	63.5	True	3^(1/4)
876	extended twin prime conjecture constant	special	64	not found	12	x, COS, SINH, SIN, TANH	THREE, ARCTAN, EXP, FOUR, SUBTRACT, ARCSINH, SQR	3.952e-14	4	0.4	13.4	True	2*Product[1 - (-1 + Prime[\[FormalK]])^(-2), {\[FormalK], 2, Infinity}]
877	Plastic ratio	algebraic	64	not found	12	x, TAN, EIGHT, TIMES, SQRT	EIGHT, ARCSINH, INV, SQRT, ARCSIN, FIVE, PLUS	1.073e-13	4	0.4	13.0	True	(27/2 - (3*Sqrt[69])/2)^(1/3)/3 + ((9 + Sqrt[69])/2)^(1/3)/3^(2/3)
878	pi^(1/4)	elementary	64	exact	4	x	PI, SQRT, SQRT	0.000e+00	2	0.4	64.0	True	Pi^(1/4)
879	constant B3 (or B_3) related to the Mertens constant	none	64	not found	12	x, EULER, PLUS, SINH, COS	EIGHT, SQR, FIVE, DIVIDE, ARCTAN, LOG, GAMMA	1.766e-14	10	0.4	13.8	True	
880	imaginary part of the solution of z = log z	special	64	not found	12	EULER, x, EXP, GAMMA, DIVIDE	TWO, COSH, SQR, ARCTAN, SQRT, SIN, ARCTANH	2.391e-14	14	0.4	13.6	True	Im[ProductLog[-1]]
881	monomer-dimer constant	special	64	not found	12	x, INV, ARCCOS, EXP, COSH	EULER, TAN, FIVE, POWER, SQRT, EXP, SQR	7.730e-14	12	0.4	13.1	True	E^(Catalan/Pi)
882	totient product constant	special	64	not found	12	x, PI, SINH, POWER, SIN	PI, LOG, ARCSINH, PI, TIMES, SQRT, SIN	2.055e-14	18	0.4	13.7	True	Product[1 + 1/((-1 + Prime[\[FormalK]])*Prime[\[FormalK]]^2), {\[FormalK], 1, Infinity}]
883	zeta(5/2)	special	64	not found	12	x, SQRT, SINH, COS, SQRT	FOUR, FOUR, TANH, NINE, PLUS, ARCTAN, DIVIDE	9.104e-15	14	0.4	14.0	True	Zeta[5/2]
884	entropy constant related to A063443	none	18	not found	12	x, EXP, TAN, ARCSIN, SQR	SEVEN, ARCCOSH, EIGHT, SINH, DIVIDE, ARCCOSH, TAN	2.067e-14	12	0.4	13.7	True	
885	'b', an auxiliary constant associated with the asymptotic probability of success in the full information version of the 	none	64	not found	12	x, SINH, FIVE, DIVIDE, ARCSINH	PI, TANH, GOLDENRATIO, COSH, TIMES, SIN, GAMMA	1.329e-13	12	0.4	12.9	True	
886	Davis constant	special	64	not found	12	NEG, COS, x, TIMES, COS	SEVEN, ARCSINH, ARCTAN, NINE, TANH, ARCTAN, POWER	8.573e-14	2	0.4	13.1	True	Pi^2/(8*Catalan)
887	'xi', a constant related to the second order quadratic recurrence q(0)=q(1)=1, q(n)=q(n-2)*(q(n-1)+1)	none	64	not found	12	x, THREE, ARCCOSH, POWER, GAMMA	THREE, ARCTAN, TANH, TANH, LOG, ARCSIN, COSH	2.154e-14	1	0.4	13.7	True	
888	mean number of iterations in comparing two numbers via their continued fractions	none	64	not found	11	x, EXP, SIN, ARCSIN	SEVEN, INV, SINH, INV, SQRT, COS, ARCTAN	2.268e-13	2	0.4	12.6	True	
889	expectation of the maximum of a size 7 sample from a normal (0,1) distribution	none	64	not found	12	x, FOUR, ARCTAN, DIVIDE, ARCCOS	TWO, TAN, EXP, SQR, GAMMA, ARCSINH, INV	7.554e-15	8	0.4	14.1	True	
890	'c', an asymptotic constant related to a variation of the "Secretary problem" with a uniform distribution	none	64	not found	12	SEVEN, INV, ARCTAN, x, SUBTRACT	ONE, SINH, SIN, NINE, ARCCOSH, POWER, ARCTAN	1.506e-13	3	0.4	12.8	True	
891	Gamma(2/3)	special	64	exact	5	x	THREE, TWO, DIVIDE, GAMMA	0.000e+00	1	0.4	64.0	True	Gamma[2/3]
892	golden spiral constant	elementary	64	exact	5	PI, x, POWER	GOLDENRATIO, SQR	0.000e+00	3	0.4	63.7	True	GoldenRatio^(2/Pi)
893	Pippenger product constant	elementary	64	exact	4	x	TWO, EULER, DIVIDE	0.000e+00	1	0.4	64.0	True	E/2
894	log10(23)	elementary	64	exact	9	x, NEG, NINE, SUBTRACT, POWER	FOUR, SQR, SEVEN, PLUS	0.000e+00	4	0.4	63.5	True	Log[10, 23]
895	log e^π	elementary	64	exact	7	x, PI, DIVIDE, EXP	NEG, NINE, SUBTRACT	0.000e+00	4	0.4	64.0	True	Log10[E^Pi]
896	Shallit constant	special	64	not found	12	x, COSH, SIN, INV, TAN	EULER, SIX, SIN, SQR, GAMMA, SUBTRACT, LOG	1.443e-14	3	0.4	13.8	True	ConditionalExpression[Extension`ShallitConstant == Limit[3*\[FormalN] - Min[Sum[Subscript[\[FormalX], \[FormalK]], {\[FormalK], 1, \[FormalN]}] + Sum[Product[Subscript[\[FormalX], \[FormalJ]]^(-1), {\[FormalJ], \[FormalI], \[FormalK]}], {\[FormalK], 1, \[FormalN]}, {\[FormalI], 1, \[FormalK]}]], \[FormalN] -> Infinity], Element[Subscript[\[FormalX], \[FormalJ]], Reals] && Subscript[\[FormalX], \[FormalJ]] > 0]
897	Hardy-Littlewood conjecture constant	special	64	not found	12	x, SINH, ARCCOSH, ARCTAN, ARCSIN	PI, NINE, ARCSINH, DIVIDE, SIX, INV, PLUS	1.342e-14	18	0.4	13.9	True	Inactive[Product][1 - (-1)^((-1 + Prime[\[FormalK]])/2)/(-1 + Prime[\[FormalK]]), {\[FormalK], 2, Infinity}]
898	sum of 1/(p-1)^2 over all primes p	none	64	not found	12	GOLDENRATIO, ARCTAN, x, POWER, ARCSINH	SIX, GAMMA, ARCSINH, COSH, SQRT, ARCSINH, LOG	7.089e-14	3	0.4	13.2	True	
899	Kneser-Mahler β constant	special	64	not found	12	x, COSH, LOG, SINH, ARCTANH	EULER, NINE, DIVIDE, ARCTAN, TWO, SIN, TIMES	4.662e-15	10	0.4	14.3	True	Exp[(9 - PolyGamma[1, 2/3] + PolyGamma[1, 4/3])/(4*Pi*Sqrt[3])]
900	arccosh(8)/2 = ln((3 + sqrt 7)/sqrt 2)	elementary	64	exact	5	x	TWO, EIGHT, ARCCOSH, DIVIDE	0.000e+00	2	0.4	63.7	True	ArcCosh[8]/2
901	ln(4)	elementary	64	exact	3	x	FOUR, LOG	0.000e+00	1	0.4	64.0	True	Log[4]
903	Gamma(1/4)^4/(4*Pi^3)	special	64	exact	9	x, PI, DIVIDE, SQRT	TWO, LOG, SINH, GAMMA, SQR	0.000e+00	7	0.4	64.0	True	Gamma[1/4]^4/(4*Pi^3)
904	hard hexagon entropy constant	algebraic	64	not found	12	x, TWO, POWER, TAN, ARCSINH	GOLDENRATIO, TWO, TANH, ARCCOS, LOG, TANH, DIVIDE	1.989e-14	4	0.4	13.7	True	Root[-32751691810479015985152 + 97143135277377575190528*#1^4 - 73347491183630103871488*#1^6 - 71220809441400405884928*#1^8 + 107155448150443388043264*#1^10 - 72405670285649161617408*#1^12 + 2958015038376958230528*#1^14 + 7449488310131083100160*#1^16 + 797726698866658379776*#1^18 + 2505062311720673792*#1^20 + 2013290651222784*#1^22 + 25937424601*#1^24 &, 2]
905	e^(1/3)	elementary	64	exact	4	x	THREE, INV, EXP	0.000e+00	2	0.4	64.0	True	E^(1/3)
906	unique solution of the equation sum_(p prime)(1/p^x) = 1, a constant related to the asymptotic evaluation of the number 	none	64	not found	12	EULER, TANH, GAMMA, x, DIVIDE	FOUR, LOG, SQR, ARCTAN, ARCCOSH, ARCCOS, SINH	9.901e-14	5	0.4	13.0	True	
907	Myrberg point	none	64	not found	11	ONE, TAN, x, ARCSINH, POWER	EULER, ARCCOSH, NINE, DIVIDE, COS, COSH	3.787e-14	6	0.4	13.4	True	
908	L = Integral_{t=0..1} 1/(1-2t^2/3) dt, an auxiliary constant associated with one of the integral inequalities studied by	elementary	64	exact	8	x	THREE, EIGHT, DIVIDE, SQRT, FIVE, ARCCOSH, DIVIDE	0.000e+00	8	0.4	63.7	True	Sqrt[3/2]*ArcTanh[Sqrt[2/3]]
909	complex Grothendieck constant upper bound	special	64	not found	11	x, EXP, SINH, ARCCOSH, TAN	EULER, SEVEN, TAN, COSH, POWER, GAMMA	1.312e-14	11	0.4	13.9	True	(-EllipticE[-1] + 2*EllipticK[-1])^(-1)
910	1 + 1/(1*3) + 1/(1*3*5) + 1/(1*3*5*7) + 	special	64	not found	12	NINE, TANH, x, SUBTRACT, ARCCOS	NINE, ARCTAN, COSH, EULER, ARCTAN, DIVIDE, COSH	3.022e-14	11	0.4	13.5	True	Sqrt[E*Pi/2] * Erf[1/Sqrt[2]]
911	Pythagoras constant	algebraic	64	exact	3	x	TWO, SQRT	0.000e+00	1	0.4	64.0	True	Sqrt[2]
912	inverse of carefree constant	special	64	not found	12	x, TANH, TAN, SQRT, INV	FIVE, LOG, INV, ARCCOS, ARCCOS, TWO, TIMES	1.267e-13	4	0.4	12.9	True	Product[1 + (-1 + Prime[\[FormalK]] + Prime[\[FormalK]]^2)^(-1), {\[FormalK], 1, Infinity}]
913	Sum_{m >= 0, m not a binary self number} 2^(-m)	none	64	not found	12	x, SQRT, EXP, GAMMA, GAMMA	PI, SEVEN, DIVIDE, ARCTAN, THREE, SQRT, DIVIDE	3.124e-14	7	0.4	13.5	True	
914	expectation of the maximum of a size 8 sample from a normal (0,1) distribution	none	64	not found	12	x, THREE, SUBTRACT, SQR, SQR	GOLDENRATIO, COS, ARCTANH, ARCCOS, TANH, EXP, SINH	1.996e-14	3	0.4	13.7	True	
915	'eta', a constant related to the second order quadratic recurrence q(0)=q(1)=1, q(n)=q(n-2)*(q(n-1)+1)	none	64	not found	12	x, TAN, TWO, ARCCOSH, TIMES	SIX, EULER, SUBTRACT, ARCTAN, EXP, NINE, PLUS	5.171e-14	3	0.4	13.3	True	
916	exp(sqrt(Pi/24))	elementary	64	exact	7	x	TWO, INV, ARCSIN, SQRT, EXP, SQRT	0.000e+00	9	0.4	63.7	True	Exp[Sqrt[Pi/24]]
917	first Lebesgue constant	elementary	64	exact	9	x, THREE, INV, SUBTRACT	NEG, ARCSIN, THREE, SQRT, DIVIDE	0.000e+00	4	0.4	64.0	True	1/3 + (2*Sqrt[3])/Pi
918	Cube root of 3	algebraic	64	exact	4	THREE, x, POWER	THREE	0.000e+00	3	0.4	63.5	True	3^(1/3)
919	log2(e)	elementary	64	exact	4	x	TWO, LOG, INV	0.000e+00	2	0.4	64.0	True	1/Log[2]
920	Steiner number	elementary	64	exact	4	x, LOG	EULER, INV	0.000e+00	2	0.4	63.7	True	E^E^(-1)
921	Khinchin mean K_{-2}	none	64	not found	12	x, SINH, COS, EXP, SINH	PI, SINH, THREE, POWER, ARCTAN, SQRT, ARCCOSH	5.236e-14	4	0.4	13.3	True	
922	Soldner constant	special	64	not found	12	SIX, ARCSINH, x, POWER, ARCSINH	FOUR, INV, SIN, SEVEN, ARCTAN, POWER, COSH	7.466e-14	4	0.4	13.1	True	Root[{LogIntegral[#1] & , 1.4513692348833810502839684858920274494930322836480158630931`30.}]
923	Backhouse's constant	special	64	not found	12	x, NEG, PLUS, ARCSINH, SQR	THREE, COS, ONE, ARCSIN, LOG, LOG, SUBTRACT	1.738e-14	8	0.4	13.8	True	ConditionalExpression[Extension`BackhouseConstant == Limit[Abs[Subscript[\[FormalQ], 1 + \[FormalN]]/Subscript[\[FormalQ], \[FormalN]]], \[FormalN] -> Infinity], Sum[\[FormalZ]^\[FormalK]*Subscript[\[FormalQ], \[FormalK]], {\[FormalK], 0, Infinity}] == (1 + Sum[\[FormalZ]^\[FormalK]*Prime[\[FormalK]], {\[FormalK], 1, Infinity}])^(-1)]
924	AGM(1, 2)	special	64	not found	12	FIVE, x, INV, TAN, POWER	GOLDENRATIO, EIGHT, ARCSINH, SQR, TANH, COS, POWER	3.201e-15	4	0.4	14.5	True	ArithmeticGeometricMean[1, 2]
926	1 - ln(1 - 1/e) (random mappings)	elementary	64	exact	7	x	EULER, NEG, PLUS, LOG, TWO, SUBTRACT	0.000e+00	3	0.4	63.8	True	1 - Log[1 - 1/E]
927	zeta(1/2) (negated)	special	64	not found	12	SIX, ARCCOSH, ARCTAN, x, SUBTRACT	GOLDENRATIO, NEG, ARCSINH, DIVIDE, ARCSIN, ARCTAN, SQR	8.667e-15	9	0.4	14.1	True	-(Zeta[1/2])
928	Baxter's four-coloring constant	special	64	exact	10	x, THREE, INV, GAMMA, DIVIDE	THREE, TWO, DIVIDE, GAMMA, SQR	1.520e-16	5	0.4	63.5	True	3 Gamma[1/3]^3/(4 Pi^2)
929	position of the positive minimum of the gamma function	special	64	not found	12	x, EULER, TIMES, GAMMA, COS	SEVEN, TANH, EIGHT, SIN, TIMES, ARCSIN, GAMMA	1.893e-13	9	0.4	12.7	True	Root[{PolyGamma[0, #1] & , 1.46163214496836234126265954233`29.164838085677864}]
930	log10(29)	elementary	64	exact	9	x, NEG, NINE, SUBTRACT, POWER	FIVE, GAMMA, FIVE, PLUS	0.000e+00	6	0.4	63.6	True	Log[10, 29]
931	cbrt pi	elementary	64	exact	4	THREE, x, POWER	PI	1.516e-16	3	0.4	64.0	True	Pi^(1/3)
932	Supergolden ratio	algebraic	64	not found	12	SEVEN, ARCSINH, x, DIVIDE, ARCCOS	EULER, FIVE, SUBTRACT, ARCCOSH, FIVE, PLUS, COS	6.454e-14	19	0.4	13.2	True	(1 + (29/2 - (3*Sqrt[93])/2)^(1/3) + ((29 + 3*Sqrt[93])/2)^(1/3))/3
933	Porter's constant	special	64	not found	12	x, INV, ARCSIN, ARCTANH, SQR	THREE, INV, SINH, ARCTANH, COSH, TAN, TANH	1.846e-14	10	0.4	13.7	True	-1/2 + (6*Log[2]*(-2 + 4*EulerGamma + 3*Log[2] - (24*Derivative[1][Zeta][2])/Pi^2))/Pi^2
934	Product_{p prime} (1+1/p)^(1/p), an infinite product considered and computed by Marc Deléglise	none	64	not found	11	GOLDENRATIO, x, DIVIDE, ARCSIN, ARCCOSH	SEVEN, ARCSINH, EIGHT, SUBTRACT, LOG, LOG	1.638e-13	9	0.4	12.8	True	
935	variance of the degree (valency) of the root of a random rooted tree with n vertices	none	64	not found	12	THREE, x, ARCCOSH, ARCTANH, DIVIDE	EULER, EIGHT, SQRT, SUBTRACT, ARCSIN, SQRT, SQRT	2.410e-14	6	0.4	13.6	True	
936	constant C such that Sum_{k>=1} 1/C^p(k) = 1 where p(k) is the k-th prime	none	64	not found	11	EIGHT, x, TAN, DIVIDE	EULER, GAMMA, TANH, SQRT, ARCTANH, ARCTAN, SINH	3.610e-15	5	0.4	14.4	True	
937	Landau-Kolmogorov constant C(4,3) for derivatives in the case L_infinity(infinity, infinity)	none	64	exact	7	x	FIVE, INV, FIVE, SUBTRACT, SQRT, SQRT	0.000e+00	8	0.4	63.9	True	
938	coefficient c_md in c_md*log(N)^(1/rho), the asymptotic mean number of distinct factors in a random factorization of n <	none	64	not found	12	x, TANH, COS, SEVEN, TIMES	FIVE, TAN, SIN, EXP, FIVE, SUBTRACT, GAMMA	4.880e-14	4	0.4	13.3	True	
939	Bateman-Grosswald constant zeta(2/3)/zeta(2), a constant (negated) arising in the asymptotic evaluation of the number of	special	64	not found	12	x, ARCSINH, EXP, EXP, SIN	PI, INV, SINH, TANH, ARCSINH, GAMMA, TANH	2.761e-14	4	0.4	13.6	True	-(Zeta[2/3] / Zeta[2])
940	smallest positive root of the function lambda(x) = Sum_{n>=0} (-1)^n*x^n/(2^(n*(n-1)/2)*n!)	none	64	not found	12	GOLDENRATIO, SQR, x, POWER, COSH	PI, SQRT, SINH, PI, ARCCOSH, SINH, TIMES	5.461e-14	4	0.4	13.3	True	
941	log10(31)	elementary	64	exact	9	x, NEG, NINE, SUBTRACT, POWER	FIVE, GAMMA, SEVEN, PLUS	0.000e+00	5	0.4	64.0	True	Log[10, 31]
942	Landau-Kolmogorov constant C(5,4) for derivatives in the case L_infinity(-infinity, infinity)	none	64	exact	7	FIVE, x, POWER	TWO, INV, SEVEN, PLUS	0.000e+00	2	0.4	63.5	True	
943	lim_{n -> infinity} A001699(n)^(1/2^n)	none	64	not found	12	SIX, SINH, ARCTAN, x, POWER	EIGHT, SEVEN, COSH, DIVIDE, LOG, EIGHT, DIVIDE	4.506e-14	21	0.4	13.3	True	
944	hard square entropy constant	none	44	not found	12	x, SQR, SIN, ARCTAN, ARCTANH	NINE, SIN, SINH, GAMMA, LOG, TAN, SIN	7.431e-14	22	0.4	13.1	True	
945	Greenfield-Nussbaum constant	none	64	not found	12	x, ARCCOSH, GAMMA, ARCCOSH, SINH	THREE, TAN, COSH, COSH, LOG, SQR, SIN	8.983e-15	13	0.4	14.0	True	
946	Selberg-Delange constant Product_{prime p > 2} (1 + 1/(p(p-2)))	none	64	not found	12	GOLDENRATIO, SIN, x, TIMES, ARCSINH	EIGHT, INV, TAN, SIN, SINH, ARCCOS, SQRT	2.521e-14	44	0.4	13.6	True	
947	value of Watson's integral	special	64	not found	12	NINE, x, TAN, DIVIDE, SIN	TWO, ARCTAN, GOLDENRATIO, NINE, SUBTRACT, LOG, SUBTRACT	1.120e-13	36	0.4	13.0	True	Sqrt[6]/32/Pi^3*Gamma[1/24]*Gamma[5/24]*Gamma[7/24]*Gamma[11/24]
948	(Glaisher^12/(2^(4/3) * Pi * e^EulerGamma))^(Pi^2/8)	special	64	not found	11	SIX, x, TAN, DIVIDE	SIX, TAN, SQR, ARCTANH, COS, SINH, EXP	1.915e-14	11	0.4	13.7	True	(Glaisher^12/(2^(4/3)Pi E^EulerGamma))^(Pi^2/8)
949	Bateman-Stemmler constant	special	64	not found	12	x, NINE, TIMES, COS, GAMMA	NINE, LOG, TANH, SQR, SEVEN, PLUS, LOG	1.313e-15	11	0.4	14.9	True	Product[(1 - (2 + KroneckerSymbol[-3, Prime[\[FormalK]]])/Prime[\[FormalK]])/(1 - Prime[\[FormalK]]^(-1))^2, {\[FormalK], 1, Infinity}]
950	equianharmonic Weierstrass elliptic ω_2 constant	special	64	exact	10	x, PI, TIMES	FOUR, THREE, THREE, INV, GAMMA, POWER, DIVIDE	0.000e+00	3	0.4	64.0	True	Gamma[1/3]^3/(4*Pi)
951	exp(7*zeta(3)/(2*Pi^2))	special	64	not found	12	EIGHT, x, ARCTAN, POWER, ARCCOS	PI, GOLDENRATIO, ARCSINH, COS, COSH, DIVIDE, ARCTANH	1.595e-14	1	0.4	13.8	True	Exp[7*Zeta[3]/(2*Pi^2)]
952	Sum_{n>=1} 1/Fibonacci(2*n)	none	64	not found	12	SEVEN, ARCSINH, x, POWER, GAMMA	GOLDENRATIO, GAMMA, SINH, TWO, SQRT, COSH, POWER	1.122e-13	1	0.4	12.9	True	
953	Lieb's square ice constant	algebraic	64	exact	7	x	SEVEN, INV, ARCTANH, THREE, TIMES, EXP	0.000e+00	16	0.4	63.7	True	8/(3*Sqrt[3])
954	Madelung 2D hexagonal lattice constant	special	64	not found	12	FOUR, INV, GAMMA, x, POWER	SIX, ARCCOSH, NINE, SINH, TIMES, ARCTAN, EXP	7.818e-14	3	0.4	13.1	True	(-3 + Sqrt[3])*Zeta[1/2]*(Zeta[1/2, 1/6] + (1 - Sqrt[2])*Zeta[1/2, 1/3])
955	cosh one	elementary	64	exact	3	x	NEG, COSH	0.000e+00	1	0.4	63.7	True	Cosh[1]
956	maximal width of a Reuleaux triangle avoiding all vertices of the integer square lattice	none	64	not found	12	x, ARCSINH, ARCSINH, LOG, ARCCOS	GOLDENRATIO, COSH, ARCTAN, COSH, ARCSINH, TAN, LOG	1.308e-13	1	0.4	12.9	True	
957	Integral_{x=0..Pi/2} (x^2/sin(x)) dx	special	64	not found	12	THREE, PI, x, POWER, SUBTRACT	TWO, ARCTAN, INV, COS, GAMMA, TANH, SQRT	4.203e-14	2	0.4	13.4	True	2*Pi*Catalan - 7*Zeta[3]/2
958	D(1/2), where D(x) is the infinite product function defined in the formula section (or in the Finch reference)	none	64	not found	12	x, FIVE, SQRT, SUBTRACT, ARCSINH	FOUR, EXP, EIGHT, DIVIDE, COS, ARCSINH, COS	5.776e-14	9	0.4	13.2	True	
959	Calabi ratio	algebraic	64	not found	12	GOLDENRATIO, GAMMA, x, SUBTRACT, EXP	SEVEN, TAN, SQR, ARCSINH, LOG, SIN, ARCCOS	2.920e-14	2	0.4	13.5	True	1/3 + 11/(3*2^(1/3)*(-23 + (3*I)*Sqrt[237])^(1/3)) + (-23 + (3*I)*Sqrt[237])^(1/3)/(3*2^(2/3))
960	sqrt(sqrt(2) + 1)	algebraic	64	exact	5	x	ONE, ARCSINH, EXP, SQRT	0.000e+00	3	0.4	63.7	True	Sqrt[Sqrt[2] + 1]
961	c, a constant appearing in the asymptotic lower bound of the size of a restricted difference set	none	64	not found	12	x, COSH, EXP, COS, INV	FOUR, EXP, ARCSINH, LOG, ARCCOSH, SQR, SINH	1.689e-13	2	0.4	12.8	True	
962	triangular root of two	algebraic	64	exact	7	x	FOUR, INV, ARCSINH, EXP, TWO, DIVIDE	0.000e+00	5	0.4	63.5	True	(-1 + Sqrt[17])/2
963	log10(37)	elementary	64	exact	8	x, THREE, ARCSINH, COSH, POWER	SIX, ARCSINH, COSH	1.416e-16	2	0.4	63.9	True	Log[10, 37]
964	2*Sum_{k=1..50000} (-1)^(k-1)/(2k-1)	special	64	false positive	7	x	FIVE, NEG, NINE, SUBTRACT, POWER, ARCTAN	4.241e-16	1	0.4	15.4	True	2*Sum[(-1)^(k - 1)/(2*k - 1), {k, 1, 50000}]
965	Favard constant	elementary	64	exact	3	x	ONE, ARCSIN	0.000e+00	1	0.4	64.0	True	Pi/2
966	10^(1/5)	algebraic	64	exact	6	FIVE, x, POWER	NEG, NINE, SUBTRACT	0.000e+00	2	0.4	63.7	True	10^(1/5)
967	Sierpiński triangle fractal dimension	elementary	64	exact	4	x, FOUR, POWER	NINE	0.000e+00	3	0.4	63.5	True	Log[3]/Log[2]
968	Erdős–Borwein constant	special	64	not found	12	x, SQR, LOG, TAN, EXP	ONE, SIN, SIN, EXP, TANH, FIVE, SUBTRACT	1.935e-14	11	0.4	13.7	True	(Log[2] - QPolyGamma[0, 1, 1/2])/Log[2]
969	ln(5)	elementary	64	exact	3	x	FIVE, LOG	0.000e+00	1	0.4	63.5	True	Log[5]
970	exponential primorial constant	none	64	exact	12	TWO, THREE, DIVIDE, x, SUBTRACT	NINE, FIVE, POWER, INV, NINE, INV, PLUS	0.000e+00	21	0.4	64.0	True	
971	Cbrt[4π/3]	elementary	64	exact	6	THREE, x, POWER, TAN	THREE, SQRT	0.000e+00	7	0.4	63.6	True	CubeRoot[4*Pi/3]
972	log10(41)	elementary	64	exact	9	x, NEG, NINE, SUBTRACT, POWER	SIX, SQR, FIVE, PLUS	0.000e+00	12	0.4	64.0	True	Log[10, 41]
973	z_tri, a constant related to the enumeration of spanning trees on the triangular lattice (this is different from A242968	none	64	not found	12	x, LOG, GAMMA, EXP, COS	PI, ARCCOSH, NINE, ARCSINH, GAMMA, DIVIDE, GAMMA	1.314e-13	17	0.4	12.9	True	
974	Madelung's constant M2	none	64	not found	11	x, LOG, ARCTANH, ARCCOS	EULER, TANH, EIGHT, COS, TIMES, COSH, SQR	2.584e-14	20	0.4	13.6	True	
975	Golden ratio	algebraic	64	exact	2	x	GOLDENRATIO	0.000e+00	1	0.4	63.7	True	GoldenRatio
976	Odlyzko-Wilf constant	special	64	not found	11	x, COS, GOLDENRATIO, TANH, SUBTRACT	SIX, SIN, EULER, ARCCOSH, ARCCOSH, POWER	1.382e-14	19	0.4	13.9	True	ConditionalExpression[Extension`OdlyzkoWilfConstant == Limit[(2/3)^\[FormalN]*\[FormalS][\[FormalN]], \[FormalN] -> Infinity], \[FormalS][0] == 0 && \[FormalS][\[FormalN]] == 1 + Floor[(3*\[FormalS][-1 + \[FormalN]])/2]]
977	Product_{n>=1} (2n/(2n+1))^((-1)^t(n)), where t(n) = A010060(n) is the Thue-Morse sequence	none	64	not found	12	THREE, INV, SIN, x, DIVIDE	EULER, SQR, GOLDENRATIO, DIVIDE, COS, FOUR, PLUS	4.596e-14	31	0.4	13.3	True	
978	log10(43)	elementary	64	exact	9	x, NEG, NINE, SUBTRACT, POWER	SIX, SQR, SEVEN, PLUS	0.000e+00	15	0.4	64.0	True	Log[10, 43]
979	Erdős-Cohen constant	special	64	not found	12	x, SQR, TAN, TWO, TIMES	SEVEN, SIN, LOG, GAMMA, ONE, SUBTRACT, SIN	1.103e-13	23	0.4	13.0	True	Sum[1/(Prime[\[FormalK]]*Log[Prime[\[FormalK]]]), {\[FormalK], 1, Infinity}]
980	2nd Lebesgue constant L2	elementary	64	not found	12	x, ARCCOSH, INV, COS, LOG	FIVE, TAN, INV, TAN, TAN, GOLDENRATIO, TIMES	3.123e-14	17	0.4	13.5	True	1/5 + Sqrt[25 - 2*Sqrt[5]]/Pi
981	Riemann ζ of 2	elementary	64	exact	5	x	SIX, PI, SQR, DIVIDE	0.000e+00	2	0.4	63.6	True	Pi^2/6
982	Product_{k>=0} (1+1/2^(2k))^(1/2)	special	64	not found	12	x, GAMMA, SINH, ARCCOSH, ARCSINH	EIGHT, INV, PI, SUBTRACT, ARCTAN, LOG, SINH	9.102e-14	14	0.4	13.0	True	Sqrt[Product[1 + 1/2^(2*k), {k, 0, Infinity}]]
983	square root of e	elementary	64	exact	3	x	EULER, SQRT	0.000e+00	1	0.4	63.7	True	Sqrt[E]
984	minimum value of the function s(t) = (Pi + 2*sqrt(1 + t^2))/(1 + Pi/2 + t) for t > 0	elementary	64	exact	11	TWO, x, DIVIDE, ARCTANH	PI, TWO, PLUS, SQRT, ONE, PLUS, LOG	0.000e+00	11	0.4	63.8	True	2(Pi+Pi^2+Sqrt[8+Pi^3+4Pi(3+Sqrt[2+Pi])+Pi^2(7+2Sqrt[2+Pi])])/(4+Pi^2+Pi(4+Sqrt[2+Pi]))
985	Somos' quadratic recurrence constant	special	64	not found	12	x, LOG, LOG, COS, GAMMA	EIGHT, ARCSINH, ARCSINH, NINE, TAN, COSH, POWER	1.376e-14	10	0.4	13.9	True	E^(-Derivative[1, 0][PolyLog][0, 1/2])
986	Hermite's constant gamma_6 = 2/3^(1/6)	algebraic	64	exact	6	SIX, x, TWO, DIVIDE, POWER	THREE	0.000e+00	8	0.4	63.6	True	2/3^(1/6)
987	log10(47)	elementary	64	exact	9	x, NEG, NINE, SUBTRACT, POWER	TWO, SEVEN, SQR, SUBTRACT	0.000e+00	11	0.4	63.8	True	Log[10, 47]
988	a constant related to A000621 and A000624	none	64	not found	12	x, NINE, SUBTRACT, COS, SIN	EIGHT, SIN, SIN, EXP, ARCSINH, LOG, ARCTANH	2.007e-14	14	0.4	13.7	True	
989	zeta(3/5) * zeta(4/5) * Product_{p prime} (1 - 1/p^(8/5) - 1/p^(9/5) - 1/p^2 + 1/p^(13/5) + 1/p^(14/5))	none	64	not found	11	SEVEN, COS, x, SUBTRACT	THREE, ARCSINH, TAN, EULER, SUBTRACT, SIN, COS	2.323e-14	12	0.4	13.6	True	
990	1 + log(2*Pi) - 2*gamma, where gamma is Euler's constant (A001620)	special	64	not found	12	x, ARCCOSH, TAN, INV, TAN	GOLDENRATIO, COSH, PI, COSH, ARCTAN, DIVIDE, ARCSINH	7.531e-14	12	0.4	13.1	True	1 + Log[2*Pi] - 2*EulerGamma
991	maximal circumradius of a planar convex set containing no lattice point except for the origin where it has its circumcen	none	64	not found	11	x, TAN, SEVEN, TAN, POWER	FIVE, ARCCOSH, INV, COSH, SQR, EXP	1.740e-14	15	0.4	13.8	True	
992	Sum_{k>=0} 1/A007018(k)	none	64	not found	11	x, TWO, DIVIDE, TANH	FIVE, COS, ARCCOS, TANH, SIN, SIN, SQRT	6.565e-15	17	0.4	14.2	True	
993	Niven's constant	special	64	not found	12	EULER, COS, x, SUBTRACT, GAMMA	PI, SQR, ARCSINH, ARCTAN, INV, SQRT, ARCTANH	2.735e-14	17	0.4	13.6	True	1 + Sum[1 - Zeta[n]^(-1), {n, 2, Infinity}]
994	Pi^2/(12*log(phi))	elementary	64	exact	7	TWO, ARCSINH, x, TIMES	NEG, ARCSIN, SQR	0.000e+00	4	0.4	63.6	True	Pi^2/(12*Log[GoldenRatio])
995	log10(53)	elementary	64	exact	9	x, NEG, NINE, SUBTRACT, POWER	SEVEN, SQR, FOUR, PLUS	0.000e+00	13	0.4	63.9	True	Log[10, 53]
996	Kalmar ρ composition constant	special	64	not found	11	FIVE, LOG, x, SUBTRACT	EULER, SIN, ARCSIN, LOG, EIGHT, DIVIDE, TAN	1.089e-13	18	0.4	13.0	True	Root[{-2 + Zeta[#1] & , 1.7286472389981836181351030103`29.237706376855613}]
997	Theodorus constant	algebraic	64	exact	3	x	THREE, SQRT	0.000e+00	1	0.4	63.6	True	Sqrt[3]
998	reciprocal of Euler γ	special	64	not found	12	SIX, TANH, x, PLUS, SIN	FOUR, ARCTAN, ARCTAN, COS, NINE, TANH, SUBTRACT	1.418e-13	18	0.4	12.8	True	EulerGamma^(-1)
999	1/A347901	none	64	not found	12	THREE, ARCTAN, ARCSINH, x, TIMES	GOLDENRATIO, ARCTAN, SIX, ARCCOSH, POWER, SINH, LOG	1.190e-14	20	0.4	13.9	True	
1000	sqrt(2*Pi)*log(2), a constant associated with asymptotic evaluation of random mapping statistics	elementary	64	exact	7	FOUR, LOG, x, DIVIDE, SQR	ONE, ARCSIN	0.000e+00	5	0.4	64.0	True	Sqrt[2*Pi]*Log[2]
1001	value of a nonregular continued fraction giving tau/(3*tau-1), where tau is the Prouhet-Thue-Morse constant	none	64	not found	12	GOLDENRATIO, FOUR, PLUS, x, POWER	GOLDENRATIO, TWO, POWER, LOG, FIVE, SQR, DIVIDE	1.086e-14	23	0.4	14.0	True	
1002	'tau' (named sigma_2 by C. Pomerance), a constant associated with the expected number of random elements to generate a f	none	64	not found	12	x, FIVE, SUBTRACT, GAMMA, ARCTAN	FOUR, COSH, LOG, GAMMA, COS, COSH, SQRT	2.250e-13	25	0.4	12.6	True	
1003	Khinchin harmonic mean	special	64	not found	12	PI, NINE, DIVIDE, x, POWER	THREE, COS, SINH, SQR, ARCTAN, FOUR, PLUS	7.251e-15	20	0.4	14.1	True	ConditionalExpression[Extension`KhinchinHarmonicMeanConstant == Limit[\[FormalN]/Sum[Subscript[\[FormalA], \[FormalK]]^(-1), {\[FormalK], 1, \[FormalN]}], \[FormalN] -> Infinity], Element[Subscript[\[FormalA], \[FormalK]], Integers] && Subscript[\[FormalA], \[FormalK]] > 0]
1004	Madelung constant (negated) for NaCl structure	special	64	not found	12	SIX, COS, TANH, x, SUBTRACT	FIVE, SINH, INV, FIVE, LOG, POWER, SQRT	8.030e-14	15	0.4	13.1	True	12Pi*Sum[ Sech[Pi/2*Sqrt[(2j + 1)^2 + (2k + 1)^2]]^2, {j, 0, 40}, {k, 0, 40}]
1005	continued fraction expansion [1; 1/2, 1/3, 1/4, 1/5, 1/6, ...]	elementary	64	exact	5	x, INV	ONE, SIN, ARCCOS	0.000e+00	4	0.4	64.0	True	2/(Pi - 2)
1006	Feller coin-tossing constant	algebraic	64	not found	12	x, ARCCOSH, TAN, SEVEN, TIMES	TWO, LOG, COS, TANH, GAMMA, EXP, SQR	3.707e-14	17	0.4	13.4	True	(2 + (25 - 3*Sqrt[69])^(1/3)/2^(1/3) + (25 + 3*Sqrt[69])^(1/3)/2^(1/3))/3
1007	nested radical constant	special	64	not found	12	x, ARCSINH, EXP, TAN, TAN	PI, EULER, ARCSINH, SQR, COS, SQR, POWER	2.703e-14	16	0.4	13.6	True	Limit[Fold[Sqrt[#1 + #2] & , Sqrt[1 + \[FormalN]], Table[\[FormalI], {\[FormalI], \[FormalN], 1, -1}]], \[FormalN] -> Infinity]
1008	log 180/π	elementary	64	exact	11	x, THREE, ARCTAN, COS, POWER	SIX, FIVE, PI, DIVIDE, SQRT, DIVIDE	0.000e+00	11	0.4	64.0	True	Log10[180/Pi]
1009	Product_{n>1} (1+1/n)^(1/n)	none	64	not found	12	x, TWO, ARCCOSH, SUBTRACT, ARCCOS	FIVE, SIN, TWO, PLUS, SQRT, TWO, POWER	2.260e-14	15	0.4	13.6	True	
1010	constant x such that x^x = e. Inverse of W(1), where W is Lambert's function	special	64	not found	12	x, COS, ARCSINH, THREE, TIMES	EULER, TAN, TAN, EULER, ARCCOSH, COS, PLUS	6.460e-14	16	0.4	13.2	True	1/ProductLog[1]
1011	'b', an optimal stopping constant associated with the secretary problem when the objective is to maximize the hiree's ex	none	64	not found	12	GOLDENRATIO, SQRT, x, SINH, DIVIDE	SEVEN, TAN, SQR, PI, POWER, SQRT, SINH	2.185e-13	21	0.4	12.7	True	
1012	log10(59)	elementary	64	exact	9	x, NEG, NINE, SUBTRACT, POWER	FIVE, EIGHT, SQR, SUBTRACT	0.000e+00	18	0.4	63.8	True	Log[10, 59]
1013	Sierpiński's S^ (Ŝ or "S hat" as named by S. Finch), a constant appearing in the asymptotics of the number of representa	none	64	not found	12	x, GOLDENRATIO, TIMES, LOG, ARCCOSH	THREE, COS, FIVE, TAN, SQR, ARCCOSH, POWER	6.457e-14	16	0.4	13.2	True	
1014	Carlson-Levin constant	elementary	64	exact	3	x	PI, SQRT	1.253e-16	1	0.4	64.0	True	Sqrt[Pi]
1015	angle in radians at the apex of the Calabi triangle	none	64	not found	12	GOLDENRATIO, COSH, INV, x, SUBTRACT	EULER, EXP, SIX, DIVIDE, ARCCOS, ARCTAN, COSH	1.276e-13	21	0.4	12.9	True	
1016	10^(1/4)	algebraic	64	exact	5	x	THREE, ARCSINH, COSH, SQRT	0.000e+00	3	0.4	63.9	True	10^(1/4)
1017	3rd Lebesgue constant L3	elementary	64	not found	12	x, SQR, GAMMA, COS, GAMMA	FIVE, FOUR, FIVE, COS, GAMMA, DIVIDE, SUBTRACT	2.035e-14	15	0.4	13.7	True	(3*Pi-14*Cos[Pi/14]+70*Cos[3*Pi/14]+154*Sin[Pi/7])/(21*Pi)
1018	exponential of Euler γ	special	64	not found	12	x, ONE, SUBTRACT, ARCTANH, ARCSINH	SEVEN, FOUR, TAN, SUBTRACT, TANH, TAN, TANH	3.516e-14	15	0.4	13.5	True	E^EulerGamma
1019	conjectured upper bound on Grothendieck's constant	elementary	64	exact	5	x	THREE, ARCCOSH, PI, DIVIDE	0.000e+00	2	0.4	64.0	True	Pi/(2*Log[1 + Sqrt[2]])
1020	log10(61)	elementary	64	exact	9	x, NEG, NINE, SUBTRACT, POWER	THREE, EIGHT, SQR, SUBTRACT	0.000e+00	12	0.4	63.7	True	Log[10, 61]
1021	Silverman constant	special	64	not found	12	SEVEN, SIN, x, ARCSINH, SUBTRACT	PI, FOUR, COS, ARCSIN, INV, COSH, DIVIDE	1.769e-13	19	0.4	12.8	True	Sum[1/(DivisorSigma[1, \[FormalK]]*EulerPhi[\[FormalK]]), {\[FormalK], 1, Infinity}]
1022	Komornik–Loreti constant	special	64	not found	12	x, ONE, PLUS, GAMMA, SQR	GOLDENRATIO, ARCCOSH, SIN, SINH, COS, FIVE, TIMES	1.739e-14	21	0.4	13.8	True	Root[{Product[1 - 1/#1^2^\[FormalK], {\[FormalK], 0, Infinity}] - (2 - #1)/(#1 - 1) & , 1.7872316501829659330132`22.252180846784352}]
1023	2D dimer constant	special	64	not found	12	x, EIGHT, ARCTAN, EXP, SUBTRACT	NINE, TANH, SINH, SINH, EULER, TANH, PLUS	1.636e-14	19	0.4	13.8	True	E^((2*Catalan)/Pi)
1024	ln(6)	elementary	64	exact	3	x	SIX, LOG	0.000e+00	1	0.4	64.0	True	Log[6]
1026	Hermite's constant gamma_7 = 2^(6/7)	algebraic	64	exact	5	SEVEN, x, POWER	EIGHT, SQR	0.000e+00	3	0.4	63.9	True	2^(6/7)
1027	limit of a recursive sequence connected to the Plastic constant (A060006)	none	64	not found	12	x, INV, ARCSIN, ARCTAN, SQR	SIX, SQRT, TAN, COS, NINE, SIN, TIMES	3.911e-14	22	0.4	13.4	True	
1028	sqrt((3+sqrt(13))/2), a constant related to the asymptotic evaluation of the number of self-avoiding rook paths joining 	algebraic	64	exact	7	x	TWO, THREE, DIVIDE, ARCSINH, EXP, SQRT	0.000e+00	4	0.4	64.0	True	Sqrt[(3 + Sqrt[13])/2]
1029	Masser-Gramain constant conjectured value	special	64	not found	12	x, COS, ARCTAN, COSH, SQR	TWO, SIN, GAMMA, TANH, COS, LOG, COSH	6.091e-15	22	0.4	14.2	True	1 + 2*EulerGamma + 2*Log[2] + 3*Log[Pi] - 4*Log[Gamma[1/4]]
1030	log10(67)	elementary	64	exact	9	x, NEG, NINE, SUBTRACT, POWER	EIGHT, SQR, THREE, PLUS	0.000e+00	13	0.4	63.6	True	Log[10, 67]
1031	two times the Catalan constant	special	64	not found	12	NINE, ARCTAN, TANH, x, SUBTRACT	GOLDENRATIO, TAN, FIVE, PLUS, INV, THREE, POWER	5.406e-14	17	0.4	13.3	True	2 Catalan
1032	ln(2 pi)	elementary	64	exact	5	x, EXP	PI, PI, PLUS	0.000e+00	2	0.4	64.0	True	Log[2*Pi]
1033	Tribonacci constant	algebraic	64	not found	12	x, ARCCOSH, NINE, POWER, SIN	SIX, SIN, ARCTAN, COSH, ONE, ARCSINH, TIMES	8.040e-14	38	0.4	13.1	True	(1 + (19 - 3*Sqrt[33])^(1/3) + (19 + 3*Sqrt[33])^(1/3))/3
1034	4th Madelung constant (negated)	special	64	not found	12	SIX, COS, x, POWER, SINH	THREE, INV, ARCCOS, NEG, SUBTRACT, TANH, ARCCOS	2.994e-14	38	0.4	13.5	True	8*(5 - 3*Sqrt[2])*Zeta[1/2]*Zeta[-1/2]
1035	Landau-Kolmogorov constant	algebraic	64	exact	11	x, THREE, SQRT, DIVIDE	THREE, INV, TWO, EIGHT, SQRT, SUBTRACT, POWER	2.408e-16	11	0.4	64.0	True	Sqrt[3]/(2^(1/3)*(-1 + Sqrt[2])^(1/3))
1036	Connective constant	algebraic	64	exact	6	x	TWO, SQRT, TWO, PLUS, SQRT	0.000e+00	3	0.4	63.6	True	Sqrt[2 + Sqrt[2]]
1037	log10(71)	elementary	64	exact	9	x, NEG, NINE, SUBTRACT, POWER	EIGHT, SQR, SEVEN, PLUS	0.000e+00	10	0.4	64.0	True	Log[10, 71]
1038	Integral_{x=0..Pi} (sin(x)/x) dx	special	64	not found	12	x, COS, EXP, SQRT, SINH	EIGHT, EXP, COS, TAN, TANH, COSH, SIN	1.297e-13	16	0.4	12.9	True	SinIntegral[Pi]
1039	Gauss lemniscate constant	special	64	exact	10	x, FOUR, TIMES	PI, SQRT, FOUR, INV, GAMMA, SQR, DIVIDE	0.000e+00	7	0.4	64.0	True	Gamma[1/4]^2/(4*Sqrt[Pi])
1040	spiral of Theodorus constant	special	64	not found	12	FOUR, x, SINH, SUBTRACT, SINH	THREE, NINE, TANH, SIN, SIN, SUBTRACT, TANH	4.083e-14	15	0.4	13.4	True	Sum[1/((1 + \[FormalK])*Sqrt[\[FormalK]]), {\[FormalK], 1, Infinity}]
1041	log10(73)	elementary	64	exact	9	x, NEG, NINE, SUBTRACT, POWER	EIGHT, SQR, NINE, PLUS	0.000e+00	11	0.4	63.6	True	Log[10, 73]
1042	expected reciprocal Euclidean distance between two random points in the unit cube	none	64	not found	12	x, ARCSINH, EXP, COS, TANH	GOLDENRATIO, LOG, FOUR, POWER, SIX, TAN, TIMES	2.548e-14	18	0.4	13.6	True	
1043	log10(79)	elementary	64	exact	9	x, NEG, NINE, SUBTRACT, POWER	TWO, NINE, SQR, SUBTRACT	0.000e+00	12	0.4	63.8	True	Log[10, 79]
1045	Boyd constant	special	64	not found	12	x, SQR, TAN, GAMMA, SINH	TWO, ARCSINH, NINE, COSH, LOG, DIVIDE, ARCSINH	8.390e-14	39	0.4	13.1	True	Exp[(9 - PolyGamma[1, 2/3] + PolyGamma[1, 4/3])/(2*Pi*Sqrt[3])]
1046	M_5, the 5-dimensional analog of Madelung's constant (negated)	none	32	not found	12	x, EXP, SIN, TAN, EXP	THREE, SQRT, LOG, ARCTANH, FOUR, TANH, DIVIDE	7.013e-14	18	0.4	13.2	True	
1047	6/π	elementary	64	exact	4	x	PI, SIX, DIVIDE	0.000e+00	1	0.4	63.8	True	6/Pi
1048	tetrahedral bond angle	elementary	64	exact	4	x, TAN, SQR	EIGHT	0.000e+00	6	0.4	63.7	True	ArcCos[-1/3]
1049	log10(83)	elementary	64	exact	9	x, NEG, NINE, SUBTRACT, POWER	NINE, SQR, TWO, PLUS	0.000e+00	11	0.4	63.6	True	Log[10, 83]
1050	tetranacci constant	algebraic	64	not found	12	x, SQR, SIN, ARCTAN, ARCTANH	ONE, ARCSINH, GAMMA, GAMMA, NINE, SIN, SUBTRACT	6.336e-15	27	0.4	14.2	True	Root[-1 - #1 - #1^2 - #1^3 + #1^4 & , 2]
1052	Omega prime-generating constant	none	64	not found	12	x, TWO, SUBTRACT, ARCSINH, TAN	PI, COSH, SIX, SQRT, PLUS, INV, ARCSIN	3.120e-14	22	0.4	13.5	True	
1053	first moment of the reciprocal gamma distribution	none	64	not found	12	x, EXP, COS, SQR, GAMMA	FIVE, TAN, COS, SIX, POWER, ARCSIN, ARCCOS	3.615e-14	28	0.4	13.4	True	
1054	Euler totient A constant	special	64	not found	12	x, EULER, GAMMA, DIVIDE, SQR	GOLDENRATIO, SINH, SINH, TANH, EULER, PLUS, TAN	9.825e-15	39	0.4	14.0	True	(315*Zeta[3])/(2*Pi^4)
1055	ln(7)	elementary	64	exact	3	x	SEVEN, LOG	0.000e+00	1	0.4	64.0	True	Log[7]
1056	C_4, a constant related to sharp inequalities for the product of 4 polynomials, which was introduced by David Boyd	none	64	not found	12	x, EXP, TAN, SIN, TAN	FIVE, EULER, TWO, TANH, DIVIDE, POWER, COS	5.003e-14	24	0.4	13.3	True	
1057	log10(89)	elementary	64	exact	9	x, NEG, NINE, SUBTRACT, POWER	NINE, SQR, EIGHT, PLUS	0.000e+00	16	0.4	64.0	True	Log[10, 89]
1058	Z score	special	64	not found	12	THREE, SQRT, SQRT, x, POWER	GOLDENRATIO, COSH, TANH, SQRT, ARCSIN, GAMMA, EXP	1.190e-13	57	0.4	12.9	True	Sqrt[2]*InverseErf[19/20]
1059	reciprocal Lucas constant	special	64	not found	12	THREE, SIN, COSH, x, POWER	SEVEN, INV, EXP, COSH, SQR, SIX, DIVIDE	2.410e-14	65	0.4	13.6	True	(-1 + EllipticTheta[3, 0, GoldenRatio^(-2)]^2)/4 + (7*Log[GoldenRatio] - Log[1 + GoldenRatio^2] - QPolyGamma[0, 1, GoldenRatio^(-4)] + 4*QPolyGamma[0, 1, GoldenRatio^(-2)] - 4*QPolyGamma[0, 1, GoldenRatio^(-1)])/(4*Log[GoldenRatio])
1060	M_6, the 6th Madelung constant	none	64	not found	12	x, COS, EXP, ARCCOS, TAN	EIGHT, SIN, SQRT, EXP, INV, TAN, COSH	1.378e-14	67	0.4	13.9	True	
1061	pentanacci constant	algebraic	64	not found	12	EIGHT, SIN, x, SUBTRACT, SQR	GOLDENRATIO, ARCSINH, INV, TANH, EXP, ARCTAN, GAMMA	4.789e-14	65	0.4	13.3	True	Root[-1 - #1 - #1^2 - #1^3 - #1^4 + #1^5 & , 1]
1062	C_5, a constant related to sharp inequalities for the product of 5 polynomials, which was introduced by David Boyd	none	64	not found	12	GOLDENRATIO, x, SUBTRACT, SEVEN, POWER	FOUR, TANH, ARCCOS, EXP, GAMMA, TWO, POWER	2.630e-14	55	0.4	13.6	True	
1063	C_6, a constant related to sharp inequalities for the product of 6 polynomials, which was introduced by David Boyd	none	64	not found	12	x, LOG, ARCSIN, ARCTAN, SINH	PI, ARCCOSH, LOG, COS, TANH, ARCCOS, ARCTAN	1.571e-13	24	0.4	12.8	True	
1064	Gamma''(1)	none	64	not found	12	x, EXP, COS, INV, SIN	PI, ARCSINH, COS, COSH, TAN, COS, COS	4.827e-15	43	0.4	14.3	True	
1065	hexanacci constant	algebraic	64	not found	12	x, GOLDENRATIO, DIVIDE, ARCSIN, ARCCOS	SEVEN, INV, COS, TAN, EXP, ARCTAN, LOG	1.354e-14	24	0.4	13.9	True	Root[-1 - #1 - #1^2 - #1^3 - #1^4 - #1^5 + #1^6 & , 2]
1066	log10(97)	elementary	64	exact	10	x, NEG, NINE, SUBTRACT, POWER	FOUR, SQR, NINE, SQR, PLUS	0.000e+00	25	0.4	64.0	True	Log[10, 97]
1067	heptanacci constant	algebraic	64	not found	11	x, EXP, NINE, SUBTRACT	GOLDENRATIO, COSH, LOG, TANH, ARCCOS, SQR, GAMMA	1.538e-14	38	0.4	13.8	True	Root[-1 - #1 - #1^2 - #1^3 - #1^4 - #1^5 - #1^6 + #1^7 & , 1]
1068	integral_{x=0..Infinity} 1/x^x dx	none	64	not found	12	x, THREE, POWER, COS, SIN	TWO, THREE, ARCSINH, NEG, PLUS, INV, SUBTRACT	2.192e-14	33	0.4	13.7	True	
1069	Two	rational	64	exact	2	x	TWO	0.000e+00	1	0.4	64.0	True	2
1070	M_7, the 7-dimensional analog of Madelung's constant (negated)	none	64	not found	12	x, GAMMA, ARCTAN, ARCTANH, COS	TWO, COS, TANH, NINE, POWER, ARCTANH, ARCTANH	1.017e-13	28	0.4	13.0	True	
1071	Sierpiński's S~ (S "tilde" as named by S. Finch), a constant appearing in the asymptotics of the number of representatio	none	64	not found	12	PI, SINH, x, PLUS, TAN	SIX, COS, SQRT, FIVE, POWER, ARCCOSH, ARCSINH	4.360e-14	28	0.4	13.4	True	
1072	solution to the Lane-Emden equation for a sphere of polytropic index n = 3	none	32	not found	12	x, COSH, TAN, TWO, PLUS	SIX, SINH, SQRT, FIVE, SQR, DIVIDE, SINH	2.398e-14	28	0.4	13.6	True	
1073	least x > 0 satisfying x + tan(x) = 0	none	64	not found	12	x, GAMMA, SQRT, COSH, COS	SEVEN, GOLDENRATIO, SIN, DIVIDE, SINH, SIN, SQR	7.880e-15	54	0.4	14.1	True	
1074	figure-eight knot hyperbolic volume	special	64	not found	12	x, ARCTAN, SQR, FIVE, TIMES	GOLDENRATIO, EULER, SQRT, DIVIDE, ARCCOSH, SIX, PLUS	5.010e-14	32	0.4	13.3	True	((-2*Pi^2 + 3*PolyGamma[1, 1/3])*Sqrt[3])/9
1075	QRS associated constant	special	64	not found	12	x, COSH, TWO, TAN, PLUS	GOLDENRATIO, GOLDENRATIO, GAMMA, ARCCOS, GAMMA, POWER, ARCCOSH	7.844e-15	39	0.4	14.1	True	Zeta[3/2, Root[{Zeta[1/2, #1/2] & , 0.605443657196732749478922842447`29.782073733759695}]/2]/4
1076	'beta', a constant appearing in the random links Traveling Salesman Problem	none	64	not found	12	x, COS, FIVE, TIMES, TAN	PI, LOG, SIN, ARCTANH, ARCCOSH, ARCSIN, SQRT	2.045e-14	30	0.4	13.7	True	
1077	Lüroth analog of Lévy constant	special	64	not found	12	PI, x, DIVIDE, ARCSIN, SQR	FOUR, SIX, TANH, SIN, ARCTAN, EXP, DIVIDE	6.619e-14	30	0.4	13.2	True	Sum[Log[\[FormalK]*(1 + \[FormalK])]/(\[FormalK]*(1 + \[FormalK])), {\[FormalK], 1, Infinity}]
1078	M_8, the 8th Madelung constant (negated)	none	64	not found	12	x, THREE, ARCTAN, SUBTRACT, ARCTANH	PI, ARCTAN, INV, ARCTAN, ONE, SUBTRACT, LOG	5.907e-14	29	0.4	13.2	True	
1079	semi-meander critical exponent	algebraic	64	not found	12	x, SIX, ARCCOSH, SUBTRACT, TAN	FOUR, COS, ARCSINH, ARCSIN, SQR, SIN, ARCTANH	6.272e-15	29	0.4	14.2	True	1 + (Sqrt[11]*(Sqrt[5] + Sqrt[29]))/24
1080	one div ln phi	elementary	64	exact	4	x, INV	GOLDENRATIO, LOG	0.000e+00	2	0.4	64.0	True	1/Log[GoldenRatio]
1081	ln(8)	elementary	64	exact	3	x	EIGHT, LOG	0.000e+00	1	0.4	63.6	True	Log[8]
1082	two thirds pi	elementary	64	exact	4	x, TAN, SQR	THREE	0.000e+00	6	0.4	64.0	True	2*Pi/3
1083	Wallis's constant	algebraic	64	not found	12	x, SQR, TAN, TANH, TAN	NINE, LOG, INV, ARCSIN, SIX, ARCSINH, POWER	5.852e-14	55	0.4	13.2	True	(135/2 - (3*Sqrt[1929])/2)^(1/3)/3 + ((45 + Sqrt[1929])/2)^(1/3)/3^(2/3)
1084	Brown-Wang constant	special	64	not found	12	x, GAMMA, ARCCOSH, THREE, TIMES	THREE, INV, TANH, ARCSINH, SIX, TIMES, GAMMA	1.492e-13	47	0.4	12.8	True	With[{\[FormalLambda] = Root[{(1 + #1)*Pi - Tan[#1*Pi] & , 0.43029665312420275777`20.}]}, Root[{(1 + \[FormalLambda])*Pi*((#1 - 1)*PolyGamma[1 + (#1 - 1)/2] - 2*#1*PolyGamma[1 + #1/2] + (#1 + 1)*PolyGamma[1 + (#1 + 1)/2]) - 2*Sin[\[FormalLambda]*Pi] & , 2.11023396612157219646682815666`30.}]]
1085	'sigma', a constant associated with the expected number of random elements to generate a finite abelian group	none	64	not found	12	x, EXP, SIN, TAN, SQRT	NEG, COS, ARCSIN, SQRT, LOG, COS, SINH	3.627e-14	27	0.4	13.4	True	
1086	'a', an auxiliary constant associated with the asymptotic probability of success in the secretary problem when the numbe	none	64	not found	12	x, ARCCOSH, EXP, SIN, COS	SEVEN, LOG, SQR, TAN, ARCCOS, ARCSINH, ARCSIN	4.735e-14	30	0.4	13.3	True	
1087	Jacobi theta function theta_2(0, 1/2) where theta_2 is the 2nd Jacobi theta function	special	64	not found	12	FIVE, ARCSINH, x, TIMES, TAN	NINE, SIN, ARCSINH, INV, TWO, TAN, SUBTRACT	5.424e-15	15	0.4	14.3	True	EllipticTheta[2,0,1/2]
1088	Jacobi theta function theta_3(0, 1/2) where theta_3 is the 3rd Jacobi theta function	special	64	not found	12	x, ARCSINH, ARCCOSH, ARCCOS, ARCTANH	THREE, COS, ARCSIN, TANH, FOUR, POWER, ARCTAN	4.631e-14	18	0.4	13.3	True	EllipticTheta[3,0,1/2]
1089	pi^(2/3)	elementary	64	exact	5	THREE, x, POWER	PI, SQR	0.000e+00	5	0.4	63.7	True	Pi^(2/3)
1090	10^(1/3)	algebraic	64	exact	6	THREE, x, POWER	NEG, NINE, SUBTRACT	0.000e+00	2	0.4	63.8	True	10^(1/3)
1092	Erdős-Szekeres constant	special	64	not found	12	x, TAN, FIVE, PLUS, TAN	PI, ARCTAN, ARCCOSH, INV, SINH, LOG, SQR	5.170e-14	32	0.4	13.3	True	Zeta[3/2]/Zeta[3]
1093	K = exp(8*G/(3*Pi)), a Kneser-Mahler constant related to an asymptotic inequality involving Bombieri's supremum norm, wh	special	64	not found	12	x, GOLDENRATIO, SINH, SUBTRACT, TANH	FOUR, EXP, ARCTAN, EULER, TIMES, INV, ARCTANH	1.037e-13	35	0.4	13.0	True	Exp[8*Catalan/(3*Pi)]
1094	normalized asymptotic mean of omega(m) when m is one of the values <= n taken by Euler's phi totient function	none	64	not found	12	x, EIGHT, SQRT, SUBTRACT, SINH	EIGHT, SINH, ARCTAN, SEVEN, TAN, ARCSINH, POWER	5.606e-14	41	0.4	13.3	True	
1095	a constant related to series-reduced trees	none	64	not found	12	x, INV, ARCTANH, SQR, TAN	SIX, LOG, COSH, SIX, COS, ARCTAN, DIVIDE	3.651e-14	24	0.4	13.4	True	
1096	'theta', the expected degree (valency) of the root of a random rooted tree with n vertices	none	64	not found	12	x, GAMMA, SEVEN, TANH, TIMES	EULER, FIVE, DIVIDE, GAMMA, ARCTANH, ARCSINH, ARCSINH	2.837e-14	22	0.4	13.5	True	
1097	e^(pi/4)	elementary	64	exact	4	x	ONE, ARCTAN, EXP	0.000e+00	2	0.4	63.8	True	E^(Pi/4)
1098	ln(9)	elementary	64	exact	3	x	NINE, LOG	0.000e+00	1	0.4	63.9	True	Log[9]
1099	Lüroth analog of Khinchin constant	special	64	not found	11	x, ARCCOSH, EXP, TAN	NINE, LOG, TANH, GOLDENRATIO, TANH, SUBTRACT, ARCCOS	1.276e-13	53	0.4	12.9	True	Product[\[FormalK]^(1/(\[FormalK]*(1 + \[FormalK]))), {\[FormalK], 1, Infinity}]
1100	totient constant	special	64	not found	12	NINE, ARCSINH, x, SQR, SUBTRACT	GOLDENRATIO, FOUR, PLUS, COS, ARCSINH, EULER, TIMES	1.040e-13	42	0.4	13.0	True	Sum[1/(\[FormalK]*EulerPhi[\[FormalK]]), {\[FormalK], 1, Infinity}]
1101	Pi/2 + 2/Pi	elementary	64	exact	6	x	NEG, ARCSIN, INV, SIN, ARCCOS	0.000e+00	7	0.4	63.8	True	Pi/2 + 2/Pi
1102	pi(2)^(-1/2)	elementary	64	exact	5	x	TWO, SQRT, PI, DIVIDE	0.000e+00	2	0.4	63.7	True	Pi*2^(-1/2)
1103	y_3, the third of four non-explicit constants recursively derived from Khintchine's [Khinchin's] constant	none	64	not found	12	x, SQR, SINH, INV, GAMMA	EULER, THREE, ARCCOSH, SQR, ARCCOSH, POWER, SINH	3.553e-14	18	0.4	13.5	True	
1104	D(1), where D(x) is the infinite product function defined in the formula section (or in the Finch reference)	special	64	not found	12	x, COS, SQR, ARCSINH, COSH	EIGHT, SQRT, GAMMA, SINH, ARCCOSH, EULER, SUBTRACT	4.807e-14	27	0.4	13.3	True	Glaisher^6/(2^(1/6)*Sqrt[Pi])
1105	Sqrt 5	algebraic	64	exact	3	x	FIVE, SQRT	0.000e+00	1	0.4	63.7	True	Sqrt[5]
1106	Takeuchi-Prellberg constant	special	25	not found	12	EIGHT, INV, SQRT, x, SUBTRACT	EIGHT, ARCCOSH, TAN, SINH, FOUR, SIN, DIVIDE	6.247e-14	33	0.4	13.2	True	ConditionalExpression[Extension`TakeuchiPrellbergConstant == Limit[Subscript[\[FormalCapitalT], \[FormalN]]/(BellB[\[FormalN]]*Exp[ProductLog[\[FormalN]]^2/2]), \[FormalN] -> Infinity], Subscript[\[FormalCapitalT], 0] == 0 && Subscript[\[FormalCapitalT], 1] == 1 && Subscript[\[FormalCapitalT], 2] == 4 && Subscript[\[FormalCapitalT], 3] == 14 && Subscript[\[FormalCapitalT], \[FormalN]] == Sum[Binomial[2*\[FormalK], \[FormalK]]/(1 + \[FormalK]), {\[FormalK], 1, \[FormalN]}] + Sum[Subscript[\[FormalCapitalT], -1 - \[FormalK] + \[FormalN]]*(2*Binomial[-1 + \[FormalK] + \[FormalN], \[FormalK]] - Binomial[\[FormalK] + \[FormalN], \[FormalK]]), {\[FormalK], 0, -2 + \[FormalN]}]]
1107	Sierpiński's second constant, K2 = lim_{n->oo} ((1/n) * (Sum_{i=1..n} A004018(i^2)) - 4/Pi * log(n))	special	64	not found	12	x, ARCSINH, EXP, GAMMA, COS	GOLDENRATIO, SQR, ARCCOSH, TANH, FOUR, PLUS, SIN	1.438e-14	60	0.4	13.8	True	4(12 Log[Gamma[3/4]]-9 Log[Pi]+72 Log[Glaisher]-5 Log[2]+3 EulerGamma-3)/(3 Pi)
1108	Integral_{0..oo} 1/Gamma(1+x) dx, a variation of the Fransén-Robinson constant	none	64	not found	12	GOLDENRATIO, GAMMA, ARCTANH, x, SUBTRACT	FOUR, LOG, GAMMA, SINH, COSH, ARCSINH, INV	6.721e-14	30	0.4	13.2	True	
1109	Landau-Kolmogorov constant C(4,1) for derivatives in L_2(0, infinity)	none	64	not found	12	x, EXP, INV, SQRT, SINH	GOLDENRATIO, COS, EULER, PLUS, SEVEN, TAN, DIVIDE	7.361e-14	37	0.4	13.1	True	
1110	1/A240969	none	64	not found	12	x, ARCCOSH, SQR, SIN, ARCSIN	EIGHT, SEVEN, COS, COS, POWER, SIN, COS	4.756e-14	38	0.4	13.3	True	
1111	first Foias constant	special	64	not found	12	x, ARCSINH, EULER, GAMMA, DIVIDE	SEVEN, ARCSINH, GOLDENRATIO, PLUS, SIX, TANH, POWER	2.672e-14	31	0.4	13.6	True	Root[{-(1 + 1/#1)^#1 + #1 & , 2.29316628741186103150802829125000000000007305694139121664`29.360435548444247}]
1112	zeta(2)*zeta(3)*zeta(4)*	none	64	not found	12	x, TAN, SINH, TANH, SQR	THREE, SQRT, SINH, TWO, DIVIDE, ARCSINH, COS	6.521e-14	33	0.4	13.2	True	
1113	Universal parabolic constant	elementary	64	exact	6	x	NEG, ARCSINH, TWO, SQRT, SUBTRACT	0.000e+00	4	0.4	63.8	True	Sqrt[2] + ArcSinh[1]
1114	product_{n>=1} (n/(n+1))^((-1)^t(n)), a probabilistic counting constant, where t(n) = A010060(n) is the Thue-Morse seque	none	64	not found	12	FIVE, x, EXP, DIVIDE, GAMMA	SIX, SQRT, PI, PLUS, ARCSINH, SQR, TANH	4.513e-14	38	0.4	13.3	True	
1115	logarithm of 10	elementary	64	exact	5	x	NEG, NINE, SUBTRACT, LOG	0.000e+00	2	0.4	64.0	True	Log[10]
1116	y_1, the first of four non-explicit constants recursively derived from Khintchine's [Khinchin's] constant	none	64	false positive	12	x, SIN, ARCCOS, EXP, SIN	THREE, INV, SIX, PLUS, ARCTAN, ARCSINH, INV	1.928e-16	39	0.4	16.0	True	
1117	Klarner-Rivest polyomino constant	none	64	not found	12	x, GOLDENRATIO, POWER, ARCCOSH, ARCTAN	FIVE, EULER, GAMMA, DIVIDE, EXP, ARCSINH, SQRT	9.481e-14	26	0.4	13.0	True	
1118	3D lattice sum analog of Euler γ	special	64	not found	12	x, ARCSINH, COSH, TAN, GAMMA	SIX, COSH, NEG, TAN, SQR, DIVIDE, LOG	4.203e-14	29	0.4	13.4	True	(-4*Pi)/3 + (19*Log[2])/2 - 4*Sum[((3 + 3*(-1)^\[FormalM] + (-1)^(\[FormalM] + \[FormalN]))*Csch[Pi*Sqrt[\[FormalM]^2 + \[FormalN]^2]])/Sqrt[\[FormalM]^2 + \[FormalN]^2], {\[FormalM], 1, Infinity}, {\[FormalN], 1, Infinity}]
1119	constant 1 + B3 (or 1 + B_3) related to the Mertens constant	none	64	not found	12	x, COSH, COS, SINH, COSH	EIGHT, TAN, SIN, FOUR, COS, COS, POWER	3.617e-14	41	0.4	13.4	True	
1120	Ti_2(2+sqrt(3)), where Ti_2 is the inverse tangent integral function	none	64	not found	12	EULER, x, SUBTRACT, ARCCOS, LOG	SIX, INV, TANH, COSH, ARCSINH, ARCTAN, ARCSINH	4.946e-15	35	0.4	14.3	True	
1121	three quarters pi	elementary	64	exact	3	x, TAN	NEG	0.000e+00	2	0.4	64.0	True	3*Pi/4
1122	monomer-dimer triangular constant	special	64	not found	12	x, INV, ARCTANH, SQRT, TAN	EULER, GAMMA, TANH, EXP, INV, GAMMA, SIN	3.844e-14	35	0.4	13.4	True	Exp[Integrate[Log[6 + 2*Cos[\[FormalT]] + 2*Cos[\[FormalPhi]] + 2*Cos[\[FormalT] + \[FormalPhi]]], {\[FormalT], -Pi, Pi}, {\[FormalPhi], -Pi, Pi}]/(8*Pi^2)]
1123	pi^(3/4)	elementary	64	exact	6	x	THREE, PI, POWER, SQRT, SQRT	0.000e+00	7	0.4	63.8	True	Pi^(3/4)
1124	Pi^2/(6*log 2)	elementary	64	exact	7	x	EIGHT, SQR, LOG, PI, SQR, DIVIDE	0.000e+00	8	0.4	63.9	True	Pi^2/(6*Log[2])
1125	c = (7-sqrt(5))/2	algebraic	64	exact	4	x	GOLDENRATIO, FOUR, SUBTRACT	0.000e+00	1	0.4	63.9	True	4 - GoldenRatio
1126	ln(11)	elementary	64	exact	5	x	TWO, NINE, PLUS, LOG	0.000e+00	2	0.4	64.0	True	Log[11]
1127	asymptotic evaluation of the constrained maximum of a certain quadratic form	none	64	not found	12	x, SQRT, SINH, COSH, SIN	GOLDENRATIO, FIVE, LOG, COSH, INV, SQRT, SUBTRACT	6.019e-14	12	0.4	13.2	True	
1128	Narcissus constant	special	64	not found	12	FIVE, LOG, COSH, x, SUBTRACT	SIX, TANH, TWO, SUBTRACT, SINH, COSH, COS	4.185e-14	16	0.4	13.4	True	Root[{1 + #1 - #1^(-1 + #1) & , 2.39838438278161142938900277955804885011`20.5225995583442}]
1129	Golden angle	elementary	64	exact	7	PI, x, DIVIDE	GOLDENRATIO, SQR, TWO, DIVIDE	0.000e+00	10	0.4	64.0	True	(2*Pi)/GoldenRatio^2
1130	2*zeta(3)	special	64	not found	12	x, TAN, EXP, EIGHT, TIMES	NINE, GOLDENRATIO, DIVIDE, ARCCOS, INV, COSH, TAN	3.103e-14	18	0.4	13.5	True	2*Zeta[3]
1131	first zero of the Bessel function J_0(z)	special	64	not found	12	PI, x, COSH, SUBTRACT, LOG	TWO, INV, NINE, ARCTAN, PLUS, ARCSINH, ARCCOSH	4.395e-14	21	0.4	13.4	True	BesselJZero[0, 1]
1132	solution to the Lane-Emden equation for a sphere of polytropic index n = 2	none	32	not found	12	x, SINH, ARCCOSH, EIGHT, POWER	FIVE, GAMMA, SIX, ARCTAN, COS, DIVIDE, GAMMA	6.483e-14	18	0.4	13.2	True	
1133	Silver ratio	algebraic	64	exact	4	x	ONE, ARCSINH, EXP	0.000e+00	2	0.4	64.0	True	1 + Sqrt[2]
1134	c = 2.4149..., a random mapping statistics constant such that the asymptotic expectation of the maximum rho length (grap	none	20	not found	12	x, INV, LOG, SQR, ARCTANH	THREE, SINH, SQRT, TAN, ARCSINH, FIVE, POWER	5.020e-14	18	0.4	13.3	True	
1135	prod_{n>=1} (1 + 1/n^3) = cosh(sqrt(3) pi/2)/pi	elementary	64	exact	9	x, PI, TIMES, ARCCOSH	TWO, ARCCOSH, TANH, PI, TIMES	0.000e+00	4	0.4	63.9	True	Cosh[Sqrt[3]*Pi/2]/Pi
1136	a constant related to the asymptotic evaluation of the Lebesgue constants L_n	none	64	not found	12	x, SIN, ARCTANH, ARCSINH, ARCCOS	EIGHT, ARCCOSH, GAMMA, SIN, ARCSIN, TANH, SIN	8.331e-14	23	0.4	13.1	True	
1137	theta = 2.472548..., an auxiliary constant used to compute the best constant in Friedrichs' inequality in one dimension	none	64	not found	12	EIGHT, x, COSH, SQR, DIVIDE	TWO, LOG, ARCTANH, SIX, SINH, LOG, SUBTRACT	8.082e-15	20	0.4	14.1	True	
1138	Otter's weakly binary tree enumeration asymptotic constant xi	none	64	not found	12	NEG, TAN, COSH, x, DIVIDE	GOLDENRATIO, ARCCOSH, SIX, TANH, SUBTRACT, SINH, COSH	1.663e-14	34	0.4	13.8	True	
1139	A1*B1, the average number of non-isomorphic semisimple rings of any order, where A1 is Product_{m>1} zeta(m) and B1 is P	none	64	not found	12	SIX, x, SINH, DIVIDE, SQR	NINE, COS, ARCSINH, ARCCOS, COSH, SIN, EXP	1.599e-14	26	0.4	13.8	True	
1140	Feigenbaum alpha	none	64	not found	12	x, SIN, TWO, TANH, DIVIDE	THREE, INV, SIN, SINH, ARCTANH, COSH, COSH	2.786e-14	28	0.4	13.6	True	
1141	root two pi	elementary	64	exact	5	x, SQR	PI, PI, PLUS	0.000e+00	2	0.4	63.9	True	Sqrt[2*Pi]
1142	100^(1/5)	algebraic	64	exact	7	FIVE, x, POWER	NEG, NINE, SUBTRACT, SQR	0.000e+00	6	0.4	64.0	True	100^(1/5)
1143	a constant related to identity trees	none	64	not found	12	x, SIN, THREE, SIN, DIVIDE	EULER, TANH, COS, COS, NINE, POWER, SIN	9.420e-14	50	0.4	13.0	True	
1144	doubly infinite sum N_3 = Sum_{i,j,k = -inf..inf} (-1)^(i+j+k)/(i^2+j^2+k^2), a lattice constant analog of Madelung's co	none	64	not found	12	x, EULER, ARCTAN, EXP, SUBTRACT	THREE, SIN, ARCTANH, ARCSINH, COS, ARCTAN, SINH	6.363e-14	52	0.4	13.2	True	
1145	sqrt(2)*exp(2*G/Pi), where G = A006752	special	64	not found	12	x, TAN, COSH, SQR, SQR	TWO, LOG, INV, SIX, INV, COSH, PLUS	7.747e-14	34	0.4	13.1	True	Sqrt[2]*Exp[2Catalan/Pi]
1146	a variant of the Komornik-Loreti constant	none	64	not found	12	SIX, ARCSINH, x, SINH, SUBTRACT	EIGHT, TANH, SINH, FIVE, SQR, POWER, LOG	2.504e-14	41	0.4	13.6	True	
1147	(Glaisher^12/(2*Pi*e^EulerGamma))^(Pi^2/6)	special	64	not found	12	x, SIN, ARCCOS, SINH, GAMMA	SIX, TAN, EXP, ARCSINH, SIN, SIN, ARCCOS	4.661e-14	41	0.4	13.3	True	(Glaisher^12/(2Pi E^EulerGamma))^(Pi^2/6)
1148	ln(13)	elementary	64	exact	5	x	FOUR, NINE, PLUS, LOG	0.000e+00	2	0.4	63.9	True	Log[13]
1149	exp(gamma)/log(2), a conjectural constant related to the asymptotic counting of Mersenne primes, where gamma is Euler's 	special	64	not found	12	x, COSH, FIVE, SQRT, PLUS	FOUR, TAN, SQR, SINH, SIN, NINE, TIMES	1.469e-14	70	0.4	13.8	True	Exp[EulerGamma]/Log[2]
1150	Sierpiński's constant	special	64	not found	10	x, ARCSINH, COS	PI, FIVE, PLUS, SEVEN, ARCCOSH, COS, DIVIDE	1.168e-14	34	0.4	13.9	True	Pi*(2*EulerGamma - Log[Pi] + 4*Log[Gamma[3/4]])
1151	Barban constant	special	64	not found	12	PI, x, POWER, SIN, TANH	NEG, ARCSIN, ARCSINH, SQR, COSH, SIN, SINH	2.104e-14	42	0.4	13.7	True	Product[1 + (-1 + 3*Prime[\[FormalK]]^2)/(Prime[\[FormalK]]*(1 + Prime[\[FormalK]])*(-1 + Prime[\[FormalK]]^2)), {\[FormalK], 1, Infinity}]
1152	twenty-vertex entropy constant	algebraic	64	exact	6	x	FOUR, INV, SEVEN, SUBTRACT, SQRT	0.000e+00	4	0.4	64.0	True	(3*Sqrt[3])/2
1153	golden root	algebraic	64	exact	3	x	GOLDENRATIO, SQR	0.000e+00	1	0.4	63.9	True	2 + 2*Cos[(2*Pi)/5]
1154	Lemniscate constant	special	64	exact	11	PI, SQRT, x, TIMES	EIGHT, SQRT, FOUR, INV, GAMMA, SQR, DIVIDE	0.000e+00	24	0.4	64.0	True	Gamma[1/4]^2/(2*Sqrt[2*Pi])
1156	positive root of the equation 13x^4 - 7x^2 - 581 = 0	algebraic	64	not found	11	x, LOG, ARCTANH, SQR	EULER, EULER, SIN, SINH, THREE, DIVIDE, SUBTRACT	3.333e-14	43	0.4	13.5	True	Sqrt[1/26*(7+Sqrt[30261])]
1157	sqrt(2) + sqrt(3/2)	algebraic	64	exact	7	x	TWO, SEVEN, ARCCOSH, EXP, DIVIDE, SQRT	0.000e+00	7	0.4	63.8	True	Sqrt[2] + Sqrt[3/2]
1158	sqrt(7)	algebraic	64	exact	3	x	SEVEN, SQRT	0.000e+00	1	0.4	64.0	True	Sqrt[7]
1159	Gelfond-Schneider constant	elementary	64	exact	5	x	TWO, SQRT, TWO, POWER	1.666e-16	1	0.4	63.9	True	2^Sqrt[2]
1160	Gamma(1/3)	special	64	exact	4	x	THREE, INV, GAMMA	0.000e+00	1	0.4	63.8	True	Gamma[1/3]
1161	coefficient 'gamma' (see formula) appearing in Otter's result concerning the asymptotics of T_n, the number of non-isomo	none	64	not found	12	x, LOG, TAN, COSH, ARCTAN	THREE, ARCSINH, ARCTAN, EXP, FOUR, DIVIDE, SQRT	4.025e-14	49	0.4	13.4	True	
1162	Khinchin's constant	special	64	not found	12	x, SIN, TANH, SIN, SINH	TWO, SQRT, EULER, DIVIDE, TAN, TAN, ARCTAN	2.729e-14	45	0.4	13.6	True	Khinchin
1163	Landau-Kolmogorov constant C(5,1) for derivatives in L_2(0, infinity)	none	64	not found	12	x, SIN, LOG, SQR, GAMMA	PI, SINH, TAN, THREE, COS, TIMES, ARCSINH	3.369e-14	45	0.4	13.5	True	
1164	Euler number	elementary	64	exact	2	x	EULER	0.000e+00	1	0.4	64.0	True	E
1165	pi sqrt(3)/2	elementary	64	exact	6	x	TWO, ARCCOSH, TANH, PI, TIMES	1.632e-16	5	0.4	64.0	True	Pi*Sqrt[3]/2
1166	log e^(2π)	elementary	64	exact	7	x	THREE, ARCSINH, COSH, LOG, PI, DIVIDE	0.000e+00	5	0.4	64.0	True	Log10[E^(2*Pi)]
1167	Sum_{k>=1} sigma(k)/2^k where sigma(k) is the sum of divisors of k, 1 <= d <= k	special	64	not found	12	x, PI, TIMES, EIGHT, TIMES	EIGHT, ARCCOSH, SIN, SIN, INV, COSH, SQR	8.885e-14	22	0.4	13.1	True	Sum[n/(2^n - 1), {n, 1, 500}]
1168	Ramanujan nested radical constant	algebraic	64	exact	11	FIVE, x, TWO, TIMES, SUBTRACT	THREE, FIVE, SQRT, SUBTRACT, ARCSINH, EXP	0.000e+00	18	0.4	64.0	True	(2 + Sqrt[5] + Sqrt[15 - 6*Sqrt[5]])/2
1169	a constant related to A006196	none	64	not found	12	FOUR, COSH, x, LOG, POWER	TWO, INV, COS, NINE, POWER, COS, COSH	4.813e-14	27	0.4	13.3	True	
1170	C_{1/2}, a constant related to Kolmogorov's inequalities	special	64	exact	11	x, ONE, ARCSIN, DIVIDE, SQRT	FOUR, INV, GAMMA, PI, DIVIDE, SQR	0.000e+00	18	0.4	64.0	True	Gamma[1/4]^2/(Pi*Gamma[3/4]^2)
1171	(1/sqrt(Pi) + e*erfc(-1))/2	special	64	not found	12	x, EIGHT, DIVIDE, TAN, EXP	SEVEN, TAN, LOG, SIN, ARCTAN, COS, TANH	3.347e-14	23	0.4	13.5	True	(1/Sqrt[Pi]+E Erfc[-1])/2
1172	'xi', an optimal stopping auxiliary constant associated with the two choice case	none	64	not found	12	x, GAMMA, ARCSINH, TAN, LOG	PI, ARCTAN, SIN, SIN, SQRT, SINH, SINH	1.513e-13	60	0.4	12.8	True	
1173	2*Pi*phi(0), a constant appearing in connection with a study of zeros of the integral of xi(z), where phi(t) and xi(z) a	none	64	not found	12	x, ARCCOSH, SQR, SIN, TAN	TWO, SINH, EULER, EXP, TANH, DIVIDE, ARCTANH	4.541e-14	30	0.4	13.3	True	
1174	Fransén–Robinson constant	special	64	not found	11	x, SINH, SEVEN, DIVIDE, TANH	SIX, GOLDENRATIO, DIVIDE, COS, TANH, ARCSINH	6.516e-14	42	0.4	13.2	True	Integrate[Gamma[x]^(-1), {x, 0, Infinity}]
1175	Murata constant	special	64	not found	12	x, TAN, EULER, TAN, DIVIDE	NEG, COS, PI, TIMES, COS, EXP, ARCTANH	9.741e-15	38	0.4	14.0	True	Product[1 + (-1 + Prime[\[FormalK]])^(-2), {\[FormalK], 1, Infinity}]
1176	ln(17)	elementary	64	exact	5	x	EIGHT, NINE, PLUS, LOG	0.000e+00	2	0.4	64.0	True	Log[17]
1177	Born's basic potential Pi_0	none	64	not found	12	x, FOUR, SUBTRACT, ARCCOSH, COS	SIX, EXP, PI, DIVIDE, ARCSIN, EXP, SIN	1.847e-14	27	0.4	13.7	True	
1178	constant appearing in the variance for searching in a digital tree	none	64	not found	12	x, SQR, GOLDENRATIO, PLUS, COSH	SEVEN, SIX, GAMMA, ARCSINH, EXP, SQR, DIVIDE	7.151e-14	33	0.4	13.1	True	
1179	Hardy-Littlewood prime triples constant	special	64	not found	12	x, SINH, COS, INV, EXP	EULER, INV, SQR, TAN, FOUR, SUBTRACT, INV	1.139e-13	33	0.4	12.9	True	(9*Product[((-3 + Prime[\[FormalK]])*Prime[\[FormalK]]^2)/(-1 + Prime[\[FormalK]])^3, {\[FormalK], 3, Infinity}])/2
1180	(diagonal)/(shortest side) of 2nd electrum rectangle	none	64	exact	7	x, ARCCOSH	THREE, SQRT, ONE, PLUS, ARCSINH	0.000e+00	4	0.4	63.8	True	
1181	a second variant of the Komornik-Loreti constant	none	64	not found	12	x, LOG, LOG, SIX, DIVIDE	SIX, GAMMA, SQRT, NINE, SINH, LOG, TIMES	4.731e-15	70	0.4	14.3	True	
1182	ln(19)	elementary	64	exact	6	x	FOUR, SQR, THREE, PLUS, LOG	0.000e+00	5	0.4	63.9	True	Log[19]
1183	Otter's rooted tree constant	none	64	not found	12	x, SIN, SIN, FOUR, TIMES	SEVEN, EXP, COS, EULER, ARCCOSH, PLUS, SINH	5.484e-14	32	0.4	13.3	True	
1184	Landau-Kolmogorov constant C(4,2) for derivatives in L_2(0, infinity)	none	64	not found	12	x, TAN, ARCSIN, SINH, EXP	EULER, SEVEN, DIVIDE, TANH, ARCCOS, ONE, SUBTRACT	4.710e-14	31	0.4	13.3	True	
1185	B, a constant related to the Goh-Schmutz constant and the asymptotic expected order of a random permutation	none	64	not found	12	PI, LOG, x, POWER, TAN	SEVEN, SQR, ARCTAN, LOG, LOG, ARCSIN, EXP	2.361e-14	31	0.4	13.6	True	
1186	oloid volume constant	special	64	not found	12	x, SEVEN, PLUS, TAN, INV	FIVE, FOUR, ARCCOSH, TANH, DIVIDE, TANH, ARCCOS	7.798e-14	30	0.4	13.1	True	(2*(2*EllipticE[3/4] + EllipticK[3/4]))/3
1187	Landau-Kolmogorov constant C(3,1) for derivatives in the case L_infinity(0, infinity)	algebraic	64	exact	7	THREE, x, NINE, DIVIDE, POWER	FIVE, GAMMA	0.000e+00	14	0.4	64.0	True	(243/8)^(1/3)
1188	sqrt(480)/7	algebraic	64	exact	8	x	SEVEN, SIX, GAMMA, SQRT, DIVIDE, TWO, TIMES	0.000e+00	22	0.4	64.0	True	Sqrt[480]/7
1189	ln(23)	elementary	64	exact	6	x	FOUR, SQR, SEVEN, PLUS, LOG	0.000e+00	5	0.4	63.8	True	Log[23]
1190	Ramanujan's π-approximation constant	elementary	64	false positive	2	x	PI	0.000e+00	1	0.4	16.2	True	Log[262537412640768000]/Sqrt[163]
1191	Pi	elementary	64	exact	2	x	PI	0.000e+00	1	0.4	64.0	True	Pi
1192	mean value over all positive integers of a function giving the least quadratic nonresidue modulo a given odd integer (th	none	64	not found	12	x, TWO, DIVIDE, COS, TAN	TWO, ARCTAN, ARCTAN, ARCSIN, ARCTAN, SINH, ARCSIN	2.352e-13	41	0.4	12.6	True	
1193	10^(1/2)	algebraic	64	exact	4	x, ARCCOSH	THREE, ARCSINH	0.000e+00	2	0.4	64.0	True	10^(1/2)
1194	C = log(2*Pi) + B_3 (where B_3 is A083343), one of Euler totient constants	none	64	not found	12	THREE, x, COSH, DIVIDE, TAN	TWO, TAN, EULER, PLUS, TANH, ARCTAN, COSH	3.376e-14	38	0.4	13.5	True	
1195	plate constant	special	64	not found	12	GOLDENRATIO, SIN, x, SUBTRACT, LOG	FOUR, TANH, TWO, SUBTRACT, ARCTAN, ARCCOS, TAN	1.278e-13	14	0.4	12.9	True	ConditionalExpression[Extension`PlateConstant == \[FormalX], BesselI[1, \[FormalX]]*BesselJ[0, \[FormalX]] + BesselI[0, \[FormalX]]*BesselJ[1, \[FormalX]] == 0 && 3 < \[FormalX] < 7/2]
1196	square of the constant A130834	special	64	not found	12	x, EXP, COS, INV, ARCSINH	FIVE, FOUR, TANH, THREE, POWER, DIVIDE, ARCCOS	7.748e-15	16	0.4	14.1	True	Exp[4*Catalan/Pi]
1197	1 + sqrt(5)	algebraic	64	exact	4	x	GOLDENRATIO, GOLDENRATIO, PLUS	0.000e+00	1	0.4	63.9	True	1 + Sqrt[5]
1198	Pálfy's constant c_3	elementary	64	exact	10	x, THREE, POWER	SIX, FIVE, DIVIDE, EIGHT, NINE, TIMES, POWER	0.000e+00	12	0.4	64.0	True	5/3 + Log[9, 32]
1199	rayleigh kurtosis	elementary	64	exact	11	x, SIX, SUBTRACT, SQRT	TWO, COS, ARCSIN, FOUR, COS, ARCSIN, DIVIDE	0.000e+00	10	0.4	64.0	True	(32 - 3*Pi^2)/(4 - Pi)^2
1200	silver root	algebraic	64	exact	8	x	SEVEN, PI, DIVIDE, COS, TWO, TIMES, SQR	0.000e+00	5	0.4	64.0	True	2 + 2*Cos[(2*Pi)/7]
1201	Lévy's constant 2	elementary	64	exact	8	x	EIGHT, LOG, NEG, ARCSIN, SQR, DIVIDE, EXP	0.000e+00	6	0.4	64.0	True	E^(Pi^2/(12*Log[2]))
1202	a constant related to A000620, A000622, A000623 and A000625	none	64	not found	12	x, SIN, ARCTAN, GAMMA, SIN	EULER, GOLDENRATIO, INV, COSH, ARCSINH, DIVIDE, LOG	6.998e-14	17	0.4	13.2	True	
1203	y_2, the second of four non-explicit constants recursively derived from Khintchine's [Khinchin's] constant	none	64	not found	12	x, TAN, FIVE, POWER, INV	GOLDENRATIO, TANH, ARCSINH, ARCTAN, SINH, ARCTANH, ARCTAN	3.387e-14	30	0.4	13.5	True	
1204	sqrt(11)	algebraic	64	exact	5	x	TWO, NINE, PLUS, SQRT	0.000e+00	2	0.4	64.0	True	Sqrt[11]
1205	average value of the Yekutieli-Mandelbrot parameter, that is the average number of maximal subtrees of an ordered binary	special	64	not found	11	x, COSH, FOUR, SQR, SUBTRACT	EULER, SQRT, SIX, LOG, PLUS, SQRT	1.075e-13	24	0.4	13.0	True	2*Catalan/(Pi*Log[2])+5/2
1206	Reciprocal Fibonacci constant	special	64	not found	12	x, TWO, SUBTRACT, ARCTAN, COSH	SEVEN, ARCCOSH, TAN, SIN, EXP, COSH, SINH	4.349e-14	19	0.4	13.4	True	(Sqrt[5]*(EllipticTheta[2, 0, GoldenRatio^(-2)]^2 + (Log[5] + 2*QPolyGamma[0, 1, GoldenRatio^(-4)] - 4*QPolyGamma[0, 1, GoldenRatio^(-2)])/(2*Log[(1 + Sqrt[5])/2])))/4
1207	van der Corput constant	special	64	not found	12	x, SEVEN, TANH, SUBTRACT, TAN	THREE, EULER, DIVIDE, ARCCOS, ARCSINH, SQR, COS	7.260e-15	30	0.4	14.1	True	With[{\[FormalX] = Root[{Cos[#1]*FresnelS[Sqrt[1 - (2*#1)/Pi]] + FresnelC[Sqrt[1 - (2*#1)/Pi]]*Sin[#1] & , -0.726643246813242509590219555941985563257278933469994008688`30.}]}, 2*(Cos[\[FormalX]]*FresnelC[Sqrt[1 - (2*\[FormalX])/Pi]] - FresnelS[Sqrt[1 - (2*\[FormalX])/Pi]]*Sin[\[FormalX]])*Sqrt[Pi]]
1208	ln(29)	elementary	64	exact	6	x	FIVE, GAMMA, FIVE, PLUS, LOG	0.000e+00	5	0.4	64.0	True	Log[29]
1209	Magata constant	special	64	not found	9	x, LOG, LOG	EIGHT, PI, LOG, SQRT, COSH, DIVIDE	4.353e-14	19	0.4	13.4	True	ConditionalExpression[Extension`MagataConstant == Limit[Sum[Subscript[\[FormalC], \[FormalK]], {\[FormalK], 1, \[FormalN]}], \[FormalN] -> Infinity], Sum[Subscript[\[FormalC], \[FormalK]]*Product[-1 - \[FormalJ] + \[FormalM], {\[FormalJ], 0, -1 + \[FormalK]}], {\[FormalK], 0, -1 + \[FormalN]}] == Prime[\[FormalM]] && \[FormalM] <= \[FormalN]]
1210	meander critical exponent	algebraic	64	exact	11	x, NEG, PLUS, LOG	TWO, SIX, TIMES, ARCTAN, SIN, INV, ARCSINH	0.000e+00	23	0.4	64.0	True	(29 + Sqrt[145])/12
1211	ln(31)	elementary	64	exact	6	x	FIVE, GAMMA, SEVEN, PLUS, LOG	0.000e+00	5	0.4	63.9	True	Log[31]
1212	y_4, the last of four non-explicit constants recursively derived from Khintchine's [Khinchin's] constant	none	64	not found	12	x, TAN, TAN, EXP, SQR	THREE, TAN, FIVE, TIMES, EULER, ARCTAN, SUBTRACT	5.150e-15	29	0.4	14.3	True	
1213	1 + sqrt(6)	algebraic	64	exact	5	x	SIX, SQRT, ONE, PLUS	0.000e+00	2	0.4	64.0	True	1+Sqrt[6]
1214	best constant K for the integral inequality integral_{0..1} f(x)^2*f'(x)^2 dx <= K*integral_{0..1} f'(x)^4 dx	none	64	not found	12	EIGHT, x, DIVIDE, TAN, COS	SEVEN, SQRT, FIVE, ARCCOSH, DIVIDE, ARCTAN, ARCTANH	2.990e-14	75	0.4	13.5	True	
1215	Product_{k>=1} (1-1/2^k)^(-1)	special	64	not found	12	x, PI, SUBTRACT, THREE, TIMES	NEG, TAN, SIX, COSH, SQRT, ARCTAN, DIVIDE	2.565e-14	107	0.4	13.6	True	1/QPochhammer[1/2, 1/2]
1216	square root of 12	algebraic	64	exact	5	x	TWO, SIX, TIMES, SQRT	0.000e+00	4	0.4	64.0	True	Sqrt[12]
1217	C, a coin tossing constant related to the asymptotic variance of the length of the longest run of consecutive heads	elementary	64	not found	12	x, TAN, GAMMA, EULER, DIVIDE	TWO, ARCTAN, FOUR, ARCCOSH, SUBTRACT, COS, COSH	8.851e-14	58	0.4	13.1	True	1/12 + Pi^2/(6*Log[2]^2)
1218	gamma = 8*lambda^2, a critical threshold of a boundary value problem, where lambda is Laplace's limit constant A033259	none	64	not found	12	x, TAN, ARCTANH, TAN, SIN	THREE, ONE, SIN, SINH, TANH, POWER, TAN	2.262e-14	42	0.4	13.6	True	
1219	infinite product constant	special	64	not found	12	x, TAN, ARCCOS, INV, TAN	NEG, TANH, SINH, INV, FIVE, POWER, EXP	1.400e-13	49	0.4	12.9	True	Product[(1 + \[FormalK]^(-1))^\[FormalK]^(-1), {\[FormalK], 1, Infinity}]
1220	log 10800/π	elementary	64	not found	12	x, TAN, ARCCOS, SQR, LOG	FIVE, GOLDENRATIO, SQRT, GAMMA, SUBTRACT, ARCTAN, EXP	5.526e-15	77	0.4	14.3	True	Log10[10800/Pi]
1221	accumulation point of the logistic map	none	64	not found	12	x, TAN, ARCSINH, ARCTANH, GAMMA	EULER, COS, EXP, EULER, TWO, PLUS, POWER	1.219e-14	39	0.4	13.9	True	
1222	sqrt(13)	algebraic	64	exact	5	x	FOUR, NINE, PLUS, SQRT	0.000e+00	2	0.4	64.0	True	Sqrt[13]
1223	4*(8 - 4*sqrt(2) - log(2))/(2*sqrt(2) - 1)	elementary	64	not found	12	x, SINH, COS, SIN, TAN	THREE, SIN, TAN, SQR, SIN, FOUR, POWER	3.937e-15	81	0.4	14.4	True	4(8-4Sqrt[2]-Log[2])/(2Sqrt[2]-1)
1224	ln(37)	elementary	64	exact	6	x	SIX, SQR, ONE, PLUS, LOG	0.000e+00	5	0.4	64.0	True	Log[37]
1225	2 + phi, with the golden section phi from A001622	algebraic	64	exact	4	x	GOLDENRATIO, TWO, PLUS	0.000e+00	1	0.4	64.0	True	2 + GoldenRatio
1226	Gamma(1/4)	special	64	exact	4	x	FOUR, INV, GAMMA	0.000e+00	1	0.4	63.9	True	Gamma[1/4]
1227	'theta', the unique positive root of the equation polygamma(x) = log(Pi), where polygamma(x) gives gamma'(x)/gamma(x), t	none	64	not found	12	FIVE, x, TAN, COSH, POWER	PI, TANH, GAMMA, EULER, SINH, SIN, PLUS	7.441e-14	101	0.4	13.1	True	
1228	(65 + 9*sqrt(3))/22	algebraic	64	exact	9	x, FIVE, SUBTRACT	THREE, SQRT, FIVE, PLUS, NINE, DIVIDE	0.000e+00	8	0.4	64.0	True	(65+9Sqrt[3])/22
1229	Sum_{n>=1} prime(n)/(2^n)	special	64	not found	12	x, SEVEN, TIMES, COS, ARCSIN	THREE, TANH, ARCCOS, SINH, ONE, ARCSINH, PLUS	9.366e-14	28	0.4	13.0	True	Sum[Prime[i]/2^i,{i,1000}]
1230	ln(41)	elementary	64	exact	6	x	SIX, SQR, FIVE, PLUS, LOG	0.000e+00	4	0.4	64.0	True	Log[41]
1231	ln(43)	elementary	64	exact	6	x	SIX, SQR, SEVEN, PLUS, LOG	0.000e+00	4	0.4	64.0	True	Log[43]
1232	ln(47)	elementary	64	exact	6	x	TWO, SEVEN, SQR, SUBTRACT, LOG	0.000e+00	3	0.4	64.0	True	Log[47]
1233	an optimal stopping constant related to the Secretary problem	none	64	not found	11	x, TAN, EULER, COSH, TIMES	PI, NEG, PLUS, GAMMA, SIX, POWER	4.017e-14	49	0.4	13.4	True	
1234	2D lattice sum analog of Euler γ	special	64	not found	12	x, COS, TAN, COSH, COS	PI, EULER, TIMES, GOLDENRATIO, SQRT, DIVIDE, ARCTANH	1.697e-14	16	0.4	13.8	True	-2*Zeta[1/2]*(Zeta[1/2, 1/4] - Zeta[1/2, 3/4])
1235	-zeta'(1/2)	special	64	not found	12	x, TAN, SIN, EIGHT, POWER	SIX, SQRT, SQRT, FOUR, DIVIDE, PI, PLUS	5.649e-14	24	0.4	13.2	True	-Derivative[1][Zeta][1/2]
1236	ln(53)	elementary	64	exact	6	x	SEVEN, SQR, FOUR, PLUS, LOG	0.000e+00	3	0.4	64.0	True	Log[53]
1237	1000^(1/5)	algebraic	64	exact	8	FIVE, x, POWER	THREE, FIVE, POWER, EIGHT, TIMES	0.000e+00	5	0.4	64.0	True	1000^(1/5)
1239	ln(59)	elementary	64	exact	6	x	FIVE, EIGHT, SQR, SUBTRACT, LOG	0.000e+00	3	0.4	64.0	True	Log[59]
1240	ln(61)	elementary	64	exact	6	x	THREE, EIGHT, SQR, SUBTRACT, LOG	0.000e+00	3	0.4	64.0	True	Log[61]
1241	sqrt(17)	algebraic	64	exact	4	x, ARCCOSH	FOUR, ARCSINH	0.000e+00	2	0.4	64.0	True	Sqrt[17]
1242	sqrt(2*Pi*e)	elementary	64	exact	7	x	PI, PI, PLUS, EULER, TIMES, SQRT	0.000e+00	5	0.4	64.0	True	Sqrt[2Pi E]
1243	Hardy-Littlewood prime quadruples constant	special	64	not found	12	x, TAN, ARCCOSH, SQR, SINH	GOLDENRATIO, COSH, SIX, LOG, ARCSINH, ARCSINH, POWER	3.851e-15	32	0.4	14.4	True	(27*Product[((-4 + Prime[\[FormalK]])*Prime[\[FormalK]]^3)/(-1 + Prime[\[FormalK]])^4, {\[FormalK], 3, Infinity}])/2
1244	four thirds pi	elementary	64	exact	4	x, TAN	THREE, SQRT	0.000e+00	2	0.4	64.0	True	4*Pi/3
1245	ln(67)	elementary	64	exact	6	x	EIGHT, SQR, THREE, PLUS, LOG	0.000e+00	3	0.4	64.0	True	Log[67]
1246	(4*sqrt(2)*Pi^2)/gamma(1/4)^2	special	64	exact	9	EIGHT, SQRT, x, DIVIDE	TWO, LOG, SINH, GAMMA, SQR	0.000e+00	14	0.4	64.0	True	(4*Sqrt[2]*Pi^2)/Gamma[1/4]^2
1247	ln(71)	elementary	64	exact	6	x	EIGHT, SQR, SEVEN, PLUS, LOG	0.000e+00	3	0.4	64.0	True	Log[71]
1248	Pi*e/2	elementary	64	exact	5	x	ONE, ARCSIN, EULER, TIMES	2.080e-16	2	0.4	64.0	True	(Pi*E)/2
1249	ln(73)	elementary	64	exact	6	x	EIGHT, SQR, NINE, PLUS, LOG	0.000e+00	4	0.4	64.0	True	Log[73]
1250	asymptotic value of the second raw moment of the maximal exponent in the prime factorizations of n (A051903)	special	64	not found	12	x, EXP, SQRT, SIN, SINH	THREE, LOG, GAMMA, SIN, THREE, TANH, TIMES	2.478e-15	61	0.4	14.6	True	1 + Sum[(2*j - 1)*(1 - 1/Zeta[j]), {j, 2, 400}]
1251	Korn constant	rational	64	exact	7	x	SEVEN, INV, TWO, SUBTRACT, EIGHT, DIVIDE	0.000e+00	3	0.4	64.0	True	56/13
1252	alpha, the unique solution on [2,oo) of the equation alpha*log((2*e)/alpha)=1	special	64	not found	12	x, FIVE, SUBTRACT, ARCCOS, ARCSINH	SEVEN, COS, EIGHT, TIMES, ARCSINH, LOG, ARCTAN	6.016e-14	110	0.4	13.2	True	-1/ProductLog[-1/(2*E)]
1253	sqrt(19)	algebraic	64	exact	6	x	FOUR, SQR, THREE, PLUS, SQRT	0.000e+00	5	0.4	64.0	True	Sqrt[19]
1254	ln(79)	elementary	64	exact	6	x	TWO, NINE, SQR, SUBTRACT, LOG	0.000e+00	3	0.4	64.0	True	Log[79]
1255	Hayman constant	special	64	exact	9	x, SQRT, PI, DIVIDE	TWO, LOG, SINH, GAMMA, SQR	2.029e-16	4	0.4	64.0	True	Gamma[1/4]^4/(4*Pi^2)
1256	ln(83)	elementary	64	exact	6	x	NINE, SQR, TWO, PLUS, LOG	0.000e+00	3	0.4	64.0	True	Log[83]
1257	pi(2)^(1/2)	elementary	64	exact	5	x	TWO, SQRT, PI, TIMES	0.000e+00	2	0.4	64.0	True	Pi*2^(1/2)
1258	ln(89)	elementary	64	exact	6	x	NINE, SQR, EIGHT, PLUS, LOG	0.000e+00	3	0.4	64.0	True	Log[89]
1259	Freiman constant	algebraic	64	not found	12	SIX, x, SINH, DIVIDE, SIN	TWO, SIN, THREE, DIVIDE, GAMMA, ARCSINH, SIN	7.023e-14	24	0.4	13.2	True	(2221564096 + 283748*Sqrt[462])/491993569
1260	Van der Pauw constant	elementary	64	exact	5	x	TWO, LOG, PI, DIVIDE	0.000e+00	3	0.4	64.0	True	Pi/Log[2]
1261	Gasper constant	algebraic	64	not found	12	ONE, ARCTAN, LOG, x, PLUS	GOLDENRATIO, SEVEN, TANH, SQRT, SIX, PLUS, DIVIDE	6.786e-14	22	0.4	13.2	True	Root[-1134 - 3780*#1 - 5013*#1^2 - 3247*#1^3 - 948*#1^4 - 14*#1^5 + 55*#1^6 + 9*#1^7 & , 1]
1262	ln(97)	elementary	64	exact	7	x	SEVEN, ARCCOSH, TWO, TIMES, COSH, LOG	0.000e+00	7	0.4	64.0	True	Log[97]
1263	2ln(10)	elementary	64	exact	6	x	NEG, NINE, SUBTRACT, SQR, LOG	0.000e+00	4	0.4	64.0	True	2*Log[10]
1264	100^(1/3)	algebraic	64	exact	7	THREE, x, POWER	NEG, NINE, SUBTRACT, SQR	0.000e+00	7	0.4	64.0	True	100^(1/3)
1265	Product_{p prime} (1 + 1/p^(4/3) + 1/p^(5/3))	none	64	not found	12	x, SQR, COS, ARCSINH, COSH	EULER, TANH, SIN, GAMMA, ONE, PLUS, ARCCOSH	9.913e-14	39	0.4	13.0	True	
1266	Feigenbaum delta	none	64	not found	12	THREE, LOG, SQR, x, SUBTRACT	TWO, COSH, COS, ARCTANH, EXP, PI, PLUS	2.003e-13	40	0.4	12.7	True	
1267	3pi/2	elementary	64	exact	5	x	NEG, ARCSIN, PI, SUBTRACT	0.000e+00	4	0.4	64.0	True	3*Pi/2
1268	rod constant	special	64	not found	12	x, SIX, SUBTRACT, TANH, ARCSINH	THREE, ARCCOSH, SINH, GAMMA, GAMMA, TAN, INV	8.713e-14	50	0.4	13.1	True	Root[{-1 + Cos[#1]*Cosh[#1] & , 4.730040744862704026`19.67486488179338}]
1269	sqrt(23)	algebraic	64	exact	6	x	FOUR, SQR, SEVEN, PLUS, SQRT	0.000e+00	8	0.4	64.0	True	Sqrt[23]
1270	John constant lower bound	special	64	exact	4	x	PI, EXP, SQRT	0.000e+00	3	0.4	64.0	True	I^(-I)
1271	two-arc beam detection constant	special	64	not found	12	x, INV, TAN, INV, GAMMA	TWO, SQRT, TANH, COSH, EULER, EXP, PLUS	7.317e-14	45	0.4	13.1	True	ConditionalExpression[Extension`TwoArcApproximationBeamDetectionConstant == -2*\[FormalA] - \[FormalB] + 2*Pi - Cos[\[FormalB]/2] + Sec[\[FormalB]/2] + 2*Tan[\[FormalA]/2] + Sin[\[FormalB]/2]*Tan[\[FormalA]/2], \[FormalA] == 4*ArcTan[Sqrt[\[FormalC]]] && \[FormalB] == 2*ArcSin[2*Cos[\[FormalA]]] && \[FormalB] == 2*ArcSin[2*Cos[\[FormalA]]] && \[FormalC] == Root[1 + 65*\[FormalX] - 2139*\[FormalX]^2 + 20476*\[FormalX]^3 - 78054*\[FormalX]^4 + 126214*\[FormalX]^5 - 78054*\[FormalX]^6 + 20476*\[FormalX]^7 - 2139*\[FormalX]^8 + 65*\[FormalX]^9 + \[FormalX]^10, \[FormalX], 4]]
1272	second moment of the reciprocal gamma distribution	none	64	not found	12	PI, x, DIVIDE, NINE, POWER	PI, GOLDENRATIO, DIVIDE, SQR, TAN, EIGHT, DIVIDE	2.011e-13	94	0.4	12.7	True	
1273	unique solution > 1 of the equation x*log(x)=2(x-1)	none	64	not found	12	x, COSH, SQRT, FIVE, DIVIDE	EULER, SQRT, GOLDENRATIO, ARCCOSH, INV, TANH, POWER	1.014e-13	12	0.4	13.0	True	
1274	xi_3 = 5*G, the volume of an ideal hyperbolic cube, where G is Gieseking's constant	none	64	not found	12	x, FIVE, PLUS, ARCSINH, TAN	FIVE, SEVEN, COS, ARCTAN, PI, DIVIDE, SUBTRACT	4.656e-14	55	0.4	13.3	True	
1275	'lambda', a Sobolev isoperimetric constant related to the "rod inequality", arising from the elasticity study of a rod t	none	64	not found	11	x, COS, GAMMA, SIX, DIVIDE	SEVEN, COS, EXP, TWO, ARCCOSH, TIMES	2.351e-14	20	0.4	13.6	True	
1276	Lower limit of backward value of 5^n	none	64	not found	12	x, COS, SQR, ARCTANH, INV	SEVEN, INV, COS, NINE, ARCTAN, EXP, TIMES	1.073e-14	14	0.4	14.0	True	
1277	hypersphere maximal volume dimension constant	special	64	not found	12	FOUR, x, SUBTRACT, ARCCOSH, INV	THREE, TANH, SINH, THREE, POWER, ARCCOSH, ARCSINH	1.690e-15	27	0.4	14.8	True	Root[{-2 + Log[Pi]*#1 - PolyGamma[0, #1/2]*#1 & , 5.25694640486057678013283838869`29.720733549361597}]
1278	2*Pi^2*log(2) - 7*zeta(3)	special	64	not found	12	x, INV, ARCSIN, ARCTAN, GAMMA	NINE, ARCTAN, COS, TANH, ARCSINH, LOG, SQR	6.340e-14	26	0.4	13.2	True	2Pi^2Log[2]-7Zeta[3]
1279	log 648000/π	elementary	64	not found	12	x, THREE, PLUS, SIN, SINH	SEVEN, ARCTAN, ARCCOSH, EIGHT, INV, ARCSINH, PLUS	2.557e-14	61	0.4	13.6	True	Log10[648000/Pi]
1280	Pi*csc(Pi/5)	elementary	64	exact	7	x, PI, DIVIDE, ARCSIN	FIVE, PI, DIVIDE	0.000e+00	3	0.4	64.0	True	Pi*Csc[Pi/5]
1281	sqrt(29)	algebraic	64	exact	6	x	FIVE, GAMMA, FIVE, PLUS, SQRT	0.000e+00	5	0.4	64.0	True	Sqrt[29]
1282	analog of Lévy's constant in case of the nearest integer continued fraction of -1/2<x<1/2	elementary	64	exact	8	x, LOG	TWO, ARCSINH, NEG, ARCSIN, SQR, DIVIDE	0.000e+00	8	0.4	64.0	True	Exp[Pi^2/(12*Log[GoldenRatio])]
1283	sqrt(31)	algebraic	64	exact	6	x	FIVE, GAMMA, SEVEN, PLUS, SQRT	0.000e+00	5	0.4	64.0	True	Sqrt[31]
1284	pi^(3/2)	elementary	64	exact	5	x	THREE, PI, POWER, SQRT	0.000e+00	3	0.4	64.0	True	Pi^(3/2)
1285	1000^(1/4)	algebraic	64	exact	7	x	THREE, THREE, ARCSINH, COSH, POWER, SQRT	1.579e-16	2	0.4	64.0	True	1000^(1/4)
1286	a constant related to A000151	none	64	not found	12	x, TAN, ARCSIN, ARCSIN, COSH	FIVE, GAMMA, ARCSINH, ARCTAN, EXP, COSH, ARCTAN	1.298e-13	30	0.4	12.9	True	
1287	c for which b(n+1) = c^(b(n)/n) neither explodes nor converges (A278453)	none	64	not found	12	x, SIN, TWO, TIMES, SINH	SIX, EULER, SIN, SINH, SUBTRACT, ARCSINH, ARCTAN	8.391e-14	70	0.4	13.1	True	
1288	'lambda', a Sobolev isoperimetric constant related to the "membrane inequality", arising from the study of a vibrating m	none	64	not found	12	x, COS, ARCCOS, TWO, TIMES	PI, NINE, SIN, DIVIDE, TAN, GAMMA, TANH	6.297e-15	60	0.4	14.2	True	
1289	zeta(3/4) * Product_{p prime} (1 + 1/p^(5/4) - 1/p^2 - 1/p^(9/4)) (negated)	none	64	not found	12	x, ARCCOSH, SINH, COS, COS	GOLDENRATIO, FOUR, SUBTRACT, SQRT, SINH, LOG, ARCCOS	9.498e-14	72	0.4	13.0	True	
1290	sqrt(37)	algebraic	64	exact	4	x, ARCCOSH	SIX, ARCSINH	0.000e+00	2	0.4	64.0	True	Sqrt[37]
1291	Tau	elementary	64	exact	4	x	PI, PI, PLUS	0.000e+00	1	0.4	64.0	True	2*Pi
1292	2 Pi/sin(arctan(2 Pi))	elementary	64	exact	6	x	PI, PI, PLUS, ARCSINH, COSH	0.000e+00	3	0.4	64.0	True	2*Pi/Sin[ArcTan[2*Pi]]
1293	sqrt(41)	algebraic	64	exact	6	x	SIX, SQR, FIVE, PLUS, SQRT	0.000e+00	4	0.4	64.0	True	Sqrt[41]
1294	sqrt(43)	algebraic	64	exact	6	x	SIX, SQR, SEVEN, PLUS, SQRT	0.000e+00	4	0.4	64.0	True	Sqrt[43]
1295	Froda constant	elementary	64	exact	4	x	EULER, TWO, POWER	1.350e-16	1	0.4	64.0	True	2^E
1296	(real) period of the elliptic function sn(x,1/2)	special	64	not found	12	x, TAN, SINH, ARCCOS, GAMMA	PI, ARCCOSH, FOUR, ARCCOSH, SUBTRACT, COS, SQRT	3.846e-14	25	0.4	13.4	True	8*EllipticK[-1/3]/Sqrt[3]
1297	sqrt(47)	algebraic	64	exact	6	x	TWO, SEVEN, SQR, SUBTRACT, SQRT	0.000e+00	6	0.4	64.0	True	Sqrt[47]
1298	3ln(10)	elementary	64	exact	7	x	THREE, FIVE, POWER, EIGHT, TIMES, LOG	0.000e+00	8	0.4	64.0	True	3*Log[10]
1299	John constant upper bound	special	64	not found	12	x, COS, COS, SINH, SQR	THREE, ARCTAN, TWO, DIVIDE, SINH, ARCTAN, TANH	4.980e-14	17	0.4	13.3	True	ConditionalExpression[Extension`JohnConstantUpperBound == Exp[\[FormalLambda]*Pi], Pi/Exp[2*\[FormalLambda]*Pi] == Sum[(\[FormalK]*Exp[-1/2*(\[FormalK]*Pi)/\[FormalLambda]])/(\[FormalK]^2 + \[FormalLambda]^2), {\[FormalK], 1, Infinity}]]
1300	hypersphere maximal surface area dimension constant	special	64	not found	12	SIX, x, SUBTRACT, ARCCOSH, INV	THREE, TANH, SINH, THREE, POWER, ARCCOSH, ARCSINH	1.224e-15	20	0.4	14.9	True	Root[{Log[Pi] - PolyGamma[0, #1/2] & , 7.25694640486057678013283838869`29.860753915673623}]
1301	sqrt(53)	algebraic	64	exact	6	x	SEVEN, SQR, FOUR, PLUS, SQRT	0.000e+00	3	0.4	64.0	True	Sqrt[53]
1302	c_o, coefficient associated with the asymptotic evaluation c_o*2^(n^2/4) of the number of subspaces of the n-dimensional	none	64	not found	12	GOLDENRATIO, x, SUBTRACT, TAN, ARCCOS	GOLDENRATIO, ARCTAN, FIVE, SINH, LOG, ARCSINH, POWER	1.602e-14	23	0.4	13.8	True	
1303	c_e, coefficient associated with the asymptotic evaluation c_e*2^(n^2/4) of the number of subspaces of the n-dimensional	none	64	not found	12	x, ARCSINH, COSH, TAN, GAMMA	EIGHT, ARCCOSH, TANH, TANH, SIN, GAMMA, SQRT	8.337e-14	25	0.4	13.1	True	
1304	e^2	elementary	64	exact	3	x	TWO, EXP	0.000e+00	1	0.4	64.0	True	E^2
1305	sqrt(59)	algebraic	64	exact	6	x	FIVE, EIGHT, SQR, SUBTRACT, SQRT	0.000e+00	3	0.4	64.0	True	Sqrt[59]
1306	digital search tree θ constant	special	64	not found	12	x, EIGHT, SUBTRACT, GAMMA, ARCSINH	THREE, SIN, SQRT, ARCCOS, SIX, PLUS, LOG	8.557e-14	29	0.4	13.1	True	Sum[(2^(((-1 + \[FormalK])*\[FormalK])/2)*\[FormalK]*Sum[(-1 + 2^\[FormalI])^(-1), {\[FormalI], 1, \[FormalK]}])/Product[-1 + 2^\[FormalJ], {\[FormalJ], 1, \[FormalK]}], {\[FormalK], 1, Infinity}]
1307	sqrt(61)	algebraic	64	exact	6	x	THREE, EIGHT, SQR, SUBTRACT, SQRT	0.000e+00	3	0.4	64.0	True	Sqrt[61]
1308	Sierpiński's third constant, K3 = lim_{n->oo} ((1/n) * (Sum_{i=1..n} (A004018(i))^2) - 4 * log(n))	special	64	not found	12	x, NINE, SUBTRACT, COS, SINH	NEG, COSH, GOLDENRATIO, TIMES, TAN, COS, ARCTAN	3.171e-14	54	0.4	13.5	True	4/3 (24*Log[Gamma[3/4]] - 12*Log[Pi] + 72*Log[Glaisher] - 5*Log[2] + 6*EulerGamma - 3)
1309	sqrt(67)	algebraic	64	exact	6	x	EIGHT, SQR, THREE, PLUS, SQRT	0.000e+00	3	0.4	64.0	True	Sqrt[67]
1310	sqrt(71)	algebraic	64	exact	6	x	EIGHT, SQR, SEVEN, PLUS, SQRT	0.000e+00	3	0.4	64.0	True	Sqrt[71]
1311	sqrt(73)	algebraic	64	exact	6	x	EIGHT, SQR, NINE, PLUS, SQRT	0.000e+00	4	0.4	64.0	True	Sqrt[73]
1312	polygon circumscription constant	special	64	not found	12	x, SIN, EXP, INV, ARCSINH	ONE, SIN, TANH, ARCSINH, ARCCOS, TANH, SQR	1.523e-13	182	0.4	12.8	True	Product[Sec[Pi/\[FormalK]], {\[FormalK], 3, Infinity}]
1313	sqrt(79)	algebraic	64	exact	6	x	TWO, NINE, SQR, SUBTRACT, SQRT	0.000e+00	6	0.4	64.0	True	Sqrt[79]
1314	sqrt(83)	algebraic	64	exact	6	x	NINE, SQR, TWO, PLUS, SQRT	0.000e+00	6	0.4	64.0	True	Sqrt[83]
1315	4ln(10)	elementary	64	exact	7	x	NEG, NINE, SUBTRACT, SQR, SQR, LOG	0.000e+00	9	0.4	64.0	True	4*Log[10]
1316	Varga's constant	none	64	not found	12	THREE, COS, x, PLUS, COS	EIGHT, TAN, PI, DIVIDE, TAN, TANH, TANH	3.526e-13	108	0.4	12.5	True	
1317	3pi	elementary	64	exact	4	x	PI, THREE, TIMES	0.000e+00	1	0.4	64.0	True	3*Pi
1318	sqrt(89)	algebraic	64	exact	6	x	NINE, SQR, EIGHT, PLUS, SQRT	0.000e+00	3	0.4	64.0	True	Sqrt[89]
1319	Wagon's constant	none	64	not found	12	x, LOG, FIVE, SUBTRACT, LOG	FIVE, INV, ARCSINH, SIX, LOG, ARCTAN, POWER	3.242e-14	97	0.4	13.5	True	
1320	Product_{p prime} (1 + 1/p^(5/4) + 1/p^(3/2) + 1/p^(7/4))	none	64	not found	12	EIGHT, x, SQR, DIVIDE, COS	SIX, SIN, SINH, TAN, TAN, EXP, ARCTAN	4.538e-14	111	0.4	13.3	True	
1321	sqrt(97)	algebraic	64	exact	7	x	FOUR, SQR, NINE, SQR, PLUS, SQRT	0.000e+00	14	0.4	64.0	True	Sqrt[97]
1322	π^2	elementary	64	exact	3	x	PI, SQR	0.000e+00	1	0.4	64.0	True	Pi^2
1323	smallest number > 1 with the same digits in decimal and binary	none	64	not found	12	x, SIN, TWO, PLUS, ARCCOSH	TWO, COSH, TAN, ARCTAN, ARCTAN, SQRT, ARCSIN	7.229e-14	56	0.4	13.1	True	
1324	2*zeta(3/2)^4/(3*sqrt(2*Pi)*zeta(3))	special	64	not found	12	EIGHT, x, SUBTRACT, GAMMA, TAN	FIVE, LOG, TANH, SQR, SEVEN, POWER, ARCSINH	3.327e-14	49	0.4	13.5	True	2*Zeta[3/2]^4/(3*Sqrt[2*Pi]*Zeta[3])
1325	e^(Pi^2/(6*log(2)))	elementary	64	exact	8	x	EIGHT, LOG, PI, SQR, DIVIDE, EXP, SQRT	0.000e+00	10	0.4	63.4	True	E^(Pi^2/(6Log[2]))
1326	z_c = phi^5 (where phi is the golden ratio), a lattice statistics constant which is the exact value of the critical acti	algebraic	64	exact	4	x	FIVE, GOLDENRATIO, POWER	1.602e-16	1	0.4	63.5	True	GoldenRatio^5
1327	5ln(10)	elementary	64	exact	7	x	FIVE, NEG, NINE, SUBTRACT, POWER, LOG	0.000e+00	4	0.4	63.4	True	5*Log[10]
1328	4pi	elementary	64	exact	4	x	PI, FOUR, TIMES	0.000e+00	1	0.4	64.0	True	4*Pi
1329	6ln(10)	elementary	64	exact	7	x	SIX, NEG, NINE, SUBTRACT, POWER, LOG	0.000e+00	4	0.4	63.5	True	6*Log[10]
1330	Imaginary part of first non-trivial zero of zeta function	special	64	not found	11	x, PI, SUBTRACT, ARCSINH, GAMMA	EIGHT, EULER, ARCSINH, GAMMA, POWER, EXP	2.953e-14	102	0.4	13.5	True	Im[ZetaZero[1]]
1331	Product_{j>=1, j!=2} zeta(j/2) (negated)	none	64	not found	12	SEVEN, x, DIVIDE, COS, SIN	FOUR, TAN, TANH, ARCCOS, SIX, TAN, DIVIDE	4.184e-14	168	0.4	13.4	True	
1332	exponential reiterated constant	elementary	64	exact	3	x	EULER, EXP	1.172e-16	1	0.4	63.6	True	E^E
1333	5pi	elementary	64	exact	4	x	PI, FIVE, TIMES	0.000e+00	1	0.4	64.0	True	5*Pi
1334	7ln(10)	elementary	64	exact	7	x	SEVEN, NEG, NINE, SUBTRACT, POWER, LOG	0.000e+00	4	0.4	63.7	True	7*Log[10]
1335	Product_{p prime} (1 + 1/p^(6/5) + 1/p^(7/5) - 1/p^2 - 1/p^(11/5) - 1/p^(12/5)) (negated)	none	64	not found	12	x, SQRT, SINH, ARCCOSH, GAMMA	PI, ARCCOSH, SQR, SIN, COS, SIX, PLUS	3.871e-14	2997	0.4	13.4	True	
1336	8ln(10)	elementary	64	exact	7	x	EIGHT, NEG, NINE, SUBTRACT, POWER, LOG	0.000e+00	5	0.4	63.9	True	8*Log[10]
1337	6pi	elementary	64	exact	4	x	PI, SIX, TIMES	0.000e+00	1	0.4	63.7	True	6*Pi
1338	Product_{p prime} (1 + 1/p^(6/5) + 1/p^(7/5) + 1/p^(8/5) + 1/p^(9/5))	none	64	not found	12	x, SIN, SIN, SIN, TAN	SIX, ARCCOSH, TWO, DIVIDE, NINE, TIMES, COS	3.471e-15	104	0.4	14.5	True	
1339	e^pi - pi	elementary	64	exact	5	x	PI, PI, EXP, SUBTRACT	1.776e-16	2	0.4	63.9	True	E^Pi - Pi
1340	e^3	elementary	64	exact	3	x	THREE, EXP	0.000e+00	1	0.4	64.0	True	E^3
1341	9ln(10)	elementary	64	exact	7	x	NINE, NEG, NINE, SUBTRACT, POWER, LOG	0.000e+00	4	0.4	64.0	True	9*Log[10]
1342	imaginary part of 2nd nontrivial zero of Riemann zeta function	none	64	not found	12	x, COS, EXP, ARCSINH, ARCCOS	FIVE, GAMMA, SEVEN, SIN, PLUS, ARCCOSH, TANH	7.267e-15	193	0.4	14.1	True	
1343	7pi	elementary	64	exact	4	x	PI, SEVEN, TIMES	0.000e+00	1	0.4	63.8	True	7*Pi
1344	pi pow e	elementary	64	exact	4	x	EULER, PI, POWER	3.164e-16	1	0.4	63.7	True	Pi^E
1345	Gelfond's constant	elementary	64	exact	3	x	PI, EXP	1.535e-16	1	0.4	64.0	True	E^Pi
1346	imaginary part of 3rd nontrivial zero of Riemann zeta function	none	64	not found	11	x, LOG, NINE, TIMES, TAN	EIGHT, NEG, ARCSINH, ARCTANH, DIVIDE, EXP	3.446e-13	150	0.4	12.5	True	
1347	8pi	elementary	64	exact	4	x	PI, EIGHT, TIMES	0.000e+00	1	0.4	64.0	True	8*Pi
1348	9pi	elementary	64	exact	4	x	PI, NINE, TIMES	0.000e+00	1	0.4	64.0	True	9*Pi
1349	pi cubed	elementary	64	exact	4	x	THREE, PI, POWER	1.146e-16	1	0.4	63.9	True	Pi^3
1350	π^π	elementary	64	exact	4	x	PI, PI, POWER	1.949e-16	1	0.4	64.0	True	Pi^Pi
1351	e^4	elementary	64	exact	3	x	FOUR, EXP	0.000e+00	1	0.4	64.0	True	E^4
1352	radian	elementary	64	exact	7	x	ONE, ARCTAN, FIVE, DIVIDE, NINE, TIMES	0.000e+00	14	0.4	64.0	True	180/Pi
1353	pi^4	elementary	64	exact	4	x	PI, SQR, SQR	1.459e-16	2	0.4	64.0	True	Pi^4
1354	Product_{j>=1, j!=3} zeta(j/3)	none	64	not found	12	x, SQRT, THREE, SUBTRACT, COSH	GOLDENRATIO, EULER, SINH, EIGHT, ARCCOSH, POWER, DIVIDE	1.086e-12	53	0.4	12.0	True	
1355	Golden angle degrees	algebraic	64	exact	8	x	GOLDENRATIO, SQR, SIX, GAMMA, DIVIDE, THREE, TIMES	0.000e+00	10	0.4	63.7	True	180*(3 - Sqrt[5])
1356	e^5	elementary	64	exact	3	x	FIVE, EXP	0.000e+00	1	0.4	64.0	True	E^5
1357	pi^5	elementary	64	exact	4	x	FIVE, PI, POWER	3.715e-16	1	0.4	64.0	True	Pi^5
1358	e^6	elementary	64	exact	3	x	SIX, EXP	0.000e+00	1	0.4	64.0	True	E^6
1359	e^(2pi)	elementary	64	exact	4	x	PI, EXP, SQR	2.123e-16	2	0.4	64.0	True	E^(2*Pi)
1360	Jenny constant	elementary	64	exact	11	PI, SQR, x, DIVIDE	NINE, ONE, SINH, SEVEN, SQR, POWER, SUBTRACT	3.931e-16	1	0.4	64.0	True	(-9 + 7^(-E^(-1) + E))*Pi^2
1361	pi^6	elementary	64	exact	4	x	SIX, PI, POWER	3.548e-16	1	0.4	64.0	True	Pi^6
1362	e^7	elementary	64	exact	3	x	SEVEN, EXP	0.000e+00	1	0.4	63.7	True	E^7
1363	e^8	elementary	64	exact	3	x	EIGHT, EXP	0.000e+00	1	0.4	63.9	True	E^8
1364	pi^7	elementary	64	exact	4	x	SEVEN, PI, POWER	3.011e-16	1	0.4	63.9	True	Pi^7
1365	10800/π	elementary	64	exact	9	x, FIVE, DIVIDE	SEVEN, GAMMA, TWO, INV, ARCCOS, DIVIDE	0.000e+00	15	0.4	64.0	True	10800/Pi
1366	e^9	elementary	64	exact	3	x	NINE, EXP	0.000e+00	1	0.4	64.0	True	E^9
1367	Gram point crossover constant	special	64	not found	12	x, ARCSINH, THREE, PLUS, SIN	SIX, NEG, COSH, COS, SUBTRACT, ARCTAN, EXP	1.961e-12	46	0.4	11.7	True	Root[{-RiemannSiegelTheta[#1] + Pi*#1 & , 9146.69819317145926586619766347`29.961264349227967}]
1368	pi^8	elementary	64	exact	4	x	EIGHT, PI, POWER	1.917e-16	1	0.4	64.0	True	Pi^8
1369	e^(3pi)	elementary	64	exact	5	x	THREE, PI, EXP, POWER	1.468e-16	1	0.4	63.6	True	E^(3*Pi)
1370	e^10	elementary	64	exact	4	x, SQRT	FIVE, EXP	0.000e+00	2	0.4	63.7	True	E^10
1371	pi^9	elementary	64	exact	4	x	NINE, PI, POWER	3.661e-16	1	0.4	64.0	True	Pi^9
1372	pi^10	elementary	64	exact	7	x	FIVE, PI, POWER, SQR, ARCSINH, SINH	0.000e+00	11	0.4	64.0	True	Pi^10
1373	648000/π	elementary	64	exact	10	x, FIVE, DIVIDE	SIX, GAMMA, THREE, TIMES, SQR, PI, DIVIDE	0.000e+00	37	0.4	64.0	True	648000/Pi
1374	e^(4pi)	elementary	64	exact	5	x	FOUR, PI, EXP, POWER	2.030e-16	2	0.4	64.0	True	E^(4*Pi)
1375	e^(5pi)	elementary	64	exact	5	x	FIVE, PI, EXP, POWER	4.211e-16	1	0.4	64.0	True	E^(5*Pi)
1376	e^(6pi)	elementary	64	exact	6	x	THREE, PI, EXP, POWER, SQR	1.941e-16	2	0.4	63.9	True	E^(6*Pi)
1377	e^(7pi)	elementary	64	exact	7	x, LOG, SINH	PI, SEVEN, TIMES, SINH	0.000e+00	14	0.4	64.0	True	E^(7*Pi)
1378	e^(8pi)	elementary	64	exact	7	x, LOG, SINH	PI, EIGHT, TIMES, SINH	0.000e+00	12	0.4	64.0	True	E^(8*Pi)
1379	e^(9pi)	elementary	64	exact	7	x	PI, NINE, EXP, ARCCOSH, COSH, POWER	0.000e+00	11	0.4	64.0	True	E^(9*Pi)
1380	e^(10pi)	elementary	64	exact	7	SIX, x, LOG, DIVIDE, COS	TWO, INV	0.000e+00	21	0.4	64.0	True	E^(10*Pi)
1381	Ramanujan's constant	elementary	64	not found	12	SIX, SQR, SINH, x, DIVIDE	EULER, FIVE, POWER, ARCCOSH, SQRT, COSH, EXP	3.491e-11	26	0.4	10.5	True	E^(Sqrt[163]*Pi)
