id	name	class	digits	verdict	ops	nsimplify	agree	time	error	formula
1	conic constant	elementary	64	exact	2	-exp(2)	64.0	0.04		-E^2
2	log π/648000	elementary	64	false positive	15	-pi/sqrt(-412*E/261 - 91*pi/261 + 167/261 + 274*GoldenRatio/87)	16.2	0.16		Log10[Pi/648000]
3	log π/10800	elementary	64	false positive	14	-(-161*pi/12 - 91/12 + 131*GoldenRatio/18 + 35*E/2)*exp(-1)	16.6	0.04		Log10[Pi/10800]
4	log e^(-2π)	elementary	64	false positive	13	-(-33/5 - 74*pi/65 + 266*GoldenRatio/65 + 58*E/13)/pi	16.2	0.06		Log10[E^(-2*Pi)]
5	(1 + 1/e)/(1/e - 1) = -coth(1/2)	elementary	64	rational fallback	2	-43279068274773/20000000000000	14.9	0.45		(1 + 1/E)/(1/E - 1)
6	Madelung 6D square lattice constant	special	64	false positive	14	-GoldenRatio/(-346*pi/461 + 67*E/461 + 340*GoldenRatio/461 + 773/461)**2	16.4	0.23		(3*(4*DirichletBeta[5/2]*(-1 + Sqrt[2])*Zeta[1/2] - DirichletBeta[1/2]*(-1 + 4*Sqrt[2])*Zeta[5/2]))/Pi^2
7	Madelung 4D square lattice constant	special	64	false positive	13	-1/(-136*GoldenRatio/83 - 956/581 + 299*pi/581 + 689*E/581)	16.4	0.07		-8*(5 - 3*Sqrt[2])*Zeta[-1/2]*Zeta[1/2]
8	log π/180	elementary	64	false positive	14	-1/log(-603*E/941 + 220/941 + 780*GoldenRatio/941 + 579*pi/941)	16.2	0.31		Log10[Pi/180]
9	Madelung 2D square lattice constant	special	64	false positive	13	-GoldenRatio*(-507*E/188 - 181*GoldenRatio/47 - 83/47 + 977*pi/188)	16.5	0.05		4*DirichletBeta[1/2]*(-1 + Sqrt[2])*Zeta[1/2]
10	Bateman-Grosswald constant	special	64	false positive	15	-GoldenRatio**2*(-16*E/29 - 560/899 + 509*GoldenRatio/899 + 561*pi/899)**2	16.3	0.25		Zeta[2/3]/Zeta[2]
11	log e^(-π)	elementary	64	false positive	13	-(-33/10 - 37*pi/65 + 133*GoldenRatio/65 + 29*E/13)/pi	16.2	0.05		Log10[E^(-Pi)]
12	log 1/4π	elementary	64	false positive	15	-GoldenRatio/sqrt(-257*E/220 + 23*GoldenRatio/44 + 167/165 + 61*pi/55)	16.3	0.13		Log10[1/(4*Pi)]
13	generalized Stirling constant	special	64	false positive	14	-sqrt(-900/949 - 9*pi/949 - 7*GoldenRatio/949 + 697*E/949)	16.5	0.06		EulerGamma^2/4 - Pi^2/48 + StieltjesGamma[1]/2 - Log[2*Pi]^2/4
14	Neg	rational	64	exact	1	-1	64.0	0.00		-1
15	log 1/π^2	elementary	64	rational fallback	2	-248574936347067/250000000000000	15.5	0.44		Log10[1/Pi^2]
16	log 1/3π	elementary	64	false positive	13	-pi*(-114*pi/281 - 173*GoldenRatio/562 + 87*E/562 + 467/281)	16.8	0.04		Log10[1/(3*Pi)]
17	zeta'(2)	special	64	false positive	14	-log(pi/(-422*E/179 - 582/179 + 232*GoldenRatio/179 + 501*pi/179))	17.1	0.34		Derivative[1][Zeta][2]
18	log 1/e^2	elementary	64	false positive	14	-pi**2/(-17/36 - GoldenRatio/6 + 413*E/936 + 217*pi/234)**2	16.6	0.25		Log10[1/E^2]
19	log 1/2π	elementary	64	false positive	15	-GoldenRatio*sqrt(-799*GoldenRatio/942 - 70*E/471 + 203/942 + 541*pi/942)	17.2	0.09		Log10[1/(2*Pi)]
20	infinite tetration of reciprocal root 2	special	64	false positive	15	-(-833*E/412 + 207/412 + 543*GoldenRatio/412 + 561*pi/412)**2/GoldenRatio**2	16.5	0.24		(-2*ProductLog[Log[2]/2])/Log[2]
21	log e^(-π/2)	elementary	64	false positive	13	-(-33/20 - 37*pi/130 + 133*GoldenRatio/130 + 29*E/26)/pi	16.2	0.02		Log10[E^(-Pi/2)]
22	Granville-Soundararajan constant	special	64	false positive	14	-E*(-66/227 - 68*E/681 - 40*pi/681 + 416*GoldenRatio/681)	16.1	0.03		1 + Pi^2/3 + 4*PolyLog[2, -Sqrt[E]]
23	ln(gamma)	special	64	false positive	14	-pi*(-489*E/824 + 37*pi/412 + 545/824 + 277*GoldenRatio/412)**2	16.8	0.18		Log[EulerGamma]
24	log 1/π	elementary	64	false positive	14	-GoldenRatio/log(-471*GoldenRatio/77 + 136/77 + 893*E/154 + 64*pi/11)	19.2	0.29		Log10[1/Pi]
25	log 1/e	elementary	64	exact	3	-1/log(10)	64.0	0.26		Log10[1/E]
26	log Sqrt[1/2π]	elementary	64	false positive	13	-(-697*pi/413 - 100/59 + 515*GoldenRatio/413 + 947*E/413)/pi	17.8	0.03		Log10[Sqrt[1/(2*Pi)]]
27	ln ln two	elementary	64	false positive	15	-log(E*(-425*pi/481 - 739*GoldenRatio/481 + 617/481 + 798*E/481))	16.9	0.29		Log[Log[2]]
28	log M = log e	elementary	64	rational fallback	2	-362215688699463/1000000000000000	15.2	0.41		Log10[Log10[E]]
29	log π/6	elementary	64	false positive	11	-441*E/848 - 61*pi/848 + 71/106 + 361*GoldenRatio/848	16.7	0.01		Log10[Pi/6]
31	Airy function constant	special	64	false positive	14	-GoldenRatio*log(-695*pi/226 - 247/113 + 260*GoldenRatio/113 + 773*E/226)	16.0	0.26		-(1/(3^(1/3)*Gamma[1/3]))
32	log Sqrt[1/π]	elementary	64	false positive	14	-1/log(-622*pi/17 + 275*GoldenRatio/17 + 450/17 + 739*E/17)	16.9	0.25		Log10[Sqrt[1/Pi]]
33	log γ	special	64	false positive	14	-log(GoldenRatio*(-24*E/47 - 527*GoldenRatio/940 - 117/470 + 249*pi/235))	16.4	0.28		Log10[EulerGamma]
34	log Sqrt[1/e]	elementary	64	false positive	13	-GoldenRatio/(-621/589 + 161*GoldenRatio/589 + 692*E/589 + 913*pi/589)	16.6	0.05		Log10[Sqrt[1/E]]
35	log Cbrt[3/4π]	elementary	64	false positive	16	-exp(GoldenRatio/(-373*pi/975 - 16*E/65 - 27/65 + 758*GoldenRatio/975))	16.3	0.39		Log10[CubeRoot[3/(4*Pi)]]
36	log 2/π	elementary	64	rational fallback	2	-196119877030153/1000000000000000	14.8	0.46		Log10[2/Pi]
37	log Cbrt[1/π]	elementary	64	false positive	14	-(-301*GoldenRatio/892 - 173/892 + 23*pi/892 + 453*E/892)**2/pi	17.1	0.15		Log10[CubeRoot[1/Pi]]
38	log Cbrt[1/e]	elementary	64	false positive	14	-exp(-929*GoldenRatio/599 - 546*E/599 - 27/599 + 591*pi/599)	16.5	0.32		Log10[CubeRoot[1/E]]
39	ln(Gamma(4/3))	special	64	rational fallback	2	-113191641740343/1000000000000000	14.5	0.41		LogGamma[4/3]
40	log π/4	elementary	64	false positive	13	-GoldenRatio/(-23*E/37 + 141/148 + 85*pi/37 + 409*GoldenRatio/74)	16.3	0.05		Log10[Pi/4]
41	ln(Gamma(5/3))	special	64	false positive	13	-pi*(-181*pi/403 - 134/403 + 27*E/403 + 397*GoldenRatio/403)	15.8	0.04		LogGamma[5/3]
42	ln(Gamma(5/4))	special	64	rational fallback	2	-245679591054533/2500000000000000	15.4	0.39		LogGamma[5/4]
43	log Sqrt[2/π]	elementary	64	false positive	14	-pi/(-970/603 + 250*GoldenRatio/603 + 460*pi/603 + 932*E/603)**2	16.7	0.20		Log10[Sqrt[2/Pi]]
44	ln(Gamma(7/4))	special	64	false positive	13	-(-84*E/163 - 434/489 - 203*GoldenRatio/489 + 482*pi/489)/GoldenRatio	16.1	0.02		LogGamma[7/4]
45	Stieltjes constant	special	64	false positive	14	-(-744*GoldenRatio/923 - 175/923 + 24*E/923 + 530*pi/923)**2/pi	17.3	0.16		1 + EulerGamma^2 - Pi^2/8 + 2*StieltjesGamma[1]
46	Gauchman constant	special	64	false positive	15	-sqrt(-397/128 - 7*pi/8 - 3*E/64 + 473*GoldenRatio/128)/GoldenRatio	14.2	0.06		ConditionalExpression[Extension`GauchmanConstant == \[FormalX], E^(\[FormalU]/2) + 2*E^\[FormalU] + E^((3*\[FormalU])/2) + E^(\[FormalU] + \[FormalV]) == E^\[FormalV] + 2*E^(\[FormalU]/2 + \[FormalV]) && 2*(1 + \[FormalX] + E^(\[FormalU]/2 - \[FormalV])) == 4/E^(\[FormalU]/2) + (-2 + \[FormalU])/E^\[FormalV] && 1 + \[FormalU] + 6*E^(\[FormalU]/2) + 4*E^\[FormalU] + 4*E^(\[FormalU]/2 + \[FormalV]) == \[FormalV] + 9*E^\[FormalV] && -1/40 < \[FormalX] < 0]
47	log 3/π	elementary	64	false positive	14	-(-779*E/550 + 177/550 + 207*GoldenRatio/275 + 207*pi/275)*exp(-1)	15.8	0.02		Log10[3/Pi]
48	Zero	rational	64	exact	0	0	64.0	0.00		0
49	e^(-10pi)	elementary	64	rational fallback	1	227110106832409/10000000000000000000000000000	14.8	0.10		E^(-10*Pi)
50	e^(-9pi)	elementary	64	rational fallback	1	105109703520129/200000000000000000000000000	15.6	0.11		E^(-9*Pi)
51	'chi', a constant appearing in the asymptotic variance of the number of comparisons required for updating a digital sear	none	64	rational fallback	1	123741257573611/100000000000000000000000000	15.7	0.09		
52	e^(-8pi)	elementary	64	false positive	13	E*(-134*pi/85 + 8*E/85 + 93*GoldenRatio/85 + 199/68)	6.8	0.02		E^(-8*Pi)
53	e^(-7pi)	elementary	64	rational fallback	1	56285369149711/200000000000000000000000	15.0	0.10		E^(-7*Pi)
54	e^(-6pi)	elementary	64	rational fallback	1	65124121360799/10000000000000000000000	16.0	0.12		E^(-6*Pi)
55	e^(-5pi)	elementary	64	rational fallback	1	75350863769503/500000000000000000000	14.5	0.05		E^(-5*Pi)
56	e^(-4pi)	elementary	64	false positive	16	sqrt(-134*pi/85 + 8*E/85 + 93*GoldenRatio/85 + 199/68)*exp(1/2)	7.1	0.08		E^(-4*Pi)
57	1 arcsecond in radians	elementary	64	false positive	14	(-657*E/331 - 336/331 + 353*GoldenRatio/331 + 494*pi/331)**2*exp(-1)	14.9	0.10		Pi/648000
58	pi^-10	elementary	64	exact	2	pi**(-10)	63.5	0.37		Pi^(-10)
59	pi^-9	elementary	64	false positive	13	exp(1/(-554*E/503 - 462*GoldenRatio/503 + 948/503 + 400*pi/503))	15.1	0.35		Pi^(-9)
60	e^-10	elementary	64	false positive	16	sqrt(-595*GoldenRatio/484 - 58*E/121 + 371/242 + 271*pi/484)/sqrt(GoldenRatio)	8.9	0.08		E^(-10)
61	e^(-3pi)	elementary	64	false positive	12	(-51*GoldenRatio/76 - 59*E/494 + 60/247 + 185*pi/494)**2	15.5	0.10		E^(-3*Pi)
62	pi^-8	elementary	64	exact	2	pi**(-8)	63.5	0.37		Pi^(-8)
63	sum_{r in Z}(1/r^3) where Z is the set of all nontrivial zeros r of the Riemann zeta function	special	64	rational fallback	1	55579115726053/500000000000000000	15.2	0.40		-(-7*Zeta[3]/8 + EulerGamma^3 + 3*EulerGamma*StieltjesGamma[1] + 3/2*StieltjesGamma[2] + 1)
64	e^-9	elementary	64	false positive	13	(-901*E/101 + 528/101 + 443*GoldenRatio/101 + 384*pi/101)**2/pi	14.8	0.12		E^(-9)
65	6th du Bois-Reymond constant	none	64	false positive	13	(-635*pi/989 - 631*GoldenRatio/989 + 465/989 + 948*E/989)**2/pi	15.5	0.12		
66	1 arcminute in radians	elementary	64	false positive	14	pi**2/(-273*E/4 + 245/3 + 217*GoldenRatio/4 + 255*pi/4)**2	15.8	0.19		Pi/10800
67	pi^-7	elementary	64	false positive	12	GoldenRatio/(-318/37 + 34*E/37 + 20*GoldenRatio + 514*pi/37)**2	16.9	0.14		Pi^(-7)
68	e^-8	elementary	64	false positive	14	(-317*E/971 - 669/971 - 273*GoldenRatio/971 + 637*pi/971)**2/GoldenRatio**2	16.1	0.16		E^(-8)
69	zeta'(-5) (the derivative of Riemann's zeta function at -5) (negated)	special	64	false positive	13	exp((-502*E/135 - 103*GoldenRatio/27 - 13/45 + 193*pi/135)/GoldenRatio)	16.1	0.32		-(Zeta'[-5])
70	zeta'(-7) (the derivative of Riemann's zeta function at -7) (negated)	special	64	false positive	13	log(-316*GoldenRatio/899 + 59*pi/899 + 349/899 + 323*E/899)/pi	15.1	0.21		-(Zeta'[-7])
71	5th Stieltjes constant gamma_5	special	64	false positive	13	E*(-703*E/700 + 31*pi/350 + 26*GoldenRatio/35 + 5/4)	13.7	0.02		-(-StieltjesGamma[5])
72	e^-7	elementary	64	false positive	14	GoldenRatio**2/(-574*GoldenRatio/11 - 458/11 + 74*E/11 + 565*pi/11)**2	16.2	0.18		E^(-7)
73	pi^-6	elementary	64	false positive	14	E*(-650*pi/381 - 85*GoldenRatio/381 + 44/127 + 252*E/127)**2	15.3	0.12		Pi^(-6)
74	5th du Bois-Reymond constant	none	64	false positive	13	GoldenRatio*exp(-311*E/195 - 457*pi/390 - 9*GoldenRatio/10 + 139/65)	16.3	0.28		
75	Heath-Brown–Moroz constant	special	64	false positive	12	GoldenRatio/(-534*E/55 - 338*GoldenRatio/55 + 17 + 952*pi/55)**2	17.2	0.14		Product[(1 - Prime[n]^(-1))^7*(1 + (1 + 7*Prime[n])/Prime[n]^2), {n, 1, Infinity}]
76	e^(-2pi)	elementary	64	exact	3	exp(-2*pi)	63.8	0.28		E^(-2*Pi)
77	'mu', a Sobolev isoperimetric constant related to the "rod inequality", arising from the elasticity study of a rod that 	none	64	false positive	13	(-173*GoldenRatio/152 - 223*E/608 + 1 + 383*pi/608)**2/pi**2	16.5	0.20		
78	3rd Stieltjes constant gamma_3	special	64	false positive	15	sqrt(-199*GoldenRatio/289 - 104*E/289 + 212/289 + 125*pi/289)*exp(-1)	12.9	0.05		-(-StieltjesGamma[3])
79	4th Stieltjes constant gamma_4	special	64	rational fallback	1	23253700654673/10000000000000000	16.6	0.39		-(-StieltjesGamma[4])
80	e^-6	elementary	64	exact	2	exp(-6)	64.0	0.28		E^(-6)
82	pi^-5	elementary	64	false positive	14	GoldenRatio**2*(-4*pi/3 - 85*GoldenRatio/537 + 832/537 + 193*E/179)**2	15.8	0.20		Pi^(-5)
83	16/(9*sqrt(184607))	algebraic	64	false positive	14	(-512*pi/169 - 63*GoldenRatio/13 + 445/169 + 917*E/169)**2*exp(2)	14.9	0.20		16/(9Sqrt[184607])
84	4th du Bois-Reymond constant	elementary	64	false positive	10	pi/(-151/2 + 47*GoldenRatio + 31*pi + 369*E/2)	15.5	0.05		(E^4 - 4E^2 - 25)/8
85	zeta'(-3) (the derivative of Riemann's zeta function at -3)	special	64	rational fallback	1	53785763577743/10000000000000000	15.7	0.39		Zeta'[-3]
86	zeta'(-6) (the derivative of Riemann's zeta function at -6) (negated)	special	64	false positive	13	log(GoldenRatio/(-283*pi/64 - 341/32 + 145*E/64 + 791*GoldenRatio/64))	14.4	0.30		-(Zeta'[-6])
87	zeta''(0)+2, the coefficient of z^2 in the Laurent expansion of zeta(z) at the origin	special	64	rational fallback	1	127129118171697/20000000000000000	15.7	0.38		-(Zeta''[0]+2)
88	e^-5	elementary	64	exact	2	exp(-5)	64.0	0.27		E^(-5)
89	Wyler constant	special	64	exact	10	3*15**(3/4)*2**(1/4)/(160*pi**(11/4))	64.0	0.40		(9*(5!^(-1))^(1/4))/(16*Pi^(11/4))
90	zeta'(-4) (the derivative of Riemann's zeta function at -4)	special	64	false positive	14	(-593*pi/604 - 75*GoldenRatio/302 + 248/151 + 417*E/604)**2*exp(2)	15.5	0.19		Zeta'[-4]
91	zeta'(-8) (the derivative of Riemann's zeta function at -8)	special	64	false positive	14	E/(-24/149 + 152*E/149 + 605*GoldenRatio/149 + 422*pi/149)**2	16.1	0.16		Zeta'[-8]
92	sum of the alternating series tau(3), with tau(n) = Sum_{k>0} (-1)^k*log(k)^n/k	none	64	false positive	12	exp(-491*pi/576 - 173*E/192 - 31/144 + 241*GoldenRatio/576)	17.3	0.28		
93	'mu', an isoperimetric constant associated with the study of a vibrating, homogeneous plate clamped at the boundary of t	none	64	false positive	14	pi*sqrt(-321*GoldenRatio/76 - 31*pi/38 - 8/19 + 549*E/152)	12.0	0.08		
94	2nd Stieltjes constant gamma_2 (negated)	special	64	false positive	11	-895*E/148 - 64*GoldenRatio/37 + 929/148 + 611*pi/148	15.1	0.01		-StieltjesGamma[2]
95	pi^-4	elementary	64	false positive	14	log(E/(-518*pi/365 - 14/73 - 19*GoldenRatio/365 + 997*E/365))	15.8	0.27		Pi^(-4)
96	p_3 (so named by S. Finch), a probability related to Vallée's constant	none	64	false positive	8	pi/(-531*E - 73*pi + 794 + 732*GoldenRatio)	15.1	0.05		
97	16/(207*sqrt(53))	algebraic	64	false positive	14	(-121*E/301 + 3*pi/301 + 363/602 + 291*GoldenRatio/602)**2/pi**2	16.4	0.18		16/(207Sqrt[53])
98	cube tetrahedron-picking constant	elementary	64	false positive	13	log(-415*GoldenRatio/213 - 20/213 + 93*pi/142 + 175*E/213)/pi	15.6	0.23		3977/216000 - Pi^2/2160
99	2*zeta(3)/Pi^2 - 11/18 + log(Pi)/3	special	64	false positive	13	(-385*GoldenRatio/789 - 179*pi/789 - 430/789 + 638*E/789)**2/GoldenRatio	16.1	0.14		2Zeta[3]/Pi^2-11/18+Log[Pi]/3
100	b_3, a constant associated with the 3rd Du Bois Reymond constant	none	64	false positive	12	1/(-619*GoldenRatio/56 - 17/56 + 37*pi/4 + 965*E/56)	16.0	0.05		
101	tetrahedron tetrahedron-picking constant	elementary	64	false positive	13	(-234*E/11 - 107*GoldenRatio/11 + 179/44 + 487*pi/22)*exp(-1)	15.3	0.01		13/720 - Pi^2/15015
102	number of radians in one degree	elementary	64	exact	1	pi/180	64.0	0.00		Pi/180
103	sum of the alternating series tau(4), with tau(n) = Sum_{k>0} (-1)^k*log(k)^n/k	none	64	rational fallback	1	89984690534457/5000000000000000	15.4	0.40		
104	e^-4	elementary	64	false positive	12	(-317*E/971 - 669/971 - 273*GoldenRatio/971 + 637*pi/971)/GoldenRatio	16.4	0.02		E^(-4)
105	log π/3	elementary	64	false positive	13	(-779*E/550 + 177/550 + 207*GoldenRatio/275 + 207*pi/275)*exp(-1)	15.8	0.01		Log10[Pi/3]
106	a Shapiro-Drinfeld constant, known as Gauchman's constant, related to the difference of cyclic sums (negated)	none	64	false positive	14	sqrt(-397/128 - 7*pi/8 - 3*E/64 + 473*GoldenRatio/128)/GoldenRatio	14.2	0.06		
107	lambda(1) in Li's criterion	special	64	rational fallback	1	23095708966121/1000000000000000	14.8	0.39		EulerGamma/2 + 1 - Log[4 Pi]/2
108	triple integral of ({x/y}{y/z}{z/x})^2 over the unit cube	special	64	false positive	14	exp(-1)*log(-260/433 + 9*E/433 + 57*GoldenRatio/433 + 385*pi/866)	16.4	0.24		1 - Zeta[2]/2 - Zeta[3]/2 + 7*Zeta[6]/48 + Zeta[2]*Zeta[3]/18 + Zeta[3]^2/18 + Zeta[3]*Zeta[4]/12
109	sum of the alternating series tau(5), with tau(n) = Sum_{k>0} (-1)^k*log(k)^n/k	none	64	false positive	13	pi*exp(-107*E/92 - 45*pi/92 - 325/322 + 85*GoldenRatio/161)	16.9	0.32		
110	Matthews' constant C_4, an analog of Artin's constant for primitive roots	none	64	false positive	11	pi/(-170*pi/7 - 57/14 + 221*E/7 + 71*GoldenRatio)	16.7	0.05		
111	3rd du Bois-Reymond constant	none	64	rational fallback	1	282517641600679/10000000000000000	14.9	0.39		
112	sum of reciprocals of squares of perfect numbers	none	64	false positive	13	(-294/103 - 379*GoldenRatio/309 - 65*E/103 + 222*pi/103)**2/GoldenRatio	15.8	0.14		
113	pi^-3	elementary	64	exact	2	pi**(-3)	63.9	0.38		Pi^(-3)
114	1/2 - log(2)/4 - G/Pi, where G = A006752	special	64	false positive	13	GoldenRatio*log(-361*pi/489 - 296/163 + 139*GoldenRatio/489 + 845*E/489)	16.2	0.24		1/2-Log[2]/4-Catalan/Pi
115	percolation cluster density constant	algebraic	64	false positive	14	sqrt(-617*pi/434 - 55/434 + 607*GoldenRatio/434 + 187*E/217)/pi	16.4	0.06		-41/16 + (3*Sqrt[3])/2
116	1/4 - 7*zeta(3)/(4*Pi^2)	special	64	false positive	12	(-907*GoldenRatio/828 - 95/414 - 2*pi/69 + 58*E/69)**2	17.0	0.14		1/4-7Zeta[3]/(4Pi^2)
117	a constant 'v' such that the asymptotic variance of the distribution of the longest cycle given a random n-permutation e	none	64	false positive	16	sqrt(-674*pi/417 + 214/139 + 136*GoldenRatio/139 + 100*E/139)*exp(1/2)	14.9	0.12		
118	H(1/2,1), a constant appearing in the asymptotic variance of the largest component of random mappings on n symbols, expr	none	64	false positive	14	(-403*pi/44 - 35*E/22 + 69/22 + 829*GoldenRatio/44)**2*exp(-2)	15.8	0.20		
119	'v', a parking constant associated with the asymptotic variance of the number of cars that can be parked in a given inte	none	30	false positive	13	sqrt(-20*pi/9 - 536/171 - 305*GoldenRatio/171 + 818*E/171)	14.2	0.05		
120	Integral_{0..1/2} log(gamma(x+1)) dx (negated)	special	64	false positive	13	pi*(-815*E/559 - 770/559 - 29*GoldenRatio/559 + 986*pi/559)**2	16.6	0.16		-(-1/2 - (7/24)*Log[2] + (1/4)*Log[Pi] + (3/2) * Log[Glaisher])
121	e^(-1pi)	elementary	64	false positive	12	pi/(-249*pi/14 - 135/14 + 17*E/2 + 498*GoldenRatio/7)	16.0	0.05		E^(-1*Pi)
122	16/(9*sqrt(1609))	algebraic	64	rational fallback	1	221599846641879/5000000000000000	15.1	0.43		16/(9Sqrt[1609])
123	pi^-e	elementary	64	false positive	12	(-895*E/19 - 492*GoldenRatio/19 + 445/19 + 887*pi/19)/pi	14.9	0.02		Pi^(-E)
124	sum_{r in Z}(1/r^2) where Z is the set of all nontrivial zeros r of the Riemann zeta function	special	64	false positive	13	(-744*GoldenRatio/923 - 175/923 + 24*E/923 + 530*pi/923)**2/pi	17.3	0.14		-(-Pi^2/8 + EulerGamma^2 + 2*StieltjesGamma[1] + 1)
125	Mertens constant M(4,3) arising in the formula for the sum of reciprocals of primes p == 1 (mod 4)	none	64	rational fallback	1	24119634536909/500000000000000	15.4	0.44		
126	p_2, a probability associated with continuant polynomials	none	64	false positive	13	log(GoldenRatio*(-240*pi/757 - 126*E/757 + 154/757 + 886*GoldenRatio/757))	15.9	0.27		
127	a constant related to the variance of the number of vertices of the largest tree associated with a random mapping on n s	none	64	false positive	14	exp(-960*E/181 - 24*pi/181 + 838/181 + 859*GoldenRatio/181)/GoldenRatio	16.5	0.32		
128	e^-3	elementary	64	exact	2	exp(-3)	64.0	0.32		E^(-3)
129	Integral_{x=0..Infinity} x*cos(x)/(1+x^2)	none	64	false positive	14	pi*sqrt(-383*pi/453 - 668/453 + 138*GoldenRatio/151 + 442*E/453)	13.7	0.08		
130	ball tetrahedron-picking constant	elementary	64	exact	2	12*pi/715	64.0	0.00		(12*Pi)/715
131	(9*sqrt(65) - 55)/320	algebraic	64	exact	6	-11/64 + 9*sqrt(65)/320	64.0	0.01		(9Sqrt[65]-55)/320
132	log ln π	elementary	64	false positive	13	pi**2*(-278*pi/157 - 271*E/157 + 606/157 + 4*GoldenRatio)**2	15.6	0.20		Log10[Log[Pi]]
133	constant A*B in the asymptotic expression of the summatory function Sum_{n=1..N} (1/phi(n)) as A(log(N)+B) + O(log(N)/N)	none	64	false positive	16	sqrt(-473/431 - 125*E/862 + 67*GoldenRatio/431 + 343*pi/862)*exp(-1/2)	16.7	0.10		
134	Matthews' constant C_3, an analog of Artin's constant for primitive roots	none	64	false positive	14	pi*sqrt(-476*pi/859 - 253*E/859 + 690/859 + 923*GoldenRatio/859)	14.3	0.08		
135	Norton constant	special	64	rational fallback	1	653514259230373/10000000000000000	15.5	0.42		(-Pi^2 + 6*Log[2]*(-3 + 2*EulerGamma + Log[2] + 24*Log[Glaisher] - 2*Log[Pi]))/Pi^2
136	Sum_{k > 0} (-1)^k*log(k)^2/k	none	64	false positive	14	E*log(-135*E/101 + 337*GoldenRatio/707 + 86/101 + 683*pi/707)	15.7	0.27		
137	analog of the Gibbs-Wilbraham constant for L_1 trigonometric polynomial approximation	none	64	false positive	14	(-132*E/155 + 107*GoldenRatio/930 + 553/930 + 577*pi/930)**2/GoldenRatio**2	17.0	0.18		
138	e^-e	elementary	64	false positive	13	GoldenRatio/(-523*GoldenRatio/159 - 176*E/159 + 216/53 + 466*pi/159)**2	16.2	0.23		E^(-E)
139	Pythagorean triple constant for perimeters	elementary	64	false positive	13	pi*exp(-745*GoldenRatio/34 - 563/34 + 29*pi/17 + 268*E/17)	16.0	0.33		Log[2]/Pi^2
140	(sqrt(13) - 1)/36	algebraic	64	exact	5	-1/36 + sqrt(13)/36	64.0	0.01		(Sqrt[13]-1)/36
141	1st Stieltjes constant gamma_1 (negated)	none	64	false positive	13	log((-233*GoldenRatio/51 - 227/68 + 67*pi/102 + 226*E/51)/pi)	16.3	0.29		
142	probability that a random walk on an 8-d lattice returns to the origin	none	64	false positive	13	pi*exp(-141*pi/155 - 99/155 - 73*E/465 + 46*GoldenRatio/465)	17.2	0.33		
143	disk triangle-picking constant	elementary	64	false positive	15	E*sqrt(-136*E/183 - 446/915 + 234*GoldenRatio/305 + 123*pi/305)	14.9	0.07		35/(48*Pi^2)
144	1/4π	elementary	64	exact	2	1/(4*pi)	64.0	0.02		1/(4*Pi)
145	-Integral {x=1..2} log Gamma(x) dx	special	64	false positive	12	GoldenRatio/(-229*E/16 + 139/24 + 25*pi/4 + 62*GoldenRatio/3)	16.4	0.05		-Integrate[ Log[ Gamma[ x]], {x, 1, 2}]
146	-Zeta'(-1)/2	special	64	rational fallback	1	165421143700451/2000000000000000	15.4	0.39		-(1/24 - Log[Glaisher]/2)
147	solution to the Heilbronn triangle problem for seven points in a unit square	none	64	false positive	12	(-811/928 - 6*E/29 + 127*GoldenRatio/464 + 379*pi/928)**2	16.4	0.13		
148	1-Catalan	special	64	false positive	13	GoldenRatio*log(-806/805 - 9*GoldenRatio/161 + 307*E/805 + 284*pi/805)	16.0	0.23		1 - Catalan
149	probability that a random walk on a 7-d lattice returns to the origin	none	64	false positive	13	(-905*E/67 - 261*GoldenRatio/67 - 18/67 + 996*pi/67)**(-2)	17.3	0.19		
150	Erdős–Tenenbaum–Ford constant	elementary	64	false positive	14	GoldenRatio*sqrt(-425*pi/282 - 133/94 - 97*GoldenRatio/282 + 116*E/47)	14.7	0.09		1 - (1 + Log[Log[2]])/Log[2]
151	1/2-G/Pi, the lowest limiting trough of a square wave Fourier series, where G is the Gibbs-Wilbraham constant. [negated]	none	64	rational fallback	1	223724680590209/2500000000000000	15.4	0.39		
152	integral_{0..infinity} x*log(x)*(1-eta(x)^2) dx, where the function 'eta' is a solution of the Painlevé III differential	special	64	false positive	12	sqrt(-32*pi/15 - 337/75 + 104*GoldenRatio/15)*exp(-1/2)	16.0	0.11		-(1/4 + (7/12)*Log[2] - 3*Log[Glaisher])
153	lambda(2) in Li's criterion	none	64	false positive	16	sqrt(-589*GoldenRatio/537 - 209*pi/537 + 266*E/537 + 899/537)*exp(-1/2)	16.3	0.13		
154	e^(-Pi^2/(6*log(2)))	elementary	64	false positive	16	exp(1/2)/sqrt(-213*E/5 - 506/5 + 436*GoldenRatio/5 + 619*pi/5)	16.3	0.13		E^(-Pi^2/(6Log[2]))
155	second non-alternating series of reciprocal primes constant	special	64	false positive	14	GoldenRatio**2/(-605*E/414 + 44*GoldenRatio/207 + 865/414 + 448*pi/207)**2	16.6	0.23		Sum[(-2 + Mod[Prime[\[FormalK]], 4])/Prime[\[FormalK]]^2, {\[FormalK], 2, Infinity}]
156	area of the convex hull of a circle of circumference 1 and a line segment of length 1/2 with midpoint at the circle cent	elementary	64	false positive	12	GoldenRatio*(-51*pi/404 - 31*E/808 + 3/808 + 139*GoldenRatio/404)	15.9	0.03		(Sqrt[Pi^2-4]+Pi-2ArcCos[2/Pi])/(4Pi^2)
157	log Sqrt[π/2]	elementary	64	false positive	13	pi/(-970/603 + 250*GoldenRatio/603 + 460*pi/603 + 932*E/603)**2	16.7	0.20		Log10[Sqrt[Pi/2]]
158	Sum_{n>=0} 1/10^(3^n), a transcendental number	none	64	false positive	13	log(1/(-503*pi/663 - 443*GoldenRatio/663 + 931/663 + 241*E/221))	16.4	0.29		
159	pi^-2	elementary	64	exact	2	pi**(-2)	64.0	0.16		Pi^(-2)
160	value of the Dickman function at phi + 1 = phi^2 = (3 + sqrt(5))/2 (A104457)	elementary	64	false positive	15	sqrt(pi)/sqrt(-613*GoldenRatio/12 + 74 + 67*E/2 + 781*pi/12)	17.2	0.13		1 - 2*Log[GoldenRatio] + Log[GoldenRatio]^2 - Pi^2/60
161	probability that a random walk on a 6-d lattice returns to the origin	none	64	false positive	12	E/(-707/123 + 160*GoldenRatio/123 + 3*pi + 913*E/123)	16.5	0.04		
162	log 4/π	elementary	64	false positive	12	GoldenRatio/(-23*E/37 + 141/148 + 85*pi/37 + 409*GoldenRatio/74)	16.3	0.04		Log10[4/Pi]
163	1/3π	elementary	64	exact	2	1/(3*pi)	63.4	0.01		1/(3*Pi)
164	one-ninth constant	special	64	false positive	14	log(E/(-635*pi/181 - 219/181 + 424*E/181 + 929*GoldenRatio/181))	16.0	0.28		With[{\[FormalX] = Root[{-2*EllipticE[#1^2] + EllipticK[#1^2] & , 0.908908557548541478236118908745`29.9585201924082}]}, Exp[-((Pi*EllipticK[1 - \[FormalX]^2])/EllipticK[\[FormalX]^2])]]
165	Michael Trott's constant: continued fraction expansion (allowing 0's) begins in same way as decimal expansion	none	53	false positive	14	sqrt(-323*pi/804 - 89*E/402 + 175/268 + 617*GoldenRatio/804)/GoldenRatio	16.1	0.06		
166	Liouville's constant	special	64	false positive	12	(-125*E/258 - 593*GoldenRatio/774 + 397/387 + 421*pi/774)/GoldenRatio	16.4	0.01		Sum[10^(-n!), {n, 1, Infinity}]
167	1/sqrt(80) = sqrt(5)/20	algebraic	64	exact	3	-1/20 + GoldenRatio/10	63.6	0.00		1/Sqrt[80]
168	mean cluster density for bond percolation on the triangular lattice	algebraic	64	false positive	14	sqrt(GoldenRatio)/sqrt(-91 - pi/6 + 176*GoldenRatio/3 + 139*E/3)	16.6	0.14		35/4 - 3/(2*Sin[Pi/18])
169	Kepler–Bouwkamp constant	special	64	false positive	16	sqrt(-612*pi/529 - 270/529 + 366*E/529 + 752*GoldenRatio/529)*exp(-1/2)	16.5	0.10		Product[Cos[Pi/n], {n, 3, Infinity}]
170	Given the two curves y = (1 - exp(x/2))/(exp(x) + exp(x/2)) and y = (exp(-x) - 1)/2, draw a line tangent to both. This s	none	64	false positive	16	sqrt(-529*pi/240 - 61/40 + 127*E/120 + 833*GoldenRatio/240)/sqrt(pi)	16.7	0.11		
171	C_2 (so named by S. Finch), a constant which is an analog of Niven's constant when mean of exponents is considered inste	none	64	false positive	14	(-41*pi/107 - 188*GoldenRatio/321 - 86/321 + 902*E/963)**2*exp(2)	16.4	0.20		
172	4*Pi/105	elementary	64	exact	2	4*pi/105	63.9	0.00		4*Pi/105
173	2/(5*sqrt(11))	algebraic	64	exact	4	2*sqrt(11)/55	63.6	0.01		2/(5Sqrt[11])
174	3*zeta(3)/2 + 12*log(2) - 10	special	64	rational fallback	1	24170304291747/200000000000000	14.9	0.47		3Zeta[3]/2+12Log[2]-10
175	50*Pi/1296	elementary	64	exact	2	25*pi/648	63.4	0.00		50Pi/1296
176	sqrt(Pi^2 - 4)/(2*Pi^2)	elementary	64	false positive	12	pi*(-659*GoldenRatio/494 - 583/494 - 84*pi/247 + 404*E/247)	15.7	0.03		Sqrt[Pi^2-4]/(2Pi^2)
177	Champernowne constant	special	64	false positive	12	pi*(-230*pi/183 - 53/183 + 151*GoldenRatio/549 + 86*E/61)	15.9	0.03		ChampernowneNumber[]
178	first (of 10) decimal selvage numbers	none	64	rational fallback	1	123467891234679/1000000000000000	15.1	0.47		
179	Product_{k >= 1} (k*(k+1))^(-1/(k*(k+1))), a constant related to the alternating Lüroth representations of real numbers	none	64	false positive	16	sqrt(-189/187 - 18*pi/187 + 139*E/748 + 193*GoldenRatio/374)/sqrt(GoldenRatio)	16.6	0.13		
180	3*sqrt(3)/(4*Pi^2)	elementary	64	false positive	15	sqrt(-561*E/200 + 99/50 + 333*GoldenRatio/200 + 49*pi/50)*exp(-1)	15.9	0.06		3Sqrt[3]/(4Pi^2)
181	harmonic oscillator tunneling constant	special	64	false positive	14	exp(E/(-589*GoldenRatio/30 - 34*E/5 + 179/15 + 353*pi/30))	16.0	0.38		2/(3^(2/3)*Gamma[1/3]^2)
182	probability that a random walk on the 5-d simple cubic (hypercubic) lattice returns to the origin	none	64	false positive	14	exp(E*(-587*pi/266 - 26/133 + 69*GoldenRatio/38 + 169*E/133))	16.4	0.39		
183	e^-2	elementary	64	false positive	12	(-183/125 - 317*GoldenRatio/625 - 51*pi/625 + 682*E/625)/pi	16.1	0.02		E^(-2)
184	probability that an integer 4-tuple is pairwise unitary coprime	none	64	false positive	13	exp(1/(-136*pi/721 - 209*GoldenRatio/721 + 38*E/721 + 299/721))	17.1	0.40		
185	Given the two curves y = (1 - exp(x/2))/(exp(x) + exp(x/2)) and y = (exp(-x) - 1)/2, draw a line tangent to both. This s	none	64	rational fallback	1	140755523578601/1000000000000000	14.7	0.41		
186	pi minus three	elementary	64	exact	1	-3 + pi	64.0	0.00		Pi - 3
187	Pi^4/15 + Pi^2*log(2)^2/4 - log(2)^4/4 - 21*log(2)*zeta(3)/4 - 6*Li_4(1/2)	special	64	false positive	16	sqrt(-846*GoldenRatio/113 - 214*pi/113 - 534/113 + 950*E/113)/sqrt(pi)	15.5	0.11		Pi^4/15+Pi^2Log[2]^2/4-Log[2]^4/4-21Log[2]Zeta[3]/4-6PolyLog[4,1/2]
188	log Cbrt[e]	elementary	64	false positive	12	exp(-929*GoldenRatio/599 - 546*E/599 - 27/599 + 591*pi/599)	16.5	0.31		Log10[CubeRoot[E]]
189	Matthews' constant C_2, an analog of Artin's constant for primitive roots	none	64	false positive	14	sqrt(-234*pi/83 - 419*GoldenRatio/166 - 105/166 + 421*E/83)/pi	16.2	0.07		
190	arctan(1/2)/Pi	elementary	64	false positive	13	sqrt(-645/41 - 119*E/41 + 101*pi/41 + 403*GoldenRatio/41)	14.8	0.05		ArcTan[1/2]/Pi
191	(1-C_2)/e, a constant connected with two-sided generalized Fibonacci sequences, where C_2 is the Euler-Gompertz constant	none	64	false positive	12	GoldenRatio*(-108*E/59 + 409/531 + 269*pi/531 + 296*GoldenRatio/177)	16.3	0.03		
192	Given the two curves y = exp(-x) and y = 2/(exp(x) + exp(x/2)), draw a line tangent to both. This sequence is the decima	none	64	rational fallback	1	77597487361301/500000000000000	15.9	0.42		
193	9*zeta(3)/Pi^2 - 93*zeta(5)/(2*Pi^4) - log(2) + 1/4	special	64	false positive	12	(-777*E/628 + 85*pi/628 + 343/314 + 909*GoldenRatio/628)/pi	16.3	0.02		9Zeta[3]/Pi^2-93Zeta[5]/(2Pi^4)-Log[2]+1/4
194	Sum_{k >= 0} 1/(4*k+3)^2	special	64	false positive	13	GoldenRatio*sqrt(-351*E/914 + 13/914 + 67*pi/914 + GoldenRatio/2)	16.1	0.08		Pi^2/16 - Catalan/2
195	Pythagorean triple constant for hypotenuses	elementary	64	exact	2	1/(2*pi)	63.6	0.01		1/(2*Pi)
196	Sum_{k>=1} (-1)^k*log(k)/k	special	64	false positive	15	sqrt(pi)/sqrt(-452*pi/3 - 658*GoldenRatio/3 + 142 + 893*E/3)	16.0	0.13		EulerGamma*Log[2] - Log[2]^2/2
197	Euler-Kronecker constant (as named by P. Moree) for hypotenuse numbers	none	64	rational fallback	1	81948659317291/500000000000000	14.6	0.43		
198	log Cbrt[π]	elementary	64	false positive	13	(-301*GoldenRatio/892 - 173/892 + 23*pi/892 + 453*E/892)**2/pi	17.1	0.16		Log10[CubeRoot[Pi]]
199	sixth	rational	64	exact	1	1/6	63.7	0.00		1/6
200	Hall-Montgomery constant	special	64	false positive	14	E/(-109*E/168 - 11*GoldenRatio/168 + 9/14 + 557*pi/336)**2	17.0	0.18		1 + Pi^2/6 + 2*PolyLog[2, -Sqrt[E]]
201	(-2*Catalan + Pi*log(2))/2	special	64	false positive	11	-815*pi/458 + 64*GoldenRatio/229 + 239/229 + 719*E/458	16.3	0.01		Pi*Log[2]/2 - Catalan
202	'mu', a Sobolev isoperimetric constant related to the "membrane inequality", arising from the study of a vibrating membr	none	64	false positive	14	1/sqrt(-105*E/4 - 43/3 + 37*GoldenRatio/12 + 109*pi/3)	16.7	0.09		
203	log(2)/4	elementary	64	rational fallback	1	86643397569993/500000000000000	14.7	0.42		Log[2]/4
204	probability that three positive integers are pairwise not coprime	none	64	false positive	14	E/(-183*GoldenRatio/413 - 435/826 + 31*E/59 + 495*pi/413)**2	16.2	0.18		
205	H, an auxiliary constant used to evaluate some Ising-related constants on triangular and hexagonal lattices (negated)	none	64	rational fallback	1	88214866565401/500000000000000	14.6	0.43		
206	Gibbs-Wilbraham constant	special	64	rational fallback	1	178979744472167/1000000000000000	14.8	0.43		-1 + (2*SinIntegral[Pi])/Pi
207	pi^(-3/2)	elementary	64	exact	3	pi**(-3/2)	63.8	0.39		Pi^(-3/2)
208	Markoff number asymptotic density constant	none	64	rational fallback	1	90358552355903/500000000000000	14.6	0.39		
209	a1, the first of two constants associated with Djokovic's conjecture on an integral inequality	none	64	rational fallback	1	182487887521979/1000000000000000	14.7	0.44		
210	G/2 - Pi*log(2)/8, where G = A006752	special	64	false positive	10	log(pi*(-623*E/2 - 373*GoldenRatio + 238 + 386*pi))	17.0	0.30		Catalan/2-Pi Log[2]/8
211	Hardy-Littlewood constant C_6 = Product_{p prime > 6} 1/(1-1/p)^6 (1-6/p)	none	64	false positive	11	(-251*E/915 + 409/915 + 143*pi/305)**2*exp(-2)	16.2	0.20		
212	MRB constant	special	64	false positive	13	GoldenRatio**2*(-67/56 - pi/14 - 97*GoldenRatio/728 + 255*E/364)**2	18.6	0.21		Sum[(-1)^n*(-1 + n^n^(-1)), {n, 1, Infinity}]
213	9*zeta(3)/(2*Pi^2) - log(2) + 1/3	special	64	false positive	13	exp(GoldenRatio/(-875*pi/531 - 160*GoldenRatio/531 - 32/531 + 929*E/531))	16.2	0.43		9Zeta[3]/(2Pi^2)-Log[2]+1/3
214	entropy of folding of the triangular lattice constant	special	64	false positive	12	exp(-194*E/161 - 751/805 + 8*GoldenRatio/23 + 508*pi/805)	16.4	0.34		Log[(Gamma[1/3]^(3/2)*Sqrt[3])/(2*Pi)]
215	gamma^3	special	64	false positive	10	(-733*E/2 - 403*GoldenRatio + 334 + 837*pi/2)**2	14.7	0.13		EulerGamma^3
216	1/sqrt(27)	algebraic	64	exact	3	sqrt(3)/9	63.7	0.01		1/Sqrt[27]
217	q of the maximum of the Dedekind eta function	none	64	false positive	14	log(E*(-853*GoldenRatio/600 - 31*E/75 + 679/600 + 523*pi/600))	16.6	0.36		
218	probability that a random walk on a 4-d lattice returns to the origin	none	64	false positive	14	exp(-1)*log(-568*pi/697 - 77/697 + 229*GoldenRatio/697 + 982*E/697)	17.4	0.25		
219	Second du Bois-Reymond constant	elementary	64	rational fallback	1	7781121978613/40000000000000	15.2	0.46		(-7 + E^2)/2
220	log π/2	elementary	64	rational fallback	1	196119877030153/1000000000000000	14.8	0.39		Log10[Pi/2]
221	Pi/16	none	64	exact	1	pi/16	64.0	0.00		
222	Vallée constant	none	24	rational fallback	1	199458818343767/1000000000000000	14.9	0.42		
223	Erdős-Lebensold constant	special	24	false positive	12	(-226*pi/327 - 449/327 + 23*E/109 + 222*GoldenRatio/109)/GoldenRatio	16.6	0.03		Sum[1/(Prime[\[FormalK]]^\[FormalS]*Log[Prime[\[FormalK]]^\[FormalS]]), {\[FormalS], 1, Infinity}, {\[FormalK], 1, Infinity}]
224	(6/Pi^2) Sum_{p prime} 1/(p(p+1)), a Meissel-Mertens constant related to the asymptotic density of certain sequences of 	none	64	false positive	12	GoldenRatio*(-698*E/181 - 285/181 + 287*GoldenRatio/181 + 554*pi/181)	17.0	0.03		
225	Given the two curves y = exp(-x) and y = 2/(exp(x) + exp(x/2)), draw a line tangent to both. This sequence is the decima	none	64	false positive	14	log((-648*GoldenRatio/355 - 949/355 + 294*pi/355 + 829*E/355)*exp(-1))	16.8	0.27		
226	White House switchboard constant	elementary	64	rational fallback	1	202456141492397/1000000000000000	14.7	0.42		Exp[-(1 + 8^(-1 + E)^(-1))^Pi^(-1)]
227	ln(Gamma(3/4))	special	64	false positive	12	pi/sqrt(-255*E/2 + 1 + 443*GoldenRatio/6 + 148*pi)	16.2	0.11		LogGamma[3/4]
228	sum of the reciprocals of the perfect numbers	none	64	rational fallback	1	102260071419463/500000000000000	14.7	0.40		
229	log Cbrt[4π/3]	elementary	64	false positive	13	exp(GoldenRatio/(-373*pi/975 - 16*E/65 - 27/65 + 758*GoldenRatio/975))	16.3	0.43		Log10[CubeRoot[4*Pi/3]]
230	lambda(3) in Li's criterion	none	64	false positive	15	exp(-1)*exp(-975*E/619 - 517/619 - 100*GoldenRatio/619 + 947*pi/619)	16.4	0.36		
231	e^(-pi/2)	elementary	64	false positive	13	GoldenRatio*(-373*GoldenRatio/954 - 61*pi/477 + 118/477 + 67*E/159)**2	16.2	0.17		E^(-Pi/2)
232	-zeta(-1/2)	special	64	false positive	13	exp((-499*GoldenRatio/72 - 95*pi/36 - 11/36 + 197*E/36)/pi)	16.6	0.39		-Zeta[-1/2]
233	a constant related to A000621	none	64	false positive	13	pi*exp(-693*E/272 - 101/68 + 11*pi/17 + 621*GoldenRatio/272)	17.6	0.35		
234	log Sqrt[e]	elementary	64	false positive	12	GoldenRatio/(-621/589 + 161*GoldenRatio/589 + 692*E/589 + 913*pi/589)	16.6	0.07		Log10[Sqrt[E]]
235	Lochs-Porter constant	special	64	false positive	13	log(GoldenRatio/(-641*pi/533 + 157*E/533 + 904/533 + 851*GoldenRatio/533))	17.3	0.31		3/4 - (3*Log[2]*(-2 + 4*EulerGamma + 3*Log[2] - (24*Derivative[1][Zeta][2])/Pi^2))/Pi^2 - (6*Log[2]*(-1/2 + (6*Derivative[1][Zeta][2])/Pi^2))/Pi^2
236	B (negated), a constant related to Glaisher's constant A and the Gaussian unitary ensemble hypothesis	none	64	false positive	13	E*(-304*E/27 - 478*GoldenRatio/27 + 782/27 + 29*pi/3)	14.9	0.02		
237	2*log(2) - 4*Catalan/Pi	special	64	rational fallback	1	27506343124577/125000000000000	14.6	0.41		2*Log[2] - 4*Catalan/Pi
238	gamma^e	special	64	false positive	13	exp((-441*E/307 - 698*GoldenRatio/307 + 119/307 + 467*pi/307)/GoldenRatio)	16.3	0.43		EulerGamma^E
239	7*zeta(3)/(2*Pi^2) - log(2) + 1/2	special	64	false positive	13	GoldenRatio/(-354*pi/223 - 203*GoldenRatio/223 + 813/223 + 447*E/223)**2	16.5	0.22		7Zeta[3]/(2Pi^2)-Log[2]+1/2
240	Conway-Guy constant	special	64	false positive	12	log(-469*pi/830 + 234*GoldenRatio/415 + 387/415 + 73*E/166)	16.6	0.24		ConditionalExpression[Extension`ConwayGuyConstant == Limit[\[FormalV][\[FormalN]]/2^\[FormalN], \[FormalN] -> Infinity], \[FormalV][0] == 0 && \[FormalV][1] == 1 && \[FormalV][\[FormalN]] == 2*\[FormalV][-1 + \[FormalN]] - \[FormalV][-1 + \[FormalN] - Floor[1/2 + Sqrt[2*(-1 + \[FormalN])]]]]
241	Copeland–Erdős constant	special	64	false positive	16	sqrt(pi)*sqrt(-434*GoldenRatio/169 + 137*E/338 + 197/169 + 205*pi/338)	15.7	0.12		Sum[10^(-\[FormalK] - Sum[Floor[Log[10, Prime[\[FormalJ]]]], {\[FormalJ], 1, \[FormalK]}])*Prime[\[FormalK]], {\[FormalK], 1, Infinity}]
242	Pi*(3 - gamma)/32, where gamma is Euler's constant A001620	special	64	rational fallback	1	118928147943403/500000000000000	14.7	0.46		Pi*(3 - EulerGamma)/32
243	quadtree constant	special	64	false positive	12	GoldenRatio*(-897*E/388 + 155/388 + 331*pi/388 + 201*GoldenRatio/97)	16.6	0.03		228 - 26*Pi^2 + 24*Zeta[3]
244	1/sqrt(2*Pi*e), one of the Traveling Salesman constants	elementary	64	false positive	13	1/log(-841/63 - 46*GoldenRatio/7 + 326*E/21 + 295*pi/21)	16.3	0.28		1/Sqrt[2*Pi*E]
245	a(F_5), the maximum inradius of all triangles that lie in a regular pentagon of width 1	none	64	false positive	16	sqrt(-228*pi/281 - 571/281 + 184*GoldenRatio/281 + 374*E/281)/sqrt(GoldenRatio)	16.7	0.10		
246	rayleigh kurtosis excess	elementary	64	false positive	12	(-97*pi/33 + 31/33 + 191*GoldenRatio/264 + 185*E/66)**2	16.2	0.16		-(6*Pi^2 - 24*Pi + 16)/(4 - Pi)^2
248	second (of 10) decimal selvage numbers	none	64	false positive	15	sqrt(-415*pi/544 - 223/272 - 167*GoldenRatio/544 + 417*E/272)*exp(-1)	18.7	0.06		
249	log Sqrt[π]	elementary	64	false positive	13	1/log(-622*pi/17 + 275*GoldenRatio/17 + 450/17 + 739*E/17)	16.9	0.24		Log10[Sqrt[Pi]]
250	logarithm of Glaisher's constant	special	64	false positive	14	sqrt(-857*E/595 - 164/595 + 393*GoldenRatio/595 + 622*pi/595)/GoldenRatio	16.5	0.08		Log[Glaisher]
251	a multiplicative constant related to A006196	none	64	rational fallback	1	250363429392523/1000000000000000	14.7	0.44		
252	self number density constant	special	64	false positive	14	GoldenRatio**2/(-695*GoldenRatio/376 - 643/376 + 183*pi/376 + 221*E/94)**2	16.0	0.21		Sum[Piecewise[{{1, SatisfiableQ[\[FormalK] == Sum[(1 + 2^\[FormalN])*\[FormalA][\[FormalK], \[FormalN]], {\[FormalN], 1, Infinity}] && ForAll[\[FormalN], Element[\[FormalN], Integers] && \[FormalN] > 0, Element[\[FormalA][\[FormalK], \[FormalN]], Integers]], {\[FormalA]}]}}, 0]/2^\[FormalK], {\[FormalK], 1, Infinity}]^2/8
253	(1/384)*Pi^4	elementary	64	false positive	16	sqrt(-849*E/476 - 431/238 + 243*GoldenRatio/119 + 77*pi/68)/sqrt(pi)	16.1	0.12		Pi^4/ 384
254	Flajolet-Prodinger constant 'K', a constant related to asymptotically enumerating level number sequences for binary tree	none	64	false positive	14	sqrt(-927/920 - 29*pi/115 - 65*GoldenRatio/184 + 43*E/46)/GoldenRatio	16.5	0.07		
255	third (of 10) decimal selvage numbers	none	64	false positive	13	pi/(-867*E/71 + 596/71 + 597*GoldenRatio/71 + 332*pi/71)**2	16.4	0.20		
256	Meissel-Mertens constant	special	64	rational fallback	1	261497212847643/1000000000000000	15.1	0.41		EulerGamma + Sum[Log[1 - Prime[n]^(-1)] + Prime[n]^(-1), {n, 1, Infinity}]
257	Pi/12	none	64	exact	1	pi/12	64.0	0.00		
258	Mrs. Miniver constant	special	64	rational fallback	1	264932084602777/1000000000000000	15.3	0.44		Root[{#1 - Sin[Pi/6 - #1*Sqrt[1 - #1^2]] & , 0.264932084602776862`17.423134556719873}]
259	Ti_2(2-sqrt(3)), where Ti_2 is the inverse tangent integral function	none	64	false positive	13	log(-45*E/8 - 36*GoldenRatio/13 + 17/52 + 90*pi/13)/pi	16.0	0.24		
260	unforgeable word constant	special	64	false positive	14	GoldenRatio**2/(-164/875 + 23*pi/175 + 26*GoldenRatio/35 + 547*E/875)**2	16.4	0.23		Sum[(2*(-1)^(-1 + \[FormalK])*Product[2^(-1 + 2^\[FormalJ])/(-1 + 2^(-1 + 2^\[FormalJ])), {\[FormalJ], 2, \[FormalK]}])/(-1 + 2^(-1 + 2^(1 + \[FormalK]))), {\[FormalK], 1, Infinity}]
261	volume of a regular ideal hyperbolic 4-simplex	elementary	64	false positive	15	E/sqrt(-289*pi/25 - 41*GoldenRatio/25 + 944/25 + 951*E/25)	16.2	0.08		10*Pi/3*ArcSin[1/3] - Pi^2/3
263	one of the Pell-Stevenhagen constants	none	64	false positive	13	log(-37/16 - 63*GoldenRatio/104 + 197*pi/416 + 513*E/416)/GoldenRatio	16.4	0.26		
264	1/(8*log(2)*A005597), where A005597 is the twin prime constant C_2	none	64	false positive	12	pi/(-721/230 + 7*E/115 + 444*GoldenRatio/115 + 301*pi/115)	17.2	0.05		
265	constant appearing in the expected number of comparisons for an unsuccessful digital tree search (negated)	none	64	false positive	12	(-613*pi/694 - 411/694 + 348*GoldenRatio/347 + 579*E/694)**2	16.0	0.14		
267	(6/Pi^2)*Sum_{n>=1} 1/prime(n)^2	special	64	false positive	16	sqrt(-215*pi/61 - 195/244 + 467*GoldenRatio/244 + 809*E/244)/sqrt(pi)	16.3	0.13		6*PrimeZetaP[2]/Pi^2
268	1/Gamma(1/4)	special	64	false positive	14	pi*sqrt(-145*E/72 - 203/72 - 41*GoldenRatio/108 + 613*pi/216)	15.0	0.08		1/Gamma[1/4]
269	rho_c = (5-sqrt(5))/10, the asymptotic critical density for the hard hexagon model	algebraic	64	exact	3	3/5 - GoldenRatio/5	63.8	0.00		(5 - Sqrt[5])/10
270	Bernstein's constant	none	50	rational fallback	1	280169499023869/1000000000000000	15.3	0.49		
271	log 6/π	elementary	64	false positive	11	-361*GoldenRatio/848 - 71/106 + 61*pi/848 + 441*E/848	16.7	0.01		Log10[6/Pi]
272	((5 - 2*sqrt(2))*Pi)/24	elementary	64	false positive	14	E*(-327*E/299 + 64*pi/299 + 411*GoldenRatio/598 + 452/299)**2	15.9	0.17		((5-2*Sqrt[2])*Pi)/24
273	Mertens constant M(3,2) arising in the formula for the sum of reciprocals of primes p == 2 (mod 3)	none	64	false positive	14	sqrt(-415*E/796 - 355*GoldenRatio/796 + 3/199 + 148*pi/199)/GoldenRatio	16.3	0.08		
274	Mertens constant M(4,1) arising in the formula for the sum of reciprocals of primes p == 1 (mod 4) (negated)	none	64	false positive	15	E*sqrt(-472*pi/407 + 47/814 + 11*GoldenRatio/37 + 933*E/814)	16.1	0.08		
275	strongly carefree constant	special	64	false positive	14	pi*sqrt(-104/67 - 159*pi/536 - 3*E/67 + 433*GoldenRatio/268)	15.8	0.08		Product[1 - (-2 + 3*Prime[\[FormalK]])/Prime[\[FormalK]]^3, {\[FormalK], 1, Infinity}]
276	digital search tree Q constant	special	64	false positive	13	exp(pi/(-725*GoldenRatio/542 - 939/542 + 107*pi/542 + 149*E/542))	16.6	0.48		QPochhammer[1/2, 1/2]
277	Sum_{k>=0} (k!/(k+2)!)^2	elementary	64	false positive	15	E*sqrt(-526*E/703 - 535/703 + 201*pi/703 + 829*GoldenRatio/703)	16.3	0.07		Pi^2/3 - 3
278	domino tiling constant	special	64	false positive	12	pi/(-650*E/9 - 241*GoldenRatio/9 - 5/9 + 719*pi/9)	16.6	0.05		Catalan/Pi
279	d_0, the constant term in the asymptotic expansion of the average number of registers needed to evaluate a binary tree	none	64	false positive	14	exp(E/(-156*E/113 - 251*GoldenRatio/565 + 122*pi/565 + 894/565))	16.3	0.39		
280	(1/105)*Pi^3	elementary	64	false positive	14	pi**2/(-299/363 + 163*GoldenRatio/363 + 244*pi/363 + 503*E/363)**2	16.1	0.22		Pi^3/105
281	Pythagorean triple second-order constant for areas	special	64	rational fallback	1	14873077649063/50000000000000	15.2	0.44		-(((1 + 2^(-1/3))*Zeta[1/3])/((1 + 2^(-2/3))*Zeta[4/3]))
282	a constant that appears in flux/diffusion problems with trapping surfaces	special	64	rational fallback	1	18622011892503/62500000000000	15.1	0.44		-1/Pi * Integrate[Log[(6/x^2) * (1 - Sin[x]/x)]/x^2, {x, 0, Infinity}]
283	Wadsworth constant	rational	64	exact	1	3/10	64.0	0.00		3/10
284	Sum_{m,n >= 1} (-1)^(m + n)/(m*n*(m + n))	none	64	false positive	14	log(E*(-445*pi/343 - 449/343 + 288*E/343 + 109*GoldenRatio/49))	16.6	0.31		
285	log10(2)	elementary	64	false positive	13	log(pi*(-807*pi/271 - 634/271 + 717*GoldenRatio/271 + 782*E/271))	16.0	0.31		Log[10, 2]
286	ln(Gamma(2/3))	special	64	false positive	16	sqrt(-297*GoldenRatio/331 - 919/662 + 107*E/662 + 513*pi/662)*exp(1/2)	16.2	0.11		LogGamma[2/3]
287	coefficient c appearing in the asymptotic evaluation of the number of prime additive compositions of n as c*(1/xi)^n, wh	none	64	false positive	14	pi**2/(-587*E/344 + 71*GoldenRatio/86 + 157/86 + 393*pi/172)**2	16.4	0.23		
288	Gauss-Kuzmin-Wirsing constant	special	64	rational fallback	1	303663002898733/1000000000000000	14.9	0.44		Inactive[Limit][Inactive[Part][SortBy[N][Abs[Eigenvalues[Inactive[Table][((-1)^\[FormalJ]*Inactive[Sum][(-2)^\[FormalI]*Binomial[\[FormalK], \[FormalI]]*Pochhammer[2 + \[FormalI], \[FormalJ]]*(-2^(2 + \[FormalI] + \[FormalJ]) + (-1 + 2^(2 + \[FormalI] + \[FormalJ]))*Zeta[2 + \[FormalI] + \[FormalJ]]), {\[FormalI], 0, \[FormalK]}])/((-2)^\[FormalK]*\[FormalJ]!), {\[FormalJ], 0, -1 + \[FormalN]}, {\[FormalK], 0, -1 + \[FormalN]}]]]], -2], \[FormalN] -> Infinity]
289	3/pi^2	elementary	64	false positive	13	(-884*E/913 + 952/913 + 476*pi/913 + 12*GoldenRatio/11)**(-2)	16.4	0.16		3/Pi^2
290	radius of convergence of the generating function of A000625 (alcohol stereoisomers enumeration)	none	64	false positive	12	(-201*GoldenRatio/88 - 85*E/176 + 61/44 + 461*pi/352)/GoldenRatio	16.1	0.02		
291	1 - log(2)	elementary	64	false positive	14	GoldenRatio/sqrt(-121*pi/52 + 49*GoldenRatio/104 + 993/104 + 73*E/8)	16.1	0.11		1-Log[2]
292	Hardy-Littlewood constant Product_{p prime >= 5} (1-(6*p^2-4*p+1)/(p-1)^4)	none	64	rational fallback	1	307494878758327/1000000000000000	15.5	0.41		
293	coefficient c_v in c_v*log(N), the asymptotic variance of the number of factors in a random factorization of n <= N	none	64	false positive	16	exp(1/2)/sqrt(-5*GoldenRatio/3 + 20/9 + 490*E/153 + 991*pi/153)	17.1	0.12		
294	Littlewood-Salem-Izumi constant	special	64	rational fallback	1	154221889780993/500000000000000	17.0	0.40		Root[{HypergeometricPFQ[{1/2 - #1/2}, {1/2, 3/2 - #1/2}, (-(1/16))*(9*Pi^2)] & , 0.3084437795619860030341969509860000000000000000000000000001`29.489176016177844}]
295	sin(Pi/10) (angle of 18 degrees)	algebraic	64	exact	3	-1/2 + GoldenRatio/2	63.8	0.00		Sin[18 Degree]
296	-(8*(EulerGamma - log(2)))/3	special	64	false positive	14	exp(-487*E/441 - 55/63 + 73*GoldenRatio/98 + 185*pi/294)/GoldenRatio	17.1	0.34		-(8*(EulerGamma - Log[2]))/3
297	Zolotarev-Schur constant	special	64	rational fallback	1	311078866704819/1000000000000000	15.2	0.42		With[{\[FormalX] = Root[{EllipticE[#1^2]^3 - 3*EllipticE[#1^2]^2*EllipticK[#1^2] + EllipticK[#1^2]*(-1 - EllipticK[#1^2]^2 + #1^2) + EllipticE[#1^2]*(1 + 3*EllipticK[#1^2]^2 + #1^2) & , 0.9155020553896763963055240364016622896543129422884607667501`30.102999566398122}]}, (1 - EllipticE[\[FormalX]^2]/EllipticK[\[FormalX]^2])^2/\[FormalX]^2]
298	k_3 = 3/(2*Pi*m_3), a constant associated with the asymptotic expansion of the probability that a three-dimensional rand	none	64	false positive	12	log(-443*GoldenRatio/473 - 191*E/946 + 789/946 + 783*pi/946)	16.5	0.25		
299	(negated) constant in the expansion of the prime zeta function about s = 1	none	64	false positive	13	log(-215*GoldenRatio/318 + 857/954 + 109*pi/318 + 637*E/954)/pi	16.2	0.24		
300	Atkinson-Negro-Santoro constant	special	64	rational fallback	1	158342086826353/500000000000000	15.2	0.40		ConditionalExpression[Extension`AtkinsonNegroSantoroConstant == Limit[\[FormalU][\[FormalN]]/2^\[FormalN], \[FormalN] -> Infinity], \[FormalU][0] == 0 && \[FormalU][1] == 1 && \[FormalU][\[FormalN]] == 2*\[FormalU][-1 + \[FormalN]] - \[FormalU][-1 + \[FormalN] - Floor[1 + (-1 + \[FormalN])/2]]]
301	real part of the solution of z = log z	special	64	false positive	14	(-651*E/916 + 219/916 + 323*GoldenRatio/458 + 108*pi/229)**2*exp(-1)	16.8	0.14		Re[-ProductLog[-1]]
302	Kalmar composition constant	special	64	false positive	12	GoldenRatio/(-22*E/433 + 84*pi/433 + 663/433 + 825*GoldenRatio/433)	16.2	0.05		ConditionalExpression[Extension`KalmarCompositionConstant == -(1/(\[FormalRho]*Derivative[1][Zeta][\[FormalRho]])), \[FormalRho] == Root[{-2 + Zeta[#1] & , 1.7286472389981836181351030103`29.237706376855613}]]
303	reciprocal of π	elementary	64	exact	1	1/pi	64.0	0.02		Pi^(-1)
304	a constant related to a certain Sobolev isoperimetric inequality	none	64	false positive	16	sqrt(-585*pi/337 - 221/337 + 201*GoldenRatio/337 + 672*E/337)*exp(-1/2)	16.3	0.10		
305	eta/xi = A086318/A086317, a coefficient associated with the asymptotics of the number of weakly binary trees	none	64	false positive	14	GoldenRatio*sqrt(-399*GoldenRatio/136 - 91*E/68 - 43/272 + 743*pi/272)	15.6	0.07		
306	Feller-Tornier product constant	special	64	false positive	14	pi*sqrt(-177*GoldenRatio/8 - 209*E/32 + 715/32 + 159*pi/16)	14.7	0.09		Product[1 - 2/Prime[\[FormalK]]^2, {\[FormalK], 1, Infinity}]
307	second Kneser-Mahler polynomial constant	special	64	rational fallback	1	323065947219451/1000000000000000	14.8	0.42		(9 - PolyGamma[1, 2/3] + PolyGamma[1, 4/3])/(4*Pi*Sqrt[3])
308	1/(4*K), a constant related to the asymptotic evaluation of the number of positive integers all of whose prime factors a	none	64	false positive	13	log(-958*E/775 + 869/775 + 879*GoldenRatio/775 + 789*pi/775)/pi	16.3	0.24		
309	infinite product of (j/Pi)*sin(Pi/j), for j >= 2, a constant similar to the Kepler-Bouwkamp constant	none	64	rational fallback	1	10272177865177/31250000000000	15.7	0.46		
310	constant that appears in the asymptotic formula for average order of an infinitary analog of Euler's phi function (A0917	none	64	false positive	13	(-265/449 + 223*GoldenRatio/898 + 63*pi/449 + 106*E/449)*exp(-1)	16.5	0.01		
311	Given the two curves y = (1 + exp(x))/2 and y = (1 + exp(x))/(1 + exp(x/2)), draw a line tangent to both. This sequence 	none	64	rational fallback	1	330604948887037/1000000000000000	14.8	0.40		
312	9099999999923/27500000000000	rational	64	false positive	16	sqrt(-485*E/584 - 135/146 + 91*GoldenRatio/584 + 75*pi/73)*exp(-1/2)	16.3	0.11		9099999999923/27500000000000
313	euler sqr	special	64	false positive	13	log(pi*(-935*E/397 + 19*GoldenRatio/397 + 309/397 + 757*pi/397))	15.9	0.28		EulerGamma^2
314	log(A085851)	none	64	rational fallback	1	166621360988091/500000000000000	15.5	0.42		
315	third	rational	64	exact	1	1/3	64.0	0.00		1/3
316	Sum_{k>=2} c(k)/prime(k), where c(k) = -1 if p == 1 (mod 4) and c(k) = +1 if p == 3 (mod 4)	none	64	false positive	16	sqrt(-202*E/233 - 687/466 + 184*GoldenRatio/233 + 431*pi/466)/sqrt(pi)	16.3	0.11		
317	radius of convergence of g.f. for unlabeled trees (A000055)	none	64	false positive	13	log(1/(-263*pi/698 - 119*E/698 + 243*GoldenRatio/349 + 861/698))	16.4	0.31		
318	probability that a random walk on a 3-D lattice returns to the origin	special	64	false positive	14	exp(-871*GoldenRatio/590 - 457*E/590 + 66/59 + 261*pi/295)/GoldenRatio	16.5	0.37		1 - (16*Sqrt[2/3]*Pi^3) / (Gamma[1/24]*Gamma[5/24]*Gamma[7/24]*Gamma[11/24])
319	2*sin(Pi/18)	algebraic	64	rational fallback	1	347296355333861/1000000000000000	15.1	0.45		2Sin[Pi/18]
320	sqrt(5^(1/3)-4^(1/3))	algebraic	64	rational fallback	1	70021395218461/200000000000000	14.9	0.43		Sqrt[Surd[5, 3] - Surd[4, 3]]
321	meander connective constant	special	64	false positive	16	sqrt(-351*pi/386 - 406/193 - 375*GoldenRatio/386 + 467*E/193)*exp(1/2)	15.8	0.14		Product[1 - 2^(-2^\[FormalK]), {\[FormalK], 0, Infinity}]
322	lim_{N->infinity} (1/N^2 Sum_{n=1..N} K(n)), where K(n) is the squarefree kernel of n	none	64	false positive	13	exp(pi/(-982/435 - 77*E/145 - 94*GoldenRatio/435 + 48*pi/145))	16.2	0.40		
323	a coefficient associated with the asymptotics of the variance of the distance between a vertex and the root of a random 	none	64	false positive	13	log(pi/(-8*E/27 - 16*GoldenRatio/675 + 2/45 + 646*pi/675))	16.1	0.31		
324	Hafner–Sarnak–McCurley constant	none	64	false positive	14	(-751*E/414 - 164*GoldenRatio/207 + 127/69 + 605*pi/414)**2*exp(2)	15.8	0.21		
325	radius of convergence of the generating function of A000598, the number of rooted ternary trees of n vertices	none	64	false positive	13	log(GoldenRatio*(-123*E/79 - 607/395 + 9*GoldenRatio/5 + 94*pi/79))	18.1	0.28		
327	imaginary part of the infinite power tower of i	special	64	false positive	12	pi*(-680*E/783 - 8*pi/783 + 127/261 + 326*GoldenRatio/261)	16.3	0.03		Im[-ProductLog[-Log[I]]/Log[I]]
328	log 1/M = ln 10	elementary	64	rational fallback	1	362215688699463/1000000000000000	15.2	0.39		Log10[Log[10]]
329	equilateral triangle line-picking constant	elementary	64	false positive	12	1/log(-283*GoldenRatio/209 + 2/19 + 628*E/209 + 3*pi)	16.4	0.25		(4 + 3*Log[3])/20
330	(3*sqrt(6) - 7)*Pi/3	elementary	64	exact	5	pi*(-7/3 + sqrt(6))	64.0	0.03		(3Sqrt[6]-7)Pi/3
331	standard Gumbel distribution median	elementary	64	false positive	14	log(E*(-425*pi/481 - 739*GoldenRatio/481 + 617/481 + 798*E/481))	16.9	0.29		-Log[Log[2]]
332	constant that appears in the asymptotic formula for average order of the number of  infinitary divisors function (A03744	none	64	false positive	16	sqrt(-628*GoldenRatio/559 + 30*E/559 + 19/43 + 294*pi/559)/sqrt(pi)	16.1	0.11		
333	reciprocal of e	elementary	64	exact	2	exp(-1)	64.0	0.01		E^(-1)
334	Hardy-Littlewood constant C_7 = Product_{p prime > 7} 1/(1-1/p)^7 (1-7/p)	none	64	false positive	13	E*(-35*E/31 - 11*GoldenRatio/16 - 419/496 + 815*pi/496)	16.4	0.02		
335	fourth (of 10) decimal selvage number	none	64	false positive	13	log(-272*E/305 - 307*GoldenRatio/305 + 503/610 + 981*pi/610)/GoldenRatio	16.4	0.25		
336	constant c appearing in the expected number of pair of twin vacancies in a digital tree	none	64	false positive	14	pi**2*(-104*pi/127 - 37*E/254 - 17/254 + 507*GoldenRatio/254)**2	16.5	0.21		
337	variance of the maximum of a size 8 sample from a normal (0,1) distribution	none	64	false positive	16	sqrt(-772*pi/119 - 242*GoldenRatio/119 + 60/17 + 52*E/7)*exp(1/2)	15.8	0.12		
338	(1/144)*3^(1/2)*Pi^3	elementary	64	exact	5	sqrt(3)*pi**3/144	64.0	0.39		Sqrt[3]*Pi^3/144
339	1/Gamma(1/3)	special	64	false positive	14	log(E*(-695*GoldenRatio/472 - 249/236 + 75*pi/472 + 603*E/472))	16.2	0.32		1/Gamma[1/3]
340	first positive solution to exp(1-1/x)/x = 1/2, a binary search tree constant	special	64	rational fallback	1	186682308850837/500000000000000	15.6	0.43		-1/ProductLog[-1, -1/(2*E)]
341	Artin's constant	special	64	rational fallback	1	186977906809601/500000000000000	15.1	0.41		Product[1 - 1/((-1 + Prime[n])*Prime[n]), {n, 1, Infinity}]
342	64/169, the upper bound (as given by S. Finch) of the 2-dimensional simultaneous Diophantine approximation constant	none	64	exact	1	64/169	64.0	0.00		
343	upper bound of the 6-dimensional simultaneous Diophantine approximation constant	none	64	false positive	14	pi*sqrt(-313*E/76 - 23*GoldenRatio/19 + 473/76 + 42*pi/19)	15.2	0.09		
344	expected distance from a randomly selected point in the unit square to its center: (sqrt(2) + log(1 + sqrt(2)))/6	elementary	64	false positive	13	(-521*E/946 - 195*GoldenRatio/473 + 169/946 + 464*pi/473)**2/pi	17.8	0.16		(Sqrt[2] + Log[1 + Sqrt[2]])/6
345	Given the two curves y = (1 + exp(x))/2 and y = (1 + exp(x))/(1 + exp(x/2)), draw a line tangent to both. This sequence 	none	64	false positive	15	sqrt(-79*E/15 + 2*GoldenRatio/3 + 209/105 + 59*pi/15)*exp(-1)	17.4	0.06		
346	upper bound of the 5-dimensional simultaneous Diophantine approximation constant	elementary	64	false positive	12	(-452*GoldenRatio/631 - 466/631 - 100*pi/631 + 841*E/631)/pi	17.1	0.03		3/(208 + 72*Pi - 96*Sqrt[2]*Pi)
347	variance of the maximum of a size 7 sample from a normal (0,1) distribution	none	64	false positive	13	exp(1/(-323*E/964 - 611/964 - 55*pi/964 + 391*GoldenRatio/964))	16.4	0.39		
348	1 - 6/pi^2	elementary	64	false positive	13	log(GoldenRatio/(-224*pi/19 - 102/19 + 116*GoldenRatio/19 + 235*E/19))	15.2	0.32		1 - 6/Pi^2
349	Pi/8	none	64	exact	1	pi/8	64.0	0.00		
350	A(rectangles), an analog of Moser's worm constant, which is associated with the class of rectangular regions of the plan	none	64	false positive	12	GoldenRatio/(-474/283 + 103*GoldenRatio/283 + 226*pi/283 + 279*E/283)	16.5	0.04		
351	radius of convergence of the generating function for the enumeration of rooted identity trees (A004111)	none	50	rational fallback	1	4965163711053/12500000000000	16.0	0.41		
352	Pi*G - 33*zeta(3)/16, where G = A006752	special	64	rational fallback	1	199174209420749/500000000000000	15.8	0.42		Pi Catalan-33Zeta[3]/16
353	one div root two pi	elementary	64	exact	6	sqrt(2)/(2*sqrt(pi))	64.0	0.08		1/Sqrt[2*Pi]
354	log Sqrt[2π]	elementary	64	false positive	12	(-697*pi/413 - 100/59 + 515*GoldenRatio/413 + 947*E/413)/pi	17.8	0.02		Log10[Sqrt[2*Pi]]
355	'lambda', a Somos quadratic recurrence constant mentioned by Steven Finch	none	64	false positive	14	log(E*(-243*GoldenRatio/461 - 47*pi/922 + 98*E/461 + 907/922))	16.7	0.27		
356	Feigenbaum's constant 0.399535	none	64	rational fallback	1	199767640261567/500000000000000	14.9	0.41		
357	Li_3(2 - phi)	special	64	rational fallback	1	402683962952109/1000000000000000	16.3	0.41		PolyLog[3,2-GoldenRatio]
358	radius of convergence of Wedderburn-Etherington numbers g.f	none	64	false positive	13	pi*(-322*E/509 - 240*pi/509 + 564/509 + 771*GoldenRatio/509)**2	16.9	0.19		
359	'mu', a percolation constant associated with the asymptotic threshold for 3-dimensional bootstrap percolation	none	64	false positive	13	E*(-429*E/287 - 488*GoldenRatio/287 - 584/287 + 822*pi/287)	16.5	0.03		
360	log(A085850)	none	41	false positive	16	sqrt(-395*E/346 - 841/346 - 171*GoldenRatio/346 + 755*pi/346)/sqrt(pi)	17.8	0.11		
361	m_2 = (2-1/e)/4, one of Renyi's parking constants, the mean car density in case "monomer with nearest neighbor exclusion	elementary	64	exact	6	(-1/4 + E/2)*exp(-1)	64.0	0.01		(2 - 1/E)/4
362	upper bound of the 4-dimensional simultaneous Diophantine approximation constant	elementary	64	false positive	14	(-997/120 - 43*pi/30 + 43*E/30 + 79*GoldenRatio/12)**2*exp(-2)	16.4	0.17		27/(4*(8*Sqrt[3]*Pi - 27))
363	Euler-Kronecker constant (as named by P. Moree) for non-hypotenuse numbers	none	64	false positive	14	GoldenRatio/sqrt(90*pi/107 + 316/107 + 152*E/107 + 407*GoldenRatio/107)	16.8	0.09		
364	lower bound of the Berry-Esseen constant	elementary	64	false positive	13	log(-407*E/599 - 951/599 + 357*GoldenRatio/599 + 841*pi/599)/GoldenRatio	16.9	0.23		(3 + Sqrt[10])/(6*Sqrt[2*Pi])
365	Hardy-Littlewood constant C_5 = Product_{p prime > 5} 1/(1-1/p)^5 (1-5/p)	none	64	false positive	12	GoldenRatio/(-65*E/118 + 333/472 + 213*pi/472 + 969*GoldenRatio/472)	16.3	0.04		
366	sqrt(2)*(sqrt(6) - 1)/5	algebraic	64	exact	8	sqrt(14/25 - 4*sqrt(6)/25)	64.0	0.05		Sqrt[2](Sqrt[6]-1)/5
367	Prouhet–Thue–Morse constant	special	64	false positive	16	sqrt(-24*pi/41 + 203/779 + 165*GoldenRatio/779 + 433*E/779)/sqrt(GoldenRatio)	16.2	0.11		(2 - Product[(-1 + 2^2^\[FormalK])/2^2^\[FormalK], {\[FormalK], 0, Infinity}])/4
368	1/(eta*P'(eta)), a constant related to the asymptotic evaluation of the number of prime multiplicative compositions, whe	none	30	rational fallback	1	41277323709367/100000000000000	14.9	0.44		
369	sqrt(2) - 1	algebraic	64	exact	3	-1 + sqrt(2)	64.0	0.01		Sqrt[2] - 1
370	isosceles triangle line-picking constant	elementary	64	false positive	14	(-182*pi/211 - 625/422 - 33*GoldenRatio/422 + 835*E/422)**2*exp(-1)	17.0	0.15		(2 + 4*Sqrt[2] + ArcSinh[1]*(4 + Sqrt[2]))/30
371	Prime constant	special	64	rational fallback	1	51835313731389/125000000000000	15.1	0.42		Sum[2^(-Prime[n]), {n, 1, Infinity}]
372	variance of the maximum of a size 6 sample from a normal (0,1) distribution	none	64	false positive	14	E*log(-923*E/379 - 740/379 + 450*GoldenRatio/379 + 943*pi/379)	16.0	0.25		
373	volume of the Meissner Body	elementary	64	false positive	12	GoldenRatio*(-125*E/266 + 5*pi/133 + 253/399 + 129*GoldenRatio/266)	16.2	0.03		(2/3 - Sqrt[3]/4 * ArcCos[1/3])* Pi
374	Minkowski-Bower constant	special	64	false positive	13	pi*(-488*pi/217 - 452/217 + 572*GoldenRatio/217 + 419*E/217)**2	16.1	0.16		Inactive[Root][{#1 - MinkowskiQuestionMark[#1] & , 0.420372339423223075640993`23.623634131640042}]
375	Schlüter ten disk constant	algebraic	64	false positive	12	(-565*E/692 - 218/173 + 104*pi/173 + 479*GoldenRatio/346)**2	17.0	0.15		Root[819200 - 14172160*\[FormalX] + 114038784*\[FormalX]^2 - 563649536*\[FormalX]^3 + 1899131648*\[FormalX]^4 - 4564076288*\[FormalX]^5 + 7918461504*\[FormalX]^6 - 9722063488*\[FormalX]^7 + 7803109440*\[FormalX]^8 - 2960321792*\[FormalX]^9 - 1038261808*\[FormalX]^10 + 1526909568*\[FormalX]^11 + 227573920*\[FormalX]^12 - 1398966480*\[FormalX]^13 + 1145811528*\[FormalX]^14 - 462103584*\[FormalX]^15 + 98015844*\[FormalX]^16 - 11436428*\[FormalX]^17 + 1180129*\[FormalX]^18, \[FormalX], 1]
376	logarithmic capacity of the unit equilateral triangle	none	64	rational fallback	1	421753934648427/1000000000000000	15.4	0.43		
377	c_1, a constant associated with the computation of the maximal modulus of an algebraic integer	none	64	false positive	13	pi/sqrt(-33*E - 81*GoldenRatio/10 + 111/4 + 831*pi/20)	16.3	0.09		
378	Reuleaux tetrahedron volume	elementary	64	rational fallback	1	422157733115827/1000000000000000	15.1	0.40		(8*Pi)/3 - (27*ArcCos[1/3])/4 + Sqrt[2]/4
379	1 - gamma, where gamma is Euler's constant (or the Euler-Mascheroni constant)	special	64	false positive	12	GoldenRatio*(-123*pi/443 + 17*E/886 + 175/886 + 242*GoldenRatio/443)	16.8	0.03		1 - EulerGamma
380	pi^(-3/4)	elementary	64	false positive	14	pi/sqrt(-785*GoldenRatio/87 + 790/87 + 922*E/87 + 877*pi/87)	16.3	0.09		Pi^(-3/4)
381	Dawson's integral at the inflection point	none	64	false positive	13	pi*(-842*pi/489 + 100*GoldenRatio/163 + 625/489 + 631*E/489)**2	16.4	0.16		
382	(2/3)*x where x is the real solution of the equation x^2 + 2*sqrt(1 - x^2) = 2*x*(x + arccos(x))	none	64	false positive	15	sqrt(GoldenRatio)/sqrt(-463*GoldenRatio/77 + E/14 + 389/77 + 653*pi/154)	16.3	0.15		
383	gamma', the analog of Euler's constant when 1/x is replaced by 1/(x*log(x))	none	64	rational fallback	1	85633144974247/200000000000000	15.8	0.41		
384	carefree constant	special	64	false positive	16	sqrt(-179*E/22 - 116/55 + 95*GoldenRatio/22 + 307*pi/55)/sqrt(GoldenRatio)	16.1	0.11		Product[1 - (-1 + 2*Prime[\[FormalK]])/Prime[\[FormalK]]^3, {\[FormalK], 1, Infinity}]
385	'lambda', a Young-Fejér-Jackson constant linked to the positivity of certain sine sums	none	64	rational fallback	1	430296653124203/1000000000000000	15.2	0.43		
386	2*arccsch(2)/sqrt(5)	none	64	false positive	12	pi*(-747*E/149 + 249*GoldenRatio/149 + 781/149 + 276*pi/149)	15.9	0.03		
387	m = (1-1/e^2)/2, one of Renyi's parking constants	elementary	64	false positive	11	pi/log(74 + 73*E/2 + 305*GoldenRatio + 487*pi/2)	16.3	0.26		(1 - 1/E^2)/2
388	Bloch constant lower limit	algebraic	64	false positive	16	sqrt(pi)*sqrt(-372*pi/763 - 46*E/763 + 227*GoldenRatio/763 + 972/763)	16.5	0.13		1/5000 + Sqrt[3]/4
389	common logarithm of e	elementary	64	exact	2	1/log(10)	64.0	0.27		Log10[E]
390	asymptotic probability of success in the full-information secretary problem with uniform distribution when the number of	none	64	false positive	16	sqrt(GoldenRatio)/sqrt(-625/713 + 895*GoldenRatio/713 + 860*E/713 + 933*pi/713)	17.0	0.13		
391	a constant related to the [dimensionless] electrical capacitance of the ring torus without hole (with unit circle radius	none	64	false positive	13	GoldenRatio/log(-50*E/21 + 31/21 + 860*GoldenRatio/63 + 482*pi/63)	16.3	0.29		
392	1/(2*(Pi-2)), the upper bound of the 3-dimensional simultaneous Diophantine approximation constant	elementary	64	exact	3	1/(-4 + 2*pi)	64.0	0.03		1/(2*(Pi - 2))
394	real part of the infinite power tower of i	special	64	false positive	13	(-573*pi/218 - 312/109 + 133*GoldenRatio/109 + 829*E/218)*exp(-1)	16.8	0.01		Re[-ProductLog[-Log[I]]/Log[I]]
395	breadth of the "caliper", the broadest worm of unit length	none	64	false positive	13	exp(pi/(-495*GoldenRatio/43 - 218*E/43 - 601/86 + 487*pi/43))	16.8	0.40		
396	Otter's asymptotic constant beta for the number of rooted trees	none	64	rational fallback	1	17596960502841/40000000000000	15.2	0.44		
397	Ising constant	elementary	64	false positive	12	GoldenRatio*(-315*E/4 + 39*GoldenRatio/2 + 57*pi/2 + 373/4)	14.5	0.04		Log[1 + Sqrt[2]]/2
398	1/log(2)-1, the mean value of a random variable following the Gauss-Kuzmin distribution	elementary	64	false positive	13	E*(-859*pi/828 - 116/207 + 59*GoldenRatio/92 + 13*E/12)	16.6	0.02		1/Log[2] - 1
400	1D Diophantine approximation constant	algebraic	64	exact	4	-1/5 + 2*GoldenRatio/5	64.0	0.00		Sqrt[5]^(-1)
401	variance of the maximum of a size 5 sample from a normal (0,1) distribution	special	64	false positive	14	log(E*(-499*E/592 - 395/296 + 411*GoldenRatio/592 + 145*pi/148))	16.3	0.32		1 - 25/Pi + 150*ArcCsc[Sqrt[3]]/Pi^2 + 5*Sqrt[3]*ArcSec[2*Sqrt[2/3]]/Pi^2 - 225*ArcCsc[Sqrt[3]]^2/Pi^3
402	7*sqrt(3)/27	algebraic	64	exact	4	7*sqrt(3)/27	64.0	0.05		7Sqrt[3]/27
403	asymptotic probability of success in the full information version of the secretary problem	none	64	false positive	12	pi/(-383*GoldenRatio/749 + 113/107 + 915*E/749 + 821*pi/749)	16.5	0.07		
404	2^(1/2)/pi	elementary	64	exact	3	sqrt(2)/pi	64.0	0.02		2^(1/2)/Pi
405	log(Pi/2)	elementary	64	false positive	16	sqrt(pi)*sqrt(-487*pi/202 + 161/404 + 305*GoldenRatio/202 + 713*E/404)	16.4	0.13		Log[Pi/2]
406	prime zeta function at 2: Sum_{p prime} 1/p^2	special	64	false positive	12	GoldenRatio*exp(-67*GoldenRatio - 71/2 + 89*pi/5 + 319*E/10)	16.6	0.36		PrimeZetaP[2]
407	Product_{n>1} (1-1/n)^(1/n)	none	64	false positive	14	pi*sqrt(-318*GoldenRatio/533 - 157*pi/533 + 198/533 + 302*E/533)	15.7	0.08		
408	e^(-pi/4)	elementary	64	exact	3	exp(-pi/4)	64.0	0.33		E^(-Pi/4)
409	c^c^c^...  where c is the constant defined in A037077	none	64	rational fallback	1	461921440164411/1000000000000000	15.0	0.45		
410	Machin Gregory series constant	elementary	64	false positive	14	GoldenRatio*sqrt(-265*E/918 - 263*GoldenRatio/918 + 461/918 + 121*pi/459)	16.4	0.09		ArcTan[1/2]
411	6*K/Pi^2, a constant related to the asymptotic evaluation of the number of positive squarefree integers of the form a^2 	none	64	false positive	13	E/(-815/433 - 126*E/433 + 922*GoldenRatio/433 + 700*pi/433)	16.4	0.05		
412	(1/30)*2^(1/2)*Pi^2	elementary	64	false positive	13	(-295*GoldenRatio/633 + 4*pi/211 + 223*E/633 + 634/633)*exp(-1)	17.5	0.01		(Sqrt[2] Pi^2)/30
413	'etaHat', a constant used in the asymptotic evaluation of e.g.f. coefficients for the number of labeled mobiles	none	64	false positive	14	(-195*GoldenRatio/196 - 79*pi/196 + 159/98 + 85*E/98)**2/GoldenRatio**2	17.5	0.20		
414	pi^(-2/3)	elementary	64	false positive	13	pi*log(-279*pi/34 - 277/17 + 4*GoldenRatio/17 + 268*E/17)	16.0	0.28		Pi^(-2/3)
415	Bloch constant upper limit	special	64	false positive	13	log(GoldenRatio/(-239*pi/70 + 31*GoldenRatio/21 + 431/105 + 27*E/14))	16.3	0.29		(Sqrt[(-1 + Sqrt[3])/2]*Gamma[1/3]*Gamma[11/12])/Gamma[1/4]
416	Weierstrass constant	special	64	false positive	13	sqrt(-673*pi/89 + 501/89 + 487*GoldenRatio/89 + 311*E/89)	16.4	0.06		(2*2^(1/4)*E^(Pi/8)*Sqrt[Pi])/Gamma[1/4]^2
417	Plouffe's b-constant	none	64	false positive	13	log(pi/(-233*E/241 - 284/723 + 234*GoldenRatio/241 + 261*pi/241))	17.8	0.35		
418	common logarithm of 3	elementary	64	false positive	12	1/(-619/242 - 61*E/121 + 201*GoldenRatio/121 + 257*pi/242)	17.5	0.05		Log10[3]
419	quadtree leaf proportion constant	elementary	64	false positive	14	1/sqrt(-29/123 + 21*GoldenRatio/41 + 169*pi/615 + 659*E/615)	16.7	0.11		-39 + 4*Pi^2
420	(6*sqrt(3) + 12*log(2+sqrt(3)) - Pi)/48	elementary	64	false positive	12	log(-551*E/163 - 309/163 + 631*GoldenRatio/163 + 334*pi/163)	16.7	0.22		(6Sqrt[3]+12Log[2+Sqrt[3]]-Pi)/48
421	(ln 2)^2	elementary	64	false positive	12	(-977/59 - 282*E/59 + 488*GoldenRatio/59 + 332*pi/59)/pi	16.3	0.02		Log[2]^2
422	2*zeta(3)/5	special	64	rational fallback	1	240411380631919/500000000000000	15.2	0.41		2*Zeta[3]/5
423	logarithm of golden ratio	elementary	64	false positive	12	(-695*GoldenRatio/921 - 943/921 - 11*E/921 + 871*pi/921)**2	16.2	0.15		Log[GoldenRatio]
424	Trott's third constant	none	64	rational fallback	1	241338640969591/500000000000000	15.1	0.44		
425	a constant related to the expected number of vertices of the largest tree associated with a random mapping on n symbols	none	64	false positive	14	GoldenRatio/sqrt(-124/405 - 41*GoldenRatio/405 + 142*E/81 + 178*pi/81)	16.3	0.09		
426	2*K/Pi, a constant related to the asymptotic evaluation of the number of positive integers all of whose prime factors ar	none	64	rational fallback	1	486519888385891/1000000000000000	17.2	0.41		
427	Gaussian twin prime constant	special	64	false positive	14	exp(E/(-305*E/134 - 208/67 - 381*GoldenRatio/268 + 333*pi/134))	16.4	0.42		(Pi^2*Product[Piecewise[{{((1 - 4/Prime[\[FormalK]])*(1 + Prime[\[FormalK]])^2)/(-1 + Prime[\[FormalK]])^2, Mod[Prime[\[FormalK]], 4] == 1}}, 1], {\[FormalK], 1, Infinity}])/8
428	3/(8*K), a constant related to the asymptotic evaluation of the number of positive integers that can be expressed as the	none	64	rational fallback	1	24534702520577/50000000000000	15.1	0.44		
429	variance of the maximum of a size 4 sample from a normal (0,1) distribution	special	64	rational fallback	1	245857618437371/500000000000000	15.3	0.43		1 + Sqrt[3]/Pi - 36*ArcSec[Sqrt[3]]^2/Pi^3
430	Shapiro-Drinfeld cyclic sum constant	special	64	false positive	12	(-968*GoldenRatio/969 - 805/969 + 43*E/323 + 890*pi/969)/GoldenRatio	16.5	0.01		ConditionalExpression[Extension`ShapiroDrinfeldCyclicSumConstant == \[FormalY]/2, \[FormalY] + \[FormalY]*E^(\[FormalX]/2) == (2 + \[FormalX])/E^(\[FormalX]/2) + \[FormalX]/(1 + E^(\[FormalX]/2)) && \[FormalX] + (1 + 2*E^(\[FormalX]/2))^(-1) == Log[(4*E^\[FormalX]*Cosh[\[FormalX]/4]^2)/(1 + 2*E^(\[FormalX]/2))] && -3/2 < \[FormalX] < -1/2 && 1/2 < \[FormalY] < 1]
431	fifth (of 10) decimal selvage number	none	64	rational fallback	1	49/99	19.6	0.00		
432	1-gamma-gamma(1), a constant related to the asymptotic expansion of j(n), the counting function of "jagged" numbers, whe	special	64	rational fallback	1	1935938205399/3906250000000	15.6	0.42		1 - EulerGamma - StieltjesGamma[1]
433	common logarithm of π	elementary	64	false positive	13	GoldenRatio/log(-471*GoldenRatio/77 + 136/77 + 893*E/154 + 64*pi/11)	19.2	0.26		Log10[Pi]
434	Half	rational	64	exact	1	1/2	64.0	0.00		1/2
435	birthday problem constant	rational	64	false positive	13	GoldenRatio/(-659*pi/362 - 471/181 + 336*GoldenRatio/181 + 473*E/181)**2	16.3	0.17		38093904702297390785243708291056390518886454060947061/75091883268515350125426207425223147563269805908203125
436	A245781*Pi/2	none	64	rational fallback	1	129083994070431/250000000000000	15.6	0.42		
437	sqrt(2 - sqrt(3)), edge length of a regular dodecagon with circumradius 1	none	64	false positive	12	pi*(-670*E/203 - 956/203 + 211*GoldenRatio/203 + 786*pi/203)	16.4	0.04		
438	a constant related to the asymptotic expansion of the smallest Lebesgue constant corresponding to an optimal interpolati	special	64	rational fallback	1	52125162645541/100000000000000	15.5	0.43		2/Pi*(2*Log[2] - Log[Pi] + EulerGamma)
439	square line-picking constant	elementary	64	rational fallback	1	521405433164721/1000000000000000	15.2	0.40		(2 + 5*Log[1 + Sqrt[2]] + Sqrt[2])/15
440	sixth pi	elementary	64	exact	1	pi/6	64.0	0.00		Pi/6
441	Upper limit of backward value of 5^n	none	64	false positive	14	E*(-301*pi/33 - 416*GoldenRatio/33 + 92*E/11 + 883/33)**2	15.7	0.16		
442	Mrs. Miniver's constant	none	64	false positive	13	pi/(-429*GoldenRatio/202 - 139*E/202 + 229/101 + 176*pi/101)**2	16.2	0.18		
443	Pythagorean triple constant for areas	special	64	rational fallback	1	265669974979211/500000000000000	15.5	0.43		Gamma[1/4]^2/Sqrt[2*Pi^5]
444	Otter's asymptotic constant beta for the number of unrooted trees	none	64	false positive	14	(-853*GoldenRatio/310 - 149*pi/310 + 342/155 + 459*E/310)**2*exp(2)	16.4	0.19		
445	Product_{p odd prime} 1-2/(p*(p-1)), a constant related to Artin's conjecture in the context of quadratic fields	none	64	false positive	14	GoldenRatio/sqrt(6*GoldenRatio/19 + 790/551 + 476*pi/551 + 909*E/551)	18.7	0.09		
446	2*(2 - sqrt(3))	algebraic	64	exact	4	4 - 2*sqrt(3)	64.0	0.01		2(2-Sqrt[3])
447	Li_3(1/2)	special	64	false positive	13	pi*log(-241*pi/96 - 125/384 + 115*GoldenRatio/64 + 917*E/384)	16.2	0.25		PolyLog[3, 1/2]
448	'c', one of Polya's Random Walk constants, related to the asymptotics of the number of 3-D random walks starting from an	none	64	false positive	13	(-899*GoldenRatio/864 + 65*E/288 + 5/6 + 161*pi/432)**2/GoldenRatio	16.2	0.14		
449	Ioachimescu constant	special	64	rational fallback	1	539645491190413/1000000000000000	15.5	0.47		2 + Zeta[1/2]
450	cos one	elementary	64	false positive	16	sqrt(-492*GoldenRatio/541 - 282*E/541 + 106/541 + 545*pi/541)/sqrt(GoldenRatio)	16.1	0.11		Cos[1]
451	value of the maximum of Dawson's integral D_+(x)	none	64	false positive	11	-979/543 - 463*GoldenRatio/543 - 49*E/543 + 686*pi/543	16.0	0.01		
452	Landau constant upper limit	special	64	false positive	15	sqrt(-507*pi/176 - 269*GoldenRatio/88 + 39/44 + 45*E/8)*exp(-1)	16.4	0.07		(Gamma[1/3]*Gamma[5/6])/Gamma[1/6]
453	Pi^2/18	elementary	64	exact	2	pi**2/18	64.0	0.03		Pi^2/18
454	-ln gamma	special	64	false positive	13	pi*(-489*E/824 + 37*pi/412 + 545/824 + 277*GoldenRatio/412)**2	16.8	0.19		-Log[EulerGamma]
455	coefficient c_m in c_m*log(N), the asymptotic mean number of factors in a random factorization of n <= N	none	64	rational fallback	1	275005002706577/500000000000000	15.0	0.42		
456	probability that an integer triple is pairwise unitary coprime	none	64	rational fallback	1	552306904157943/1000000000000000	15.5	0.44		
457	Kuijlaars-Saff constant	special	64	false positive	13	exp(pi/(-523*pi/72 - 107*E/36 + 295/24 + 74*GoldenRatio/9))	16.9	0.39		-1/2*(3^(3/4)*Zeta[1/2]*(Zeta[1/2, 1/3] - Zeta[1/2, 2/3]))/Sqrt[2*Pi]
458	smallest disk radius for which six equal disks can cover the unit disk	none	64	false positive	15	E/sqrt(-101*E/5 + 209/30 + 103*GoldenRatio/10 + 527*pi/30)	16.1	0.09		
459	1-9/(4*Pi)+sqrt(3)/(2*Pi), an extreme value constant	elementary	64	false positive	12	pi*(-279*pi/302 + 7/453 + 305*GoldenRatio/906 + 140*E/151)	17.0	0.03		1 - 9/(4*Pi) + Sqrt[3]/(2*Pi)
460	value of the Buchstab function at phi + 2 = (5 + sqrt(5))/2 (A296184)	elementary	64	false positive	13	log(-495/74 - 313*pi/148 + 697*GoldenRatio/148 + 223*E/74)/GoldenRatio	16.0	0.23		(1 + 2*Log[GoldenRatio] + Log[GoldenRatio]^2 - Pi^2/60)/(GoldenRatio + 2)
461	reciprocal exponential of Euler γ	special	64	false positive	13	pi/(-839*GoldenRatio/45 - 151*pi/45 - 23/3 + 56*E/3)**2	15.9	0.19		E^(-EulerGamma)
462	one div root pi	elementary	64	exact	3	1/sqrt(pi)	64.0	0.06		1/Sqrt[Pi]
463	Omega constant	special	64	false positive	16	sqrt(-287*pi/543 + 4*GoldenRatio/181 + 610/543 + 302*E/543)/sqrt(pi)	16.3	0.11		ProductLog[1]
464	infinite tetration of i absolute value	special	64	false positive	14	pi*sqrt(-328*pi/33 - 142*GoldenRatio/33 + 439/33 + 55*E/6)	15.2	0.08		Limit[Abs[Nest[I^#1 & , I, \[FormalN]]], \[FormalN] -> Infinity]
465	B, a constant appearing in an asymptotic formula related to the exponential divisor function sigma^(e)	none	64	false positive	13	(-179*GoldenRatio/132 - 131*E/660 + 119/330 + 35*pi/33)**2/GoldenRatio	16.3	0.15		
466	(PolyGamma(1,(1+sqrt(5))/4)-PolyGamma(1,(3+sqrt(5))/4))/2	special	64	false positive	12	pi*(-547*E/181 - 238*GoldenRatio/181 - 175/181 + 662*pi/181)	17.2	0.03		(PolyGamma[1,(1+Sqrt[5])/4]-PolyGamma[1,(3+Sqrt[5])/4])/2
467	weakly carefree constant	special	64	false positive	14	GoldenRatio*sqrt(-446*GoldenRatio/109 - 389/109 + 120*E/109 + 254*pi/109)	16.6	0.07		2*Product[1 - (-1 + 2*Prime[\[FormalK]])/Prime[\[FormalK]]^3, {\[FormalK], 1, Infinity}] - Product[1 - (-2 + 3*Prime[\[FormalK]])/Prime[\[FormalK]]^3, {\[FormalK], 1, Infinity}]
468	Product_{p prime > 2} 1-1/(p^2-3p+3), a constant related to I. M. Vinogradov's proof of the "ternary" Goldbach conjectur	none	64	false positive	14	log(E*(-981*pi/739 + 617/739 + 733*GoldenRatio/739 + 648*E/739))	16.3	0.29		
469	eta_A, a constant associated with the asymptotics of the enumeration of labeled acyclic digraphs	none	64	false positive	14	sqrt(-68*GoldenRatio/485 + 79/97 + 186*E/485 + 251*pi/485)/pi	16.3	0.06		
470	Stephens' constant	special	64	false positive	15	E*sqrt(-798*pi/845 - 16*GoldenRatio/169 + 57/169 + 879*E/845)	16.3	0.08		Product[1 - Prime[n]/(-1 + Prime[n]^3), {n, 1, Infinity}]
471	a constant related to the asymptotics of A005169	none	64	false positive	11	exp(pi/(-907/79 - 93*E/79 - pi + 592*GoldenRatio/79))	16.6	0.40		
472	Euler gamma	special	64	false positive	14	exp(2)/(-963*GoldenRatio/772 + 507/772 + 141*pi/193 + 751*E/772)**2	17.2	0.21		EulerGamma
473	3^(-1/2)	algebraic	64	exact	3	sqrt(3)/3	64.0	0.01		3^(-1/2)
474	Pi/(2e)	none	64	exact	3	pi*exp(-1)/2	64.0	0.01		
475	k3, a Diophantine approximation constant such that the conjectured volume of the "critical parallelepiped" is 2^3*k3 (th	algebraic	64	false positive	13	log((-314/933 + 400*GoldenRatio/933 + 752*E/933 + 907*pi/933)/pi)	16.9	0.28		8/7*Cos[2*Pi/7]*Cos[Pi/7]^2
476	asymptotic probability of success in one of the Secretary problems	none	64	false positive	14	GoldenRatio*sqrt(-650*pi/63 - 8*E/63 + 970/63 + 227*GoldenRatio/21)	17.0	0.07		
477	Pell constant	special	64	false positive	14	1/sqrt(-27*E/116 + 17*GoldenRatio/24 + 265*pi/696 + 875/696)	16.3	0.09		1 - QPochhammer[1/2, 1/4]
478	gamma_3, a lattice sum constant, analog of Euler's constant for 3-dimensional lattices	none	64	false positive	14	GoldenRatio**2*(-139*pi/331 - 38*E/331 + 411*GoldenRatio/662 + 727/662)**2	16.1	0.21		
479	-zeta(1/2)/sqrt(2*Pi)	special	64	false positive	15	E*sqrt(-889/648 - 157*GoldenRatio/216 - 139*pi/648 + 779*E/648)	16.4	0.07		-Zeta[1/2]/Sqrt[2*Pi]
480	first Kneser-Mahler polynomial constant	special	64	false positive	14	exp(E/(-833*E/208 - 459*GoldenRatio/104 + 851/208 + 589*pi/208))	16.1	0.38		(2*Catalan)/Pi
481	Logarithmic capacity of the unit disk	special	64	false positive	12	GoldenRatio/(-807/571 + 163*E/571 + 575*GoldenRatio/571 + 318*pi/571)	17.8	0.04		Gamma[1/4]^2/(4*Pi^(3/2))
482	Lehmer constant	special	64	false positive	12	(-399*pi/230 - 65*GoldenRatio/92 + 137/92 + 497*E/230)**2	16.6	0.14		ConditionalExpression[Extension`LehmerConstant == Cot[Sum[(-1)^\[FormalK]*ArcCot[Subscript[\[FormalC], \[FormalK]]], {\[FormalK], 0, Infinity}]], Subscript[\[FormalC], 0] == 0 && Subscript[\[FormalC], \[FormalK]] == 1 + Subscript[\[FormalC], -1 + \[FormalK]] + Subscript[\[FormalC], -1 + \[FormalK]]^2]
484	Gompertz constant	special	64	false positive	12	GoldenRatio/(-244*pi/607 - 285/607 + 432*E/607 + 942*GoldenRatio/607)	17.6	0.05		-(E*ExpIntegralEi[-1])
486	Champernowne base-3 constant	special	64	false positive	13	log(GoldenRatio/(-710*GoldenRatio/661 - 6*pi/661 + 308*E/661 + 918/661))	16.5	0.30		ChampernowneNumber[3]
487	second lemniscate constant	special	64	false positive	15	E/sqrt(-97/8 + 13*pi/24 + 37*GoldenRatio/4 + 425*E/72)	16.2	0.10		Gamma[3/4]^2/Sqrt[2*Pi]
488	sqrt(13)/6	algebraic	64	exact	3	sqrt(13)/6	64.0	0.01		Sqrt[13] / 6
489	log10(4)	elementary	64	false positive	15	E*sqrt(-727*GoldenRatio/915 - 102*E/305 + 611/915 + 153*pi/305)	17.4	0.07		Log[10, 4]
490	G(1/2) where G is the Barnes G-function	special	64	false positive	13	sqrt(-806*E/703 - 406*GoldenRatio/703 + 892/703 + 704*pi/703)	16.4	0.07		BarnesG[1/2]
491	sum_{n>=1} 1/(n binomial(2n, n))	elementary	64	exact	4	sqrt(3)*pi/9	64.0	0.03		Pi/(3*Sqrt[3])
492	QRS constant	special	64	false positive	13	log(-156*pi/41 + 218/205 + 856*GoldenRatio/205 + 817*E/205)/pi	16.6	0.23		Root[{Zeta[1/2, #1/2] & , 0.605443657196732749478922842447`29.782073733759695}]
493	exp minus half	elementary	64	exact	3	exp(-1/2)	64.0	0.05		Exp[-1/2]
494	6/Pi^2	elementary	64	false positive	12	(-18*GoldenRatio/37 + 40/999 + 68*E/333 + 103*pi/333)**2	16.6	0.13		6/Pi^2
495	Sum{p prime>=2} log(p)/(p^2-p+1)	none	64	false positive	13	(-960*pi/79 + 390/79 + 828*GoldenRatio/79 + 502*E/79)**2/GoldenRatio	16.4	0.15		
496	Neville five disk constant	algebraic	64	false positive	13	pi/log(-570/13 - 53*pi/13 + 373*GoldenRatio/13 + 878*E/13)	16.5	0.26		Root[625 - 800*\[FormalX] + 22*\[FormalX]^2 - 1776*\[FormalX]^3 + 1665*\[FormalX]^4 + 1360*\[FormalX]^5 - 3480*\[FormalX]^6 + 2112*\[FormalX]^7 + 1296*\[FormalX]^8, \[FormalX], 3]
497	strongly triple-free set constant	none	28	false positive	13	pi/(48*pi/983 + 178*E/983 + 490*GoldenRatio/983 + 797/983)**2	16.3	0.18		
498	best lower bound for the Steiner ratio rho_3, the least upper bound on the ratio of the length of the Steiner minimal tr	none	64	false positive	13	(-157*E/357 - 106/119 + 307*pi/714 + 15*GoldenRatio/14)**2/GoldenRatio	16.2	0.14		
499	(1/16)*Pi^2	special	64	exact	2	pi**2/16	64.0	0.03		Gamma[3/2]^4
500	-1/(e^2 Ei(-1)), an increasing rooted tree enumeration constant associated with the Euler-Gompertz constant, where Ei is	special	64	false positive	16	exp(1/2)/sqrt(-18*pi/89 - 86*GoldenRatio/267 + 224/89 + 568*E/267)	17.3	0.13		-1/(E^2*ExpIntegralEi[-1])
501	Lenz-Ising constant	elementary	64	false positive	11	GoldenRatio/(-577*GoldenRatio/183 - 5 + 83*pi/183 + 760*E/183)	16.3	0.05		1 + Pi/4 + Log[(Log[1 + Sqrt[2]]*Sqrt[2])/4]
502	Cbrt[3/4π]	elementary	64	false positive	15	sqrt(-7*pi + 149*E/62 + 939/124 + 697*GoldenRatio/124)/sqrt(pi)	16.2	0.11		CubeRoot[3/(4*Pi)]
503	1/(theta*P'(theta)), a constant appearing in the asymptotic evaluation of the coefficients q_n in 1/(1+P(x)), where P(x)	none	64	false positive	12	exp(-208*pi/153 - 9*GoldenRatio/68 + 19/612 + 224*E/153)	16.6	0.34		
504	'kappa', an asymptotic enumeration constant related to unit interval graphs	none	64	false positive	14	GoldenRatio/sqrt(-519/613 + 627*GoldenRatio/613 + 379*E/613 + 830*pi/613)	16.2	0.09		
505	Golomb–Dickman constant	special	64	false positive	13	(-437*pi/731 + 211/731 + 312*E/731 + 648*GoldenRatio/731)**2/GoldenRatio	16.1	0.15		Integrate[E^LogIntegral[\[FormalX]], {\[FormalX], 0, 1}]
506	constant in Kac's formula	none	64	false positive	15	sqrt(-379*GoldenRatio/39 - 367/39 + 329*pi/78 + 212*E/39)*exp(-1)	16.6	0.06		
507	'lambda', a constant such that exp(lambda*Pi) is the best-known upper bound (as given by Julian Gevirtz) of the John con	none	64	false positive	16	sqrt(-107*GoldenRatio/325 - 71*E/650 + 23*pi/325 + 489/650)*exp(1/2)	17.2	0.11		
508	Davison-Shallit constant	special	64	false positive	16	sqrt(GoldenRatio)/sqrt(-635/367 - 225*E/367 + 365*pi/367 + 988*GoldenRatio/367)	16.1	0.14		ConditionalExpression[Extension`DavisonShallitConstant == Sum[(-1)^\[FormalK]/(Subscript[\[FormalQ], \[FormalK]]*Subscript[\[FormalQ], 1 + \[FormalK]]), {\[FormalK], 0, Infinity}], Subscript[\[FormalQ], 0] == 1 && Subscript[\[FormalQ], 1] == 1 && Subscript[\[FormalQ], \[FormalK]] == Subscript[\[FormalQ], -2 + \[FormalK]]*(1 + Subscript[\[FormalQ], -1 + \[FormalK]])]
509	rayleigh skewness	elementary	64	false positive	13	GoldenRatio/sqrt(-4*pi/11 - E/242 + 789/242 + 334*GoldenRatio/121)	16.5	0.10		2*Sqrt[Pi]*(Pi - 3)/(4 - Pi)^(3/2)
510	1 - 1/e	elementary	64	exact	4	(-1 + E)*exp(-1)	64.0	0.01		1 - 1/E
511	Hardy-Littlewood constant Product_{p prime >= 5} (1-(3*p-1)/(p-1)^3)	none	64	false positive	14	exp(-1)*log(-305/323 + 47*pi/323 + 245*GoldenRatio/323 + 580*E/323)	16.3	0.24		
512	Buffon constant	elementary	64	exact	1	2/pi	64.0	0.01		2/Pi
513	(2^(1/3)-1)^(1/3)	algebraic	64	false positive	13	pi*(-213*E/58 + 81/29 + 60*GoldenRatio/29 + 317*pi/232)**2	15.9	0.16		Power[Power[2, (3)^-1] - 1, (3)^-1]
514	an analog of the Landau-Ramanujan constant for Loeschian numbers	none	64	false positive	14	(-566*pi/889 - 850/889 + 119*GoldenRatio/127 + 902*E/889)**2*exp(-1)	16.2	0.15		
515	first non-alternating series of reciprocal primes constant	special	64	false positive	13	exp((-786/649 - 221*pi/649 + 40*E/649 + 560*GoldenRatio/649)/GoldenRatio)	16.5	0.36		Sum[Piecewise[{{-1, Mod[Prime[\[FormalK]], 3] == 1}, {1, Mod[Prime[\[FormalK]], 3] == 2}}, 0]/Prime[\[FormalK]], {\[FormalK], 1, Infinity}]
516	Cahen's constant	special	64	false positive	12	1/(-265*GoldenRatio/346 - 213*pi/692 + 887/692 + 631*E/692)	16.5	0.04		ConditionalExpression[Extension`CahenConstant == Sum[(-1)^\[FormalK]/(-1 + \[FormalS][\[FormalK]]), {\[FormalK], 0, Infinity}], \[FormalS][0] == 2 && \[FormalS][\[FormalN]] == 1 - \[FormalS][-1 + \[FormalN]] + \[FormalS][-1 + \[FormalN]]^2 && \[FormalS][\[FormalN]] == 1 + Product[\[FormalS][\[FormalK]], {\[FormalK], 0, -1 + \[FormalN]}]]
517	a constant related to a conjectured value of the Masser-Gramain constant	special	64	rational fallback	1	646245439894813/1000000000000000	15.3	0.41		Pi/4*(2*EulerGamma + 2*Log[2] + 3*Log[Pi] - 4*Log[Gamma[1/4]])
518	Integral_{x=0..Infinity} sin(x)/(x^2+1) dx	none	64	false positive	16	sqrt(pi)*sqrt(-905*pi/118 - 293/118 + 567*GoldenRatio/118 + 411*E/59)	17.1	0.12		
519	unit-diameter hexagon area	algebraic	64	exact	4	3*sqrt(3)/8	64.0	0.05		(3*Sqrt[3])/8
520	delta = (1+alpha)/4, a constant appearing in Koecher's formula for Euler's gamma constant, where alpha is A065442, the E	none	64	false positive	13	log((-241*pi/167 - 235/167 + 270*E/167 + 480*GoldenRatio/167)/GoldenRatio)	16.7	0.28		
521	negative of Granville-Soundararajan constant	special	64	false positive	13	E*(-66/227 - 68*E/681 - 40*pi/681 + 416*GoldenRatio/681)	16.1	0.02		-(4*PolyLog[2, -Sqrt[E]] + Pi^2/3 + 1)
522	harmonic power tower even term limit	special	64	rational fallback	1	658365599266331/1000000000000000	15.5	0.41		Limit[Fold[(1/#2)^#1 & , 1, Table[\[FormalI], {\[FormalI], 2*\[FormalN], 2, -1}]], \[FormalN] -> Infinity]
523	escape probability for a random walk on the 3-D cubic lattice (a Polya random walk constant)	none	64	false positive	14	pi**2/(-664*GoldenRatio/675 + 214/225 + 377*pi/675 + 76*E/75)**2	16.8	0.22		
524	Twin primes constant	special	64	rational fallback	1	66016181584687/100000000000000	15.2	0.44		Product[1 - (-1 + Prime[\[FormalK]])^(-2), {\[FormalK], 2, Infinity}]
525	Feller–Tornier constant	special	64	false positive	13	log((-781*GoldenRatio/95 - 508/95 - 89*E/95 + 165*pi/19)/pi)	18.0	0.28		1/2 + Product[1 - 2/Prime[n]^2, {n, 1, Infinity}]/2
526	Robbins constant	elementary	64	false positive	14	sqrt(-380*pi/79 + 469/158 + 378*GoldenRatio/79 + 507*E/158)/pi	16.1	0.07		(4 + 17*Sqrt[2] - 6*Sqrt[3] - 7*Pi)/105 + Log[1 + Sqrt[2]]/5 + (2*Log[2 + Sqrt[3]])/5
527	Laplace limit	special	64	false positive	14	pi*sqrt(-217*pi/424 - 97*GoldenRatio/106 + 215/212 + 661*E/848)	16.6	0.09		Root[{-1 + E^Sqrt[1 + #1^2]*#1 - Sqrt[1 + #1^2] & , 0.6627434193491815809747420971092529070562335491150224175204`30.}]
528	twothirds	rational	64	exact	1	2/3	64.0	0.00		2/3
529	3/2 - gamma / log(2), a coin tossing constant related to the asymptotic evaluation of the expected length of the longest	special	64	false positive	16	sqrt(-199*pi/339 - 169/226 + 157*GoldenRatio/226 + 334*E/339)*exp(-1/2)	16.5	0.10		3/2 - EulerGamma/Log[2]
530	Shanks constant	special	64	false positive	14	E*exp(-308*E/131 + 134*GoldenRatio/393 + 805/393 + 299*pi/393)	17.4	0.34		(Pi^2*Product[Piecewise[{{((1 - 4/Prime[\[FormalK]])*(1 + Prime[\[FormalK]])^2)/(-1 + Prime[\[FormalK]])^2, Mod[Prime[\[FormalK]], 8] == 1}}, 1], {\[FormalK], 1, Infinity}])/(16*Log[1 + Sqrt[2]])
531	sqrt(3)/(4 - sqrt(2))	algebraic	64	exact	8	sqrt(6*sqrt(2)/49 + 27/98)	64.0	0.05		Sqrt[3]/(4-Sqrt[2])
532	gamma_2, a lattice sum constant, analog of Euler's constant for two-dimensional lattices	none	64	false positive	11	-705*pi/317 - 918/317 + 853*GoldenRatio/317 + 723*E/317	16.7	0.01		
533	probable error constant	special	64	false positive	14	exp((-212*pi/93 + 113*GoldenRatio/372 + 221/372 + 685*E/372)*exp(-1))	16.2	0.35		InverseErf[1/2]*Sqrt[2]
534	Graham biggest little hexagon area	algebraic	64	false positive	14	exp(-1)*log(345*E/721 + 83*GoldenRatio/103 + 967/721 + 76*pi/103)	16.1	0.24		Root[11993 - 78488*#1 + 144464*#1^2 + 1232*#1^3 - 221360*#1^4 + 146496*#1^5 + 21056*#1^6 - 30848*#1^7 - 3008*#1^8 + 8192*#1^9 + 4096*#1^10 & , 5]
535	generalized Euler constant gamma(1,3)	special	64	false positive	12	GoldenRatio/(-155*pi/167 + 951/835 + 731*GoldenRatio/835 + 844*E/835)	16.7	0.06		EulerGamma/3 + Pi*Sqrt[3]/18 + Log[3]/6
536	Taniguchi constant	special	64	false positive	12	(-347*pi/214 - 322/107 + 297*GoldenRatio/214 + 263*E/107)**2	16.1	0.13		Product[1 - Prime[n]^(-6) + Prime[n]^(-5) + 2/Prime[n]^4 - 3/Prime[n]^3, {n, 1, Infinity}]
537	1 - 1/Pi	elementary	64	false positive	12	(-849*GoldenRatio/728 - 323*pi/728 + 957/728 + 411*E/364)/GoldenRatio	16.2	0.02		1 - 1/Pi
538	positive solution to the equation x/(1-x) = 1+log(1/(1-x)), an auxiliary constant associated with the problem of enumera	none	64	false positive	13	pi/(-151*pi/54 - 59/27 + 65*E/27 + 329*GoldenRatio/81)**2	16.9	0.18		
539	log e^(π/2)	elementary	64	false positive	12	(-33/20 - 37*pi/130 + 133*GoldenRatio/130 + 29*E/26)/pi	16.2	0.02		Log10[E^(Pi/2)]
540	one div cbrt pi	elementary	64	false positive	14	E*log(-179/244 - 109*E/732 + 127*pi/732 + 425*GoldenRatio/366)	16.2	0.24		Pi^(-1/3)
541	least x>0 having sin(4x) = (sin x)^2	none	64	false positive	12	(-129*pi/58 - 49*E/87 + 14/29 + 953*GoldenRatio/174)**2	16.2	0.13		
542	Integral_{x=0..1} log(floor(1/x))/(1+x) dx	special	64	false positive	16	sqrt(-703*E/661 - 85/661 + 548*GoldenRatio/661 + 663*pi/661)/sqrt(pi)	16.6	0.11		Log[2]*Log[Khinchin]
543	-x, the real root of the equation 0 = 1 + Sum_{k>=1} prime(k) x^k. The inverse of Backhouse's constant (A072508)	none	64	false positive	13	log(1/(-951/848 - 27*pi/424 + 199*E/848 + 311*GoldenRatio/424))	16.2	0.30		
544	harmonic power tower odd term limit	special	64	false positive	14	E*(-511*E/416 - 465*GoldenRatio/416 - 313/416 + 53*pi/26)**2	16.6	0.15		Limit[Fold[(1/#2)^#1 & , 1, Table[\[FormalI], {\[FormalI], 1 + 2*\[FormalN], 2, -1}]], \[FormalN] -> Infinity]
545	reciprocal of Steiner number	elementary	64	false positive	13	E/(-277*E/328 - 175/328 + 78*GoldenRatio/41 + 48*pi/41)	16.3	0.04		E^(-E^(-1))
546	Sum_{k=1..50000} (-1)^(k+1) / k	special	64	false positive	13	(-383/404 - 15*pi/202 + 65*E/202 + 547*GoldenRatio/404)*exp(-1)	16.4	0.01		Sum[(-1)^(k + 1)/k, {k, 1, 50000}]
547	Natural logarithm of 2	elementary	64	false positive	14	GoldenRatio*sqrt(-797/101 - 119*pi/101 - 19*E/101 + 767*GoldenRatio/101)	16.3	0.07		Log[2]
548	rank-2 Artin constant	special	64	false positive	12	pi/(-103*E/404 + 419/404 + 959*GoldenRatio/808 + 72*pi/101)	16.1	0.06		Product[1 - 1/((-1 + Prime[\[FormalK]])*Prime[\[FormalK]]^2), {\[FormalK], 1, Infinity}]
549	First continued fraction constant	special	64	rational fallback	1	87221832245501/125000000000000	16.6	0.41		BesselI[1, 2]/BesselI[0, 2]
550	log10(5)	elementary	64	false positive	12	exp(-491*pi/329 - 176*E/329 + 709/329 + 738*GoldenRatio/329)	16.2	0.32		Log[10, 5]
551	probability that a point of an infinite (rooted) tree is fixed by every automorphism of the tree	none	64	false positive	11	-220*pi/361 - 229/361 + 157*E/361 + 461*GoldenRatio/361	17.3	0.01		
554	Integral_{x = 1..infinity} 1/x^x dx	none	64	false positive	13	log(GoldenRatio/(-113*pi/367 - 138/367 + 177*E/734 + 675*GoldenRatio/734))	16.4	0.32		
555	carefree product constant	special	64	false positive	14	pi/sqrt(-576*GoldenRatio/151 + 136*E/151 + 936/151 + 837*pi/151)	16.2	0.09		Product[1 - 1/(Prime[\[FormalK]]*(1 + Prime[\[FormalK]])), {\[FormalK], 1, Infinity}]
556	rectilinear crossing constant	elementary	64	false positive	12	pi/(103*GoldenRatio/431 + 543/862 + 163*pi/431 + 715*E/862)	16.8	0.06		1 - 35/(12*Pi^2)
557	'C' (as designated by D. Shanks), a constant appearing in the second order term of the asymptotic expansion of the numbe	none	64	false positive	14	(-49*pi/51 - 1/306 + 455*GoldenRatio/612 + 479*E/612)**2*exp(2)	16.0	0.19		
558	K, a constant arising in the analysis of the binary Euclidean algorithm	none	40	false positive	15	E/sqrt(-23/170 + 19*GoldenRatio/17 + 583*E/340 + 919*pi/340)	16.4	0.09		
559	sqrt(1/2)	algebraic	64	false positive	11	-443*GoldenRatio/347 - 467/347 + 273*pi/694 + 368*E/347	16.2	0.01		1/Sqrt[2]
560	rabbit constant	special	64	false positive	12	pi/(-775*E/27 - 674*GoldenRatio/27 + 505/27 + 895*pi/27)	16.4	0.05		Sum[2^(-Floor[\[FormalK]*GoldenRatio]), {\[FormalK], 1, Infinity}]
561	generalized Euler constant gamma(1,4)	special	64	false positive	14	exp(-1)*log(-783*GoldenRatio/265 - 173/53 + 518*E/265 + 812*pi/265)	16.5	0.22		EulerGamma/4 + Pi/8 + Log[2]/4
562	Hopf constant	special	64	rational fallback	1	710446089598763/1000000000000000	16.0	0.42		6/Pi^2 + Integrate[3/\[FormalTheta]^2 - (1 - \[FormalTheta]*Cot[\[FormalTheta]])^(-1), {\[FormalTheta], 0, Pi/2}]/Pi
563	1/(phi*log(4 - phi))	elementary	64	false positive	14	E/sqrt(-3 - 26*pi/55 + 17*E/11 + 101*GoldenRatio/11)	16.1	0.09		(GoldenRatio Log[4-GoldenRatio])^(-1)
564	Traveling Salesman constant	algebraic	64	false positive	15	E*sqrt(-319*pi/293 + 211*GoldenRatio/879 + 380/879 + 863*E/879)	16.5	0.08		4/153*(1 + 2*Sqrt[2])*Sqrt[51]
565	e^(-1/3)	elementary	64	false positive	14	exp(2)/(-109*pi/82 + 183*GoldenRatio/205 + 773/410 + 306*E/205)**2	16.5	0.21		E^(-1/3)
566	constant appearing in the expected number of comparisons for a successful digital tree search (negated)	none	64	false positive	12	log(-474*GoldenRatio/409 - 631/818 + 347*E/818 + 461*pi/409)	16.8	0.22		
567	1/(2 log 2)	elementary	64	false positive	14	exp(2)/(-87*E/61 - 29*GoldenRatio/61 - 46/61 + 167*pi/61)**2	16.3	0.22		1/(2Log[2])
568	k2, a Diophantine approximation constant such that the area of the "critical parallelogram" (in this case a square) is 4	algebraic	64	exact	3	GoldenRatio/5 + 2/5	64.0	0.00		(1+1/Sqrt[5])/2
569	Sarnak constant	special	64	false positive	14	(-199*pi/232 + 187/232 + 159*GoldenRatio/116 + 25*E/29)**2/pi**2	16.3	0.21		Product[1 - (2 + Prime[\[FormalK]])/Prime[\[FormalK]]^3, {\[FormalK], 2, Infinity}]
570	Langford constant	elementary	64	rational fallback	1	181301620751603/250000000000000	15.2	0.42		97/150 + Pi/40
571	constant that appears in the asymptotic formula for average order of the infinitary divisors sum function (A049417)	none	64	rational fallback	1	91339780265923/125000000000000	15.5	0.42		
572	a constant related to the asymptotic evaluation of Product_{p prime congruent to 1 modulo 4} (1 + 1/p)	none	64	false positive	14	(-169*GoldenRatio/896 + 25*E/224 + 209/224 + 199*pi/448)**2*exp(-2)	16.2	0.19		
573	sum_{n>=1} 1/binomial(2n, n)	elementary	64	false positive	14	E*log(-691*pi/715 + 688/715 + 33*E/65 + 886*GoldenRatio/715)	16.4	0.24		1/3 + 2*Sqrt[3]*Pi/27
575	1/Gamma(2/3)	special	64	false positive	13	pi*log(-119*E/125 - 184/125 + 102*GoldenRatio/125 + 478*pi/375)	16.7	0.27		1/Gamma[2/3]
576	Dottie number	special	64	false positive	11	-836*E/257 - 316/257 + 725*GoldenRatio/257 + 511*pi/257	16.4	0.01		Root[{Cos[#1] - #1 & , 0.7390851332151606416553120876738734040134117589007574649656`30.}]
577	densest spatial packing of spheres constant	elementary	64	exact	4	sqrt(2)*pi/6	64.0	0.03		Pi/(3*Sqrt[2])
578	Rosser constant	special	64	false positive	12	1/(-325*E/36 - 241*GoldenRatio/72 - 5/72 + 719*pi/72)	16.6	0.04		(8*Catalan)/Pi^2
579	Sarnak product constant	special	64	false positive	13	exp(-677*GoldenRatio/434 - 32*pi/217 + 17/31 + 419*E/434)/GoldenRatio	16.5	0.32		(5*Pi^2*Product[1 - (2 + Prime[\[FormalK]])/Prime[\[FormalK]]^3, {\[FormalK], 2, Infinity}])/48
580	s_4, a 4-dimensional Steiner ratio analog	none	64	rational fallback	1	371992808914067/500000000000000	16.1	0.43		
581	B, the coefficient of n*log(n)^2 in the asymptotic formula of Ramanujan for Sum_{k=1..n} (d(k)^2), where d(k) is the num	none	64	false positive	14	1/sqrt(-116*E/425 + 79*GoldenRatio/850 + 19/17 + 173*pi/425)	19.0	0.08		
582	Rényi parking constant	special	64	false positive	13	exp(-262*E/227 - 338*GoldenRatio/227 + 669/454 + 356*pi/227)/pi	16.8	0.35		Integrate[Exp[-2*(EulerGamma + Gamma[0, \[FormalT]] + Log[\[FormalT]])], {\[FormalT], 0, Infinity}]
583	exp(-gamma/2)	special	64	false positive	14	log(E/(-491*E/522 + 110/87 + 107*pi/261 + 208*GoldenRatio/261))	16.8	0.29		Exp[-EulerGamma/2]
584	three quarters	rational	64	exact	1	3/4	64.0	0.00		3/4
585	pi^(-1/4)	elementary	64	exact	3	pi**(-1/4)	64.0	0.41		Pi^(-1/4)
586	Sum_{n>=1} (-1)^(n-1)*H(n)/n^2, where H(n) is the n-th harmonic number	special	64	false positive	16	sqrt(pi)/sqrt(-11*GoldenRatio/133 + 30*E/133 + 136/57 + 49*pi/57)	16.2	0.13		5*Zeta[3]/8
587	linear asymptotic constant B in Sum_{k=1..n} 1/A000688(k) = ~B*n + 	none	64	false positive	12	(-104*pi/185 - 426/925 + 717*GoldenRatio/925 + 626*E/925)**2	16.6	0.14		
588	Flajolet-Odlyzko constant	special	64	false positive	15	E/sqrt(-882*GoldenRatio/139 - 49/139 + 192*E/139 + 873*pi/139)	17.1	0.09		2*Integrate[1 - E^(ExpIntegralEi[-\[FormalT]]/2), {\[FormalT], 0, Infinity}]
589	constant appearing in the variance for inserting in a digital tree	none	64	false positive	13	(-22/23 - 131*E/644 + 61*pi/644 + 67*GoldenRatio/46)**(-2)	16.2	0.17		
590	Landau-Ramanujan constant	none	20	false positive	14	exp(2)/(-139*GoldenRatio/257 + 97*pi/514 + 222/257 + 239*E/257)**2	16.4	0.21		
591	Landau-Ramanujan constant	special	64	false positive	16	sqrt(GoldenRatio)/sqrt(-301/389 - 145*GoldenRatio/389 + 237*E/778 + 411*pi/389)	16.2	0.13		Product[((4^2^\[FormalK]*(1 - 2^(-2^\[FormalK]))*Zeta[2^\[FormalK]])/(Zeta[2^\[FormalK], 1/4] - Zeta[2^\[FormalK], 3/4]))^2^(-1 - \[FormalK]), {\[FormalK], 1, Infinity}]/Sqrt[2]
592	analog of the Mertens constant B_2 in the asymptotic series for the variance of the number of prime factors Omega	none	64	rational fallback	1	764784809797847/1000000000000000	15.5	0.46		
593	binary Liouville number	special	64	rational fallback	1	153125011920929/200000000000000	15.5	0.45		Sum[1/2^(n!), {n, Infinity}]
594	-x, where x is the negative solution to the equation 2^x = x^2	none	64	false positive	14	(-833*E/412 + 207/412 + 543*GoldenRatio/412 + 561*pi/412)**2/GoldenRatio**2	16.5	0.21		
595	Sum_{k>1} 1/(k*(k-1)*zeta(k)), a constant related to Niven's constant	none	64	false positive	16	sqrt(-837*GoldenRatio/442 - 54*pi/221 + 679/442 + 264*E/221)/sqrt(GoldenRatio)	16.6	0.11		
596	C = 2^(1/3)*e^(1/4)/A^3, a constant associated with the Gaudin-Mehta probability distribution and the Glaisher-Kinkelin 	special	64	false positive	16	sqrt(-818/413 + 13*GoldenRatio/59 + 190*pi/413 + 44*E/59)/sqrt(pi)	16.3	0.11		2^(1/3)*E^(1/4)/Glaisher^3
597	trace of the Ruelle-Mayer linear operator G_2	none	64	rational fallback	1	771125523655659/1000000000000000	15.9	0.43		
598	Sum_{p prime} 1/(p*(p-1))	none	64	false positive	12	(-67*GoldenRatio/265 - 137/795 + 23*E/265 + 404*pi/795)/GoldenRatio	16.1	0.02		
599	Flajolet-Martin constant	special	64	rational fallback	1	154703258181689/200000000000000	15.4	0.43		(E^EulerGamma*Product[(1 + 1/(2*\[FormalK]))^(-1)^Mod[DigitCount[\[FormalK], 2, 1], 2], {\[FormalK], 1, Infinity}])/Sqrt[2]
600	Pi*G - 7*zeta(3)/4, where G = A006752	special	64	false positive	13	pi*log(-538*E/887 - 86*GoldenRatio/887 + 509/887 + 709*pi/887)	16.2	0.25		Pi Catalan-7Zeta[3]/4
601	lambda_3, an analog of the Stolarsky-Harborth constant for the number of elements not divisible by 3 in Pascal's triangl	none	64	false positive	14	sqrt(-549*pi/364 - 88*GoldenRatio/91 + 517/364 + 216*E/91)/GoldenRatio	16.5	0.07		
602	strongly carefree product constant	special	64	false positive	14	exp(E/(-867*E/71 - 67*GoldenRatio/71 + 671/71 + 329*pi/71))	16.2	0.42		Product[1 - (1 + Prime[\[FormalK]])^(-2), {\[FormalK], 1, Infinity}]
603	Bender r constant	none	51	rational fallback	1	15518042727709/20000000000000	15.3	0.46		
604	hypercube line-picking constant	special	64	false positive	14	(-751*GoldenRatio/832 - 25/64 + 7*pi/26 + 407*E/832)**2*exp(2)	16.1	0.20		(-644 + 1344*Catalan + 3744*ArcCsch[Sqrt[2]] + 270*ArcSinh[1] - 3024*Im[PolyLog[2, I*(3 - 2*Sqrt[2])]] + 1773*Log[3] + 84*(PolyGamma[1, 1/12] + PolyGamma[1, 5/12]) + (6048*I)*(PolyLog[2, (1/2 - I/2)*(-2 + Sqrt[2])] - PolyLog[2, (1/2 + I/2)*(-2 + Sqrt[2])]) + (6048*I)*(PolyLog[2, I*(1 - Sqrt[2])] - PolyLog[2, I*(-1 + Sqrt[2])]) + 438*Sqrt[2] - 2448*ArcCot[2*Sqrt[2]]*Sqrt[2] - 189*(PolyGamma[1, 1/8] + PolyGamma[1, 3/8])*Sqrt[2] + 12*Pi*(-16 + 7*Pi*(-8 + 9*Sqrt[2])) + 288*Sqrt[3])/3780
605	6/(Pi^2 A086724)	none	64	false positive	13	(-387*pi/487 - 419/487 + 540*GoldenRatio/487 + 481*E/487)**2/GoldenRatio	17.3	0.16		
606	log10(6)	elementary	64	rational fallback	1	194537812595911/250000000000000	15.3	0.41		Log[10, 6]
607	Purdom-Williams constant, a constant related to the Golomb-Dickman constant and to the asymptotic evaluation of the expe	none	64	false positive	16	sqrt(pi)*sqrt(-142*GoldenRatio/147 - 3*pi/49 + 353/588 + 73*E/147)	16.3	0.12		
608	first Bernoulli sophomore dream constant	special	64	rational fallback	1	391715255356067/500000000000000	15.3	0.40		-Sum[(-\[FormalK])^(-\[FormalK]), {\[FormalK], 1, Infinity}]
609	(sqrt(3) + sqrt(5) + 2*sqrt(6))/(8*sqrt(2))	algebraic	64	false positive	16	sqrt(-273*pi/19 - 125/57 + 659*GoldenRatio/57 + 605*E/57)*exp(1/2)	16.4	0.12		(Sqrt[3]+Sqrt[5]+2Sqrt[6])/(8Sqrt[2])
610	(3*sqrt(3)+sqrt(7))/10	algebraic	64	false positive	12	pi/(-797*E/354 + 109/354 + 85*GoldenRatio/118 + 325*pi/118)	16.5	0.05		(3*Sqrt[3]+Sqrt[7])/10
611	Integral_{x = 0 to oo} Product_{m=1..oo} cos(x/m) dx	none	39	false positive	16	sqrt(-796/541 - 262*E/541 - 4*GoldenRatio/541 + 654*pi/541)/sqrt(GoldenRatio)	17.2	0.12		
612	pi/4	elementary	64	exact	1	pi/4	64.0	0.00		Pi/4
613	Lüroth constant	special	64	false positive	12	pi/(-503*pi/509 + 379/509 + 939*GoldenRatio/509 + 629*E/509)	16.6	0.05		Sum[Log[\[FormalK]/(-1 + \[FormalK])]/\[FormalK], {\[FormalK], 2, Infinity}]
614	asymptotic constant eta for counts of weakly binary trees	none	64	false positive	13	E*(-675*E/146 - 321/73 - 237*GoldenRatio/146 + 462*pi/73)	16.4	0.02		
615	Lal's constant: the Hardy-Littlewood constant for A217795	none	64	rational fallback	1	396104119083771/500000000000000	15.4	0.42		
616	Kolakoski constant	none	64	false positive	12	(-91/191 + 227*GoldenRatio/955 + 42*E/191 + 237*pi/955)/GoldenRatio	16.3	0.01		
617	root two div pi	elementary	64	exact	5	sqrt(2)/sqrt(pi)	64.0	0.06		Sqrt[2/Pi]
618	log 2π	elementary	64	false positive	14	GoldenRatio*sqrt(-799*GoldenRatio/942 - 70*E/471 + 203/942 + 541*pi/942)	17.2	0.07		Log10[2*Pi]
619	Product_{n>1} (1 - 1/n^2)^(1/n)	none	64	false positive	14	E*log(-379*E/112 - 851/224 + 793*GoldenRatio/224 + 307*pi/112)	16.3	0.28		
621	unique real solution of the equation Ei(x)-gamma-log(x) = 1, where Ei is the exponential integral function and gamma the	none	64	false positive	14	GoldenRatio**2/(-585/398 - 118*GoldenRatio/199 - 42*E/199 + 609*pi/398)**2	16.3	0.22		
622	disk half-area offset constant	special	64	rational fallback	1	403972753299517/500000000000000	15.3	0.42		Root[{Pi - 4*ArcCos[#1/2] + #1*Sqrt[4 - #1^2] & , 0.8079455065990344186379234801330000000000000000000000000001`29.907382069955993}]
623	Solomon parking constant	special	64	false positive	16	sqrt(GoldenRatio)*sqrt(-600*E/341 + 16*GoldenRatio/341 + 414/341 + 423*pi/341)	16.6	0.14		Integrate[(1 + 2*\[FormalX])*Exp[-2*(-1 + \[FormalX] + Exp[-\[FormalX]])]*Exp[-2*(EulerGamma - ExpIntegralEi[-\[FormalX]] + Log[\[FormalX]])], {\[FormalX], 0, Infinity}]
624	Alladi-Grinstead constant	special	64	false positive	13	log(-59*GoldenRatio/3 + 11*pi/24 + 473/48 + 587*E/48)/pi	16.8	0.28		Exp[-1 - Sum[Log[1 - \[FormalK]^(-1)]/\[FormalK], {\[FormalK], 2, Infinity}]]
625	product_{n>=1} (n/(n+1))^((-1)^t(n-1)), a probabilistic counting constant, where t(n) = A010060(n) is the Thue-Morse seq	none	64	false positive	14	log(E/(-298*E/539 + 160*GoldenRatio/539 + 43/49 + 232*pi/539))	16.4	0.31		
626	'mu', a Young-Fejér-Jackson constant linked to the positivity of certain sine sums	none	64	rational fallback	1	812825242105507/1000000000000000	15.5	0.44		
627	(1 + sqrt(6))/(3*sqrt(2))	algebraic	64	rational fallback	1	406526264792571/500000000000000	15.3	0.45		(1+Sqrt[6])/(3Sqrt[2])
628	1/Gamma(3/4)	special	64	false positive	13	E*(-268*GoldenRatio/415 - 243/830 - 87*E/830 + 254*pi/415)	16.3	0.02		1/Gamma[3/4]
629	sum_{n>=0} 1/2^(2^n)	special	64	false positive	14	(-653*E/143 + 146*pi/143 + 464/143 + 656*GoldenRatio/143)**2/GoldenRatio**2	16.5	0.19		Sum[1/2^(2^n), {n, 0, Infinity}]
630	a2, the second of two constants associated with Djokovic's conjecture on an integral inequality	none	64	false positive	15	E/sqrt(-581*GoldenRatio/164 + 207/82 + 86*pi/41 + 463*E/164)	16.4	0.10		
631	First Nielsen-Ramanujan constant	elementary	64	exact	2	pi**2/12	64.0	0.03		Pi^2/12
632	Sierpiński constant	special	64	rational fallback	1	822825249678847/1000000000000000	16.4	0.43		2*EulerGamma + 2*Log[2] + 3*Log[Pi] - 4*Log[Gamma[1/4]]
633	sigma_3, a Turán's Power Sum Constant	none	64	false positive	16	sqrt(pi)/sqrt(-461*pi/201 + 114*GoldenRatio/67 + 326*E/201 + 937/201)	16.3	0.15		
634	Prouhet-Thue-Morse constant	special	64	false positive	12	(-E/994 + 51*GoldenRatio/497 + 967/994 + 25*pi/71)*exp(-1)	16.3	0.01		1 - Product[(-1 + 2^2^\[FormalK])/2^2^\[FormalK], {\[FormalK], 0, Infinity}]/2
635	Pi/8 + sqrt(3)/4	elementary	64	false positive	14	sqrt(-186*E/613 - 2*GoldenRatio/613 + 249/613 + 431*pi/613)/GoldenRatio	16.3	0.06		Pi/8+Sqrt[3]/4
636	asymptotic efficiency constant	elementary	64	exact	5	3*sqrt(3)/(2*pi)	64.0	0.03		(3*Sqrt[3])/(2*Pi)
637	1/zeta(3)	special	64	false positive	12	pi*(-263*pi/237 - 50*GoldenRatio/711 + 682/711 + 760*E/711)	16.9	0.04		1/Zeta[3]
638	Rosser's constant	none	64	rational fallback	1	166485813132389/200000000000000	15.5	0.43		
639	Gauss's constant	special	64	false positive	12	1/(-433*GoldenRatio/957 + 50*E/319 + 173/319 + 293*pi/957)	17.2	0.04		ArithmeticGeometricMean[1, Sqrt[2]]^(-1)
640	Baker constant	elementary	64	false positive	13	pi/(-559*E/370 + 102/185 + 147*pi/370 + 971*GoldenRatio/370)**2	16.4	0.21		(Log[2] + Pi/Sqrt[3])/3
642	Shepp's constant 'alpha', an optimal stopping constant associated with the case of a zero mean and unit variance distrib	none	64	false positive	11	pi/(-5*pi/621 + GoldenRatio/207 + 371/621 + 722*E/621)	17.2	0.05		
643	2*G/(Pi*log(2)), a constant appearing in the average root bifurcation ratio of binary trees, where G is Catalan's consta	special	64	false positive	16	sqrt(GoldenRatio)/sqrt(-11*GoldenRatio/9 - 101/207 + 170*E/207 + 166*pi/207)	16.3	0.16		2 Catalan/(Pi*Log[2])
644	sin one	elementary	64	false positive	14	exp(E/(-881*pi/40 + 237/40 + 533*GoldenRatio/40 + 191*E/20))	18.3	0.41		Sin[1]
645	reciprocal of the Khinchin-Lévy constant	elementary	64	false positive	13	(-45*pi/29 - 301*GoldenRatio/145 + 171/145 + 997*E/290)*exp(-1)	16.9	0.01		(12*Log[2])/Pi^2
647	log10(7)	elementary	64	false positive	12	pi/(-867/560 + 111*GoldenRatio/280 + 261*pi/560 + 93*E/80)	16.7	0.06		Log[10, 7]
648	3/(2*sqrt(Pi))	elementary	64	exact	4	3/(2*sqrt(pi))	64.0	0.06		3/(2*Sqrt[Pi])
649	ubiquitous constant	special	64	false positive	16	sqrt(GoldenRatio)*sqrt(-813/745 - 48*GoldenRatio/745 + 17*pi/149 + 351*E/745)	16.4	0.13		(2*Pi^(3/2))/Gamma[1/4]^2
650	Regular paperfolding sequence	special	64	false positive	15	sqrt(-394*GoldenRatio/729 + 157/243 + 613*pi/729 + 787*E/729)*exp(-1)	16.9	0.08		Sum[8^2^n/(-1 + 2^2^(2 + n)), {n, 0, Infinity}]
651	maximal quantum success probability of the CHSH game	algebraic	64	exact	5	sqrt(2)/4 + 1/2	64.0	0.01		Cos[Pi/8]^2
652	1/(2*K^2) = Product_(p prime congruent to 3 modulo 4) (1 - 1/p^2), where K is the Landau-Ramanujan constant	none	64	false positive	13	GoldenRatio/(-442*E/199 + 21*pi/199 + 558/199 + 526*GoldenRatio/199)**2	16.3	0.17		
653	rank-3 Artin constant	special	64	rational fallback	1	428270222426771/500000000000000	15.7	0.40		Product[1 - 1/((-1 + Prime[\[FormalK]])*Prime[\[FormalK]]^3), {\[FormalK], 1, Infinity}]
654	four minus pi	elementary	64	exact	1	4 - pi	64.0	0.00		4 - Pi
655	Champernowne base-2 constant	special	64	rational fallback	1	172448025173611/200000000000000	15.3	0.43		ChampernowneNumber[2]
656	Steiner ratio of the Euclidean plane	algebraic	64	exact	3	sqrt(3)/2	64.0	0.01		Sqrt[3]/2
657	log(4 - phi), where phi = A001622	elementary	64	false positive	14	pi**2*(-995*GoldenRatio/563 + 8*pi/563 + 299*E/563 + 939/563)**2	16.8	0.22		Log[4-GoldenRatio]
658	log e^2	elementary	64	false positive	13	pi**2/(-17/36 - GoldenRatio/6 + 413*E/936 + 217*pi/234)**2	16.6	0.23		Log10[E^2]
659	sqrt(Pi)/(2K)*exp(-gamma/2) where K is the Landau-Ramanujan constant and gamma the Euler-Mascheroni constant	none	64	rational fallback	1	217231942058581/250000000000000	15.7	0.43		
660	square edge line-picking constant	elementary	64	false positive	13	pi*exp(-579*pi/575 - 467/575 + 209*E/575 + 121*GoldenRatio/115)	16.3	0.34		(2 + 5*Log[1 + Sqrt[2]] + Sqrt[2])/9
661	integral_{0..infinity} exp(-x^2)*log(x) dx	special	64	false positive	13	log(GoldenRatio*(-63/2 - 385*GoldenRatio/24 + 31*pi/6 + 377*E/24))	15.9	0.31		-(-(1/4)*Sqrt[Pi]*( EulerGamma + 2*Log[2]))
663	product_{n>=1} (2n/(2n+1))^((-1)^t(n-1)), a probabilistic counting constant, where t(n) = A010060(n) is the Thue-Morse s	none	64	rational fallback	1	435578523207447/500000000000000	15.5	0.44		
664	total area of Ford circles	special	64	rational fallback	1	218071010266407/250000000000000	16.6	0.43		(45*Zeta[3])/(2*Pi^3)
665	(5/18)*Pi	elementary	64	exact	2	5*pi/18	64.0	0.00		5Pi/18
666	a constant related to the asymptotic counting function of numbers of the form x^2 + 2*y^2 (A002479)	none	64	false positive	13	log(pi/(-214*GoldenRatio/383 - 14*pi/383 + 299*E/766 + 973/766))	16.2	0.32		
667	Integral_{x=0..Pi/2} sin(x)^(3/2) dx	special	64	false positive	12	pi/(-433*GoldenRatio/319 + 150*E/319 + 519/319 + 293*pi/319)	17.2	0.05		1/3*Sqrt[2]*EllipticK[1/2]
668	sqrt(2)/phi, where phi = (1+sqrt(5))/2	algebraic	64	false positive	12	(-886*GoldenRatio/347 - 934/347 + 273*pi/347 + 736*E/347)/GoldenRatio	16.2	0.02		Sqrt[2]/GoldenRatio
669	sum of reciprocal perfect powers (excluding 1)	none	64	false positive	14	GoldenRatio*sqrt(-729*E/53 - 841/53 + 492*GoldenRatio/53 + 650*pi/53)	15.7	0.08		
670	average length of a line segment picked at random in a unit 5-cube	none	64	rational fallback	1	21963272881687/25000000000000	15.5	0.45		
671	an Ising constant related to the triangular lattice	none	64	rational fallback	1	219896346540393/250000000000000	15.3	0.42		
672	quadratic class number constant	special	64	false positive	13	log(GoldenRatio*(-351*E/106 - 547*GoldenRatio/106 + 207/53 + 252*pi/53))	16.4	0.30		Product[1 - 1/(Prime[\[FormalK]]^2*(1 + Prime[\[FormalK]])), {\[FormalK], 1, Infinity}]
673	positive minimum of the gamma function	special	64	false positive	16	sqrt(-41/243 + 205*GoldenRatio/486 + 257*E/972 + 127*pi/324)/sqrt(pi)	16.3	0.11		Gamma[Root[{PolyGamma[0, #1] & , 1.46163214496836234126265954233`29.164838085677864}]]
674	sqrt(Pi)/2	elementary	64	exact	3	sqrt(pi)/2	64.0	0.05		Sqrt[Pi]/2
675	exp(gamma)/2	special	64	rational fallback	1	890536208995099/1000000000000000	17.1	0.46		E^EulerGamma/2
676	reciprocal sum of integer powers constant	special	64	false positive	13	(-631*GoldenRatio/667 - 975/667 + 365*pi/667 + 908*E/667)*exp(-1)	16.3	0.01		Sum[-1 + Zeta[Prime[\[FormalK]]], {\[FormalK], 1, Infinity}]
677	Gamma(4/3)	special	64	false positive	16	exp(1/2)/sqrt(-753*GoldenRatio/806 + 63/403 + 291*pi/403 + 370*E/403)	16.2	0.13		Gamma[4/3]
678	Product_{p prime, p == 1 (mod 4)} (1 - 2/p^2)	none	64	false positive	12	pi*(-223*pi/245 - 50*GoldenRatio/49 + 99/490 + 414*E/245)	16.9	0.03		
679	'delta', a constant arising in the asymptotics of the regularized product of the Fibonacci numbers	none	64	false positive	13	log((-66/91 - 145*GoldenRatio/819 + 38*E/63 + 97*pi/91)/GoldenRatio)	16.9	0.31		
680	Gamma(5/3)	special	64	rational fallback	1	451372646475467/500000000000000	15.4	0.41		Gamma[5/3]
681	log10(8)	elementary	64	rational fallback	1	112886248373993/125000000000000	15.3	0.44		Log[10, 8]
682	disk line-picking constant	elementary	64	exact	2	128/(45*pi)	64.0	0.02		128/(45*Pi)
683	Gamma(5/4)	special	64	false positive	14	(-589*pi/22 + 329/22 + 114*E/11 + 281*GoldenRatio/11)**2*exp(2)	15.0	0.20		Gamma[5/4]
684	densest planar packing of circles constant	elementary	64	exact	4	sqrt(3)*pi/6	64.0	0.03		Pi/(2*Sqrt[3])
685	value of x such that K(x) = 2E(x)	none	64	rational fallback	1	908908557548541/1000000000000000	15.3	0.46		
686	(sqrt(Pi)/(2^(1/4)*Gamma(5/8)*Gamma(7/8)))^2	special	64	false positive	14	sqrt(-628*pi/145 + 258*GoldenRatio/145 + 716/145 + 744*E/145)/pi	16.6	0.07		(Pi/Sqrt[2])*(1/(Gamma[5/8]*Gamma[7/8]))^2
687	(1 + sqrt(3))/3	algebraic	64	exact	5	1/3 + sqrt(3)/3	64.0	0.01		(1+Sqrt[3])/3
688	Catalan's constant	special	64	false positive	14	E*(-237*pi/10 - 567*GoldenRatio/20 + 567/20 + 681*E/20)**2	15.2	0.15		Catalan
689	log root two pi	elementary	64	false positive	14	sqrt(-323*GoldenRatio/143 - 243*E/286 - 152/143 + 841*pi/286)/GoldenRatio	16.4	0.06		Log[Sqrt[2*Pi]]
690	Gamma(7/4)	special	64	false positive	12	(-67*pi/280 + 13*E/280 + 51*GoldenRatio/56 + 571/280)/pi	17.9	0.02		Gamma[7/4]
691	position of the positive real maximum of Dawson's integral D_+(x)	none	64	false positive	13	log((-235/97 - 29*E/388 + 182*GoldenRatio/97 + 927*pi/388)/pi)	16.6	0.34		
692	cube face line-picking constant	elementary	64	false positive	13	(-79*E/104 + 51*GoldenRatio/208 + 255/208 + 49*pi/52)*exp(-1)	16.6	0.01		(4 - 7*Pi + 21*Log[1 + Sqrt[2]] + 42*Log[2 + Sqrt[3]] + 17*Sqrt[2] - 6*Sqrt[3])/75
693	Product_{n>=1} (1 - 1/(4n+1)^2)	special	64	rational fallback	1	463518669325343/500000000000000	16.4	0.45		Product[1 - 1/(4 n + 1)^2, {n, 1, Infinity}]
694	an Ising constant related to the random coloring problem	special	64	false positive	14	(-155*E/347 - 122*GoldenRatio/347 + 165*pi/347 + 652/347)**2*exp(-1)	16.6	0.15		Log[2]/2 + 2*Catalan/Pi
695	rank-4 Artin constant	special	64	false positive	13	pi/(-287*E/195 - 4*GoldenRatio/5 + 103/130 + 787*pi/390)**2	16.4	0.18		Product[1 - 1/((-1 + Prime[\[FormalK]])*Prime[\[FormalK]]^4), {\[FormalK], 1, Infinity}]
696	-zeta'(2) (the first derivative of the zeta function at 2)	none	64	false positive	13	log(pi/(-422*E/179 - 582/179 + 232*GoldenRatio/179 + 501*pi/179))	17.1	0.30		
697	(4K/Pi)^2 where K is the Landau-Ramanujan constant	none	64	false positive	13	(-513*pi/110 - 56/55 + 37*GoldenRatio/11 + 259*E/55)*exp(-1)	16.7	0.01		
698	Pi*(1+sqrt(2))/8	elementary	64	exact	6	pi*(1/8 + sqrt(2)/8)	64.0	0.03		Pi*(1+Sqrt[2])/8
699	log10(9)	elementary	64	false positive	12	1/(-619/484 - 61*E/242 + 201*GoldenRatio/242 + 257*pi/484)	17.5	0.03		Log[10, 9]
700	3/π	elementary	64	exact	1	3/pi	64.0	0.01		3/Pi
701	Magic angle	elementary	64	false positive	14	(-505*E/714 - 37*GoldenRatio/357 + 215/238 + 106*pi/119)**2*exp(-1)	16.6	0.14		ArcCos[1/Sqrt[3]]
702	(log(2) + Pi)/4	elementary	64	false positive	13	exp(GoldenRatio*(-101*pi/311 - 295/311 - 338*GoldenRatio/933 + 868*E/933))	17.2	0.37		(Log[2]+Pi)/4
703	a limit associated with the asymptotic number of ways of writing a number as a sum of powers of 2, with each power used 	elementary	64	rational fallback	1	958854190824767/1000000000000000	15.4	0.41		3^(Log[GoldenRatio]/Log[2]) / Sqrt[5]
704	a constant related to the asymptotic expansion of the Lebesgue constant corresponding to the n-th Chebyshev polynomial	special	64	rational fallback	1	962522826760713/1000000000000000	17.1	0.44		2/Pi*(3*Log[2] - Log[Pi] + EulerGamma)
705	L(3, chi4), where L(s, chi4) is the Dirichlet L-function for the non-principal character modulo 4	elementary	64	false positive	12	log((-43*E - 93*GoldenRatio/2 + 484/5 + 317*pi/10)/GoldenRatio)	16.3	0.28		Pi^3/32
706	Lochs constant	elementary	64	false positive	14	(-726/623 - 314*GoldenRatio/623 + 136*E/623 + 347*pi/623)**2*exp(2)	16.4	0.20		6*Log[2]*Log[10]/Pi^2
707	4*K/Pi, a constant appearing in the asymptotic evaluation of the number of non-hypotenuse numbers not exceeding a given 	none	64	false positive	14	(-376*GoldenRatio/221 + 3*pi/17 + 183*E/221 + 581/221)**2*exp(-2)	17.0	0.18		
708	log 3π	elementary	64	false positive	12	pi*(-114*pi/281 - 173*GoldenRatio/562 + 87*E/562 + 467/281)	16.8	0.03		Log10[3*Pi]
709	Elbert constant	special	64	false positive	13	log((-416/127 - 134*E/127 + 121*pi/127 + 585*GoldenRatio/127)/GoldenRatio)	16.2	0.27		ConditionalExpression[Extension`ElbertConstant == 1 + E^\[FormalU] - (\[FormalV]*E^\[FormalU])/2 + E^(\[FormalU] + \[FormalV]/2) - E^\[FormalV], E^\[FormalU] + 2*E^(\[FormalU] + \[FormalV]/2) + E^(\[FormalV]/2) + E^(\[FormalU] + \[FormalV]) == 2*E^\[FormalV] + E^((3*\[FormalV])/2) && 1 + (1 + \[FormalU] - \[FormalV])*E^\[FormalU] + 2*E^(\[FormalU] + \[FormalV]/2) == 2*E^\[FormalV] && -1/3 < \[FormalU] < 0 && 1/3 < \[FormalV] < 1]
710	4*sqrt(2) - 6*sqrt(6)/Pi	elementary	64	false positive	14	(-186*E/47 + 37*GoldenRatio/47 + 199*pi/141 + 314/47)**2*exp(-1)	16.6	0.14		4Sqrt[2]-6Sqrt[6]/Pi
711	generalized Glaisher-Kinkelin constant A(3)	special	64	false positive	13	(-376*E/103 - 518*GoldenRatio/103 + 24/103 + 642*pi/103)**2/pi	16.1	0.15		Exp[-11/720 - Zeta'[-3]]
712	a parking constant related to the asymptotic expected number of cars, assuming random car lengths	none	64	false positive	13	exp((-797/377 - 262*E/377 - 57*GoldenRatio/377 + 504*pi/377)/pi)	17.0	0.38		
713	a constant related to the asymptotic evaluation of Product_{p prime congruent to 3 modulo 4} (1 + 1/p)	none	64	false positive	16	sqrt(-193*GoldenRatio/64 - 37*E/24 + 131/192 + 233*pi/64)/sqrt(pi)	16.8	0.11		
714	ln(Gamma(1/3))	special	64	false positive	13	sqrt(-541*E/391 + 105/391 + 3*GoldenRatio/17 + 520*pi/391)	16.6	0.05		LogGamma[1/3]
715	Reuleaux triangle square cutting fraction	elementary	64	rational fallback	1	987700390736053/1000000000000000	15.3	0.43		-3 + Pi/6 + 2*Sqrt[3]
716	logarithm of Khinchin constant	special	64	false positive	13	(-119*GoldenRatio/191 - 387/764 + 255*pi/382 + 591*E/764)*exp(-1)	16.4	0.01		Log[Khinchin]
717	phi(0), an auxiliary constant associated with Shapiro's cyclic sum constant lambda	none	64	rational fallback	1	989133634446993/1000000000000000	16.3	0.42		
718	Asymptotic behavior of Lebesgue constants	special	64	false positive	13	pi*log(-493*E/143 - 127*GoldenRatio/143 + 841/286 + 841*pi/286)	16.5	0.25		(-4*PolyGamma[0, 1/2])/Pi^2 + (8*Sum[Log[k]/(-1 + 4*k^2), {k, 1, Infinity}])/Pi^2
719	generalized Glaisher-Kinkelin constant A(4)	special	64	false positive	14	(-974*GoldenRatio/51 - 139*E/51 - 38/17 + 709*pi/51)**2/pi**2	16.1	0.19		Exp[-3*Zeta[5]/(4*Pi^4)]
720	log π^2	elementary	64	rational fallback	1	248574936347067/250000000000000	15.5	0.45		Log10[Pi^2]
721	Ramanujan's first continued fraction constant	elementary	64	false positive	14	E/log(-26*E/3 - 34*pi/9 + 617/27 + 464*GoldenRatio/27)	16.5	0.27		Exp[(2*Pi)/5]*(-GoldenRatio + Sqrt[GoldenRatio*Sqrt[5]])
722	One	rational	64	exact	0	1	64.0	0.00		1
723	'nu', a coefficient related to the variance for searching corresponding to patricia tries	none	64	rational fallback	0	1	11.9	0.00		
724	zeta(9)	special	64	false positive	13	pi*exp(-446*E/193 - 631*GoldenRatio/193 + 775/193 + 394*pi/193)	16.1	0.40		Zeta[9]
725	side of the equilateral triangle that can cover every triangle of perimeter 2	none	64	false positive	14	E*log(-726*E/139 - 507/139 - 263*GoldenRatio/139 + 989*pi/139)	16.0	0.27		
726	generalized Stirling constant	none	64	false positive	13	sqrt(-900/949 - 9*pi/949 - 7*GoldenRatio/949 + 697*E/949)	16.5	0.06		
727	Pi^3/(36*sqrt(3)) + 91*zeta(3)/216	special	64	false positive	13	(-136*GoldenRatio/59 - 45*pi/118 - 70/59 + 685*E/236)**2/pi	17.4	0.16		Pi^3/(36*Sqrt[3])+91*Zeta[3]/216
728	DeVicci's tesseract constant	algebraic	64	false positive	13	(-361*pi/162 - 154*E/81 + 703/162 + 481*GoldenRatio/81)**2/pi	17.1	0.20		Root[16 + 16*#1^2 - 7*#1^4 - 28*#1^6 + 4*#1^8 & , 3, 0]
729	zeta(7)	special	64	false positive	14	E*log(-42/67 - 153*E/670 + 177*pi/670 + 773*GoldenRatio/670)	16.1	0.28		Zeta[7]
730	generalized Glaisher-Kinkelin constant A(5)	special	64	false positive	14	GoldenRatio**2*(-749*E/643 + 322/643 + 221*pi/643 + 877*GoldenRatio/643)**2	17.3	0.22		Exp[137/15120-Zeta'[-5]]
731	Pi^3/64 + 7*zeta(3)/16	special	64	false positive	11	-711/310 - 27*pi/62 + 259*E/310 + 46*GoldenRatio/31	16.0	0.01		Pi^3/64+7Zeta[3]/16
732	Gieseking constant	special	64	false positive	13	sqrt(-647*pi/352 - 457*GoldenRatio/352 + 555/352 + 949*E/352)	16.1	0.07		(3*Sqrt[3]*(1 - PolyGamma[1, 2/3]/9 + PolyGamma[1, 4/3]/9))/4
733	h_3, a constant related to certain evaluations of the gamma function from elliptic integrals	special	64	false positive	12	pi*(-267*GoldenRatio/448 - 347/448 + 141*pi/448 + 177*E/448)	16.4	0.03		4*EllipticK[4*Sqrt[3]-7]/(Sqrt[2+Sqrt[3]]*Pi)
734	2*Pi^3/(81*sqrt(3)) + 13*zeta(3)/27	special	64	false positive	14	pi/sqrt(-181*E/12 + 64/9 + 31*pi/9 + 181*GoldenRatio/9)	16.1	0.10		2Pi^3/(81Sqrt[3])+13Zeta[3]/27
735	an Ising constant related to the hexagonal lattice	none	64	false positive	13	(-116*E/979 + 304/979 + 66*GoldenRatio/89 + 498*pi/979)*exp(-1)	16.0	0.01		
736	6*arcsec(sqrt(3))/Pi^(3/2), an extreme value constant	special	64	false positive	13	GoldenRatio/(-61*pi/111 - 160/111 + 406*GoldenRatio/333 + 100*E/111)**2	16.4	0.19		6*ArcSec[Sqrt[3]]/Pi^(3/2)
737	e^pi/pi^e	elementary	64	false positive	16	sqrt(-293*E/28 + 8*GoldenRatio/7 + 101/12 + 19*pi/3)/sqrt(GoldenRatio)	15.9	0.13		E^Pi/Pi^E
738	continued fraction constant (base 10)	elementary	64	false positive	14	exp(-1)*log(-488*E/133 + 5/7 + 93*GoldenRatio/19 + 754*pi/133)	17.3	0.24		Pi^2/(6Log[2]Log[10])
739	generalized Glaisher-Kinkelin constant A(2)	special	64	false positive	14	(-289*E/652 - 107*GoldenRatio/163 + 535/652 + 873*pi/652)**2*exp(-2)	16.6	0.21		Exp[Zeta[3]/(4*Pi^2)]
740	generalized hypergeometric function 3F2(1/2,1/2,1/2; 3/2,3/2; x) at x=1/2	special	64	false positive	13	pi*exp(-803*pi/662 - 239*GoldenRatio/662 + 425/662 + 643*E/662)	16.4	0.36		(Pi*Log[2]/4 + Catalan)/Sqrt[2]
741	Hadamard-de la Vallee-Poussin constant	special	64	false positive	14	pi*sqrt(-869*E/608 - 231/304 + 363*GoldenRatio/608 + 733*pi/608)	16.0	0.10		EulerGamma + Sum[(-1 + Prime[\[FormalK]])^(-1) + Log[1 - Prime[\[FormalK]]^(-1)], {\[FormalK], 1, Infinity}]
742	secant of 15 degrees (cosecant of 75 degrees)	algebraic	64	false positive	11	-114*E/337 - 71*pi/674 + 259/337 + 316*GoldenRatio/337	16.0	0.01		Sec[15 Degree]
743	zeta(5)	special	64	rational fallback	1	103692775514337/100000000000000	16.1	0.40		Zeta[5]
744	Landau-Kolmogorov constant C(3,1) for derivatives in the case L_infinity(-infinity, infinity)	none	64	false positive	13	GoldenRatio*log(-746*GoldenRatio/799 + 103/799 + 123*pi/799 + 823*E/799)	16.9	0.24		
745	log10(11)	elementary	64	false positive	13	(-849*GoldenRatio/667 - 298/667 + 303*E/667 + 478*pi/667)**(-2)	16.1	0.20		Log[10, 11]
746	sec(phi), a constant related to the "broadworm" (or "caliper") problem	none	64	false positive	12	1/(-65*GoldenRatio/87 - 125*pi/348 + 235/174 + 83*E/116)	16.1	0.04		
747	Landau-Kolmogorov constant C(5,1) for derivatives in the case L_infinity(infinity, infinity)	none	64	false positive	12	(-374*pi/61 - 656*GoldenRatio/61 + 830/61 + 591*E/61)/pi	16.1	0.02		
748	li(2) = gamma + log(log(2)) + Sum_{k>=1} log(2)^k / ( k*k! )	special	64	false positive	13	(-489/950 - 88*E/475 + 6*GoldenRatio/475 + 139*pi/190)**2/GoldenRatio	16.0	0.14		LogIntegral[2]
749	third pi	elementary	64	exact	1	pi/3	64.0	0.00		Pi/3
750	asymptotic constant in Goebel's sequence A003504	none	64	false positive	13	E/(-74*pi/83 - 235/581 + 505*GoldenRatio/581 + 939*E/581)	17.0	0.04		
751	Sum_{i>=0} 1/(2*i+1)^3	special	64	false positive	14	exp(2)/(-985*GoldenRatio/192 - 93/32 - 27*E/64 + 917*pi/192)**2	17.6	0.20		7 Zeta[3]/8
752	192*K^2*G/Pi^4 = Product_{p prime congruent to 1 modulo 4} (1 + 1/p^2), where K is the Landau-Ramanujan constant and G C	none	64	false positive	13	log(-758*GoldenRatio/199 + 287/199 + 307*pi/199 + 394*E/199)/GoldenRatio	16.1	0.22		
753	1/2+2/sqrt(13), a constant related to the asymptotic evaluation of the number of self-avoiding rook paths joining opposi	algebraic	64	exact	6	1/2 + 2*sqrt(13)/13	63.5	0.01		1/2 + 2/Sqrt[13]
754	an infinite product involving the ratio of n! to its Stirling approximation	special	64	false positive	13	E*(-635/618 - 125*pi/618 + 229*E/618 + 133*GoldenRatio/206)	16.3	0.02		Glaisher^3/(2^(7/12)*Pi^(1/4))
755	Twelfth root of 2	algebraic	64	false positive	13	exp(GoldenRatio*(-398*GoldenRatio/879 - 16*E/879 - 10/879 + 232*pi/879))	16.3	0.39		2^(1/12)
756	(3/4)*sqrt(2)	algebraic	64	exact	4	3*sqrt(2)/4	63.3	0.01		3 Sqrt[2]/4
757	I, a constant appearing (as I^2) in the asymptotic variance of the area of the convex hull of random points in the unit 	special	64	rational fallback	1	106182413649097/100000000000000	15.5	0.42		Sqrt[2]*Pi^2/Gamma[1/4]^2
758	(8*G - Pi*log(2 + sqrt(3)))/3, where G = A006752	special	64	rational fallback	1	106345983311723/100000000000000	14.7	0.43		(8Catalan-Pi Log[2+Sqrt[3]])/3
759	(gamma + log(16))/Pi	special	64	false positive	14	E*(-441*GoldenRatio/422 - 248/211 + 44*E/211 + 393*pi/422)**2	16.1	0.15		(EulerGamma + Log[16])/Pi
760	m_3, the expected number of returns to the origin in a three-dimensional random walk restricted to the region x >= y >= 	none	64	false positive	13	(-47*E/44 - 293/418 + 77*GoldenRatio/76 + 873*pi/836)**2/GoldenRatio	16.0	0.15		
761	Sum_{k >= 0} 1/(4*k+1)^2	special	64	false positive	13	(-769*E/388 + 83*GoldenRatio/388 + 523/388 + 817*pi/388)*exp(-1)	16.1	0.01		Catalan/2 + Pi^2/16
762	expected number of returns to the origin of a random walk on an 8-d lattice	none	64	false positive	14	(-657*pi/214 - 213/107 + 371*GoldenRatio/214 + 415*E/107)**2*exp(-1)	16.6	0.14		
763	beta = 1.07869..., the best constant in Friedrichs' inequality in one dimension	none	64	rational fallback	1	107869021625469/100000000000000	14.5	0.41		
764	Landau-Kolmogorov constant C(4,1) for derivatives in the case L_infinity(infinity, infinity)	none	64	false positive	13	exp(GoldenRatio/(-5*pi/33 + 724/165 + 40*GoldenRatio/11 + 667*E/165))	16.2	0.42		
765	c = twice the maximum of Dawson's integral, a constant used in the asymptotic evaluation of the ideal hyperbolic n-cube 	none	64	false positive	14	exp(2)/(-849*E/409 - 49/409 + 725*GoldenRatio/409 + 717*pi/409)**2	16.0	0.24		
766	zeta(4) = pi^4/90	elementary	64	false positive	14	sqrt(-773*E/400 + 427/400 + 173*GoldenRatio/100 + 567*pi/400)/GoldenRatio	16.3	0.07		Pi^4/90
767	6*exp(gamma)/Pi^2	special	64	false positive	12	1/(-574*pi/803 - 306/803 + 87*GoldenRatio/803 + 997*E/803)	16.6	0.04		6*Exp[EulerGamma]/Pi^2
768	Feller α coin-tossing constant	algebraic	64	false positive	14	(-257*E/477 + 68*pi/477 + 280*GoldenRatio/477 + 284/159)**2*exp(-1)	16.8	0.16		(2*(-1 - 2/(17 + 3*Sqrt[33])^(1/3) + (17 + 3*Sqrt[33])^(1/3)))/3
769	1/Gamma(7/4)	special	64	false positive	14	GoldenRatio**2*(-235*GoldenRatio/71 - 353*E/284 + 58/71 + 387*pi/142)**2	16.0	0.23		1/Gamma[7/4]
770	Pi*log(2)/2	elementary	64	false positive	16	sqrt(pi)*sqrt(-977/236 - 141*E/118 + 122*GoldenRatio/59 + 83*pi/59)	16.6	0.14		Pi*Log[2]/2
772	1/2+G/Pi, the highest limiting crest of a square wave Fourier series, where G is the Gibbs-Wilbraham constant	none	64	false positive	12	log(-147*GoldenRatio/475 - 233/475 + 403*E/950 + 17*pi/19)	16.0	0.24		
773	expected number of returns to the origin of a random walk on a 7-d lattice	none	64	false positive	12	pi/(-614/243 - 319*GoldenRatio/243 - 106*pi/243 + 265*E/81)	16.1	0.06		
774	Gamma(1/4)^4/(16*Pi^2)	special	64	false positive	16	sqrt(-817*pi/424 + 251/424 + 531*GoldenRatio/424 + 419*E/212)/sqrt(GoldenRatio)	16.7	0.12		Gamma[1/4]^4/(16Pi^2)
775	square root of 6/5	none	64	exact	3	sqrt(30)/5	63.4	0.01		
776	a 5-dimensional analog of DeVicci's tesseract constant	algebraic	64	false positive	13	E*(-808*E/523 - 618/523 + 631*GoldenRatio/523 + 638*pi/523)	16.3	0.02		Sqrt[11-4*Sqrt[6]]
778	ln(3)	elementary	64	exact	1	log(3)	63.5	0.23		Log[3]
779	Paris constant	special	64	false positive	12	(-6*pi - 109*E/23 + 9*GoldenRatio/23 + 758/23)**2/pi	15.7	0.16		ConditionalExpression[Extension`ParisConstant == Limit[(2*GoldenRatio)^\[FormalN]*(GoldenRatio - Subscript[\[FormalCapitalF], \[FormalN]]), \[FormalN] -> Infinity]/2, Subscript[\[FormalCapitalF], 1] == 1 && Subscript[\[FormalCapitalF], \[FormalN]] == Sqrt[1 + Subscript[\[FormalCapitalF], -1 + \[FormalN]]]]
780	Lengyel constant	special	64	rational fallback	1	109868580552519/100000000000000	14.6	0.43		ConditionalExpression[Extension`LengyelConstant == Limit[(2^\[FormalN]*\[FormalN]^(1 + Log[2]/3)*Subscript[\[FormalC], \[FormalN]]*Log[2]^\[FormalN])/\[FormalN]!^2, \[FormalN] -> Infinity], Subscript[\[FormalC], 1] == 1 && Subscript[\[FormalC], \[FormalN]] == Sum[StirlingS2[\[FormalN], \[FormalK]]*Subscript[\[FormalC], \[FormalK]], {\[FormalK], 1, -1 + \[FormalN]}]]
781	log 4π	elementary	64	false positive	14	GoldenRatio/sqrt(-257*E/220 + 23*GoldenRatio/44 + 167/165 + 61*pi/55)	16.3	0.12		Log10[4*Pi]
782	9*Sum_{k>=1} 1/(10^k-1)	none	64	false positive	13	log((-733*pi/74 + 207*GoldenRatio/74 + 947/74 + 254*E/37)/GoldenRatio)	16.2	0.28		
783	1/Gamma(5/4)	special	64	false positive	13	GoldenRatio*exp(-663*E/226 - 308/113 - 60*GoldenRatio/113 + 402*pi/113)	16.7	0.33		1/Gamma[5/4]
785	sqrt(8/Pi)*log(2), a constant related to the asymptotic evaluation of the minimum number of one-dimensional random walks	elementary	64	false positive	14	(-920/901 - 78*GoldenRatio/901 + 57*E/901 + 781*pi/901)**2*exp(-1)	16.3	0.14		Sqrt[8/Pi]*Log[2]
787	1/Gamma(5/3)	special	64	false positive	13	log((-43*pi/290 + 11/29 + 7*GoldenRatio/10 + 411*E/290)/GoldenRatio)	16.8	0.32		1/Gamma[5/3]
788	Pi/(2*sqrt(2))	none	64	exact	4	sqrt(2)*pi/4	63.6	0.03		
789	4*L/(3*Pi), a constant related to the asymptotic evaluation of the number of primes of the form a^2+b^4, where L is Gaus	none	64	false positive	14	exp(2)/(-663*E/565 - 87*GoldenRatio/565 + 606/565 + 889*pi/565)**2	16.1	0.24		
790	log10(13)	elementary	64	false positive	14	exp(2)/(-304*E/897 + 112*GoldenRatio/299 + 997/897 + 508*pi/897)**2	16.4	0.21		Log[10, 13]
791	positive real root of 3*x^4 - x^3 - x^2 - 2, a constant related to quasi-isometric mappings	none	64	false positive	12	(-103*pi/339 + 671/678 + 181*E/339 + 422*GoldenRatio/339)/pi	16.1	0.02		
792	Landau-Kolmogorov constant C(5,2) for derivatives in the case L_infinity(infinity, infinity)	none	64	false positive	12	exp(-716*E/203 - 70/29 - 158*GoldenRatio/203 + 864*pi/203)	16.8	0.39		
793	expected number of returns to the origin of a random walk on a 6-d lattice	none	64	rational fallback	1	111696337322667/100000000000000	14.8	0.48		
794	Goh-Schmutz constant	special	64	false positive	14	exp(2)/(-902*E/219 - 150/73 + 926*GoldenRatio/219 + 626*pi/219)**2	16.8	0.25		-Sum[(E^\[FormalK]*ExpIntegralEi[-\[FormalK]])/\[FormalK], {\[FormalK], 1, Infinity}]
795	Steinitz constant of the Euclidean plane	algebraic	64	exact	2	-1/2 + GoldenRatio	63.6	0.00		Sqrt[5]/2
796	Landau-Kolmogorov constant C(5,3) for derivatives in the case L_infinity(infinity, infinity)	none	64	exact	6	15**(2/5)*2**(3/5)/4	63.9	0.43		
797	1/Gamma(4/3)	special	64	false positive	12	pi/(-498*GoldenRatio/229 - 259*E/458 + 242/229 + 496*pi/229)	16.0	0.05		1/Gamma[4/3]
798	2*exp(-gamma)	special	64	false positive	13	pi*(-875*pi/64 - 113*GoldenRatio/32 + 273/32 + 959*E/64)**2	15.6	0.20		2*Exp[-EulerGamma]
799	zeta(7/2)	special	64	false positive	16	sqrt(-445*E/127 - 322*GoldenRatio/127 + 875/254 + 861*pi/254)*exp(1/2)	16.7	0.11		Zeta[7/2]
800	2/sqrt(pi)	elementary	64	exact	3	2/sqrt(pi)	63.4	0.07		2/Sqrt[Pi]
802	a coefficient associated with the asymptotics of the average distance between a vertex and the root of a random rooted t	none	64	rational fallback	1	5682799593933/5000000000000	15.2	0.45		
803	digital search tree β constant	special	64	false positive	14	log((-579*E/121 - 296*GoldenRatio/121 + 471/121 + 830*pi/121)*exp(-1))	16.1	0.28		-1 + (Log[2]*QPolyGamma[0, 1, 1/2] + QPolyGamma[1, 1, 1/2])/Log[2]^2
804	extreme value skewness	special	64	false positive	12	E*(-448*E/489 - 284/163 - 493*GoldenRatio/489 + 2*pi)	16.5	0.03		12*Sqrt[6]*Zeta[3]/Pi^3
805	a function approximation constant which is the analog of Gibbs's constant 2*G/Pi (A036793) for de la Vallée-Poussin sums	none	64	false positive	14	pi/sqrt(-74/131 - 113*GoldenRatio/524 + 299*pi/262 + 471*E/262)	16.8	0.11		
806	ln(pi)	elementary	64	false positive	14	(-599*E/567 - 85/189 + 290*GoldenRatio/567 + 325*pi/189)**2*exp(-2)	17.3	0.20		Log[Pi]
807	1/sqrt(tanh(1))	elementary	64	false positive	13	(-353*E/198 - 5*pi/66 + 587/198 + 71*GoldenRatio/33)**2/GoldenRatio	16.6	0.14		1/Sqrt[Tanh[1]]
808	Goldbach-Vinogradov constant	special	64	false positive	13	exp(pi/(-829*GoldenRatio/21 - 232/7 + 338*pi/21 + 76*E/3))	16.1	0.42		Product[1 + (-1 + Prime[\[FormalK]])^(-3), {\[FormalK], 1, Infinity}]/2
809	Pi^2/(16*K^2*G) = Product_{p prime congruent to 3 modulo 4} (1 + 1/p^2), where K is the Landau-Ramanujan constant and G 	none	64	false positive	13	log(pi/(-463*E/753 - 58*GoldenRatio/251 + 116/753 + 691*pi/753))	16.3	0.32		
810	Second Hermite constant	algebraic	64	exact	4	2*sqrt(3)/3	64.0	0.01		2/Sqrt[3]
811	expected number of returns to the origin of a random walk on a 5-d lattice	none	64	rational fallback	1	115630812484023/100000000000000	15.0	0.46		
812	cubic recurrence constant	special	64	false positive	14	pi/sqrt(-328*GoldenRatio/103 - 287/206 + 118*E/103 + 709*pi/206)	16.1	0.10		Product[\[FormalK]^3^(-\[FormalK]), {\[FormalK], 1, Infinity}]
813	'xiHat', a constant used in the asymptotic evaluation of e.g.f. coefficients for the number of labeled mobiles	none	64	false positive	14	E*(-669*E/94 - 85*pi/47 + 474/47 + 453*GoldenRatio/47)**2	16.0	0.15		
814	grazing goat constant	special	64	rational fallback	1	28968211825453/25000000000000	14.9	0.41		Root[{Pi - 2*ArcCos[1 - #1^2/2] - 2*ArcCos[#1/2]*#1^2 + #1*Sqrt[4 - #1^2] & , 1.158728473018121517828233509934`30.063981678858028}]
815	Given the two curves y = exp(-x) and y = 2/(exp(x) + exp(x/2)), draw a line tangent to both. This sequence is the decima	none	64	false positive	14	exp(2)/(-922/503 - 91*E/503 + 208*GoldenRatio/503 + 669*pi/503)**2	16.7	0.23		
816	expectation of the maximum of a size 5 sample from a normal (0,1) distribution	special	64	false positive	13	(-54*GoldenRatio/73 - 230*E/803 + 410/803 + 863*pi/803)**2/pi	16.5	0.15		5/Sqrt[Pi] - 15*ArcCsc[Sqrt[3]]/Pi^(3/2)
817	'c', an optimal stopping constant associated with the two choice case	none	64	false positive	15	E*sqrt(-433*pi/68 + 19*E/34 + 577/68 + 107*GoldenRatio/17)	17.1	0.07		
818	spanning tree constant of the square lattice	special	64	rational fallback	1	14578045201541/12500000000000	14.4	0.40		4*Catalan/Pi
819	(5 + 3*sqrt(5))/10	algebraic	64	exact	4	1/5 + 3*GoldenRatio/5	63.5	0.00		(5 + 3 Sqrt[5])/10
820	sinh one	elementary	64	false positive	13	E*(-43*GoldenRatio/50 - 301*pi/750 + 107/250 + 733*E/750)	16.1	0.02		Sinh[1]
821	Salem constant	algebraic	64	false positive	15	E*sqrt(-930*GoldenRatio/943 - 441*pi/943 + 971/943 + 771*E/943)	16.2	0.08		Root[1 + #1 - #1^3 - #1^4 - #1^5 - #1^6 - #1^7 + #1^9 + #1^10 & , 2, 0]
822	root ln four	elementary	64	false positive	12	GoldenRatio*(-235*pi/482 - 143/964 + 193*E/482 + 393*GoldenRatio/482)	16.8	0.03		Sqrt[Log[4]]
823	Gibbs constant	special	64	false positive	13	sqrt(-556*GoldenRatio/965 - 219*E/965 - 32/965 + 913*pi/965)	16.7	0.05		(2*SinIntegral[Pi])/Pi
824	Lévy's constant	elementary	64	false positive	14	exp(2)/(-43*GoldenRatio/141 + 374/987 + 274*pi/987 + 631*E/987)**2	16.2	0.21		Pi^2/(12*Log[2])
825	Foias constant	none	64	rational fallback	1	2374904702253/2000000000000	15.1	0.42		
826	2^(1/4)	algebraic	64	exact	2	2**(1/4)	63.6	0.06		2^(1/4)
827	theta_2, one of the angles associated with the bow-and-arrow configuration used in the 2-arc smallest length problem	none	64	false positive	14	exp(-1)*log(-607*GoldenRatio/5 - 944/5 - 132*pi/5 + 908*E/5)	16.5	0.23		
828	arithmetic-geometric mean constant	special	64	false positive	15	E/sqrt(-97/32 + 13*pi/96 + 37*GoldenRatio/16 + 425*E/288)	16.2	0.09		(2*Pi^(3/2)*Sqrt[2])/Gamma[1/4]^2
829	real fixed point of coth(z)	special	64	false positive	14	sqrt(-626*pi/51 + 120/17 + 100*GoldenRatio/17 + 12*E)*exp(-1)	16.1	0.06		Root[{-Coth[#1] + #1 & , 1.199678640257733833916369848641`30.079064926502777}]
830	lim_{n->infinity} ((1/log(n)^2)*Product_{2 < p < n, p prime} p/(p-2))	none	64	false positive	13	log(GoldenRatio/(-345*pi/7 - 991/14 + 290*E/7 + 491*GoldenRatio/7))	15.7	0.32		
831	sqrt(e^(1/e)) = 1.20194336847031	elementary	64	false positive	11	-439*E/563 - 157/563 + 141*pi/563 + 979*GoldenRatio/563	18.3	0.01		E^(E^-1/2)
832	Apéry's constant	special	64	false positive	14	pi*sqrt(-138*E/245 - 121*GoldenRatio/490 + 103/196 + 121*pi/245)	16.6	0.08		Zeta[3]
833	growth constant in random Fibonacci sequence	algebraic	64	false positive	14	pi**2*(-617*pi/293 + 57/293 + 297*GoldenRatio/293 + 553*E/293)**2	16.2	0.20		Root[#1^3 + #1^2 - #1 - 2 &, 1]
834	sqrt(A224273)	special	64	false positive	15	E/sqrt(134*GoldenRatio/373 + 84*E/373 + 517/746 + 753*pi/746)	16.2	0.08		Sqrt[3] Gamma[1/3]^(3/2)/(2 Pi)
835	2/sqrt(e), a constant appearing in the expression of the asymptotic expected volume V(d) of the convex hull of randomly 	elementary	64	exact	3	2*exp(-1/2)	63.4	0.05		2/Sqrt[E]
836	12/Pi^2	elementary	64	false positive	13	(-442*E/913 + 476/913 + 238*pi/913 + 6*GoldenRatio/11)**(-2)	16.4	0.17		12/Pi^2
837	positive real root of x^4 - x - 1	algebraic	64	rational fallback	1	3814825264393/3125000000000	15.4	0.44		Root[#1^4 - #1 - 1 &, 2]
838	Mertens constant C(5,1)	none	64	false positive	13	E/(-311*GoldenRatio/388 - 17*E/97 + 225*pi/388 + 421/194)	16.2	0.04		
839	Gamma(3/4)	special	64	false positive	12	(-67*pi/210 + 13*E/210 + 17*GoldenRatio/14 + 571/210)/pi	17.9	0.02		Gamma[3/4]
840	Fibonacci factorial constant	special	64	false positive	13	exp((-189/454 - 49*E/454 - 22*GoldenRatio/227 + 109*pi/227)/pi)	16.7	0.37		QPochhammer[-GoldenRatio^(-2)]
841	log10(17)	elementary	64	rational fallback	1	123044892137827/100000000000000	14.5	0.47		Log[10, 17]
842	Second Favard constant	elementary	64	exact	2	pi**2/8	64.0	0.03		Pi^2/8
843	Feller β coin-tossing constant	algebraic	64	false positive	13	E/(-662*GoldenRatio/671 + 125*pi/671 + 601/671 + 571*E/671)	16.3	0.04		(2 + 4*(17 + 3*Sqrt[33])^(1/3) - (17 + 3*Sqrt[33])^(2/3))/(6 + 9*(17 + 3*Sqrt[33])^(1/3) - 3*(17 + 3*Sqrt[33])^(2/3))
844	expected number of returns to the origin of a random walk on a 4-d lattice	none	64	false positive	13	(-817*GoldenRatio/337 - 281*pi/337 + 532/337 + 860*E/337)**2/pi	16.1	0.15		
845	Bertrand's constant	none	46	false positive	12	pi/(-834/389 + 88*GoldenRatio/389 + 186*E/389 + 370*pi/389)	16.3	0.05		
846	root half pi	elementary	64	exact	6	sqrt(2)*sqrt(pi)/2	63.9	0.05		Sqrt[Pi/2]
847	Khinchin-Lévy sum constant	special	64	rational fallback	1	125774688694437/100000000000000	15.5	0.48		Sum[Log[1 + \[FormalK]]/(\[FormalK]*(1 + \[FormalK])), {\[FormalK], 1, Infinity}]
848	Cube root of 2	algebraic	64	false positive	16	sqrt(-773*GoldenRatio/813 - 775/813 + 313*E/271 + 949*pi/813)*exp(-1/2)	16.7	0.10		2^(1/3)
849	limiting length appearing in the asymptotic probability involved in the "stick breaking" problem	none	64	rational fallback	1	31526762170767/25000000000000	15.1	0.40		
850	c*sqrt(e/2), a constant associated with Dawson's integral and the asymptotic evaluation of the ideal hyperbolic n-cube v	none	64	false positive	12	GoldenRatio*(-556*pi/899 + 74/899 + 81*GoldenRatio/899 + 825*E/899)	17.0	0.03		
851	fractal dimension of Koch snowflake	elementary	64	false positive	12	(-337*pi/5 - 147/10 + 599*GoldenRatio/10 + 242*E/5)/GoldenRatio	15.7	0.02		Log[4]/Log[3]
852	Vardi constant	special	64	false positive	14	(-173*GoldenRatio/255 - 29/102 + 77*pi/510 + 49*E/30)**2/pi**2	16.5	0.19		ConditionalExpression[Extension`VardiConstant == (Exp[Sum[2^(-1 - \[FormalK])*Log[1 + (-1 + 2*Subscript[\[FormalA], \[FormalK]])^(-2)], {\[FormalK], 1, Infinity}]]*Sqrt[6])/2, Subscript[\[FormalA], 0] == 2 && Subscript[\[FormalA], \[FormalN]] == 1 - Subscript[\[FormalA], -1 + \[FormalN]] + Subscript[\[FormalA], -1 + \[FormalN]]^2]
853	expectation of the maximum of a size 6 sample from a normal (0,1) distribution	none	64	false positive	13	E*(-804*E/991 - 441*GoldenRatio/991 + 254/991 + 989*pi/991)	16.0	0.02		
854	constant c_0 appearing in the asymptotic evaluation of the n-th Lebesgue constant (related to Fourier series) as L_n ~ (	none	64	false positive	13	(-494/763 + 354*E/763 + 49*pi/109 + 673*GoldenRatio/763)*exp(-1)	16.3	0.01		
855	Ramanujan-Forsyth series constant	elementary	64	exact	1	4/pi	63.4	0.01		4/Pi
856	log10(19)	elementary	64	false positive	14	E/(-205*GoldenRatio/219 + 247/876 + 373*pi/876 + 109*E/219)**2	16.1	0.17		Log[10, 19]
857	Glaisher-Kinkelin constant	special	64	false positive	12	GoldenRatio/(-484/525 + 27*pi/175 + 37*GoldenRatio/105 + 218*E/525)	17.0	0.05		Glaisher
858	theta_1, one of the angles associated with the bow-and-arrow configuration used in the 2-arc smallest length problem	none	64	rational fallback	1	128651126763101/100000000000000	14.7	0.45		
859	ln(Gamma(1/4))	special	64	false positive	13	pi*exp(-629*E/900 - 697/900 - 59*GoldenRatio/150 + 77*pi/100)	16.7	0.35		LogGamma[1/4]
860	integral of the q-Pochhammer symbol over -1..1	elementary	64	false positive	13	(-455*GoldenRatio/402 - 8/67 + 55*pi/67 + 425*E/402)*exp(-1)	16.0	0.01		4*Sqrt[3/23]*Pi*(2*Sinh[Sqrt[23]*Pi/6] + Sqrt[2]*Sinh[Sqrt[23]*Pi/4])/(2*Cosh[Sqrt[23]*Pi/3] - 1)
861	second Bernoulli sophomore dream constant	special	64	false positive	11	-464*E/47 - 180/47 + 81*pi/47 + 771*GoldenRatio/47	16.1	0.01		Sum[\[FormalK]^(-\[FormalK]), {\[FormalK], 1, Infinity}]
862	(4/sqrt(Pi))*exp(-gamma/2)*K where K is the Landau-Ramanujan constant and gamma the Euler-Mascheroni constant	none	64	rational fallback	1	129230415712869/100000000000000	15.0	0.45		
863	Salem number of degree 38 (Mossinghoff)	algebraic	64	false positive	12	(-515*E/234 + 31*pi/78 + 320/117 + 439*GoldenRatio/117)/pi	16.4	0.02		Root[#1^38 - #1^36 - #1^34 - #1^29 + #1^28 - #1^24 - #1^14 + #1^10 - #1^9 - #1^4 - #1^2 + 1 &, 4]
865	Mertens constant C(5,4)	none	64	false positive	11	-687*E/299 - 756*GoldenRatio/299 + 790/299 + 856*pi/299	16.5	0.01		
868	Conway's constant	algebraic	64	rational fallback	1	13035772690343/10000000000000	14.6	0.43		Root[-6 + 3*#1 - 6*#1^2 + 12*#1^3 - 4*#1^4 + 7*#1^5 - 7*#1^6 + #1^7 + 5*#1^9 - 2*#1^10 - 4*#1^11 - 12*#1^12 + 2*#1^13 + 7*#1^14 + 12*#1^15 - 7*#1^16 - 10*#1^17 - 4*#1^18 + 3*#1^19 + 9*#1^20 - 7*#1^21 - 8*#1^23 + 14*#1^24 - 3*#1^25 + 9*#1^26 + 2*#1^27 - 3*#1^28 - 10*#1^29 - 2*#1^30 - 6*#1^31 + #1^32 + 10*#1^33 - 3*#1^34 + #1^35 + 7*#1^36 - 7*#1^37 + 7*#1^38 - 12*#1^39 - 5*#1^40 + 8*#1^41 + 6*#1^42 + 10*#1^43 - 8*#1^44 - 8*#1^45 - 7*#1^46 - 3*#1^47 + 9*#1^48 + #1^49 + 6*#1^50 + 6*#1^51 - 2*#1^52 - 3*#1^53 - 10*#1^54 - 2*#1^55 + 3*#1^56 + 5*#1^57 + 2*#1^58 - #1^59 - #1^60 - #1^61 - #1^62 - #1^63 + #1^64 + 2*#1^65 + 2*#1^66 - #1^67 - 2*#1^68 - #1^69 + #1^71 & , 3, 0]
869	Mills' constant	special	64	false positive	13	(-35/877 + 236*E/877 + 649*GoldenRatio/877 + 464*pi/877)*exp(-1)	16.3	0.01		ConditionalExpression[Extension`MillsConstant == \[FormalX], ForAll[\[FormalN], Element[\[FormalN], Integers] && \[FormalN] > 0, Element[Floor[\[FormalX]^3^\[FormalN]], Primes]] && ForAll[Subscript[\[FormalX], 1], Subscript[\[FormalX], 1] < \[FormalX], Exists[\[FormalN], Element[\[FormalN], Integers] && \[FormalN] > 0, NotElement[Floor[Subscript[\[FormalX], 1]^3^\[FormalN]], Primes]]]]
870	first lemniscate constant	special	64	false positive	13	exp(-531*pi/404 - 443/404 + 114*GoldenRatio/101 + 617*E/404)/GoldenRatio	16.1	0.35		Gamma[1/4]^2/(4*Sqrt[2*Pi])
871	Khinchin mean K_{-3}	none	64	false positive	14	GoldenRatio**2*(-68*E/135 + 32*pi/945 + 523/945 + 92*GoldenRatio/105)**2	16.2	0.20		
872	3^(1/4)	algebraic	64	exact	2	3**(1/4)	63.5	0.05		3^(1/4)
873	extended twin prime conjecture constant	special	64	false positive	12	pi/(-301*E/125 - 767/375 + 997*GoldenRatio/375 + 796*pi/375)	16.2	0.06		2*Product[1 - (-1 + Prime[\[FormalK]])^(-2), {\[FormalK], 2, Infinity}]
874	Plastic ratio	algebraic	64	false positive	16	sqrt(GoldenRatio)/sqrt(-662*E/133 - 101*pi/133 + 801/133 + 127*GoldenRatio/19)	16.6	0.13		(27/2 - (3*Sqrt[69])/2)^(1/3)/3 + ((9 + Sqrt[69])/2)^(1/3)/3^(2/3)
875	pi^(1/4)	elementary	64	false positive	11	-558*E/223 + 116*pi/223 + 303*GoldenRatio/223 + 959/223	16.6	0.01		Pi^(1/4)
876	constant B3 (or B_3) related to the Mertens constant	none	64	false positive	14	(-109*GoldenRatio/85 - 17*E/35 + 458/595 + 851*pi/595)**2/GoldenRatio**2	16.9	0.20		
877	imaginary part of the solution of z = log z	special	64	false positive	12	pi/(-3*E/22 + 233/660 + 3*pi/11 + 14*GoldenRatio/15)	16.3	0.05		Im[ProductLog[-1]]
878	monomer-dimer constant	special	64	false positive	15	sqrt(-5*GoldenRatio/2 - 17*pi/18 + 539/54 + 34*E/9)*exp(-1)	16.4	0.06		E^(Catalan/Pi)
879	totient product constant	special	64	false positive	13	pi/(-41*pi/755 - 6*E/151 + 229/755 + 703*GoldenRatio/755)**2	16.3	0.23		Product[1 + 1/((-1 + Prime[\[FormalK]])*Prime[\[FormalK]]^2), {\[FormalK], 1, Infinity}]
880	zeta(5/2)	special	64	false positive	11	-831*E/118 + 251/59 + 140*pi/59 + 320*GoldenRatio/59	16.3	0.01		Zeta[5/2]
881	entropy constant related to A063443	none	18	exact	13	log(1/(-144*pi/43 + 71*E/172 + 131/43 + 703*GoldenRatio/172))	17.4	0.30		
882	'b', an auxiliary constant associated with the asymptotic probability of success in the full information version of the 	none	64	false positive	13	GoldenRatio/log(-985/69 + 32*pi/69 + 73*E/69 + 566*GoldenRatio/69)	16.3	0.26		
883	Davis constant	special	64	false positive	11	-325*E/36 - 241*GoldenRatio/72 - 5/72 + 719*pi/72	16.6	0.01		Pi^2/(8*Catalan)
884	'xi', a constant related to the second order quadratic recurrence q(0)=q(1)=1, q(n)=q(n-2)*(q(n-1)+1)	none	64	false positive	12	(-25/42 - 83*GoldenRatio/336 + 53*pi/672 + 59*E/84)**2	16.1	0.14		
885	mean number of iterations in comparing two numbers via their continued fractions	none	64	false positive	14	E*(-133*E/44 - 431/110 + 271*GoldenRatio/110 + 31*pi/11)**2	16.4	0.15		
886	expectation of the maximum of a size 7 sample from a normal (0,1) distribution	none	64	false positive	11	-342*E/757 - 785/757 + 207*GoldenRatio/757 + 765*pi/757	16.4	0.01		
887	'c', an asymptotic constant related to a variation of the "Secretary problem" with a uniform distribution	none	64	false positive	14	(-83*GoldenRatio/630 - 17/210 + 41*pi/630 + 457*E/630)**2/GoldenRatio**2	17.2	0.19		
888	Gamma(2/3)	special	64	rational fallback	1	1692647424283/1250000000000	15.5	0.41		Gamma[2/3]
889	golden spiral constant	elementary	64	false positive	15	E/sqrt(-758*GoldenRatio/63 - 284/63 + 29*E/63 + 536*pi/63)	17.2	0.09		GoldenRatio^(2/Pi)
890	Pippenger product constant	elementary	64	exact	2	E/2	64.0	0.00		E/2
891	log10(23)	elementary	64	false positive	14	GoldenRatio/sqrt(-476*pi/159 + 569/318 + 347*GoldenRatio/159 + 643*E/318)	16.6	0.09		Log[10, 23]
892	log e^π	elementary	64	false positive	12	(-33/10 - 37*pi/65 + 133*GoldenRatio/65 + 29*E/13)/pi	16.2	0.02		Log10[E^Pi]
894	Shallit's constant	none	64	rational fallback	1	136945140399377/100000000000000	16.4	0.40		
895	Hardy-Littlewood conjecture constant	special	64	false positive	12	GoldenRatio*(-365*GoldenRatio/714 - 47/357 + 13*E/102 + 166*pi/357)	17.3	0.04		Inactive[Product][1 - (-1)^((-1 + Prime[\[FormalK]])/2)/(-1 + Prime[\[FormalK]]), {\[FormalK], 2, Infinity}]
896	sum of 1/(p-1)^2 over all primes p	none	64	false positive	13	E*(-297*GoldenRatio/35 - 50*E/21 + 569/105 + 73*pi/15)	16.2	0.02		
897	Kneser-Mahler β constant	special	64	rational fallback	1	2762712889037/2000000000000	14.8	0.43		Exp[(9 - PolyGamma[1, 2/3] + PolyGamma[1, 4/3])/(4*Pi*Sqrt[3])]
898	arccosh(8)/2 = ln((3 + sqrt 7)/sqrt 2)	elementary	64	rational fallback	1	138432969165679/100000000000000	14.7	0.40		ArcCosh[8]/2
899	ln(4)	elementary	64	false positive	14	GoldenRatio**2*(-235*pi/482 - 143/964 + 193*E/482 + 393*GoldenRatio/482)**2	16.5	0.22		Log[4]
901	Gamma(1/4)^4/(4*Pi^3)	special	64	rational fallback	1	17415049121071/12500000000000	14.6	0.42		Gamma[1/4]^4/(4*Pi^3)
902	hard hexagon entropy constant	algebraic	64	false positive	12	pi/(-669*GoldenRatio/904 - 427/904 + 255*E/452 + 687*pi/904)	17.5	0.07		Root[-32751691810479015985152 + 97143135277377575190528*#1^4 - 73347491183630103871488*#1^6 - 71220809441400405884928*#1^8 + 107155448150443388043264*#1^10 - 72405670285649161617408*#1^12 + 2958015038376958230528*#1^14 + 7449488310131083100160*#1^16 + 797726698866658379776*#1^18 + 2505062311720673792*#1^20 + 2013290651222784*#1^22 + 25937424601*#1^24 &, 2]
903	e^(1/3)	elementary	64	exact	2	exp(1/3)	64.0	0.31		E^(1/3)
904	unique solution of the equation sum_(p prime)(1/p^x) = 1, a constant related to the asymptotic evaluation of the number 	none	64	false positive	13	E/(-485*pi/69 - 315/23 + 367*E/69 + 992*GoldenRatio/69)	16.7	0.04		
905	Myrberg point	none	64	rational fallback	1	28023103781841/20000000000000	15.4	0.43		
906	L = Integral_{t=0..1} 1/(1-2t^2/3) dt, an auxiliary constant associated with one of the integral inequalities studied by	elementary	64	false positive	14	pi*sqrt(-203*E/610 - 341*GoldenRatio/610 - 3/610 + 391*pi/610)	17.0	0.08		Sqrt[3/2]*ArcTanh[Sqrt[2/3]]
907	complex Grothendieck constant upper bound	special	64	false positive	14	pi/sqrt(-704/305 - 11*pi/305 + 499*GoldenRatio/305 + 536*E/305)	16.4	0.10		(-EllipticE[-1] + 2*EllipticK[-1])^(-1)
908	1 + 1/(1*3) + 1/(1*3*5) + 1/(1*3*5*7) + 	special	64	rational fallback	1	28213722692849/20000000000000	14.8	0.43		Sqrt[E*Pi/2] * Erf[1/Sqrt[2]]
909	Pythagoras constant	algebraic	64	false positive	11	-886*GoldenRatio/347 - 934/347 + 273*pi/347 + 736*E/347	16.2	0.01		Sqrt[2]
910	inverse of carefree constant	special	64	false positive	12	(-811*GoldenRatio/913 + 240/913 + 293*pi/913 + 456*E/913)**2	16.4	0.13		Product[1 + (-1 + Prime[\[FormalK]] + Prime[\[FormalK]]^2)^(-1), {\[FormalK], 1, Infinity}]
911	Sum_{m >= 0, m not a binary self number} 2^(-m)	none	64	false positive	14	exp(-1)*log(-259*pi/18 + 719/36 + 377*E/36 + 989*GoldenRatio/36)	16.3	0.23		
912	expectation of the maximum of a size 8 sample from a normal (0,1) distribution	none	64	false positive	14	sqrt(-868*E/153 + 886/153 + 302*pi/153 + 826*GoldenRatio/153)/GoldenRatio	17.0	0.06		
913	'eta', a constant related to the second order quadratic recurrence q(0)=q(1)=1, q(n)=q(n-2)*(q(n-1)+1)	none	64	false positive	12	(-565*E/294 - 493/294 + 92*GoldenRatio/49 + 289*pi/147)/GoldenRatio	16.3	0.02		
914	exp(sqrt(Pi/24))	elementary	64	false positive	10	1/log(-673/751 + 96*pi/751 + 691*E/751)	16.4	0.27		Exp[Sqrt[Pi/24]]
915	first Lebesgue constant	elementary	64	false positive	16	sqrt(-207*E/272 - 245/408 + 787*GoldenRatio/816 + 485*pi/816)*exp(1/2)	17.6	0.11		1/3 + (2*Sqrt[3])/Pi
916	Cube root of 3	algebraic	64	exact	2	3**(1/3)	63.5	0.41		3^(1/3)
917	log2(e)	elementary	64	false positive	16	sqrt(pi)/sqrt(-977/59 - 282*E/59 + 488*GoldenRatio/59 + 332*pi/59)	16.6	0.13		1/Log[2]
918	Steiner number	elementary	64	false positive	12	(-68*pi/667 - 5/23 + 218*E/667 + 819*GoldenRatio/667)/GoldenRatio	16.4	0.02		E^E^(-1)
919	Khinchin mean K_{-2}	none	64	rational fallback	1	145034032849563/100000000000000	15.6	0.44		
920	Soldner constant	special	64	false positive	13	E/(-52*E/55 + 676/935 + 507*GoldenRatio/935 + 846*pi/935)	16.5	0.04		Root[{LogIntegral[#1] & , 1.4513692348833810502839684858920274494930322836480158630931`30.}]
921	Backhouse's constant	special	64	false positive	12	(-53/90 + pi/30 + 199*GoldenRatio/315 + 53*E/90)**2/pi	16.3	0.15		ConditionalExpression[Extension`BackhouseConstant == Limit[Abs[Subscript[\[FormalQ], 1 + \[FormalN]]/Subscript[\[FormalQ], \[FormalN]]], \[FormalN] -> Infinity], Sum[\[FormalZ]^\[FormalK]*Subscript[\[FormalQ], \[FormalK]], {\[FormalK], 0, Infinity}] == (1 + Sum[\[FormalZ]^\[FormalK]*Prime[\[FormalK]], {\[FormalK], 1, Infinity}])^(-1)]
922	AGM(1, 2)	special	64	false positive	13	pi*exp(-997*pi/407 - 716/407 + 65*GoldenRatio/37 + 875*E/407)	16.1	0.35		ArithmeticGeometricMean[1, 2]
924	1 - ln(1 - 1/e) (random mappings)	elementary	64	false positive	14	GoldenRatio*sqrt(-548*pi/333 - 992/333 + 527*E/333 + 959*GoldenRatio/333)	17.1	0.08		1 - Log[1 - 1/E]
925	zeta(1/2) (negated)	special	64	rational fallback	1	146035450880959/100000000000000	14.7	0.42		-(Zeta[1/2])
926	Baxter's four-coloring constant	special	64	false positive	16	sqrt(pi)*sqrt(-106*E/91 - 24*GoldenRatio/13 + 116/91 + 23*pi/13)	17.3	0.12		3 Gamma[1/3]^3/(4 Pi^2)
927	position of the positive minimum of the gamma function	special	64	false positive	11	-950/359 - 543*GoldenRatio/359 + 24*pi/359 + 838*E/359	16.1	0.01		Root[{PolyGamma[0, #1] & , 1.46163214496836234126265954233`29.164838085677864}]
928	log10(29)	elementary	64	false positive	14	E/(-724*GoldenRatio/599 - 874/599 + 404*pi/599 + 586*E/599)**2	17.5	0.18		Log[10, 29]
929	cbrt pi	elementary	64	false positive	11	-293*GoldenRatio/91 - 736/273 + 191*E/273 + 649*pi/273	16.1	0.01		Pi^(1/3)
930	Supergolden ratio	algebraic	64	false positive	14	GoldenRatio/sqrt(-855/472 + 8*pi/59 + 179*E/472 + 459*GoldenRatio/472)	16.4	0.10		(1 + (29/2 - (3*Sqrt[93])/2)^(1/3) + ((29 + 3*Sqrt[93])/2)^(1/3))/3
931	Porter's constant	special	64	false positive	13	GoldenRatio/(-920*pi/363 + 287/363 + 159*GoldenRatio/121 + 74*E/33)**2	16.4	0.17		-1/2 + (6*Log[2]*(-2 + 4*EulerGamma + 3*Log[2] - (24*Derivative[1][Zeta][2])/Pi^2))/Pi^2
932	Product_{p prime} (1+1/p)^(1/p), an infinite product considered and computed by Marc Deléglise	none	64	false positive	13	log((313/297 + 431*GoldenRatio/594 + 245*pi/594 + 85*E/66)/GoldenRatio)	16.8	0.27		
933	variance of the degree (valency) of the root of a random rooted tree with n vertices	none	64	false positive	14	sqrt(-439*GoldenRatio/562 + 199/562 + 113*E/281 + 985*pi/562)/GoldenRatio	17.5	0.06		
934	constant C such that Sum_{k>=1} 1/C^p(k) = 1 where p(k) is the k-th prime	none	64	rational fallback	1	14762287836209/10000000000000	14.7	0.45		
935	Landau-Kolmogorov constant C(4,3) for derivatives in the case L_infinity(infinity, infinity)	none	64	false positive	13	E*(-76*pi/173 - 36*E/173 + 70/173 + 223*GoldenRatio/173)	16.4	0.02		
936	coefficient c_md in c_md*log(N)^(1/rho), the asymptotic mean number of distinct factors in a random factorization of n <	none	64	rational fallback	1	18598949645977/12500000000000	14.8	0.40		
937	Bateman-Grosswald constant zeta(2/3)/zeta(2), a constant (negated) arising in the asymptotic evaluation of the number of	special	64	false positive	14	GoldenRatio**2*(-16*E/29 - 560/899 + 509*GoldenRatio/899 + 561*pi/899)**2	16.3	0.22		-(Zeta[2/3] / Zeta[2])
938	smallest positive root of the function lambda(x) = Sum_{n>=0} (-1)^n*x^n/(2^(n*(n-1)/2)*n!)	none	64	false positive	16	sqrt(-131*GoldenRatio/220 - 107*E/880 + 10/11 + 21*pi/55)*exp(1/2)	16.9	0.11		
939	log10(31)	elementary	64	false positive	12	(-473*pi/5 - 407*GoldenRatio/5 - 472/5 + 967*E/5)/GoldenRatio	16.2	0.01		Log[10, 31]
940	Landau-Kolmogorov constant C(5,4) for derivatives in the case L_infinity(-infinity, infinity)	none	64	false positive	12	log(-40*pi - 129/5 - 47*E/5 + 887*GoldenRatio/5)/pi	16.4	0.23		
941	lim_{n -> infinity} A001699(n)^(1/2^n)	none	64	false positive	14	sqrt(95*GoldenRatio/647 + 902/647 + 366*pi/647 + 596*E/647)/GoldenRatio	16.2	0.06		
942	hard square entropy constant	none	44	false positive	14	sqrt(-871/287 - 31*pi/287 + 522*GoldenRatio/287 + 670*E/287)/GoldenRatio	17.0	0.06		
943	Greenfield-Nussbaum constant	none	64	false positive	12	pi/(-166*GoldenRatio/285 - 142/285 + 46*pi/95 + 14*E/19)	16.2	0.05		
944	Selberg-Delange constant Product_{prime p > 2} (1 + 1/(p(p-2)))	none	64	false positive	13	pi*(-743*GoldenRatio/213 - 245*pi/213 - 169/213 + 842*E/213)**2	16.9	0.17		
945	value of Watson's integral	special	64	false positive	14	(-625/296 + 53*GoldenRatio/148 + 95*pi/296 + 137*E/148)**2/GoldenRatio**2	16.5	0.22		Sqrt[6]/32/Pi^3*Gamma[1/24]*Gamma[5/24]*Gamma[7/24]*Gamma[11/24]
946	(Glaisher^12/(2^(4/3) * Pi * e^EulerGamma))^(Pi^2/8)	special	64	false positive	12	pi*(-154*pi/361 - 473/722 - 85*GoldenRatio/722 + 709*E/722)	16.5	0.03		(Glaisher^12/(2^(4/3)Pi E^EulerGamma))^(Pi^2/8)
947	Bateman-Stemmler constant	special	64	rational fallback	1	152173153507571/100000000000000	14.6	0.42		Product[(1 - (2 + KroneckerSymbol[-3, Prime[\[FormalK]]])/Prime[\[FormalK]])/(1 - Prime[\[FormalK]]^(-1))^2, {\[FormalK], 1, Infinity}]
948	equianharmonic Weierstrass elliptic ω_2 constant	special	64	false positive	13	GoldenRatio*log(-133*E/194 + 177*GoldenRatio/776 + 108/97 + 365*pi/388)	16.7	0.24		Gamma[1/3]^3/(4*Pi)
949	exp(7*zeta(3)/(2*Pi^2))	special	64	false positive	14	exp((-868*GoldenRatio/825 + 59*pi/825 + 188/825 + 731*E/825)*exp(-1))	16.7	0.38		Exp[7*Zeta[3]/(2*Pi^2)]
950	Sum_{n>=1} 1/Fibonacci(2*n)	none	64	false positive	14	pi*sqrt(-496*GoldenRatio/27 - 391/27 + 359*pi/54 + 26*E/3)	16.7	0.10		
951	Lieb's square ice constant	algebraic	64	exact	4	8*sqrt(3)/9	63.7	0.05		8/(3*Sqrt[3])
952	Madelung 2D hexagonal lattice constant	special	64	false positive	13	sqrt(-453*pi/922 + 387/922 + 262*GoldenRatio/461 + 438*E/461)	16.8	0.05		(-3 + Sqrt[3])*Zeta[1/2]*(Zeta[1/2, 1/6] + (1 - Sqrt[2])*Zeta[1/2, 1/3])
953	cosh one	elementary	64	false positive	12	(-459*GoldenRatio/485 + 173/970 + 589*E/970 + 7*pi/10)/GoldenRatio	16.4	0.02		Cosh[1]
954	maximal width of a Reuleaux triangle avoiding all vertices of the integer square lattice	none	64	false positive	13	E/(-243*pi/112 + 387*GoldenRatio/448 + 11/7 + 33*E/16)	16.3	0.04		
955	Integral_{x=0..Pi/2} (x^2/sin(x)) dx	special	64	false positive	13	pi/(-917*GoldenRatio/760 - 7*E/380 + 487/380 + 519*pi/760)**2	16.2	0.19		2*Pi*Catalan - 7*Zeta[3]/2
956	D(1/2), where D(x) is the infinite product function defined in the formula section (or in the Finch reference)	none	64	false positive	14	pi/sqrt(241/777 + 263*GoldenRatio/777 + 362*pi/777 + 512*E/777)	16.7	0.09		
957	Calabi ratio	algebraic	64	false positive	12	log(-E/4 + 241/8 + 29*pi/2 + 69*GoldenRatio/2)/pi	16.8	0.26		1/3 + 11/(3*2^(1/3)*(-23 + (3*I)*Sqrt[237])^(1/3)) + (-23 + (3*I)*Sqrt[237])^(1/3)/(3*2^(2/3))
958	sqrt(sqrt(2) + 1)	algebraic	64	false positive	13	sqrt(-577/765 + 74*pi/765 + 109*E/255 + 161*GoldenRatio/153)	16.4	0.05		Sqrt[Sqrt[2] + 1]
959	c, a constant appearing in the asymptotic lower bound of the size of a restricted difference set	none	64	false positive	13	GoldenRatio/log(-987*GoldenRatio/211 - 247*E/211 + 454/211 + 767*pi/211)	16.6	0.28		
960	triangular root of two	algebraic	64	exact	5	-1/2 + sqrt(17)/2	63.5	0.01		(-1 + Sqrt[17])/2
961	log10(37)	elementary	64	false positive	14	(-677*GoldenRatio/219 - 248*E/219 + 36/73 + 187*pi/73)**2*exp(2)	16.3	0.21		Log[10, 37]
962	2*Sum_{k=1..50000} (-1)^(k-1)/(2k-1)	special	64	false positive	13	exp((-968*E/475 - 918/475 + 143*GoldenRatio/95 + 872*pi/475)/GoldenRatio)	17.3	0.36		2*Sum[(-1)^(k - 1)/(2*k - 1), {k, 1, 50000}]
963	Favard constant	elementary	64	exact	1	pi/2	64.0	0.00		Pi/2
964	10^(1/5)	algebraic	64	false positive	13	log(pi/(-848*GoldenRatio/425 + 44*E/425 + 502/425 + 326*pi/425))	16.1	0.34		10^(1/5)
965	Sierpiński triangle fractal dimension	elementary	64	rational fallback	1	39624062518029/25000000000000	14.6	0.45		Log[3]/Log[2]
966	Erdős–Borwein constant	special	64	false positive	15	E/sqrt(-213*pi/115 - 219*GoldenRatio/115 + 211/115 + 84*E/23)	16.5	0.09		(Log[2] - QPolyGamma[0, 1, 1/2])/Log[2]
967	ln(5)	elementary	64	exact	1	log(5)	63.5	0.22		Log[5]
968	exponential primorial constant	none	64	false positive	13	(-963*GoldenRatio/364 + 89*pi/364 + 32/13 + 17*E/14)**2/pi	17.1	0.15		
969	Cbrt[4π/3]	elementary	64	false positive	15	sqrt(-745*E/8 - 201*GoldenRatio/2 + 75/2 + 123*pi)/sqrt(pi)	16.0	0.11		CubeRoot[4*Pi/3]
970	log10(41)	elementary	64	rational fallback	1	80639192835987/50000000000000	14.6	0.44		Log[10, 41]
971	z_tri, a constant related to the enumeration of spanning trees on the triangular lattice (this is different from A242968	none	64	false positive	13	log(-226*E/17 + 84*GoldenRatio/17 + 376/17 + 898*pi/17)/pi	16.4	0.23		
972	Madelung's constant M2	none	64	false positive	12	GoldenRatio*(-507*E/188 - 181*GoldenRatio/47 - 83/47 + 977*pi/188)	16.5	0.03		
973	Golden ratio	algebraic	64	exact	0	GoldenRatio	63.7	0.00		GoldenRatio
974	Odlyzko-Wilf constant	special	64	false positive	16	sqrt(pi)/sqrt(-6*E/25 + 67/575 + 126*pi/575 + 74*GoldenRatio/115)	16.4	0.14		ConditionalExpression[Extension`OdlyzkoWilfConstant == Limit[(2/3)^\[FormalN]*\[FormalS][\[FormalN]], \[FormalN] -> Infinity], \[FormalS][0] == 0 && \[FormalS][\[FormalN]] == 1 + Floor[(3*\[FormalS][-1 + \[FormalN]])/2]]
975	Product_{n>=1} (2n/(2n+1))^((-1)^t(n)), where t(n) = A010060(n) is the Thue-Morse sequence	none	64	false positive	11	-7*E/30 - 319*GoldenRatio/900 + 301/300 + 7*pi/12	16.7	0.01		
976	log10(43)	elementary	64	rational fallback	1	163346845557959/100000000000000	14.7	0.42		Log[10, 43]
977	Erdős-Cohen constant	special	64	rational fallback	1	81830816167563/50000000000000	15.3	0.42		Sum[1/(Prime[\[FormalK]]*Log[Prime[\[FormalK]]]), {\[FormalK], 1, Infinity}]
978	2nd Lebesgue constant L2	elementary	64	false positive	14	log(E*(-965*E/793 + 123/793 + 770*GoldenRatio/793 + 879*pi/793))	16.3	0.29		1/5 + Sqrt[25 - 2*Sqrt[5]]/Pi
979	Riemann ζ of 2	elementary	64	exact	2	pi**2/6	63.6	0.03		Pi^2/6
980	Product_{k>=0} (1+1/2^(2k))^(1/2)	special	64	false positive	14	pi**2*(-84*E/157 + 86*GoldenRatio/471 + 289/471 + 143*pi/471)**2	17.2	0.20		Sqrt[Product[1 + 1/2^(2*k), {k, 0, Infinity}]]
981	square root of e	elementary	64	exact	2	exp(1/2)	63.7	0.05		Sqrt[E]
982	minimum value of the function s(t) = (Pi + 2*sqrt(1 + t^2))/(1 + Pi/2 + t) for t > 0	elementary	64	rational fallback	1	165743478264911/100000000000000	15.4	0.43		2(Pi+Pi^2+Sqrt[8+Pi^3+4Pi(3+Sqrt[2+Pi])+Pi^2(7+2Sqrt[2+Pi])])/(4+Pi^2+Pi(4+Sqrt[2+Pi]))
983	Somos' quadratic recurrence constant	special	64	false positive	16	sqrt(GoldenRatio)/sqrt(-107*E/25 + 143*GoldenRatio/125 + 107*pi/125 + 192/25)	17.6	0.13		E^(-Derivative[1, 0][PolyLog][0, 1/2])
984	Hermite's constant gamma_6 = 2/3^(1/6)	algebraic	64	false positive	13	pi*exp(-761*GoldenRatio/285 - 58*pi/57 - 31/285 + 733*E/285)	16.3	0.36		2/3^(1/6)
985	log10(47)	elementary	64	false positive	12	(-559*pi/851 + 90*GoldenRatio/851 + 800/851 + 19*E/23)**2	16.4	0.14		Log[10, 47]
986	a constant related to A000621 and A000624	none	64	rational fallback	1	42034188111047/25000000000000	15.8	0.41		
987	zeta(3/5) * zeta(4/5) * Product_{p prime} (1 - 1/p^(8/5) - 1/p^(9/5) - 1/p^2 + 1/p^(13/5) + 1/p^(14/5))	none	64	rational fallback	1	168244151023593/100000000000000	14.8	0.43		
988	1 + log(2*Pi) - 2*gamma, where gamma is Euler's constant (A001620)	special	64	false positive	15	E*sqrt(-459*pi/488 + 53*GoldenRatio/488 + 499/976 + 119*E/122)	16.4	0.07		1 + Log[2*Pi] - 2*EulerGamma
989	maximal circumradius of a planar convex set containing no lattice point except for the origin where it has its circumcen	none	64	false positive	12	(-683*GoldenRatio/51 - 4/3 + 235*E/51 + 256*pi/51)/pi	16.3	0.02		
990	Sum_{k>=0} 1/A007018(k)	none	64	false positive	16	sqrt(-179*E/119 - 111/34 + 829*GoldenRatio/238 + 719*pi/238)*exp(-1/2)	16.6	0.10		
991	Niven's constant	special	64	false positive	14	(-511*pi/911 + 296*GoldenRatio/911 + 738/911 + 851*E/911)**2/GoldenRatio**2	16.9	0.20		1 + Sum[1 - Zeta[n]^(-1), {n, 2, Infinity}]
992	Pi^2/(12*log(phi))	elementary	64	false positive	14	E*(-100*GoldenRatio/201 - 103*E/804 + 44/67 + 55*pi/134)**2	16.4	0.15		Pi^2/(12*Log[GoldenRatio])
993	log10(53)	elementary	64	false positive	16	sqrt(-440/387 + 358*GoldenRatio/387 + 133*E/129 + 202*pi/129)*exp(-1/2)	16.2	0.10		Log[10, 53]
994	Kalmar ρ composition constant	special	64	false positive	12	1/(-193*GoldenRatio/101 - 283/101 + 2*pi/3 + 488*E/303)	16.4	0.04		Root[{-2 + Zeta[#1] & , 1.7286472389981836181351030103`29.237706376855613}]
995	Theodorus constant	algebraic	64	exact	2	sqrt(3)	63.6	0.00		Sqrt[3]
996	reciprocal of Euler γ	special	64	false positive	14	E*(-635*pi/147 - 163/147 - 47*GoldenRatio/147 + 865*E/147)**2	16.1	0.16		EulerGamma^(-1)
997	1/A347901	none	64	false positive	15	E*sqrt(-143*pi/268 + 5/134 + 129*GoldenRatio/268 + 125*E/268)	16.5	0.07		
998	sqrt(2*Pi)*log(2), a constant associated with asymptotic evaluation of random mapping statistics	elementary	64	false positive	16	sqrt(277/423 + 70*pi/141 + 349*E/423 + 980*GoldenRatio/423)*exp(-1/2)	16.3	0.10		Sqrt[2*Pi]*Log[2]
999	value of a nonregular continued fraction giving tau/(3*tau-1), where tau is the Prouhet-Thue-Morse constant	none	64	false positive	13	(-479*GoldenRatio/38 - 263/19 - 3*pi/19 + 509*E/38)**2/GoldenRatio	15.7	0.15		
1000	'tau' (named sigma_2 by C. Pomerance), a constant associated with the expected number of random elements to generate a f	none	64	false positive	16	sqrt(-305/527 + 29*GoldenRatio/17 + 543*E/527 + 549*pi/527)*exp(-1/2)	16.6	0.10		
1001	Khinchin harmonic mean	special	64	false positive	14	GoldenRatio**2*(-891*E/499 - 136/499 + 128*GoldenRatio/499 + 878*pi/499)**2	16.8	0.21		ConditionalExpression[Extension`KhinchinHarmonicMeanConstant == Limit[\[FormalN]/Sum[Subscript[\[FormalA], \[FormalK]]^(-1), {\[FormalK], 1, \[FormalN]}], \[FormalN] -> Infinity], Element[Subscript[\[FormalA], \[FormalK]], Integers] && Subscript[\[FormalA], \[FormalK]] > 0]
1002	Madelung constant (negated) for NaCl structure	special	64	rational fallback	1	87378229731659/50000000000000	14.9	0.42		12Pi*Sum[ Sech[Pi/2*Sqrt[(2j + 1)^2 + (2k + 1)^2]]^2, {j, 0, 40}, {k, 0, 40}]
1003	continued fraction expansion [1; 1/2, 1/3, 1/4, 1/5, 1/6, ...]	elementary	64	exact	3	1/(-1 + pi/2)	64.0	0.03		2/(Pi - 2)
1004	Feller coin-tossing constant	algebraic	64	false positive	12	GoldenRatio*(-404*GoldenRatio/113 - 100*E/113 + 57*pi/113 + 869/113)	16.4	0.03		(2 + (25 - 3*Sqrt[69])^(1/3)/2^(1/3) + (25 + 3*Sqrt[69])^(1/3)/2^(1/3))/3
1005	nested radical constant	special	64	false positive	16	sqrt(GoldenRatio)*sqrt(-241*E/932 + 55*pi/466 + 128/233 + 975*GoldenRatio/932)	17.3	0.12		Limit[Fold[Sqrt[#1 + #2] & , Sqrt[1 + \[FormalN]], Table[\[FormalI], {\[FormalI], \[FormalN], 1, -1}]], \[FormalN] -> Infinity]
1006	log 180/π	elementary	64	false positive	13	1/log(-603*E/941 + 220/941 + 780*GoldenRatio/941 + 579*pi/941)	16.2	0.27		Log10[180/Pi]
1007	Product_{n>1} (1+1/n)^(1/n)	none	64	false positive	12	GoldenRatio/(-616*E/145 + 496/145 + 158*pi/145 + 504*GoldenRatio/145)	16.7	0.05		
1008	constant x such that x^x = e. Inverse of W(1), where W is Lambert's function	special	64	false positive	13	pi*(-19*pi/324 + 7*GoldenRatio/162 + 61/243 + 73*E/324)**2	16.7	0.16		1/ProductLog[1]
1009	'b', an optimal stopping constant associated with the secretary problem when the objective is to maximize the hiree's ex	none	64	false positive	13	log(E/(-91*GoldenRatio/12 - 41*E/24 + pi/6 + 809/48))	17.5	0.30		
1010	log10(59)	elementary	64	false positive	13	log(-793*pi/12 - 401/6 + 499*GoldenRatio/12 + 248*E/3)/GoldenRatio	16.6	0.25		Log[10, 59]
1011	Sierpiński's S^ (Ŝ or "S hat" as named by S. Finch), a constant appearing in the asymptotics of the number of representa	none	64	false positive	13	log(E/(-139*pi/7 - 13*E/14 + 4 + 531*GoldenRatio/14))	15.7	0.32		
1012	Carlson-Levin constant	elementary	64	exact	2	sqrt(pi)	64.0	0.05		Sqrt[Pi]
1013	angle in radians at the apex of the Calabi triangle	none	64	false positive	14	pi/sqrt(-26/5 - 93*E/50 - 93*GoldenRatio/100 + 237*pi/50)	16.4	0.09		
1014	10^(1/4)	algebraic	64	exact	2	10**(1/4)	63.9	0.06		10^(1/4)
1015	3rd Lebesgue constant L3	elementary	64	rational fallback	1	44458071538147/25000000000000	14.6	0.44		(3*Pi-14*Cos[Pi/14]+70*Cos[3*Pi/14]+154*Sin[Pi/7])/(21*Pi)
1016	exponential of Euler γ	special	64	false positive	9	exp(-609*E - 631 + 175*GoldenRatio + 638*pi)/GoldenRatio	16.2	0.31		E^EulerGamma
1017	conjectured upper bound on Grothendieck's constant	elementary	64	false positive	12	(-503*pi/334 + 845/334 + 270*GoldenRatio/167 + 637*E/334)/pi	16.5	0.02		Pi/(2*Log[1 + Sqrt[2]])
1018	log10(61)	elementary	64	false positive	14	sqrt(-997/144 - 275*GoldenRatio/72 + 361*pi/144 + 719*E/144)/GoldenRatio	16.3	0.07		Log[10, 61]
1019	Silverman constant	special	64	false positive	13	(-698*E/375 - 109*GoldenRatio/375 + 218/375 + 136*pi/75)**(-2)	16.4	0.16		Sum[1/(DivisorSigma[1, \[FormalK]]*EulerPhi[\[FormalK]]), {\[FormalK], 1, Infinity}]
1020	Komornik–Loreti constant	special	64	false positive	16	sqrt(GoldenRatio)/sqrt(-368*pi/293 - 381/586 + 845*GoldenRatio/586 + 597*E/586)	17.0	0.14		Root[{Product[1 - 1/#1^2^\[FormalK], {\[FormalK], 0, Infinity}] - (2 - #1)/(#1 - 1) & , 1.7872316501829659330132`22.252180846784352}]
1021	2D dimer constant	special	64	false positive	13	(-597/980 + 131*E/980 + 283*GoldenRatio/980 + 671*pi/980)**2/pi	16.8	0.16		E^((2*Catalan)/Pi)
1022	ln(6)	elementary	64	false positive	12	(-899*pi/608 + 365/608 + 563*GoldenRatio/608 + 869*E/608)**2	16.5	0.14		Log[6]
1024	Hermite's constant gamma_7 = 2^(6/7)	algebraic	64	exact	2	2**(6/7)	63.9	0.43		2^(6/7)
1025	limit of a recursive sequence connected to the Plastic constant (A060006)	none	64	false positive	13	GoldenRatio*log(-49*pi/429 + 373/858 + 269*GoldenRatio/429 + 313*E/429)	16.5	0.24		
1026	sqrt((3+sqrt(13))/2), a constant related to the asymptotic evaluation of the number of self-avoiding rook paths joining 	algebraic	64	exact	7	sqrt(3/2 + sqrt(13)/2)	64.0	0.06		Sqrt[(3 + Sqrt[13])/2]
1027	Masser-Gramain constant conjectured value	special	64	false positive	14	exp(E*(-169*GoldenRatio/225 - 64*pi/225 - 22/135 + 619*E/675))	16.9	0.37		1 + 2*EulerGamma + 2*Log[2] + 3*Log[Pi] - 4*Log[Gamma[1/4]]
1028	log10(67)	elementary	64	false positive	13	pi/log(-415*E/324 + 167*GoldenRatio/324 + 893/324 + 565*pi/324)	17.0	0.26		Log[10, 67]
1029	two times the Catalan constant	special	64	false positive	13	(-219*E/68 - 447/68 + 169*GoldenRatio/68 + 141*pi/34)**2/GoldenRatio	16.4	0.16		2 Catalan
1030	ln(2 pi)	elementary	64	exact	2	log(2*pi)	64.0	0.22		Log[2*Pi]
1031	Tribonacci constant	algebraic	64	false positive	16	sqrt(GoldenRatio)/sqrt(-88*E/25 - 163/20 + 39*pi/20 + 373*GoldenRatio/50)	16.1	0.14		(1 + (19 - 3*Sqrt[33])^(1/3) + (19 + 3*Sqrt[33])^(1/3))/3
1032	4th Madelung constant (negated)	special	64	false positive	12	1/(-136*GoldenRatio/83 - 956/581 + 299*pi/581 + 689*E/581)	16.4	0.04		8*(5 - 3*Sqrt[2])*Zeta[1/2]*Zeta[-1/2]
1033	Landau-Kolmogorov constant	algebraic	64	false positive	13	GoldenRatio*exp(-205*pi/482 - 61*E/964 + 127/964 + 449*GoldenRatio/482)	16.4	0.33		Sqrt[3]/(2^(1/3)*(-1 + Sqrt[2])^(1/3))
1034	Connective constant	algebraic	64	exact	5	sqrt(sqrt(2) + 2)	63.6	0.05		Sqrt[2 + Sqrt[2]]
1035	log10(71)	elementary	64	false positive	13	exp(-795*E/814 - 125/407 + 323*GoldenRatio/407 + 719*pi/814)/GoldenRatio	16.6	0.33		Log[10, 71]
1036	Integral_{x=0..Pi} (sin(x)/x) dx	special	64	false positive	14	exp(E/(-591/661 + 382*GoldenRatio/661 + 360*E/661 + 608*pi/661))	16.2	0.39		SinIntegral[Pi]
1037	Gauss lemniscate constant	special	64	false positive	16	sqrt(-18*E/97 + 152*GoldenRatio/873 + 82/291 + 335*pi/873)*exp(1/2)	16.7	0.13		Gamma[1/4]^2/(4*Sqrt[Pi])
1038	spiral of Theodorus constant	special	64	rational fallback	1	186002507922119/100000000000000	15.8	0.43		Sum[1/((1 + \[FormalK])*Sqrt[\[FormalK]]), {\[FormalK], 1, Infinity}]
1039	log10(73)	elementary	64	false positive	13	exp(pi/(-227*E/122 - 803/244 + 531*GoldenRatio/244 + 767*pi/244))	17.6	0.39		Log[10, 73]
1040	expected reciprocal Euclidean distance between two random points in the unit cube	none	64	false positive	14	pi/sqrt(-57*E/199 - 135/199 + 181*GoldenRatio/597 + 713*pi/597)	16.3	0.10		
1041	log10(79)	elementary	64	false positive	15	E/sqrt(-319/268 - 71*pi/268 + 83*E/134 + 99*GoldenRatio/67)	16.5	0.09		Log[10, 79]
1043	Boyd constant	special	64	rational fallback	1	190814562681279/100000000000000	14.6	0.46		Exp[(9 - PolyGamma[1, 2/3] + PolyGamma[1, 4/3])/(2*Pi*Sqrt[3])]
1044	M_5, the 5-dimensional analog of Madelung's constant (negated)	none	32	false positive	14	log((-301/193 + 196*pi/193 + 611*GoldenRatio/193 + 823*E/193)*exp(-1))	16.8	0.27		
1045	6/π	elementary	64	exact	1	6/pi	63.8	0.01		6/Pi
1046	tetrahedral bond angle	elementary	64	false positive	16	sqrt(259/346 + 265*E/692 + 181*GoldenRatio/173 + 267*pi/346)/sqrt(GoldenRatio)	16.7	0.10		ArcCos[-1/3]
1047	log10(83)	elementary	64	false positive	14	(-417*E/170 - 447/340 + 101*GoldenRatio/68 + 851*pi/340)**2*exp(-1)	16.4	0.14		Log[10, 83]
1048	tetranacci constant	algebraic	64	false positive	14	E*(-874/799 - 305*GoldenRatio/799 + 338*E/799 + 21*pi/47)**2	16.4	0.16		Root[-1 - #1 - #1^2 - #1^3 + #1^4 & , 2]
1050	Omega prime-generating constant	none	64	false positive	13	sqrt(-49*pi/31 - 3*GoldenRatio + 619/31 + 303*E/31)/pi	18.8	0.07		
1051	first moment of the reciprocal gamma distribution	none	64	false positive	13	GoldenRatio*log(-634*GoldenRatio/113 - 218*E/113 + 107/113 + 600*pi/113)	16.4	0.25		
1052	Euler totient A constant	special	64	false positive	13	GoldenRatio*log(-218*pi/365 - 21/365 + 83*GoldenRatio/73 + 459*E/365)	17.1	0.24		(315*Zeta[3])/(2*Pi^4)
1053	ln(7)	elementary	64	false positive	14	GoldenRatio**2*(-23*GoldenRatio/20 - 121*pi/780 - 33/130 + 497*E/390)**2	16.5	0.20		Log[7]
1054	C_4, a constant related to sharp inequalities for the product of 4 polynomials, which was introduced by David Boyd	none	64	false positive	14	pi/sqrt(-487*pi/218 + 161/109 + 601*GoldenRatio/436 + 237*E/109)	16.3	0.10		
1055	log10(89)	elementary	64	false positive	12	(-885/242 - 186*GoldenRatio/121 + 59*E/242 + 447*pi/121)/pi	17.1	0.02		Log[10, 89]
1056	Z score	special	64	false positive	13	(-155*GoldenRatio/48 + 115/192 + 71*pi/192 + 207*E/64)*exp(-1)	16.7	0.01		Sqrt[2]*InverseErf[19/20]
1057	reciprocal Lucas constant	special	64	false positive	13	GoldenRatio/(-239*E/449 - 755/898 + 395*GoldenRatio/898 + 355*pi/449)**2	16.5	0.18		(-1 + EllipticTheta[3, 0, GoldenRatio^(-2)]^2)/4 + (7*Log[GoldenRatio] - Log[1 + GoldenRatio^2] - QPolyGamma[0, 1, GoldenRatio^(-4)] + 4*QPolyGamma[0, 1, GoldenRatio^(-2)] - 4*QPolyGamma[0, 1, GoldenRatio^(-1)])/(4*Log[GoldenRatio])
1058	M_6, the 6th Madelung constant	none	64	false positive	13	GoldenRatio/(-346*pi/461 + 67*E/461 + 340*GoldenRatio/461 + 773/461)**2	16.4	0.18		
1059	pentanacci constant	algebraic	64	false positive	13	exp(GoldenRatio/(-37*pi/554 - 51/277 + 311*GoldenRatio/554 + 383*E/554))	16.3	0.39		Root[-1 - #1 - #1^2 - #1^3 - #1^4 + #1^5 & , 1]
1060	C_5, a constant related to sharp inequalities for the product of 5 polynomials, which was introduced by David Boyd	none	64	false positive	15	sqrt(-59*GoldenRatio/51 + 56/51 + 487*E/102 + 266*pi/51)*exp(-1)	16.5	0.06		
1061	C_6, a constant related to sharp inequalities for the product of 6 polynomials, which was introduced by David Boyd	none	64	false positive	14	sqrt(-239*GoldenRatio/38 - 82/57 + 439*E/114 + 413*pi/114)/GoldenRatio	16.4	0.06		
1062	Gamma''(1)	none	64	rational fallback	1	39562239813119/20000000000000	14.6	0.43		
1063	hexanacci constant	algebraic	64	rational fallback	1	198358284342433/100000000000000	14.7	0.43		Root[-1 - #1 - #1^2 - #1^3 - #1^4 - #1^5 + #1^6 & , 2]
1064	log10(97)	elementary	64	false positive	16	sqrt(-345*GoldenRatio/181 + 477/362 + 147*pi/181 + 373*E/181)/sqrt(GoldenRatio)	16.3	0.10		Log[10, 97]
1065	heptanacci constant	algebraic	64	false positive	16	sqrt(-153*E/878 - 18*pi/439 + 301/878 + 933*GoldenRatio/878)*exp(1/2)	16.8	0.11		Root[-1 - #1 - #1^2 - #1^3 - #1^4 - #1^5 - #1^6 + #1^7 & , 1]
1066	integral_{x=0..Infinity} 1/x^x dx	none	64	rational fallback	1	99772797875007/50000000000000	15.0	0.42		
1067	Two	rational	64	exact	0	2	64.0	0.00		2
1068	M_7, the 7-dimensional analog of Madelung's constant (negated)	none	64	false positive	13	log((-29*GoldenRatio/8 + 203/92 + 421*E/184 + 559*pi/184)/GoldenRatio)	16.6	0.29		
1069	Sierpiński's S~ (S "tilde" as named by S. Finch), a constant appearing in the asymptotics of the number of representatio	none	64	false positive	12	sqrt(-465*GoldenRatio/452 + 429/452 + pi/2 + 267*E/226)	16.3	0.05		
1070	solution to the Lane-Emden equation for a sphere of polytropic index n = 3	none	32	false positive	14	sqrt(GoldenRatio)*sqrt(-918*GoldenRatio/211 + 320*E/211 + 365*pi/211)	16.0	0.11		
1071	least x > 0 satisfying x + tan(x) = 0	none	64	false positive	16	sqrt(pi)/sqrt(-269*E/261 - 115*GoldenRatio/522 + 425/261 + 127*pi/174)	16.2	0.13		
1072	figure-eight knot hyperbolic volume	special	64	false positive	13	sqrt(-59*pi/13 + 433/156 + 125*GoldenRatio/26 + 449*E/156)	16.2	0.06		((-2*Pi^2 + 3*PolyGamma[1, 1/3])*Sqrt[3])/9
1073	QRS associated constant	special	64	false positive	13	GoldenRatio*log(-369*E/563 + 358/563 + 658*GoldenRatio/563 + 498*pi/563)	16.3	0.26		Zeta[3/2, Root[{Zeta[1/2, #1/2] & , 0.605443657196732749478922842447`29.782073733759695}]/2]/4
1074	'beta', a constant appearing in the random links Traveling Salesman Problem	none	64	rational fallback	1	204154818641213/100000000000000	14.9	0.41		
1075	Lüroth analog of Lévy constant	special	64	false positive	16	sqrt(18/19 + 41*GoldenRatio/38 + 89*pi/133 + 409*E/133)/sqrt(pi)	16.2	0.11		Sum[Log[\[FormalK]*(1 + \[FormalK])]/(\[FormalK]*(1 + \[FormalK])), {\[FormalK], 1, Infinity}]
1076	M_8, the 8th Madelung constant (negated)	none	64	false positive	13	exp(pi/(-365/527 + 193*GoldenRatio/527 + 157*pi/527 + 685*E/527))	17.1	0.40		
1077	semi-meander critical exponent	algebraic	64	false positive	12	GoldenRatio*(-536*pi/489 + 302*GoldenRatio/489 + 617/489 + 147*E/163)	16.0	0.03		1 + (Sqrt[11]*(Sqrt[5] + Sqrt[29]))/24
1078	one div ln phi	elementary	64	exact	2	1/log(GoldenRatio)	64.0	0.26		1/Log[GoldenRatio]
1079	ln(8)	elementary	64	exact	1	log(8)	63.6	0.22		Log[8]
1080	two thirds pi	elementary	64	exact	2	2*pi/3	64.0	0.00		2*Pi/3
1081	Wallis's constant	algebraic	64	rational fallback	1	209455148154233/100000000000000	14.8	0.41		(135/2 - (3*Sqrt[1929])/2)^(1/3)/3 + ((45 + Sqrt[1929])/2)^(1/3)/3^(2/3)
1082	Brown-Wang constant	special	64	rational fallback	1	211023396612157/100000000000000	15.0	0.41		With[{\[FormalLambda] = Root[{(1 + #1)*Pi - Tan[#1*Pi] & , 0.43029665312420275777`20.}]}, Root[{(1 + \[FormalLambda])*Pi*((#1 - 1)*PolyGamma[1 + (#1 - 1)/2] - 2*#1*PolyGamma[1 + #1/2] + (#1 + 1)*PolyGamma[1 + (#1 + 1)/2]) - 2*Sin[\[FormalLambda]*Pi] & , 2.11023396612157219646682815666`30.}]]
1083	'sigma', a constant associated with the expected number of random elements to generate a finite abelian group	none	64	rational fallback	1	26480707043377/12500000000000	14.8	0.43		
1084	'a', an auxiliary constant associated with the asymptotic probability of success in the secretary problem when the numbe	none	64	false positive	14	pi*sqrt(-347*pi/196 - 333/196 + 895*GoldenRatio/392 + 145*E/98)	16.1	0.10		
1085	Jacobi theta function theta_2(0, 1/2) where theta_2 is the 2nd Jacobi theta function	special	64	false positive	11	-530*E/121 - 899/121 + 356*pi/121 + 914*GoldenRatio/121	16.0	0.01		EllipticTheta[2,0,1/2]
1086	Jacobi theta function theta_3(0, 1/2) where theta_3 is the 3rd Jacobi theta function	special	64	false positive	16	sqrt(pi)*sqrt(-541*GoldenRatio/163 - 276/163 + 183*E/163 + 283*pi/163)	17.1	0.12		EllipticTheta[3,0,1/2]
1087	pi^(2/3)	elementary	64	false positive	13	pi*log(11*E/789 + 149*GoldenRatio/789 + 298/789 + 316*pi/789)	16.2	0.26		Pi^(2/3)
1088	10^(1/3)	algebraic	64	exact	2	10**(1/3)	63.8	0.44		10^(1/3)
1090	Erdős-Szekeres constant	special	64	false positive	14	pi**2*(-992*GoldenRatio/839 - 692/839 + 256*E/839 + 635*pi/839)**2	16.2	0.21		Zeta[3/2]/Zeta[3]
1091	K = exp(8*G/(3*Pi)), a Kneser-Mahler constant related to an asymptotic inequality involving Bombieri's supremum norm, wh	special	64	false positive	13	exp(pi/(-325*E/12 - 241*GoldenRatio/24 - 5/24 + 719*pi/24))	16.8	0.39		Exp[8*Catalan/(3*Pi)]
1092	normalized asymptotic mean of omega(m) when m is one of the values <= n taken by Euler's phi totient function	none	64	false positive	11	-317*E/183 + 68*GoldenRatio/549 + 917/549 + 878*pi/549	16.1	0.01		
1093	a constant related to series-reduced trees	none	64	rational fallback	1	43789239713217/20000000000000	15.6	0.42		
1094	'theta', the expected degree (valency) of the root of a random rooted tree with n vertices	none	64	rational fallback	1	219183740319713/100000000000000	14.8	0.41		
1095	e^(pi/4)	elementary	64	false positive	13	pi**2/(-29/382 - E/191 + 419*GoldenRatio/764 + 161*pi/382)**2	16.0	0.22		E^(Pi/4)
1096	ln(9)	elementary	64	false positive	13	GoldenRatio/sqrt(-67*E/147 - 424/441 - pi/49 + 85*GoldenRatio/49)	16.1	0.09		Log[9]
1097	Lüroth analog of Khinchin constant	special	64	false positive	11	-113/41 + 107*E/328 + 155*pi/328 + 131*GoldenRatio/82	16.6	0.01		Product[\[FormalK]^(1/(\[FormalK]*(1 + \[FormalK]))), {\[FormalK], 1, Infinity}]
1098	totient constant	special	64	false positive	13	(-227*pi/250 - 583/250 + 27*GoldenRatio/10 + 313*E/125)*exp(-1)	16.0	0.01		Sum[1/(\[FormalK]*EulerPhi[\[FormalK]]), {\[FormalK], 1, Infinity}]
1099	Pi/2 + 2/Pi	elementary	64	false positive	13	(-317*E/776 - 29/97 + 59*GoldenRatio/776 + 121*pi/194)**(-2)	16.4	0.17		Pi/2 + 2/Pi
1100	pi(2)^(-1/2)	elementary	64	exact	4	sqrt(2)*pi/2	63.7	0.03		Pi*2^(-1/2)
1101	y_3, the third of four non-explicit constants recursively derived from Khintchine's [Khinchin's] constant	none	64	false positive	12	GoldenRatio/(-446*GoldenRatio/553 - 39/79 + 218*E/553 + 256*pi/553)	16.1	0.04		
1102	D(1), where D(x) is the infinite product function defined in the formula section (or in the Finch reference)	special	64	false positive	13	pi/log(-503*E/754 + 269/377 + 645*GoldenRatio/754 + 35*pi/29)	16.6	0.27		Glaisher^6/(2^(1/6)*Sqrt[Pi])
1103	Sqrt 5	algebraic	64	exact	2	-1 + 2*GoldenRatio	63.7	0.00		Sqrt[5]
1104	Takeuchi-Prellberg constant	special	25	false positive	13	E*(-329*E/467 - 202/467 - 71*GoldenRatio/467 + 508*pi/467)	16.3	0.02		ConditionalExpression[Extension`TakeuchiPrellbergConstant == Limit[Subscript[\[FormalCapitalT], \[FormalN]]/(BellB[\[FormalN]]*Exp[ProductLog[\[FormalN]]^2/2]), \[FormalN] -> Infinity], Subscript[\[FormalCapitalT], 0] == 0 && Subscript[\[FormalCapitalT], 1] == 1 && Subscript[\[FormalCapitalT], 2] == 4 && Subscript[\[FormalCapitalT], 3] == 14 && Subscript[\[FormalCapitalT], \[FormalN]] == Sum[Binomial[2*\[FormalK], \[FormalK]]/(1 + \[FormalK]), {\[FormalK], 1, \[FormalN]}] + Sum[Subscript[\[FormalCapitalT], -1 - \[FormalK] + \[FormalN]]*(2*Binomial[-1 + \[FormalK] + \[FormalN], \[FormalK]] - Binomial[\[FormalK] + \[FormalN], \[FormalK]]), {\[FormalK], 0, -2 + \[FormalN]}]]
1105	Sierpiński's second constant, K2 = lim_{n->oo} ((1/n) * (Sum_{i=1..n} A004018(i^2)) - 4/Pi * log(n))	special	64	false positive	13	exp((-595*E/698 + 449/698 + 240*GoldenRatio/349 + 417*pi/698)/GoldenRatio)	16.5	0.37		4(12 Log[Gamma[3/4]]-9 Log[Pi]+72 Log[Glaisher]-5 Log[2]+3 EulerGamma-3)/(3 Pi)
1106	Integral_{0..oo} 1/Gamma(1+x) dx, a variation of the Fransén-Robinson constant	none	64	false positive	14	log((-164*E/7 - 395/14 + 179*GoldenRatio/7 + 171*pi/7)*exp(-1))	17.2	0.29		
1107	Landau-Kolmogorov constant C(4,1) for derivatives in L_2(0, infinity)	none	64	false positive	14	sqrt(-487*GoldenRatio/202 - 344/101 + 701*E/202 + 367*pi/101)/GoldenRatio	16.1	0.06		
1108	1/A240969	none	64	false positive	15	E/sqrt(-45*pi/58 - 209/493 + 995*GoldenRatio/986 + 481*E/493)	16.7	0.09		
1109	first Foias constant	special	64	false positive	12	log((-75*E/127 + 346/127 + 861*GoldenRatio/254 + 3*pi)/GoldenRatio)	16.0	0.27		Root[{-(1 + 1/#1)^#1 + #1 & , 2.29316628741186103150802829125000000000007305694139121664`29.360435548444247}]
1110	zeta(2)*zeta(3)*zeta(4)*	none	64	false positive	13	exp((-743*E/631 + 128*GoldenRatio/631 + 782/631 + 598*pi/631)/GoldenRatio)	16.3	0.37		
1111	Universal parabolic constant	elementary	64	rational fallback	1	1793427460463/781250000000	15.1	0.45		Sqrt[2] + ArcSinh[1]
1112	product_{n>=1} (n/(n+1))^((-1)^t(n)), a probabilistic counting constant, where t(n) = A010060(n) is the Thue-Morse seque	none	64	false positive	13	log(1/(-477*pi/409 + 225/818 + 485*E/818 + 949*GoldenRatio/818))	16.1	0.31		
1113	logarithm of 10	elementary	64	exact	1	log(10)	64.0	0.21		Log[10]
1114	y_1, the first of four non-explicit constants recursively derived from Khintchine's [Khinchin's] constant	none	64	false positive	14	(-91*GoldenRatio/20 - 69*E/28 + 181/35 + 29*pi/7)**2*exp(-2)	16.3	0.19		
1115	Klarner-Rivest polyomino constant	none	64	false positive	16	sqrt(-758/61 + 23*E/61 + 93*GoldenRatio/61 + 341*pi/61)/sqrt(GoldenRatio)	16.2	0.10		
1116	3D lattice sum analog of Euler γ	special	64	false positive	13	log(GoldenRatio*(-530*pi/47 - 569*GoldenRatio/47 + 645/47 + 822*E/47))	16.2	0.30		(-4*Pi)/3 + (19*Log[2])/2 - 4*Sum[((3 + 3*(-1)^\[FormalM] + (-1)^(\[FormalM] + \[FormalN]))*Csch[Pi*Sqrt[\[FormalM]^2 + \[FormalN]^2]])/Sqrt[\[FormalM]^2 + \[FormalN]^2], {\[FormalM], 1, Infinity}, {\[FormalN], 1, Infinity}]
1117	constant 1 + B3 (or 1 + B_3) related to the Mertens constant	none	64	rational fallback	1	116629113786661/50000000000000	15.4	0.41		
1118	Ti_2(2+sqrt(3)), where Ti_2 is the inverse tangent integral function	none	64	rational fallback	1	116726879265617/50000000000000	15.3	0.42		
1119	three quarters pi	elementary	64	exact	2	3*pi/4	64.0	0.00		3*Pi/4
1120	monomer-dimer triangular constant	special	64	false positive	16	sqrt(pi)/sqrt(-593*E/327 + 51*pi/109 + 392*GoldenRatio/327 + 682/327)	16.2	0.13		Exp[Integrate[Log[6 + 2*Cos[\[FormalT]] + 2*Cos[\[FormalPhi]] + 2*Cos[\[FormalT] + \[FormalPhi]]], {\[FormalT], -Pi, Pi}, {\[FormalPhi], -Pi, Pi}]/(8*Pi^2)]
1121	pi^(3/4)	elementary	64	false positive	13	log(pi*(-361*pi/36 - 389/72 + 125*GoldenRatio/36 + 51*E/4))	17.6	0.32		Pi^(3/4)
1122	Pi^2/(6*log 2)	elementary	64	false positive	13	(-332*pi/241 - 381*GoldenRatio/241 + 991/241 + 488*E/241)**2/pi	16.3	0.15		Pi^2/(6*Log[2])
1123	c = (7-sqrt(5))/2	algebraic	64	exact	1	4 - GoldenRatio	63.9	0.00		4 - GoldenRatio
1124	ln(11)	elementary	64	false positive	14	(-495*pi/13 - 639/13 - 72*GoldenRatio/13 + 862*E/13)**2/GoldenRatio**2	16.0	0.21		Log[11]
1125	asymptotic evaluation of the constrained maximum of a certain quadratic form	none	64	false positive	16	sqrt(GoldenRatio)*sqrt(70*GoldenRatio/711 + 310/711 + 17*pi/79 + 199*E/237)	16.1	0.12		
1126	Narcissus constant	special	64	false positive	12	GoldenRatio*(-54*E/73 - 609/584 + 239*GoldenRatio/292 + 597*pi/584)	16.6	0.03		Root[{1 + #1 - #1^(-1 + #1) & , 2.39838438278161142938900277955804885011`20.5225995583442}]
1127	Golden angle	elementary	64	exact	3	pi*(4 - 2*GoldenRatio)	64.0	0.03		(2*Pi)/GoldenRatio^2
1128	2*zeta(3)	special	64	false positive	14	pi*sqrt(-552*E/245 - 242*GoldenRatio/245 + 103/49 + 484*pi/245)	16.6	0.08		2*Zeta[3]
1129	first zero of the Bessel function J_0(z)	special	64	false positive	14	exp(E*(-703*GoldenRatio/829 - 413*E/829 + 803/829 + 549*pi/829))	16.2	0.38		BesselJZero[0, 1]
1130	solution to the Lane-Emden equation for a sphere of polytropic index n = 2	none	32	false positive	15	E/sqrt(-891*E/271 + 442/271 + 281*pi/271 + 891*GoldenRatio/271)	16.1	0.10		
1131	Silver ratio	algebraic	64	exact	3	1 + sqrt(2)	64.0	0.00		1 + Sqrt[2]
1132	c = 2.4149..., a random mapping statistics constant such that the asymptotic expectation of the maximum rho length (grap	none	20	rational fallback	1	120745051185881/50000000000000	14.8	0.41		
1133	prod_{n>=1} (1 + 1/n^3) = cosh(sqrt(3) pi/2)/pi	elementary	64	rational fallback	1	242818979209887/100000000000000	15.9	0.44		Cosh[Sqrt[3]*Pi/2]/Pi
1134	a constant related to the asymptotic evaluation of the Lebesgue constants L_n	none	64	rational fallback	1	244132381369483/100000000000000	14.7	0.41		
1135	theta = 2.472548..., an auxiliary constant used to compute the best constant in Friedrichs' inequality in one dimension	none	64	false positive	12	(-272*pi/103 - 557*GoldenRatio/206 + 727/206 + 498*E/103)/GoldenRatio	16.5	0.02		
1136	A1*B1, the average number of non-isomorphic semisimple rings of any order, where A1 is Product_{m>1} zeta(m) and B1 is P	none	64	false positive	16	sqrt(pi)*sqrt(-24*GoldenRatio/47 - 69*pi/470 + 142/235 + 231*E/235)	16.3	0.12		
1137	Feigenbaum alpha	none	64	false positive	13	log(pi/(-289*E/608 - 79*pi/304 + 3/8 + 187*GoldenRatio/152))	16.1	0.31		
1138	root two pi	elementary	64	false positive	13	E*(-727*E/830 + 617/830 + 55*GoldenRatio/83 + 393*pi/830)	16.1	0.02		Sqrt[2*Pi]
1139	100^(1/5)	algebraic	64	false positive	14	(-604/567 - 73*E/189 - 209*GoldenRatio/567 + 961*pi/567)**2*exp(-1)	17.2	0.15		100^(1/5)
1140	a constant related to identity trees	none	64	false positive	13	E*(-182*GoldenRatio/183 + 89*pi/732 + 421/732 + 425*E/732)	16.7	0.03		
1141	doubly infinite sum N_3 = Sum_{i,j,k = -inf..inf} (-1)^(i+j+k)/(i^2+j^2+k^2), a lattice constant analog of Madelung's co	none	64	rational fallback	1	50387123041789/20000000000000	14.7	0.41		
1142	sqrt(2)*exp(2*G/Pi), where G = A006752	special	64	false positive	14	sqrt(-153*E/235 + 427*GoldenRatio/235 + 841/235 + 902*pi/235)/GoldenRatio	17.0	0.07		Sqrt[2]*Exp[2Catalan/Pi]
1143	a variant of the Komornik-Loreti constant	none	64	false positive	12	GoldenRatio/(-217*pi/221 - 475/884 + 71*GoldenRatio/68 + 209*E/221)	16.2	0.05		
1144	(Glaisher^12/(2*Pi*e^EulerGamma))^(Pi^2/6)	special	64	false positive	13	E*(-833*pi/711 + 556/711 + 608*GoldenRatio/711 + 214*E/237)	17.7	0.02		(Glaisher^12/(2Pi E^EulerGamma))^(Pi^2/6)
1145	ln(13)	elementary	64	exact	1	log(13)	63.9	0.21		Log[13]
1146	exp(gamma)/log(2), a conjectural constant related to the asymptotic counting of Mersenne primes, where gamma is Euler's 	special	64	false positive	15	E*sqrt(-100*pi/49 - 55*GoldenRatio/343 + 439/343 + 793*E/343)	16.2	0.07		Exp[EulerGamma]/Log[2]
1147	Sierpiński's constant	special	64	false positive	14	(-16/19 - 2*pi/13 + 753*GoldenRatio/988 + 997*E/988)**2*exp(-1)	16.9	0.17		Pi*(2*EulerGamma - Log[Pi] + 4*Log[Gamma[3/4]])
1148	Barban constant	special	64	false positive	13	sqrt(-44*pi/9 - 44*GoldenRatio/15 + 209*E/45 + 128/9)	16.2	0.05		Product[1 + (-1 + 3*Prime[\[FormalK]]^2)/(Prime[\[FormalK]]*(1 + Prime[\[FormalK]])*(-1 + Prime[\[FormalK]]^2)), {\[FormalK], 1, Infinity}]
1149	twenty-vertex entropy constant	algebraic	64	exact	4	3*sqrt(3)/2	64.0	0.01		(3*Sqrt[3])/2
1150	golden root	algebraic	64	exact	1	1 + GoldenRatio	63.9	0.00		2 + 2*Cos[(2*Pi)/5]
1151	Lemniscate constant	special	64	rational fallback	1	65551438857303/25000000000000	16.1	0.45		Gamma[1/4]^2/(2*Sqrt[2*Pi])
1153	positive root of the equation 13x^4 - 7x^2 - 581 = 0	algebraic	64	false positive	16	exp(1/2)/sqrt(-91*E/124 - 13*pi/124 + 247/372 + 943*GoldenRatio/744)	16.5	0.14		Sqrt[1/26*(7+Sqrt[30261])]
1154	sqrt(2) + sqrt(3/2)	algebraic	64	false positive	12	GoldenRatio*(-239*GoldenRatio/450 + 13*pi/100 + 9*E/25 + 331/300)	16.1	0.03		Sqrt[2] + Sqrt[3/2]
1155	sqrt(7)	algebraic	64	exact	2	sqrt(7)	64.0	0.01		Sqrt[7]
1156	Gelfond-Schneider constant	elementary	64	false positive	15	sqrt(-501*pi/50 + 879/50 + 394*GoldenRatio/25 + 376*E/25)*exp(-1)	16.6	0.06		2^Sqrt[2]
1157	Gamma(1/3)	special	64	false positive	14	(-145*pi/207 - 119/414 + 67*GoldenRatio/138 + 39*E/46)**2*exp(2)	16.4	0.19		Gamma[1/3]
1158	coefficient 'gamma' (see formula) appearing in Otter's result concerning the asymptotics of T_n, the number of non-isomo	none	64	false positive	14	E*(-833*GoldenRatio/797 - 442/797 + 293*pi/797 + 611*E/797)**2	16.0	0.17		
1159	Khinchin's constant	special	64	false positive	13	GoldenRatio/log(-307*GoldenRatio/208 + 7*E/26 + 81*pi/208 + 235/104)	16.2	0.26		Khinchin
1160	Landau-Kolmogorov constant C(5,1) for derivatives in L_2(0, infinity)	none	64	false positive	13	GoldenRatio*exp(-77*pi/107 + 18*E/107 + 500*GoldenRatio/749 + 926/749)	16.7	0.32		
1161	Euler number	elementary	64	exact	1	E	64.0	0.00		E
1162	pi sqrt(3)/2	elementary	64	exact	4	sqrt(3)*pi/2	64.0	0.04		Pi*Sqrt[3]/2
1163	log e^(2π)	elementary	64	false positive	12	(-33/5 - 74*pi/65 + 266*GoldenRatio/65 + 58*E/13)/pi	16.2	0.02		Log10[E^(2*Pi)]
1164	Sum_{k>=1} sigma(k)/2^k where sigma(k) is the sum of divisors of k, 1 <= d <= k	special	64	false positive	12	(-295/734 + 425*GoldenRatio/367 + 963*E/734 + 837*pi/734)/pi	16.2	0.02		Sum[n/(2^n - 1), {n, 1, 500}]
1165	Ramanujan nested radical constant	algebraic	64	false positive	13	(-703/693 + GoldenRatio/231 + 151*pi/693 + 779*E/693)**2*exp(-1)	18.0	0.14		(2 + Sqrt[5] + Sqrt[15 - 6*Sqrt[5]])/2
1166	a constant related to A006196	none	64	false positive	14	GoldenRatio*sqrt(-573*GoldenRatio/233 - 202*pi/233 + 609/233 + 598*E/233)	16.3	0.08		
1167	C_{1/2}, a constant related to Kolmogorov's inequalities	special	64	rational fallback	1	55728157187427/20000000000000	14.9	0.41		Gamma[1/4]^2/(Pi*Gamma[3/4]^2)
1168	(1/sqrt(Pi) + e*erfc(-1))/2	special	64	false positive	12	GoldenRatio/(-847*GoldenRatio/342 - 205/114 + 92*E/171 + 268*pi/171)	16.5	0.04		(1/Sqrt[Pi]+E Erfc[-1])/2
1169	'xi', an optimal stopping auxiliary constant associated with the two choice case	none	64	rational fallback	1	55879953052031/20000000000000	15.5	0.40		
1170	2*Pi*phi(0), a constant appearing in connection with a study of zeros of the integral of xi(z), where phi(t) and xi(z) a	none	64	false positive	12	1/(-153*E/137 - 237/137 - 194*GoldenRatio/411 + 770*pi/411)	16.1	0.04		
1171	Fransén–Robinson constant	special	64	false positive	14	1/sqrt(-41*E/85 - 276*pi/935 + 702/935 + 933*GoldenRatio/935)	16.2	0.08		Integrate[Gamma[x]^(-1), {x, 0, Infinity}]
1172	Murata constant	special	64	false positive	13	GoldenRatio*(-500*E/513 - 214/513 + 269*pi/513 + 869*GoldenRatio/513)**2	17.2	0.17		Product[1 + (-1 + Prime[\[FormalK]])^(-2), {\[FormalK], 1, Infinity}]
1173	ln(17)	elementary	64	exact	1	log(17)	64.0	0.21		Log[17]
1174	Born's basic potential Pi_0	none	64	false positive	14	GoldenRatio**2*(-68*GoldenRatio/279 + 43/558 + 25*E/279 + 11*pi/31)**2	16.3	0.20		
1175	constant appearing in the variance for searching in a digital tree	none	64	rational fallback	1	71109579202919/25000000000000	14.9	0.45		
1176	Hardy-Littlewood prime triples constant	special	64	false positive	12	GoldenRatio*(-497*pi/65 - 59/130 + 929*GoldenRatio/130 + 27*E/5)	16.2	0.03		(9*Product[((-3 + Prime[\[FormalK]])*Prime[\[FormalK]]^2)/(-1 + Prime[\[FormalK]])^3, {\[FormalK], 3, Infinity}])/2
1177	(diagonal)/(shortest side) of 2nd electrum rectangle	none	64	exact	6	sqrt(2*sqrt(3) + 5)	63.8	0.05		
1178	a second variant of the Komornik-Loreti constant	none	64	false positive	12	GoldenRatio/(-452*E/707 - 186*GoldenRatio/707 + 176/707 + 556*pi/707)	16.3	0.04		
1179	ln(19)	elementary	64	false positive	13	pi*(-653*pi/244 + 53*E/61 + 190/61 + 147*GoldenRatio/61)**2	16.1	0.16		Log[19]
1180	Otter's rooted tree constant	none	64	false positive	12	(-207*E/346 - 321/346 + 699*GoldenRatio/346 + 224*pi/173)/GoldenRatio	16.7	0.02		
1181	Landau-Kolmogorov constant C(4,2) for derivatives in L_2(0, infinity)	none	64	false positive	16	sqrt(GoldenRatio)/sqrt(-742*pi/227 - 521*GoldenRatio/227 + 981/227 + 822*E/227)	16.9	0.13		
1182	B, a constant related to the Goh-Schmutz constant and the asymptotic expected order of a random permutation	none	64	rational fallback	1	29904703993719/10000000000000	14.8	0.41		
1183	oloid volume constant	special	64	false positive	13	exp(-374*pi/351 - 125/117 + 82*GoldenRatio/117 + 70*E/39)/GoldenRatio	16.2	0.31		(2*(2*EllipticE[3/4] + EllipticK[3/4]))/3
1184	Landau-Kolmogorov constant C(3,1) for derivatives in the case L_infinity(0, infinity)	algebraic	64	false positive	14	(-621*pi/197 - 89*GoldenRatio/197 + 475/197 + 807*E/197)**2*exp(-1)	16.6	0.14		(243/8)^(1/3)
1185	sqrt(480)/7	algebraic	64	exact	4	4*sqrt(30)/7	64.0	0.08		Sqrt[480]/7
1186	ln(23)	elementary	64	false positive	12	1/(-942*GoldenRatio/187 - 280*E/187 - 57/17 + 86*pi/17)	16.2	0.04		Log[23]
1187	Ramanujan's π-approximation constant	elementary	64	false positive	0	pi	16.2	0.00		Log[262537412640768000]/Sqrt[163]
1188	Pi	elementary	64	exact	0	pi	64.0	0.00		Pi
1189	mean value over all positive integers of a function giving the least quadratic nonresidue modulo a given odd integer (th	none	64	false positive	13	exp((-838/791 - 42*GoldenRatio/113 + 181*pi/791 + 814*E/791)/GoldenRatio)	16.6	0.35		
1190	10^(1/2)	algebraic	64	exact	2	sqrt(10)	64.0	0.00		10^(1/2)
1191	C = log(2*Pi) + B_3 (where B_3 is A083343), one of Euler totient constants	none	64	false positive	12	pi/(-80*pi/37 + 397/259 + 300*GoldenRatio/259 + 417*E/259)	17.2	0.05		
1192	plate constant	special	64	false positive	14	exp(2)/(-87*GoldenRatio/118 - 73*E/177 - 83/354 + 917*pi/708)**2	16.1	0.22		ConditionalExpression[Extension`PlateConstant == \[FormalX], BesselI[1, \[FormalX]]*BesselJ[0, \[FormalX]] + BesselI[0, \[FormalX]]*BesselJ[1, \[FormalX]] == 0 && 3 < \[FormalX] < 7/2]
1193	square of the constant A130834	special	64	false positive	14	GoldenRatio*sqrt(-477*pi/79 - 447*GoldenRatio/79 + 687/79 + 679*E/79)	16.5	0.08		Exp[4*Catalan/Pi]
1194	1 + sqrt(5)	algebraic	64	exact	1	2*GoldenRatio	63.9	0.00		1 + Sqrt[5]
1195	Pálfy's constant c_3	elementary	64	false positive	14	GoldenRatio**2*(-353*pi/486 - 383/243 + 43*GoldenRatio/162 + 406*E/243)**2	16.1	0.21		5/3 + Log[9, 32]
1196	rayleigh kurtosis	elementary	64	false positive	13	(-426*E/23 - 90*GoldenRatio/23 + 362/23 + 633*pi/46)**2/GoldenRatio	16.7	0.15		(32 - 3*Pi^2)/(4 - Pi)^2
1197	silver root	algebraic	64	false positive	13	exp((-487/981 - 8*GoldenRatio/109 + 115*pi/327 + 511*E/981)/GoldenRatio)	16.4	0.35		2 + 2*Cos[(2*Pi)/7]
1198	Lévy's constant 2	elementary	64	rational fallback	1	327582291872181/100000000000000	15.5	0.44		E^(Pi^2/(12*Log[2]))
1199	a constant related to A000620, A000622, A000623 and A000625	none	64	false positive	14	GoldenRatio*sqrt(-77*E/956 + 19/239 + 311*GoldenRatio/478 + 489*pi/478)	16.3	0.07		
1200	y_2, the second of four non-explicit constants recursively derived from Khintchine's [Khinchin's] constant	none	64	rational fallback	1	165192109815359/50000000000000	15.1	0.41		
1201	sqrt(11)	algebraic	64	exact	2	sqrt(11)	64.0	0.00		Sqrt[11]
1202	average value of the Yekutieli-Mandelbrot parameter, that is the average number of maximal subtrees of an ordered binary	special	64	false positive	14	(-17*E/8 - 217/132 + 439*GoldenRatio/264 + 815*pi/264)**2*exp(-2)	16.4	0.19		2*Catalan/(Pi*Log[2])+5/2
1203	Reciprocal Fibonacci constant	special	64	false positive	13	(-118*pi - 887*GoldenRatio/4 + 761/4 + 401*E/2)**2/pi**2	15.7	0.19		(Sqrt[5]*(EllipticTheta[2, 0, GoldenRatio^(-2)]^2 + (Log[5] + 2*QPolyGamma[0, 1, GoldenRatio^(-4)] - 4*QPolyGamma[0, 1, GoldenRatio^(-2)])/(2*Log[(1 + Sqrt[5])/2])))/4
1204	van der Corput constant	special	64	false positive	12	GoldenRatio*(-97*E/76 + 79*pi/380 + 549*GoldenRatio/380 + 243/95)	16.2	0.03		With[{\[FormalX] = Root[{Cos[#1]*FresnelS[Sqrt[1 - (2*#1)/Pi]] + FresnelC[Sqrt[1 - (2*#1)/Pi]]*Sin[#1] & , -0.726643246813242509590219555941985563257278933469994008688`30.}]}, 2*(Cos[\[FormalX]]*FresnelC[Sqrt[1 - (2*\[FormalX])/Pi]] - FresnelS[Sqrt[1 - (2*\[FormalX])/Pi]]*Sin[\[FormalX]])*Sqrt[Pi]]
1205	ln(29)	elementary	64	exact	1	log(29)	64.0	0.22		Log[29]
1206	Magata constant	special	64	false positive	16	sqrt(-90*GoldenRatio/41 - 116/123 + 144*pi/41 + 554*E/123)/sqrt(GoldenRatio)	16.5	0.11		ConditionalExpression[Extension`MagataConstant == Limit[Sum[Subscript[\[FormalC], \[FormalK]], {\[FormalK], 1, \[FormalN]}], \[FormalN] -> Infinity], Sum[Subscript[\[FormalC], \[FormalK]]*Product[-1 - \[FormalJ] + \[FormalM], {\[FormalJ], 0, -1 + \[FormalK]}], {\[FormalK], 0, -1 + \[FormalN]}] == Prime[\[FormalM]] && \[FormalM] <= \[FormalN]]
1207	meander critical exponent	algebraic	64	exact	5	sqrt(145)/12 + 29/12	64.0	0.01		(29 + Sqrt[145])/12
1208	ln(31)	elementary	64	false positive	14	exp(2)/(-564/757 - 279*GoldenRatio/757 + 225*E/757 + 482*pi/757)**2	16.8	0.24		Log[31]
1209	y_4, the last of four non-explicit constants recursively derived from Khintchine's [Khinchin's] constant	none	64	false positive	13	pi/(-645/539 - 41*E/539 + 27*pi/539 + 733*GoldenRatio/539)**2	16.7	0.18		
1210	1 + sqrt(6)	algebraic	64	exact	3	1 + sqrt(6)	64.0	0.01		1+Sqrt[6]
1211	best constant K for the integral inequality integral_{0..1} f(x)^2*f'(x)^2 dx <= K*integral_{0..1} f'(x)^4 dx	none	64	false positive	13	(-62*GoldenRatio/13 - 22*E/13 + 661/78 + 329*pi/78)*exp(-1)	16.8	0.01		
1212	Product_{k>=1} (1-1/2^k)^(-1)	special	64	false positive	13	sqrt(-42*E/29 + 297*GoldenRatio/116 + 205*pi/116 + 723/116)	16.3	0.05		1/QPochhammer[1/2, 1/2]
1213	square root of 12	algebraic	64	exact	3	2*sqrt(3)	64.0	0.01		Sqrt[12]
1214	C, a coin tossing constant related to the asymptotic variance of the length of the longest run of consecutive heads	elementary	64	false positive	14	exp(E*(-289/108 - 121*E/324 + 7*pi/54 + 125*GoldenRatio/54))	16.2	0.36		1/12 + Pi^2/(6*Log[2]^2)
1215	gamma = 8*lambda^2, a critical threshold of a boundary value problem, where lambda is Laplace's limit constant A033259	none	64	false positive	13	E/(-33*pi/41 - 571*GoldenRatio/574 + 268/287 + 60*E/41)	17.1	0.04		
1216	infinite product constant	special	64	false positive	12	GoldenRatio/(-308*E/145 + 248/145 + 79*pi/145 + 252*GoldenRatio/145)	16.7	0.04		Product[(1 + \[FormalK]^(-1))^\[FormalK]^(-1), {\[FormalK], 1, Infinity}]
1217	log 10800/π	elementary	64	false positive	13	(-161*pi/12 - 91/12 + 131*GoldenRatio/18 + 35*E/2)*exp(-1)	16.6	0.01		Log10[10800/Pi]
1218	accumulation point of the logistic map	none	64	false positive	14	(-659*GoldenRatio/336 + 5/21 + 295*E/336 + 38*pi/21)**2*exp(-2)	16.6	0.19		
1219	sqrt(13)	algebraic	64	exact	2	sqrt(13)	64.0	0.00		Sqrt[13]
1220	4*(8 - 4*sqrt(2) - log(2))/(2*sqrt(2) - 1)	elementary	64	false positive	14	sqrt(-978/29 + 378*GoldenRatio/29 + 467*pi/29 + 967*E/29)/pi	16.7	0.07		4(8-4Sqrt[2]-Log[2])/(2Sqrt[2]-1)
1221	ln(37)	elementary	64	false positive	16	sqrt(GoldenRatio)*sqrt(-590*E/287 + 61/41 + 283*GoldenRatio/287 + 965*pi/287)	16.6	0.11		Log[37]
1222	2 + phi, with the golden section phi from A001622	algebraic	64	exact	1	GoldenRatio + 2	64.0	0.00		2 + GoldenRatio
1223	Gamma(1/4)	special	64	false positive	16	sqrt(-533/204 + 5*GoldenRatio/102 + 117*pi/34 + 325*E/68)/sqrt(GoldenRatio)	16.5	0.12		Gamma[1/4]
1224	'theta', the unique positive root of the equation polygamma(x) = log(Pi), where polygamma(x) gives gamma'(x)/gamma(x), t	none	64	false positive	13	(-50*E/511 + 13/511 + 41*pi/73 + 585*GoldenRatio/511)**2/pi	16.3	0.15		
1225	(65 + 9*sqrt(3))/22	algebraic	64	exact	6	9*sqrt(3)/22 + 65/22	64.0	0.01		(65+9Sqrt[3])/22
1226	Sum_{n>=1} prime(n)/(2^n)	special	64	false positive	13	GoldenRatio*exp(-335*E/696 - 25*pi/116 + 647/696 + 269*GoldenRatio/232)	17.1	0.33		Sum[Prime[i]/2^i,{i,1000}]
1227	ln(41)	elementary	64	false positive	12	(-94*E/321 - 23*pi/214 + 189/214 + 144*GoldenRatio/107)**2	16.3	0.14		Log[41]
1228	ln(43)	elementary	64	false positive	16	sqrt(-466*pi/37 + 260*E/37 + 803/37 + 988*GoldenRatio/37)/sqrt(pi)	17.8	0.11		Log[43]
1229	ln(47)	elementary	64	false positive	15	sqrt(GoldenRatio)*sqrt(-315*pi/43 - GoldenRatio/86 + 365/43 + 375*E/43)	16.4	0.12		Log[47]
1230	an optimal stopping constant related to the Secretary problem	none	64	false positive	16	sqrt(GoldenRatio)/sqrt(-756/187 - 72*pi/187 + 139*E/187 + 386*GoldenRatio/187)	16.6	0.15		
1231	2D lattice sum analog of Euler γ	special	64	false positive	13	(-502*pi/491 + 14/491 + 255*GoldenRatio/491 + 877*E/491)**2/GoldenRatio	17.5	0.14		-2*Zeta[1/2]*(Zeta[1/2, 1/4] - Zeta[1/2, 3/4])
1232	-zeta'(1/2)	special	64	false positive	13	pi/log(-613*pi/378 - 92/189 + 73*GoldenRatio/189 + 37*E/14)	16.6	0.30		-Derivative[1][Zeta][1/2]
1233	ln(53)	elementary	64	false positive	16	sqrt(GoldenRatio)*sqrt(162/229 + 257*GoldenRatio/229 + 509*E/458 + 306*pi/229)	16.5	0.11		Log[53]
1234	1000^(1/5)	algebraic	64	false positive	15	sqrt(-101*GoldenRatio/22 + 133/22 + 113*E/22 + 366*pi/11)*exp(-1)	16.2	0.06		1000^(1/5)
1236	ln(59)	elementary	64	false positive	12	(-333*pi/355 + 708/355 + 125*GoldenRatio/71 + 614*E/355)/GoldenRatio	16.2	0.02		Log[59]
1237	ln(61)	elementary	64	false positive	13	E*(-524*pi/107 - 426*GoldenRatio/107 + 937/107 + 574*E/107)	16.9	0.03		Log[61]
1238	sqrt(17)	algebraic	64	exact	2	sqrt(17)	64.0	0.00		Sqrt[17]
1239	sqrt(2*Pi*e)	elementary	64	false positive	16	sqrt(-889*GoldenRatio/18 - 64*E/9 + 245/6 + 493*pi/18)/sqrt(GoldenRatio)	16.4	0.10		Sqrt[2Pi E]
1240	Hardy-Littlewood prime quadruples constant	special	64	false positive	14	sqrt(-851/17 - 115*E/17 + 912*GoldenRatio/17 + 821*pi/17)/pi	17.2	0.07		(27*Product[((-4 + Prime[\[FormalK]])*Prime[\[FormalK]]^3)/(-1 + Prime[\[FormalK]])^4, {\[FormalK], 3, Infinity}])/2
1241	four thirds pi	elementary	64	exact	2	4*pi/3	64.0	0.00		4*Pi/3
1242	ln(67)	elementary	64	false positive	12	pi*(-125*E/128 - 29/128 + 89*GoldenRatio/256 + 149*pi/128)	16.1	0.03		Log[67]
1243	(4*sqrt(2)*Pi^2)/gamma(1/4)^2	special	64	false positive	14	sqrt(-171*E/4 - 121*GoldenRatio/8 - 65/4 + 853*pi/8)/pi	15.9	0.09		(4*Sqrt[2]*Pi^2)/Gamma[1/4]^2
1244	ln(71)	elementary	64	false positive	16	sqrt(-479*GoldenRatio/167 - 65*pi/167 + 258/167 + 676*E/167)*exp(1/2)	17.0	0.13		Log[71]
1245	Pi*e/2	elementary	64	exact	3	E*pi/2	64.0	0.02		(Pi*E)/2
1246	ln(73)	elementary	64	false positive	12	GoldenRatio/(-692*GoldenRatio/671 - 347*E/671 + 830/671 + 43*pi/61)	16.3	0.05		Log[73]
1247	asymptotic value of the second raw moment of the maximal exponent in the prime factorizations of n (A051903)	special	64	false positive	13	(-534/871 - 64*GoldenRatio/871 + 35*pi/67 + 554*E/871)**2/GoldenRatio	16.0	0.14		1 + Sum[(2*j - 1)*(1 - 1/Zeta[j]), {j, 2, 400}]
1248	Korn constant	rational	64	exact	1	56/13	64.0	0.00		56/13
1249	alpha, the unique solution on [2,oo) of the equation alpha*log((2*e)/alpha)=1	special	64	false positive	13	1/log(-409*pi/893 + 341*GoldenRatio/893 + 685/893 + 432*E/893)	16.3	0.26		-1/ProductLog[-1/(2*E)]
1250	sqrt(19)	algebraic	64	exact	2	sqrt(19)	64.0	0.01		Sqrt[19]
1251	ln(79)	elementary	64	exact	1	log(79)	64.0	0.22		Log[79]
1252	Hayman constant	special	64	false positive	13	log((-452*GoldenRatio/5 + 26*pi/5 + 152/5 + 643*E/5)/pi)	16.2	0.29		Gamma[1/4]^4/(4*Pi^2)
1253	ln(83)	elementary	64	exact	1	log(83)	64.0	0.22		Log[83]
1254	pi(2)^(1/2)	elementary	64	exact	3	sqrt(2)*pi	64.0	0.03		Pi*2^(1/2)
1255	ln(89)	elementary	64	false positive	11	-163*pi/410 + 178/205 + 949*GoldenRatio/820 + 226*E/205	16.4	0.01		Log[89]
1256	Freiman constant	algebraic	64	false positive	13	exp((-106*E/169 + 109/169 + 157*pi/507 + 61*GoldenRatio/39)/GoldenRatio)	16.0	0.36		(2221564096 + 283748*Sqrt[462])/491993569
1257	Van der Pauw constant	elementary	64	false positive	12	pi*(-362*E/691 + 578/691 + 370*GoldenRatio/691 + 256*pi/691)	16.1	0.03		Pi/Log[2]
1258	Gasper constant	algebraic	64	false positive	14	exp(E/(-93*pi/235 + 74*E/705 + 848/705 + 673*GoldenRatio/705))	16.0	0.38		Root[-1134 - 3780*#1 - 5013*#1^2 - 3247*#1^3 - 948*#1^4 - 14*#1^5 + 55*#1^6 + 9*#1^7 & , 1]
1259	ln(97)	elementary	64	exact	1	log(97)	64.0	0.23		Log[97]
1260	2ln(10)	elementary	64	false positive	14	(-281*E/349 + 85*pi/349 + 487/349 + 755*GoldenRatio/349)**2/GoldenRatio**2	16.0	0.18		2*Log[10]
1261	100^(1/3)	algebraic	64	exact	2	10**(2/3)	64.0	0.42		100^(1/3)
1262	Product_{p prime} (1 + 1/p^(4/3) + 1/p^(5/3))	none	64	rational fallback	1	232963306125033/50000000000000	15.2	0.41		
1263	Feigenbaum delta	none	64	false positive	14	E/log(-183*E/32 + 13*pi/48 + 157/96 + 881*GoldenRatio/96)	16.0	0.25		
1264	3pi/2	elementary	64	exact	2	3*pi/2	64.0	0.00		3*Pi/2
1265	rod constant	special	64	false positive	15	E/sqrt(-222*pi/727 - 152*GoldenRatio/727 + 119*E/727 + 860/727)	16.3	0.09		Root[{-1 + Cos[#1]*Cosh[#1] & , 4.730040744862704026`19.67486488179338}]
1266	sqrt(23)	algebraic	64	exact	2	sqrt(23)	64.0	0.00		Sqrt[23]
1267	John constant lower bound	special	64	false positive	16	sqrt(-249*pi/14 - 135/14 + 17*E/2 + 498*GoldenRatio/7)/sqrt(pi)	16.3	0.11		I^(-I)
1268	two-arc beam detection constant	special	64	false positive	12	pi/(-45*pi/26 - 15*E/13 + 55/104 + 43*GoldenRatio/8)	16.6	0.05		ConditionalExpression[Extension`TwoArcApproximationBeamDetectionConstant == -2*\[FormalA] - \[FormalB] + 2*Pi - Cos[\[FormalB]/2] + Sec[\[FormalB]/2] + 2*Tan[\[FormalA]/2] + Sin[\[FormalB]/2]*Tan[\[FormalA]/2], \[FormalA] == 4*ArcTan[Sqrt[\[FormalC]]] && \[FormalB] == 2*ArcSin[2*Cos[\[FormalA]]] && \[FormalB] == 2*ArcSin[2*Cos[\[FormalA]]] && \[FormalC] == Root[1 + 65*\[FormalX] - 2139*\[FormalX]^2 + 20476*\[FormalX]^3 - 78054*\[FormalX]^4 + 126214*\[FormalX]^5 - 78054*\[FormalX]^6 + 20476*\[FormalX]^7 - 2139*\[FormalX]^8 + 65*\[FormalX]^9 + \[FormalX]^10, \[FormalX], 4]]
1269	second moment of the reciprocal gamma distribution	none	64	false positive	16	sqrt(GoldenRatio)*sqrt(-281*GoldenRatio/251 + 812/251 + 547*E/251 + 568*pi/251)	16.7	0.12		
1270	unique solution > 1 of the equation x*log(x)=2(x-1)	none	64	false positive	16	sqrt(-746*E/71 + 547*GoldenRatio/71 + 944/71 + 949*pi/71)/sqrt(GoldenRatio)	16.1	0.12		
1271	xi_3 = 5*G, the volume of an ideal hyperbolic cube, where G is Gieseking's constant	none	64	false positive	14	exp(E*(-965*E/328 - 99*GoldenRatio/164 + 843/328 + 731*pi/328))	17.1	0.37		
1272	'lambda', a Sobolev isoperimetric constant related to the "rod inequality", arising from the elasticity study of a rod t	none	64	false positive	13	E/(-465*E/908 - 481*GoldenRatio/908 + 779/908 + 555*pi/908)	17.3	0.04		
1273	Lower limit of backward value of 5^n	none	64	false positive	13	1/log(-488*GoldenRatio/339 - 241/339 + 178*pi/339 + 649*E/678)	16.4	0.25		
1274	hypersphere maximal volume dimension constant	special	64	rational fallback	1	262847320243029/50000000000000	15.2	0.43		Root[{-2 + Log[Pi]*#1 - PolyGamma[0, #1/2]*#1 & , 5.25694640486057678013283838869`29.720733549361597}]
1275	2*Pi^2*log(2) - 7*zeta(3)	special	64	false positive	16	sqrt(641/465 + 622*GoldenRatio/465 + 419*pi/465 + 656*E/465)*exp(1/2)	16.2	0.11		2Pi^2Log[2]-7Zeta[3]
1276	log 648000/π	elementary	64	false positive	14	pi/sqrt(-412*E/261 - 91*pi/261 + 167/261 + 274*GoldenRatio/87)	16.2	0.10		Log10[648000/Pi]
1277	Pi*csc(Pi/5)	elementary	64	exact	7	pi*sqrt(4*GoldenRatio/5 + 8/5)	64.0	0.08		Pi*Csc[Pi/5]
1278	sqrt(29)	algebraic	64	exact	2	sqrt(29)	64.0	0.01		Sqrt[29]
1279	analog of Lévy's constant in case of the nearest integer continued fraction of -1/2<x<1/2	elementary	64	false positive	14	GoldenRatio**2*(-283*GoldenRatio/124 - 269*E/248 + 559/248 + 461*pi/248)**2	16.3	0.21		Exp[Pi^2/(12*Log[GoldenRatio])]
1280	sqrt(31)	algebraic	64	exact	2	sqrt(31)	64.0	0.01		Sqrt[31]
1281	pi^(3/2)	elementary	64	exact	2	pi**(3/2)	64.0	0.07		Pi^(3/2)
1282	1000^(1/4)	algebraic	64	false positive	14	(10/441 + 37*GoldenRatio/441 + 50*pi/441 + 11*E/9)**2/GoldenRatio**2	16.2	0.19		1000^(1/4)
1283	a constant related to A000151	none	64	false positive	13	exp(GoldenRatio*(-797*GoldenRatio/141 + 100*E/141 + 512/141 + 209*pi/141))	16.3	0.40		
1284	c for which b(n+1) = c^(b(n)/n) neither explodes nor converges (A278453)	none	64	rational fallback	1	575819593911037/100000000000000	15.1	0.41		
1285	'lambda', a Sobolev isoperimetric constant related to the "membrane inequality", arising from the study of a vibrating m	none	64	false positive	16	exp(1/2)/sqrt(-184*E/867 - 148*pi/867 + 13*GoldenRatio/51 + 226/289)	16.1	0.13		
1286	zeta(3/4) * Product_{p prime} (1 + 1/p^(5/4) - 1/p^2 - 1/p^(9/4)) (negated)	none	64	rational fallback	1	73407735260173/12500000000000	15.4	0.42		
1287	sqrt(37)	algebraic	64	exact	2	sqrt(37)	64.0	0.01		Sqrt[37]
1288	Tau	elementary	64	exact	1	2*pi	64.0	0.00		2*Pi
1289	2 Pi/sin(arctan(2 Pi))	elementary	64	rational fallback	1	636226513156733/100000000000000	15.6	0.42		2*Pi/Sin[ArcTan[2*Pi]]
1290	sqrt(41)	algebraic	64	exact	2	sqrt(41)	64.0	0.00		Sqrt[41]
1291	sqrt(43)	algebraic	64	exact	2	sqrt(43)	64.0	0.00		Sqrt[43]
1292	Froda constant	elementary	64	false positive	15	sqrt(-169*GoldenRatio/2 - 303/5 + 166*pi/5 + 60*E)/sqrt(GoldenRatio)	16.0	0.11		2^E
1293	(real) period of the elliptic function sn(x,1/2)	special	64	false positive	12	1/(-520*pi/293 - 315*GoldenRatio/293 - 469/293 + 977*E/293)	17.0	0.04		8*EllipticK[-1/3]/Sqrt[3]
1294	sqrt(47)	algebraic	64	exact	2	sqrt(47)	64.0	0.00		Sqrt[47]
1295	3ln(10)	elementary	64	false positive	12	exp(-591*pi/599 + 27/599 + 546*E/599 + 929*GoldenRatio/599)	16.5	0.30		3*Log[10]
1296	John constant upper bound	special	64	rational fallback	1	359395167582053/50000000000000	15.5	0.43		ConditionalExpression[Extension`JohnConstantUpperBound == Exp[\[FormalLambda]*Pi], Pi/Exp[2*\[FormalLambda]*Pi] == Sum[(\[FormalK]*Exp[-1/2*(\[FormalK]*Pi)/\[FormalLambda]])/(\[FormalK]^2 + \[FormalLambda]^2), {\[FormalK], 1, Infinity}]]
1297	hypersphere maximal surface area dimension constant	special	64	false positive	13	log(GoldenRatio/(-128*E/353 - 202*GoldenRatio/353 - 283/353 + 305*pi/353))	15.0	0.29		Root[{Log[Pi] - PolyGamma[0, #1/2] & , 7.25694640486057678013283838869`29.860753915673623}]
1298	sqrt(53)	algebraic	64	exact	2	sqrt(53)	64.0	0.01		Sqrt[53]
1299	c_o, coefficient associated with the asymptotic evaluation c_o*2^(n^2/4) of the number of subspaces of the n-dimensional	none	64	false positive	13	(-7*GoldenRatio/12 - 20/23 - 25*E/92 + 647*pi/276)**2/pi	16.5	0.15		
1300	c_e, coefficient associated with the asymptotic evaluation c_e*2^(n^2/4) of the number of subspaces of the n-dimensional	none	64	rational fallback	1	184299220036533/25000000000000	15.3	0.42		
1301	e^2	elementary	64	exact	1	exp(2)	64.0	0.02		E^2
1302	sqrt(59)	algebraic	64	exact	2	sqrt(59)	64.0	0.00		Sqrt[59]
1303	digital search tree θ constant	special	64	false positive	13	exp(-239*pi/489 - 61*GoldenRatio/489 + 45/163 + 279*E/163)/pi	16.7	0.34		Sum[(2^(((-1 + \[FormalK])*\[FormalK])/2)*\[FormalK]*Sum[(-1 + 2^\[FormalI])^(-1), {\[FormalI], 1, \[FormalK]}])/Product[-1 + 2^\[FormalJ], {\[FormalJ], 1, \[FormalK]}], {\[FormalK], 1, Infinity}]
1304	sqrt(61)	algebraic	64	exact	2	sqrt(61)	64.0	0.01		Sqrt[61]
1305	Sierpiński's third constant, K3 = lim_{n->oo} ((1/n) * (Sum_{i=1..n} (A004018(i))^2) - 4 * log(n))	special	64	false positive	16	sqrt(GoldenRatio)*sqrt(-957*GoldenRatio/19 - 274/19 - 84*E/19 + 896*pi/19)	16.3	0.12		4/3 (24*Log[Gamma[3/4]] - 12*Log[Pi] + 72*Log[Glaisher] - 5*Log[2] + 6*EulerGamma - 3)
1306	sqrt(67)	algebraic	64	exact	2	sqrt(67)	64.0	0.01		Sqrt[67]
1307	sqrt(71)	algebraic	64	exact	2	sqrt(71)	64.0	0.01		Sqrt[71]
1308	sqrt(73)	algebraic	64	exact	2	sqrt(73)	64.0	0.01		Sqrt[73]
1309	polygon circumscription constant	special	64	false positive	12	pi/(-262*E/969 - 113/969 + 8*GoldenRatio/57 + 16*pi/51)	16.0	0.07		Product[Sec[Pi/\[FormalK]], {\[FormalK], 3, Infinity}]
1310	sqrt(79)	algebraic	64	exact	2	sqrt(79)	64.0	0.01		Sqrt[79]
1311	sqrt(83)	algebraic	64	exact	2	sqrt(83)	64.0	0.01		Sqrt[83]
1312	4ln(10)	elementary	64	rational fallback	1	460517018598809/50000000000000	15.5	0.39		4*Log[10]
1313	Varga's constant	none	64	false positive	11	pi/(-431*GoldenRatio/490 - 85/196 - pi/245 + 199*E/245)	16.6	0.06		
1314	3pi	elementary	64	exact	1	3*pi	64.0	0.00		3*Pi
1315	sqrt(89)	algebraic	64	exact	2	sqrt(89)	64.0	0.01		Sqrt[89]
1316	Product_{p prime} (1 + 1/p^(5/4) + 1/p^(3/2) + 1/p^(7/4))	none	64	false positive	14	(-9*E/10 + 377*GoldenRatio/340 + 243/85 + 169*pi/85)**2*exp(-2)	16.1	0.22		
1317	sqrt(97)	algebraic	64	exact	2	sqrt(97)	64.0	0.01		Sqrt[97]
1318	π^2	elementary	64	exact	1	pi**2	64.0	0.03		Pi^2
1319	smallest number > 1 with the same digits in decimal and binary	none	64	false positive	13	log(1/(-5*pi/23 + 94*GoldenRatio/943 + 64*E/943 + 318/943))	14.7	0.29		
1320	2*zeta(3/2)^4/(3*sqrt(2*Pi)*zeta(3))	special	64	rational fallback	1	103047174395001/10000000000000	14.4	0.40		2*Zeta[3/2]^4/(3*Sqrt[2*Pi]*Zeta[3])
1321	e^(Pi^2/(6*log(2)))	elementary	64	false positive	16	sqrt(-213*E/5 - 506/5 + 436*GoldenRatio/5 + 619*pi/5)*exp(-1/2)	16.3	0.10		E^(Pi^2/(6Log[2]))
1322	z_c = phi^5 (where phi is the golden ratio), a lattice statistics constant which is the exact value of the critical acti	algebraic	64	exact	2	3 + 5*GoldenRatio	63.5	0.00		GoldenRatio^5
1323	5ln(10)	elementary	64	rational fallback	1	57564627324851/5000000000000	14.6	0.43		5*Log[10]
1324	4pi	elementary	64	exact	1	4*pi	64.0	0.00		4*Pi
1325	6ln(10)	elementary	64	false positive	14	pi*sqrt(-313*E/13 - 699/13 + 389*GoldenRatio/13 + 373*pi/13)	16.2	0.09		6*Log[10]
1326	Imaginary part of first non-trivial zero of zeta function	special	64	rational fallback	1	141347251417347/10000000000000	15.4	0.38		Im[ZetaZero[1]]
1327	Product_{j>=1, j!=2} zeta(j/2) (negated)	none	64	rational fallback	1	146475663016383/10000000000000	15.1	0.39		
1328	exponential reiterated constant	elementary	64	exact	2	exp(E)	63.6	0.26		E^E
1329	5pi	elementary	64	exact	1	5*pi	64.0	0.00		5*Pi
1330	7ln(10)	elementary	64	rational fallback	1	161180956509583/10000000000000	14.9	0.36		7*Log[10]
1331	Product_{p prime} (1 + 1/p^(6/5) + 1/p^(7/5) - 1/p^2 - 1/p^(11/5) - 1/p^(12/5)) (negated)	none	64	false positive	13	log(pi/(-166*pi/377 - 547/754 + 51*E/754 + 69*GoldenRatio/58))	12.7	0.32		
1332	8ln(10)	elementary	64	false positive	13	exp(GoldenRatio/(-254*E/333 - 649/333 + 46*GoldenRatio/37 + 272*pi/333))	16.1	0.39		8*Log[10]
1333	6pi	elementary	64	exact	1	6*pi	63.7	0.00		6*Pi
1334	Product_{p prime} (1 + 1/p^(6/5) + 1/p^(7/5) + 1/p^(8/5) + 1/p^(9/5))	none	64	rational fallback	1	97227880419503/5000000000000	14.8	0.43		
1335	e^pi - pi	elementary	64	false positive	12	GoldenRatio*(-688*E/57 - 2/3 + 409*GoldenRatio/57 + 207*pi/19)	16.1	0.03		E^Pi - Pi
1336	e^3	elementary	64	exact	1	exp(3)	64.0	0.15		E^3
1337	9ln(10)	elementary	64	false positive	13	exp(133/335 + 68*pi/335 + 219*GoldenRatio/335 + 35*E/67)/GoldenRatio	16.4	0.29		9*Log[10]
1338	imaginary part of 2nd nontrivial zero of Riemann zeta function	none	64	false positive	13	(-173*E/125 + 104/125 + 191*pi/250 + 983*GoldenRatio/250)**2/GoldenRatio	16.3	0.14		
1339	7pi	elementary	64	exact	1	7*pi	63.8	0.00		7*Pi
1340	pi pow e	elementary	64	false positive	12	pi/(-895*E/19 - 492*GoldenRatio/19 + 445/19 + 887*pi/19)	14.9	0.05		Pi^E
1341	Gelfond's constant	elementary	64	false positive	12	GoldenRatio*(-919*GoldenRatio/10 - 10*pi - 53/2 + 387*E/5)**2	16.3	0.16		E^Pi
1342	imaginary part of 3rd nontrivial zero of Riemann zeta function	none	64	false positive	14	log(E/(-800*E/11 - 915/11 + 230*GoldenRatio/11 + 865*pi/11))	6.6	0.25		
1343	8pi	elementary	64	exact	1	8*pi	64.0	0.00		8*Pi
1344	9pi	elementary	64	exact	1	9*pi	64.0	0.00		9*Pi
1345	pi cubed	elementary	64	exact	1	pi**3	63.9	0.15		Pi^3
1346	π^π	elementary	64	false positive	11	-269*GoldenRatio/29 - 67*E/29 + 415/29 + 401*pi/29	16.0	0.00		Pi^Pi
1347	e^4	elementary	64	false positive	12	GoldenRatio/(-317*E/971 - 669/971 - 273*GoldenRatio/971 + 637*pi/971)	16.4	0.05		E^4
1348	radian	elementary	64	exact	1	180/pi	64.0	0.02		180/Pi
1349	pi^4	elementary	64	exact	1	pi**4	64.0	0.19		Pi^4
1350	Product_{j>=1, j!=3} zeta(j/3)	none	64	rational fallback	1	29673115493191/250000000000	14.6	0.33		
1351	Golden angle degrees	algebraic	64	exact	2	720 - 360*GoldenRatio	63.7	0.00		180*(3 - Sqrt[5])
1352	e^5	elementary	64	exact	1	exp(5)	64.0	0.23		E^5
1353	pi^5	elementary	64	exact	1	pi**5	64.0	0.37		Pi^5
1354	e^6	elementary	64	exact	1	exp(6)	64.0	0.22		E^6
1355	e^(2pi)	elementary	64	exact	2	exp(2*pi)	64.0	0.19		E^(2*Pi)
1356	Jenny constant	elementary	64	false positive	13	pi*(-419*pi/34 - 13/4 + 819*GoldenRatio/68 + 489*E/34)**2	16.1	0.12		(-9 + 7^(-E^(-1) + E))*Pi^2
1357	pi^6	elementary	64	false positive	14	exp(2)/(-253*E/333 - 688*GoldenRatio/999 + 691/999 + 91*pi/111)**2	16.0	0.20		Pi^6
1358	e^7	elementary	64	false positive	14	(-574*GoldenRatio/11 - 458/11 + 74*E/11 + 565*pi/11)**2/GoldenRatio**2	16.2	0.14		E^7
1359	e^8	elementary	64	false positive	14	GoldenRatio**2/(-317*E/971 - 669/971 - 273*GoldenRatio/971 + 637*pi/971)**2	16.1	0.16		E^8
1360	pi^7	elementary	64	false positive	12	(-318/37 + 34*E/37 + 20*GoldenRatio + 514*pi/37)**2/GoldenRatio	16.9	0.09		Pi^7
1361	10800/π	elementary	64	exact	1	10800/pi	64.0	0.29		10800/Pi
1362	e^9	elementary	64	false positive	13	pi/(-901*E/101 + 528/101 + 443*GoldenRatio/101 + 384*pi/101)**2	14.8	0.12		E^9
1363	Gram point crossover constant	special	64	false positive	16	sqrt(GoldenRatio)/sqrt(-197*pi/27 - 11*E/6 + 583/54 + 571*GoldenRatio/54)	9.6	0.07		Root[{-RiemannSiegelTheta[#1] + Pi*#1 & , 9146.69819317145926586619766347`29.961264349227967}]
1364	pi^8	elementary	64	exact	1	pi**8	64.0	0.27		Pi^8
1365	e^(3pi)	elementary	64	false positive	13	(-51*GoldenRatio/76 - 59*E/494 + 60/247 + 185*pi/494)**(-2)	15.5	0.11		E^(3*Pi)
1366	e^10	elementary	64	false positive	16	sqrt(GoldenRatio)/sqrt(-595*GoldenRatio/484 - 58*E/121 + 371/242 + 271*pi/484)	8.9	0.07		E^10
1367	pi^9	elementary	64	false positive	13	exp(1/(-400*pi/503 - 948/503 + 462*GoldenRatio/503 + 554*E/503))	15.1	0.24		Pi^9
1368	pi^10	elementary	64	exact	1	pi**10	64.0	0.25		Pi^10
1369	648000/π	elementary	64	exact	4	(-360 + 720*GoldenRatio)**2/pi	64.0	0.08		648000/Pi
1370	e^(4pi)	elementary	64	exact	2	exp(4*pi)	64.0	0.16		E^(4*Pi)
1371	e^(5pi)	elementary	64	exact	2	exp(5*pi)	64.0	0.15		E^(5*Pi)
1372	e^(6pi)	elementary	64	rational fallback	1	153552935395447/1000000	14.7	0.10		E^(6*Pi)
1373	e^(7pi)	elementary	64	rational fallback	1	11104129002647/3125	14.9	0.10		E^(7*Pi)
1374	e^(8pi)	elementary	64	rational fallback	1	16445263117119/200	16.2	0.07		E^(8*Pi)
1375	e^(9pi)	elementary	64	rational fallback	1	47569347382304/25	15.2	0.07		E^(9*Pi)
1376	e^(10pi)	elementary	64	rational fallback	0	44031505860632	15.2	0.05		E^(10*Pi)
1377	Ramanujan's constant	elementary	64	rational fallback	0	262537412640769000	15.0	0.03		E^(Sqrt[163]*Pi)
