id	name	class	digits	verdict	wolframalpha	agree	time	formula
1	conic constant	elementary	64	exact	Hold[-E^2]	64.0	10.82	-E^2
2	log π/648000	elementary	64	false positive	Hold[(-3*E^Pi - 101*Pi - 20*ArcTan[Pi] - 86*Log[Pi] + 217*Log[2*Pi])/21]	15.4	9.35	Log10[Pi/648000]
3	log π/10800	elementary	64	false positive	Hold[Pi*Root[4000 - 3184*#1 + 1976*#1^2 + 7073*#1^3 & , 1, 0]]	16.5	8.86	Log10[Pi/10800]
4	log e^(-2π)	elementary	64	false positive	Hold[(-9771486*Pi)/11249839]	15.2	8.82	Log10[E^(-2*Pi)]
5	(1 + 1/e)/(1/e - 1) = -coth(1/2)	elementary	64	exact	Hold[-((1 + E)/(-1 + E))]	63.9	8.97	(1 + 1/E)/(1/E - 1)
6	Madelung 6D square lattice constant	special	64	false positive	Hold[-2*3^(4/53)*Log[2]^(1/3)*Log[3]^(37/159)]	15.8	9.33	(3*(4*DirichletBeta[5/2]*(-1 + Sqrt[2])*Zeta[1/2] - DirichletBeta[1/2]*(-1 + 4*Sqrt[2])*Zeta[5/2]))/Pi^2
7	Madelung 4D square lattice constant	special	64	false positive	Hold[Log[5/(-77 + 111*E + 25*E^2 + 153*Pi - 87*Pi^2)]]	16.4	11.63	-8*(5 - 3*Sqrt[2])*Zeta[-1/2]*Zeta[1/2]
8	log π/180	elementary	64	false positive	Hold[(-47872874*Pi)/85544129]	16.2	9.57	Log10[Pi/180]
9	Madelung 2D square lattice constant	special	64	false positive	Hold[(-28370805*Pi)/55170016]	16.1	10.90	4*DirichletBeta[1/2]*(-1 + Sqrt[2])*Zeta[1/2]
10	Bateman-Grosswald constant	special	64	false positive	Hold[Root[582 + 41*#1 - 845*#1^2 + 980*#1^3 + 934*#1^4 & , 1, 0]]	16.7	9.50	Zeta[2/3]/Zeta[2]
11	log e^(-π)	elementary	64	false positive	Hold[Pi*Root[2765 + 6115*#1 - 275*#1^2 + 701*#1^3 & , 1, 0]]	16.0	9.56	Log10[E^(-Pi)]
12	log 1/4π	elementary	64	false positive	Hold[Root[-92 + 579*#1 + 589*#1^2 + 83*#1^3 + 87*#1^4 & , 1, 0]]	16.3	9.87	Log10[1/(4*Pi)]
13	generalized Stirling constant	special	64	false positive	Hold[Pi*Root[577 + 2966*#1 + 4170*#1^2 + 1692*#1^3 & , 3, 0]]	16.8	9.23	EulerGamma^2/4 - Pi^2/48 + StieltjesGamma[1]/2 - Log[2*Pi]^2/4
14	Neg	rational	64	not found		nan	0.62	-1
15	log 1/π^2	elementary	64	false positive	Hold[(-8314539*Pi)/26270644]	15.9	8.49	Log10[1/Pi^2]
16	log 1/3π	elementary	64	false positive	Hold[(280 - 18*Sqrt[Pi] + 3*Pi - 67*Pi^(3/2) - 10*Pi^2)/(70*Pi)]	15.9	9.04	Log10[1/(3*Pi)]
17	zeta'(2)	special	64	false positive	Hold[(-20437580*Pi)/68483463]	15.8	8.93	Derivative[1][Zeta][2]
18	log 1/e^2	elementary	64	likely exact	-2/C_ln 10≈-0.868588963806503655302257838	27.7	9.89	Log10[1/E^2]
19	log 1/2π	elementary	64	false positive	Hold[(-9258151*Pi)/36439580]	15.8	8.90	Log10[1/(2*Pi)]
20	infinite tetration of reciprocal root 2	special	64	false positive	Hold[(-8708986*Pi)/35687161]	15.1	8.76	(-2*ProductLog[Log[2]/2])/Log[2]
21	log e^(-π/2)	elementary	64	false positive	Hold[Pi*Root[-228 - 442*#1 + 3359*#1^2 + 2575*#1^3 & , 2, 0]]	16.0	9.33	Log10[E^(-Pi/2)]
22	Granville-Soundararajan constant	special	64	likely exact	2 δ_0 - 1≈-0.656999013716927868279120057	27.8	9.05	1 + Pi^2/3 + 4*PolyLog[2, -Sqrt[E]]
23	ln(gamma)	special	64	exact	Hold[Log[EulerGamma]]	64.0	8.69	Log[EulerGamma]
24	log 1/π	elementary	64	false positive	Hold[Root[866 - 1786*#1 - 4185*#1^2 + 5856*#1^3 & , 1, 0]]	16.7	8.64	Log10[1/Pi]
25	log 1/e	elementary	64	likely exact	-1/C_ln 10≈-0.434294481903251827651128919	27.7	8.93	Log10[1/E]
26	log Sqrt[1/2π]	elementary	64	false positive	Hold[(-9258151*Pi)/72879160]	15.8	9.36	Log10[Sqrt[1/(2*Pi)]]
27	ln ln two	elementary	64	exact	Hold[Log[Log[2]]]	64.0	9.34	Log[Log[2]]
28	log M = log e	elementary	64	false positive	Hold[Cot[Tan[47897/34817]]]	11.9	8.97	Log10[Log10[E]]
29	log π/6	elementary	64	false positive	Hold[-((E*(-188 + 87*E))/(-33 + 95*E + 33*E^2))]	15.0	9.01	Log10[Pi/6]
31	Airy function constant	special	64	false positive	Hold[Root[-10 + 1603*#1 + 7156*#1^2 + 3142*#1^3 & , 2, 0]]	15.2	8.96	-(1/(3^(1/3)*Gamma[1/3]))
32	log Sqrt[1/π]	elementary	64	false positive	Hold[(-8314539*Pi)/105082576]	15.9	8.71	Log10[Sqrt[1/Pi]]
33	log γ	special	64	false positive	Hold[Root[-3 - 5*#1 + 60*#1^2 + 58*#1^3 - 227*#1^4 + 111*#1^5 & , 2, 0]]	14.5	8.86	Log10[EulerGamma]
34	log Sqrt[1/e]	elementary	64	likely exact	-1/(2 C_ln 10)≈-0.217147240951625913825564459	26.7	9.55	Log10[Sqrt[1/E]]
35	log Cbrt[3/4π]	elementary	64	false positive	Hold[(-55*E^Pi + 300*Pi - 302*ArcTan[Pi] + 524*Log[Pi] + 45*Log[2*Pi])/140]	16.0	8.77	Log10[CubeRoot[3/(4*Pi)]]
36	log 2/π	elementary	64	false positive	Hold[(-3450091*Pi)/55266099]	14.7	8.65	Log10[2/Pi]
37	log Cbrt[1/π]	elementary	64	false positive	Hold[(-5*Pi*ArcSinh[267741/1053038]^2)/6]	16.1	8.96	Log10[CubeRoot[1/Pi]]
38	log Cbrt[1/e]	elementary	64	likely exact	-1/(3 C_ln 10)≈-0.1447648273010839425503763063	28.4	8.69	Log10[CubeRoot[1/E]]
39	ln(Gamma(4/3))	special	64	false positive	Hold[Root[-30 - 111*#1 + 1320*#1^2 - 81*#1^3 + 2473*#1^4 & , 1, 0]]	16.4	9.35	LogGamma[4/3]
40	log π/4	elementary	64	false positive	Hold[Tan[Cosh[4135727/2328988]]]	16.1	9.18	Log10[Pi/4]
41	ln(Gamma(5/3))	special	64	false positive	Hold[Root[-82 - 648*#1 + 1408*#1^2 - 815*#1^3 + 800*#1^4 & , 1, 0]]	16.4	8.49	LogGamma[5/3]
42	ln(Gamma(5/4))	special	64	false positive	Hold[(-2*(71 + 28*Pi + Pi^2))/(262 + 71*Pi + 299*Pi^2)]	16.0	8.40	LogGamma[5/4]
43	log Sqrt[2/π]	elementary	64	false positive	Hold[-Tanh[Csch[36343/12056]]]	13.0	3.58	Log10[Sqrt[2/Pi]]
44	ln(Gamma(7/4))	special	64	false positive	Hold[Root[-23 + 7*#1 + 3516*#1^2 + 2421*#1^3 & , 2, 0]]	14.1	8.29	LogGamma[7/4]
45	Stieltjes constant	special	64	false positive	Hold[(-49653*Pi)/3379738]	13.4	3.32	1 + EulerGamma^2 - Pi^2/8 + 2*StieltjesGamma[1]
46	Gauchman constant	special	64	false positive	Hold[Root[13 + 585*#1 - 288*#1^2 - 180*#1^3 + 89*#1^4 & , 2, 0]]	14.8	8.61	ConditionalExpression[Extension`GauchmanConstant == \[FormalX], E^(\[FormalU]/2) + 2*E^\[FormalU] + E^((3*\[FormalU])/2) + E^(\[FormalU] + \[FormalV]) == E^\[FormalV] + 2*E^(\[FormalU]/2 + \[FormalV]) && 2*(1 + \[FormalX] + E^(\[FormalU]/2 - \[FormalV])) == 4/E^(\[FormalU]/2) + (-2 + \[FormalU])/E^\[FormalV] && 1 + \[FormalU] + 6*E^(\[FormalU]/2) + 4*E^\[FormalU] + 4*E^(\[FormalU]/2 + \[FormalV]) == \[FormalV] + 9*E^\[FormalV] && -1/40 < \[FormalX] < 0]
47	log 3/π	elementary	64	false positive	Hold[Root[7 + 358*#1 + 440*#1^2 + 792*#1^3 + 649*#1^4 & , 2, 0]]	14.8	8.20	Log10[3/Pi]
48	Zero	rational	64	not found		nan	0.76	0
49	e^(-10pi)	elementary	64	not found		nan	0.84	E^(-10*Pi)
50	e^(-9pi)	elementary	64	not found		nan	0.87	E^(-9*Pi)
51	'chi', a constant appearing in the asymptotic variance of the number of comparisons required for updating a digital sear	none	64	not found		nan	0.88	
52	e^(-8pi)	elementary	64	not found		nan	0.70	E^(-8*Pi)
53	e^(-7pi)	elementary	64	not found		nan	0.70	E^(-7*Pi)
54	e^(-6pi)	elementary	64	not found		nan	0.70	E^(-6*Pi)
55	e^(-5pi)	elementary	64	not found		nan	0.80	E^(-5*Pi)
56	e^(-4pi)	elementary	64	not found		nan	0.81	E^(-4*Pi)
57	1 arcsecond in radians	elementary	64	not found		nan	0.74	Pi/648000
58	pi^-10	elementary	64	not found		nan	0.67	Pi^(-10)
59	pi^-9	elementary	64	not found		nan	0.70	Pi^(-9)
60	e^-10	elementary	64	not found		nan	0.68	E^(-10)
61	e^(-3pi)	elementary	64	not found		nan	0.73	E^(-3*Pi)
62	pi^-8	elementary	64	exact	Hold[Pi^(-8)]	63.5	1.82	Pi^(-8)
63	sum_{r in Z}(1/r^3) where Z is the set of all nontrivial zeros r of the Riemann zeta function	special	64	false positive	Hold[4587/41265500]	11.5	2.18	-(-7*Zeta[3]/8 + EulerGamma^3 + 3*EulerGamma*StieltjesGamma[1] + 3/2*StieltjesGamma[2] + 1)
64	e^-9	elementary	64	exact	Hold[E^(-9)]	63.4	1.77	E^(-9)
65	6th du Bois-Reymond constant	none	64	false positive	Hold[(693*Pi)/9865760]	12.3	1.91	
66	1 arcminute in radians	elementary	64	exact	Hold[Pi/10800]	64.0	1.82	Pi/10800
67	pi^-7	elementary	64	exact	Hold[Pi^(-7)]	64.0	2.26	Pi^(-7)
68	e^-8	elementary	64	exact	Hold[E^(-8)]	64.0	1.85	E^(-8)
69	zeta'(-5) (the derivative of Riemann's zeta function at -5) (negated)	special	64	false positive	Hold[Root[-1 + 9277351614837*#1^4 & , 2, 0]]	14.1	2.51	-(Zeta'[-5])
70	zeta'(-7) (the derivative of Riemann's zeta function at -7) (negated)	special	64	false positive	Hold[Pi*Root[-3 + 12935*#1 - 1273*#1^2 + 670*#1^3 & , 1, 0]]	15.2	1.95	-(Zeta'[-7])
71	5th Stieltjes constant gamma_5	special	64	false positive	Hold[-(E^(-21 - 4/E + 9*E + 17/Pi + 9*Pi)*Pi^(2 - 12*E)*Cos[E*Pi]^17)]	17.5	2.42	-(-StieltjesGamma[5])
72	e^-7	elementary	64	exact	Hold[E^(-7)]	64.0	1.74	E^(-7)
73	pi^-6	elementary	64	exact	Hold[Pi^(-6)]	63.5	2.17	Pi^(-6)
74	5th du Bois-Reymond constant	none	64	false positive	Hold[Pi^2/816171656021^(1/3)]	13.9	2.63	
75	Heath-Brown–Moroz constant	special	64	likely exact	C_HBM≈0.00131764115485317810981	20.3	2.25	Product[(1 - Prime[n]^(-1))^7*(1 + (1 + 7*Prime[n])/Prime[n]^2), {n, 1, Infinity}]
76	e^(-2pi)	elementary	64	exact	Hold[E^(-2*Pi)]	63.8	1.85	E^(-2*Pi)
77	'mu', a Sobolev isoperimetric constant related to the "rod inequality", arising from the elasticity study of a rod that 	none	64	false positive	Hold[Pi/6115579264522^(1/4)]	13.9	2.16	
78	3rd Stieltjes constant gamma_3	special	64	false positive	Hold[56200255273^(-4^(-1))]	12.6	2.42	-(-StieltjesGamma[3])
79	4th Stieltjes constant gamma_4	special	64	false positive	Hold[Pi/3331433747490^(1/4)]	13.7	1.99	-(-StieltjesGamma[4])
80	e^-6	elementary	64	exact	Hold[E^(-6)]	64.0	1.99	E^(-6)
82	pi^-5	elementary	64	exact	Hold[Pi^(-5)]	64.0	2.32	Pi^(-5)
83	16/(9*sqrt(184607))	algebraic	64	false positive	Hold[Pi/332342534395^(1/4)]	13.9	2.47	16/(9Sqrt[184607])
84	4th du Bois-Reymond constant	elementary	64	false positive	Hold[(-54*E^Pi + 483*Pi - 54*ArcTan[Pi] + Log[Pi] - 108*Log[2*Pi])/432]	14.8	2.18	(E^4 - 4E^2 - 25)/8
85	zeta'(-3) (the derivative of Riemann's zeta function at -3)	special	64	false positive	Hold[Pi/116393877581^(1/4)]	12.3	2.17	Zeta'[-3]
86	zeta'(-6) (the derivative of Riemann's zeta function at -6) (negated)	special	64	false positive	Hold[Pi*Root[4 - 2130*#1 + 7*#1^2 + 1862*#1^3 + 1613*#1^4 & , 1, 0]]	15.6	2.40	-(Zeta'[-6])
87	zeta''(0)+2, the coefficient of z^2 in the Laurent expansion of zeta(z) at the origin	special	64	false positive	Hold[Pi*Root[-2 + 992*#1 - 1743*#1^2 - 77*#1^3 + 1040*#1^4 & , 2, 0]]	15.0	2.40	-(Zeta''[0]+2)
88	e^-5	elementary	64	exact	Hold[E^(-5)]	64.0	1.76	E^(-5)
89	Wyler constant	special	64	likely exact	W_Wy≈0.00729734813003183212895	21.0	2.01	(9*(5!^(-1))^(1/4))/(16*Pi^(11/4))
90	zeta'(-4) (the derivative of Riemann's zeta function at -4)	special	64	false positive	Hold[Cos[Cot[25698542/9990219]]]	15.7	2.43	Zeta'[-4]
91	zeta'(-8) (the derivative of Riemann's zeta function at -8)	special	64	false positive	Hold[(241 - 70*E + 550*E^2 - 355*E*E!)/(135*E)]	13.7	2.45	Zeta'[-8]
92	sum of the alternating series tau(3), with tau(n) = Sum_{k>0} (-1)^k*log(k)^n/k	none	64	false positive	Hold[Pi*Root[2 - 666*#1 - 479*#1^2 + 210*#1^3 + 399*#1^4 & , 1, 0]]	14.5	2.05	
93	'mu', an isoperimetric constant associated with the study of a vibrating, homogeneous plate clamped at the boundary of t	none	64	false positive	Hold[Cot[Sec[5559738/3852985]]]	14.2	2.42	
94	2nd Stieltjes constant gamma_2 (negated)	special	64	false positive	Hold[Sqrt[5011/1406]/(2*Pi^4)]	10.1	2.43	-StieltjesGamma[2]
95	pi^-4	elementary	64	exact	Hold[Pi^(-4)]	63.7	2.09	Pi^(-4)
96	p_3 (so named by S. Finch), a probability related to Vallée's constant	none	64	false positive	Hold[Cos[Csc[39183509/13381282]]]	15.8	2.26	
97	16/(207*sqrt(53))	algebraic	64	false positive	Hold[Root[-61 + 5751*#1 - 552*#1^2 + 2062*#1^3 & , 1, 0]]	15.2	2.09	16/(207Sqrt[53])
98	cube tetrahedron-picking constant	elementary	64	likely exact	V^__tc≈0.01384277574023640804683	21.4	1.95	3977/216000 - Pi^2/2160
99	2*zeta(3)/Pi^2 - 11/18 + log(Pi)/3	special	64	false positive	Hold[Csch[Cot[8408/42247]]]	12.7	1.72	2Zeta[3]/Pi^2-11/18+Log[Pi]/3
100	b_3, a constant associated with the 3rd Du Bois Reymond constant	none	64	false positive	Hold[(61221*Pi^4)/344170000]	12.0	2.53	
101	tetrahedron tetrahedron-picking constant	elementary	64	likely exact	(V^_)≈0.01739823924512669384267	21.3	2.05	13/720 - Pi^2/15015
102	number of radians in one degree	elementary	64	exact	Hold[Pi/180]	64.0	1.81	Pi/180
103	sum of the alternating series tau(4), with tau(n) = Sum_{k>0} (-1)^k*log(k)^n/k	none	64	false positive	Hold[(-6229 - 74*Pi + 678*Pi^2)/(4070*Pi)]	14.4	2.17	
104	e^-4	elementary	64	exact	Hold[E^(-4)]	64.0	1.97	E^(-4)
105	log π/3	elementary	64	false positive	Hold[Root[7 - 358*#1 + 440*#1^2 - 792*#1^3 + 649*#1^4 & , 1, 0]]	14.8	2.11	Log10[Pi/3]
106	a Shapiro-Drinfeld constant, known as Gauchman's constant, related to the difference of cyclic sums (negated)	none	64	false positive	Hold[Root[13 - 585*#1 - 288*#1^2 + 180*#1^3 + 89*#1^4 & , 1, 0]]	14.8	2.26	
107	lambda(1) in Li's criterion	special	64	false positive	Hold[1764859/(7742460*Pi^2)]	14.3	2.44	EulerGamma/2 + 1 - Log[4 Pi]/2
108	triple integral of ({x/y}{y/z}{z/x})^2 over the unit cube	special	64	false positive	Hold[Root[96 - 3938*#1 - 7097*#1^2 + 5948*#1^3 & , 2, 0]]	15.1	2.25	1 - Zeta[2]/2 - Zeta[3]/2 + 7*Zeta[6]/48 + Zeta[2]*Zeta[3]/18 + Zeta[3]^2/18 + Zeta[3]*Zeta[4]/12
109	sum of the alternating series tau(5), with tau(n) = Sum_{k>0} (-1)^k*log(k)^n/k	none	64	false positive	Hold[Pi^4/62734680037^(1/3)]	12.0	1.98	
110	Matthews' constant C_4, an analog of Artin's constant for primitive roots	none	64	false positive	Hold[Pi^2/20424028463^(1/4)]	11.6	2.43	
111	3rd du Bois-Reymond constant	none	64	false positive	Hold[Root[-49 + 1654*#1 + 2807*#1^2 + 1381*#1^3 & , 1, 0]]	15.1	2.21	
112	sum of reciprocals of squares of perfect numbers	none	64	false positive	Hold[Root[20 - 689*#1 + 37*#1^2 - 445*#1^3 + 286*#1^4 & , 1, 0]]	16.1	2.21	
113	pi^-3	elementary	64	exact	Hold[Pi^(-3)]	63.9	2.25	Pi^(-3)
114	1/2 - log(2)/4 - G/Pi, where G = A006752	special	64	false positive	Hold[Pi*Root[-22 + 2023*#1 - 5080*#1^2 + 12*#1^3 & , 1, 0]]	14.1	2.42	1/2-Log[2]/4-Catalan/Pi
115	percolation cluster density constant	algebraic	64	likely exact	T_20VE - 41/16≈0.0355762113533159402911	20.7	1.78	-41/16 + (3*Sqrt[3])/2
116	1/4 - 7*zeta(3)/(4*Pi^2)	special	64	false positive	Hold[(3042089*Pi)/259272840]	15.3	2.44	1/4-7Zeta[3]/(4Pi^2)
117	a constant 'v' such that the asymptotic variance of the distribution of the longest cycle given a random n-permutation e	none	64	false positive	Hold[(24852*Pi)/2115401]	13.2	2.50	
118	H(1/2,1), a constant appearing in the asymptotic variance of the largest component of random mappings on n symbols, expr	none	64	false positive	Hold[Pi^4/18236404090^(1/3)]	12.6	2.05	
119	'v', a parking constant associated with the asymptotic variance of the number of cars that can be parked in a given inte	none	30	false positive	Hold[(528739*Pi)/43533525]	15.0	2.07	
120	Integral_{0..1/2} log(gamma(x+1)) dx (negated)	special	64	false positive	Hold[(3697*Pi^4)/8403500]	11.3	2.53	-(-1/2 - (7/24)*Log[2] + (1/4)*Log[Pi] + (3/2) * Log[Glaisher])
121	e^(-1pi)	elementary	64	exact	Hold[E^(-Pi)]	64.0	2.04	E^(-1*Pi)
122	16/(9*sqrt(1609))	algebraic	64	exact	Hold[16/(9*Sqrt[1609])]	64.0	2.07	16/(9Sqrt[1609])
123	pi^-e	elementary	64	exact	Hold[Pi^(-E)]	64.0	2.10	Pi^(-E)
124	sum_{r in Z}(1/r^2) where Z is the set of all nontrivial zeros r of the Riemann zeta function	special	64	false positive	Hold[(49653*Pi)/3379738]	13.4	2.49	-(-Pi^2/8 + EulerGamma^2 + 2*StieltjesGamma[1] + 1)
125	Mertens constant M(4,3) arising in the formula for the sum of reciprocals of primes p == 1 (mod 4)	none	64	false positive	Hold[Pi*Root[1 - 64*#1 - 72*#1^2 - 80*#1^3 - 220*#1^4 + 156*#1^5 & , 2, 0]]	14.5	2.03	
126	p_2, a probability associated with continuant polynomials	none	64	false positive	Hold[Root[247 - 4869*#1 - 4706*#1^2 + 1000*#1^3 & , 2, 0]]	15.8	2.33	
127	a constant related to the variance of the number of vertices of the largest tree associated with a random mapping on n s	none	64	false positive	Hold[Root[-557 + 4600800*#1^3 & , 1, 0]]	11.5	2.50	
128	e^-3	elementary	64	exact	Hold[E^(-3)]	64.0	1.91	E^(-3)
129	Integral_{x=0..Infinity} x*cos(x)/(1+x^2)	none	64	false positive	Hold[(-49 - 105*E + 58*E^2)/(687*E)]	12.9	2.04	
130	ball tetrahedron-picking constant	elementary	64	exact	Hold[(12*Pi)/715]	64.0	2.06	(12*Pi)/715
131	(9*sqrt(65) - 55)/320	algebraic	64	exact	Hold[7/(55 + 9*Sqrt[65])]	64.0	1.82	(9Sqrt[65]-55)/320
132	log ln π	elementary	64	false positive	Hold[(11*Pi*Sinh[14547/176675]^2)/4]	13.8	2.38	Log10[Log[Pi]]
133	constant A*B in the asymptotic expression of the summatory function Sum_{n=1..N} (1/phi(n)) as A(log(N)+B) + O(log(N)/N)	none	64	false positive	Hold[-Tan[Cot[3886353/1124710]]]	14.7	2.33	
134	Matthews' constant C_3, an analog of Artin's constant for primitive roots	none	64	false positive	Hold[Pi*Root[-14 + 623*#1 + 5172*#1^2 + 13*#1^3 & , 3, 0]]	14.9	2.05	
135	Norton constant	special	64	likely exact	ℬ≈0.0653514259230373213787	20.9	2.46	(-Pi^2 + 6*Log[2]*(-3 + 2*EulerGamma + Log[2] + 24*Log[Glaisher] - 2*Log[Pi]))/Pi^2
136	Sum_{k > 0} (-1)^k*log(k)^2/k	none	64	false positive	Hold[-((-5 + 3*Sqrt[2] + E - 5*Pi + Pi^2 + Log[4])/(5*E + 4*Pi + Pi^2 + Log[8]))]	15.1	2.04	
137	analog of the Gibbs-Wilbraham constant for L_1 trigonometric polynomial approximation	none	64	false positive	Hold[(6*E^Pi + 87*Pi - 13*Log[Pi] - 207*Log[2*Pi])/256]	13.9	1.98	
138	e^-e	elementary	64	exact	Hold[E^(-E)]	64.0	2.18	E^(-E)
139	Pythagorean triple constant for perimeters	elementary	64	exact	Hold[Log[2]/Pi^2]	64.0	2.23	Log[2]/Pi^2
140	(sqrt(13) - 1)/36	algebraic	64	exact	Hold[(3 + 3*Sqrt[13])^(-1)]	64.0	1.72	(Sqrt[13]-1)/36
141	1st Stieltjes constant gamma_1 (negated)	none	64	false positive	Hold[(1164307*Pi)/50233274]	14.2	2.21	
142	probability that a random walk on an 8-d lattice returns to the origin	none	64	false positive	K_LR - (1001 e)/3936≈0.07291264995926530	11.8	2.10	
143	disk triangle-picking constant	elementary	64	exact	Hold[35/(48*Pi^2)]	64.0	2.23	35/(48*Pi^2)
144	1/4π	elementary	64	likely exact	P_A/2≈0.079577471545947667884	20.3	1.89	1/(4*Pi)
145	-Integral {x=1..2} log Gamma(x) dx	special	64	false positive	Hold[57077/704120]	11.9	2.10	-Integrate[ Log[ Gamma[ x]], {x, 1, 2}]
146	-Zeta'(-1)/2	special	64	false positive	Hold[Pi*Root[-90 + 3476*#1 - 2198*#1^2 + 483*#1^3 & , 1, 0]]	14.6	2.40	-(1/24 - Log[Glaisher]/2)
147	solution to the Heilbronn triangle problem for seven points in a unit square	none	64	exact	Hold[Root[1 - 14*#1 + 12*#1^2 + 152*#1^3 & , 2, 0]]	64.0	2.49	
148	1-Catalan	special	64	exact	Hold[1 - Catalan]	64.0	1.86	1 - Catalan
149	probability that a random walk on a 7-d lattice returns to the origin	none	64	false positive	Hold[-1 + 12*Catalan + (63*Pi)/4 + Pi^2 + (41*Pi*Log[2])/2 - 33*Pi*Log[3]]	13.1	2.14	
150	Erdős–Tenenbaum–Ford constant	elementary	64	false positive	Hold[(218 + 250*Pi + 41*Pi^2 - 59*Pi*Pi!)/(280*Pi)]	13.8	2.31	1 - (1 + Log[Log[2]])/Log[2]
151	1/2-G/Pi, the lowest limiting trough of a square wave Fourier series, where G is the Gibbs-Wilbraham constant. [negated]	none	64	false positive	Hold[(1507127*Pi)/52908547]	15.4	2.47	
152	integral_{0..infinity} x*log(x)*(1-eta(x)^2) dx, where the function 'eta' is a solution of the Painlevé III differential	special	64	false positive	Hold[(-14180 + 9069*Pi^2)/(260830*Pi)]	15.1	2.43	-(1/4 + (7/12)*Log[2] - 3*Log[Glaisher])
153	lambda(2) in Li's criterion	none	64	false positive	Hold[(E^(2/3 + 4/(9*E) + E - Pi)*Pi^(20/9 - (17*E)/9))/((-Cos[E*Pi])^(4/9)*Sin[E*Pi]^(4/3))]	15.8	2.06	
154	e^(-Pi^2/(6*log(2)))	elementary	64	likely exact	1/(K_KL)^2≈0.0931878229535758733623	21.5	2.44	E^(-Pi^2/(6Log[2]))
155	second non-alternating series of reciprocal primes constant	special	64	false positive	Hold[Pi^4/1123228604195^(1/4)]	14.0	2.07	Sum[(-2 + Mod[Prime[\[FormalK]], 4])/Prime[\[FormalK]]^2, {\[FormalK], 2, Infinity}]
156	area of the convex hull of a circle of circumference 1 and a line segment of length 1/2 with midpoint at the circle cent	elementary	64	false positive	Hold[5/9 - 40/(21*E) + (44*E)/63 - (7*E!)/18]	16.0	2.23	(Sqrt[Pi^2-4]+Pi-2ArcCos[2/Pi])/(4Pi^2)
157	log Sqrt[π/2]	elementary	64	false positive	Hold[Tanh[Csch[36343/12056]]]	13.0	1.77	Log10[Sqrt[Pi/2]]
158	Sum_{n>=0} 1/10^(3^n), a transcendental number	none	64	false positive	Hold[101/1000]	8.0	1.95	
159	pi^-2	elementary	64	exact	Hold[Pi^(-2)]	64.0	2.22	Pi^(-2)
160	value of the Dickman function at phi + 1 = phi^2 = (3 + sqrt(5))/2 (A104457)	elementary	64	false positive	Hold[(-1 - 16134*E + 5974*E^2)/(1000*E)]	15.2	2.31	1 - 2*Log[GoldenRatio] + Log[GoldenRatio]^2 - Pi^2/60
161	Quinn-Rand-Strogatz constant c2 (negated)	none	64	false positive	Hold[(-20 + 69*Catalan - 84*Pi - 15*Pi^2 + 68*Pi*Log[2] + 70*Pi*Log[3])/200]	15.8	2.32	
162	probability that a random walk on a 6-d lattice returns to the origin	none	64	false positive	Hold[Root[155 - 1800*#1 + 2768*#1^2 + 2731*#1^3 & , 2, 0]]	16.1	2.31	
163	log 4/π	elementary	64	false positive	Hold[(1829978*Pi)/54799723]	16.1	2.43	Log10[4/Pi]
164	1/3π	elementary	64	likely exact	(2 P_A)/3≈0.10610329539459689051	19.6	2.36	1/(3*Pi)
165	one-ninth constant	special	64	likely exact	1/V≈0.107653919226484576615	20.5	2.15	With[{\[FormalX] = Root[{-2*EllipticE[#1^2] + EllipticK[#1^2] & , 0.908908557548541478236118908745`29.9585201924082}]}, Exp[-((Pi*EllipticK[1 - \[FormalX]^2])/EllipticK[\[FormalX]^2])]]
166	Michael Trott's constant: continued fraction expansion (allowing 0's) begins in same way as decimal expansion	none	53	likely exact	T_1≈0.1084101512231113615112	21.1	2.02	
167	Liouville's constant	special	64	false positive	Hold[11/100]	5.0	1.28	Sum[10^(-n!), {n, 1, Infinity}]
168	1/sqrt(80) = sqrt(5)/20	algebraic	64	exact	Hold[1/(4*Sqrt[5])]	63.6	1.99	1/Sqrt[80]
169	mean cluster density for bond percolation on the triangular lattice	algebraic	64	likely exact	35/4 - 3/(P_c(triangular site))≈0.11184427528454969567	19.3	2.29	35/4 - 3/(2*Sin[Pi/18])
170	Kepler–Bouwkamp constant	special	64	likely exact	1/K_circum≈0.114942044853296200701	21.5	2.42	Product[Cos[Pi/n], {n, 3, Infinity}]
171	Given the two curves y = (1 - exp(x/2))/(exp(x) + exp(x/2)) and y = (exp(-x) - 1)/2, draw a line tangent to both. This s	none	64	false positive	Hold[(814 - 240*Pi + 221*Pi^2)/(6085*Pi)]	16.0	2.32	
172	C_2 (so named by S. Finch), a constant which is an analog of Niven's constant when mean of exponents is considered inste	none	64	false positive	Hold[Root[610 - 5548*#1 + 3167*#1^2 + 2434*#1^3 & , 2, 0]]	16.9	2.38	
173	4*Pi/105	elementary	64	exact	Hold[(4*Pi)/105]	63.9	2.16	4*Pi/105
174	2/(5*sqrt(11))	algebraic	64	exact	Hold[2/(5*Sqrt[11])]	63.6	1.96	2/(5Sqrt[11])
175	3*zeta(3)/2 + 12*log(2) - 10	special	64	false positive	Hold[Root[-2 + 10*#1 + 21*#1^2 + 300*#1^3 - 260*#1^4 + 416*#1^5 & , 1, 0]]	15.7	2.30	3Zeta[3]/2+12Log[2]-10
176	50*Pi/1296	elementary	64	exact	Hold[(25*Pi)/648]	63.4	2.16	50Pi/1296
177	sqrt(Pi^2 - 4)/(2*Pi^2)	elementary	64	false positive	Hold[(5031451*Pi)/128785938]	15.8	2.30	Sqrt[Pi^2-4]/(2Pi^2)
178	Champernowne constant	special	64	likely exact	C_Ch≈0.1234567891011121314151	21.3	2.09	ChampernowneNumber[]
179	first (of 10) decimal selvage numbers	none	64	false positive	Hold[(5949*Pi)/151370]	12.2	2.34	
180	Product_{k >= 1} (k*(k+1))^(-1/(k*(k+1))), a constant related to the alternating Lüroth representations of real numbers	none	64	false positive	Hold[336/(-3723 + Sqrt[39984337])]	17.0	2.35	
181	3*sqrt(3)/(4*Pi^2)	elementary	64	exact	Hold[(3*Sqrt[3])/(4*Pi^2)]	63.7	2.08	3Sqrt[3]/(4Pi^2)
182	harmonic oscillator tunneling constant	special	64	false positive	Hold[Root[168 - 680*#1 - 6680*#1^2 + 17883*#1^3 & , 2, 0]]	16.0	2.23	2/(3^(2/3)*Gamma[1/3]^2)
183	probability that a random walk on the 5-d simple cubic (hypercubic) lattice returns to the origin	none	64	false positive	Hold[Root[-290 + 2375*#1 - 1956*#1^2 + 1900*#1^3 & , 1, 0]]	15.0	2.21	
184	e^-2	elementary	64	exact	Hold[E^(-2)]	63.5	2.15	E^(-2)
185	probability that an integer 4-tuple is pairwise unitary coprime	none	64	false positive	Hold[Pi*Root[9 - 211*#1 + 120*#1^2 - 90*#1^3 + 143*#1^4 + 8*#1^5 & , 2, 0]]	14.9	2.28	
186	Given the two curves y = (1 - exp(x/2))/(exp(x) + exp(x/2)) and y = (exp(-x) - 1)/2, draw a line tangent to both. This s	none	64	false positive	Hold[Root[61 + 793*#1 - 9293*#1^2 + 4122*#1^3 & , 2, 0]]	18.1	2.16	
187	pi minus three	elementary	64	exact	Hold[-3 + Pi]	64.0	2.34	Pi - 3
188	Pi^4/15 + Pi^2*log(2)^2/4 - log(2)^4/4 - 21*log(2)*zeta(3)/4 - 6*Li_4(1/2)	special	64	false positive	Hold[(-72 + 5*E + 32*E^2)/(2*(46 + 9*E + 75*E^2))]	14.7	2.19	Pi^4/15+Pi^2Log[2]^2/4-Log[2]^4/4-21Log[2]Zeta[3]/4-6PolyLog[4,1/2]
189	log Cbrt[e]	elementary	64	false positive	Hold[(260093*Pi^4)/175010900]	13.7	3.54	Log10[CubeRoot[E]]
190	Matthews' constant C_2, an analog of Artin's constant for primitive roots	none	64	false positive	Hold[(-500 + 395*E + 990*E^2 - 673*E*E!)/(235*E)]	16.0	2.06	
191	arctan(1/2)/Pi	elementary	64	likely exact	P_Γ≈0.147583617650433274175	20.6	2.13	ArcTan[1/2]/Pi
192	(1-C_2)/e, a constant connected with two-sided generalized Fibonacci sequences, where C_2 is the Euler-Gompertz constant	none	64	false positive	Hold[Root[-9 - 35*#1 + 520*#1^2 + 601*#1^3 + 1569*#1^4 & , 2, 0]]	16.1	2.32	
193	Given the two curves y = exp(-x) and y = 2/(exp(x) + exp(x/2)), draw a line tangent to both. This sequence is the decima	none	64	false positive	Hold[(18 - 462*Pi + 67*Pi^2 + 37*Pi*Pi!)/(130*Pi)]	13.5	2.32	
194	9*zeta(3)/Pi^2 - 93*zeta(5)/(2*Pi^4) - log(2) + 1/4	special	64	false positive	Hold[(10*E^Pi + 3*Pi + 240*ArcTan[Pi] + 525*Log[Pi] - 593*Log[2*Pi])/348]	16.4	2.34	9Zeta[3]/Pi^2-93Zeta[5]/(2Pi^4)-Log[2]+1/4
195	Sum_{k >= 0} 1/(4*k+3)^2	special	64	exact	Hold[(-8*Catalan + Pi^2)/16]	64.0	2.31	Pi^2/16 - Catalan/2
196	Pythagorean triple constant for hypotenuses	elementary	64	exact	Hold[1/(2*Pi)]	63.6	2.30	1/(2*Pi)
197	Sum_{k>=1} (-1)^k*log(k)/k	special	64	false positive	Hold[Pi*Root[-445 + 8752*#1 - 228*#1^2 + 1669*#1^3 & , 1, 0]]	16.4	2.08	EulerGamma*Log[2] - Log[2]^2/2
198	Euler-Kronecker constant (as named by P. Moree) for hypotenuse numbers	none	64	false positive	Hold[-(E^(27 - 9/E - 21*E + 10/Pi + 3*Pi)*Pi^(1 + 10*E)*Cos[E*Pi]^26*Cot[E*Pi]^7)]	15.4	2.62	
199	log Cbrt[π]	elementary	64	false positive	Hold[(5*Pi*ArcSinh[267741/1053038]^2)/6]	16.1	2.19	Log10[CubeRoot[Pi]]
200	sixth	rational	64	exact	Hold[1/6]	63.7	1.81	1/6
201	Hall-Montgomery constant	special	64	likely exact	δ_0≈0.1715004931415360658604	21.6	2.31	1 + Pi^2/6 + 2*PolyLog[2, -Sqrt[E]]
202	(-2*Catalan + Pi*log(2))/2	special	64	exact	Hold[-Catalan + (Pi*Log[2])/2]	63.8	2.33	Pi*Log[2]/2 - Catalan
203	'mu', a Sobolev isoperimetric constant related to the "membrane inequality", arising from the study of a vibrating membr	none	64	likely exact	1/(j_(0, 1))^2≈0.172915069030644926918	20.3	2.36	
204	log(2)/4	elementary	64	likely exact	-1/16 b_4(2)≈0.1732867951399863273543	22.3	2.51	Log[2]/4
205	probability that three positive integers are pairwise not coprime	none	64	false positive	Hold[Pi*Root[41 - 362*#1 - 6851*#1^2 + 846*#1^3 & , 2, 0]]	14.9	2.44	
206	H, an auxiliary constant used to evaluate some Ising-related constants on triangular and hexagonal lattices (negated)	none	64	false positive	Hold[Pi*Root[104 - 1708*#1 - 2660*#1^2 + 1747*#1^3 & , 2, 0]]	16.4	2.43	
207	Gibbs-Wilbraham constant	special	64	false positive	Hold[Root[-58 + 334*#1 - 117*#1^2 + 6*#1^3 + 1885*#1^4 & , 2, 0]]	16.5	2.36	-1 + (2*SinIntegral[Pi])/Pi
208	pi^(-3/2)	elementary	64	exact	Hold[Pi^(-3/2)]	63.8	2.34	Pi^(-3/2)
209	Markoff number asymptotic density constant	none	64	false positive	Hold[Root[-140 + 1460*#1 - 5087*#1^2 + 7165*#1^3 & , 1, 0]]	15.4	2.37	
210	a1, the first of two constants associated with Djokovic's conjecture on an integral inequality	none	64	exact	Hold[Root[-1 + 8*#1 - 16*#1^2 + 12*#1^3 & , 1, 0]]	63.6	1.78	
211	G/2 - Pi*log(2)/8, where G = A006752	special	64	exact	Hold[(4*Catalan - Pi*Log[2])/8]	63.7	2.21	Catalan/2-Pi Log[2]/8
212	Hardy-Littlewood constant C_6 = Product_{p prime > 6} 1/(1-1/p)^6 (1-6/p)	none	64	false positive	Hold[Root[998 - 6167*#1 + 2793*#1^2 + 8553*#1^3 & , 2, 0]]	16.7	2.59	
213	MRB constant	special	64	likely exact	C_MRB≈0.187859642462067120248	20.6	2.26	Sum[(-1)^n*(-1 + n^n^(-1)), {n, 1, Infinity}]
214	9*zeta(3)/(2*Pi^2) - log(2) + 1/3	special	64	false positive	Hold[Root[-380 + 384*#1 + 7291*#1^2 + 7390*#1^3 & , 3, 0]]	16.7	2.22	9Zeta[3]/(2Pi^2)-Log[2]+1/3
215	entropy of folding of the triangular lattice constant	special	64	false positive	Hold[Root[-630 + 2524*#1 + 2870*#1^2 + 7109*#1^3 & , 1, 0]]	16.1	2.45	Log[(Gamma[1/3]^(3/2)*Sqrt[3])/(2*Pi)]
216	gamma^3	special	64	exact	Hold[EulerGamma^3]	63.7	2.41	EulerGamma^3
217	1/sqrt(27)	algebraic	64	likely exact	T_T/9≈0.192450089729875254836	20.7	2.03	1/Sqrt[27]
218	q of the maximum of the Dedekind eta function	none	64	false positive	Hold[(3008*Pi)/48945]	11.3	2.29	
219	probability that a random walk on a 4-d lattice returns to the origin	none	64	false positive	Hold[(-3 + 4*E^2 - 21*Sqrt[1 + E] + 42*Pi - 9*Pi^2 + Sqrt[1 + Pi] - 9*Sqrt[1 + Pi^2])/8]	16.8	2.21	
220	Second du Bois-Reymond constant	elementary	64	exact	Hold[(-7 + E^2)/2]	63.7	2.24	(-7 + E^2)/2
221	log π/2	elementary	64	false positive	Hold[Pi^4/60857136545^(1/4)]	12.6	2.07	Log10[Pi/2]
222	Pi/16	none	64	exact	Hold[Pi/16]	64.0	2.29	
223	Vallée constant	none	24	false positive	Hold[Pi*Root[210 - 3577*#1 + 4160*#1^2 + 1305*#1^3 & , 2, 0]]	15.2	2.19	
224	Erdős-Lebensold constant	special	24	false positive	Hold[Root[-15 + 63*#1 + 72*#1^2 - 335*#1^4 + 6*#1^5 & , 1, 0]]	16.2	2.29	Sum[1/(Prime[\[FormalK]]^\[FormalS]*Log[Prime[\[FormalK]]^\[FormalS]]), {\[FormalS], 1, Infinity}, {\[FormalK], 1, Infinity}]
225	(6/Pi^2) Sum_{p prime} 1/(p(p+1)), a Meissel-Mertens constant related to the asymptotic density of certain sequences of 	none	64	false positive	Hold[(6341642*Pi)/99239293]	15.6	2.18	
226	Given the two curves y = exp(-x) and y = 2/(exp(x) + exp(x/2)), draw a line tangent to both. This sequence is the decima	none	64	false positive	Hold[Root[700 - 3941*#1 + 1848*#1^2 + 2084*#1^3 & , 2, 0]]	16.4	2.35	
227	White House switchboard constant	elementary	64	likely exact	W≈0.2024561414923965799238	21.7	2.36	Exp[-(1 + 8^(-1 + E)^(-1))^Pi^(-1)]
228	Rumor's constant	special	64	false positive	Hold[(4614903*Pi)/71353400]	15.6	2.26	-ProductLog[ -2/E^2]/2
229	ln(Gamma(3/4))	special	64	false positive	Hold[-(E^(19 + 9/E - 6*E + 12/Pi + 6*Pi)*Pi^(-14 - 7*E)*Sec[E*Pi]^13*Tan[E*Pi]^8)]	16.0	2.18	LogGamma[3/4]
230	sum of the reciprocals of the perfect numbers	none	64	false positive	Hold[Root[-8 + 2146*#1 - 11451*#1^2 + 5620*#1^3 & , 2, 0]]	16.0	2.14	
231	log Cbrt[4π/3]	elementary	64	false positive	Hold[(55*E^Pi - 300*Pi + 302*ArcTan[Pi] - 524*Log[Pi] - 45*Log[2*Pi])/140]	16.0	2.30	Log10[CubeRoot[4*Pi/3]]
232	lambda(3) in Li's criterion	none	64	false positive	Hold[Pi*Root[6 - 94*#1 + 40*#1^2 + 128*#1^3 + 44*#1^4 + 207*#1^5 & , 2, 0]]	15.1	2.49	
233	e^(-pi/2)	elementary	64	exact	Hold[E^((-2^(-1))*Pi)]	63.7	2.28	E^(-Pi/2)
234	-zeta(-1/2)	special	64	false positive	Hold[(E^(9 + 11/E + 9*E + 47/Pi - 5*Pi)*Sec[E*Pi]^2*Tan[E*Pi]^6)/Pi^(13*E)]	15.6	2.00	-Zeta[-1/2]
235	a constant related to A000621	none	64	false positive	Hold[(7119866*Pi)/104260843]	16.0	2.34	
236	log Sqrt[e]	elementary	64	likely exact	1/(2 C_ln 10)≈0.217147240951625913825	20.6	2.32	Log10[Sqrt[E]]
237	Lochs-Porter constant	special	64	likely exact	1/4 - ℬ/2≈0.2173242870384813393106	22.4	2.37	3/4 - (3*Log[2]*(-2 + 4*EulerGamma + 3*Log[2] - (24*Derivative[1][Zeta][2])/Pi^2))/Pi^2 - (6*Log[2]*(-1/2 + (6*Derivative[1][Zeta][2])/Pi^2))/Pi^2
238	B (negated), a constant related to Glaisher's constant A and the Gaussian unitary ensemble hypothesis	none	64	false positive	Hold[Root[9 - 76*#1 + 19*#1^2 + 294*#1^3 + 1580*#1^4 & , 2, 0]]	15.8	2.57	
239	2*log(2) - 4*Catalan/Pi	special	64	false positive	Hold[(-346 - 32*Sqrt[Pi] + 45*Pi + 70*Pi^(3/2) + 8*Pi^2)/(300*Pi)]	15.2	2.10	2*Log[2] - 4*Catalan/Pi
240	gamma^e	special	64	false positive	Hold[Pi*Root[25 - 337*#1 - 180*#1^2 + 4*#1^3 + 69*#1^4 + 72*#1^5 & , 2, 0]]	15.8	2.28	EulerGamma^E
241	7*zeta(3)/(2*Pi^2) - log(2) + 1/2	special	64	false positive	Hold[Root[153 - 675*#1 + 20*#1^2 - 210*#1^3 + 2010*#1^4 & , 1, 0]]	16.1	2.30	7Zeta[3]/(2Pi^2)-Log[2]+1/2
242	Conway-Guy constant	special	64	false positive	Hold[(90*E^Pi - 435*Pi - 45*ArcTan[Pi] - 634*Log[Pi] + 88*Log[2*Pi])/405]	16.6	2.45	ConditionalExpression[Extension`ConwayGuyConstant == Limit[\[FormalV][\[FormalN]]/2^\[FormalN], \[FormalN] -> Infinity], \[FormalV][0] == 0 && \[FormalV][1] == 1 && \[FormalV][\[FormalN]] == 2*\[FormalV][-1 + \[FormalN]] - \[FormalV][-1 + \[FormalN] - Floor[1/2 + Sqrt[2*(-1 + \[FormalN])]]]]
243	Copeland–Erdős constant	special	64	likely exact	C_CE≈0.235711131719232931374	21.2	2.07	Sum[10^(-\[FormalK] - Sum[Floor[Log[10, Prime[\[FormalJ]]]], {\[FormalJ], 1, \[FormalK]}])*Prime[\[FormalK]], {\[FormalK], 1, Infinity}]
244	Pi*(3 - gamma)/32, where gamma is Euler's constant A001620	special	64	false positive	Hold[(-2*(-52 - 33*E + E^2))/(-220 + 317*E + 66*E^2)]	16.0	2.17	Pi*(3 - EulerGamma)/32
245	quadtree constant	special	64	false positive	Hold[(7480799*Pi)/98065933]	16.1	2.47	228 - 26*Pi^2 + 24*Zeta[3]
246	1/sqrt(2*Pi*e), one of the Traveling Salesman constants	elementary	64	exact	Hold[1/Sqrt[2*E*Pi]]	64.0	2.35	1/Sqrt[2*Pi*E]
247	a(F_5), the maximum inradius of all triangles that lie in a regular pentagon of width 1	none	64	false positive	Hold[-Tanh[Tan[5393368/1861375]]]	17.1	2.37	
248	rayleigh kurtosis excess	elementary	64	exact	Hold[(-2*(8 - 12*Pi + 3*Pi^2))/(-4 + Pi)^2]	63.9	2.50	-(6*Pi^2 - 24*Pi + 16)/(4 - Pi)^2
250	second (of 10) decimal selvage numbers	none	64	false positive	Hold[2479/9999]	24.4	2.59	
251	log Sqrt[π]	elementary	64	false positive	Hold[(8314539*Pi)/105082576]	15.9	2.08	Log10[Sqrt[Pi]]
252	logarithm of Glaisher's constant	special	64	exact	Hold[Log[Glaisher]]	64.0	2.08	Log[Glaisher]
253	a multiplicative constant related to A006196	none	64	false positive	Hold[(-55 - 128*E + 90*E^2)/(4*(70 + 8*E + 23*E^2))]	15.7	2.28	
254	self number density constant	special	64	false positive	Hold[(3096754*Pi)/38505223]	15.0	2.19	Sum[Piecewise[{{1, SatisfiableQ[\[FormalK] == Sum[(1 + 2^\[FormalN])*\[FormalA][\[FormalK], \[FormalN]], {\[FormalN], 1, Infinity}] && ForAll[\[FormalN], Element[\[FormalN], Integers] && \[FormalN] > 0, Element[\[FormalA][\[FormalK], \[FormalN]], Integers]], {\[FormalA]}]}}, 0]/2^\[FormalK], {\[FormalK], 1, Infinity}]^2/8
255	(1/384)*Pi^4	elementary	64	exact	Hold[Pi^4/384]	64.0	2.26	Pi^4/ 384
256	Flajolet-Prodinger constant 'K', a constant related to asymptotically enumerating level number sequences for binary tree	none	64	false positive	Hold[Root[85 - 310*#1 + 35*#1^2 - 550*#1^3 + 166*#1^4 & , 1, 0]]	16.3	2.26	
257	third (of 10) decimal selvage numbers	none	64	false positive	Hold[(3836733*Pi)/46895902]	15.5	2.06	
258	Meissel-Mertens constant	special	64	likely exact	B_1≈0.261497212847642783755	20.8	2.29	EulerGamma + Sum[Log[1 - Prime[n]^(-1)] + Prime[n]^(-1), {n, 1, Infinity}]
259	Pi/12	none	64	exact	Hold[Pi/12]	64.0	2.25	
260	Mrs. Miniver constant	special	64	false positive	(1076 - 63 W(1))/(5 (1561 W(1) - 100))≈0.264932084602776834302	16.0	2.45	Root[{#1 - Sin[Pi/6 - #1*Sqrt[1 - #1^2]] & , 0.264932084602776862`17.423134556719873}]
261	Ti_2(2-sqrt(3)), where Ti_2 is the inverse tangent integral function	none	64	false positive	Hold[(-3 + 76*E + 450*E^2 - 291*E*E!)/(219*E)]	14.5	2.12	
262	unforgeable word constant	special	64	false positive	Hold[(-2*(-1143 + 8*Sqrt[16383]))/889]	17.7	2.07	Sum[(2*(-1)^(-1 + \[FormalK])*Product[2^(-1 + 2^\[FormalJ])/(-1 + 2^(-1 + 2^\[FormalJ])), {\[FormalJ], 2, \[FormalK]}])/(-1 + 2^(-1 + 2^(1 + \[FormalK]))), {\[FormalK], 1, Infinity}]
263	volume of a regular ideal hyperbolic 4-simplex	elementary	64	false positive	Hold[(1125790*Pi)/13152959]	14.1	2.11	10*Pi/3*ArcSin[1/3] - Pi^2/3
265	one of the Pell-Stevenhagen constants	none	64	false positive	Hold[Root[-6 + 95*#1 - 350*#1^2 + 287*#1^3 - 80*#1^4 + 442*#1^5 & , 2, 0]]	16.2	2.34	
266	1/(8*log(2)*A005597), where A005597 is the twin prime constant C_2	none	64	false positive	Hold[-119/60 - 38/(105*Pi) + (7*Pi)/12 + (3*Pi!)/40]	15.2	2.19	
267	constant appearing in the expected number of comparisons for an unsuccessful digital tree search (negated)	none	64	false positive	Hold[ArcSin[270993/1001692]]	17.6	2.24	
269	(6/Pi^2)*Sum_{n>=1} 1/prime(n)^2	special	64	false positive	Hold[(2*(65 - 26*E + 8*E^2))/(-247 + 30*E + 75*E^2)]	14.7	2.41	6*PrimeZetaP[2]/Pi^2
270	1/Gamma(1/4)	special	64	false positive	Hold[Root[-2040 + 4926*#1 + 7750*#1^2 + 4373*#1^3 & , 1, 0]]	16.3	2.25	1/Gamma[1/4]
271	rho_c = (5-sqrt(5))/10, the asymptotic critical density for the hard hexagon model	algebraic	64	exact	Hold[2/(5 + Sqrt[5])]	63.8	1.73	(5 - Sqrt[5])/10
272	Bernstein's constant	none	50	false positive	Hold[Sqrt[(50 + 836*E - 765*Pi + 25*Log[32])/74]]	15.5	2.30	
273	Series-parallel networks constant	none	22	false positive	Hold[Csch[Csch[40819/84128]]]	14.1	2.22	
274	log 6/π	elementary	64	false positive	Hold[Tan[Cos[425237/85220]]]	14.1	2.35	Log10[6/Pi]
275	((5 - 2*sqrt(2))*Pi)/24	elementary	64	exact	Hold[(-24^(-1))*((-5 + 2*Sqrt[2])*Pi)]	64.0	2.05	((5-2*Sqrt[2])*Pi)/24
276	Mertens constant M(3,2) arising in the formula for the sum of reciprocals of primes p == 2 (mod 3)	none	64	false positive	Hold[Root[1733 - 6410*#1 - 1620*#1^2 + 9750*#1^3 & , 2, 0]]	15.9	2.30	
277	Mertens constant M(4,1) arising in the formula for the sum of reciprocals of primes p == 1 (mod 4) (negated)	none	64	false positive	Hold[Root[-9629 + 408420*#1^3 & , 1, 0]]	12.0	2.23	
278	strongly carefree constant	special	64	false positive	Hold[(1152 + 492*Pi - 311*Pi^2 + 40*Pi*Pi!)/(590*Pi)]	16.2	2.43	Product[1 - (-2 + 3*Prime[\[FormalK]])/Prime[\[FormalK]]^3, {\[FormalK], 1, Infinity}]
279	digital search tree Q constant	special	64	false positive	Hold[Pi*Root[-8 + 47*#1 + 479*#1^2 - 528*#1^3 + 590*#1^4 & , 2, 0]]	16.6	2.10	QPochhammer[1/2, 1/2]
280	Sum_{k>=0} (k!/(k+2)!)^2	elementary	64	exact	Hold[-3 + Pi^2/3]	63.9	2.19	Pi^2/3 - 3
281	domino tiling constant	special	64	likely exact	C_d≈0.29156090403081878013	19.5	2.45	Catalan/Pi
282	d_0, the constant term in the asymptotic expansion of the average number of registers needed to evaluate a binary tree	none	64	false positive	Hold[Root[-86 + 317*#1 + 150*#1^2 - 930*#1^3 + 510*#1^4 & , 2, 0]]	15.0	2.28	
283	(1/105)*Pi^3	elementary	64	exact	Hold[Pi^3/105]	63.8	2.21	Pi^3/105
284	Pythagorean triple second-order constant for areas	special	64	false positive	Hold[(6*E^Pi + 96*Pi - 171*ArcTan[Pi] - 17*Log[Pi] - 47*Log[2*Pi])/399]	16.0	2.30	-(((1 + 2^(-1/3))*Zeta[1/3])/((1 + 2^(-2/3))*Zeta[4/3]))
285	a constant that appears in flux/diffusion problems with trapping surfaces	special	64	false positive	Hold[(-91*E^Pi + 560*Pi + 20*ArcTan[Pi] + 119*Log[Pi] + 113*Log[2*Pi])/76]	16.0	2.10	-1/Pi * Integrate[Log[(6/x^2) * (1 - Sin[x]/x)]/x^2, {x, 0, Infinity}]
286	Wadsworth constant	rational	64	not found		nan	0.66	3/10
287	Sum_{m,n >= 1} (-1)^(m + n)/(m*n*(m + n))	none	64	exact	Hold[Zeta[3]/4]	63.9	2.24	
288	log10(2)	elementary	64	exact	Hold[Log[2]/Log[10]]	64.0	2.25	Log[10, 2]
289	ln(Gamma(2/3))	special	64	false positive	Hold[Cos[Cot[8967/45607]]]	12.1	2.29	LogGamma[2/3]
290	coefficient c appearing in the asymptotic evaluation of the number of prime additive compositions of n as c*(1/xi)^n, wh	none	64	false positive	Hold[(2 + 244*Sqrt[Pi] + 351*Pi - 235*Pi^(3/2) + Pi^2)/(250*Pi)]	16.2	2.45	
291	Gauss-Kuzmin-Wirsing constant	special	64	likely exact	λ≈0.303663002898732658597	20.8	2.14	Inactive[Limit][Inactive[Part][SortBy[N][Abs[Eigenvalues[Inactive[Table][((-1)^\[FormalJ]*Inactive[Sum][(-2)^\[FormalI]*Binomial[\[FormalK], \[FormalI]]*Pochhammer[2 + \[FormalI], \[FormalJ]]*(-2^(2 + \[FormalI] + \[FormalJ]) + (-1 + 2^(2 + \[FormalI] + \[FormalJ]))*Zeta[2 + \[FormalI] + \[FormalJ]]), {\[FormalI], 0, \[FormalK]}])/((-2)^\[FormalK]*\[FormalJ]!), {\[FormalJ], 0, -1 + \[FormalN]}, {\[FormalK], 0, -1 + \[FormalN]}]]]], -2], \[FormalN] -> Infinity]
292	3/pi^2	elementary	64	exact	Hold[3/Pi^2]	64.0	2.30	3/Pi^2
293	radius of convergence of the generating function of A000625 (alcohol stereoisomers enumeration)	none	64	false positive	Hold[(3930809*Pi)/40592549]	15.2	2.61	
294	1 - log(2)	elementary	64	exact	Hold[Log[E/2]]	64.0	2.34	1-Log[2]
295	Hardy-Littlewood constant Product_{p prime >= 5} (1-(6*p^2-4*p+1)/(p-1)^4)	none	64	false positive	Hold[(8 - 140*E + 87*E^2)/(3*(-50 + 99*E + 10*E^2))]	15.2	2.52	
296	coefficient c_v in c_v*log(N), the asymptotic variance of the number of factors in a random factorization of n <= N	none	64	false positive	Hold[Sqrt[(-310 + 46*E + 73*Pi - 2*Log[2])/113]/2]	13.7	2.04	
297	Littlewood-Salem-Izumi constant	special	64	likely exact	α_0≈0.30844377956198600303	19.9	2.26	Root[{HypergeometricPFQ[{1/2 - #1/2}, {1/2, 3/2 - #1/2}, (-(1/16))*(9*Pi^2)] & , 0.3084437795619860030341969509860000000000000000000000000001`29.489176016177844}]
298	sin(Pi/10) (angle of 18 degrees)	algebraic	64	exact	Hold[(1 + Sqrt[5])^(-1)]	63.8	1.79	Sin[18 Degree]
299	-(8*(EulerGamma - log(2)))/3	special	64	false positive	Hold[Root[43 + 59*#1 - 512*#1^2 - 427*#1^3 + 34*#1^4 & , 3, 0]]	15.2	2.28	-(8*(EulerGamma - Log[2]))/3
300	Zolotarev-Schur constant	special	64	likely exact	σ_ZS≈0.311078866704819209027	20.8	2.32	With[{\[FormalX] = Root[{EllipticE[#1^2]^3 - 3*EllipticE[#1^2]^2*EllipticK[#1^2] + EllipticK[#1^2]*(-1 - EllipticK[#1^2]^2 + #1^2) + EllipticE[#1^2]*(1 + 3*EllipticK[#1^2]^2 + #1^2) & , 0.9155020553896763963055240364016622896543129422884607667501`30.102999566398122}]}, (1 - EllipticE[\[FormalX]^2]/EllipticK[\[FormalX]^2])^2/\[FormalX]^2]
301	k_3 = 3/(2*Pi*m_3), a constant associated with the asymptotic expansion of the probability that a three-dimensional rand	none	64	false positive	Hold[Pi*Root[-32 + 344*#1 - 246*#1^2 - 7*#1^3 - 4*#1^4 + 74*#1^5 & , 1, 0]]	16.8	2.37	
302	(negated) constant in the expansion of the prime zeta function about s = 1	none	64	false positive	Hold[Root[-36 - 749*#1 + 1811*#1^2 + 2922*#1^3 & , 3, 0]]	15.2	2.29	
303	Atkinson-Negro-Santoro constant	special	64	false positive	Hold[(22280563*Pi)/221029211]	15.9	2.53	ConditionalExpression[Extension`AtkinsonNegroSantoroConstant == Limit[\[FormalU][\[FormalN]]/2^\[FormalN], \[FormalN] -> Infinity], \[FormalU][0] == 0 && \[FormalU][1] == 1 && \[FormalU][\[FormalN]] == 2*\[FormalU][-1 + \[FormalN]] - \[FormalU][-1 + \[FormalN] - Floor[1 + (-1 + \[FormalN])/2]]]
304	real part of the solution of z = log z	special	64	false positive	Hold[Root[4205 - 13603*#1 - 14*#1^2 + 3850*#1^3 & , 2, 0]]	16.6	2.41	Re[-ProductLog[-1]]
305	Kalmar composition constant	special	64	false positive	Hold[Root[-585 + 541*#1 - 595*#1^2 + 14688*#1^3 & , 1, 0]]	16.8	2.43	ConditionalExpression[Extension`KalmarCompositionConstant == -(1/(\[FormalRho]*Derivative[1][Zeta][\[FormalRho]])), \[FormalRho] == Root[{-2 + Zeta[#1] & , 1.7286472389981836181351030103`29.237706376855613}]]
306	reciprocal of π	elementary	64	exact	Hold[Pi^(-1)]	64.0	1.98	Pi^(-1)
307	a constant related to a certain Sobolev isoperimetric inequality	none	64	false positive	Hold[Root[-5 + 6*#1 - 91*#1^2 + 374*#1^3 - 51*#1^4 + 227*#1^5 & , 1, 0]]	16.4	2.31	
308	eta/xi = A086318/A086317, a coefficient associated with the asymptotics of the number of weakly binary trees	none	64	false positive	Hold[(1055236*Pi)/10399513]	14.9	2.11	
309	Feller-Tornier product constant	special	64	likely exact	2 C_FT - 1≈0.322634098939244670579	20.8	1.97	Product[1 - 2/Prime[\[FormalK]]^2, {\[FormalK], 1, Infinity}]
310	second Kneser-Mahler polynomial constant	special	64	false positive	Hold[Pi*Root[-760 + 7199*#1 + 830*#1^2 + 10035*#1^3 & , 1, 0]]	16.2	2.10	(9 - PolyGamma[1, 2/3] + PolyGamma[1, 4/3])/(4*Pi*Sqrt[3])
311	1/(4*K), a constant related to the asymptotic evaluation of the number of positive integers all of whose prime factors a	none	64	likely exact	1/(4 K_LR)≈0.32712936694102638240	21.1	2.37	
312	infinite product of (j/Pi)*sin(Pi/j), for j >= 2, a constant similar to the Kepler-Bouwkamp constant	none	64	false positive	Hold[(55445447*Pi)/529911388]	16.4	2.43	
313	constant that appears in the asymptotic formula for average order of an infinitary analog of Euler's phi function (A0917	none	64	false positive	Hold[Root[475 + 667*#1 - 6504*#1^2 + 262*#1^3 & , 2, 0]]	15.7	2.02	
314	Given the two curves y = (1 + exp(x))/2 and y = (1 + exp(x))/(1 + exp(x/2)), draw a line tangent to both. This sequence 	none	64	false positive	Hold[Root[-482 + 458*#1 + 507*#1^2 + 7615*#1^3 & , 1, 0]]	15.8	2.33	
315	9099999999923/27500000000000	rational	64	false positive	Hold[Root[-238 + 609*#1 + 277*#1^2 - 70*#1^3 + 724*#1^4 & , 2, 0]]	16.2	2.08	9099999999923/27500000000000
316	euler sqr	special	64	exact	Hold[EulerGamma^2]	64.0	2.32	EulerGamma^2
317	log(A085851)	none	64	likely exact	log(κ_h)≈0.33324272197618188785	19.9	1.92	
318	third	rational	64	exact	Hold[1/3]	64.0	1.85	1/3
319	Sum_{k>=2} c(k)/prime(k), where c(k) = -1 if p == 1 (mod 4) and c(k) = +1 if p == 3 (mod 4)	none	64	false positive	Hold[(10517809*Pi)/98640339]	15.8	2.11	
320	radius of convergence of g.f. for unlabeled trees (A000055)	none	64	false positive	Hold[Pi*Root[-99 + 640*#1 + 1664*#1^2 + 8631*#1^3 & , 1, 0]]	16.0	2.26	
321	probability that a random walk on a 3-D lattice returns to the origin	special	64	likely exact	p(3)≈0.340537329550999142826	21.1	2.53	1 - (16*Sqrt[2/3]*Pi^3) / (Gamma[1/24]*Gamma[5/24]*Gamma[7/24]*Gamma[11/24])
322	2*sin(Pi/18)	algebraic	64	exact	Hold[Root[1 - 3*#1 + #1^3 & , 2, 0]]	64.0	1.96	2Sin[Pi/18]
323	sqrt(5^(1/3)-4^(1/3))	algebraic	64	false positive	Hold[(7612609*Pi)/68309740]	16.1	2.55	Sqrt[Surd[5, 3] - Surd[4, 3]]
324	meander connective constant	special	64	likely exact	2 - 4 P_TM≈0.350183865439569608866	20.8	2.30	Product[1 - 2^(-2^\[FormalK]), {\[FormalK], 0, Infinity}]
325	lim_{N->infinity} (1/N^2 Sum_{n=1..N} K(n)), where K(n) is the squarefree kernel of n	none	64	false positive	Hold[(Pi*Tanh[94141/67123]^2)/7]	15.4	2.21	
326	a coefficient associated with the asymptotics of the variance of the distance between a vertex and the root of a random 	none	64	false positive	Hold[(7650377*Pi)/68093316]	15.5	2.34	
327	Hafner–Sarnak–McCurley constant	none	64	likely exact	C_HSM≈0.3532363718549959845	18.9	2.33	
328	radius of convergence of the generating function of A000598, the number of rooted ternary trees of n vertices	none	64	false positive	Hold[Pi*Root[-47 - 202*#1 + 5351*#1^2 + 997*#1^3 & , 3, 0]]	15.4	2.13	
330	imaginary part of the infinite power tower of i	special	64	likely exact	Im(P_PT)≈0.36059247187138548595	20.1	2.28	Im[-ProductLog[-Log[I]]/Log[I]]
331	log 1/M = ln 10	elementary	64	false positive	Hold[(2662846*Pi)/23095569]	15.1	2.80	Log10[Log[10]]
332	equilateral triangle line-picking constant	elementary	64	exact	Hold[(4 + Log[27])/20]	63.9	2.44	(4 + 3*Log[3])/20
333	(3*sqrt(6) - 7)*Pi/3	elementary	64	exact	Hold[(-7*Pi)/3 + Sqrt[6]*Pi]	64.0	2.18	(3Sqrt[6]-7)Pi/3
334	standard Gumbel distribution median	elementary	64	false positive	Hold[(15138013*Pi)/129756600]	16.6	2.43	-Log[Log[2]]
335	constant that appears in the asymptotic formula for average order of the number of  infinitary divisors function (A03744	none	64	false positive	(3 (371 s^__ld + 100))/(50 (81 s^__ld - 2))≈0.36662527694538178105	15.5	2.38	
336	reciprocal of e	elementary	64	exact	Hold[E^(-1)]	64.0	1.92	E^(-1)
337	Hardy-Littlewood constant C_7 = Product_{p prime > 7} 1/(1-1/p)^7 (1-7/p)	none	64	false positive	Hold[Root[-1580 + 7670*#1 - 9316*#1^2 + 355*#1^3 & , 1, 0]]	16.1	2.27	
338	fourth (of 10) decimal selvage number	none	64	false positive	Hold[(62100662*Pi)/525179199]	16.3	2.37	
339	constant c appearing in the expected number of pair of twin vacancies in a digital tree	none	64	false positive	Hold[(26 - 76*Catalan + 159*Pi - 33*Pi^2 - 36*Pi*Log[3])/16]	16.5	2.33	
340	variance of the maximum of a size 8 sample from a normal (0,1) distribution	none	64	false positive	Hold[(614375*Pi)/5176001]	13.9	2.08	
341	(1/144)*3^(1/2)*Pi^3	elementary	64	exact	Hold[Pi^3/(48*Sqrt[3])]	64.0	2.06	Sqrt[3]*Pi^3/144
342	1/Gamma(1/3)	special	64	false positive	Hold[(3655559*Pi)/30765673]	15.6	2.43	1/Gamma[1/3]
343	first positive solution to exp(1-1/x)/x = 1/2, a binary search tree constant	special	64	false positive	Hold[(31682353*Pi)/266584038]	16.0	2.35	-1/ProductLog[-1, -1/(2*E)]
344	Artin's constant	special	64	likely exact	C_A≈0.373955813619202288054	20.7	2.24	Product[1 - 1/((-1 + Prime[n])*Prime[n]), {n, 1, Infinity}]
345	64/169, the upper bound (as given by S. Finch) of the 2-dimensional simultaneous Diophantine approximation constant	none	64	likely exact	(640 W_Wad)/507≈0.37869822485207100591	19.7	1.78	
346	upper bound of the 6-dimensional simultaneous Diophantine approximation constant	none	64	false positive	Hold[Pi*Root[719 - 5983*#1 - 908*#1^2 + 9137*#1^3 & , 2, 0]]	17.1	2.53	
347	expected distance from a randomly selected point in the unit square to its center: (sqrt(2) + log(1 + sqrt(2)))/6	elementary	64	likely exact	P_up/6≈0.382597858232106345672	21.0	2.31	(Sqrt[2] + Log[1 + Sqrt[2]])/6
348	Given the two curves y = (1 + exp(x))/2 and y = (1 + exp(x))/(1 + exp(x/2)), draw a line tangent to both. This sequence 	none	64	false positive	Hold[Cos[Sec[44444468/5757461]]]	16.3	2.29	
349	upper bound of the 5-dimensional simultaneous Diophantine approximation constant	elementary	64	false positive	Hold[(13*Sqrt[381/16870])/5]	12.1	2.52	3/(208 + 72*Pi - 96*Sqrt[2]*Pi)
350	variance of the maximum of a size 7 sample from a normal (0,1) distribution	none	64	false positive	Hold[(25254263*Pi)/202436868]	17.8	2.20	
351	1 - 6/pi^2	elementary	64	exact	Hold[1 - 6/Pi^2]	64.0	1.99	1 - 6/Pi^2
352	Pi/8	none	64	exact	Hold[Pi/8]	64.0	1.90	
353	A(rectangles), an analog of Moser's worm constant, which is associated with the class of rectangular regions of the plan	none	64	false positive	Hold[Tanh[Cos[67948/13213]]]	12.8	2.38	
354	radius of convergence of the generating function for the enumeration of rooted identity trees (A004111)	none	50	false positive	Hold[Tan[Cosh[8024959/4156500]]]	16.2	2.29	
355	Pi*G - 33*zeta(3)/16, where G = A006752	special	64	false positive	Hold[1 - 31/(70*E) - (509*E)/245 + (599*E!)/490]	16.9	2.17	Pi Catalan-33Zeta[3]/16
356	one div root two pi	elementary	64	exact	Hold[1/Sqrt[2*Pi]]	64.0	2.44	1/Sqrt[2*Pi]
357	log Sqrt[2π]	elementary	64	false positive	Hold[(9258151*Pi)/72879160]	15.8	2.52	Log10[Sqrt[2*Pi]]
358	'lambda', a Somos quadratic recurrence constant mentioned by Steven Finch	none	64	false positive	Hold[(81287846*Pi)/639192823]	16.7	2.38	
359	Feigenbaum's constant 0.399535	none	64	likely exact	1/α_F≈0.39953528052313448985	19.7	2.08	
360	Li_3(2 - phi)	special	64	false positive	Hold[(182 + 17*E - 62*Pi)^(1/3)/8]	15.4	2.04	PolyLog[3,2-GoldenRatio]
361	radius of convergence of Wedderburn-Etherington numbers g.f	none	64	false positive	Hold[(8902998*Pi)/69455591]	16.0	2.27	
362	'mu', a percolation constant associated with the asymptotic threshold for 3-dimensional bootstrap percolation	none	64	false positive	Hold[(29628006*Pi)/230443661]	16.2	2.30	
363	log(A085850)	none	41	false positive	Hold[Pi*Root[5 - 207*#1 + 1235*#1^2 + 491*#1^3 & , 3, 0]]	14.7	2.42	
364	m_2 = (2-1/e)/4, one of Renyi's parking constants, the mean car density in case "monomer with nearest neighbor exclusion	elementary	64	exact	Hold[1/2 - 1/(4*E)]	64.0	2.24	(2 - 1/E)/4
365	upper bound of the 4-dimensional simultaneous Diophantine approximation constant	elementary	64	false positive	Hold[(5*Pi*Tan[258245/603588]^2)/8]	15.9	2.25	27/(4*(8*Sqrt[3]*Pi - 27))
366	Euler-Kronecker constant (as named by P. Moree) for non-hypotenuse numbers	none	64	false positive	Hold[(3798751*Pi)/29142679]	15.7	2.44	
367	lower bound of the Berry-Esseen constant	elementary	64	false positive	Hold[(92541689*Pi)/709556881]	17.2	2.43	(3 + Sqrt[10])/(6*Sqrt[2*Pi])
368	Hardy-Littlewood constant C_5 = Product_{p prime > 5} 1/(1-1/p)^5 (1-5/p)	none	64	false positive	Hold[Pi*Root[-840 + 6497*#1 - 478*#1^2 + 221*#1^3 & , 1, 0]]	15.7	2.28	
369	sqrt(2)*(sqrt(6) - 1)/5	algebraic	64	exact	Hold[Sqrt[2/(7 + 2*Sqrt[6])]]	64.0	1.97	Sqrt[2](Sqrt[6]-1)/5
370	Prouhet–Thue–Morse constant	special	64	likely exact	P_TM≈0.41245403364010759778	20.1	2.34	(2 - Product[(-1 + 2^2^\[FormalK])/2^2^\[FormalK], {\[FormalK], 0, Infinity}])/4
371	1/(eta*P'(eta)), a constant related to the asymptotic evaluation of the number of prime multiplicative compositions, whe	none	30	false positive	Hold[(6157435*Pi)/46863873]	15.5	2.27	
372	sqrt(2) - 1	algebraic	64	exact	Hold[-1 + Sqrt[2]]	64.0	1.66	Sqrt[2] - 1
373	isosceles triangle line-picking constant	elementary	64	likely exact	s^__lit≈0.41429330259503377743	20.7	2.22	(2 + 4*Sqrt[2] + ArcSinh[1]*(4 + Sqrt[2]))/30
374	Prime constant	special	64	likely exact	P≈0.4146825098511116602481	22.6	2.50	Sum[2^(-Prime[n]), {n, 1, Infinity}]
375	variance of the maximum of a size 6 sample from a normal (0,1) distribution	none	64	false positive	Hold[Cot[Sec[50681/91311]]]	16.1	2.32	
376	volume of the Meissner Body	elementary	64	false positive	Hold[(5171577*Pi)/38696200]	15.5	2.09	(2/3 - Sqrt[3]/4 * ArcCos[1/3])* Pi
377	Minkowski-Bower constant	special	64	false positive	Hold[(5570081*Pi)/41627205]	16.7	2.38	Inactive[Root][{#1 - MinkowskiQuestionMark[#1] & , 0.420372339423223075640993`23.623634131640042}]
378	Schlüter ten disk constant	algebraic	64	false positive	Hold[Pi*Root[-657 + 4905*#1 - 803*#1^2 + 5678*#1^3 & , 1, 0]]	16.4	2.22	Root[819200 - 14172160*\[FormalX] + 114038784*\[FormalX]^2 - 563649536*\[FormalX]^3 + 1899131648*\[FormalX]^4 - 4564076288*\[FormalX]^5 + 7918461504*\[FormalX]^6 - 9722063488*\[FormalX]^7 + 7803109440*\[FormalX]^8 - 2960321792*\[FormalX]^9 - 1038261808*\[FormalX]^10 + 1526909568*\[FormalX]^11 + 227573920*\[FormalX]^12 - 1398966480*\[FormalX]^13 + 1145811528*\[FormalX]^14 - 462103584*\[FormalX]^15 + 98015844*\[FormalX]^16 - 11436428*\[FormalX]^17 + 1180129*\[FormalX]^18, \[FormalX], 1]
379	logarithmic capacity of the unit equilateral triangle	none	64	likely exact	C_B4CC/(2 sqrt(3))≈0.421753934648426824238	21.5	2.35	
380	c_1, a constant associated with the computation of the maximal modulus of an algebraic integer	none	64	false positive	Hold[Root[2740 + 57*#1 - 17150*#1^2 + 3827*#1^3 & , 2, 0]]	16.4	2.30	
381	Reuleaux tetrahedron volume	elementary	64	likely exact	V_R≈0.422157733115826627023	21.1	2.15	(8*Pi)/3 - (27*ArcCos[1/3])/4 + Sqrt[2]/4
382	1 - gamma, where gamma is Euler's constant (or the Euler-Mascheroni constant)	special	64	exact	Hold[1 - EulerGamma]	64.0	2.34	1 - EulerGamma
383	pi^(-3/4)	elementary	64	exact	Hold[Pi^(-3/4)]	64.0	2.16	Pi^(-3/4)
384	Dawson's integral at the inflection point	none	64	false positive	Hold[(6345190*Pi)/46608899]	15.6	2.30	
385	(2/3)*x where x is the real solution of the equation x^2 + 2*sqrt(1 - x^2) = 2*x*(x + arccos(x))	none	64	false positive	Hold[(6234664*Pi)/45777033]	14.9	2.12	
386	gamma', the analog of Euler's constant when 1/x is replaced by 1/(x*log(x))	none	64	false positive	Hold[(74209133*Pi)/544496800]	16.1	2.34	
387	carefree constant	special	64	false positive	Hold[Root[-3270 + 6740*#1 + 257*#1^2 + 4284*#1^3 & , 1, 0]]	16.1	2.49	Product[1 - (-1 + 2*Prime[\[FormalK]])/Prime[\[FormalK]]^3, {\[FormalK], 1, Infinity}]
388	'lambda', a Young-Fejér-Jackson constant linked to the positivity of certain sine sums	none	64	false positive	Hold[(12488489*Pi)/91178365]	15.8	2.29	
389	2*arccsch(2)/sqrt(5)	none	64	false positive	Hold[(46233924*Pi)/337465471]	16.1	2.38	
390	m = (1-1/e^2)/2, one of Renyi's parking constants	elementary	64	exact	Hold[1/2 - 1/(2*E^2)]	64.0	2.29	(1 - 1/E^2)/2
391	Bloch constant lower limit	algebraic	64	likely exact	T_T/4 + 1/5000≈0.433212701892219323381	20.7	2.48	1/5000 + Sqrt[3]/4
392	common logarithm of e	elementary	64	likely exact	1/C_ln 10≈0.434294481903251827651	21.5	2.23	Log10[E]
393	asymptotic probability of success in the full-information secretary problem with uniform distribution when the number of	none	64	false positive	Hold[Log[2823803/784076]/Log[19]]	17.4	2.14	
394	a constant related to the [dimensionless] electrical capacitance of the ring torus without hole (with unit circle radius	none	64	false positive	Hold[Log[(-8 + 91*Sqrt[2] + 30*E + 39*E^2 - 15*Pi - 41*Pi^2)/25]]	15.8	2.14	
395	1/(2*(Pi-2)), the upper bound of the 3-dimensional simultaneous Diophantine approximation constant	elementary	64	exact	Hold[(-4 + 2*Pi)^(-1)]	64.0	2.48	1/(2*(Pi - 2))
397	real part of the infinite power tower of i	special	64	likely exact	Re(P_PT)≈0.438282936727032111626	20.7	2.42	Re[-ProductLog[-Log[I]]/Log[I]]
398	breadth of the "caliper", the broadest worm of unit length	none	64	false positive	Hold[(6*Pi*ArcSinh[670563/1927591]^2)/5]	17.6	2.39	
399	Otter's asymptotic constant beta for the number of rooted trees	none	64	false positive	Hold[(5*(19 + 3*E + 8*E^2))/(-69 + 136*E + 92*E^2)]	15.6	3.55	
400	Ising constant	elementary	64	exact	Hold[ArcCoth[1 + Sqrt[2]]]	64.0	2.09	Log[1 + Sqrt[2]]/2
401	1/log(2)-1, the mean value of a random variable following the Gauss-Kuzmin distribution	elementary	64	exact	Hold[-1 + Log[2]^(-1)]	64.0	2.39	1/Log[2] - 1
403	1D Diophantine approximation constant	algebraic	64	exact	Hold[1/Sqrt[5]]	64.0	1.94	Sqrt[5]^(-1)
404	variance of the maximum of a size 5 sample from a normal (0,1) distribution	special	64	false positive	(799 P_c(triangular site) + 45)/(2 (1000 P_c(triangular site) + 13))≈0.4475340690206630378	14.6	2.24	1 - 25/Pi + 150*ArcCsc[Sqrt[3]]/Pi^2 + 5*Sqrt[3]*ArcSec[2*Sqrt[2/3]]/Pi^2 - 225*ArcCsc[Sqrt[3]]^2/Pi^3
405	7*sqrt(3)/27	algebraic	64	exact	Hold[7/(9*Sqrt[3])]	64.0	1.69	7Sqrt[3]/27
406	asymptotic probability of success in the full information version of the secretary problem	none	64	false positive	Hold[Pi*Root[-95 + 723*#1 - 343*#1^2 - 580*#1^3 + 768*#1^4 & , 2, 0]]	16.4	2.08	
407	2^(1/2)/pi	elementary	64	exact	Hold[Sqrt[2]/Pi]	64.0	2.21	2^(1/2)/Pi
408	log(Pi/2)	elementary	64	exact	Hold[Log[Pi/2]]	64.0	2.03	Log[Pi/2]
409	prime zeta function at 2: Sum_{p prime} 1/p^2	special	64	false positive	Hold[(14122583*Pi)/98104270]	16.3	2.30	PrimeZetaP[2]
410	Product_{n>1} (1-1/n)^(1/n)	none	64	likely exact	e^(-C_Lür)≈0.454512180514646317032	20.8	2.31	
411	e^(-pi/4)	elementary	64	exact	Hold[E^((-4^(-1))*Pi)]	64.0	1.96	E^(-Pi/4)
412	c^c^c^...  where c is the constant defined in A037077	none	64	false positive	Hold[(76376449*Pi)/519446967]	16.8	2.29	
413	Machin Gregory series constant	elementary	64	exact	Hold[ArcTan[1/2]]	64.0	2.26	ArcTan[1/2]
414	6*K/Pi^2, a constant related to the asymptotic evaluation of the number of positive squarefree integers of the form a^2 	none	64	false positive	Hold[(12*E^Pi - 158*Pi + 3*ArcTan[Pi] + 31*Log[Pi] + 223*Log[2*Pi])/496]	16.2	2.16	
415	(1/30)*2^(1/2)*Pi^2	elementary	64	likely exact	(sqrt(2) ζ(2))/5≈0.4652576133092586356105	23.1	2.03	(Sqrt[2] Pi^2)/30
416	'etaHat', a constant used in the asymptotic evaluation of e.g.f. coefficients for the number of labeled mobiles	none	64	false positive	Hold[Root[421 - 420*#1 - 796*#1^2 - 590*#1^3 + 143*#1^4 & , 1, 0]]	17.9	2.23	
417	pi^(-2/3)	elementary	64	exact	Hold[Pi^(-2/3)]	64.0	2.26	Pi^(-2/3)
418	Bloch constant upper limit	special	64	likely exact	B_Bl≈0.47186165345268178487	20.0	2.24	(Sqrt[(-1 + Sqrt[3])/2]*Gamma[1/3]*Gamma[11/12])/Gamma[1/4]
419	Weierstrass constant	special	64	likely exact	W_We≈0.474949379987920650332	21.0	2.32	(2*2^(1/4)*E^(Pi/8)*Sqrt[Pi])/Gamma[1/4]^2
420	Plouffe's b-constant	none	64	likely exact	P_B≈0.475626076735988554804	20.7	2.33	
421	common logarithm of 3	elementary	64	exact	Hold[Log[3]/Log[10]]	64.0	2.36	Log10[3]
422	quadtree leaf proportion constant	elementary	64	exact	Hold[-39 + 4*Pi^2]	64.0	1.90	-39 + 4*Pi^2
423	(6*sqrt(3) + 12*log(2+sqrt(3)) - Pi)/48	elementary	64	false positive	Hold[(20771302*Pi)/135864077]	16.6	2.24	(6Sqrt[3]+12Log[2+Sqrt[3]]-Pi)/48
424	(ln 2)^2	elementary	64	exact	Hold[Log[2]^2]	64.0	2.28	Log[2]^2
425	2*zeta(3)/5	special	64	exact	Hold[(2*Zeta[3])/5]	64.0	2.05	2*Zeta[3]/5
426	logarithm of golden ratio	elementary	64	exact	Hold[Log[GoldenRatio]]	64.0	2.34	Log[GoldenRatio]
427	Trott's third constant	none	64	likely exact	T_3≈0.48267728193918159949	20.1	2.17	
428	a constant related to the expected number of vertices of the largest tree associated with a random mapping on n symbols	none	64	false positive	Hold[(289691/165911)^(3/4)/Pi]	15.5	2.08	
429	2*K/Pi, a constant related to the asymptotic evaluation of the number of positive integers all of whose prime factors ar	none	64	false positive	Hold[Root[-542 + 400*#1 - 332*#1^2 + 3699*#1^3 & , 1, 0]]	17.9	2.23	
430	Gaussian twin prime constant	special	64	false positive	Hold[(5271631*Pi)/33963379]	16.2	2.06	(Pi^2*Product[Piecewise[{{((1 - 4/Prime[\[FormalK]])*(1 + Prime[\[FormalK]])^2)/(-1 + Prime[\[FormalK]])^2, Mod[Prime[\[FormalK]], 4] == 1}}, 1], {\[FormalK], 1, Infinity}])/8
431	3/(8*K), a constant related to the asymptotic evaluation of the number of positive integers that can be expressed as the	none	64	likely exact	3/(8 K_LR)≈0.49069405041153957360	21.1	1.98	
432	variance of the maximum of a size 4 sample from a normal (0,1) distribution	special	64	false positive	Hold[Pi*Root[-7 + 24*#1 - 38*#1^2 + 948*#1^3 + 899*#1^4 & , 2, 0]]	15.8	2.35	1 + Sqrt[3]/Pi - 36*ArcSec[Sqrt[3]]^2/Pi^3
433	Shapiro-Drinfeld cyclic sum constant	special	64	false positive	Hold[Pi*Root[-61 + 194*#1 + 1169*#1^2 + 370*#1^3 + 73*#1^4 & , 2, 0]]	16.5	2.34	ConditionalExpression[Extension`ShapiroDrinfeldCyclicSumConstant == \[FormalY]/2, \[FormalY] + \[FormalY]*E^(\[FormalX]/2) == (2 + \[FormalX])/E^(\[FormalX]/2) + \[FormalX]/(1 + E^(\[FormalX]/2)) && \[FormalX] + (1 + 2*E^(\[FormalX]/2))^(-1) == Log[(4*E^\[FormalX]*Cosh[\[FormalX]/4]^2)/(1 + 2*E^(\[FormalX]/2))] && -3/2 < \[FormalX] < -1/2 && 1/2 < \[FormalY] < 1]
434	fifth (of 10) decimal selvage number	none	64	false positive	Hold[49/99]	19.6	1.87	
435	1-gamma-gamma(1), a constant related to the asymptotic expansion of j(n), the counting function of "jagged" numbers, whe	special	64	false positive	Hold[(-13*(9 - 9*Pi + Pi^2))/(-140 - 367*Pi + 156*Pi^2)]	16.0	2.32	1 - EulerGamma - StieltjesGamma[1]
436	common logarithm of π	elementary	64	false positive	Hold[Root[-866 - 1786*#1 + 4185*#1^2 + 5856*#1^3 & , 3, 0]]	16.7	2.29	Log10[Pi]
437	Half	rational	64	not found		nan	0.60	1/2
438	birthday problem constant	rational	64	likely exact	C_B23≈0.507297234323985407225	21.1	2.38	38093904702297390785243708291056390518886454060947061/75091883268515350125426207425223147563269805908203125
439	A245781*Pi/2	none	64	false positive	Hold[Root[525 - 940*#1 - 3872*#1^2 + 7211*#1^3 & , 3, 0]]	15.4	2.23	
440	sqrt(2 - sqrt(3)), edge length of a regular dodecagon with circumradius 1	none	64	likely exact	tan(θ_t/4)≈0.517638090205041524697	20.8	1.81	
441	a constant related to the asymptotic expansion of the smallest Lebesgue constant corresponding to an optimal interpolati	special	64	false positive	Hold[(5630137*Pi)/33932934]	15.9	2.44	2/Pi*(2*Log[2] - Log[Pi] + EulerGamma)
442	square line-picking constant	elementary	64	likely exact	(3 s^__lse)/5≈0.52140543316472067833	20.7	2.25	(2 + 5*Log[1 + Sqrt[2]] + Sqrt[2])/15
443	sixth pi	elementary	64	exact	Hold[Pi/6]	64.0	2.11	Pi/6
444	Upper limit of backward value of 5^n	none	64	false positive	Hold[(9241123*Pi)/55134088]	15.4	2.10	
445	Mrs. Miniver's constant	none	64	false positive	Hold[(3292746*Pi)/19522865]	15.3	2.20	
446	Pythagorean triple constant for areas	special	64	likely exact	C_PTA≈0.531339949958421825591	21.3	2.29	Gamma[1/4]^2/Sqrt[2*Pi^5]
447	Otter's asymptotic constant beta for the number of unrooted trees	none	64	false positive	Hold[(5663123*Pi)/33257760]	15.0	2.08	
448	Product_{p odd prime} 1-2/(p*(p-1)), a constant related to Artin's conjecture in the context of quadratic fields	none	64	false positive	Hold[(14787653*Pi)/86817741]	15.8	2.08	
449	2*(2 - sqrt(3))	algebraic	64	exact	Hold[4 - 2*Sqrt[3]]	64.0	1.99	2(2-Sqrt[3])
450	Li_3(1/2)	special	64	false positive	Hold[(27118437*Pi)/158587100]	17.4	2.41	PolyLog[3, 1/2]
451	'c', one of Polya's Random Walk constants, related to the asymptotics of the number of 3-D random walks starting from an	none	64	false positive	Hold[(-266 - 702*Pi + 70*Pi^2 + 91*Pi*Pi!)/(162*Pi)]	16.2	2.29	
452	Ioachimescu constant	special	64	false positive	Hold[Cot[Sec[10543/27895]]]	13.5	2.21	2 + Zeta[1/2]
453	cos one	elementary	64	exact	Hold[Cos[1]]	64.0	2.51	Cos[1]
454	value of the maximum of Dawson's integral D_+(x)	none	64	false positive	Hold[(8744377*Pi)/50774538]	15.3	2.33	
455	Landau constant upper limit	special	64	likely exact	L_L≈0.543258965342976706952	20.9	2.40	(Gamma[1/3]*Gamma[5/6])/Gamma[1/6]
456	Pi^2/18	elementary	64	likely exact	ζ(2)/3≈0.54831135561607547882	20.1	2.00	Pi^2/18
457	-ln gamma	special	64	false positive	Hold[(Pi*ArcCosh[487860/355913]^2)/4]	15.2	2.14	-Log[EulerGamma]
458	coefficient c_m in c_m*log(N), the asymptotic mean number of factors in a random factorization of n <= N	none	64	false positive	Hold[(21803879*Pi)/124541200]	15.8	2.29	
459	probability that an integer triple is pairwise unitary coprime	none	64	false positive	Hold[(-49*E^Pi + 170*Pi - 59*ArcTan[Pi] + 435*Log[Pi] + 120*Log[2*Pi])/80]	15.6	2.36	
460	Kuijlaars-Saff constant	special	64	false positive	Hold[Pi*Root[-40 + 254*#1 - 191*#1^2 + 200*#1^3 + 118*#1^4 + #1^5 & , 3, 0]]	16.4	2.16	-1/2*(3^(3/4)*Zeta[1/2]*(Zeta[1/2, 1/3] - Zeta[1/2, 2/3]))/Sqrt[2*Pi]
461	smallest disk radius for which six equal disks can cover the unit disk	none	64	false positive	Hold[Pi*Root[-782 + 4156*#1 + 703*#1^2 + 4437*#1^3 & , 1, 0]]	15.6	2.34	
462	1-9/(4*Pi)+sqrt(3)/(2*Pi), an extreme value constant	elementary	64	exact	Hold[(-9 + 2*Sqrt[3] + 4*Pi)/(4*Pi)]	64.0	2.08	1 - 9/(4*Pi) + Sqrt[3]/(2*Pi)
463	value of the Buchstab function at phi + 2 = (5 + sqrt(5))/2 (A296184)	elementary	64	false positive	Hold[Root[-983 - 748*#1 + 3762*#1^2 + 1240*#1^3 & , 3, 0]]	15.9	2.20	(1 + 2*Log[GoldenRatio] + Log[GoldenRatio]^2 - Pi^2/60)/(GoldenRatio + 2)
464	reciprocal exponential of Euler γ	special	64	exact	Hold[E^(-EulerGamma)]	64.0	2.21	E^(-EulerGamma)
465	one div root pi	elementary	64	exact	Hold[1/Sqrt[Pi]]	64.0	2.20	1/Sqrt[Pi]
466	Omega constant	special	64	likely exact	e^(-W(1))≈0.567143290409783872999	20.8	2.22	ProductLog[1]
467	infinite tetration of i absolute value	special	64	false positive	Hold[Root[2690 - 8159*#1 - 900*#1^2 + 12201*#1^3 & , 3, 0]]	15.8	2.06	Limit[Abs[Nest[I^#1 & , I, \[FormalN]]], \[FormalN] -> Infinity]
468	B, a constant appearing in an asymptotic formula related to the exponential divisor function sigma^(e)	none	64	false positive	Hold[(6191259*Pi)/34226483]	15.6	2.26	
469	(PolyGamma(1,(1+sqrt(5))/4)-PolyGamma(1,(3+sqrt(5))/4))/2	special	64	false positive	Hold[(-89 + 68*Catalan - 71*Pi^2 + 20*Pi*Log[139968])/30]	15.6	2.09	(PolyGamma[1,(1+Sqrt[5])/4]-PolyGamma[1,(3+Sqrt[5])/4])/2
470	weakly carefree constant	special	64	false positive	Hold[Log[5341/635]/Log[42]]	12.4	2.21	2*Product[1 - (-1 + 2*Prime[\[FormalK]])/Prime[\[FormalK]]^3, {\[FormalK], 1, Infinity}] - Product[1 - (-2 + 3*Prime[\[FormalK]])/Prime[\[FormalK]]^3, {\[FormalK], 1, Infinity}]
471	Product_{p prime > 2} 1-1/(p^2-3p+3), a constant related to I. M. Vinogradov's proof of the "ternary" Goldbach conjectur	none	64	false positive	Hold[(8895086*Pi)/48700003]	15.6	2.09	
472	eta_A, a constant associated with the asymptotics of the enumeration of labeled acyclic digraphs	none	64	false positive	Hold[(306 - 497*E - 919*E^2 + 690*E*E!)/(100*E)]	15.2	2.29	
473	Stephens' constant	special	64	false positive	Hold[(1823949*Pi)/9948790]	15.3	2.32	Product[1 - Prime[n]/(-1 + Prime[n]^3), {n, 1, Infinity}]
474	a constant related to the asymptotics of A005169	none	64	false positive	Hold[E^(-13 - 8/E + 10*E + 9/Pi + 3*Pi)*Pi^(15 - 12*E)*Cos[E*Pi]^8*Sin[E*Pi]]	15.6	2.43	
475	Euler gamma	special	64	exact	Hold[EulerGamma]	64.0	2.51	EulerGamma
476	3^(-1/2)	algebraic	64	likely exact	T_T/3≈0.577350269189625764509	21.6	1.87	3^(-1/2)
477	Pi/(2e)	none	64	exact	Hold[Pi/(2*E)]	64.0	2.37	
478	k3, a Diophantine approximation constant such that the conjectured volume of the "critical parallelepiped" is 2^3*k3 (th	algebraic	64	likely exact	1/(7 S - 21)≈0.57841676278890075907	20.1	1.95	8/7*Cos[2*Pi/7]*Cos[Pi/7]^2
479	asymptotic probability of success in one of the Secretary problems	none	64	false positive	Hold[Root[150 + 82*#1 - 808*#1^2 + 52*#1^3 + 567*#1^4 & , 3, 0]]	16.8	2.24	
480	Pell constant	special	64	likely exact	P_Pell≈0.580577558204892402290	22.1	1.93	1 - QPochhammer[1/2, 1/4]
481	gamma_3, a lattice sum constant, analog of Euler's constant for 3-dimensional lattices	none	64	false positive	Hold[Pi*Root[-38 + 40*#1 + 923*#1^2 - 267*#1^3 + 543*#1^4 & , 2, 0]]	15.8	2.35	
482	-zeta(1/2)/sqrt(2*Pi)	special	64	false positive	Hold[(4936723*Pi)/26620749]	15.5	2.28	-Zeta[1/2]/Sqrt[2*Pi]
483	first Kneser-Mahler polynomial constant	special	64	likely exact	2 C_d≈0.58312180806163756027	19.9	2.27	(2*Catalan)/Pi
484	Logarithmic capacity of the unit disk	special	64	likely exact	G_Ga/sqrt(2)≈0.590170299508048113022	20.9	2.23	Gamma[1/4]^2/(4*Pi^(3/2))
485	Lehmer constant	special	64	likely exact	ξ≈0.59263271820163619710	20.2	2.05	ConditionalExpression[Extension`LehmerConstant == Cot[Sum[(-1)^\[FormalK]*ArcCot[Subscript[\[FormalC], \[FormalK]]], {\[FormalK], 0, Infinity}]], Subscript[\[FormalC], 0] == 0 && Subscript[\[FormalC], \[FormalK]] == 1 + Subscript[\[FormalC], -1 + \[FormalK]] + Subscript[\[FormalC], -1 + \[FormalK]]^2]
487	Gompertz constant	special	64	likely exact	G_Go≈0.59634736232319407434	20.7	2.26	-(E*ExpIntegralEi[-1])
489	Champernowne base-3 constant	special	64	false positive	Hold[(5*(1 + 30*Pi))/(-13 + 119*Pi + 44*Pi^2)]	15.2	2.19	ChampernowneNumber[3]
490	second lemniscate constant	special	64	likely exact	1/(2 G_Ga)≈0.599070117367796103719	20.8	2.30	Gamma[3/4]^2/Sqrt[2*Pi]
491	sqrt(13)/6	algebraic	64	exact	Hold[Sqrt[13]/6]	64.0	1.88	Sqrt[13] / 6
492	log10(4)	elementary	64	exact	Hold[Log[4]/Log[10]]	64.0	2.29	Log[10, 4]
493	G(1/2) where G is the Barnes G-function	special	64	false positive	Hold[(107 - 24*E + 220*E^2 + 3*E*E!)/(1038*E)]	15.7	2.29	BarnesG[1/2]
494	sum_{n>=1} 1/(n binomial(2n, n))	elementary	64	exact	Hold[Pi/(3*Sqrt[3])]	64.0	2.20	Pi/(3*Sqrt[3])
495	QRS constant	special	64	likely exact	C_Q≈0.60544365719673274947	19.8	2.32	Root[{Zeta[1/2, #1/2] & , 0.605443657196732749478922842447`29.782073733759695}]
496	exp minus half	elementary	64	exact	Hold[1/Sqrt[E]]	64.0	1.95	Exp[-1/2]
497	6/Pi^2	elementary	64	exact	Hold[6/Pi^2]	64.0	1.93	6/Pi^2
498	Sum{p prime>=2} log(p)/(p^2-p+1)	none	64	false positive	Hold[(14048919*Pi)/72546527]	16.0	2.14	
499	Neville five disk constant	algebraic	64	false positive	Hold[Pi*Root[412 - 1035*#1 - 5616*#1^2 + 9*#1^3 & , 2, 0]]	15.7	2.52	Root[625 - 800*\[FormalX] + 22*\[FormalX]^2 - 1776*\[FormalX]^3 + 1665*\[FormalX]^4 + 1360*\[FormalX]^5 - 3480*\[FormalX]^6 + 2112*\[FormalX]^7 + 1296*\[FormalX]^8, \[FormalX], 3]
500	strongly triple-free set constant	none	28	false positive	Hold[Root[-1598 + 163*#1 + 1070*#1^2 + 4744*#1^3 & , 1, 0]]	16.3	2.10	
501	best lower bound for the Steiner ratio rho_3, the least upper bound on the ratio of the length of the Steiner minimal tr	none	64	false positive	Hold[(1194276*Pi)/6092497]	14.8	2.08	
502	(1/16)*Pi^2	special	64	likely exact	(3 ζ(2))/8≈0.616850275068084913677	21.6	2.24	Gamma[3/2]^4
503	-1/(e^2 Ei(-1)), an increasing rooted tree enumeration constant associated with the Euler-Gompertz constant, where Ei is	special	64	false positive	Hold[(2*(-9 + 9*Pi + 38*Pi^2))/(-43 - 170*Pi + 188*Pi^2)]	15.5	2.13	-1/(E^2*ExpIntegralEi[-1])
504	Lenz-Ising constant	elementary	64	false positive	Hold[Pi*Root[-72 + 99*#1 + 1359*#1^2 - 138*#1^3 + 470*#1^4 & , 2, 0]]	16.0	2.15	1 + Pi/4 + Log[(Log[1 + Sqrt[2]]*Sqrt[2])/4]
505	Cbrt[3/4π]	elementary	64	likely exact	((3 P_A)/2)^(1/3)≈0.620350490899400016	18.0	1.81	CubeRoot[3/(4*Pi)]
506	1/(theta*P'(theta)), a constant appearing in the asymptotic evaluation of the coefficients q_n in 1/(1+P(x)), where P(x)	none	64	false positive	Hold[Root[-2154 + 3202*#1 + 319*#1^2 + 157*#1^3 & , 1, 0]]	16.0	2.26	
507	'kappa', an asymptotic enumeration constant related to unit interval graphs	none	64	false positive	Hold[(6009149*Pi)/30296414]	16.2	1.98	
508	Golomb–Dickman constant	special	64	likely exact	λ_GD≈0.624329988543550870992	20.8	2.24	Integrate[E^LogIntegral[\[FormalX]], {\[FormalX], 0, 1}]
509	constant in Kac's formula	none	64	false positive	Hold[Pi*Root[150 - 805*#1 + 162*#1^2 + 495*#1^3 & , 2, 0]]	13.0	2.53	
510	'lambda', a constant such that exp(lambda*Pi) is the best-known upper bound (as given by Julian Gevirtz) of the John con	none	64	false positive	Hold[(15873505*Pi)/79428743]	15.8	2.26	
511	Davison-Shallit constant	special	64	false positive	Hold[Pi*Root[328 - 262*#1 - 6894*#1^2 + 157*#1^3 & , 2, 0]]	15.6	2.32	ConditionalExpression[Extension`DavisonShallitConstant == Sum[(-1)^\[FormalK]/(Subscript[\[FormalQ], \[FormalK]]*Subscript[\[FormalQ], 1 + \[FormalK]]), {\[FormalK], 0, Infinity}], Subscript[\[FormalQ], 0] == 1 && Subscript[\[FormalQ], 1] == 1 && Subscript[\[FormalQ], \[FormalK]] == Subscript[\[FormalQ], -2 + \[FormalK]]*(1 + Subscript[\[FormalQ], -1 + \[FormalK]])]
512	rayleigh skewness	elementary	64	false positive	Hold[Cos[Sinh[51973/19480]]]	12.9	2.04	2*Sqrt[Pi]*(Pi - 3)/(4 - Pi)^(3/2)
513	1 - 1/e	elementary	64	exact	Hold[(-1 + E)/E]	64.0	2.20	1 - 1/E
514	Hardy-Littlewood constant Product_{p prime >= 5} (1-(3*p-1)/(p-1)^3)	none	64	false positive	Hold[(16792327*Pi)/83056432]	15.9	2.39	
515	Buffon constant	elementary	64	exact	Hold[2/Pi]	64.0	2.20	2/Pi
516	(2^(1/3)-1)^(1/3)	algebraic	64	false positive	Hold[(10098148*Pi)/49710079]	15.8	2.16	Power[Power[2, (3)^-1] - 1, (3)^-1]
517	an analog of the Landau-Ramanujan constant for Loeschian numbers	none	64	false positive	Hold[(7155134*Pi)/35182635]	15.6	2.40	
518	first non-alternating series of reciprocal primes constant	special	64	false positive	Hold[-Cot[Csc[8077/42414]]]	12.2	1.81	Sum[Piecewise[{{-1, Mod[Prime[\[FormalK]], 3] == 1}, {1, Mod[Prime[\[FormalK]], 3] == 2}}, 0]/Prime[\[FormalK]], {\[FormalK], 1, Infinity}]
519	Cahen's constant	special	64	likely exact	C_C≈0.64341054628833802618	20.5	2.02	ConditionalExpression[Extension`CahenConstant == Sum[(-1)^\[FormalK]/(-1 + \[FormalS][\[FormalK]]), {\[FormalK], 0, Infinity}], \[FormalS][0] == 2 && \[FormalS][\[FormalN]] == 1 - \[FormalS][-1 + \[FormalN]] + \[FormalS][-1 + \[FormalN]]^2 && \[FormalS][\[FormalN]] == 1 + Product[\[FormalS][\[FormalK]], {\[FormalK], 0, -1 + \[FormalN]}]]
520	a constant related to a conjectured value of the Masser-Gramain constant	special	64	false positive	Hold[(9234273*Pi)/44890567]	15.5	2.26	Pi/4*(2*EulerGamma + 2*Log[2] + 3*Log[Pi] - 4*Log[Gamma[1/4]])
521	Integral_{x=0..Infinity} sin(x)/(x^2+1) dx	none	64	false positive	Hold[Cos[Cos[23471/45075]]]	14.2	2.16	
522	unit-diameter hexagon area	algebraic	64	exact	Hold[(3*Sqrt[3])/8]	64.0	1.86	(3*Sqrt[3])/8
523	Maximal unitary square-free divisor sum constant	none	64	false positive	Hold[Root[821 - 7135*#1 + 8493*#1^2 + 839*#1^3 & , 3, 0]]	16.5	2.31	
524	delta = (1+alpha)/4, a constant appearing in Koecher's formula for Euler's gamma constant, where alpha is A065442, the E	none	64	likely exact	1/4 (ℰ_EB + 1)≈0.651673788103822940945	20.9	2.32	
525	negative of Granville-Soundararajan constant	special	64	likely exact	1 - 2 δ_0≈0.656999013716927868279	21.7	2.15	-(4*PolyLog[2, -Sqrt[E]] + Pi^2/3 + 1)
526	harmonic power tower even term limit	special	64	false positive	Hold[(-12*E^Pi - 80*Pi + 473*ArcTan[Pi] + Log[Pi] + 64*Log[2*Pi])/284]	16.4	2.27	Limit[Fold[(1/#2)^#1 & , 1, Table[\[FormalI], {\[FormalI], 2*\[FormalN], 2, -1}]], \[FormalN] -> Infinity]
527	escape probability for a random walk on the 3-D cubic lattice (a Polya random walk constant)	none	64	likely exact	1 - p(3)≈0.65946267044900085717	20.2	2.20	
528	Twin primes constant	special	64	likely exact	Π_2≈0.66016181584686957392	19.9	2.36	Product[1 - (-1 + Prime[\[FormalK]])^(-2), {\[FormalK], 2, Infinity}]
529	Feller–Tornier constant	special	64	likely exact	C_FT≈0.661317049469622335289	20.9	2.42	1/2 + Product[1 - 2/Prime[n]^2, {n, 1, Infinity}]/2
530	Robbins constant	elementary	64	likely exact	(5 Δ_f(3))/7≈0.66170718226717623515	20.1	2.19	(4 + 17*Sqrt[2] - 6*Sqrt[3] - 7*Pi)/105 + Log[1 + Sqrt[2]]/5 + (2*Log[2 + Sqrt[3]])/5
531	Laplace limit	special	64	likely exact	L_LL≈0.66274341934918158097	20.1	2.17	Root[{-1 + E^Sqrt[1 + #1^2]*#1 - Sqrt[1 + #1^2] & , 0.6627434193491815809747420971092529070562335491150224175204`30.}]
532	twothirds	rational	64	exact	Hold[2/3]	64.0	1.89	2/3
533	3/2 - gamma / log(2), a coin tossing constant related to the asymptotic evaluation of the expected length of the longest	special	64	false positive	Hold[(7839405*Pi)/36909818]	15.7	2.21	3/2 - EulerGamma/Log[2]
534	Shanks constant	special	64	false positive	Hold[Sqrt[(116 - 95*E + Pi + 532*Log[2])/2]/16]	15.9	2.12	(Pi^2*Product[Piecewise[{{((1 - 4/Prime[\[FormalK]])*(1 + Prime[\[FormalK]])^2)/(-1 + Prime[\[FormalK]])^2, Mod[Prime[\[FormalK]], 8] == 1}}, 1], {\[FormalK], 1, Infinity}])/(16*Log[1 + Sqrt[2]])
535	sqrt(3)/(4 - sqrt(2))	algebraic	64	exact	Hold[-(Sqrt[3]/(-4 + Sqrt[2]))]	64.0	2.21	Sqrt[3]/(4-Sqrt[2])
536	gamma_2, a lattice sum constant, analog of Euler's constant for two-dimensional lattices	none	64	false positive	Hold[(6698819*Pi)/31367864]	16.0	2.25	
537	probable error constant	special	64	likely exact	C_PE≈0.674489750196081743202	21.5	2.00	InverseErf[1/2]*Sqrt[2]
538	Graham biggest little hexagon area	algebraic	64	likely exact	(A^*)≈0.67498144293010470368	19.9	2.35	Root[11993 - 78488*#1 + 144464*#1^2 + 1232*#1^3 - 221360*#1^4 + 146496*#1^5 + 21056*#1^6 - 30848*#1^7 - 3008*#1^8 + 8192*#1^9 + 4096*#1^10 & , 5]
539	generalized Euler constant gamma(1,3)	special	64	false positive	Hold[(25231*Pi^4)/3626000]	12.0	2.40	EulerGamma/3 + Pi*Sqrt[3]/18 + Log[3]/6
540	Taniguchi constant	special	64	likely exact	C_T≈0.678234491917391978035	21.1	2.32	Product[1 - Prime[n]^(-6) + Prime[n]^(-5) + 2/Prime[n]^4 - 3/Prime[n]^3, {n, 1, Infinity}]
541	1 - 1/Pi	elementary	64	exact	Hold[1 - Pi^(-1)]	64.0	2.20	1 - 1/Pi
542	positive solution to the equation x/(1-x) = 1+log(1/(1-x)), an auxiliary constant associated with the problem of enumera	none	64	false positive	Hold[Pi*Root[-293 - 53*#1 + 5479*#1^2 + 4511*#1^3 & , 3, 0]]	16.0	2.28	
543	log e^(π/2)	elementary	64	false positive	Hold[Sqrt[(-438 + 293*E - 28*Pi + 116*Log[2])/754]]	15.9	2.18	Log10[E^(Pi/2)]
544	one div cbrt pi	elementary	64	exact	Hold[Pi^(-3^(-1))]	64.0	2.40	Pi^(-1/3)
545	least x>0 having sin(4x) = (sin x)^2	none	64	likely exact	cos^(-1)(C_CR/2)≈0.68298269916008168797	20.0	2.42	
546	Integral_{x=0..1} log(floor(1/x))/(1+x) dx	special	64	false positive	Hold[(20006082*Pi)/91790105]	16.0	2.28	Log[2]*Log[Khinchin]
547	-x, the real root of the equation 0 = 1 + Sum_{k>=1} prime(k) x^k. The inverse of Backhouse's constant (A072508)	none	64	likely exact	1/C_B≈0.6867778344606349544	19.4	2.21	
548	harmonic power tower odd term limit	special	64	false positive	Hold[(20129204*Pi)/91602843]	16.2	2.17	Limit[Fold[(1/#2)^#1 & , 1, Table[\[FormalI], {\[FormalI], 1 + 2*\[FormalN], 2, -1}]], \[FormalN] -> Infinity]
549	reciprocal of Steiner number	elementary	64	exact	Hold[E^(-E^(-1))]	64.0	2.21	E^(-E^(-1))
550	Sum_{k=1..50000} (-1)^(k+1) / k	special	64	false positive	Hold[Root[-150 - 650*#1 + 1059*#1^2 + 26*#1^3 + 360*#1^4 & , 2, 0]]	16.4	1.93	Sum[(-1)^(k + 1)/k, {k, 1, 50000}]
551	Natural logarithm of 2	elementary	64	likely exact	-1/4 b_4(2)≈0.693147180559945309417	21.5	2.16	Log[2]
552	rank-2 Artin constant	special	64	false positive	Hold[Pi*Root[926 - 4683*#1 + 2090*#1^2 + 978*#1^3 & , 2, 0]]	15.9	2.06	Product[1 - 1/((-1 + Prime[\[FormalK]])*Prime[\[FormalK]]^2), {\[FormalK], 1, Infinity}]
553	First continued fraction constant	special	64	likely exact	C_CF≈0.6977746579640079820	20.0	1.98	BesselI[1, 2]/BesselI[0, 2]
554	log10(5)	elementary	64	exact	Hold[Log[5]/Log[10]]	64.0	2.32	Log[10, 5]
555	probability that a point of an infinite (rooted) tree is fixed by every automorphism of the tree	none	64	false positive	Hold[(25*Pi^2 + Pi^4 - 84*Zeta[3] + 7*Zeta[5])/358]	15.5	2.32	
558	Integral_{x = 1..infinity} 1/x^x dx	none	64	false positive	Hold[Root[-46 + 69*#1 - 19*#1^2 + 4*#1^3 + 20*#1^4 + 3*#1^5 & , 3, 0]]	15.7	2.47	
559	carefree product constant	special	64	false positive	Hold[Root[350 - 293*#1 + 670*#1^2 - 1395*#1^3 + 47*#1^4 & , 1, 0]]	16.0	2.24	Product[1 - 1/(Prime[\[FormalK]]*(1 + Prime[\[FormalK]])), {\[FormalK], 1, Infinity}]
560	rectilinear crossing constant	elementary	64	likely exact	1 - 4 A^__td≈0.70447988104318149995	20.1	2.24	1 - 35/(12*Pi^2)
561	'C' (as designated by D. Shanks), a constant appearing in the second order term of the asymptotic expansion of the numbe	none	64	false positive	Hold[Root[17 - 129*#1 - 544*#1^2 + 470*#1^3 + 728*#1^4 & , 4, 0]]	15.7	2.27	
562	K, a constant arising in the analysis of the binary Euclidean algorithm	none	40	false positive	Hold[(60 - 759*E + 143*E^2 + 148*E*E!)/(400*E)]	15.8	2.22	
563	sqrt(1/2)	algebraic	64	likely exact	e^(b_4(2)/8)≈0.70710678118654752440	20.9	1.74	1/Sqrt[2]
564	rabbit constant	special	64	likely exact	ℛ≈0.709803442861291314641	21.0	2.25	Sum[2^(-Floor[\[FormalK]*GoldenRatio]), {\[FormalK], 1, Infinity}]
565	generalized Euler constant gamma(1,4)	special	64	false positive	Hold[(4*(29 + 29*Pi + 22*Pi^2))/(3*(-40 + 98*Pi + 37*Pi^2))]	16.0	2.18	EulerGamma/4 + Pi/8 + Log[2]/4
566	Hopf constant	special	64	false positive	Hold[Root[-1545 + 1797*#1 + 462*#1^2 + 98*#1^3 & , 1, 0]]	16.4	2.09	6/Pi^2 + Integrate[3/\[FormalTheta]^2 - (1 - \[FormalTheta]*Cot[\[FormalTheta]])^(-1), {\[FormalTheta], 0, Pi/2}]/Pi
567	1/(phi*log(4 - phi))	elementary	64	false positive	Hold[(7989364*Pi)/35247841]	15.5	2.25	(GoldenRatio Log[4-GoldenRatio])^(-1)
568	Traveling Salesman constant	algebraic	64	false positive	Hold[(12243323*Pi)/53811506]	15.5	2.23	4/153*(1 + 2*Sqrt[2])*Sqrt[51]
569	e^(-1/3)	elementary	64	exact	Hold[E^(-3^(-1))]	64.0	2.14	E^(-1/3)
570	constant appearing in the expected number of comparisons for a successful digital tree search (negated)	none	64	false positive	Hold[Root[-1406 + 1297*#1 + 763*#1^2 + 230*#1^3 & , 1, 0]]	15.7	2.15	
571	1/(2 log 2)	elementary	64	exact	Hold[Log[4]^(-1)]	64.0	2.23	1/(2Log[2])
572	k2, a Diophantine approximation constant such that the area of the "critical parallelogram" (in this case a square) is 4	algebraic	64	exact	Hold[(5 + Sqrt[5])/10]	64.0	1.79	(1+1/Sqrt[5])/2
573	Sarnak constant	special	64	likely exact	C_Sa≈0.723648402298200009	18.2	2.35	Product[1 - (2 + Prime[\[FormalK]])/Prime[\[FormalK]]^3, {\[FormalK], 2, Infinity}]
574	Langford constant	elementary	64	exact	Hold[97/150 + Pi/40]	64.0	2.50	97/150 + Pi/40
575	constant that appears in the asymptotic formula for average order of the infinitary divisors sum function (A049417)	none	64	false positive	Hold[Root[-163 - 399*#1 + 342*#1^2 + 697*#1^3 & , 3, 0]]	16.3	2.41	
576	a constant related to the asymptotic evaluation of Product_{p prime congruent to 1 modulo 4} (1 + 1/p)	none	64	false positive	Hold[Pi*Root[180 - 750*#1 - 67*#1^2 - 232*#1^3 + 505*#1^4 & , 1, 0]]	15.8	2.24	
577	sum_{n>=1} 1/binomial(2n, n)	elementary	64	false positive	1/207 (141 C_N - 88)≈0.7363998587191152	12.3	2.03	1/3 + 2*Sqrt[3]*Pi/27
579	1/Gamma(2/3)	special	64	false positive	Hold[Root[6334 - 8632*#1 - 4400*#1^2 + 6059*#1^3 & , 2, 0]]	16.4	2.38	1/Gamma[2/3]
580	Dottie number	special	64	likely exact	D_Do≈0.73908513321516064165	20.1	2.13	Root[{Cos[#1] - #1 & , 0.7390851332151606416553120876738734040134117589007574649656`30.}]
581	densest spatial packing of spheres constant	elementary	64	likely exact	sqrt(ζ(2)/3)≈0.74048048969306104116	19.9	2.03	Pi/(3*Sqrt[2])
582	Rosser constant	special	64	false positive	Hold[Root[-3448 + 300*#1 + 3657*#1^2 + 2955*#1^3 & , 1, 0]]	16.9	2.18	(8*Catalan)/Pi^2
583	Sarnak product constant	special	64	false positive	Hold[Pi*Root[67 - 269*#1 - 90*#1^2 + 11*#1^3 + 510*#1^4 & , 1, 0]]	15.6	2.38	(5*Pi^2*Product[1 - (2 + Prime[\[FormalK]])/Prime[\[FormalK]]^3, {\[FormalK], 2, Infinity}])/48
584	s_4, a 4-dimensional Steiner ratio analog	none	64	false positive	Hold[Root[145 + 160*#1 + 80*#1^2 - 835*#1^3 + 116*#1^4 & , 1, 0]]	15.9	23.03	
585	B, the coefficient of n*log(n)^2 in the asymptotic formula of Ramanujan for Sum_{k=1..n} (d(k)^2), where d(k) is the num	none	64	false positive	Hold[Log[(-55 - 59*Sqrt[2] - 89*E + 88*E^2 - 8*Pi - 12*Pi^2)/60]]	16.2	2.41	
586	Rényi parking constant	special	64	likely exact	m_R≈0.747597920253411435178	21.0	2.37	Integrate[Exp[-2*(EulerGamma + Gamma[0, \[FormalT]] + Log[\[FormalT]])], {\[FormalT], 0, Infinity}]
587	exp(-gamma/2)	special	64	exact	Hold[E^((-2^(-1))*EulerGamma)]	64.0	1.96	Exp[-EulerGamma/2]
588	three quarters	rational	64	unverifiable	3/4 = 0.75	nan	0.84	3/4
589	pi^(-1/4)	elementary	64	exact	Hold[Pi^(-4^(-1))]	64.0	2.30	Pi^(-1/4)
590	Sum_{n>=1} (-1)^(n-1)*H(n)/n^2, where H(n) is the n-th harmonic number	special	64	exact	Hold[(5*Zeta[3])/8]	64.0	2.07	5*Zeta[3]/8
591	linear asymptotic constant B in Sum_{k=1..n} 1/A000688(k) = ~B*n + 	none	64	false positive	Hold[Pi*Root[-510 + 340*#1 + 4868*#1^2 + 10913*#1^3 & , 1, 0]]	16.0	2.38	
592	Flajolet-Odlyzko constant	special	64	likely exact	G(1/2, 1)≈0.757823011268492837742	21.6	2.26	2*Integrate[1 - E^(ExpIntegralEi[-\[FormalT]]/2), {\[FormalT], 0, Infinity}]
593	constant appearing in the variance for inserting in a digital tree	none	64	false positive	Hold[1/24 + Log[4]^(-1)]	22.7	2.30	
594	Landau-Ramanujan constant	none	20	false positive	K_LR≈0.764223653589220662	13.6	2.34	
595	Landau-Ramanujan constant	special	64	likely exact	K_LR≈0.764223653589220662990	21.0	2.21	Product[((4^2^\[FormalK]*(1 - 2^(-2^\[FormalK]))*Zeta[2^\[FormalK]])/(Zeta[2^\[FormalK], 1/4] - Zeta[2^\[FormalK], 3/4]))^2^(-1 - \[FormalK]), {\[FormalK], 1, Infinity}]/Sqrt[2]
596	analog of the Mertens constant B_2 in the asymptotic series for the variance of the number of prime factors Omega	none	64	false positive	Hold[(19842835*Pi)/81510647]	16.2	2.11	
597	binary Liouville number	special	64	false positive	Hold[(23548597*Pi)/96627061]	16.5	2.29	Sum[1/2^(n!), {n, Infinity}]
598	-x, where x is the negative solution to the equation 2^x = x^2	none	64	false positive	Hold[(8708986*Pi)/35687161]	15.1	2.31	
599	Sum_{k>1} 1/(k*(k-1)*zeta(k)), a constant related to Niven's constant	none	64	false positive	Hold[Root[-409 - 1614*#1 + 2730*#1^2 + 91*#1^3 & , 3, 0]]	15.8	2.51	
600	C = 2^(1/3)*e^(1/4)/A^3, a constant associated with the Gaudin-Mehta probability distribution and the Glaisher-Kinkelin 	special	64	false positive	Hold[Pi*Root[462 - 980*#1 - 4383*#1^2 + 2649*#1^3 & , 2, 0]]	16.3	2.40	2^(1/3)*E^(1/4)/Glaisher^3
601	trace of the Ruelle-Mayer linear operator G_2	none	64	unverifiable	-(2 (3 C_Sh + 85))/(606 C_Sh - 1061) = 0.7711255236556589	nan	2.26	
602	Sum_{p prime} 1/(p*(p-1))	none	64	false positive	Hold[(22*E^Pi + 38*Pi - 90*ArcTan[Pi] - 491*Log[Pi] + 215*Log[2*Pi])/450]	16.9	2.22	
603	Flajolet-Martin constant	special	64	false positive	Hold[(-914 + 424*Pi - 249*Pi^2 + 100*Pi*Pi!)/(90*Pi)]	16.4	2.33	(E^EulerGamma*Product[(1 + 1/(2*\[FormalK]))^(-1)^Mod[DigitCount[\[FormalK], 2, 1], 2], {\[FormalK], 1, Infinity}])/Sqrt[2]
604	Pi*G - 7*zeta(3)/4, where G = A006752	special	64	false positive	Hold[(-169 - 213*E + 56*E^2)/((-6 + E)*(31 + 37*E))]	15.6	2.19	Pi Catalan-7Zeta[3]/4
605	lambda_3, an analog of the Stolarsky-Harborth constant for the number of elements not divisible by 3 in Pascal's triangl	none	64	false positive	Hold[(11464313*Pi)/46515653]	15.8	2.29	
606	strongly carefree product constant	special	64	false positive	Hold[Root[-661 - 8014*#1 + 9332*#1^2 + 2700*#1^3 & , 3, 0]]	16.5	2.25	Product[1 - (1 + Prime[\[FormalK]])^(-2), {\[FormalK], 1, Infinity}]
607	Bender r constant	none	51	false positive	Hold[(17246819*Pi)/69831590]	15.6	2.33	
608	hypercube line-picking constant	special	64	likely exact	Δ(4)≈0.77766565358626711533	20.0	2.41	(-644 + 1344*Catalan + 3744*ArcCsch[Sqrt[2]] + 270*ArcSinh[1] - 3024*Im[PolyLog[2, I*(3 - 2*Sqrt[2])]] + 1773*Log[3] + 84*(PolyGamma[1, 1/12] + PolyGamma[1, 5/12]) + (6048*I)*(PolyLog[2, (1/2 - I/2)*(-2 + Sqrt[2])] - PolyLog[2, (1/2 + I/2)*(-2 + Sqrt[2])]) + (6048*I)*(PolyLog[2, I*(1 - Sqrt[2])] - PolyLog[2, I*(-1 + Sqrt[2])]) + 438*Sqrt[2] - 2448*ArcCot[2*Sqrt[2]]*Sqrt[2] - 189*(PolyGamma[1, 1/8] + PolyGamma[1, 3/8])*Sqrt[2] + 12*Pi*(-16 + 7*Pi*(-8 + 9*Sqrt[2])) + 288*Sqrt[3])/3780
609	6/(Pi^2 A086724)	none	64	false positive	Hold[(17379506*Pi)/70170563]	15.6	2.20	
610	log10(6)	elementary	64	exact	Hold[Log[6]/Log[10]]	64.0	2.63	Log[10, 6]
611	Purdom-Williams constant, a constant related to the Golomb-Dickman constant and to the asymptotic evaluation of the expe	none	64	false positive	Hold[(12*Pi*Tanh[18667/35887]^2)/11]	14.1	2.30	
612	first Bernoulli sophomore dream constant	special	64	false positive	Hold[(5561925*Pi)/22303577]	15.7	2.38	-Sum[(-\[FormalK])^(-\[FormalK]), {\[FormalK], 1, Infinity}]
613	(sqrt(3) + sqrt(5) + 2*sqrt(6))/(8*sqrt(2))	algebraic	64	false positive	Hold[(263049/7157)^(1/4)/Pi]	13.0	2.31	(Sqrt[3]+Sqrt[5]+2Sqrt[6])/(8Sqrt[2])
614	(3*sqrt(3)+sqrt(7))/10	algebraic	64	exact	Hold[Root[1 - 17*#1^2 + 25*#1^4 & , 4, 0]]	64.0	2.15	(3*Sqrt[3]+Sqrt[7])/10
615	Integral_{x = 0 to oo} Product_{m=1..oo} cos(x/m) dx	none	39	false positive	Hold[(13*(-11 + 5*Pi + 14*Pi^2))/(3*(23 + 8*Pi + 75*Pi^2))]	15.8	2.32	
616	pi/4	elementary	64	likely exact	sin^(-1)(P_P/2)≈0.785398163397448309615	21.1	1.96	Pi/4
617	Lüroth constant	special	64	likely exact	C_Lür≈0.788530565911508961060	21.5	2.37	Sum[Log[\[FormalK]/(-1 + \[FormalK])]/\[FormalK], {\[FormalK], 2, Infinity}]
618	asymptotic constant eta for counts of weakly binary trees	none	64	false positive	Hold[(19876160*Pi)/78881439]	16.1	2.23	
619	Lal's constant: the Hardy-Littlewood constant for A217795	none	64	false positive	Hold[Root[-574 - 1493*#1 - 555*#1^2 + 4234*#1^3 & , 1, 0]]	16.6	2.30	
620	Kolakoski constant	none	64	false positive	Hold[(4102 + 2000*E + 561*E^2)/(6336*E)]	16.8	2.30	
621	root two div pi	elementary	64	exact	Hold[Sqrt[2/Pi]]	64.0	2.39	Sqrt[2/Pi]
622	log 2π	elementary	64	false positive	Hold[(9258151*Pi)/36439580]	15.8	2.24	Log10[2*Pi]
623	Product_{n>1} (1 - 1/n^2)^(1/n)	none	64	false positive	Hold[(24043250*Pi)/94491987]	16.0	2.09	
625	unique real solution of the equation Ei(x)-gamma-log(x) = 1, where Ei is the exponential integral function and gamma the	none	64	false positive	Hold[(-377 - 91*Sqrt[Pi] + 15*Pi^(3/2) + 64*Pi^2)/(70*Pi)]	15.3	2.31	
626	disk half-area offset constant	special	64	likely exact	D_DHA≈0.807945506599034418637	20.9	2.19	Root[{Pi - 4*ArcCos[#1/2] + #1*Sqrt[4 - #1^2] & , 0.8079455065990344186379234801330000000000000000000000000001`29.907382069955993}]
627	Solomon parking constant	special	64	false positive	Hold[Pi*Tan[6729/14332]^2]	12.7	2.26	Integrate[(1 + 2*\[FormalX])*Exp[-2*(-1 + \[FormalX] + Exp[-\[FormalX]])]*Exp[-2*(EulerGamma - ExpIntegralEi[-\[FormalX]] + Log[\[FormalX]])], {\[FormalX], 0, Infinity}]
628	Alladi-Grinstead constant	special	64	likely exact	A_AG≈0.809394020540639130717	20.9	1.78	Exp[-1 - Sum[Log[1 - \[FormalK]^(-1)]/\[FormalK], {\[FormalK], 2, Infinity}]]
629	product_{n>=1} (n/(n+1))^((-1)^t(n-1)), a probabilistic counting constant, where t(n) = A010060(n) is the Thue-Morse seq	none	64	false positive	Hold[(2*(1 + 80*Pi + 66*Pi^2))/(5 + 170*Pi + 171*Pi^2)]	16.1	2.21	
630	'mu', a Young-Fejér-Jackson constant linked to the positivity of certain sine sums	none	64	false positive	-(4 (V_R - 20))/(169 V_R + 25)≈0.812825242105572995	13.1	2.12	
631	(1 + sqrt(6))/(3*sqrt(2))	algebraic	64	exact	Hold[Sqrt[(7 + 2*Sqrt[6])/2]/3]	64.0	2.00	(1+Sqrt[6])/(3Sqrt[2])
632	1/Gamma(3/4)	special	64	false positive	Hold[(21624916*Pi)/83250739]	15.9	2.31	1/Gamma[3/4]
633	sum_{n>=0} 1/2^(2^n)	special	64	false positive	Hold[(1275 + 11*Sqrt[34935])/4080]	16.5	2.27	Sum[1/2^(2^n), {n, 0, Infinity}]
634	a2, the second of two constants associated with Djokovic's conjecture on an integral inequality	none	64	exact	Hold[Root[-3 + 12*#1 - 20*#1^2 + 12*#1^3 & , 1, 0]]	64.0	1.79	
635	First Nielsen-Ramanujan constant	elementary	64	likely exact	ζ(2)/2≈0.822467033424113218236	21.6	2.70	Pi^2/12
636	Sierpiński constant	special	64	likely exact	δ - 1≈0.82282524967884703299	20.2	2.07	2*EulerGamma + 2*Log[2] + 3*Log[Pi] - 4*Log[Gamma[1/4]]
637	sigma_3, a Turán's Power Sum Constant	none	64	false positive	Hold[Pi*Root[811 - 3930*#1 + 2428*#1^2 + 2952*#1^3 & , 2, 0]]	17.1	2.43	
638	Prouhet-Thue-Morse constant	special	64	likely exact	2 P_TM≈0.82490806728021519556	20.1	2.31	1 - Product[(-1 + 2^2^\[FormalK])/2^2^\[FormalK], {\[FormalK], 0, Infinity}]/2
639	Pi/8 + sqrt(3)/4	elementary	64	likely exact	1/8 (2 T_T + π)≈0.825711783590943478189	21.1	2.35	Pi/8+Sqrt[3]/4
640	asymptotic efficiency constant	elementary	64	exact	Hold[(3*Sqrt[3])/(2*Pi)]	64.0	1.97	(3*Sqrt[3])/(2*Pi)
641	1/zeta(3)	special	64	exact	Hold[Zeta[3]^(-1)]	64.0	2.26	1/Zeta[3]
642	Rosser's constant	none	64	false positive	Hold[Pi*Root[-167 - 618*#1 + 3035*#1^2 + 6325*#1^3 & , 3, 0]]	15.8	2.00	
643	Gauss's constant	special	64	likely exact	1/(2 L_2)≈0.83462684167407318628	20.8	2.23	ArithmeticGeometricMean[1, Sqrt[2]]^(-1)
644	Baker constant	elementary	64	false positive	Hold[(9 - 23*Catalan - 2*Pi + 4*Pi^2 - 13*Pi*Log[2] + 66*Pi*Log[3])/264]	17.6	2.28	(Log[2] + Pi/Sqrt[3])/3
646	Shepp's constant 'alpha', an optimal stopping constant associated with the case of a zero mean and unit variance distrib	none	64	false positive	Hold[(-51*E^Pi + 260*Pi + 291*ArcTan[Pi] + 123*Log[Pi] + 40*Log[2*Pi])/260]	15.8	2.48	
647	2*G/(Pi*log(2)), a constant appearing in the average root bifurcation ratio of binary trees, where G is Catalan's consta	special	64	false positive	Hold[(3*Pi*Sech[222983/147993]^2)/2]	14.8	2.32	2 Catalan/(Pi*Log[2])
648	sin one	elementary	64	exact	Hold[Sin[1]]	64.0	2.14	Sin[1]
649	reciprocal of the Khinchin-Lévy constant	elementary	64	exact	Hold[(12*Log[2])/Pi^2]	64.0	2.20	(12*Log[2])/Pi^2
651	log10(7)	elementary	64	exact	Hold[Log[7]/Log[10]]	64.0	2.34	Log[10, 7]
652	3/(2*sqrt(Pi))	elementary	64	exact	Hold[3/(2*Sqrt[Pi])]	64.0	2.19	3/(2*Sqrt[Pi])
653	ubiquitous constant	special	64	likely exact	sqrt(2) L_2≈0.84721308479397908660	20.1	2.28	(2*Pi^(3/2))/Gamma[1/4]^2
654	Regular paperfolding sequence	special	64	likely exact	C_PF≈0.850736188201867260367	21.0	2.45	Sum[8^2^n/(-1 + 2^2^(2 + n)), {n, 0, Infinity}]
655	maximal quantum success probability of the CHSH game	algebraic	64	exact	Hold[Cos[Pi/8]^2]	64.0	1.77	Cos[Pi/8]^2
656	1/(2*K^2) = Product_(p prime congruent to 3 modulo 4) (1 - 1/p^2), where K is the Landau-Ramanujan constant	none	64	likely exact	1/(2 (K_LR)^2)≈0.856108981721893476906	22.4	2.37	
657	rank-3 Artin constant	special	64	false positive	Hold[(8412823*Pi)/30856293]	15.7	2.21	Product[1 - 1/((-1 + Prime[\[FormalK]])*Prime[\[FormalK]]^3), {\[FormalK], 1, Infinity}]
658	four minus pi	elementary	64	exact	Hold[4 - Pi]	64.0	2.12	4 - Pi
659	Champernowne base-2 constant	special	64	likely exact	C_Ch2≈0.862240125868054571557	21.0	2.40	ChampernowneNumber[2]
660	Steiner ratio of the Euclidean plane	algebraic	64	exact	Hold[Sqrt[3]/2]	64.0	2.08	Sqrt[3]/2
661	log(4 - phi), where phi = A001622	elementary	64	false positive	Hold[Cot[Cot[50352/5587]]]	12.4	2.36	Log[4-GoldenRatio]
662	log e^2	elementary	64	likely exact	2/C_ln 10≈0.868588963806503655302	21.5	2.23	Log10[E^2]
663	sqrt(Pi)/(2K)*exp(-gamma/2) where K is the Landau-Ramanujan constant and gamma the Euler-Mascheroni constant	none	64	false positive	Hold[Root[-78 - 1234*#1 + 711*#1^2 + 935*#1^3 & , 3, 0]]	15.6	2.13	
664	square edge line-picking constant	elementary	64	likely exact	(5 s^__ls)/3≈0.869009055274534463884	21.0	2.30	(2 + 5*Log[1 + Sqrt[2]] + Sqrt[2])/9
665	integral_{0..infinity} exp(-x^2)*log(x) dx	special	64	false positive	Hold[(12421469*Pi)/44851272]	15.8	2.31	-(-(1/4)*Sqrt[Pi]*( EulerGamma + 2*Log[2]))
667	product_{n>=1} (2n/(2n+1))^((-1)^t(n-1)), a probabilistic counting constant, where t(n) = A010060(n) is the Thue-Morse s	none	64	false positive	Hold[(12479312*Pi)/45003269]	16.5	2.28	
668	total area of Ford circles	special	64	exact	Hold[(45*Zeta[3])/(2*Pi^3)]	64.0	2.21	(45*Zeta[3])/(2*Pi^3)
669	(5/18)*Pi	elementary	64	exact	Hold[(5*Pi)/18]	64.0	2.17	5Pi/18
670	a constant related to the asymptotic counting function of numbers of the form x^2 + 2*y^2 (A002479)	none	64	false positive	Hold[Root[-4573 - 431*#1 - 72*#1^2 + 7524*#1^3 & , 1, 0]]	16.2	2.41	
671	Integral_{x=0..Pi/2} sin(x)^(3/2) dx	special	64	likely exact	L/3≈0.874019184764039936	18.0	2.19	1/3*Sqrt[2]*EllipticK[1/2]
672	sqrt(2)/phi, where phi = (1+sqrt(5))/2	algebraic	64	likely exact	sqrt(2) Φ≈0.87403204889764214159	20.0	1.97	Sqrt[2]/GoldenRatio
673	sum of reciprocal perfect powers (excluding 1)	none	64	false positive	Hold[(6004516*Pi)/21571769]	16.0	2.24	
674	average length of a line segment picked at random in a unit 5-cube	none	64	false positive	Hold[Root[-84 - 262*#1 + 101*#1^2 + 282*#1^3 + 86*#1^5 & , 3, 0]]	16.2	2.13	
675	an Ising constant related to the triangular lattice	none	64	false positive	Hold[Root[469 - 2679*#1 + 895*#1^2 + 1756*#1^3 & , 3, 0]]	16.1	2.25	
676	quadratic class number constant	special	64	false positive	Hold[Pi*Root[-21 + 4*#1 - 67*#1^2 + 941*#1^3 + 704*#1^4 & , 2, 0]]	17.1	2.05	Product[1 - 1/(Prime[\[FormalK]]^2*(1 + Prime[\[FormalK]])), {\[FormalK], 1, Infinity}]
677	positive minimum of the gamma function	special	64	likely exact	Γ(x_min)≈0.885603194410888700278	21.0	2.37	Gamma[Root[{PolyGamma[0, #1] & , 1.46163214496836234126265954233`29.164838085677864}]]
678	sqrt(Pi)/2	elementary	64	exact	Hold[Sqrt[Pi]/2]	64.0	2.62	Sqrt[Pi]/2
679	exp(gamma)/2	special	64	exact	Hold[E^EulerGamma/2]	64.0	2.34	E^EulerGamma/2
680	reciprocal sum of integer powers constant	special	64	false positive	Hold[(295884*Pi)/1041049]	14.1	2.31	Sum[-1 + Zeta[Prime[\[FormalK]]], {\[FormalK], 1, Infinity}]
681	Gamma(4/3)	special	64	false positive	Hold[Root[3106 - 3353*#1 - 2462*#1^2 + 2600*#1^3 & , 2, 0]]	16.1	2.26	Gamma[4/3]
682	Product_{p prime, p == 1 (mod 4)} (1 - 2/p^2)	none	64	false positive	Hold[Log[(-5 - 26*Sqrt[2] + 93*E + 11*E^2 + 20*Pi - 34*Pi^2)/8]]	16.1	2.42	
683	'delta', a constant arising in the asymptotics of the regularized product of the Fibonacci numbers	none	64	false positive	Hold[(14021119*Pi)/48985791]	15.9	2.19	
684	Gamma(5/3)	special	64	false positive	Hold[Pi*Root[-41 + 169*#1 - 85*#1^2 - 30*#1^3 + 18*#1^4 + 23*#1^5 & , 1, 0]]	16.7	2.28	Gamma[5/3]
685	log10(8)	elementary	64	exact	Hold[Log[8]/Log[10]]	64.0	2.32	Log[10, 8]
686	disk line-picking constant	elementary	64	exact	Hold[128/(45*Pi)]	64.0	2.15	128/(45*Pi)
687	Gamma(5/4)	special	64	false positive	Hold[Pi*Root[9 - 80*#1 + 160*#1^2 + 4*#1^3 + 76*#1^4 + 70*#1^5 & , 3, 0]]	14.2	1.90	Gamma[5/4]
688	densest planar packing of circles constant	elementary	64	likely exact	sqrt(ζ(2)/2)≈0.906899682117108925297	22.4	2.23	Pi/(2*Sqrt[3])
689	value of x such that K(x) = 2E(x)	none	64	false positive	Hold[(E*(104 + 149*E))/(4*(23 + 50*E + 30*E^2))]	17.7	2.07	
690	(sqrt(Pi)/(2^(1/4)*Gamma(5/8)*Gamma(7/8)))^2	special	64	false positive	(823 π)/531 - 99 ℒ_Li≈0.90917279454689234	13.4	2.25	(Pi/Sqrt[2])*(1/(Gamma[5/8]*Gamma[7/8]))^2
691	(1 + sqrt(3))/3	algebraic	64	exact	Hold[1/3 + 1/Sqrt[3]]	64.0	1.80	(1+Sqrt[3])/3
692	Catalan's constant	special	64	exact	Hold[Catalan]	64.0	2.24	Catalan
693	log root two pi	elementary	64	exact	Hold[Log[2*Pi]/2]	64.0	2.44	Log[Sqrt[2*Pi]]
694	Gamma(7/4)	special	64	false positive	Hold[Root[-9 - 761*#1 - 3639*#1^2 + 4872*#1^3 & , 3, 0]]	16.0	2.24	Gamma[7/4]
695	position of the positive real maximum of Dawson's integral D_+(x)	none	64	false positive	Hold[(53*E^Pi - 289*Pi + 13*ArcTan[Pi] + 294*Log[Pi] - 300*Log[2*Pi])/130]	15.3	2.25	
696	cube face line-picking constant	elementary	64	likely exact	(7 Δ(3))/5≈0.926390055174046729218	21.8	2.26	(4 - 7*Pi + 21*Log[1 + Sqrt[2]] + 42*Log[2 + Sqrt[3]] + 17*Sqrt[2] - 6*Sqrt[3])/75
697	Product_{n>=1} (1 - 1/(4n+1)^2)	special	64	likely exact	L/(2 sqrt(2))≈0.927037338650685959216	21.0	2.20	Product[1 - 1/(4 n + 1)^2, {n, 1, Infinity}]
698	an Ising constant related to the random coloring problem	special	64	false positive	Hold[Root[-947 + 139*#1 + 1227*#1^2 - 330*#1^3 + 30*#1^4 & , 2, 0]]	16.2	2.05	Log[2]/2 + 2*Catalan/Pi
699	rank-4 Artin constant	special	64	false positive	Hold[Root[-203 - 42*#1 - 96*#1^2 + 401*#1^3 + 2*#1^4 & , 2, 0]]	15.9	2.09	Product[1 - 1/((-1 + Prime[\[FormalK]])*Prime[\[FormalK]]^4), {\[FormalK], 1, Infinity}]
700	-zeta'(2) (the first derivative of the zeta function at 2)	none	64	false positive	Hold[(20437580*Pi)/68483463]	15.8	2.18	
701	(4K/Pi)^2 where K is the Landau-Ramanujan constant	none	64	false positive	Hold[Root[-557 + 225*#1 - 83*#1^2 + 11*#1^3 + 509*#1^4 & , 2, 0]]	16.1	2.32	
702	Pi*(1+sqrt(2))/8	elementary	64	exact	Hold[((1 + Sqrt[2])*Pi)/8]	64.0	2.11	Pi*(1+Sqrt[2])/8
703	log10(9)	elementary	64	exact	Hold[Log[9]/Log[10]]	64.0	2.28	Log[10, 9]
704	3/π	elementary	64	exact	Hold[3/Pi]	64.0	2.33	3/Pi
705	Magic angle	elementary	64	likely exact	θ_t/2≈0.95531661812450927816	20.4	2.23	ArcCos[1/Sqrt[3]]
706	(log(2) + Pi)/4	elementary	64	exact	Hold[(Pi + Log[2])/4]	64.0	2.31	(Log[2]+Pi)/4
707	a limit associated with the asymptotic number of ways of writing a number as a sum of powers of 2, with each power used 	elementary	64	false positive	Hold[Pi*Root[92 - 1603*#1 - 535*#1^2 + 15725*#1^3 & , 3, 0]]	16.6	2.17	3^(Log[GoldenRatio]/Log[2]) / Sqrt[5]
708	a constant related to the asymptotic expansion of the Lebesgue constant corresponding to the n-th Chebyshev polynomial	special	64	false positive	Hold[Sin[Sinh[1923/1787]]]	11.5	1.98	2/Pi*(3*Log[2] - Log[Pi] + EulerGamma)
709	L(3, chi4), where L(s, chi4) is the Dirichlet L-function for the non-principal character modulo 4	elementary	64	exact	Hold[Pi^3/32]	64.0	2.34	Pi^3/32
710	Lochs constant	elementary	64	likely exact	ℒ_Lo≈0.970270114392033925740	21.6	2.25	6*Log[2]*Log[10]/Pi^2
711	4*K/Pi, a constant appearing in the asymptotic evaluation of the number of non-hypotenuse numbers not exceeding a given 	none	64	false positive	Hold[(2*(20 - 39*Pi + 40*Pi^2))/(55 + 158*Pi + 5*Pi^2)]	15.1	2.21	
712	log 3π	elementary	64	false positive	Hold[(-280 + 18*Sqrt[Pi] - 3*Pi + 67*Pi^(3/2) + 10*Pi^2)/(70*Pi)]	15.9	2.38	Log10[3*Pi]
713	Elbert constant	special	64	false positive	Hold[(-E^Pi + 215*Pi - 60*ArcTan[Pi] - 56*Log[Pi] - 50*Log[2*Pi])/430]	16.4	2.15	ConditionalExpression[Extension`ElbertConstant == 1 + E^\[FormalU] - (\[FormalV]*E^\[FormalU])/2 + E^(\[FormalU] + \[FormalV]/2) - E^\[FormalV], E^\[FormalU] + 2*E^(\[FormalU] + \[FormalV]/2) + E^(\[FormalV]/2) + E^(\[FormalU] + \[FormalV]) == 2*E^\[FormalV] + E^((3*\[FormalV])/2) && 1 + (1 + \[FormalU] - \[FormalV])*E^\[FormalU] + 2*E^(\[FormalU] + \[FormalV]/2) == 2*E^\[FormalV] && -1/3 < \[FormalU] < 0 && 1/3 < \[FormalV] < 1]
714	4*sqrt(2) - 6*sqrt(6)/Pi	elementary	64	false positive	Hold[(28551871*Pi)/91652991]	15.7	2.25	4Sqrt[2]-6Sqrt[6]/Pi
715	generalized Glaisher-Kinkelin constant A(3)	special	64	false positive	Hold[(29*(-323 + 630*Pi^2))/(55551*Pi)]	16.0	2.27	Exp[-11/720 - Zeta'[-3]]
716	a parking constant related to the asymptotic expected number of cars, assuming random car lengths	none	64	false positive	Hold[(2*(127 - 35*Pi + 30*Pi^2))/(-5 + 204*Pi)]	15.6	2.11	
717	a constant related to the asymptotic evaluation of Product_{p prime congruent to 3 modulo 4} (1 + 1/p)	none	64	false positive	Hold[Root[7 - 872*#1 + 140*#1^2 - 260*#1^3 + 1024*#1^4 & , 2, 0]]	16.4	2.16	
718	ln(Gamma(1/3))	special	64	false positive	Hold[(24053221*Pi)/76683417]	15.9	2.22	LogGamma[1/3]
719	Reuleaux triangle square cutting fraction	elementary	64	likely exact	ℛ_RTA≈0.987700390736053460131	21.0	2.20	-3 + Pi/6 + 2*Sqrt[3]
720	logarithm of Khinchin constant	special	64	exact	Hold[Log[Khinchin]]	64.0	2.22	Log[Khinchin]
721	phi(0), an auxiliary constant associated with Shapiro's cyclic sum constant lambda	none	64	false positive	Hold[Pi*Root[-635 + 1352*#1 + 2070*#1^2 + 132*#1^3 & , 3, 0]]	16.4	2.22	
722	Asymptotic behavior of Lebesgue constants	special	64	false positive	Hold[Pi*Root[951 - 541*#1 - 9140*#1^2 + 4033*#1^3 & , 2, 0]]	16.1	2.41	(-4*PolyGamma[0, 1/2])/Pi^2 + (8*Sum[Log[k]/(-1 + 4*k^2), {k, 1, Infinity}])/Pi^2
723	generalized Glaisher-Kinkelin constant A(4)	special	64	false positive	Hold[Sqrt[(-65 - 127*E + 73*Pi + 464*Log[2])/143]]	15.2	2.11	Exp[-3*Zeta[5]/(4*Pi^4)]
724	log π^2	elementary	64	false positive	Hold[E^(-4 + 16/E + E + 7/Pi - 7*Pi)*Pi^(-4 + 7*E)*Sin[E*Pi]^8]	12.1	2.19	Log10[Pi^2]
725	Ramanujan's first continued fraction constant	elementary	64	likely exact	C_R1≈0.99813604459850933215	22.6	2.22	Exp[(2*Pi)/5]*(-GoldenRatio + Sqrt[GoldenRatio*Sqrt[5]])
726	One	rational	64	not found		nan	0.56	1
727	'nu', a coefficient related to the variance for searching corresponding to patricia tries	none	64	false positive	ℋ_10/310108 + 1≈1.000000000001237500477	16.1	1.70	
728	zeta(9)	special	64	false positive	Hold[-Csc[Csc[4523341/1383155]]]	16.0	2.30	Zeta[9]
729	side of the equilateral triangle that can cover every triangle of perimeter 2	none	64	false positive	Hold[(E^(8 - E^(-1) - E + Pi^(-1) + 5*Pi)*Cos[E*Pi]^6*Sin[E*Pi]^4)/Pi^15]	13.1	2.04	
730	generalized Stirling constant	none	64	false positive	Hold[Pi*Root[-577 + 2966*#1 - 4170*#1^2 + 1692*#1^3 & , 1, 0]]	16.8	2.24	
731	Pi^3/(36*sqrt(3)) + 91*zeta(3)/216	special	64	false positive	Hold[(-24 + 73*E + 75*E^2)/(2*(30 + 79*E + 16*E^2))]	15.2	2.30	Pi^3/(36*Sqrt[3])+91*Zeta[3]/216
732	DeVicci's tesseract constant	algebraic	64	false positive	Hold[(-3*(14 - 59*E + 4*E^2))/(29 + 101*E + 6*E^2)]	15.2	2.04	Root[16 + 16*#1^2 - 7*#1^4 - 28*#1^6 + 4*#1^8 & , 3, 0]
733	zeta(7)	special	64	false positive	Hold[Root[726 - 500*#1 - 227*#1^2 - 83*#1^3 + 91*#1^4 & , 1, 0]]	15.6	2.20	Zeta[7]
734	generalized Glaisher-Kinkelin constant A(5)	special	64	false positive	Hold[((-315 + 94*E - 26*Pi + 318*Log[2])/77)^(1/3)]	15.7	2.36	Exp[137/15120-Zeta'[-5]]
735	Pi^3/64 + 7*zeta(3)/16	special	64	false positive	Hold[Sqrt[(2*(-208 + 36*E - 17*Pi + 328*Log[2]))/5]/5]	15.8	2.34	Pi^3/64+7Zeta[3]/16
736	Gieseking constant	special	64	likely exact	V_fe/2≈1.01494160640965362502	20.9	2.41	(3*Sqrt[3]*(1 - PolyGamma[1, 2/3]/9 + PolyGamma[1, 4/3]/9))/4
737	h_3, a constant related to certain evaluations of the gamma function from elliptic integrals	special	64	false positive	Hold[(8751391*Pi)/27022870]	16.0	2.36	4*EllipticK[4*Sqrt[3]-7]/(Sqrt[2+Sqrt[3]]*Pi)
738	2*Pi^3/(81*sqrt(3)) + 13*zeta(3)/27	special	64	false positive	Hold[Pi*Root[633 - 2249*#1 + 910*#1^2 + 49*#1^3 & , 2, 0]]	16.0	2.37	2Pi^3/(81Sqrt[3])+13Zeta[3]/27
739	an Ising constant related to the hexagonal lattice	none	64	false positive	Hold[Root[8 + 5855*#1 - 7377*#1^2 + 1617*#1^3 & , 2, 0]]	16.1	2.32	
740	6*arcsec(sqrt(3))/Pi^(3/2), an extreme value constant	special	64	false positive	Hold[Pi*Root[-87 + 399*#1 - 3086*#1^2 + 8175*#1^3 & , 1, 0]]	15.2	2.45	6*ArcSec[Sqrt[3]]/Pi^(3/2)
741	e^pi/pi^e	elementary	64	exact	Hold[E^Pi/Pi^E]	64.0	2.50	E^Pi/Pi^E
742	continued fraction constant (base 10)	elementary	64	likely exact	1/ℒ_Lo≈1.0306408341007129358	19.1	2.28	Pi^2/(6Log[2]Log[10])
743	generalized Glaisher-Kinkelin constant A(2)	special	64	false positive	Hold[(2599771*Pi)/7922484]	14.8	2.32	Exp[Zeta[3]/(4*Pi^2)]
744	generalized hypergeometric function 3F2(1/2,1/2,1/2; 3/2,3/2; x) at x=1/2	special	64	false positive	Hold[(4*(58 + 45*E + 6*E^2))/(-141 + 73*E + 110*E^2)]	15.9	2.33	(Pi*Log[2]/4 + Catalan)/Sqrt[2]
745	Hadamard-de la Vallee-Poussin constant	special	64	false positive	Hold[Pi*Root[2930 - 9246*#1 + 787*#1^2 + 832*#1^3 & , 2, 0]]	16.4	2.38	EulerGamma + Sum[(-1 + Prime[\[FormalK]])^(-1) + Log[1 - Prime[\[FormalK]]^(-1)], {\[FormalK], 1, Infinity}]
746	secant of 15 degrees (cosecant of 75 degrees)	algebraic	64	exact	Hold[-Sqrt[2] + Sqrt[6]]	63.6	1.96	Sec[15 Degree]
747	zeta(5)	special	64	exact	Hold[Zeta[5]]	64.0	2.45	Zeta[5]
748	Landau-Kolmogorov constant C(3,1) for derivatives in the case L_infinity(-infinity, infinity)	none	64	exact	Hold[3^(2/3)/2]	64.0	2.17	
749	log10(11)	elementary	64	exact	Hold[Log[11]/Log[10]]	63.5	2.31	Log[10, 11]
750	sec(phi), a constant related to the "broadworm" (or "caliper") problem	none	64	false positive	Hold[(4*Sqrt[2]*3^(1/4)*Log[2]^3*Log[3]^(9/4))/E^(14/13)]	15.1	2.27	
751	Landau-Kolmogorov constant C(5,1) for derivatives in the case L_infinity(infinity, infinity)	none	64	false positive	Hold[Sqrt[1486 - 312*E - 9*Pi + 184*Log[2]]/26]	15.9	2.13	
752	li(2) = gamma + log(log(2)) + Sum_{k>=1} log(2)^k / ( k*k! )	special	64	false positive	Hold[((-1 + E)*(-25 + 103*E))/(78 + 63*E + 23*E^2)]	16.3	2.34	LogIntegral[2]
753	third pi	elementary	64	exact	Hold[Pi/3]	64.0	1.96	Pi/3
754	asymptotic constant in Goebel's sequence A003504	none	64	false positive	Hold[(27207297*Pi)/81572513]	16.5	2.35	
755	Sum_{i>=0} 1/(2*i+1)^3	special	64	exact	Hold[(7*Zeta[3])/8]	64.0	2.31	7 Zeta[3]/8
756	192*K^2*G/Pi^4 = Product_{p prime congruent to 1 modulo 4} (1 + 1/p^2), where K is the Landau-Ramanujan constant and G C	none	64	false positive	Hold[Sec[Tanh[1143/3415]]]	14.0	2.03	
757	1/2+2/sqrt(13), a constant related to the asymptotic evaluation of the number of self-avoiding rook paths joining opposi	algebraic	64	exact	Hold[1/2 + 2/Sqrt[13]]	63.5	1.98	1/2 + 2/Sqrt[13]
758	an infinite product involving the ratio of n! to its Stirling approximation	special	64	false positive	Hold[(17615 - 3262*Pi + 970*Pi^2)/(5100*Pi)]	16.4	2.08	Glaisher^3/(2^(7/12)*Pi^(1/4))
759	Twelfth root of 2	algebraic	64	likely exact	e^(-1/48 b_4(2))≈1.05946309435929526456	20.8	2.23	2^(1/12)
760	(3/4)*sqrt(2)	algebraic	64	likely exact	cosh((b_4(2))/8)≈1.060660171779821286601	21.6	1.89	3 Sqrt[2]/4
761	I, a constant appearing (as I^2) in the asymptotic variance of the area of the convex hull of random points in the unit 	special	64	false positive	Hold[Root[-608 + 6177*#1 - 7870*#1^2 + 2441*#1^3 & , 2, 0]]	17.1	2.26	Sqrt[2]*Pi^2/Gamma[1/4]^2
762	(8*G - Pi*log(2 + sqrt(3)))/3, where G = A006752	special	64	false positive	Hold[(18640393*Pi)/55066040]	15.8	2.28	(8Catalan-Pi Log[2+Sqrt[3]])/3
763	(gamma + log(16))/Pi	special	64	false positive	Hold[3*(3959/88174)^(1/3)]	13.3	2.37	(EulerGamma + Log[16])/Pi
764	m_3, the expected number of returns to the origin in a three-dimensional random walk restricted to the region x >= y >= 	none	64	false positive	Hold[Root[-6830 + 2847*#1 + 2423*#1^2 + 830*#1^3 & , 1, 0]]	16.1	2.24	
765	Sum_{k >= 0} 1/(4*k+1)^2	special	64	exact	Hold[(8*Catalan + Pi^2)/16]	63.8	2.28	Catalan/2 + Pi^2/16
766	expected number of returns to the origin of a random walk on an 8-d lattice	none	64	false positive	Hold[(74306700*Pi)/216420553]	16.2	2.22	
767	beta = 1.07869..., the best constant in Friedrichs' inequality in one dimension	none	64	false positive	Hold[-Tan[Tan[1370071/1177474]]]	15.8	2.21	
768	Landau-Kolmogorov constant C(4,1) for derivatives in the case L_infinity(infinity, infinity)	none	64	exact	Hold[(4*(2/3)^(1/4))/5^(3/4)]	63.4	2.13	
769	c = twice the maximum of Dawson's integral, a constant used in the asymptotic evaluation of the ideal hyperbolic n-cube 	none	64	false positive	Hold[(40*E^Pi + 203*Pi - 56*ArcTan[Pi] - 107*Log[Pi] - 689*Log[2*Pi])/96]	16.0	2.11	
770	zeta(4) = pi^4/90	elementary	64	exact	Hold[Pi^4/90]	63.4	2.28	Pi^4/90
771	6*exp(gamma)/Pi^2	special	64	false positive	Hold[Root[-1127 + 291*#1 - 21*#1^2 + 659*#1^3 & , 1, 0]]	16.4	2.40	6*Exp[EulerGamma]/Pi^2
772	Feller α coin-tossing constant	algebraic	64	likely exact	2/T_tri≈1.087378025384152723141	21.2	1.92	(2*(-1 - 2/(17 + 3*Sqrt[33])^(1/3) + (17 + 3*Sqrt[33])^(1/3)))/3
773	1/Gamma(7/4)	special	64	false positive	Hold[(-322 + 194*E - 210*E^2 + 295*E*E!)/(700*E)]	16.2	2.16	1/Gamma[7/4]
774	Pi*log(2)/2	elementary	64	likely exact	-1/2 b_2(2)≈1.08879304515180106525	21.5	2.15	Pi*Log[2]/2
776	1/2+G/Pi, the highest limiting crest of a square wave Fourier series, where G is the Gibbs-Wilbraham constant	none	64	false positive	Hold[Pi*Root[-19 - 3147*#1 + 6781*#1^2 + 7069*#1^3 & , 3, 0]]	16.2	2.17	
777	expected number of returns to the origin of a random walk on a 7-d lattice	none	64	false positive	Hold[Root[3100 - 9879*#1 + 2371*#1^2 + 3720*#1^3 & , 3, 0]]	16.9	2.28	
778	Gamma(1/4)^4/(16*Pi^2)	special	64	false positive	Hold[10*Sqrt[23043/1924553]]	14.1	2.43	Gamma[1/4]^4/(16Pi^2)
779	square root of 6/5	none	64	exact	Hold[Sqrt[6/5]]	63.4	1.96	
780	a 5-dimensional analog of DeVicci's tesseract constant	algebraic	64	exact	Hold[Sqrt[11 - 4*Sqrt[6]]]	63.4	1.90	Sqrt[11-4*Sqrt[6]]
782	ln(3)	elementary	64	exact	Hold[Log[3]]	63.5	2.32	Log[3]
783	Paris constant	special	64	likely exact	C_Pa≈1.09864196439415648573	20.4	2.56	ConditionalExpression[Extension`ParisConstant == Limit[(2*GoldenRatio)^\[FormalN]*(GoldenRatio - Subscript[\[FormalCapitalF], \[FormalN]]), \[FormalN] -> Infinity]/2, Subscript[\[FormalCapitalF], 1] == 1 && Subscript[\[FormalCapitalF], \[FormalN]] == Sqrt[1 + Subscript[\[FormalCapitalF], -1 + \[FormalN]]]]
784	Lengyel constant	special	64	false positive	-(2 (150 δ_0 + 311))/(560 δ_0 - 709)≈1.0986858055251893474	14.7	2.34	ConditionalExpression[Extension`LengyelConstant == Limit[(2^\[FormalN]*\[FormalN]^(1 + Log[2]/3)*Subscript[\[FormalC], \[FormalN]]*Log[2]^\[FormalN])/\[FormalN]!^2, \[FormalN] -> Infinity], Subscript[\[FormalC], 1] == 1 && Subscript[\[FormalC], \[FormalN]] == Sum[StirlingS2[\[FormalN], \[FormalK]]*Subscript[\[FormalC], \[FormalK]], {\[FormalK], 1, -1 + \[FormalN]}]]
785	log 4π	elementary	64	false positive	Hold[Root[-92 - 579*#1 + 589*#1^2 - 83*#1^3 + 87*#1^4 & , 2, 0]]	16.3	2.40	Log10[4*Pi]
786	9*Sum_{k>=1} 1/(10^k-1)	none	64	false positive	(3 (47 λ + 20))/(571 λ - 80)≈1.1009181908362069695	14.2	2.42	
787	1/Gamma(5/4)	special	64	false positive	Hold[Root[38 + 13*#1 - 1229*#1^2 - 4*#1^3 + 978*#1^4 & , 4, 0]]	16.3	2.22	1/Gamma[5/4]
789	sqrt(8/Pi)*log(2), a constant related to the asymptotic evaluation of the minimum number of one-dimensional random walks	elementary	64	exact	Hold[Sqrt[2/Pi]*Log[4]]	64.0	2.33	Sqrt[8/Pi]*Log[2]
791	1/Gamma(5/3)	special	64	false positive	Hold[Pi*Root[132 - 1687*#1 + 3130*#1^2 + 1681*#1^3 & , 3, 0]]	16.2	2.29	1/Gamma[5/3]
792	Pi/(2*sqrt(2))	none	64	exact	Hold[Pi/(2*Sqrt[2])]	63.6	2.21	
793	4*L/(3*Pi), a constant related to the asymptotic evaluation of the number of primes of the form a^2+b^4, where L is Gaus	none	64	likely exact	(4 G_Ga)/3≈1.11283578889876424837	20.3	2.54	
794	log10(13)	elementary	64	exact	Hold[Log[13]/Log[10]]	64.0	2.05	Log[10, 13]
795	positive real root of 3*x^4 - x^3 - x^2 - 2, a constant related to quasi-isometric mappings	none	64	exact	Hold[Root[-3 + #1 + #1^2 + 2*#1^4 & , 2, 0]^(-1)]	63.6	2.37	
796	Landau-Kolmogorov constant C(5,2) for derivatives in the case L_infinity(infinity, infinity)	none	64	exact	Hold[Root[-125 + 72*#1^5 & , 1, 0]]	63.5	2.27	
797	expected number of returns to the origin of a random walk on a 6-d lattice	none	64	false positive	Hold[Cot[Csc[7852970/1222013]]]	14.9	2.43	
798	Goh-Schmutz constant	special	64	likely exact	C_GS≈1.1178641511899449731	19.4	2.46	-Sum[(E^\[FormalK]*ExpIntegralEi[-\[FormalK]])/\[FormalK], {\[FormalK], 1, Infinity}]
799	Steinitz constant of the Euclidean plane	algebraic	64	exact	Hold[Sqrt[5]/2]	63.6	1.92	Sqrt[5]/2
800	Landau-Kolmogorov constant C(5,3) for derivatives in the case L_infinity(infinity, infinity)	none	64	exact	Hold[(15/2)^(2/5)/2]	63.9	2.33	
801	1/Gamma(4/3)	special	64	false positive	Hold[(91973977*Pi)/258021760]	16.0	2.39	1/Gamma[4/3]
802	2*exp(-gamma)	special	64	exact	Hold[2/E^EulerGamma]	64.0	2.37	2*Exp[-EulerGamma]
803	zeta(7/2)	special	64	false positive	Hold[Pi*Root[-72 - 531*#1 + 1490*#1^2 + 1520*#1^3 + 40*#1^4 & , 4, 0]]	16.3	2.33	Zeta[7/2]
804	2/sqrt(pi)	elementary	64	exact	Hold[2/Sqrt[Pi]]	63.4	2.37	2/Sqrt[Pi]
806	a coefficient associated with the asymptotics of the average distance between a vertex and the root of a random rooted t	none	64	false positive	Hold[((-785 + 3*Sqrt[302637])*Pi)/2392]	16.3	2.35	
807	digital search tree β constant	special	64	false positive	Hold[(26707203*Pi)/73771472]	16.2	2.21	-1 + (Log[2]*QPolyGamma[0, 1, 1/2] + QPolyGamma[1, 1, 1/2])/Log[2]^2
808	extreme value skewness	special	64	exact	Hold[(12*Sqrt[6]*Zeta[3])/Pi^3]	64.0	2.04	12*Sqrt[6]*Zeta[3]/Pi^3
809	a function approximation constant which is the analog of Gibbs's constant 2*G/Pi (A036793) for de la Vallée-Poussin sums	none	64	false positive	Hold[(8914693*Pi)/24508309]	15.9	2.05	
810	ln(pi)	elementary	64	exact	Hold[Log[Pi]]	63.4	2.34	Log[Pi]
811	1/sqrt(tanh(1))	elementary	64	false positive	Hold[Log[649316/4283]/Log[80]]	15.4	2.46	1/Sqrt[Tanh[1]]
812	Goldbach-Vinogradov constant	special	64	false positive	Hold[(3*Pi*ArcSinh[486389/563484]^2)/5]	15.9	2.29	Product[1 + (-1 + Prime[\[FormalK]])^(-3), {\[FormalK], 1, Infinity}]/2
813	Pi^2/(16*K^2*G) = Product_{p prime congruent to 3 modulo 4} (1 + 1/p^2), where K is the Landau-Ramanujan constant and G 	none	64	false positive	Hold[(370*Pi)/(7*Sqrt[20739])]	13.6	2.19	
814	Second Hermite constant	algebraic	64	exact	Hold[2/Sqrt[3]]	64.0	1.83	2/Sqrt[3]
815	expected number of returns to the origin of a random walk on a 5-d lattice	none	64	false positive	Hold[Log[(-102 - 55*E + 30*E^2 + 149*Pi - 18*Pi^2)/82]]	16.4	2.04	
816	cubic recurrence constant	special	64	false positive	Hold[Root[587 - 1350*#1 - 4400*#1^2 + 4435*#1^3 & , 3, 0]]	15.9	2.32	Product[\[FormalK]^3^(-\[FormalK]), {\[FormalK], 1, Infinity}]
817	'xiHat', a constant used in the asymptotic evaluation of e.g.f. coefficients for the number of labeled mobiles	none	64	false positive	Hold[Sqrt[-651 + 514*E - 38*Pi - 52*Log[2]]/21]	16.4	2.09	
818	grazing goat constant	special	64	likely exact	G_g≈1.158728473018121517828	21.7	2.34	Root[{Pi - 2*ArcCos[1 - #1^2/2] - 2*ArcCos[#1/2]*#1^2 + #1*Sqrt[4 - #1^2] & , 1.158728473018121517828233509934`30.063981678858028}]
819	Given the two curves y = exp(-x) and y = 2/(exp(x) + exp(x/2)), draw a line tangent to both. This sequence is the decima	none	64	false positive	Hold[Pi*Root[978 - 3284*#1 - 4779*#1^2 + 17600*#1^3 & , 3, 0]]	16.2	2.13	
820	expectation of the maximum of a size 5 sample from a normal (0,1) distribution	special	64	false positive	Hold[82782800/(730759*Pi^4)]	13.9	2.35	5/Sqrt[Pi] - 15*ArcCsc[Sqrt[3]]/Pi^(3/2)
821	'c', an optimal stopping constant associated with the two choice case	none	64	false positive	Hold[Pi*Root[610 - 4724*#1 + 6096*#1^2 + 5943*#1^3 & , 3, 0]]	16.7	2.39	
822	spanning tree constant of the square lattice	special	64	likely exact	4 C_d≈1.16624361612327512055	20.5	2.29	4*Catalan/Pi
823	(5 + 3*sqrt(5))/10	algebraic	64	exact	Hold[(5 + 3*Sqrt[5])/10]	63.5	1.89	(5 + 3 Sqrt[5])/10
824	sinh one	elementary	64	exact	Hold[Sinh[1]]	64.0	2.24	Sinh[1]
825	Salem constant	algebraic	64	likely exact	Ω_L≈1.17628081825991750654	20.5	2.41	Root[1 + #1 - #1^3 - #1^4 - #1^5 - #1^6 - #1^7 + #1^9 + #1^10 & , 2, 0]
826	root ln four	elementary	64	exact	Hold[Sqrt[Log[4]]]	63.4	2.43	Sqrt[Log[4]]
827	Gibbs constant	special	64	false positive	Hold[825175/(222787*Pi)]	13.4	2.30	(2*SinIntegral[Pi])/Pi
828	Lévy's constant	elementary	64	exact	Hold[Pi^2/Log[4096]]	63.5	2.31	Pi^2/(12*Log[2])
829	Foias constant	none	64	false positive	C_F1≈1.1874523511265009999	16.3	2.19	
830	2^(1/4)	algebraic	64	likely exact	e^(-1/16 b_4(2))≈1.18920711500272106671	20.2	2.78	2^(1/4)
831	theta_2, one of the angles associated with the bow-and-arrow configuration used in the 2-arc smallest length problem	none	64	false positive	Hold[(3*Sqrt[32557/503]*Pi^2)/200]	13.5	2.32	
832	arithmetic-geometric mean constant	special	64	likely exact	1/G_Ga≈1.19814023473559220743	20.1	2.24	(2*Pi^(3/2)*Sqrt[2])/Gamma[1/4]^2
833	real fixed point of coth(z)	special	64	likely exact	C_CFP≈1.19967864025773383391	20.3	2.34	Root[{-Coth[#1] + #1 & , 1.199678640257733833916369848641`30.079064926502777}]
834	lim_{n->infinity} ((1/log(n)^2)*Product_{2 < p < n, p prime} p/(p-2))	none	64	false positive	Hold[Sqrt[(360 - 67*E - 299*Pi + 1186*Log[2])/42]]	15.1	2.53	
835	sqrt(e^(1/e)) = 1.20194336847031	elementary	64	exact	Hold[E^(1/(2*E))]	63.9	2.41	E^(E^-1/2)
836	Apéry's constant	special	64	exact	Hold[Zeta[3]]	63.5	2.46	Zeta[3]
837	growth constant in random Fibonacci sequence	algebraic	64	exact	Hold[Root[-2 - #1 + #1^2 + #1^3 & , 1, 0]]	63.4	1.81	Root[#1^3 + #1^2 - #1 - 2 &, 1]
838	sqrt(A224273)	special	64	likely exact	sqrt(C_B4CC)≈1.20871770327331532724	20.4	2.18	Sqrt[3] Gamma[1/3]^(3/2)/(2 Pi)
839	2/sqrt(e), a constant appearing in the expression of the asymptotic expected volume V(d) of the convex hull of randomly 	elementary	64	exact	Hold[2/Sqrt[E]]	63.4	2.31	2/Sqrt[E]
840	12/Pi^2	elementary	64	exact	Hold[12/Pi^2]	63.7	2.34	12/Pi^2
841	positive real root of x^4 - x - 1	algebraic	64	exact	Hold[Root[-1 - #1 + #1^4 & , 2, 0]]	64.0	2.32	Root[#1^4 - #1 - 1 &, 2]
842	Mertens constant C(5,1)	none	64	false positive	Hold[Log[(-2 - 9*Sqrt[2] - 18*E + 47*E^2 + 52*Pi - 17*Pi^2)/82]]	16.0	2.45	
843	Gamma(3/4)	special	64	exact	Hold[Gamma[3/4]]	63.6	2.18	Gamma[3/4]
844	Fibonacci factorial constant	special	64	likely exact	ℱ_FF≈1.22674201072035324441	20.2	2.30	QPochhammer[-GoldenRatio^(-2)]
845	log10(17)	elementary	64	exact	Hold[Log[17]/Log[10]]	63.6	2.26	Log[10, 17]
846	Second Favard constant	elementary	64	likely exact	(3 ζ(2))/4≈1.23370055013616982735	20.5	2.17	Pi^2/8
847	Feller β coin-tossing constant	algebraic	64	exact	Hold[Root[-2 + 12*#1 - 22*#1^2 + 11*#1^3 & , 1, 0]]	63.6	1.96	(2 + 4*(17 + 3*Sqrt[33])^(1/3) - (17 + 3*Sqrt[33])^(2/3))/(6 + 9*(17 + 3*Sqrt[33])^(1/3) - 3*(17 + 3*Sqrt[33])^(2/3))
848	expected number of returns to the origin of a random walk on a 4-d lattice	none	64	false positive	Hold[(13998910*Pi)/35482081]	15.9	2.12	
849	Bertrand's constant	none	46	false positive	(597 - 64 G_Gi)/(5 (G_Gi + 84))≈1.251647597790431300	13.6	2.27	
850	root half pi	elementary	64	exact	Hold[Sqrt[Pi/2]]	63.9	1.98	Sqrt[Pi/2]
851	Khinchin-Lévy sum constant	special	64	false positive	Hold[Root[5750 - 8274*#1 - 3530*#1^2 + 5147*#1^3 & , 3, 0]]	16.0	2.40	Sum[Log[1 + \[FormalK]]/(\[FormalK]*(1 + \[FormalK])), {\[FormalK], 1, Infinity}]
852	Cube root of 2	algebraic	64	likely exact	e^(-1/12 b_4(2))≈1.25992104989487316476	20.2	1.98	2^(1/3)
853	limiting length appearing in the asymptotic probability involved in the "stick breaking" problem	none	64	unverifiable	(981 - 38 C_Sh)/(10 (83 C_Sh - 40)) = 1.261070486830679	nan	2.19	
854	c*sqrt(e/2), a constant associated with Dawson's integral and the asymptotic evaluation of the ideal hyperbolic n-cube v	none	64	false positive	Hold[-19/12 - 44/(29*Pi) - (7*Pi)/3 + (43*Pi!)/29]	15.8	2.41	
855	fractal dimension of Koch snowflake	elementary	64	exact	Hold[Log[4]/Log[3]]	63.6	2.14	Log[4]/Log[3]
856	Vardi constant	special	64	false positive	Hold[Root[-917 + 171*#1 - 737*#1^2 + 930*#1^3 & , 1, 0]]	15.9	2.15	ConditionalExpression[Extension`VardiConstant == (Exp[Sum[2^(-1 - \[FormalK])*Log[1 + (-1 + 2*Subscript[\[FormalA], \[FormalK]])^(-2)], {\[FormalK], 1, Infinity}]]*Sqrt[6])/2, Subscript[\[FormalA], 0] == 2 && Subscript[\[FormalA], \[FormalN]] == 1 - Subscript[\[FormalA], -1 + \[FormalN]] + Subscript[\[FormalA], -1 + \[FormalN]]^2]
857	expectation of the maximum of a size 6 sample from a normal (0,1) distribution	none	64	false positive	Hold[Sqrt[(349 - 24*E + 76*Pi - 221*Log[2])/230]]	15.7	2.31	
858	constant c_0 appearing in the asymptotic evaluation of the n-th Lebesgue constant (related to Fourier series) as L_n ~ (	none	64	false positive	Hold[Root[253 - 6388*#1 + 2500*#1^2 + 1867*#1^3 & , 3, 0]]	16.3	2.23	
859	Ramanujan-Forsyth series constant	elementary	64	exact	Hold[4/Pi]	63.4	2.29	4/Pi
860	log10(19)	elementary	64	exact	Hold[Log[19]/Log[10]]	63.6	2.47	Log[10, 19]
861	Glaisher-Kinkelin constant	special	64	exact	Hold[Glaisher]	63.7	2.40	Glaisher
862	theta_1, one of the angles associated with the bow-and-arrow configuration used in the 2-arc smallest length problem	none	64	false positive	(3420 - 83 K_(-1))/(10 (147 K_(-1) - 2))≈1.2865112676310112569	15.1	2.44	
863	ln(Gamma(1/4))	special	64	false positive	Hold[Root[4806 - 1183*#1 - 2200*#1^2 + 172*#1^3 & , 2, 0]]	16.2	2.29	LogGamma[1/4]
864	integral of the q-Pochhammer symbol over -1..1	elementary	64	false positive	Hold[Cosh[Sinh[959035/1396203]]]	16.3	2.45	4*Sqrt[3/23]*Pi*(2*Sinh[Sqrt[23]*Pi/6] + Sqrt[2]*Sinh[Sqrt[23]*Pi/4])/(2*Cosh[Sqrt[23]*Pi/3] - 1)
865	second Bernoulli sophomore dream constant	special	64	false positive	(1080 B_Bl + 883)/(6 (400 B_Bl - 9))≈1.29128599706266395616	15.5	2.43	Sum[\[FormalK]^(-\[FormalK]), {\[FormalK], 1, Infinity}]
866	(4/sqrt(Pi))*exp(-gamma/2)*K where K is the Landau-Ramanujan constant and gamma the Euler-Mascheroni constant	none	64	false positive	Hold[Log[(-70 - 17*Sqrt[2] - 34*E + E^2 - 130*Pi + 61*Pi^2)/4]]	15.9	2.38	
867	Salem number of degree 38 (Mossinghoff)	algebraic	64	false positive	Hold[Sqrt[(2*(305 + 73*E - 9*Pi - 391*Log[2]))/3]/9]	16.0	2.55	Root[#1^38 - #1^36 - #1^34 - #1^29 + #1^28 - #1^24 - #1^14 + #1^10 - #1^9 - #1^4 - #1^2 + 1 &, 4]
869	Mertens constant C(5,4)	none	64	false positive	Hold[Root[-538 - 345*#1 - 420*#1^2 + 600*#1^3 + 133*#1^4 & , 2, 0]]	16.5	2.44	
872	Conway's constant	algebraic	64	likely exact	λ_C≈1.30357726903429639125	20.3	2.60	Root[-6 + 3*#1 - 6*#1^2 + 12*#1^3 - 4*#1^4 + 7*#1^5 - 7*#1^6 + #1^7 + 5*#1^9 - 2*#1^10 - 4*#1^11 - 12*#1^12 + 2*#1^13 + 7*#1^14 + 12*#1^15 - 7*#1^16 - 10*#1^17 - 4*#1^18 + 3*#1^19 + 9*#1^20 - 7*#1^21 - 8*#1^23 + 14*#1^24 - 3*#1^25 + 9*#1^26 + 2*#1^27 - 3*#1^28 - 10*#1^29 - 2*#1^30 - 6*#1^31 + #1^32 + 10*#1^33 - 3*#1^34 + #1^35 + 7*#1^36 - 7*#1^37 + 7*#1^38 - 12*#1^39 - 5*#1^40 + 8*#1^41 + 6*#1^42 + 10*#1^43 - 8*#1^44 - 8*#1^45 - 7*#1^46 - 3*#1^47 + 9*#1^48 + #1^49 + 6*#1^50 + 6*#1^51 - 2*#1^52 - 3*#1^53 - 10*#1^54 - 2*#1^55 + 3*#1^56 + 5*#1^57 + 2*#1^58 - #1^59 - #1^60 - #1^61 - #1^62 - #1^63 + #1^64 + 2*#1^65 + 2*#1^66 - #1^67 - 2*#1^68 - #1^69 + #1^71 & , 3, 0]
873	Mills' constant	special	64	likely exact	θ≈1.306377883863080690468	21.3	2.25	ConditionalExpression[Extension`MillsConstant == \[FormalX], ForAll[\[FormalN], Element[\[FormalN], Integers] && \[FormalN] > 0, Element[Floor[\[FormalX]^3^\[FormalN]], Primes]] && ForAll[Subscript[\[FormalX], 1], Subscript[\[FormalX], 1] < \[FormalX], Exists[\[FormalN], Element[\[FormalN], Integers] && \[FormalN] > 0, NotElement[Floor[Subscript[\[FormalX], 1]^3^\[FormalN]], Primes]]]]
874	first lemniscate constant	special	64	likely exact	L/2≈1.31102877714605990523	20.7	2.37	Gamma[1/4]^2/(4*Sqrt[2*Pi])
875	Khinchin mean K_{-3}	none	64	likely exact	K_(-3)≈1.313507078687985766717	21.6	2.20	
876	3^(1/4)	algebraic	64	exact	Hold[3^(1/4)]	63.5	2.19	3^(1/4)
877	extended twin prime conjecture constant	special	64	likely exact	2 Π_2≈1.32032363169373914785	20.4	2.59	2*Product[1 - (-1 + Prime[\[FormalK]])^(-2), {\[FormalK], 2, Infinity}]
878	Plastic ratio	algebraic	64	exact	Hold[Root[-1 - #1 + #1^3 & , 1, 0]]	63.6	1.70	(27/2 - (3*Sqrt[69])/2)^(1/3)/3 + ((9 + Sqrt[69])/2)^(1/3)/3^(2/3)
879	pi^(1/4)	elementary	64	exact	Hold[Pi^(1/4)]	64.0	2.42	Pi^(1/4)
880	constant B3 (or B_3) related to the Mertens constant	none	64	false positive	Hold[(23077291*Pi)/54405232]	16.9	2.16	
881	imaginary part of the solution of z = log z	special	64	false positive	Hold[(29655839*Pi)/69671013]	18.0	2.47	Im[ProductLog[-1]]
882	monomer-dimer constant	special	64	likely exact	e^(C_d)≈1.338515151976096766938	21.8	3.23	E^(Catalan/Pi)
883	totient product constant	special	64	false positive	Hold[(-63*E^Pi + 60*Pi + 2*ArcTan[Pi] + 40*Log[Pi] + 695*Log[2*Pi])/42]	16.1	2.37	Product[1 + 1/((-1 + Prime[\[FormalK]])*Prime[\[FormalK]]^2), {\[FormalK], 1, Infinity}]
884	zeta(5/2)	special	64	false positive	Hold[Root[689 - 6444*#1 + 4296*#1^2 + 93*#1^3 & , 3, 0]]	16.1	2.39	Zeta[5/2]
885	entropy constant related to A063443	none	18	false positive	Hold[Csc[Log[4102188/767]]]	15.1	2.55	
886	'b', an auxiliary constant associated with the asymptotic probability of success in the full information version of the 	none	64	false positive	Hold[Sqrt[26715/145747]*Pi]	12.2	2.20	
887	Davis constant	special	64	false positive	Hold[Root[-2955 - 3657*#1 - 300*#1^2 + 3448*#1^3 & , 1, 0]]	16.9	2.09	Pi^2/(8*Catalan)
888	'xi', a constant related to the second order quadratic recurrence q(0)=q(1)=1, q(n)=q(n-2)*(q(n-1)+1)	none	64	false positive	Hold[(7*Pi*ArcSinh[277731/302666]^2)/11]	15.4	2.03	
889	mean number of iterations in comparing two numbers via their continued fractions	none	64	false positive	Hold[70919000/(538847*Pi^4)]	12.7	2.37	
890	expectation of the maximum of a size 7 sample from a normal (0,1) distribution	none	64	false positive	Hold[(14876523*Pi)/34563469]	16.0	2.32	
891	'c', an asymptotic constant related to a variation of the "Secretary problem" with a uniform distribution	none	64	false positive	Hold[Sqrt[(2140 - 522*E - 60*Pi + Log[8])/73]/2]	17.5	2.54	
892	Gamma(2/3)	special	64	exact	Hold[Gamma[2/3]]	64.0	2.57	Gamma[2/3]
893	golden spiral constant	elementary	64	false positive	Hold[(79889566*Pi)/184754179]	18.0	2.37	GoldenRatio^(2/Pi)
894	Pippenger product constant	elementary	64	exact	Hold[E/2]	64.0	2.39	E/2
895	log10(23)	elementary	64	exact	Hold[Log[23]/Log[10]]	63.5	2.33	Log[10, 23]
896	log e^π	elementary	64	false positive	Hold[(2612 - 405*Pi - 65*Pi^2 + 34*Pi*Pi!)/(342*Pi)]	16.0	2.32	Log10[E^Pi]
898	Shallit's constant	none	64	false positive	Hold[Sqrt[(16 + 72*E - 35*Pi + Log[4])/55]]	14.7	2.13	
899	Hardy-Littlewood conjecture constant	special	64	false positive	Hold[(27523541*Pi)/62985800]	16.0	2.42	Inactive[Product][1 - (-1)^((-1 + Prime[\[FormalK]])/2)/(-1 + Prime[\[FormalK]]), {\[FormalK], 2, Infinity}]
900	sum of 1/(p-1)^2 over all primes p	none	64	false positive	Hold[Pi*Root[-2182 + 395*#1 + 6150*#1^2 + 9909*#1^3 & , 1, 0]]	17.7	2.55	
901	Kneser-Mahler β constant	special	64	false positive	Hold[53/30 - 206/(3135*E) - (833*E)/6270]	17.0	2.05	Exp[(9 - PolyGamma[1, 2/3] + PolyGamma[1, 4/3])/(4*Pi*Sqrt[3])]
902	arccosh(8)/2 = ln((3 + sqrt 7)/sqrt 2)	elementary	64	likely exact	cosh^(-1)((3 P_P)/2)≈1.384329691656786916366	24.3	2.20	ArcCosh[8]/2
903	ln(4)	elementary	64	likely exact	-1/2 b_4(2)≈1.386294361119890618834	21.5	2.76	Log[4]
905	Gamma(1/4)^4/(4*Pi^3)	special	64	likely exact	2 (G_Ga)^2≈1.39320392968567685918	20.5	2.29	Gamma[1/4]^4/(4*Pi^3)
906	hard hexagon entropy constant	algebraic	64	likely exact	κ_h≈1.395485972479302735229	21.4	2.28	Root[-32751691810479015985152 + 97143135277377575190528*#1^4 - 73347491183630103871488*#1^6 - 71220809441400405884928*#1^8 + 107155448150443388043264*#1^10 - 72405670285649161617408*#1^12 + 2958015038376958230528*#1^14 + 7449488310131083100160*#1^16 + 797726698866658379776*#1^18 + 2505062311720673792*#1^20 + 2013290651222784*#1^22 + 25937424601*#1^24 &, 2]
907	e^(1/3)	elementary	64	exact	Hold[E^(1/3)]	64.0	2.22	E^(1/3)
908	unique solution of the equation sum_(p prime)(1/p^x) = 1, a constant related to the asymptotic evaluation of the number 	none	64	false positive	Hold[Pi*Root[-880 + 1339*#1 - 5*#1^2 + 3219*#1^3 & , 1, 0]]	16.1	2.33	
909	Myrberg point	none	64	false positive	Hold[Pi*Root[-645 - 331*#1 + 2797*#1^2 + 2663*#1^3 & , 3, 0]]	16.9	1.99	
910	L = Integral_{t=0..1} 1/(1-2t^2/3) dt, an auxiliary constant associated with one of the integral inequalities studied by	elementary	64	false positive	Hold[Pi*Root[511 - 2796*#1 - 548*#1^2 + 9502*#1^3 & , 3, 0]]	16.1	1.98	Sqrt[3/2]*ArcTanh[Sqrt[2/3]]
911	complex Grothendieck constant upper bound	special	64	false positive	Hold[Log[(-34 + 30*Sqrt[2] - 55*E + 2*E^2 + 9*Pi + 38*Pi^2)/68]]	15.4	1.95	(-EllipticE[-1] + 2*EllipticK[-1])^(-1)
912	1 + 1/(1*3) + 1/(1*3*5) + 1/(1*3*5*7) + 	special	64	false positive	Hold[Sqrt[(459 - 152*E - 40*Pi + 431*Log[2])/110]]	15.3	2.27	Sqrt[E*Pi/2] * Erf[1/Sqrt[2]]
913	Pythagoras constant	algebraic	64	likely exact	e^(-1/8 b_4(2))≈1.41421356237309504880	20.9	1.87	Sqrt[2]
914	inverse of carefree constant	special	64	false positive	Hold[(158388397*Pi)/350524680]	16.1	2.21	Product[1 + (-1 + Prime[\[FormalK]] + Prime[\[FormalK]]^2)^(-1), {\[FormalK], 1, Infinity}]
915	Sum_{m >= 0, m not a binary self number} 2^(-m)	none	64	false positive	Hold[Pi*Root[-720 + 2649*#1 - 2704*#1^2 + 809*#1^3 & , 1, 0]]	16.4	2.40	
916	expectation of the maximum of a size 8 sample from a normal (0,1) distribution	none	64	false positive	Hold[(71668501*Pi)/158157620]	16.4	2.35	
917	'eta', a constant related to the second order quadratic recurrence q(0)=q(1)=1, q(n)=q(n-2)*(q(n-1)+1)	none	64	false positive	Hold[Sqrt[(95 + 459*E - 4*Pi - 751*Log[2])/11]/6]	16.0	2.38	
918	exp(sqrt(Pi/24))	elementary	64	false positive	Hold[(128381790*Pi)/280882889]	16.3	2.37	Exp[Sqrt[Pi/24]]
919	first Lebesgue constant	elementary	64	exact	Hold[1/3 + (2*Sqrt[3])/Pi]	64.0	2.02	1/3 + (2*Sqrt[3])/Pi
920	Cube root of 3	algebraic	64	exact	Hold[3^(1/3)]	63.5	1.91	3^(1/3)
921	log2(e)	elementary	64	exact	Hold[Log[2]^(-1)]	64.0	2.17	1/Log[2]
922	Steiner number	elementary	64	exact	Hold[E^E^(-1)]	63.7	2.10	E^E^(-1)
923	Khinchin mean K_{-2}	none	64	likely exact	K_(-2)≈1.450340328495630406052	21.2	2.35	
924	Soldner constant	special	64	likely exact	μ≈1.45136923488338105028	20.6	2.50	Root[{LogIntegral[#1] & , 1.4513692348833810502839684858920274494930322836480158630931`30.}]
925	Backhouse's constant	special	64	likely exact	C_B≈1.456074948582689671399	21.4	2.84	ConditionalExpression[Extension`BackhouseConstant == Limit[Abs[Subscript[\[FormalQ], 1 + \[FormalN]]/Subscript[\[FormalQ], \[FormalN]]], \[FormalN] -> Infinity], Sum[\[FormalZ]^\[FormalK]*Subscript[\[FormalQ], \[FormalK]], {\[FormalK], 0, Infinity}] == (1 + Sum[\[FormalZ]^\[FormalK]*Prime[\[FormalK]], {\[FormalK], 1, Infinity}])^(-1)]
926	AGM(1, 2)	special	64	false positive	Hold[Sqrt[(-210 + 759*E - 3*Pi - 1273*Log[2])/453]]	16.7	2.37	ArithmeticGeometricMean[1, 2]
928	1 - ln(1 - 1/e) (random mappings)	elementary	64	false positive	Hold[Root[53 - 8438*#1 - 2066*#1^2 + 5365*#1^3 & , 3, 0]]	17.4	2.18	1 - Log[1 - 1/E]
929	zeta(1/2) (negated)	special	64	false positive	Hold[(20307433*Pi)/43686435]	16.0	2.16	-(Zeta[1/2])
930	Baxter's four-coloring constant	special	64	likely exact	C_B4CC≈1.460998486206318358158	21.2	2.28	3 Gamma[1/3]^3/(4 Pi^2)
931	position of the positive minimum of the gamma function	special	64	likely exact	x_min≈1.46163214496836234126	20.7	2.48	Root[{PolyGamma[0, #1] & , 1.46163214496836234126265954233`29.164838085677864}]
932	log10(29)	elementary	64	exact	Hold[Log[29]/Log[10]]	63.6	2.27	Log[10, 29]
933	cbrt pi	elementary	64	exact	Hold[Pi^(1/3)]	64.0	2.09	Pi^(1/3)
934	Supergolden ratio	algebraic	64	exact	Hold[Root[-1 + #1 + #1^3 & , 1, 0]^(-1)]	63.8	1.81	(1 + (29/2 - (3*Sqrt[93])/2)^(1/3) + ((29 + 3*Sqrt[93])/2)^(1/3))/3
935	Porter's constant	special	64	likely exact	C_P≈1.46707807943397547289	20.3	2.40	-1/2 + (6*Log[2]*(-2 + 4*EulerGamma + 3*Log[2] - (24*Derivative[1][Zeta][2])/Pi^2))/Pi^2
936	Product_{p prime} (1+1/p)^(1/p), an infinite product considered and computed by Marc Deléglise	none	64	false positive	Hold[Root[-7490 + 1083*#1 + 247*#1^2 + 1696*#1^3 & , 1, 0]]	16.8	2.40	
937	variance of the degree (valency) of the root of a random rooted tree with n vertices	none	64	false positive	Hold[(680 + 2877*E - 785*E^2 - 20*E*E!)/(616*E)]	16.7	2.29	
938	constant C such that Sum_{k>=1} 1/C^p(k) = 1 where p(k) is the k-th prime	none	64	false positive	Hold[Root[-1560 + 441*#1 - 73*#1^2 + 332*#1^3 & , 1, 0]]	15.5	2.15	
939	Landau-Kolmogorov constant C(4,3) for derivatives in the case L_infinity(infinity, infinity)	none	64	exact	Hold[(3/5)^(1/4)*2^(3/4)]	63.9	2.01	
940	coefficient c_md in c_md*log(N)^(1/rho), the asymptotic mean number of distinct factors in a random factorization of n <	none	64	false positive	Hold[(75594703*Pi)/159611005]	16.2	2.37	
941	Bateman-Grosswald constant zeta(2/3)/zeta(2), a constant (negated) arising in the asymptotic evaluation of the number of	special	64	false positive	Hold[Root[582 - 41*#1 - 845*#1^2 - 980*#1^3 + 934*#1^4 & , 2, 0]]	16.7	2.36	-(Zeta[2/3] / Zeta[2])
942	smallest positive root of the function lambda(x) = Sum_{n>=0} (-1)^n*x^n/(2^(n*(n-1)/2)*n!)	none	64	false positive	Hold[Log[(177 - 42*Sqrt[2] - 109*E + 66*E^2 + Pi^2)/72]]	17.8	2.46	
943	log10(31)	elementary	64	exact	Hold[Log[31]/Log[10]]	64.0	2.43	Log[10, 31]
944	Landau-Kolmogorov constant C(5,4) for derivatives in the case L_infinity(-infinity, infinity)	none	64	exact	Hold[(15/2)^(1/5)]	63.5	2.32	
945	lim_{n -> infinity} A001699(n)^(1/2^n)	none	64	false positive	Hold[Sqrt[(605 - 189*E + 430*Pi - 207*Log[2])/23]/5]	16.0	2.93	
946	hard square entropy constant	none	44	false positive	Hold[Sqrt[-446 - 348*E + 160*Pi + 1547*Log[2]]/9]	15.8	2.33	
947	Greenfield-Nussbaum constant	none	64	false positive	Hold[Root[6100 - 9501*#1 - 8647*#1^2 + 8134*#1^3 & , 3, 0]]	16.3	2.13	
948	Selberg-Delange constant Product_{prime p > 2} (1 + 1/(p(p-2)))	none	64	likely exact	1/Π_2≈1.51478012813749125779	21.2	2.16	
949	value of Watson's integral	special	64	likely exact	1/(1 - p(3))≈1.51638605915197801815	20.4	2.11	Sqrt[6]/32/Pi^3*Gamma[1/24]*Gamma[5/24]*Gamma[7/24]*Gamma[11/24]
950	(Glaisher^12/(2^(4/3) * Pi * e^EulerGamma))^(Pi^2/8)	special	64	false positive	Hold[(-68*E^Pi + 70*Pi + 235*ArcTan[Pi] - 113*Log[Pi] + 662*Log[2*Pi])/20]	17.0	2.29	(Glaisher^12/(2^(4/3)Pi E^EulerGamma))^(Pi^2/8)
951	Bateman-Stemmler constant	special	64	false positive	Hold[(4643123*Pi)/9585660]	15.1	2.33	Product[(1 - (2 + KroneckerSymbol[-3, Prime[\[FormalK]]])/Prime[\[FormalK]])/(1 - Prime[\[FormalK]]^(-1))^2, {\[FormalK], 1, Infinity}]
952	equianharmonic Weierstrass elliptic ω_2 constant	special	64	likely exact	2 Re(ω_1)≈1.5299540370571928749	20.1	2.45	Gamma[1/3]^3/(4*Pi)
953	exp(7*zeta(3)/(2*Pi^2))	special	64	false positive	Hold[(-91*E^Pi + 637*Pi - 9*ArcTan[Pi] + 652*Log[Pi] - 338*Log[2*Pi])/6]	15.7	2.38	Exp[7*Zeta[3]/(2*Pi^2)]
954	Sum_{n>=1} 1/Fibonacci(2*n)	none	64	false positive	Hold[(7*Pi*ArcTanh[298271/470779]^2)/8]	15.3	2.24	
955	Lieb's square ice constant	algebraic	64	likely exact	(8 T_T)/9≈1.53960071783900203869	21.2	1.70	8/(3*Sqrt[3])
956	Madelung 2D hexagonal lattice constant	special	64	false positive	Hold[(38290045*Pi)/77999083]	16.1	2.36	(-3 + Sqrt[3])*Zeta[1/2]*(Zeta[1/2, 1/6] + (1 - Sqrt[2])*Zeta[1/2, 1/3])
957	cosh one	elementary	64	exact	Hold[Cosh[1]]	63.7	2.24	Cosh[1]
958	maximal width of a Reuleaux triangle avoiding all vertices of the integer square lattice	none	64	false positive	Hold[(11*Pi*ArcSin[35141/52552]^2)/12]	15.6	2.21	
959	Integral_{x=0..Pi/2} (x^2/sin(x)) dx	special	64	false positive	Hold[(45489283*Pi)/92319394]	16.2	2.13	2*Pi*Catalan - 7*Zeta[3]/2
960	D(1/2), where D(x) is the infinite product function defined in the formula section (or in the Finch reference)	none	64	false positive	Hold[(44276933*Pi)/89792589]	16.4	2.60	
961	Calabi ratio	algebraic	64	likely exact	C_CR≈1.55138752454832039226	20.9	1.99	1/3 + 11/(3*2^(1/3)*(-23 + (3*I)*Sqrt[237])^(1/3)) + (-23 + (3*I)*Sqrt[237])^(1/3)/(3*2^(2/3))
962	sqrt(sqrt(2) + 1)	algebraic	64	exact	Hold[Sqrt[1 + Sqrt[2]]]	63.7	2.24	Sqrt[Sqrt[2] + 1]
963	c, a constant appearing in the asymptotic lower bound of the size of a restricted difference set	none	64	false positive	Hold[(9671797*Pi)/19473996]	15.8	2.24	
964	triangular root of two	algebraic	64	exact	Hold[8/(1 + Sqrt[17])]	63.5	1.86	(-1 + Sqrt[17])/2
965	log10(37)	elementary	64	exact	Hold[Log[37]/Log[10]]	63.9	2.24	Log[10, 37]
966	2*Sum_{k=1..50000} (-1)^(k-1)/(2k-1)	special	64	false positive	Hold[ArcTan[100000]]	15.4	2.20	2*Sum[(-1)^(k - 1)/(2*k - 1), {k, 1, 50000}]
967	Favard constant	elementary	64	exact	Hold[Pi/2]	64.0	1.99	Pi/2
968	10^(1/5)	algebraic	64	exact	Hold[10^(1/5)]	63.7	1.79	10^(1/5)
969	Sierpiński triangle fractal dimension	elementary	64	exact	Hold[Log[3]/Log[2]]	63.5	2.14	Log[3]/Log[2]
970	Erdős–Borwein constant	special	64	likely exact	ℰ_EB≈1.606695152415291763783	21.7	2.09	(Log[2] - QPolyGamma[0, 1, 1/2])/Log[2]
971	ln(5)	elementary	64	exact	Hold[Log[5]]	63.5	1.94	Log[5]
972	exponential primorial constant	none	64	false positive	Hold[(66701629*Pi)/130065071]	17.4	2.18	
973	Cbrt[4π/3]	elementary	64	exact	Hold[2^(2/3)*(Pi/3)^(1/3)]	63.6	2.25	CubeRoot[4*Pi/3]
974	log10(41)	elementary	64	exact	Hold[Log[41]/Log[10]]	64.0	2.71	Log[10, 41]
975	z_tri, a constant related to the enumeration of spanning trees on the triangular lattice (this is different from A242968	none	64	false positive	Hold[(53261520*Pi)/103586281]	16.7	2.28	
976	Madelung's constant M2	none	64	false positive	Hold[(28370805*Pi)/55170016]	16.1	2.11	
977	Golden ratio	algebraic	64	exact	Hold[GoldenRatio]	63.7	1.94	GoldenRatio
978	Odlyzko-Wilf constant	special	64	false positive	Hold[(34291723*Pi)/66407313]	17.2	2.18	ConditionalExpression[Extension`OdlyzkoWilfConstant == Limit[(2/3)^\[FormalN]*\[FormalS][\[FormalN]], \[FormalN] -> Infinity], \[FormalS][0] == 0 && \[FormalS][\[FormalN]] == 1 + Floor[(3*\[FormalS][-1 + \[FormalN]])/2]]
979	Product_{n>=1} (2n/(2n+1))^((-1)^t(n)), where t(n) = A010060(n) is the Thue-Morse sequence	none	64	false positive	Hold[Log[2450716/409]/Log[209]]	15.4	2.21	
980	log10(43)	elementary	64	exact	Hold[Log[43]/Log[10]]	64.0	2.30	Log[10, 43]
981	Erdős-Cohen constant	special	64	false positive	Hold[(9989365*Pi)/19175243]	16.0	2.34	Sum[1/(Prime[\[FormalK]]*Log[Prime[\[FormalK]]]), {\[FormalK], 1, Infinity}]
982	2nd Lebesgue constant L2	elementary	64	false positive	Hold[(18413348*Pi)/35225701]	16.1	2.34	1/5 + Sqrt[25 - 2*Sqrt[5]]/Pi
983	Riemann ζ of 2	elementary	64	exact	Hold[Pi^2/6]	63.6	2.01	Pi^2/6
984	Product_{k>=0} (1+1/2^(2k))^(1/2)	special	64	false positive	Hold[(6*(-32572 + 3969*Pi^2))/(7655*Pi)]	17.0	2.18	Sqrt[Product[1 + 1/2^(2*k), {k, 0, Infinity}]]
985	square root of e	elementary	64	exact	Hold[Sqrt[E]]	63.7	2.20	Sqrt[E]
986	minimum value of the function s(t) = (Pi + 2*sqrt(1 + t^2))/(1 + Pi/2 + t) for t > 0	elementary	64	false positive	Hold[(-1351 - 970*Pi + 239*Pi^2 + 100*Pi*Pi!)/(42*Pi)]	16.0	2.43	2(Pi+Pi^2+Sqrt[8+Pi^3+4Pi(3+Sqrt[2+Pi])+Pi^2(7+2Sqrt[2+Pi])])/(4+Pi^2+Pi(4+Sqrt[2+Pi]))
987	Somos' quadratic recurrence constant	special	64	likely exact	σ_S≈1.661687949633594121295	21.3	2.57	E^(-Derivative[1, 0][PolyLog][0, 1/2])
988	Hermite's constant gamma_6 = 2/3^(1/6)	algebraic	64	exact	Hold[2/3^(1/6)]	63.6	2.37	2/3^(1/6)
989	log10(47)	elementary	64	exact	Hold[Log[47]/Log[10]]	63.8	2.45	Log[10, 47]
990	a constant related to A000621 and A000624	none	64	false positive	Hold[(37317751*Pi)/69727273]	16.6	2.44	
991	zeta(3/5) * zeta(4/5) * Product_{p prime} (1 - 1/p^(8/5) - 1/p^(9/5) - 1/p^2 + 1/p^(13/5) + 1/p^(14/5))	none	64	false positive	Hold[Root[-6734 + 435*#1 + 687*#1^2 + 852*#1^3 & , 1, 0]]	16.2	2.33	
992	1 + log(2*Pi) - 2*gamma, where gamma is Euler's constant (A001620)	special	64	false positive	Hold[(20474125*Pi)/38208158]	16.2	2.01	1 + Log[2*Pi] - 2*EulerGamma
993	maximal circumradius of a planar convex set containing no lattice point except for the origin where it has its circumcen	none	64	false positive	Hold[(-9882 + 17539*Pi^2)/(30839*Pi)]	15.9	2.45	
994	Sum_{k>=0} 1/A007018(k)	none	64	false positive	Hold[Root[-921 - 724*#1 + 2*#1^2 + 341*#1^3 + 60*#1^4 & , 2, 0]]	16.2	2.11	
995	Niven's constant	special	64	likely exact	C_N≈1.70521114010536776428	20.3	2.17	1 + Sum[1 - Zeta[n]^(-1), {n, 2, Infinity}]
996	Pi^2/(12*log(phi))	elementary	64	false positive	Hold[(-5 - 33*E + 134*E^2)/(7*(-1 - 2*E + 11*E^2))]	14.8	1.94	Pi^2/(12*Log[GoldenRatio])
997	log10(53)	elementary	64	exact	Hold[Log[53]/Log[10]]	63.9	2.44	Log[10, 53]
998	Kalmar ρ composition constant	special	64	false positive	Hold[Sqrt[(-662 - 299*E + 510*Pi + 36*Log[2])/51]]	15.3	2.28	Root[{-2 + Zeta[#1] & , 1.7286472389981836181351030103`29.237706376855613}]
999	Theodorus constant	algebraic	64	exact	Hold[Sqrt[3]]	63.6	1.89	Sqrt[3]
1000	reciprocal of Euler γ	special	64	exact	Hold[EulerGamma^(-1)]	64.0	1.99	EulerGamma^(-1)
1001	1/A347901	none	64	false positive	Hold[E^(13 + 8/E - 10*E - 9/Pi - 3*Pi)*Pi^(-15 + 12*E)*Csc[E*Pi]*Sec[E*Pi]^8]	15.6	2.02	
1002	sqrt(2*Pi)*log(2), a constant associated with asymptotic evaluation of random mapping statistics	elementary	64	exact	Hold[Sqrt[2*Pi]*Log[2]]	64.0	2.29	Sqrt[2*Pi]*Log[2]
1003	value of a nonregular continued fraction giving tau/(3*tau-1), where tau is the Prouhet-Thue-Morse constant	none	64	likely exact	P_TM/(3 P_TM - 1)≈1.73765749477655362126	22.4	2.24	
1004	'tau' (named sigma_2 by C. Pomerance), a constant associated with the expected number of random elements to generate a f	none	64	false positive	Hold[(85095069*Pi)/153406415]	16.7	2.43	
1005	Khinchin harmonic mean	special	64	likely exact	K_(-1)≈1.745405662407346863494	21.5	2.30	ConditionalExpression[Extension`KhinchinHarmonicMeanConstant == Limit[\[FormalN]/Sum[Subscript[\[FormalA], \[FormalK]]^(-1), {\[FormalK], 1, \[FormalN]}], \[FormalN] -> Infinity], Element[Subscript[\[FormalA], \[FormalK]], Integers] && Subscript[\[FormalA], \[FormalK]] > 0]
1006	Madelung constant (negated) for NaCl structure	special	64	likely exact	-M≈1.747564594633182190636	21.9	2.16	12Pi*Sum[ Sech[Pi/2*Sqrt[(2j + 1)^2 + (2k + 1)^2]]^2, {j, 0, 40}, {k, 0, 40}]
1007	continued fraction expansion [1; 1/2, 1/3, 1/4, 1/5, 1/6, ...]	elementary	64	exact	Hold[2/(-2 + Pi)]	64.0	2.30	2/(Pi - 2)
1008	Feller coin-tossing constant	algebraic	64	likely exact	P^2≈1.754877666246692760049	21.5	2.06	(2 + (25 - 3*Sqrt[69])^(1/3)/2^(1/3) + (25 + 3*Sqrt[69])^(1/3)/2^(1/3))/3
1009	nested radical constant	special	64	likely exact	C_NR≈1.757932756618004532708	21.3	2.22	Limit[Fold[Sqrt[#1 + #2] & , Sqrt[1 + \[FormalN]], Table[\[FormalI], {\[FormalI], \[FormalN], 1, -1}]], \[FormalN] -> Infinity]
1010	log 180/π	elementary	64	false positive	Hold[(47872874*Pi)/85544129]	16.2	2.42	Log10[180/Pi]
1011	Product_{n>1} (1+1/n)^(1/n)	none	64	false positive	Hold[(95503588*Pi)/170595285]	16.6	2.31	
1012	constant x such that x^x = e. Inverse of W(1), where W is Lambert's function	special	64	likely exact	e^W(1)≈1.76322283435189671022	20.5	2.01	1/ProductLog[1]
1013	'b', an optimal stopping constant associated with the secretary problem when the objective is to maximize the hiree's ex	none	64	false positive	Hold[Csc[Cot[523417/85680]]]	13.5	2.16	
1014	log10(59)	elementary	64	exact	Hold[Log[59]/Log[10]]	63.8	1.86	Log[10, 59]
1015	Sierpiński's S^ (Ŝ or "S hat" as named by S. Finch), a constant appearing in the asymptotics of the number of representa	none	64	false positive	Hold[(309 - 50*Pi - 84*Pi^2 + 46*Pi*Pi!)/(65*Pi)]	15.1	2.36	
1016	Carlson-Levin constant	elementary	64	exact	Hold[Sqrt[Pi]]	64.0	2.08	Sqrt[Pi]
1017	angle in radians at the apex of the Calabi triangle	none	64	false positive	Hold[(5043537*Pi)/8923460]	14.8	2.14	
1018	10^(1/4)	algebraic	64	exact	Hold[10^(1/4)]	63.9	1.84	10^(1/4)
1019	3rd Lebesgue constant L3	elementary	64	false positive	(20 (C_MRB + 8))/(932 C_MRB - 83)≈1.77832286152595339	13.4	2.04	(3*Pi-14*Cos[Pi/14]+70*Cos[3*Pi/14]+154*Sin[Pi/7])/(21*Pi)
1020	exponential of Euler γ	special	64	exact	Hold[E^EulerGamma]	63.6	2.15	E^EulerGamma
1021	conjectured upper bound on Grothendieck's constant	elementary	64	likely exact	k_r≈1.78221397819136911177	20.6	2.44	Pi/(2*Log[1 + Sqrt[2]])
1022	log10(61)	elementary	64	exact	Hold[Log[61]/Log[10]]	63.7	2.30	Log[10, 61]
1023	Silverman constant	special	64	false positive	Hold[Root[-716 + 10*#1 + 377*#1^2 - 194*#1^3 + 59*#1^4 & , 2, 0]]	16.3	2.36	Sum[1/(DivisorSigma[1, \[FormalK]]*EulerPhi[\[FormalK]]), {\[FormalK], 1, Infinity}]
1024	Komornik–Loreti constant	special	64	likely exact	C_KL≈1.7872316501829659330	20.1	2.30	Root[{Product[1 - 1/#1^2^\[FormalK], {\[FormalK], 0, Infinity}] - (2 - #1)/(#1 - 1) & , 1.7872316501829659330132`22.252180846784352}]
1025	2D dimer constant	special	64	likely exact	e^(2 C_d)≈1.791622812069593424730	21.5	2.14	E^((2*Catalan)/Pi)
1026	ln(6)	elementary	64	exact	Hold[Log[6]]	64.0	2.05	Log[6]
1028	Hermite's constant gamma_7 = 2^(6/7)	algebraic	64	likely exact	e^(-3/14 b_4(2))≈1.81144732852781334318	20.3	2.23	2^(6/7)
1029	limit of a recursive sequence connected to the Plastic constant (A060006)	none	64	false positive	Hold[(63320297*Pi)/109487806]	18.0	2.36	
1030	sqrt((3+sqrt(13))/2), a constant related to the asymptotic evaluation of the number of self-avoiding rook paths joining 	algebraic	64	exact	Hold[Sqrt[(3 + Sqrt[13])/2]]	64.0	1.86	Sqrt[(3 + Sqrt[13])/2]
1031	Masser-Gramain constant conjectured value	special	64	likely exact	S + 1≈1.82282524967884703299	20.5	2.21	1 + 2*EulerGamma + 2*Log[2] + 3*Log[Pi] - 4*Log[Gamma[1/4]]
1032	log10(67)	elementary	64	exact	Hold[Log[67]/Log[10]]	63.6	2.13	Log[10, 67]
1033	two times the Catalan constant	special	64	exact	Hold[2*Catalan]	63.9	2.28	2 Catalan
1034	ln(2 pi)	elementary	64	exact	Hold[Log[2*Pi]]	64.0	2.44	Log[2*Pi]
1035	Tribonacci constant	algebraic	64	exact	Hold[Root[-1 + #1 + #1^2 + #1^3 & , 1, 0]^(-1)]	63.7	1.98	(1 + (19 - 3*Sqrt[33])^(1/3) + (19 + 3*Sqrt[33])^(1/3))/3
1036	4th Madelung constant (negated)	special	64	false positive	Hold[Log[(-77 + 111*E + 25*E^2 + 153*Pi - 87*Pi^2)/5]]	16.4	2.92	8*(5 - 3*Sqrt[2])*Zeta[1/2]*Zeta[-1/2]
1037	Landau-Kolmogorov constant	algebraic	64	exact	Hold[Sqrt[3]*((1 + Sqrt[2])/2)^(1/3)]	64.0	2.46	Sqrt[3]/(2^(1/3)*(-1 + Sqrt[2])^(1/3))
1038	Connective constant	algebraic	64	exact	Hold[Sqrt[2 + Sqrt[2]]]	63.6	2.25	Sqrt[2 + Sqrt[2]]
1039	log10(71)	elementary	64	exact	Hold[Log[71]/Log[10]]	64.0	2.38	Log[10, 71]
1040	Integral_{x=0..Pi} (sin(x)/x) dx	special	64	likely exact	G≈1.85193705198246617036	21.2	2.34	SinIntegral[Pi]
1041	Gauss lemniscate constant	special	64	likely exact	L/sqrt(2)≈1.854074677301371918433	21.3	2.04	Gamma[1/4]^2/(4*Sqrt[Pi])
1042	spiral of Theodorus constant	special	64	false positive	Hold[Log[-Cot[3888059/1301589]]]	16.4	2.07	Sum[1/((1 + \[FormalK])*Sqrt[\[FormalK]]), {\[FormalK], 1, Infinity}]
1043	log10(73)	elementary	64	exact	Hold[Log[73]/Log[10]]	63.6	2.03	Log[10, 73]
1044	expected reciprocal Euclidean distance between two random points in the unit cube	none	64	false positive	Hold[Root[6285 - 1190*#1 - 2160*#1^2 + 541*#1^3 & , 2, 0]]	15.1	2.29	
1045	log10(79)	elementary	64	exact	Hold[Log[79]/Log[10]]	63.8	2.23	Log[10, 79]
1047	Boyd constant	special	64	false positive	Hold[Pi*Root[55 - 2195*#1 - 352*#1^2 + 6284*#1^3 & , 3, 0]]	16.5	2.39	Exp[(9 - PolyGamma[1, 2/3] + PolyGamma[1, 4/3])/(2*Pi*Sqrt[3])]
1048	M_5, the 5-dimensional analog of Madelung's constant (negated)	none	32	false positive	Hold[(88215720*Pi)/145148677]	17.1	2.31	
1049	6/π	elementary	64	exact	Hold[6/Pi]	63.8	2.03	6/Pi
1050	tetrahedral bond angle	elementary	64	exact	Hold[ArcCos[-3^(-1)]]	63.7	2.23	ArcCos[-1/3]
1051	log10(83)	elementary	64	exact	Hold[Log[83]/Log[10]]	63.6	2.28	Log[10, 83]
1052	tetranacci constant	algebraic	64	exact	Hold[Root[-1 + #1 + #1^2 + #1^3 + #1^4 & , 2, 0]^(-1)]	64.0	2.25	Root[-1 - #1 - #1^2 - #1^3 + #1^4 & , 2]
1054	Omega prime-generating constant	none	64	false positive	Hold[Root[79 + 82*#1 - 940*#1^2 + 300*#1^3 + 80*#1^4 & , 4, 0]]	16.3	2.98	
1055	first moment of the reciprocal gamma distribution	none	64	false positive	Hold[(34249555*Pi)/55618724]	16.5	2.12	
1056	Euler totient A constant	special	64	exact	Hold[(315*Zeta[3])/(2*Pi^4)]	64.0	2.30	(315*Zeta[3])/(2*Pi^4)
1057	ln(7)	elementary	64	exact	Hold[Log[7]]	64.0	2.31	Log[7]
1058	C_4, a constant related to sharp inequalities for the product of 4 polynomials, which was introduced by David Boyd	none	64	false positive	Hold[(26534037*Pi)/42782176]	16.2	2.25	
1059	log10(89)	elementary	64	exact	Hold[Log[89]/Log[10]]	64.0	2.37	Log[10, 89]
1060	Z score	special	64	false positive	Hold[Pi*Root[-2216 + 2857*#1 - 490*#1^2 + 2571*#1^3 & , 1, 0]]	16.6	1.99	Sqrt[2]*InverseErf[19/20]
1061	reciprocal Lucas constant	special	64	likely exact	ℒ_RL≈1.962858173209645782868	21.4	2.32	(-1 + EllipticTheta[3, 0, GoldenRatio^(-2)]^2)/4 + (7*Log[GoldenRatio] - Log[1 + GoldenRatio^2] - QPolyGamma[0, 1, GoldenRatio^(-4)] + 4*QPolyGamma[0, 1, GoldenRatio^(-2)] - 4*QPolyGamma[0, 1, GoldenRatio^(-1)])/(4*Log[GoldenRatio])
1062	M_6, the 6th Madelung constant	none	64	false positive	Hold[2*3^(4/53)*Log[2]^(1/3)*Log[3]^(37/159)]	15.8	2.37	
1063	pentanacci constant	algebraic	64	likely exact	P_pen≈1.96594823664548533718	20.3	2.50	Root[-1 - #1 - #1^2 - #1^3 - #1^4 + #1^5 & , 1]
1064	C_5, a constant related to sharp inequalities for the product of 5 polynomials, which was introduced by David Boyd	none	64	false positive	Hold[(-34*E^Pi + 370*Pi - 363*ArcTan[Pi] + 2*Log[Pi] + 93*Log[2*Pi])/46]	15.4	2.45	
1065	C_6, a constant related to sharp inequalities for the product of 6 polynomials, which was introduced by David Boyd	none	64	false positive	Hold[E^(-9/10 + 2/(5*E) + (3*E)/10 + (3*Pi)/20)/(Pi^(1/20)*Sin[E*Pi]^(4/5))]	16.4	2.22	
1066	Gamma''(1)	none	64	false positive	Hold[(-677 + 28*Pi + 661*Pi^2)/(955*Pi)]	15.5	2.46	
1067	hexanacci constant	algebraic	64	likely exact	ℋ_hex≈1.983582843424326330385	21.5	2.38	Root[-1 - #1 - #1^2 - #1^3 - #1^4 - #1^5 + #1^6 & , 2]
1068	log10(97)	elementary	64	exact	Hold[Log[97]/Log[10]]	64.0	2.31	Log[10, 97]
1069	heptanacci constant	algebraic	64	likely exact	ℋ_hep≈1.99196419660503502109	20.4	2.63	Root[-1 - #1 - #1^2 - #1^3 - #1^4 - #1^5 - #1^6 + #1^7 & , 1]
1070	integral_{x=0..Infinity} 1/x^x dx	none	64	false positive	Hold[(-4*(-4 + 9*Pi + 11*Pi^2))/(-32 - 84*Pi + 3*Pi^2)]	14.6	2.08	
1071	Two	rational	64	not found		nan	0.54	2
1072	M_7, the 7-dimensional analog of Madelung's constant (negated)	none	64	false positive	Hold[(54*(-2 + 3*Pi))/(13*(-2 + Pi)*(4 + 3*Pi))]	15.7	2.28	
1073	Sierpiński's S~ (S "tilde" as named by S. Finch), a constant appearing in the asymptotics of the number of representatio	none	64	false positive	Hold[(18570229*Pi)/28929620]	15.6	2.30	
1074	solution to the Lane-Emden equation for a sphere of polytropic index n = 3	none	32	false positive	Hold[(5053393*Pi)/7866128]	15.2	2.23	
1075	least x > 0 satisfying x + tan(x) = 0	none	64	false positive	Hold[Pi*Root[-720 - 2031*#1 - 66*#1^2 + 7646*#1^3 & , 1, 0]]	15.8	2.15	
1076	figure-eight knot hyperbolic volume	special	64	likely exact	2 G_Gi≈2.02988321281930725004	20.9	2.44	((-2*Pi^2 + 3*PolyGamma[1, 1/3])*Sqrt[3])/9
1077	QRS associated constant	special	64	likely exact	C_QA≈2.03816937970215062171	21.5	2.30	Zeta[3/2, Root[{Zeta[1/2, #1/2] & , 0.605443657196732749478922842447`29.782073733759695}]/2]/4
1078	'beta', a constant appearing in the random links Traveling Salesman Problem	none	64	false positive	Hold[4*Pi*Cot[1530719/1288863]^2]	16.2	2.19	
1079	Lüroth analog of Lévy constant	special	64	false positive	Hold[Root[2553 + 8319*#1 - 5686*#1^2 + 494*#1^3 & , 2, 0]]	16.4	2.43	Sum[Log[\[FormalK]*(1 + \[FormalK])]/(\[FormalK]*(1 + \[FormalK])), {\[FormalK], 1, Infinity}]
1080	M_8, the 8th Madelung constant (negated)	none	64	false positive	Hold[(19698520*Pi)/30151389]	15.8	2.19	
1081	semi-meander critical exponent	algebraic	64	false positive	Hold[(64184545*Pi)/98208562]	15.9	2.35	1 + (Sqrt[11]*(Sqrt[5] + Sqrt[29]))/24
1082	one div ln phi	elementary	64	false positive	Hold[Pi*Root[518 - 2630*#1 - 3015*#1^2 + 8779*#1^3 & , 3, 0]]	16.2	2.33	1/Log[GoldenRatio]
1083	ln(8)	elementary	64	exact	Hold[Log[8]]	63.6	2.07	Log[8]
1084	two thirds pi	elementary	64	exact	Hold[(2*Pi)/3]	64.0	2.11	2*Pi/3
1085	Wallis's constant	algebraic	64	exact	Hold[Root[-5 - 2*#1 + #1^3 & , 1, 0]]	64.0	1.80	(135/2 - (3*Sqrt[1929])/2)^(1/3)/3 + ((45 + Sqrt[1929])/2)^(1/3)/3^(2/3)
1086	Brown-Wang constant	special	64	false positive	Hold[(9*Pi*Cot[351130/371593]^2)/7]	15.2	2.05	With[{\[FormalLambda] = Root[{(1 + #1)*Pi - Tan[#1*Pi] & , 0.43029665312420275777`20.}]}, Root[{(1 + \[FormalLambda])*Pi*((#1 - 1)*PolyGamma[1 + (#1 - 1)/2] - 2*#1*PolyGamma[1 + #1/2] + (#1 + 1)*PolyGamma[1 + (#1 + 1)/2]) - 2*Sin[\[FormalLambda]*Pi] & , 2.11023396612157219646682815666`30.}]]
1087	'sigma', a constant associated with the expected number of random elements to generate a finite abelian group	none	64	false positive	Hold[(163548093*Pi)/242535767]	17.0	2.25	
1088	'a', an auxiliary constant associated with the asymptotic probability of success in the secretary problem when the numbe	none	64	false positive	Hold[Pi*Root[-244 + 612*#1 - 2504*#1^2 + 3161*#1^3 & , 1, 0]]	16.4	2.16	
1089	Jacobi theta function theta_2(0, 1/2) where theta_2 is the 2nd Jacobi theta function	special	64	false positive	Hold[((9 + Sqrt[47531])*Pi)/335]	15.6	2.47	EllipticTheta[2,0,1/2]
1090	Jacobi theta function theta_3(0, 1/2) where theta_3 is the 3rd Jacobi theta function	special	64	false positive	Hold[(37631137*Pi)/55530865]	15.7	2.26	EllipticTheta[3,0,1/2]
1091	pi^(2/3)	elementary	64	exact	Hold[Pi^(2/3)]	63.7	2.32	Pi^(2/3)
1092	10^(1/3)	algebraic	64	exact	Hold[10^(1/3)]	63.8	1.88	10^(1/3)
1094	Erdős-Szekeres constant	special	64	false positive	Hold[(64614691*Pi)/93405101]	16.2	2.07	Zeta[3/2]/Zeta[3]
1095	K = exp(8*G/(3*Pi)), a Kneser-Mahler constant related to an asymptotic inequality involving Bombieri's supremum norm, wh	special	64	likely exact	(D_d)^(4/3)≈2.176016135292370426235	22.1	1.98	Exp[8*Catalan/(3*Pi)]
1096	normalized asymptotic mean of omega(m) when m is one of the values <= n taken by Euler's phi totient function	none	64	false positive	Hold[((11 + 242*E + 94*Pi + 388*Log[2])/118)^(1/3)]	16.0	2.29	
1097	a constant related to series-reduced trees	none	64	false positive	Hold[(35*E^Pi - 306*Pi - 148*ArcTan[Pi] - 730*Log[Pi] + 740*Log[2*Pi])/85]	16.2	2.36	
1098	'theta', the expected degree (valency) of the root of a random rooted tree with n vertices	none	64	false positive	Hold[Log[3543169/543]/Log[55]]	16.3	2.32	
1099	e^(pi/4)	elementary	64	exact	Hold[E^(Pi/4)]	63.8	1.96	E^(Pi/4)
1100	ln(9)	elementary	64	exact	Hold[Log[9]]	63.9	2.32	Log[9]
1101	Lüroth analog of Khinchin constant	special	64	likely exact	e^(C_Lür)≈2.200161058099026553194	21.6	2.26	Product[\[FormalK]^(1/(\[FormalK]*(1 + \[FormalK]))), {\[FormalK], 1, Infinity}]
1102	totient constant	special	64	false positive	Hold[Root[-7618 - 3017*#1 + 2122*#1^2 + 370*#1^3 & , 3, 0]]	16.1	2.41	Sum[1/(\[FormalK]*EulerPhi[\[FormalK]]), {\[FormalK], 1, Infinity}]
1103	Pi/2 + 2/Pi	elementary	64	exact	Hold[2/Pi + Pi/2]	63.8	2.16	Pi/2 + 2/Pi
1104	pi(2)^(-1/2)	elementary	64	exact	Hold[Pi/Sqrt[2]]	63.7	2.23	Pi*2^(-1/2)
1105	y_3, the third of four non-explicit constants recursively derived from Khintchine's [Khinchin's] constant	none	64	false positive	Hold[(3*(99 + Sqrt[16555]))/307]	26.6	2.35	
1106	D(1), where D(x) is the infinite product function defined in the formula section (or in the Finch reference)	special	64	false positive	(67889 ℒ_Li)/3340≈2.235885595508982035	14.3	2.32	Glaisher^6/(2^(1/6)*Sqrt[Pi])
1107	Sqrt 5	algebraic	64	exact	Hold[Sqrt[5]]	63.7	1.93	Sqrt[5]
1108	Takeuchi-Prellberg constant	special	25	likely exact	c≈2.2394331040052607317	19.6	2.30	ConditionalExpression[Extension`TakeuchiPrellbergConstant == Limit[Subscript[\[FormalCapitalT], \[FormalN]]/(BellB[\[FormalN]]*Exp[ProductLog[\[FormalN]]^2/2]), \[FormalN] -> Infinity], Subscript[\[FormalCapitalT], 0] == 0 && Subscript[\[FormalCapitalT], 1] == 1 && Subscript[\[FormalCapitalT], 2] == 4 && Subscript[\[FormalCapitalT], 3] == 14 && Subscript[\[FormalCapitalT], \[FormalN]] == Sum[Binomial[2*\[FormalK], \[FormalK]]/(1 + \[FormalK]), {\[FormalK], 1, \[FormalN]}] + Sum[Subscript[\[FormalCapitalT], -1 - \[FormalK] + \[FormalN]]*(2*Binomial[-1 + \[FormalK] + \[FormalN], \[FormalK]] - Binomial[\[FormalK] + \[FormalN], \[FormalK]]), {\[FormalK], 0, -2 + \[FormalN]}]]
1109	Sierpiński's second constant, K2 = lim_{n->oo} ((1/n) * (Sum_{i=1..n} A004018(i^2)) - 4/Pi * log(n))	special	64	false positive	Hold[(57352444*Pi)/79904307]	17.2	2.33	4(12 Log[Gamma[3/4]]-9 Log[Pi]+72 Log[Glaisher]-5 Log[2]+3 EulerGamma-3)/(3 Pi)
1110	Integral_{0..oo} 1/Gamma(1+x) dx, a variation of the Fransén-Robinson constant	none	64	false positive	Hold[(29752891*Pi)/41239815]	15.4	2.25	
1111	Landau-Kolmogorov constant C(4,1) for derivatives in L_2(0, infinity)	none	64	false positive	Hold[(3*(25 + 8*E + 92*E^2))/(-7 - 126*E + 177*E^2)]	15.9	2.35	
1112	1/A240969	none	64	false positive	Hold[(87296900*Pi)/120375853]	16.9	2.28	
1113	first Foias constant	special	64	likely exact	C_F2≈2.29316628741186103150	20.5	2.36	Root[{-(1 + 1/#1)^#1 + #1 & , 2.29316628741186103150802829125000000000007305694139121664`29.360435548444247}]
1114	zeta(2)*zeta(3)*zeta(4)*	none	64	false positive	Hold[Pi*Root[5813 - 4950*#1 - 4160*#1^2 + 58*#1^3 & , 2, 0]]	16.5	2.16	
1115	Universal parabolic constant	elementary	64	likely exact	P_up≈2.29558714939263807403	20.7	2.40	Sqrt[2] + ArcSinh[1]
1116	product_{n>=1} (n/(n+1))^((-1)^t(n)), a probabilistic counting constant, where t(n) = A010060(n) is the Thue-Morse seque	none	64	false positive	Hold[(48310109*Pi)/65913713]	15.8	2.47	
1117	logarithm of 10	elementary	64	exact	Hold[Log[10]]	64.0	2.37	Log[10]
1118	y_1, the first of four non-explicit constants recursively derived from Khintchine's [Khinchin's] constant	none	64	false positive	Hold[(90 - 76*Pi + 191*Pi^2)/(3*(-40 + 55*Pi + 12*Pi^2))]	15.9	2.03	
1119	Klarner-Rivest polyomino constant	none	64	false positive	Hold[Sqrt[(40 + 728*E - 360*Pi - 781*Log[2])/65]]	15.5	2.06	
1120	3D lattice sum analog of Euler γ	special	64	false positive	Hold[(45141117*Pi)/61293634]	16.1	2.35	(-4*Pi)/3 + (19*Log[2])/2 - 4*Sum[((3 + 3*(-1)^\[FormalM] + (-1)^(\[FormalM] + \[FormalN]))*Csch[Pi*Sqrt[\[FormalM]^2 + \[FormalN]^2]])/Sqrt[\[FormalM]^2 + \[FormalN]^2], {\[FormalM], 1, Infinity}, {\[FormalN], 1, Infinity}]
1121	constant 1 + B3 (or 1 + B_3) related to the Mertens constant	none	64	false positive	Hold[(-5369 + 3473*Pi - 413*Pi^2)/(200*Pi)]	14.7	2.14	
1122	Ti_2(2+sqrt(3)), where Ti_2 is the inverse tangent integral function	none	64	false positive	Hold[(359 - 44*E + 237*E^2)/(3*(57 + 70*E + 5*E^2))]	17.1	2.31	
1123	three quarters pi	elementary	64	exact	Hold[(3*Pi)/4]	64.0	2.21	3*Pi/4
1124	monomer-dimer triangular constant	special	64	false positive	1/766 (921 - 406 b_2(2))≈2.356527353346295646	13.7	2.29	Exp[Integrate[Log[6 + 2*Cos[\[FormalT]] + 2*Cos[\[FormalPhi]] + 2*Cos[\[FormalT] + \[FormalPhi]]], {\[FormalT], -Pi, Pi}, {\[FormalPhi], -Pi, Pi}]/(8*Pi^2)]
1125	pi^(3/4)	elementary	64	exact	Hold[Pi^(3/4)]	63.8	2.22	Pi^(3/4)
1126	Pi^2/(6*log 2)	elementary	64	exact	Hold[Pi^2/Log[64]]	63.9	2.19	Pi^2/(6*Log[2])
1127	c = (7-sqrt(5))/2	algebraic	64	likely exact	3 - Φ≈2.38196601125010515179	20.6	1.95	4 - GoldenRatio
1128	ln(11)	elementary	64	exact	Hold[Log[11]]	64.0	2.52	Log[11]
1129	asymptotic evaluation of the constrained maximum of a certain quadratic form	none	64	false positive	Hold[Sqrt[(-369 - 112*E + 466*Pi - 369*Log[2])/93]]	16.4	2.50	
1130	Narcissus constant	special	64	false positive	Hold[(34*E^Pi - 202*Pi - 4*ArcTan[Pi] - 87*Log[Pi] + 149*Log[2*Pi])/134]	16.9	2.39	Root[{1 + #1 - #1^(-1 + #1) & , 2.39838438278161142938900277955804885011`20.5225995583442}]
1131	Golden angle	elementary	64	exact	Hold[-((-3 + Sqrt[5])*Pi)]	64.0	2.27	(2*Pi)/GoldenRatio^2
1132	2*zeta(3)	special	64	exact	Hold[2*Zeta[3]]	63.9	2.31	2*Zeta[3]
1133	first zero of the Bessel function J_0(z)	special	64	likely exact	j_(0, 1)≈2.4048255576957727686	20.0	2.24	BesselJZero[0, 1]
1134	solution to the Lane-Emden equation for a sphere of polytropic index n = 2	none	32	false positive	Hold[Root[-51 - 381*#1 + 22*#1^2 + 48*#1^3 + 5*#1^4 & , 4, 0]]	15.3	2.30	
1135	Silver ratio	algebraic	64	exact	Hold[1 + Sqrt[2]]	64.0	1.71	1 + Sqrt[2]
1136	c = 2.4149..., a random mapping statistics constant such that the asymptotic expectation of the maximum rho length (grap	none	20	false positive	Hold[(51260432*Pi)/66685713]	16.8	2.47	
1137	prod_{n>=1} (1 + 1/n^3) = cosh(sqrt(3) pi/2)/pi	elementary	64	false positive	Hold[1 + Sqrt[50934/24971]]	15.6	2.06	Cosh[Sqrt[3]*Pi/2]/Pi
1138	a constant related to the asymptotic evaluation of the Lebesgue constants L_n	none	64	false positive	Hold[Sqrt[(520 + 682*E - 541*Pi + 446*Log[2])/165]]	15.9	2.46	
1139	theta = 2.472548..., an auxiliary constant used to compute the best constant in Friedrichs' inequality in one dimension	none	64	false positive	Hold[((-97 - 10*E + 195*Pi + 15*Log[2])/33)^(1/3)]	16.3	2.28	
1140	Otter's weakly binary tree enumeration asymptotic constant xi	none	64	false positive	Hold[((-454 + 630*E - 67*Pi - 76*Log[2])/65)^(1/3)]	15.3	2.34	
1141	A1*B1, the average number of non-isomorphic semisimple rings of any order, where A1 is Product_{m>1} zeta(m) and B1 is P	none	64	false positive	Hold[Root[5990 + 2572*#1 - 2980*#1^2 + 397*#1^3 & , 2, 0]]	15.7	2.01	
1142	Feigenbaum alpha	none	64	likely exact	α_F≈2.50290787509589282228	20.8	2.26	
1143	root two pi	elementary	64	exact	Hold[Sqrt[2*Pi]]	63.9	2.11	Sqrt[2*Pi]
1144	100^(1/5)	algebraic	64	exact	Hold[10^(2/5)]	64.0	2.18	100^(1/5)
1145	a constant related to identity trees	none	64	false positive	Hold[Sqrt[(557 - 106*E - 5*Pi + 412*Log[2])/85]]	15.2	2.30	
1146	doubly infinite sum N_3 = Sum_{i,j,k = -inf..inf} (-1)^(i+j+k)/(i^2+j^2+k^2), a lattice constant analog of Madelung's co	none	64	false positive	Hold[Log[9 + 6*Sqrt[2] - (20*E)/3 + 18*E^2 - 12*Pi - (25*Pi^2)/3]]	14.8	2.37	
1147	sqrt(2)*exp(2*G/Pi), where G = A006752	special	64	likely exact	sqrt(2) D_d≈2.5337372794858419095	19.5	2.41	Sqrt[2]*Exp[2Catalan/Pi]
1148	a variant of the Komornik-Loreti constant	none	64	false positive	Hold[Log[-7*E - 7*E^2 + (-161 - 9*Sqrt[2] - 11*Pi + 38*Pi^2)/2]]	16.4	2.48	
1149	(Glaisher^12/(2*Pi*e^EulerGamma))^(Pi^2/6)	special	64	false positive	Hold[Root[5 - 50*#1 - 367*#1^2 - 25*#1^3 + 27*#1^5 & , 3, 0]]	16.2	2.17	(Glaisher^12/(2Pi E^EulerGamma))^(Pi^2/6)
1150	ln(13)	elementary	64	exact	Hold[Log[13]]	63.9	2.30	Log[13]
1151	exp(gamma)/log(2), a conjectural constant related to the asymptotic counting of Mersenne primes, where gamma is Euler's 	special	64	false positive	Hold[(10 + 1437*Pi - 1990*Pi^2 + 950*Pi*Pi!)/(785*Pi)]	16.1	2.30	Exp[EulerGamma]/Log[2]
1152	Sierpiński's constant	special	64	false positive	Hold[(70482667*Pi)/85659339]	16.9	2.56	Pi*(2*EulerGamma - Log[Pi] + 4*Log[Gamma[3/4]])
1153	Barban constant	special	64	likely exact	C_B≈2.59653629045054207363	21.0	2.34	Product[1 + (-1 + 3*Prime[\[FormalK]]^2)/(Prime[\[FormalK]]*(1 + Prime[\[FormalK]])*(-1 + Prime[\[FormalK]]^2)), {\[FormalK], 1, Infinity}]
1154	twenty-vertex entropy constant	algebraic	64	exact	Hold[(3*Sqrt[3])/2]	64.0	1.98	(3*Sqrt[3])/2
1155	golden root	algebraic	64	likely exact	Φ + 2≈2.6180339887498948482	20.8	1.75	2 + 2*Cos[(2*Pi)/5]
1156	Lemniscate constant	special	64	likely exact	L≈2.62205755429211981046	20.7	2.44	Gamma[1/4]^2/(2*Sqrt[2*Pi])
1158	positive root of the equation 13x^4 - 7x^2 - 581 = 0	algebraic	64	exact	Hold[Sqrt[(7 + Sqrt[30261])/26]]	64.0	2.07	Sqrt[1/26*(7+Sqrt[30261])]
1159	sqrt(2) + sqrt(3/2)	algebraic	64	exact	Hold[Sqrt[3/2] + Sqrt[2]]	63.8	2.03	Sqrt[2] + Sqrt[3/2]
1160	sqrt(7)	algebraic	64	exact	Hold[Sqrt[7]]	64.0	1.80	Sqrt[7]
1161	Gelfond-Schneider constant	elementary	64	likely exact	G_GS≈2.66514414269022518865	22.0	2.34	2^Sqrt[2]
1162	Gamma(1/3)	special	64	exact	Hold[Gamma[1/3]]	63.8	2.05	Gamma[1/3]
1163	coefficient 'gamma' (see formula) appearing in Otter's result concerning the asymptotics of T_n, the number of non-isomo	none	64	false positive	Hold[(68225263*Pi)/79942462]	16.2	2.42	
1164	Khinchin's constant	special	64	false positive	Hold[(93495449*Pi)/109376230]	16.1	1.96	Khinchin
1165	Landau-Kolmogorov constant C(5,1) for derivatives in L_2(0, infinity)	none	64	false positive	(80 (T_1 + 45))/(3 (T_1 + 445))≈2.702467331401970405	15.1	2.10	
1166	Euler number	elementary	64	exact	Hold[E]	64.0	2.11	E
1167	pi sqrt(3)/2	elementary	64	exact	Hold[(Sqrt[3]*Pi)/2]	64.0	2.22	Pi*Sqrt[3]/2
1168	log e^(2π)	elementary	64	false positive	Hold[(9771486*Pi)/11249839]	15.2	2.35	Log10[E^(2*Pi)]
1169	Sum_{k>=1} sigma(k)/2^k where sigma(k) is the sum of divisors of k, 1 <= d <= k	special	64	false positive	(247 P_Γ - 40)/(59 P_Γ - 10)≈2.74403388875971946	13.1	2.25	Sum[n/(2^n - 1), {n, 1, 500}]
1170	Ramanujan nested radical constant	algebraic	64	exact	Hold[(2 + Sqrt[5] + Sqrt[3*(5 - 2*Sqrt[5])])/2]	64.0	2.18	(2 + Sqrt[5] + Sqrt[15 - 6*Sqrt[5]])/2
1171	a constant related to A006196	none	64	false positive	Hold[(-8*E^Pi + 75*Pi - 51*ArcTan[Pi] + 289*Log[Pi] + 37*Log[2*Pi])/140]	16.8	2.52	
1172	C_{1/2}, a constant related to Kolmogorov's inequalities	special	64	likely exact	4 (G_Ga)^2≈2.786407859371353718368	21.8	2.47	Gamma[1/4]^2/(Pi*Gamma[3/4]^2)
1173	(1/sqrt(Pi) + e*erfc(-1))/2	special	64	false positive	Hold[(3766634*Pi)/4246499]	14.2	2.09	(1/Sqrt[Pi]+E Erfc[-1])/2
1174	'xi', an optimal stopping auxiliary constant associated with the two choice case	none	64	false positive	(30043 κ_h)/7500 - (36 e)/35≈2.79399765260155051070	16.0	2.30	
1175	2*Pi*phi(0), a constant appearing in connection with a study of zeros of the integral of xi(z), where phi(t) and xi(z) a	none	64	false positive	Hold[(26618587*Pi)/29794909]	16.4	2.20	
1176	Fransén–Robinson constant	special	64	likely exact	F_FR≈2.80777024202851936522	21.3	2.01	Integrate[Gamma[x]^(-1), {x, 0, Infinity}]
1177	Murata constant	special	64	likely exact	C_M≈2.82641999706759157554	20.6	2.19	Product[1 + (-1 + Prime[\[FormalK]])^(-2), {\[FormalK], 1, Infinity}]
1178	ln(17)	elementary	64	exact	Hold[Log[17]]	64.0	2.39	Log[17]
1179	Born's basic potential Pi_0	none	64	false positive	Hold[(-931 - 114*E + 720*E^2 + 54*E*E!)/(610*E)]	16.4	2.05	
1180	constant appearing in the variance for searching in a digital tree	none	64	false positive	Hold[792/(9035*Pi) + (1620*Pi)/1807]	15.8	2.31	
1181	Hardy-Littlewood prime triples constant	special	64	false positive	Hold[(33113285*Pi)/36395873]	16.2	2.39	(9*Product[((-3 + Prime[\[FormalK]])*Prime[\[FormalK]]^2)/(-1 + Prime[\[FormalK]])^3, {\[FormalK], 3, Infinity}])/2
1182	(diagonal)/(shortest side) of 2nd electrum rectangle	none	64	exact	Hold[Sqrt[5 + 2*Sqrt[3]]]	63.8	2.25	
1183	a second variant of the Komornik-Loreti constant	none	64	false positive	Hold[(71497888*Pi)/77187629]	16.1	2.44	
1184	ln(19)	elementary	64	exact	Hold[Log[19]]	63.9	2.20	Log[19]
1185	Otter's rooted tree constant	none	64	false positive	Hold[(Pi*Coth[312729/818527]^2)/8]	16.4	2.46	
1186	Landau-Kolmogorov constant C(4,2) for derivatives in L_2(0, infinity)	none	64	false positive	Hold[(18717419*Pi)/19734809]	15.3	2.27	
1187	B, a constant related to the Goh-Schmutz constant and the asymptotic expected order of a random permutation	none	64	likely exact	2 sqrt(2 C_GS)≈2.99047039937190479877	20.6	2.42	
1188	oloid volume constant	special	64	false positive	Hold[Sqrt[(57 + 1543*E + 61*Pi + Log[4])/53]/3]	16.4	2.37	(2*(2*EllipticE[3/4] + EllipticK[3/4]))/3
1189	Landau-Kolmogorov constant C(3,1) for derivatives in the case L_infinity(0, infinity)	algebraic	64	exact	Hold[(3*3^(2/3))/2]	64.0	1.94	(243/8)^(1/3)
1190	sqrt(480)/7	algebraic	64	exact	Hold[(4*Sqrt[30])/7]	64.0	1.73	Sqrt[480]/7
1191	ln(23)	elementary	64	exact	Hold[Log[23]]	63.8	2.54	Log[23]
1192	Ramanujan's π-approximation constant	elementary	64	false positive	Hold[Pi]	16.2	2.24	Log[262537412640768000]/Sqrt[163]
1193	Pi	elementary	64	exact	Hold[Pi]	64.0	1.86	Pi
1194	mean value over all positive integers of a function giving the least quadratic nonresidue modulo a given odd integer (th	none	64	false positive	Hold[Log[(77 - 53*Sqrt[2] - 12*E + 96*E^2 - 10*Pi - 42*Pi^2)/10]]	16.4	2.17	
1195	10^(1/2)	algebraic	64	exact	Hold[Sqrt[10]]	64.0	2.17	10^(1/2)
1196	C = log(2*Pi) + B_3 (where B_3 is A083343), one of Euler totient constants	none	64	false positive	Hold[(67730845*Pi)/67114163]	16.3	2.31	
1197	plate constant	special	64	false positive	Hold[Pi*Root[-6597 + 6960*#1 - 1777*#1^2 + 1287*#1^3 & , 1, 0]]	16.4	2.33	ConditionalExpression[Extension`PlateConstant == \[FormalX], BesselI[1, \[FormalX]]*BesselJ[0, \[FormalX]] + BesselI[0, \[FormalX]]*BesselJ[1, \[FormalX]] == 0 && 3 < \[FormalX] < 7/2]
1198	square of the constant A130834	special	64	likely exact	(D_d)^2≈3.209912300728157678629	21.6	1.94	Exp[4*Catalan/Pi]
1199	1 + sqrt(5)	algebraic	64	exact	Hold[1 + Sqrt[5]]	63.9	1.75	1 + Sqrt[5]
1200	Pálfy's constant c_3	elementary	64	exact	Hold[(5*Log[72])/Log[729]]	64.0	2.44	5/3 + Log[9, 32]
1201	rayleigh kurtosis	elementary	64	exact	Hold[(32 - 3*Pi^2)/(-4 + Pi)^2]	64.0	2.28	(32 - 3*Pi^2)/(4 - Pi)^2
1202	silver root	algebraic	64	exact	Hold[Root[-1 + 6*#1 - 5*#1^2 + #1^3 & , 3, 0]]	64.0	2.05	2 + 2*Cos[(2*Pi)/7]
1203	Lévy's constant 2	elementary	64	likely exact	K_KL≈3.27582291872181115978	20.6	2.15	E^(Pi^2/(12*Log[2]))
1204	a constant related to A000620, A000622, A000623 and A000625	none	64	false positive	Hold[(-1942 - 15*Pi + 391*Pi^2 - 70*Pi*Pi!)/(28*Pi)]	15.0	2.38	
1205	y_2, the second of four non-explicit constants recursively derived from Khintchine's [Khinchin's] constant	none	64	false positive	Hold[(3437 + 25*Sqrt[8021])/1718]	16.9	2.27	
1206	sqrt(11)	algebraic	64	exact	Hold[Sqrt[11]]	64.0	1.89	Sqrt[11]
1207	average value of the Yekutieli-Mandelbrot parameter, that is the average number of maximal subtrees of an ordered binary	special	64	false positive	Hold[Root[-6335 - 764*#1 - 1212*#1^2 + 601*#1^3 & , 1, 0]]	16.3	2.26	2*Catalan/(Pi*Log[2])+5/2
1208	Reciprocal Fibonacci constant	special	64	likely exact	ℱ≈3.35988566624317755317	21.2	2.37	(Sqrt[5]*(EllipticTheta[2, 0, GoldenRatio^(-2)]^2 + (Log[5] + 2*QPolyGamma[0, 1, GoldenRatio^(-4)] - 4*QPolyGamma[0, 1, GoldenRatio^(-2)])/(2*Log[(1 + Sqrt[5])/2])))/4
1209	van der Corput constant	special	64	likely exact	m_vdC≈3.36431757815589910606	20.6	2.33	With[{\[FormalX] = Root[{Cos[#1]*FresnelS[Sqrt[1 - (2*#1)/Pi]] + FresnelC[Sqrt[1 - (2*#1)/Pi]]*Sin[#1] & , -0.726643246813242509590219555941985563257278933469994008688`30.}]}, 2*(Cos[\[FormalX]]*FresnelC[Sqrt[1 - (2*\[FormalX])/Pi]] - FresnelS[Sqrt[1 - (2*\[FormalX])/Pi]]*Sin[\[FormalX]])*Sqrt[Pi]]
1210	ln(29)	elementary	64	exact	Hold[Log[29]]	64.0	2.42	Log[29]
1211	Magata constant	special	64	false positive	Hold[Root[-2069 - 4369*#1 + 125*#1^2 + 392*#1^3 & , 3, 0]]	16.5	2.16	ConditionalExpression[Extension`MagataConstant == Limit[Sum[Subscript[\[FormalC], \[FormalK]], {\[FormalK], 1, \[FormalN]}], \[FormalN] -> Infinity], Sum[Subscript[\[FormalC], \[FormalK]]*Product[-1 - \[FormalJ] + \[FormalM], {\[FormalJ], 0, -1 + \[FormalK]}], {\[FormalK], 0, -1 + \[FormalN]}] == Prime[\[FormalM]] && \[FormalM] <= \[FormalN]]
1212	meander critical exponent	algebraic	64	exact	Hold[(29 + Sqrt[145])/12]	64.0	1.95	(29 + Sqrt[145])/12
1213	ln(31)	elementary	64	exact	Hold[Log[31]]	63.9	2.39	Log[31]
1214	y_4, the last of four non-explicit constants recursively derived from Khintchine's [Khinchin's] constant	none	64	false positive	Hold[(3*(53 + Sqrt[16555]))/158]	25.5	2.50	
1215	1 + sqrt(6)	algebraic	64	exact	Hold[1 + Sqrt[6]]	64.0	1.62	1+Sqrt[6]
1216	best constant K for the integral inequality integral_{0..1} f(x)^2*f'(x)^2 dx <= K*integral_{0..1} f'(x)^4 dx	none	64	false positive	Hold[(77791866*Pi)/70608773]	16.4	2.07	
1217	Product_{k>=1} (1-1/2^k)^(-1)	special	64	unverifiable	-(75 (8 C_R1 - 1))/(156 C_R1 - 307)≈3.4627466194550636820	16.7	2.70	1/QPochhammer[1/2, 1/2]
1218	square root of 12	algebraic	64	exact	Hold[2*Sqrt[3]]	64.0	2.00	Sqrt[12]
1219	C, a coin tossing constant related to the asymptotic variance of the length of the longest run of consecutive heads	elementary	64	false positive	Hold[Pi*Root[1420 + 223*#1 - 700*#1^2 - 653*#1^3 + 72*#1^4 & , 1, 0]]	16.4	2.35	1/12 + Pi^2/(6*Log[2]^2)
1220	gamma = 8*lambda^2, a critical threshold of a boundary value problem, where lambda is Laplace's limit constant A033259	none	64	likely exact	8 (L_LL)^2≈3.51383071912516120620	20.7	2.34	
1221	infinite product constant	special	64	false positive	Hold[Log[(7 - 19*Sqrt[2] + 73*E + 58*E^2 + 15*Pi + 2*Pi^2)/20]]	16.3	2.42	Product[(1 + \[FormalK]^(-1))^\[FormalK]^(-1), {\[FormalK], 1, Infinity}]
1222	log 10800/π	elementary	64	false positive	Hold[Pi*Root[-4000 - 3184*#1 - 1976*#1^2 + 7073*#1^3 & , 1, 0]]	16.5	2.47	Log10[10800/Pi]
1223	accumulation point of the logistic map	none	64	false positive	Hold[(124 - 74*E - 281*E^2 + 940*E*E!)/(900*E)]	16.5	2.54	
1224	sqrt(13)	algebraic	64	exact	Hold[Sqrt[13]]	64.0	1.90	Sqrt[13]
1225	4*(8 - 4*sqrt(2) - log(2))/(2*sqrt(2) - 1)	elementary	64	false positive	Hold[(57557683*Pi)/50094180]	16.2	2.29	4(8-4Sqrt[2]-Log[2])/(2Sqrt[2]-1)
1226	ln(37)	elementary	64	exact	Hold[Log[37]]	64.0	2.27	Log[37]
1227	2 + phi, with the golden section phi from A001622	algebraic	64	likely exact	Φ + 3≈3.6180339887498948482	20.9	1.78	2 + GoldenRatio
1228	Gamma(1/4)	special	64	exact	Hold[Gamma[1/4]]	63.9	2.23	Gamma[1/4]
1229	'theta', the unique positive root of the equation polygamma(x) = log(Pi), where polygamma(x) gives gamma'(x)/gamma(x), t	none	64	likely exact	A^*_h/2≈3.62847320243028839006	20.8	2.32	
1230	(65 + 9*sqrt(3))/22	algebraic	64	exact	Hold[(65 + 9*Sqrt[3])/22]	64.0	1.93	(65+9Sqrt[3])/22
1231	Sum_{n>=1} prime(n)/(2^n)	special	64	false positive	Hold[(3*(59 + 17*E + 8*E^2))/(93 - 80*E + 35*E^2)]	15.6	2.12	Sum[Prime[i]/2^i,{i,1000}]
1232	ln(41)	elementary	64	exact	Hold[Log[41]]	64.0	2.38	Log[41]
1233	ln(43)	elementary	64	exact	Hold[Log[43]]	64.0	2.28	Log[43]
1234	ln(47)	elementary	64	exact	Hold[Log[47]]	64.0	2.17	Log[47]
1235	an optimal stopping constant related to the Secretary problem	none	64	false positive	Hold[(-3723 + Sqrt[39984337])/672]	17.0	2.48	
1236	2D lattice sum analog of Euler γ	special	64	false positive	Hold[(90474499*Pi)/72875568]	17.3	2.25	-2*Zeta[1/2]*(Zeta[1/2, 1/4] - Zeta[1/2, 3/4])
1237	-zeta'(1/2)	special	64	false positive	Hold[(169709011*Pi)/135917583]	16.3	2.41	-Derivative[1][Zeta][1/2]
1238	ln(53)	elementary	64	exact	Hold[Log[53]]	64.0	2.36	Log[53]
1239	1000^(1/5)	algebraic	64	exact	Hold[10^(3/5)]	64.0	2.00	1000^(1/5)
1241	ln(59)	elementary	64	exact	Hold[Log[59]]	64.0	2.30	Log[59]
1242	ln(61)	elementary	64	exact	Hold[Log[61]]	64.0	2.09	Log[61]
1243	sqrt(17)	algebraic	64	exact	Hold[Sqrt[17]]	64.0	1.84	Sqrt[17]
1244	sqrt(2*Pi*e)	elementary	64	exact	Hold[Sqrt[2*E*Pi]]	64.0	2.34	Sqrt[2Pi E]
1245	Hardy-Littlewood prime quadruples constant	special	64	false positive	Hold[(41676665*Pi)/31540689]	16.6	2.13	(27*Product[((-4 + Prime[\[FormalK]])*Prime[\[FormalK]]^3)/(-1 + Prime[\[FormalK]])^4, {\[FormalK], 3, Infinity}])/2
1246	four thirds pi	elementary	64	exact	Hold[(4*Pi)/3]	64.0	2.20	4*Pi/3
1247	ln(67)	elementary	64	exact	Hold[Log[67]]	64.0	2.23	Log[67]
1248	(4*sqrt(2)*Pi^2)/gamma(1/4)^2	special	64	false positive	Hold[Csch[Sinh[13968/60401]]]	13.7	2.53	(4*Sqrt[2]*Pi^2)/Gamma[1/4]^2
1249	ln(71)	elementary	64	exact	Hold[Log[71]]	64.0	2.52	Log[71]
1250	Pi*e/2	elementary	64	exact	Hold[(E*Pi)/2]	64.0	2.40	(Pi*E)/2
1251	ln(73)	elementary	64	exact	Hold[Log[73]]	64.0	2.22	Log[73]
1252	asymptotic value of the second raw moment of the maximal exponent in the prime factorizations of n (A051903)	special	64	false positive	Hold[(-11 - 14*Catalan + 150*Pi - 12*Pi^2 + 6*Pi*Log[9/8])/77]	16.3	2.11	1 + Sum[(2*j - 1)*(1 - 1/Zeta[j]), {j, 2, 400}]
1253	Korn constant	rational	64	exact	Hold[56/13]	64.0	1.77	56/13
1254	alpha, the unique solution on [2,oo) of the equation alpha*log((2*e)/alpha)=1	special	64	false positive	Hold[(64464369*Pi)/46976915]	16.2	2.20	-1/ProductLog[-1/(2*E)]
1255	sqrt(19)	algebraic	64	exact	Hold[Sqrt[19]]	64.0	1.85	Sqrt[19]
1256	ln(79)	elementary	64	exact	Hold[Log[79]]	64.0	2.16	Log[79]
1257	Hayman constant	special	64	false positive	Hold[(81847670*Pi)/58747803]	16.3	2.28	Gamma[1/4]^4/(4*Pi^2)
1258	ln(83)	elementary	64	exact	Hold[Log[83]]	64.0	2.30	Log[83]
1259	pi(2)^(1/2)	elementary	64	exact	Hold[Sqrt[2]*Pi]	64.0	2.15	Pi*2^(1/2)
1260	ln(89)	elementary	64	exact	Hold[Log[89]]	64.0	2.23	Log[89]
1261	Freiman constant	algebraic	64	likely exact	F_F≈4.52782956616087914088	21.2	2.36	(2221564096 + 283748*Sqrt[462])/491993569
1262	Van der Pauw constant	elementary	64	exact	Hold[Pi/Log[2]]	64.0	2.24	Pi/Log[2]
1263	Gasper constant	algebraic	64	false positive	Hold[(73 + 70*Sqrt[Pi] + 180*Pi + 330*Pi^(3/2) - 9*Pi^2)/(175*Pi)]	16.0	2.43	Root[-1134 - 3780*#1 - 5013*#1^2 - 3247*#1^3 - 948*#1^4 - 14*#1^5 + 55*#1^6 + 9*#1^7 & , 1]
1264	ln(97)	elementary	64	exact	Hold[Log[97]]	64.0	2.27	Log[97]
1265	2ln(10)	elementary	64	exact	Hold[Log[100]]	64.0	2.38	2*Log[10]
1266	100^(1/3)	algebraic	64	exact	Hold[10^(2/3)]	64.0	1.76	100^(1/3)
1267	Product_{p prime} (1 + 1/p^(4/3) + 1/p^(5/3))	none	64	false positive	Hold[(62288809*Pi)/41999332]	15.8	2.31	
1268	Feigenbaum delta	none	64	likely exact	δ_F≈4.6692016091029906718	19.9	2.25	
1269	3pi/2	elementary	64	exact	Hold[(3*Pi)/2]	64.0	2.22	3*Pi/2
1270	rod constant	special	64	false positive	Hold[Sqrt[-448 + 959*E - 341*Pi - 407*Log[2]]/6]	15.5	2.38	Root[{-1 + Cos[#1]*Cosh[#1] & , 4.730040744862704026`19.67486488179338}]
1271	sqrt(23)	algebraic	64	exact	Hold[Sqrt[23]]	64.0	1.86	Sqrt[23]
1272	John constant lower bound	special	64	exact	Hold[E^(Pi/2)]	64.0	1.85	I^(-I)
1273	two-arc beam detection constant	special	64	false positive	Hold[Sqrt[(60 + 939*E + 118*Pi + 152*Log[2])/133]]	16.4	2.29	ConditionalExpression[Extension`TwoArcApproximationBeamDetectionConstant == -2*\[FormalA] - \[FormalB] + 2*Pi - Cos[\[FormalB]/2] + Sec[\[FormalB]/2] + 2*Tan[\[FormalA]/2] + Sin[\[FormalB]/2]*Tan[\[FormalA]/2], \[FormalA] == 4*ArcTan[Sqrt[\[FormalC]]] && \[FormalB] == 2*ArcSin[2*Cos[\[FormalA]]] && \[FormalB] == 2*ArcSin[2*Cos[\[FormalA]]] && \[FormalC] == Root[1 + 65*\[FormalX] - 2139*\[FormalX]^2 + 20476*\[FormalX]^3 - 78054*\[FormalX]^4 + 126214*\[FormalX]^5 - 78054*\[FormalX]^6 + 20476*\[FormalX]^7 - 2139*\[FormalX]^8 + 65*\[FormalX]^9 + \[FormalX]^10, \[FormalX], 4]]
1274	second moment of the reciprocal gamma distribution	none	64	false positive	Hold[(42222415*Pi)/27426034]	16.0	2.28	
1275	unique solution > 1 of the equation x*log(x)=2(x-1)	none	64	false positive	Hold[(-863 - 16*E + 753*E^2 - 66*E*E!)/(291*E)]	16.0	2.36	
1276	xi_3 = 5*G, the volume of an ideal hyperbolic cube, where G is Gieseking's constant	none	64	likely exact	5 G_Gi≈5.07470803204826812510	20.9	2.23	
1277	'lambda', a Sobolev isoperimetric constant related to the "rod inequality", arising from the elasticity study of a rod t	none	64	false positive	Hold[Csc[Cot[32625/23686]]]	12.9	2.05	
1278	Lower limit of backward value of 5^n	none	64	false positive	Hold[-(((-2 + E)*(-19 + 89*E))/(-118 - 237*E + 99*E^2))]	15.8	2.28	
1279	hypersphere maximal volume dimension constant	special	64	likely exact	A^*_h - 2≈5.2569464048605767801	20.2	2.41	Root[{-2 + Log[Pi]*#1 - PolyGamma[0, #1/2]*#1 & , 5.25694640486057678013283838869`29.720733549361597}]
1280	2*Pi^2*log(2) - 7*zeta(3)	special	64	false positive	Hold[Csc[Cot[471590/77051]]]	13.8	2.26	2Pi^2Log[2]-7Zeta[3]
1281	log 648000/π	elementary	64	false positive	Hold[(3*E^Pi + 101*Pi + 20*ArcTan[Pi] + 86*Log[Pi] - 217*Log[2*Pi])/21]	15.4	2.33	Log10[648000/Pi]
1282	Pi*csc(Pi/5)	elementary	64	exact	Hold[Sqrt[(2*(5 + Sqrt[5]))/5]*Pi]	64.0	2.29	Pi*Csc[Pi/5]
1283	sqrt(29)	algebraic	64	exact	Hold[Sqrt[29]]	64.0	1.74	Sqrt[29]
1284	analog of Lévy's constant in case of the nearest integer continued fraction of -1/2<x<1/2	elementary	64	false positive	Hold[(62806633*Pi)/35717208]	15.8	2.34	Exp[Pi^2/(12*Log[GoldenRatio])]
1285	sqrt(31)	algebraic	64	exact	Hold[Sqrt[31]]	64.0	1.87	Sqrt[31]
1286	pi^(3/2)	elementary	64	exact	Hold[Pi^(3/2)]	64.0	2.24	Pi^(3/2)
1287	1000^(1/4)	algebraic	64	exact	Hold[10^(3/4)]	64.0	1.94	1000^(1/4)
1288	a constant related to A000151	none	64	false positive	Hold[(29697909*Pi)/16523161]	15.4	2.15	
1289	c for which b(n+1) = c^(b(n)/n) neither explodes nor converges (A278453)	none	64	false positive	Hold[Pi*Root[715 - 6580*#1 - 4376*#1^2 + 4230*#1^3 & , 3, 0]]	16.6	2.26	
1290	'lambda', a Sobolev isoperimetric constant related to the "membrane inequality", arising from the study of a vibrating m	none	64	likely exact	(j_(0, 1))^2≈5.78318596294678452117	21.0	2.27	
1291	zeta(3/4) * Product_{p prime} (1 + 1/p^(5/4) - 1/p^2 - 1/p^(9/4)) (negated)	none	64	false positive	Hold[Root[143 - 7*#1 - 63*#1^2 + 14*#1^3 - 353*#1^4 + 60*#1^5 & , 3, 0]]	15.9	2.28	
1292	sqrt(37)	algebraic	64	exact	Hold[Sqrt[37]]	64.0	1.83	Sqrt[37]
1293	Tau	elementary	64	exact	Hold[2*Pi]	64.0	1.94	2*Pi
1294	2 Pi/sin(arctan(2 Pi))	elementary	64	false positive	Hold[Log[3 + 179*Sqrt[2] + 134*E - 68*E^2 - 7*Pi + 49*Pi^2]]	16.3	2.29	2*Pi/Sin[ArcTan[2*Pi]]
1295	sqrt(41)	algebraic	64	exact	Hold[Sqrt[41]]	64.0	1.83	Sqrt[41]
1296	sqrt(43)	algebraic	64	exact	Hold[Sqrt[43]]	64.0	1.85	Sqrt[43]
1297	Froda constant	elementary	64	false positive	Hold[E^(-10 - 4/E + 13*E + 4/Pi - 20*Pi)*Pi^27*Csc[E*Pi]^16*Sec[E*Pi]^10]	16.6	2.44	2^E
1298	(real) period of the elliptic function sn(x,1/2)	special	64	false positive	Hold[58473/(5440*Pi) + (203*Pi)/192]	16.0	2.24	8*EllipticK[-1/3]/Sqrt[3]
1299	sqrt(47)	algebraic	64	exact	Hold[Sqrt[47]]	64.0	2.18	Sqrt[47]
1300	3ln(10)	elementary	64	exact	Hold[Log[1000]]	64.0	2.14	3*Log[10]
1301	John constant upper bound	special	64	false positive	Hold[(29981635*Pi)/13103972]	15.8	2.26	ConditionalExpression[Extension`JohnConstantUpperBound == Exp[\[FormalLambda]*Pi], Pi/Exp[2*\[FormalLambda]*Pi] == Sum[(\[FormalK]*Exp[-1/2*(\[FormalK]*Pi)/\[FormalLambda]])/(\[FormalK]^2 + \[FormalLambda]^2), {\[FormalK], 1, Infinity}]]
1302	hypersphere maximal surface area dimension constant	special	64	likely exact	V^*_h + 2≈7.2569464048605767801	20.3	2.10	Root[{Log[Pi] - PolyGamma[0, #1/2] & , 7.25694640486057678013283838869`29.860753915673623}]
1303	sqrt(53)	algebraic	64	exact	Hold[Sqrt[53]]	64.0	1.78	Sqrt[53]
1304	c_o, coefficient associated with the asymptotic evaluation c_o*2^(n^2/4) of the number of subspaces of the n-dimensional	none	64	false positive	Hold[(5*(-36 - 422*Pi + 236*Pi^2 + 15*Pi*Pi!))/(282*Pi)]	16.7	2.13	
1305	c_e, coefficient associated with the asymptotic evaluation c_e*2^(n^2/4) of the number of subspaces of the n-dimensional	none	64	false positive	Hold[Cosh[Sec[8380541/1121514]]]	16.4	2.33	
1306	e^2	elementary	64	exact	Hold[E^2]	64.0	2.05	E^2
1307	sqrt(59)	algebraic	64	exact	Hold[Sqrt[59]]	64.0	1.84	Sqrt[59]
1308	digital search tree θ constant	special	64	false positive	(3729 C_CR - 7000)/(2 (C_CR - 80))≈7.743131985536869928	14.5	2.25	Sum[(2^(((-1 + \[FormalK])*\[FormalK])/2)*\[FormalK]*Sum[(-1 + 2^\[FormalI])^(-1), {\[FormalI], 1, \[FormalK]}])/Product[-1 + 2^\[FormalJ], {\[FormalJ], 1, \[FormalK]}], {\[FormalK], 1, Infinity}]
1309	sqrt(61)	algebraic	64	exact	Hold[Sqrt[61]]	64.0	1.80	Sqrt[61]
1310	Sierpiński's third constant, K3 = lim_{n->oo} ((1/n) * (Sum_{i=1..n} (A004018(i))^2) - 4 * log(n))	special	64	false positive	Hold[(18570229*Pi)/7232405]	15.6	2.29	4/3 (24*Log[Gamma[3/4]] - 12*Log[Pi] + 72*Log[Glaisher] - 5*Log[2] + 6*EulerGamma - 3)
1311	sqrt(67)	algebraic	64	exact	Hold[Sqrt[67]]	64.0	1.83	Sqrt[67]
1312	sqrt(71)	algebraic	64	exact	Hold[Sqrt[71]]	64.0	1.85	Sqrt[71]
1313	sqrt(73)	algebraic	64	exact	Hold[Sqrt[73]]	64.0	1.74	Sqrt[73]
1314	polygon circumscription constant	special	64	likely exact	1/K_in≈8.7000366252081945032	20.6	2.41	Product[Sec[Pi/\[FormalK]], {\[FormalK], 3, Infinity}]
1315	sqrt(79)	algebraic	64	exact	Hold[Sqrt[79]]	64.0	1.88	Sqrt[79]
1316	sqrt(83)	algebraic	64	exact	Hold[Sqrt[83]]	64.0	1.76	Sqrt[83]
1317	4ln(10)	elementary	64	exact	Hold[Log[10000]]	64.0	2.23	4*Log[10]
1318	Varga's constant	none	64	likely exact	1/Λ≈9.289025491920818918	19.1	2.22	
1319	3pi	elementary	64	exact	Hold[3*Pi]	64.0	23.96	3*Pi
1320	sqrt(89)	algebraic	64	exact	Hold[Sqrt[89]]	64.0	1.91	Sqrt[89]
1321	Wagon's constant	none	64	false positive	Hold[Pi*Root[-156 - 421*#1 + 22*#1^2 - 70*#1^3 + 38*#1^4 & , 2, 0]]	15.8	2.57	
1322	Product_{p prime} (1 + 1/p^(5/4) + 1/p^(3/2) + 1/p^(7/4))	none	64	false positive	Hold[Root[5080 - 3401*#1 - 7941*#1^2 + 852*#1^3 & , 3, 0]]	15.9	2.27	
1323	sqrt(97)	algebraic	64	exact	Hold[Sqrt[97]]	64.0	1.75	Sqrt[97]
1324	π^2	elementary	64	exact	Hold[Pi^2]	64.0	1.96	Pi^2
1325	smallest number > 1 with the same digits in decimal and binary	none	64	likely exact	1/909 (20071 - 99000 ℒ_Li)≈10.1000011001100110011	22.0	2.51	
1326	2*zeta(3/2)^4/(3*sqrt(2*Pi)*zeta(3))	special	64	false positive	Hold[Root[55 - #1 + 84*#1^2 - 2*#1^3 - 217*#1^4 + 21*#1^5 & , 3, 0]]	14.9	2.45	2*Zeta[3/2]^4/(3*Sqrt[2*Pi]*Zeta[3])
1327	e^(Pi^2/(6*log(2)))	elementary	64	likely exact	(K_KL)^2≈10.7310157948230858039	20.7	2.13	E^(Pi^2/(6Log[2]))
1328	z_c = phi^5 (where phi is the golden ratio), a lattice statistics constant which is the exact value of the critical acti	algebraic	64	likely exact	1/Φ^5≈11.0901699437494742410	20.7	1.66	GoldenRatio^5
1329	5ln(10)	elementary	64	exact	Hold[Log[100000]]	63.4	2.12	5*Log[10]
1330	4pi	elementary	64	exact	Hold[4*Pi]	64.0	1.98	4*Pi
1331	6ln(10)	elementary	64	exact	Hold[Log[1000000]]	63.5	2.22	6*Log[10]
1332	Imaginary part of first non-trivial zero of zeta function	special	64	likely exact	Im(ρ_1)≈14.1347251417346937904	20.4	1.96	Im[ZetaZero[1]]
1333	Product_{j>=1, j!=2} zeta(j/2) (negated)	none	64	false positive	Hold[Sqrt[(1870 + 801*E + 533*Pi - 207*Log[2])/26]]	16.8	2.62	
1334	exponential reiterated constant	elementary	64	exact	Hold[E^E]	63.6	2.16	E^E
1335	5pi	elementary	64	exact	Hold[5*Pi]	64.0	1.68	5*Pi
1336	7ln(10)	elementary	64	false positive	Hold[Log[Csc[1/10000000]]]	16.0	2.23	7*Log[10]
1337	Product_{p prime} (1 + 1/p^(6/5) + 1/p^(7/5) - 1/p^2 - 1/p^(11/5) - 1/p^(12/5)) (negated)	none	64	false positive	Hold[(-705 - 301*E + 800*E^2 - 343*E*E!)/(9*E)]	16.6	1.92	
1338	8ln(10)	elementary	64	exact	Hold[Log[100000000]]	63.9	2.00	8*Log[10]
1339	6pi	elementary	64	exact	Hold[6*Pi]	63.7	1.71	6*Pi
1340	Product_{p prime} (1 + 1/p^(6/5) + 1/p^(7/5) + 1/p^(8/5) + 1/p^(9/5))	none	64	false positive	Hold[(394705773*Pi)/63767962]	16.0	2.12	
1341	e^pi - pi	elementary	64	exact	Hold[E^Pi - Pi]	63.9	2.00	E^Pi - Pi
1342	e^3	elementary	64	exact	Hold[E^3]	64.0	1.87	E^3
1343	9ln(10)	elementary	64	exact	Hold[Log[1000000000]]	64.0	2.08	9*Log[10]
1344	imaginary part of 2nd nontrivial zero of Riemann zeta function	none	64	false positive	Hold[Tan[Cot[83425196/28428939]]]	16.3	2.23	
1345	7pi	elementary	64	exact	Hold[7*Pi]	63.8	1.82	7*Pi
1346	pi pow e	elementary	64	exact	Hold[Pi^E]	63.7	1.88	Pi^E
1347	Gelfond's constant	elementary	64	exact	Hold[E^Pi]	64.0	2.01	E^Pi
1348	imaginary part of 3rd nontrivial zero of Riemann zeta function	none	64	false positive	Hold[(70458615*Pi)/8850247]	15.8	2.01	
1349	8pi	elementary	64	exact	Hold[8*Pi]	64.0	1.72	8*Pi
1350	9pi	elementary	64	exact	Hold[9*Pi]	64.0	2.06	9*Pi
1351	pi cubed	elementary	64	exact	Hold[Pi^3]	63.9	2.30	Pi^3
1352	π^π	elementary	64	false positive	Hold[(11*Pi*ArcCos[-17365/37348]^2)/4]	13.7	2.40	Pi^Pi
1353	e^4	elementary	64	exact	Hold[E^4]	64.0	1.73	E^4
1354	radian	elementary	64	exact	Hold[180/Pi]	64.0	1.91	180/Pi
1355	pi^4	elementary	64	exact	Hold[Pi^4]	64.0	1.65	Pi^4
1356	Product_{j>=1, j!=3} zeta(j/3)	none	64	false positive	Hold[(104627597*Pi)/2769319]	15.4	2.43	
1357	Golden angle degrees	algebraic	64	likely exact	360 Φ^2≈137.5077640500378546463	21.5	1.68	180*(3 - Sqrt[5])
1358	e^5	elementary	64	exact	Hold[E^5]	64.0	1.53	E^5
1359	pi^5	elementary	64	exact	Hold[Pi^5]	64.0	1.76	Pi^5
1360	e^6	elementary	64	exact	Hold[E^6]	64.0	1.63	E^6
1361	e^(2pi)	elementary	64	exact	Hold[E^(2*Pi)]	64.0	1.98	E^(2*Pi)
1362	Jenny constant	elementary	64	likely exact	J≈867.530901981685409755	21.0	1.75	(-9 + 7^(-E^(-1) + E))*Pi^2
1363	pi^6	elementary	64	exact	Hold[Pi^6]	64.0	2.63	Pi^6
1364	e^7	elementary	64	false positive	Hold[6 - 1585/Pi + 323/Sqrt[Pi] + 331*Sqrt[Pi] + 263*Pi]	16.0	2.48	E^7
1365	e^8	elementary	64	exact	Hold[E^8]	63.9	1.61	E^8
1366	pi^7	elementary	64	false positive	Hold[804 - 151/Pi - 88/Sqrt[Pi] + 671*Sqrt[Pi] + 358*Pi]	16.1	2.06	Pi^7
1367	10800/π	elementary	64	exact	Hold[10800/Pi]	64.0	1.79	10800/Pi
1368	e^9	elementary	64	exact	Hold[E^9]	64.0	2.61	E^9
1369	Gram point crossover constant	special	64	likely exact	G_GCP≈9146.698193171459265	19.0	2.71	Root[{-RiemannSiegelTheta[#1] + Pi*#1 & , 9146.69819317145926586619766347`29.961264349227967}]
1370	pi^8	elementary	64	exact	Hold[Pi^8]	64.0	2.45	Pi^8
1371	e^(3pi)	elementary	64	exact	Hold[E^(3*Pi)]	63.6	2.37	E^(3*Pi)
1372	e^10	elementary	64	exact	Hold[E^10]	63.7	2.84	E^10
1373	pi^9	elementary	64	exact	Hold[Pi^9]	64.0	2.39	Pi^9
1374	pi^10	elementary	64	exact	Hold[Pi^10]	64.0	2.18	Pi^10
1375	648000/π	elementary	64	exact	Hold[648000/Pi]	64.0	2.59	648000/Pi
1376	e^(4pi)	elementary	64	exact	Hold[E^(4*Pi)]	64.0	2.33	E^(4*Pi)
1377	e^(5pi)	elementary	64	exact	Hold[E^(5*Pi)]	64.0	2.35	E^(5*Pi)
1378	e^(6pi)	elementary	64	exact	Hold[E^(6*Pi)]	63.9	2.27	E^(6*Pi)
1379	e^(7pi)	elementary	64	not found		nan	30.22	E^(7*Pi)
1380	e^(8pi)	elementary	64	not found		nan	30.20	E^(8*Pi)
1381	e^(9pi)	elementary	64	not found		nan	30.19	E^(9*Pi)
1382	e^(10pi)	elementary	64	not found		nan	30.13	E^(10*Pi)
1383	Ramanujan's constant	elementary	64	not found		nan	0.96	E^(Sqrt[163]*Pi)
